meta_sample_id,category,n,key
C2_G1_Bot_0,Central_canal,82,Global_niche
C2_G1_Bot_0,DRG,445,Global_niche
C2_G1_Bot_0,DRG_reactive,206,Global_niche
C2_G1_Bot_0,Disease_GM I,1622,Global_niche
C2_G1_Bot_0,Disease_GM II,15,Global_niche
C2_G1_Bot_0,Disease_GM III,4,Global_niche
C2_G1_Bot_0,Dorsal_GM,1993,Global_niche
C2_G1_Bot_0,Dorsal_Rim_DAA,2,Global_niche
C2_G1_Bot_0,Dorsal_Rim_OL,483,Global_niche
C2_G1_Bot_0,GM,794,Global_niche
C2_G1_Bot_0,Lesion_Bcell,79,Global_niche
C2_G1_Bot_0,Lesion_DAA,851,Global_niche
C2_G1_Bot_0,Lesion_DAO I,0,Global_niche
C2_G1_Bot_0,Lesion_DAO II,217,Global_niche
C2_G1_Bot_0,Lesion_Foamy,740,Global_niche
C2_G1_Bot_0,Lesion_Lipid,1375,Global_niche
C2_G1_Bot_0,Lesion_Tcell,257,Global_niche
C2_G1_Bot_0,Lesion_myeloid I,8,Global_niche
C2_G1_Bot_0,Lesion_myeloid II,1833,Global_niche
C2_G1_Bot_0,Lesion_myeloid III,187,Global_niche
C2_G1_Bot_0,Meninges,1139,Global_niche
C2_G1_Bot_0,Vasculature,116,Global_niche
C2_G1_Bot_0,Ventral_GM,2218,Global_niche
C2_G1_Bot_0,Ventral_Rim_OL,32,Global_niche
C2_G1_Bot_0,WM,917,Global_niche
C2_G1_Bot_0,WM_MOL2,567,Global_niche
C2_G1_Bot_0,WM_OPC,305,Global_niche
C2_G1_Bot_1,Central_canal,107,Global_niche
C2_G1_Bot_1,DRG,337,Global_niche
C2_G1_Bot_1,DRG_reactive,281,Global_niche
C2_G1_Bot_1,Disease_GM I,437,Global_niche
C2_G1_Bot_1,Disease_GM II,0,Global_niche
C2_G1_Bot_1,Disease_GM III,0,Global_niche
C2_G1_Bot_1,Dorsal_GM,1370,Global_niche
C2_G1_Bot_1,Dorsal_Rim_DAA,0,Global_niche
C2_G1_Bot_1,Dorsal_Rim_OL,230,Global_niche
C2_G1_Bot_1,GM,1204,Global_niche
C2_G1_Bot_1,Lesion_Bcell,0,Global_niche
C2_G1_Bot_1,Lesion_DAA,543,Global_niche
C2_G1_Bot_1,Lesion_DAO I,0,Global_niche
C2_G1_Bot_1,Lesion_DAO II,32,Global_niche
C2_G1_Bot_1,Lesion_Foamy,10,Global_niche
C2_G1_Bot_1,Lesion_Lipid,47,Global_niche
C2_G1_Bot_1,Lesion_Tcell,62,Global_niche
C2_G1_Bot_1,Lesion_myeloid I,16,Global_niche
C2_G1_Bot_1,Lesion_myeloid II,384,Global_niche
C2_G1_Bot_1,Lesion_myeloid III,164,Global_niche
C2_G1_Bot_1,Meninges,1170,Global_niche
C2_G1_Bot_1,Vasculature,29,Global_niche
C2_G1_Bot_1,Ventral_GM,153,Global_niche
C2_G1_Bot_1,Ventral_Rim_OL,173,Global_niche
C2_G1_Bot_1,WM,584,Global_niche
C2_G1_Bot_1,WM_MOL2,361,Global_niche
C2_G1_Bot_1,WM_OPC,92,Global_niche
C2_G1_Bot_2,Central_canal,117,Global_niche
C2_G1_Bot_2,DRG,238,Global_niche
C2_G1_Bot_2,DRG_reactive,243,Global_niche
C2_G1_Bot_2,Disease_GM I,569,Global_niche
C2_G1_Bot_2,Disease_GM II,12,Global_niche
C2_G1_Bot_2,Disease_GM III,1,Global_niche
C2_G1_Bot_2,Dorsal_GM,1290,Global_niche
C2_G1_Bot_2,Dorsal_Rim_DAA,0,Global_niche
C2_G1_Bot_2,Dorsal_Rim_OL,277,Global_niche
C2_G1_Bot_2,GM,745,Global_niche
C2_G1_Bot_2,Lesion_Bcell,36,Global_niche
C2_G1_Bot_2,Lesion_DAA,447,Global_niche
C2_G1_Bot_2,Lesion_DAO I,3,Global_niche
C2_G1_Bot_2,Lesion_DAO II,124,Global_niche
C2_G1_Bot_2,Lesion_Foamy,570,Global_niche
C2_G1_Bot_2,Lesion_Lipid,962,Global_niche
C2_G1_Bot_2,Lesion_Tcell,94,Global_niche
C2_G1_Bot_2,Lesion_myeloid I,0,Global_niche
C2_G1_Bot_2,Lesion_myeloid II,591,Global_niche
C2_G1_Bot_2,Lesion_myeloid III,41,Global_niche
C2_G1_Bot_2,Meninges,1292,Global_niche
C2_G1_Bot_2,Vasculature,63,Global_niche
C2_G1_Bot_2,Ventral_GM,302,Global_niche
C2_G1_Bot_2,Ventral_Rim_OL,138,Global_niche
C2_G1_Bot_2,WM,370,Global_niche
C2_G1_Bot_2,WM_MOL2,218,Global_niche
C2_G1_Bot_2,WM_OPC,94,Global_niche
C2_G1_Mid_0,Central_canal,107,Global_niche
C2_G1_Mid_0,DRG,385,Global_niche
C2_G1_Mid_0,DRG_reactive,291,Global_niche
C2_G1_Mid_0,Disease_GM I,106,Global_niche
C2_G1_Mid_0,Disease_GM II,0,Global_niche
C2_G1_Mid_0,Disease_GM III,0,Global_niche
C2_G1_Mid_0,Dorsal_GM,1517,Global_niche
C2_G1_Mid_0,Dorsal_Rim_DAA,8,Global_niche
C2_G1_Mid_0,Dorsal_Rim_OL,217,Global_niche
C2_G1_Mid_0,GM,2380,Global_niche
C2_G1_Mid_0,Lesion_Bcell,0,Global_niche
C2_G1_Mid_0,Lesion_DAA,113,Global_niche
C2_G1_Mid_0,Lesion_DAO I,93,Global_niche
C2_G1_Mid_0,Lesion_DAO II,0,Global_niche
C2_G1_Mid_0,Lesion_Foamy,0,Global_niche
C2_G1_Mid_0,Lesion_Lipid,0,Global_niche
C2_G1_Mid_0,Lesion_Tcell,2,Global_niche
C2_G1_Mid_0,Lesion_myeloid I,648,Global_niche
C2_G1_Mid_0,Lesion_myeloid II,76,Global_niche
C2_G1_Mid_0,Lesion_myeloid III,0,Global_niche
C2_G1_Mid_0,Meninges,1048,Global_niche
C2_G1_Mid_0,Vasculature,110,Global_niche
C2_G1_Mid_0,Ventral_GM,221,Global_niche
C2_G1_Mid_0,Ventral_Rim_OL,248,Global_niche
C2_G1_Mid_0,WM,810,Global_niche
C2_G1_Mid_0,WM_MOL2,154,Global_niche
C2_G1_Mid_0,WM_OPC,55,Global_niche
C2_G1_Mid_1,Central_canal,87,Global_niche
C2_G1_Mid_1,DRG,69,Global_niche
C2_G1_Mid_1,DRG_reactive,167,Global_niche
C2_G1_Mid_1,Disease_GM I,383,Global_niche
C2_G1_Mid_1,Disease_GM II,0,Global_niche
C2_G1_Mid_1,Disease_GM III,1,Global_niche
C2_G1_Mid_1,Dorsal_GM,1140,Global_niche
C2_G1_Mid_1,Dorsal_Rim_DAA,0,Global_niche
C2_G1_Mid_1,Dorsal_Rim_OL,167,Global_niche
C2_G1_Mid_1,GM,834,Global_niche
C2_G1_Mid_1,Lesion_Bcell,1,Global_niche
C2_G1_Mid_1,Lesion_DAA,440,Global_niche
C2_G1_Mid_1,Lesion_DAO I,44,Global_niche
C2_G1_Mid_1,Lesion_DAO II,98,Global_niche
C2_G1_Mid_1,Lesion_Foamy,457,Global_niche
C2_G1_Mid_1,Lesion_Lipid,178,Global_niche
C2_G1_Mid_1,Lesion_Tcell,59,Global_niche
C2_G1_Mid_1,Lesion_myeloid I,14,Global_niche
C2_G1_Mid_1,Lesion_myeloid II,460,Global_niche
C2_G1_Mid_1,Lesion_myeloid III,282,Global_niche
C2_G1_Mid_1,Meninges,811,Global_niche
C2_G1_Mid_1,Vasculature,88,Global_niche
C2_G1_Mid_1,Ventral_GM,313,Global_niche
C2_G1_Mid_1,Ventral_Rim_OL,40,Global_niche
C2_G1_Mid_1,WM,537,Global_niche
C2_G1_Mid_1,WM_MOL2,294,Global_niche
C2_G1_Mid_1,WM_OPC,110,Global_niche
C2_G1_Mid_2,Central_canal,77,Global_niche
C2_G1_Mid_2,DRG,0,Global_niche
C2_G1_Mid_2,DRG_reactive,296,Global_niche
C2_G1_Mid_2,Disease_GM I,21,Global_niche
C2_G1_Mid_2,Disease_GM II,2527,Global_niche
C2_G1_Mid_2,Disease_GM III,482,Global_niche
C2_G1_Mid_2,Dorsal_GM,145,Global_niche
C2_G1_Mid_2,Dorsal_Rim_DAA,446,Global_niche
C2_G1_Mid_2,Dorsal_Rim_OL,0,Global_niche
C2_G1_Mid_2,GM,0,Global_niche
C2_G1_Mid_2,Lesion_Bcell,0,Global_niche
C2_G1_Mid_2,Lesion_DAA,0,Global_niche
C2_G1_Mid_2,Lesion_DAO I,1086,Global_niche
C2_G1_Mid_2,Lesion_DAO II,0,Global_niche
C2_G1_Mid_2,Lesion_Foamy,0,Global_niche
C2_G1_Mid_2,Lesion_Lipid,0,Global_niche
C2_G1_Mid_2,Lesion_Tcell,1,Global_niche
C2_G1_Mid_2,Lesion_myeloid I,4985,Global_niche
C2_G1_Mid_2,Lesion_myeloid II,0,Global_niche
C2_G1_Mid_2,Lesion_myeloid III,39,Global_niche
C2_G1_Mid_2,Meninges,919,Global_niche
C2_G1_Mid_2,Vasculature,2,Global_niche
C2_G1_Mid_2,Ventral_GM,1,Global_niche
C2_G1_Mid_2,Ventral_Rim_OL,0,Global_niche
C2_G1_Mid_2,WM,0,Global_niche
C2_G1_Mid_2,WM_MOL2,0,Global_niche
C2_G1_Mid_2,WM_OPC,0,Global_niche
C2_G1_Top_0,Central_canal,119,Global_niche
C2_G1_Top_0,DRG,559,Global_niche
C2_G1_Top_0,DRG_reactive,128,Global_niche
C2_G1_Top_0,Disease_GM I,572,Global_niche
C2_G1_Top_0,Disease_GM II,11,Global_niche
C2_G1_Top_0,Disease_GM III,0,Global_niche
C2_G1_Top_0,Dorsal_GM,1501,Global_niche
C2_G1_Top_0,Dorsal_Rim_DAA,3,Global_niche
C2_G1_Top_0,Dorsal_Rim_OL,321,Global_niche
C2_G1_Top_0,GM,950,Global_niche
C2_G1_Top_0,Lesion_Bcell,96,Global_niche
C2_G1_Top_0,Lesion_DAA,360,Global_niche
C2_G1_Top_0,Lesion_DAO I,342,Global_niche
C2_G1_Top_0,Lesion_DAO II,92,Global_niche
C2_G1_Top_0,Lesion_Foamy,97,Global_niche
C2_G1_Top_0,Lesion_Lipid,46,Global_niche
C2_G1_Top_0,Lesion_Tcell,98,Global_niche
C2_G1_Top_0,Lesion_myeloid I,407,Global_niche
C2_G1_Top_0,Lesion_myeloid II,377,Global_niche
C2_G1_Top_0,Lesion_myeloid III,234,Global_niche
C2_G1_Top_0,Meninges,2296,Global_niche
C2_G1_Top_0,Vasculature,100,Global_niche
C2_G1_Top_0,Ventral_GM,392,Global_niche
C2_G1_Top_0,Ventral_Rim_OL,21,Global_niche
C2_G1_Top_0,WM,492,Global_niche
C2_G1_Top_0,WM_MOL2,234,Global_niche
C2_G1_Top_0,WM_OPC,89,Global_niche
C2_G1_Top_1,Central_canal,84,Global_niche
C2_G1_Top_1,DRG,471,Global_niche
C2_G1_Top_1,DRG_reactive,0,Global_niche
C2_G1_Top_1,Disease_GM I,33,Global_niche
C2_G1_Top_1,Disease_GM II,0,Global_niche
C2_G1_Top_1,Disease_GM III,0,Global_niche
C2_G1_Top_1,Dorsal_GM,727,Global_niche
C2_G1_Top_1,Dorsal_Rim_DAA,1,Global_niche
C2_G1_Top_1,Dorsal_Rim_OL,59,Global_niche
C2_G1_Top_1,GM,1294,Global_niche
C2_G1_Top_1,Lesion_Bcell,0,Global_niche
C2_G1_Top_1,Lesion_DAA,0,Global_niche
C2_G1_Top_1,Lesion_DAO I,0,Global_niche
C2_G1_Top_1,Lesion_DAO II,0,Global_niche
C2_G1_Top_1,Lesion_Foamy,0,Global_niche
C2_G1_Top_1,Lesion_Lipid,0,Global_niche
C2_G1_Top_1,Lesion_Tcell,0,Global_niche
C2_G1_Top_1,Lesion_myeloid I,0,Global_niche
C2_G1_Top_1,Lesion_myeloid II,3,Global_niche
C2_G1_Top_1,Lesion_myeloid III,4,Global_niche
C2_G1_Top_1,Meninges,310,Global_niche
C2_G1_Top_1,Vasculature,214,Global_niche
C2_G1_Top_1,Ventral_GM,179,Global_niche
C2_G1_Top_1,Ventral_Rim_OL,268,Global_niche
C2_G1_Top_1,WM,990,Global_niche
C2_G1_Top_1,WM_MOL2,0,Global_niche
C2_G1_Top_1,WM_OPC,2,Global_niche
C2_G1_Top_2,Central_canal,112,Global_niche
C2_G1_Top_2,DRG,378,Global_niche
C2_G1_Top_2,DRG_reactive,99,Global_niche
C2_G1_Top_2,Disease_GM I,370,Global_niche
C2_G1_Top_2,Disease_GM II,0,Global_niche
C2_G1_Top_2,Disease_GM III,0,Global_niche
C2_G1_Top_2,Dorsal_GM,1190,Global_niche
C2_G1_Top_2,Dorsal_Rim_DAA,0,Global_niche
C2_G1_Top_2,Dorsal_Rim_OL,148,Global_niche
C2_G1_Top_2,GM,813,Global_niche
C2_G1_Top_2,Lesion_Bcell,1,Global_niche
C2_G1_Top_2,Lesion_DAA,341,Global_niche
C2_G1_Top_2,Lesion_DAO I,2,Global_niche
C2_G1_Top_2,Lesion_DAO II,3,Global_niche
C2_G1_Top_2,Lesion_Foamy,42,Global_niche
C2_G1_Top_2,Lesion_Lipid,968,Global_niche
C2_G1_Top_2,Lesion_Tcell,42,Global_niche
C2_G1_Top_2,Lesion_myeloid I,0,Global_niche
C2_G1_Top_2,Lesion_myeloid II,373,Global_niche
C2_G1_Top_2,Lesion_myeloid III,14,Global_niche
C2_G1_Top_2,Meninges,1273,Global_niche
C2_G1_Top_2,Vasculature,424,Global_niche
C2_G1_Top_2,Ventral_GM,167,Global_niche
C2_G1_Top_2,Ventral_Rim_OL,117,Global_niche
C2_G1_Top_2,WM,367,Global_niche
C2_G1_Top_2,WM_MOL2,263,Global_niche
C2_G1_Top_2,WM_OPC,70,Global_niche
C2_G2_Bot_0,Central_canal,106,Global_niche
C2_G2_Bot_0,DRG,245,Global_niche
C2_G2_Bot_0,DRG_reactive,96,Global_niche
C2_G2_Bot_0,Disease_GM I,1592,Global_niche
C2_G2_Bot_0,Disease_GM II,2003,Global_niche
C2_G2_Bot_0,Disease_GM III,211,Global_niche
C2_G2_Bot_0,Dorsal_GM,1066,Global_niche
C2_G2_Bot_0,Dorsal_Rim_DAA,191,Global_niche
C2_G2_Bot_0,Dorsal_Rim_OL,51,Global_niche
C2_G2_Bot_0,GM,128,Global_niche
C2_G2_Bot_0,Lesion_Bcell,35,Global_niche
C2_G2_Bot_0,Lesion_DAA,41,Global_niche
C2_G2_Bot_0,Lesion_DAO I,856,Global_niche
C2_G2_Bot_0,Lesion_DAO II,115,Global_niche
C2_G2_Bot_0,Lesion_Foamy,277,Global_niche
C2_G2_Bot_0,Lesion_Lipid,0,Global_niche
C2_G2_Bot_0,Lesion_Tcell,37,Global_niche
C2_G2_Bot_0,Lesion_myeloid I,7183,Global_niche
C2_G2_Bot_0,Lesion_myeloid II,261,Global_niche
C2_G2_Bot_0,Lesion_myeloid III,619,Global_niche
C2_G2_Bot_0,Meninges,1010,Global_niche
C2_G2_Bot_0,Vasculature,36,Global_niche
C2_G2_Bot_0,Ventral_GM,125,Global_niche
C2_G2_Bot_0,Ventral_Rim_OL,0,Global_niche
C2_G2_Bot_0,WM,132,Global_niche
C2_G2_Bot_0,WM_MOL2,32,Global_niche
C2_G2_Bot_0,WM_OPC,21,Global_niche
C2_G2_Bot_2,Central_canal,88,Global_niche
C2_G2_Bot_2,DRG,0,Global_niche
C2_G2_Bot_2,DRG_reactive,0,Global_niche
C2_G2_Bot_2,Disease_GM I,109,Global_niche
C2_G2_Bot_2,Disease_GM II,0,Global_niche
C2_G2_Bot_2,Disease_GM III,0,Global_niche
C2_G2_Bot_2,Dorsal_GM,902,Global_niche
C2_G2_Bot_2,Dorsal_Rim_DAA,0,Global_niche
C2_G2_Bot_2,Dorsal_Rim_OL,170,Global_niche
C2_G2_Bot_2,GM,814,Global_niche
C2_G2_Bot_2,Lesion_Bcell,3,Global_niche
C2_G2_Bot_2,Lesion_DAA,296,Global_niche
C2_G2_Bot_2,Lesion_DAO I,0,Global_niche
C2_G2_Bot_2,Lesion_DAO II,14,Global_niche
C2_G2_Bot_2,Lesion_Foamy,2,Global_niche
C2_G2_Bot_2,Lesion_Lipid,519,Global_niche
C2_G2_Bot_2,Lesion_Tcell,41,Global_niche
C2_G2_Bot_2,Lesion_myeloid I,0,Global_niche
C2_G2_Bot_2,Lesion_myeloid II,459,Global_niche
C2_G2_Bot_2,Lesion_myeloid III,43,Global_niche
C2_G2_Bot_2,Meninges,1051,Global_niche
C2_G2_Bot_2,Vasculature,127,Global_niche
C2_G2_Bot_2,Ventral_GM,147,Global_niche
C2_G2_Bot_2,Ventral_Rim_OL,159,Global_niche
C2_G2_Bot_2,WM,322,Global_niche
C2_G2_Bot_2,WM_MOL2,266,Global_niche
C2_G2_Bot_2,WM_OPC,99,Global_niche
C2_G2_Mid_0,Central_canal,90,Global_niche
C2_G2_Mid_0,DRG,438,Global_niche
C2_G2_Mid_0,DRG_reactive,48,Global_niche
C2_G2_Mid_0,Disease_GM I,107,Global_niche
C2_G2_Mid_0,Disease_GM II,0,Global_niche
C2_G2_Mid_0,Disease_GM III,0,Global_niche
C2_G2_Mid_0,Dorsal_GM,1168,Global_niche
C2_G2_Mid_0,Dorsal_Rim_DAA,0,Global_niche
C2_G2_Mid_0,Dorsal_Rim_OL,137,Global_niche
C2_G2_Mid_0,GM,1018,Global_niche
C2_G2_Mid_0,Lesion_Bcell,0,Global_niche
C2_G2_Mid_0,Lesion_DAA,270,Global_niche
C2_G2_Mid_0,Lesion_DAO I,6,Global_niche
C2_G2_Mid_0,Lesion_DAO II,2,Global_niche
C2_G2_Mid_0,Lesion_Foamy,15,Global_niche
C2_G2_Mid_0,Lesion_Lipid,158,Global_niche
C2_G2_Mid_0,Lesion_Tcell,22,Global_niche
C2_G2_Mid_0,Lesion_myeloid I,7,Global_niche
C2_G2_Mid_0,Lesion_myeloid II,295,Global_niche
C2_G2_Mid_0,Lesion_myeloid III,2,Global_niche
C2_G2_Mid_0,Meninges,1107,Global_niche
C2_G2_Mid_0,Vasculature,91,Global_niche
C2_G2_Mid_0,Ventral_GM,100,Global_niche
C2_G2_Mid_0,Ventral_Rim_OL,244,Global_niche
C2_G2_Mid_0,WM,590,Global_niche
C2_G2_Mid_0,WM_MOL2,245,Global_niche
C2_G2_Mid_0,WM_OPC,68,Global_niche
C2_G2_Mid_1,Central_canal,62,Global_niche
C2_G2_Mid_1,DRG,8,Global_niche
C2_G2_Mid_1,DRG_reactive,49,Global_niche
C2_G2_Mid_1,Disease_GM I,363,Global_niche
C2_G2_Mid_1,Disease_GM II,0,Global_niche
C2_G2_Mid_1,Disease_GM III,2,Global_niche
C2_G2_Mid_1,Dorsal_GM,1045,Global_niche
C2_G2_Mid_1,Dorsal_Rim_DAA,2,Global_niche
C2_G2_Mid_1,Dorsal_Rim_OL,201,Global_niche
C2_G2_Mid_1,GM,974,Global_niche
C2_G2_Mid_1,Lesion_Bcell,15,Global_niche
C2_G2_Mid_1,Lesion_DAA,591,Global_niche
C2_G2_Mid_1,Lesion_DAO I,0,Global_niche
C2_G2_Mid_1,Lesion_DAO II,63,Global_niche
C2_G2_Mid_1,Lesion_Foamy,131,Global_niche
C2_G2_Mid_1,Lesion_Lipid,613,Global_niche
C2_G2_Mid_1,Lesion_Tcell,108,Global_niche
C2_G2_Mid_1,Lesion_myeloid I,0,Global_niche
C2_G2_Mid_1,Lesion_myeloid II,790,Global_niche
C2_G2_Mid_1,Lesion_myeloid III,10,Global_niche
C2_G2_Mid_1,Meninges,656,Global_niche
C2_G2_Mid_1,Vasculature,105,Global_niche
C2_G2_Mid_1,Ventral_GM,328,Global_niche
C2_G2_Mid_1,Ventral_Rim_OL,93,Global_niche
C2_G2_Mid_1,WM,535,Global_niche
C2_G2_Mid_1,WM_MOL2,448,Global_niche
C2_G2_Mid_1,WM_OPC,165,Global_niche
C2_G2_Mid_2,Central_canal,122,Global_niche
C2_G2_Mid_2,DRG,222,Global_niche
C2_G2_Mid_2,DRG_reactive,0,Global_niche
C2_G2_Mid_2,Disease_GM I,62,Global_niche
C2_G2_Mid_2,Disease_GM II,0,Global_niche
C2_G2_Mid_2,Disease_GM III,0,Global_niche
C2_G2_Mid_2,Dorsal_GM,304,Global_niche
C2_G2_Mid_2,Dorsal_Rim_DAA,1,Global_niche
C2_G2_Mid_2,Dorsal_Rim_OL,140,Global_niche
C2_G2_Mid_2,GM,2192,Global_niche
C2_G2_Mid_2,Lesion_Bcell,0,Global_niche
C2_G2_Mid_2,Lesion_DAA,0,Global_niche
C2_G2_Mid_2,Lesion_DAO I,0,Global_niche
C2_G2_Mid_2,Lesion_DAO II,0,Global_niche
C2_G2_Mid_2,Lesion_Foamy,0,Global_niche
C2_G2_Mid_2,Lesion_Lipid,0,Global_niche
C2_G2_Mid_2,Lesion_Tcell,0,Global_niche
C2_G2_Mid_2,Lesion_myeloid I,0,Global_niche
C2_G2_Mid_2,Lesion_myeloid II,2,Global_niche
C2_G2_Mid_2,Lesion_myeloid III,0,Global_niche
C2_G2_Mid_2,Meninges,532,Global_niche
C2_G2_Mid_2,Vasculature,263,Global_niche
C2_G2_Mid_2,Ventral_GM,151,Global_niche
C2_G2_Mid_2,Ventral_Rim_OL,530,Global_niche
C2_G2_Mid_2,WM,1482,Global_niche
C2_G2_Mid_2,WM_MOL2,0,Global_niche
C2_G2_Mid_2,WM_OPC,6,Global_niche
C2_G2_Top_1,Central_canal,91,Global_niche
C2_G2_Top_1,DRG,765,Global_niche
C2_G2_Top_1,DRG_reactive,265,Global_niche
C2_G2_Top_1,Disease_GM I,1008,Global_niche
C2_G2_Top_1,Disease_GM II,33,Global_niche
C2_G2_Top_1,Disease_GM III,5,Global_niche
C2_G2_Top_1,Dorsal_GM,1322,Global_niche
C2_G2_Top_1,Dorsal_Rim_DAA,43,Global_niche
C2_G2_Top_1,Dorsal_Rim_OL,248,Global_niche
C2_G2_Top_1,GM,676,Global_niche
C2_G2_Top_1,Lesion_Bcell,11,Global_niche
C2_G2_Top_1,Lesion_DAA,296,Global_niche
C2_G2_Top_1,Lesion_DAO I,45,Global_niche
C2_G2_Top_1,Lesion_DAO II,344,Global_niche
C2_G2_Top_1,Lesion_Foamy,1054,Global_niche
C2_G2_Top_1,Lesion_Lipid,110,Global_niche
C2_G2_Top_1,Lesion_Tcell,239,Global_niche
C2_G2_Top_1,Lesion_myeloid I,58,Global_niche
C2_G2_Top_1,Lesion_myeloid II,1208,Global_niche
C2_G2_Top_1,Lesion_myeloid III,275,Global_niche
C2_G2_Top_1,Meninges,1676,Global_niche
C2_G2_Top_1,Vasculature,124,Global_niche
C2_G2_Top_1,Ventral_GM,475,Global_niche
C2_G2_Top_1,Ventral_Rim_OL,1,Global_niche
C2_G2_Top_1,WM,355,Global_niche
C2_G2_Top_1,WM_MOL2,215,Global_niche
C2_G2_Top_1,WM_OPC,95,Global_niche
C2_G2_Top_2,Central_canal,100,Global_niche
C2_G2_Top_2,DRG,493,Global_niche
C2_G2_Top_2,DRG_reactive,40,Global_niche
C2_G2_Top_2,Disease_GM I,144,Global_niche
C2_G2_Top_2,Disease_GM II,0,Global_niche
C2_G2_Top_2,Disease_GM III,2,Global_niche
C2_G2_Top_2,Dorsal_GM,1096,Global_niche
C2_G2_Top_2,Dorsal_Rim_DAA,0,Global_niche
C2_G2_Top_2,Dorsal_Rim_OL,199,Global_niche
C2_G2_Top_2,GM,1600,Global_niche
C2_G2_Top_2,Lesion_Bcell,1,Global_niche
C2_G2_Top_2,Lesion_DAA,390,Global_niche
C2_G2_Top_2,Lesion_DAO I,0,Global_niche
C2_G2_Top_2,Lesion_DAO II,3,Global_niche
C2_G2_Top_2,Lesion_Foamy,23,Global_niche
C2_G2_Top_2,Lesion_Lipid,9,Global_niche
C2_G2_Top_2,Lesion_Tcell,27,Global_niche
C2_G2_Top_2,Lesion_myeloid I,2,Global_niche
C2_G2_Top_2,Lesion_myeloid II,310,Global_niche
C2_G2_Top_2,Lesion_myeloid III,62,Global_niche
C2_G2_Top_2,Meninges,987,Global_niche
C2_G2_Top_2,Vasculature,115,Global_niche
C2_G2_Top_2,Ventral_GM,117,Global_niche
C2_G2_Top_2,Ventral_Rim_OL,374,Global_niche
C2_G2_Top_2,WM,770,Global_niche
C2_G2_Top_2,WM_MOL2,276,Global_niche
C2_G2_Top_2,WM_OPC,86,Global_niche
C2_G3_Bot_0,Central_canal,84,Global_niche
C2_G3_Bot_0,DRG,253,Global_niche
C2_G3_Bot_0,DRG_reactive,82,Global_niche
C2_G3_Bot_0,Disease_GM I,485,Global_niche
C2_G3_Bot_0,Disease_GM II,0,Global_niche
C2_G3_Bot_0,Disease_GM III,1,Global_niche
C2_G3_Bot_0,Dorsal_GM,1163,Global_niche
C2_G3_Bot_0,Dorsal_Rim_DAA,6,Global_niche
C2_G3_Bot_0,Dorsal_Rim_OL,197,Global_niche
C2_G3_Bot_0,GM,883,Global_niche
C2_G3_Bot_0,Lesion_Bcell,8,Global_niche
C2_G3_Bot_0,Lesion_DAA,452,Global_niche
C2_G3_Bot_0,Lesion_DAO I,35,Global_niche
C2_G3_Bot_0,Lesion_DAO II,156,Global_niche
C2_G3_Bot_0,Lesion_Foamy,326,Global_niche
C2_G3_Bot_0,Lesion_Lipid,96,Global_niche
C2_G3_Bot_0,Lesion_Tcell,85,Global_niche
C2_G3_Bot_0,Lesion_myeloid I,141,Global_niche
C2_G3_Bot_0,Lesion_myeloid II,577,Global_niche
C2_G3_Bot_0,Lesion_myeloid III,367,Global_niche
C2_G3_Bot_0,Meninges,1184,Global_niche
C2_G3_Bot_0,Vasculature,36,Global_niche
C2_G3_Bot_0,Ventral_GM,246,Global_niche
C2_G3_Bot_0,Ventral_Rim_OL,67,Global_niche
C2_G3_Bot_0,WM,379,Global_niche
C2_G3_Bot_0,WM_MOL2,264,Global_niche
C2_G3_Bot_0,WM_OPC,103,Global_niche
C2_G3_Bot_2,Central_canal,109,Global_niche
C2_G3_Bot_2,DRG,748,Global_niche
C2_G3_Bot_2,DRG_reactive,230,Global_niche
C2_G3_Bot_2,Disease_GM I,552,Global_niche
C2_G3_Bot_2,Disease_GM II,0,Global_niche
C2_G3_Bot_2,Disease_GM III,0,Global_niche
C2_G3_Bot_2,Dorsal_GM,1226,Global_niche
C2_G3_Bot_2,Dorsal_Rim_DAA,1,Global_niche
C2_G3_Bot_2,Dorsal_Rim_OL,215,Global_niche
C2_G3_Bot_2,GM,1214,Global_niche
C2_G3_Bot_2,Lesion_Bcell,0,Global_niche
C2_G3_Bot_2,Lesion_DAA,1230,Global_niche
C2_G3_Bot_2,Lesion_DAO I,0,Global_niche
C2_G3_Bot_2,Lesion_DAO II,22,Global_niche
C2_G3_Bot_2,Lesion_Foamy,38,Global_niche
C2_G3_Bot_2,Lesion_Lipid,1093,Global_niche
C2_G3_Bot_2,Lesion_Tcell,71,Global_niche
C2_G3_Bot_2,Lesion_myeloid I,0,Global_niche
C2_G3_Bot_2,Lesion_myeloid II,425,Global_niche
C2_G3_Bot_2,Lesion_myeloid III,55,Global_niche
C2_G3_Bot_2,Meninges,1542,Global_niche
C2_G3_Bot_2,Vasculature,40,Global_niche
C2_G3_Bot_2,Ventral_GM,241,Global_niche
C2_G3_Bot_2,Ventral_Rim_OL,217,Global_niche
C2_G3_Bot_2,WM,603,Global_niche
C2_G3_Bot_2,WM_MOL2,250,Global_niche
C2_G3_Bot_2,WM_OPC,56,Global_niche
C2_G3_Mid_0,Central_canal,81,Global_niche
C2_G3_Mid_0,DRG,747,Global_niche
C2_G3_Mid_0,DRG_reactive,290,Global_niche
C2_G3_Mid_0,Disease_GM I,1051,Global_niche
C2_G3_Mid_0,Disease_GM II,5,Global_niche
C2_G3_Mid_0,Disease_GM III,2,Global_niche
C2_G3_Mid_0,Dorsal_GM,1635,Global_niche
C2_G3_Mid_0,Dorsal_Rim_DAA,8,Global_niche
C2_G3_Mid_0,Dorsal_Rim_OL,352,Global_niche
C2_G3_Mid_0,GM,1492,Global_niche
C2_G3_Mid_0,Lesion_Bcell,196,Global_niche
C2_G3_Mid_0,Lesion_DAA,950,Global_niche
C2_G3_Mid_0,Lesion_DAO I,0,Global_niche
C2_G3_Mid_0,Lesion_DAO II,88,Global_niche
C2_G3_Mid_0,Lesion_Foamy,67,Global_niche
C2_G3_Mid_0,Lesion_Lipid,281,Global_niche
C2_G3_Mid_0,Lesion_Tcell,93,Global_niche
C2_G3_Mid_0,Lesion_myeloid I,13,Global_niche
C2_G3_Mid_0,Lesion_myeloid II,638,Global_niche
C2_G3_Mid_0,Lesion_myeloid III,202,Global_niche
C2_G3_Mid_0,Meninges,1161,Global_niche
C2_G3_Mid_0,Vasculature,97,Global_niche
C2_G3_Mid_0,Ventral_GM,469,Global_niche
C2_G3_Mid_0,Ventral_Rim_OL,129,Global_niche
C2_G3_Mid_0,WM,675,Global_niche
C2_G3_Mid_0,WM_MOL2,402,Global_niche
C2_G3_Mid_0,WM_OPC,130,Global_niche
C2_G3_Mid_1,Central_canal,76,Global_niche
C2_G3_Mid_1,DRG,220,Global_niche
C2_G3_Mid_1,DRG_reactive,0,Global_niche
C2_G3_Mid_1,Disease_GM I,402,Global_niche
C2_G3_Mid_1,Disease_GM II,0,Global_niche
C2_G3_Mid_1,Disease_GM III,0,Global_niche
C2_G3_Mid_1,Dorsal_GM,1074,Global_niche
C2_G3_Mid_1,Dorsal_Rim_DAA,2,Global_niche
C2_G3_Mid_1,Dorsal_Rim_OL,162,Global_niche
C2_G3_Mid_1,GM,750,Global_niche
C2_G3_Mid_1,Lesion_Bcell,0,Global_niche
C2_G3_Mid_1,Lesion_DAA,309,Global_niche
C2_G3_Mid_1,Lesion_DAO I,0,Global_niche
C2_G3_Mid_1,Lesion_DAO II,88,Global_niche
C2_G3_Mid_1,Lesion_Foamy,69,Global_niche
C2_G3_Mid_1,Lesion_Lipid,286,Global_niche
C2_G3_Mid_1,Lesion_Tcell,33,Global_niche
C2_G3_Mid_1,Lesion_myeloid I,7,Global_niche
C2_G3_Mid_1,Lesion_myeloid II,528,Global_niche
C2_G3_Mid_1,Lesion_myeloid III,34,Global_niche
C2_G3_Mid_1,Meninges,920,Global_niche
C2_G3_Mid_1,Vasculature,54,Global_niche
C2_G3_Mid_1,Ventral_GM,288,Global_niche
C2_G3_Mid_1,Ventral_Rim_OL,57,Global_niche
C2_G3_Mid_1,WM,466,Global_niche
C2_G3_Mid_1,WM_MOL2,281,Global_niche
C2_G3_Mid_1,WM_OPC,112,Global_niche
C2_G3_Mid_2,Central_canal,78,Global_niche
C2_G3_Mid_2,DRG,204,Global_niche
C2_G3_Mid_2,DRG_reactive,125,Global_niche
C2_G3_Mid_2,Disease_GM I,201,Global_niche
C2_G3_Mid_2,Disease_GM II,0,Global_niche
C2_G3_Mid_2,Disease_GM III,1,Global_niche
C2_G3_Mid_2,Dorsal_GM,1029,Global_niche
C2_G3_Mid_2,Dorsal_Rim_DAA,13,Global_niche
C2_G3_Mid_2,Dorsal_Rim_OL,161,Global_niche
C2_G3_Mid_2,GM,783,Global_niche
C2_G3_Mid_2,Lesion_Bcell,0,Global_niche
C2_G3_Mid_2,Lesion_DAA,601,Global_niche
C2_G3_Mid_2,Lesion_DAO I,21,Global_niche
C2_G3_Mid_2,Lesion_DAO II,58,Global_niche
C2_G3_Mid_2,Lesion_Foamy,70,Global_niche
C2_G3_Mid_2,Lesion_Lipid,290,Global_niche
C2_G3_Mid_2,Lesion_Tcell,68,Global_niche
C2_G3_Mid_2,Lesion_myeloid I,72,Global_niche
C2_G3_Mid_2,Lesion_myeloid II,441,Global_niche
C2_G3_Mid_2,Lesion_myeloid III,36,Global_niche
C2_G3_Mid_2,Meninges,1203,Global_niche
C2_G3_Mid_2,Vasculature,28,Global_niche
C2_G3_Mid_2,Ventral_GM,169,Global_niche
C2_G3_Mid_2,Ventral_Rim_OL,162,Global_niche
C2_G3_Mid_2,WM,336,Global_niche
C2_G3_Mid_2,WM_MOL2,326,Global_niche
C2_G3_Mid_2,WM_OPC,101,Global_niche
C2_G3_Top_0,Central_canal,145,Global_niche
C2_G3_Top_0,DRG,468,Global_niche
C2_G3_Top_0,DRG_reactive,220,Global_niche
C2_G3_Top_0,Disease_GM I,2110,Global_niche
C2_G3_Top_0,Disease_GM II,1609,Global_niche
C2_G3_Top_0,Disease_GM III,311,Global_niche
C2_G3_Top_0,Dorsal_GM,1082,Global_niche
C2_G3_Top_0,Dorsal_Rim_DAA,238,Global_niche
C2_G3_Top_0,Dorsal_Rim_OL,78,Global_niche
C2_G3_Top_0,GM,79,Global_niche
C2_G3_Top_0,Lesion_Bcell,516,Global_niche
C2_G3_Top_0,Lesion_DAA,20,Global_niche
C2_G3_Top_0,Lesion_DAO I,493,Global_niche
C2_G3_Top_0,Lesion_DAO II,174,Global_niche
C2_G3_Top_0,Lesion_Foamy,63,Global_niche
C2_G3_Top_0,Lesion_Lipid,0,Global_niche
C2_G3_Top_0,Lesion_Tcell,31,Global_niche
C2_G3_Top_0,Lesion_myeloid I,6872,Global_niche
C2_G3_Top_0,Lesion_myeloid II,340,Global_niche
C2_G3_Top_0,Lesion_myeloid III,1399,Global_niche
C2_G3_Top_0,Meninges,1278,Global_niche
C2_G3_Top_0,Vasculature,8,Global_niche
C2_G3_Top_0,Ventral_GM,159,Global_niche
C2_G3_Top_0,Ventral_Rim_OL,1,Global_niche
C2_G3_Top_0,WM,195,Global_niche
C2_G3_Top_0,WM_MOL2,16,Global_niche
C2_G3_Top_0,WM_OPC,29,Global_niche
C2_G3_Top_1,Central_canal,102,Global_niche
C2_G3_Top_1,DRG,1167,Global_niche
C2_G3_Top_1,DRG_reactive,0,Global_niche
C2_G3_Top_1,Disease_GM I,70,Global_niche
C2_G3_Top_1,Disease_GM II,0,Global_niche
C2_G3_Top_1,Disease_GM III,0,Global_niche
C2_G3_Top_1,Dorsal_GM,1591,Global_niche
C2_G3_Top_1,Dorsal_Rim_DAA,2,Global_niche
C2_G3_Top_1,Dorsal_Rim_OL,116,Global_niche
C2_G3_Top_1,GM,2703,Global_niche
C2_G3_Top_1,Lesion_Bcell,0,Global_niche
C2_G3_Top_1,Lesion_DAA,0,Global_niche
C2_G3_Top_1,Lesion_DAO I,0,Global_niche
C2_G3_Top_1,Lesion_DAO II,0,Global_niche
C2_G3_Top_1,Lesion_Foamy,0,Global_niche
C2_G3_Top_1,Lesion_Lipid,0,Global_niche
C2_G3_Top_1,Lesion_Tcell,0,Global_niche
C2_G3_Top_1,Lesion_myeloid I,1,Global_niche
C2_G3_Top_1,Lesion_myeloid II,3,Global_niche
C2_G3_Top_1,Lesion_myeloid III,0,Global_niche
C2_G3_Top_1,Meninges,1763,Global_niche
C2_G3_Top_1,Vasculature,307,Global_niche
C2_G3_Top_1,Ventral_GM,518,Global_niche
C2_G3_Top_1,Ventral_Rim_OL,451,Global_niche
C2_G3_Top_1,WM,1750,Global_niche
C2_G3_Top_1,WM_MOL2,0,Global_niche
C2_G3_Top_1,WM_OPC,9,Global_niche
C2_G3_Top_2,Central_canal,97,Global_niche
C2_G3_Top_2,DRG,990,Global_niche
C2_G3_Top_2,DRG_reactive,2,Global_niche
C2_G3_Top_2,Disease_GM I,62,Global_niche
C2_G3_Top_2,Disease_GM II,0,Global_niche
C2_G3_Top_2,Disease_GM III,0,Global_niche
C2_G3_Top_2,Dorsal_GM,1167,Global_niche
C2_G3_Top_2,Dorsal_Rim_DAA,0,Global_niche
C2_G3_Top_2,Dorsal_Rim_OL,207,Global_niche
C2_G3_Top_2,GM,2202,Global_niche
C2_G3_Top_2,Lesion_Bcell,0,Global_niche
C2_G3_Top_2,Lesion_DAA,0,Global_niche
C2_G3_Top_2,Lesion_DAO I,0,Global_niche
C2_G3_Top_2,Lesion_DAO II,0,Global_niche
C2_G3_Top_2,Lesion_Foamy,0,Global_niche
C2_G3_Top_2,Lesion_Lipid,0,Global_niche
C2_G3_Top_2,Lesion_Tcell,0,Global_niche
C2_G3_Top_2,Lesion_myeloid I,0,Global_niche
C2_G3_Top_2,Lesion_myeloid II,0,Global_niche
C2_G3_Top_2,Lesion_myeloid III,0,Global_niche
C2_G3_Top_2,Meninges,328,Global_niche
C2_G3_Top_2,Vasculature,190,Global_niche
C2_G3_Top_2,Ventral_GM,387,Global_niche
C2_G3_Top_2,Ventral_Rim_OL,484,Global_niche
C2_G3_Top_2,WM,1042,Global_niche
C2_G3_Top_2,WM_MOL2,0,Global_niche
C2_G3_Top_2,WM_OPC,8,Global_niche
G3_L1_0,Central_canal,97,Global_niche
G3_L1_0,DRG,125,Global_niche
G3_L1_0,DRG_reactive,0,Global_niche
G3_L1_0,Disease_GM I,58,Global_niche
G3_L1_0,Disease_GM II,0,Global_niche
G3_L1_0,Disease_GM III,0,Global_niche
G3_L1_0,Dorsal_GM,1347,Global_niche
G3_L1_0,Dorsal_Rim_DAA,7,Global_niche
G3_L1_0,Dorsal_Rim_OL,170,Global_niche
G3_L1_0,GM,2415,Global_niche
G3_L1_0,Lesion_Bcell,0,Global_niche
G3_L1_0,Lesion_DAA,1,Global_niche
G3_L1_0,Lesion_DAO I,2,Global_niche
G3_L1_0,Lesion_DAO II,0,Global_niche
G3_L1_0,Lesion_Foamy,0,Global_niche
G3_L1_0,Lesion_Lipid,0,Global_niche
G3_L1_0,Lesion_Tcell,0,Global_niche
G3_L1_0,Lesion_myeloid I,2,Global_niche
G3_L1_0,Lesion_myeloid II,10,Global_niche
G3_L1_0,Lesion_myeloid III,0,Global_niche
G3_L1_0,Meninges,172,Global_niche
G3_L1_0,Vasculature,281,Global_niche
G3_L1_0,Ventral_GM,451,Global_niche
G3_L1_0,Ventral_Rim_OL,511,Global_niche
G3_L1_0,WM,1630,Global_niche
G3_L1_0,WM_MOL2,2,Global_niche
G3_L1_0,WM_OPC,10,Global_niche
G3_L1_1,Central_canal,111,Global_niche
G3_L1_1,DRG,333,Global_niche
G3_L1_1,DRG_reactive,1191,Global_niche
G3_L1_1,Disease_GM I,288,Global_niche
G3_L1_1,Disease_GM II,4590,Global_niche
G3_L1_1,Disease_GM III,603,Global_niche
G3_L1_1,Dorsal_GM,400,Global_niche
G3_L1_1,Dorsal_Rim_DAA,656,Global_niche
G3_L1_1,Dorsal_Rim_OL,0,Global_niche
G3_L1_1,GM,0,Global_niche
G3_L1_1,Lesion_Bcell,0,Global_niche
G3_L1_1,Lesion_DAA,2,Global_niche
G3_L1_1,Lesion_DAO I,782,Global_niche
G3_L1_1,Lesion_DAO II,20,Global_niche
G3_L1_1,Lesion_Foamy,120,Global_niche
G3_L1_1,Lesion_Lipid,0,Global_niche
G3_L1_1,Lesion_Tcell,2,Global_niche
G3_L1_1,Lesion_myeloid I,10327,Global_niche
G3_L1_1,Lesion_myeloid II,17,Global_niche
G3_L1_1,Lesion_myeloid III,313,Global_niche
G3_L1_1,Meninges,524,Global_niche
G3_L1_1,Vasculature,22,Global_niche
G3_L1_1,Ventral_GM,1,Global_niche
G3_L1_1,Ventral_Rim_OL,0,Global_niche
G3_L1_1,WM,0,Global_niche
G3_L1_1,WM_MOL2,0,Global_niche
G3_L1_1,WM_OPC,0,Global_niche
G3_L1_2,Central_canal,77,Global_niche
G3_L1_2,DRG,881,Global_niche
G3_L1_2,DRG_reactive,997,Global_niche
G3_L1_2,Disease_GM I,1195,Global_niche
G3_L1_2,Disease_GM II,328,Global_niche
G3_L1_2,Disease_GM III,690,Global_niche
G3_L1_2,Dorsal_GM,923,Global_niche
G3_L1_2,Dorsal_Rim_DAA,586,Global_niche
G3_L1_2,Dorsal_Rim_OL,132,Global_niche
G3_L1_2,GM,1167,Global_niche
G3_L1_2,Lesion_Bcell,0,Global_niche
G3_L1_2,Lesion_DAA,75,Global_niche
G3_L1_2,Lesion_DAO I,827,Global_niche
G3_L1_2,Lesion_DAO II,0,Global_niche
G3_L1_2,Lesion_Foamy,0,Global_niche
G3_L1_2,Lesion_Lipid,0,Global_niche
G3_L1_2,Lesion_Tcell,5,Global_niche
G3_L1_2,Lesion_myeloid I,1318,Global_niche
G3_L1_2,Lesion_myeloid II,38,Global_niche
G3_L1_2,Lesion_myeloid III,0,Global_niche
G3_L1_2,Meninges,35,Global_niche
G3_L1_2,Vasculature,104,Global_niche
G3_L1_2,Ventral_GM,884,Global_niche
G3_L1_2,Ventral_Rim_OL,278,Global_niche
G3_L1_2,WM,510,Global_niche
G3_L1_2,WM_MOL2,33,Global_niche
G3_L1_2,WM_OPC,36,Global_niche
G3_L2_0,Central_canal,86,Global_niche
G3_L2_0,DRG,207,Global_niche
G3_L2_0,DRG_reactive,0,Global_niche
G3_L2_0,Disease_GM I,38,Global_niche
G3_L2_0,Disease_GM II,0,Global_niche
G3_L2_0,Disease_GM III,0,Global_niche
G3_L2_0,Dorsal_GM,959,Global_niche
G3_L2_0,Dorsal_Rim_DAA,2,Global_niche
G3_L2_0,Dorsal_Rim_OL,82,Global_niche
G3_L2_0,GM,1556,Global_niche
G3_L2_0,Lesion_Bcell,0,Global_niche
G3_L2_0,Lesion_DAA,0,Global_niche
G3_L2_0,Lesion_DAO I,0,Global_niche
G3_L2_0,Lesion_DAO II,0,Global_niche
G3_L2_0,Lesion_Foamy,0,Global_niche
G3_L2_0,Lesion_Lipid,0,Global_niche
G3_L2_0,Lesion_Tcell,0,Global_niche
G3_L2_0,Lesion_myeloid I,0,Global_niche
G3_L2_0,Lesion_myeloid II,5,Global_niche
G3_L2_0,Lesion_myeloid III,0,Global_niche
G3_L2_0,Meninges,330,Global_niche
G3_L2_0,Vasculature,81,Global_niche
G3_L2_0,Ventral_GM,219,Global_niche
G3_L2_0,Ventral_Rim_OL,280,Global_niche
G3_L2_0,WM,1163,Global_niche
G3_L2_0,WM_MOL2,4,Global_niche
G3_L2_0,WM_OPC,1,Global_niche
G3_L2_1,Central_canal,102,Global_niche
G3_L2_1,DRG,305,Global_niche
G3_L2_1,DRG_reactive,743,Global_niche
G3_L2_1,Disease_GM I,537,Global_niche
G3_L2_1,Disease_GM II,754,Global_niche
G3_L2_1,Disease_GM III,27,Global_niche
G3_L2_1,Dorsal_GM,1078,Global_niche
G3_L2_1,Dorsal_Rim_DAA,104,Global_niche
G3_L2_1,Dorsal_Rim_OL,205,Global_niche
G3_L2_1,GM,1545,Global_niche
G3_L2_1,Lesion_Bcell,0,Global_niche
G3_L2_1,Lesion_DAA,49,Global_niche
G3_L2_1,Lesion_DAO I,854,Global_niche
G3_L2_1,Lesion_DAO II,3,Global_niche
G3_L2_1,Lesion_Foamy,0,Global_niche
G3_L2_1,Lesion_Lipid,0,Global_niche
G3_L2_1,Lesion_Tcell,10,Global_niche
G3_L2_1,Lesion_myeloid I,2518,Global_niche
G3_L2_1,Lesion_myeloid II,26,Global_niche
G3_L2_1,Lesion_myeloid III,60,Global_niche
G3_L2_1,Meninges,131,Global_niche
G3_L2_1,Vasculature,103,Global_niche
G3_L2_1,Ventral_GM,346,Global_niche
G3_L2_1,Ventral_Rim_OL,93,Global_niche
G3_L2_1,WM,208,Global_niche
G3_L2_1,WM_MOL2,32,Global_niche
G3_L2_1,WM_OPC,26,Global_niche
G3_L2_2,Central_canal,139,Global_niche
G3_L2_2,DRG,50,Global_niche
G3_L2_2,DRG_reactive,167,Global_niche
G3_L2_2,Disease_GM I,1635,Global_niche
G3_L2_2,Disease_GM II,567,Global_niche
G3_L2_2,Disease_GM III,103,Global_niche
G3_L2_2,Dorsal_GM,1259,Global_niche
G3_L2_2,Dorsal_Rim_DAA,140,Global_niche
G3_L2_2,Dorsal_Rim_OL,206,Global_niche
G3_L2_2,GM,354,Global_niche
G3_L2_2,Lesion_Bcell,0,Global_niche
G3_L2_2,Lesion_DAA,119,Global_niche
G3_L2_2,Lesion_DAO I,638,Global_niche
G3_L2_2,Lesion_DAO II,373,Global_niche
G3_L2_2,Lesion_Foamy,642,Global_niche
G3_L2_2,Lesion_Lipid,1,Global_niche
G3_L2_2,Lesion_Tcell,174,Global_niche
G3_L2_2,Lesion_myeloid I,1792,Global_niche
G3_L2_2,Lesion_myeloid II,640,Global_niche
G3_L2_2,Lesion_myeloid III,1106,Global_niche
G3_L2_2,Meninges,526,Global_niche
G3_L2_2,Vasculature,63,Global_niche
G3_L2_2,Ventral_GM,707,Global_niche
G3_L2_2,Ventral_Rim_OL,0,Global_niche
G3_L2_2,WM,251,Global_niche
G3_L2_2,WM_MOL2,134,Global_niche
G3_L2_2,WM_OPC,87,Global_niche
G3_L3_0,Central_canal,71,Global_niche
G3_L3_0,DRG,140,Global_niche
G3_L3_0,DRG_reactive,0,Global_niche
G3_L3_0,Disease_GM I,47,Global_niche
G3_L3_0,Disease_GM II,0,Global_niche
G3_L3_0,Disease_GM III,0,Global_niche
G3_L3_0,Dorsal_GM,798,Global_niche
G3_L3_0,Dorsal_Rim_DAA,44,Global_niche
G3_L3_0,Dorsal_Rim_OL,85,Global_niche
G3_L3_0,GM,1965,Global_niche
G3_L3_0,Lesion_Bcell,0,Global_niche
G3_L3_0,Lesion_DAA,7,Global_niche
G3_L3_0,Lesion_DAO I,1,Global_niche
G3_L3_0,Lesion_DAO II,0,Global_niche
G3_L3_0,Lesion_Foamy,0,Global_niche
G3_L3_0,Lesion_Lipid,0,Global_niche
G3_L3_0,Lesion_Tcell,2,Global_niche
G3_L3_0,Lesion_myeloid I,38,Global_niche
G3_L3_0,Lesion_myeloid II,7,Global_niche
G3_L3_0,Lesion_myeloid III,5,Global_niche
G3_L3_0,Meninges,308,Global_niche
G3_L3_0,Vasculature,765,Global_niche
G3_L3_0,Ventral_GM,181,Global_niche
G3_L3_0,Ventral_Rim_OL,219,Global_niche
G3_L3_0,WM,953,Global_niche
G3_L3_0,WM_MOL2,1,Global_niche
G3_L3_0,WM_OPC,9,Global_niche
G3_L3_1,Central_canal,111,Global_niche
G3_L3_1,DRG,244,Global_niche
G3_L3_1,DRG_reactive,367,Global_niche
G3_L3_1,Disease_GM I,66,Global_niche
G3_L3_1,Disease_GM II,0,Global_niche
G3_L3_1,Disease_GM III,8,Global_niche
G3_L3_1,Dorsal_GM,1322,Global_niche
G3_L3_1,Dorsal_Rim_DAA,102,Global_niche
G3_L3_1,Dorsal_Rim_OL,124,Global_niche
G3_L3_1,GM,2062,Global_niche
G3_L3_1,Lesion_Bcell,0,Global_niche
G3_L3_1,Lesion_DAA,148,Global_niche
G3_L3_1,Lesion_DAO I,248,Global_niche
G3_L3_1,Lesion_DAO II,0,Global_niche
G3_L3_1,Lesion_Foamy,0,Global_niche
G3_L3_1,Lesion_Lipid,0,Global_niche
G3_L3_1,Lesion_Tcell,2,Global_niche
G3_L3_1,Lesion_myeloid I,570,Global_niche
G3_L3_1,Lesion_myeloid II,54,Global_niche
G3_L3_1,Lesion_myeloid III,0,Global_niche
G3_L3_1,Meninges,574,Global_niche
G3_L3_1,Vasculature,182,Global_niche
G3_L3_1,Ventral_GM,443,Global_niche
G3_L3_1,Ventral_Rim_OL,472,Global_niche
G3_L3_1,WM,800,Global_niche
G3_L3_1,WM_MOL2,186,Global_niche
G3_L3_1,WM_OPC,42,Global_niche
G3_L3_2,Central_canal,117,Global_niche
G3_L3_2,DRG,331,Global_niche
G3_L3_2,DRG_reactive,91,Global_niche
G3_L3_2,Disease_GM I,1654,Global_niche
G3_L3_2,Disease_GM II,233,Global_niche
G3_L3_2,Disease_GM III,16,Global_niche
G3_L3_2,Dorsal_GM,1402,Global_niche
G3_L3_2,Dorsal_Rim_DAA,42,Global_niche
G3_L3_2,Dorsal_Rim_OL,205,Global_niche
G3_L3_2,GM,628,Global_niche
G3_L3_2,Lesion_Bcell,0,Global_niche
G3_L3_2,Lesion_DAA,112,Global_niche
G3_L3_2,Lesion_DAO I,544,Global_niche
G3_L3_2,Lesion_DAO II,499,Global_niche
G3_L3_2,Lesion_Foamy,1643,Global_niche
G3_L3_2,Lesion_Lipid,1,Global_niche
G3_L3_2,Lesion_Tcell,192,Global_niche
G3_L3_2,Lesion_myeloid I,1641,Global_niche
G3_L3_2,Lesion_myeloid II,1125,Global_niche
G3_L3_2,Lesion_myeloid III,578,Global_niche
G3_L3_2,Meninges,424,Global_niche
G3_L3_2,Vasculature,143,Global_niche
G3_L3_2,Ventral_GM,1152,Global_niche
G3_L3_2,Ventral_Rim_OL,0,Global_niche
G3_L3_2,WM,337,Global_niche
G3_L3_2,WM_MOL2,119,Global_niche
G3_L3_2,WM_OPC,81,Global_niche
G4_L1_0,Central_canal,102,Global_niche
G4_L1_0,DRG,3341,Global_niche
G4_L1_0,DRG_reactive,56,Global_niche
G4_L1_0,Disease_GM I,216,Global_niche
G4_L1_0,Disease_GM II,0,Global_niche
G4_L1_0,Disease_GM III,0,Global_niche
G4_L1_0,Dorsal_GM,1108,Global_niche
G4_L1_0,Dorsal_Rim_DAA,0,Global_niche
G4_L1_0,Dorsal_Rim_OL,121,Global_niche
G4_L1_0,GM,1937,Global_niche
G4_L1_0,Lesion_Bcell,0,Global_niche
G4_L1_0,Lesion_DAA,503,Global_niche
G4_L1_0,Lesion_DAO I,2,Global_niche
G4_L1_0,Lesion_DAO II,4,Global_niche
G4_L1_0,Lesion_Foamy,5,Global_niche
G4_L1_0,Lesion_Lipid,769,Global_niche
G4_L1_0,Lesion_Tcell,46,Global_niche
G4_L1_0,Lesion_myeloid I,0,Global_niche
G4_L1_0,Lesion_myeloid II,334,Global_niche
G4_L1_0,Lesion_myeloid III,7,Global_niche
G4_L1_0,Meninges,1486,Global_niche
G4_L1_0,Vasculature,311,Global_niche
G4_L1_0,Ventral_GM,312,Global_niche
G4_L1_0,Ventral_Rim_OL,448,Global_niche
G4_L1_0,WM,689,Global_niche
G4_L1_0,WM_MOL2,274,Global_niche
G4_L1_0,WM_OPC,81,Global_niche
G4_L1_1,Central_canal,107,Global_niche
G4_L1_1,DRG,835,Global_niche
G4_L1_1,DRG_reactive,1,Global_niche
G4_L1_1,Disease_GM I,23,Global_niche
G4_L1_1,Disease_GM II,0,Global_niche
G4_L1_1,Disease_GM III,0,Global_niche
G4_L1_1,Dorsal_GM,13,Global_niche
G4_L1_1,Dorsal_Rim_DAA,1,Global_niche
G4_L1_1,Dorsal_Rim_OL,61,Global_niche
G4_L1_1,GM,1247,Global_niche
G4_L1_1,Lesion_Bcell,0,Global_niche
G4_L1_1,Lesion_DAA,0,Global_niche
G4_L1_1,Lesion_DAO I,0,Global_niche
G4_L1_1,Lesion_DAO II,0,Global_niche
G4_L1_1,Lesion_Foamy,0,Global_niche
G4_L1_1,Lesion_Lipid,0,Global_niche
G4_L1_1,Lesion_Tcell,0,Global_niche
G4_L1_1,Lesion_myeloid I,0,Global_niche
G4_L1_1,Lesion_myeloid II,4,Global_niche
G4_L1_1,Lesion_myeloid III,0,Global_niche
G4_L1_1,Meninges,538,Global_niche
G4_L1_1,Vasculature,237,Global_niche
G4_L1_1,Ventral_GM,293,Global_niche
G4_L1_1,Ventral_Rim_OL,247,Global_niche
G4_L1_1,WM,827,Global_niche
G4_L1_1,WM_MOL2,0,Global_niche
G4_L1_1,WM_OPC,1,Global_niche
G4_L1_2,Central_canal,83,Global_niche
G4_L1_2,DRG,217,Global_niche
G4_L1_2,DRG_reactive,80,Global_niche
G4_L1_2,Disease_GM I,162,Global_niche
G4_L1_2,Disease_GM II,0,Global_niche
G4_L1_2,Disease_GM III,0,Global_niche
G4_L1_2,Dorsal_GM,1123,Global_niche
G4_L1_2,Dorsal_Rim_DAA,3,Global_niche
G4_L1_2,Dorsal_Rim_OL,165,Global_niche
G4_L1_2,GM,1326,Global_niche
G4_L1_2,Lesion_Bcell,0,Global_niche
G4_L1_2,Lesion_DAA,323,Global_niche
G4_L1_2,Lesion_DAO I,0,Global_niche
G4_L1_2,Lesion_DAO II,0,Global_niche
G4_L1_2,Lesion_Foamy,5,Global_niche
G4_L1_2,Lesion_Lipid,614,Global_niche
G4_L1_2,Lesion_Tcell,18,Global_niche
G4_L1_2,Lesion_myeloid I,0,Global_niche
G4_L1_2,Lesion_myeloid II,295,Global_niche
G4_L1_2,Lesion_myeloid III,0,Global_niche
G4_L1_2,Meninges,456,Global_niche
G4_L1_2,Vasculature,62,Global_niche
G4_L1_2,Ventral_GM,254,Global_niche
G4_L1_2,Ventral_Rim_OL,252,Global_niche
G4_L1_2,WM,605,Global_niche
G4_L1_2,WM_MOL2,259,Global_niche
G4_L1_2,WM_OPC,82,Global_niche
G4_L2_0,Central_canal,107,Global_niche
G4_L2_0,DRG,502,Global_niche
G4_L2_0,DRG_reactive,68,Global_niche
G4_L2_0,Disease_GM I,314,Global_niche
G4_L2_0,Disease_GM II,0,Global_niche
G4_L2_0,Disease_GM III,0,Global_niche
G4_L2_0,Dorsal_GM,1107,Global_niche
G4_L2_0,Dorsal_Rim_DAA,2,Global_niche
G4_L2_0,Dorsal_Rim_OL,181,Global_niche
G4_L2_0,GM,1785,Global_niche
G4_L2_0,Lesion_Bcell,0,Global_niche
G4_L2_0,Lesion_DAA,459,Global_niche
G4_L2_0,Lesion_DAO I,0,Global_niche
G4_L2_0,Lesion_DAO II,2,Global_niche
G4_L2_0,Lesion_Foamy,2,Global_niche
G4_L2_0,Lesion_Lipid,1286,Global_niche
G4_L2_0,Lesion_Tcell,34,Global_niche
G4_L2_0,Lesion_myeloid I,0,Global_niche
G4_L2_0,Lesion_myeloid II,284,Global_niche
G4_L2_0,Lesion_myeloid III,5,Global_niche
G4_L2_0,Meninges,1786,Global_niche
G4_L2_0,Vasculature,223,Global_niche
G4_L2_0,Ventral_GM,681,Global_niche
G4_L2_0,Ventral_Rim_OL,457,Global_niche
G4_L2_0,WM,650,Global_niche
G4_L2_0,WM_MOL2,171,Global_niche
G4_L2_0,WM_OPC,43,Global_niche
G4_L2_1,Central_canal,116,Global_niche
G4_L2_1,DRG,199,Global_niche
G4_L2_1,DRG_reactive,136,Global_niche
G4_L2_1,Disease_GM I,373,Global_niche
G4_L2_1,Disease_GM II,0,Global_niche
G4_L2_1,Disease_GM III,5,Global_niche
G4_L2_1,Dorsal_GM,1136,Global_niche
G4_L2_1,Dorsal_Rim_DAA,2,Global_niche
G4_L2_1,Dorsal_Rim_OL,169,Global_niche
G4_L2_1,GM,1734,Global_niche
G4_L2_1,Lesion_Bcell,0,Global_niche
G4_L2_1,Lesion_DAA,622,Global_niche
G4_L2_1,Lesion_DAO I,31,Global_niche
G4_L2_1,Lesion_DAO II,114,Global_niche
G4_L2_1,Lesion_Foamy,102,Global_niche
G4_L2_1,Lesion_Lipid,102,Global_niche
G4_L2_1,Lesion_Tcell,143,Global_niche
G4_L2_1,Lesion_myeloid I,129,Global_niche
G4_L2_1,Lesion_myeloid II,503,Global_niche
G4_L2_1,Lesion_myeloid III,348,Global_niche
G4_L2_1,Meninges,537,Global_niche
G4_L2_1,Vasculature,124,Global_niche
G4_L2_1,Ventral_GM,556,Global_niche
G4_L2_1,Ventral_Rim_OL,243,Global_niche
G4_L2_1,WM,719,Global_niche
G4_L2_1,WM_MOL2,355,Global_niche
G4_L2_1,WM_OPC,77,Global_niche
G4_L2_2,Central_canal,88,Global_niche
G4_L2_2,DRG,231,Global_niche
G4_L2_2,DRG_reactive,0,Global_niche
G4_L2_2,Disease_GM I,29,Global_niche
G4_L2_2,Disease_GM II,0,Global_niche
G4_L2_2,Disease_GM III,0,Global_niche
G4_L2_2,Dorsal_GM,1183,Global_niche
G4_L2_2,Dorsal_Rim_DAA,2,Global_niche
G4_L2_2,Dorsal_Rim_OL,145,Global_niche
G4_L2_2,GM,1902,Global_niche
G4_L2_2,Lesion_Bcell,0,Global_niche
G4_L2_2,Lesion_DAA,1,Global_niche
G4_L2_2,Lesion_DAO I,0,Global_niche
G4_L2_2,Lesion_DAO II,0,Global_niche
G4_L2_2,Lesion_Foamy,0,Global_niche
G4_L2_2,Lesion_Lipid,0,Global_niche
G4_L2_2,Lesion_Tcell,0,Global_niche
G4_L2_2,Lesion_myeloid I,3,Global_niche
G4_L2_2,Lesion_myeloid II,3,Global_niche
G4_L2_2,Lesion_myeloid III,0,Global_niche
G4_L2_2,Meninges,445,Global_niche
G4_L2_2,Vasculature,167,Global_niche
G4_L2_2,Ventral_GM,295,Global_niche
G4_L2_2,Ventral_Rim_OL,303,Global_niche
G4_L2_2,WM,1235,Global_niche
G4_L2_2,WM_MOL2,0,Global_niche
G4_L2_2,WM_OPC,12,Global_niche
G4_L3_0,Central_canal,120,Global_niche
G4_L3_0,DRG,263,Global_niche
G4_L3_0,DRG_reactive,98,Global_niche
G4_L3_0,Disease_GM I,593,Global_niche
G4_L3_0,Disease_GM II,415,Global_niche
G4_L3_0,Disease_GM III,13,Global_niche
G4_L3_0,Dorsal_GM,1332,Global_niche
G4_L3_0,Dorsal_Rim_DAA,11,Global_niche
G4_L3_0,Dorsal_Rim_OL,151,Global_niche
G4_L3_0,GM,976,Global_niche
G4_L3_0,Lesion_Bcell,135,Global_niche
G4_L3_0,Lesion_DAA,377,Global_niche
G4_L3_0,Lesion_DAO I,282,Global_niche
G4_L3_0,Lesion_DAO II,39,Global_niche
G4_L3_0,Lesion_Foamy,555,Global_niche
G4_L3_0,Lesion_Lipid,1068,Global_niche
G4_L3_0,Lesion_Tcell,55,Global_niche
G4_L3_0,Lesion_myeloid I,2652,Global_niche
G4_L3_0,Lesion_myeloid II,267,Global_niche
G4_L3_0,Lesion_myeloid III,567,Global_niche
G4_L3_0,Meninges,501,Global_niche
G4_L3_0,Vasculature,165,Global_niche
G4_L3_0,Ventral_GM,577,Global_niche
G4_L3_0,Ventral_Rim_OL,96,Global_niche
G4_L3_0,WM,394,Global_niche
G4_L3_0,WM_MOL2,153,Global_niche
G4_L3_0,WM_OPC,30,Global_niche
G4_L3_1,Central_canal,96,Global_niche
G4_L3_1,DRG,490,Global_niche
G4_L3_1,DRG_reactive,78,Global_niche
G4_L3_1,Disease_GM I,511,Global_niche
G4_L3_1,Disease_GM II,81,Global_niche
G4_L3_1,Disease_GM III,0,Global_niche
G4_L3_1,Dorsal_GM,1143,Global_niche
G4_L3_1,Dorsal_Rim_DAA,65,Global_niche
G4_L3_1,Dorsal_Rim_OL,185,Global_niche
G4_L3_1,GM,1274,Global_niche
G4_L3_1,Lesion_Bcell,0,Global_niche
G4_L3_1,Lesion_DAA,108,Global_niche
G4_L3_1,Lesion_DAO I,587,Global_niche
G4_L3_1,Lesion_DAO II,0,Global_niche
G4_L3_1,Lesion_Foamy,0,Global_niche
G4_L3_1,Lesion_Lipid,0,Global_niche
G4_L3_1,Lesion_Tcell,14,Global_niche
G4_L3_1,Lesion_myeloid I,777,Global_niche
G4_L3_1,Lesion_myeloid II,60,Global_niche
G4_L3_1,Lesion_myeloid III,156,Global_niche
G4_L3_1,Meninges,359,Global_niche
G4_L3_1,Vasculature,135,Global_niche
G4_L3_1,Ventral_GM,251,Global_niche
G4_L3_1,Ventral_Rim_OL,103,Global_niche
G4_L3_1,WM,398,Global_niche
G4_L3_1,WM_MOL2,133,Global_niche
G4_L3_1,WM_OPC,32,Global_niche
G4_L3_2,Central_canal,86,Global_niche
G4_L3_2,DRG,538,Global_niche
G4_L3_2,DRG_reactive,0,Global_niche
G4_L3_2,Disease_GM I,56,Global_niche
G4_L3_2,Disease_GM II,0,Global_niche
G4_L3_2,Disease_GM III,0,Global_niche
G4_L3_2,Dorsal_GM,811,Global_niche
G4_L3_2,Dorsal_Rim_DAA,0,Global_niche
G4_L3_2,Dorsal_Rim_OL,135,Global_niche
G4_L3_2,GM,2362,Global_niche
G4_L3_2,Lesion_Bcell,0,Global_niche
G4_L3_2,Lesion_DAA,0,Global_niche
G4_L3_2,Lesion_DAO I,0,Global_niche
G4_L3_2,Lesion_DAO II,0,Global_niche
G4_L3_2,Lesion_Foamy,0,Global_niche
G4_L3_2,Lesion_Lipid,0,Global_niche
G4_L3_2,Lesion_Tcell,2,Global_niche
G4_L3_2,Lesion_myeloid I,0,Global_niche
G4_L3_2,Lesion_myeloid II,4,Global_niche
G4_L3_2,Lesion_myeloid III,0,Global_niche
G4_L3_2,Meninges,572,Global_niche
G4_L3_2,Vasculature,121,Global_niche
G4_L3_2,Ventral_GM,318,Global_niche
G4_L3_2,Ventral_Rim_OL,338,Global_niche
G4_L3_2,WM,1334,Global_niche
G4_L3_2,WM_MOL2,0,Global_niche
G4_L3_2,WM_OPC,2,Global_niche
G5_L1_0,Central_canal,0,Global_niche
G5_L1_0,DRG,255,Global_niche
G5_L1_0,DRG_reactive,0,Global_niche
G5_L1_0,Disease_GM I,12,Global_niche
G5_L1_0,Disease_GM II,0,Global_niche
G5_L1_0,Disease_GM III,0,Global_niche
G5_L1_0,Dorsal_GM,379,Global_niche
G5_L1_0,Dorsal_Rim_DAA,1,Global_niche
G5_L1_0,Dorsal_Rim_OL,92,Global_niche
G5_L1_0,GM,517,Global_niche
G5_L1_0,Lesion_Bcell,0,Global_niche
G5_L1_0,Lesion_DAA,1,Global_niche
G5_L1_0,Lesion_DAO I,0,Global_niche
G5_L1_0,Lesion_DAO II,0,Global_niche
G5_L1_0,Lesion_Foamy,0,Global_niche
G5_L1_0,Lesion_Lipid,0,Global_niche
G5_L1_0,Lesion_Tcell,0,Global_niche
G5_L1_0,Lesion_myeloid I,0,Global_niche
G5_L1_0,Lesion_myeloid II,6,Global_niche
G5_L1_0,Lesion_myeloid III,0,Global_niche
G5_L1_0,Meninges,278,Global_niche
G5_L1_0,Vasculature,67,Global_niche
G5_L1_0,Ventral_GM,88,Global_niche
G5_L1_0,Ventral_Rim_OL,142,Global_niche
G5_L1_0,WM,725,Global_niche
G5_L1_0,WM_MOL2,0,Global_niche
G5_L1_0,WM_OPC,2,Global_niche
G5_L1_1,Central_canal,0,Global_niche
G5_L1_1,DRG,40,Global_niche
G5_L1_1,DRG_reactive,554,Global_niche
G5_L1_1,Disease_GM I,0,Global_niche
G5_L1_1,Disease_GM II,640,Global_niche
G5_L1_1,Disease_GM III,251,Global_niche
G5_L1_1,Dorsal_GM,555,Global_niche
G5_L1_1,Dorsal_Rim_DAA,250,Global_niche
G5_L1_1,Dorsal_Rim_OL,0,Global_niche
G5_L1_1,GM,0,Global_niche
G5_L1_1,Lesion_Bcell,0,Global_niche
G5_L1_1,Lesion_DAA,0,Global_niche
G5_L1_1,Lesion_DAO I,1469,Global_niche
G5_L1_1,Lesion_DAO II,0,Global_niche
G5_L1_1,Lesion_Foamy,0,Global_niche
G5_L1_1,Lesion_Lipid,0,Global_niche
G5_L1_1,Lesion_Tcell,3,Global_niche
G5_L1_1,Lesion_myeloid I,1313,Global_niche
G5_L1_1,Lesion_myeloid II,0,Global_niche
G5_L1_1,Lesion_myeloid III,0,Global_niche
G5_L1_1,Meninges,1459,Global_niche
G5_L1_1,Vasculature,3,Global_niche
G5_L1_1,Ventral_GM,0,Global_niche
G5_L1_1,Ventral_Rim_OL,0,Global_niche
G5_L1_1,WM,10,Global_niche
G5_L1_1,WM_MOL2,0,Global_niche
G5_L1_1,WM_OPC,0,Global_niche
G5_L1_2,Central_canal,76,Global_niche
G5_L1_2,DRG,0,Global_niche
G5_L1_2,DRG_reactive,129,Global_niche
G5_L1_2,Disease_GM I,483,Global_niche
G5_L1_2,Disease_GM II,136,Global_niche
G5_L1_2,Disease_GM III,158,Global_niche
G5_L1_2,Dorsal_GM,760,Global_niche
G5_L1_2,Dorsal_Rim_DAA,166,Global_niche
G5_L1_2,Dorsal_Rim_OL,130,Global_niche
G5_L1_2,GM,548,Global_niche
G5_L1_2,Lesion_Bcell,0,Global_niche
G5_L1_2,Lesion_DAA,23,Global_niche
G5_L1_2,Lesion_DAO I,732,Global_niche
G5_L1_2,Lesion_DAO II,0,Global_niche
G5_L1_2,Lesion_Foamy,0,Global_niche
G5_L1_2,Lesion_Lipid,0,Global_niche
G5_L1_2,Lesion_Tcell,1,Global_niche
G5_L1_2,Lesion_myeloid I,872,Global_niche
G5_L1_2,Lesion_myeloid II,8,Global_niche
G5_L1_2,Lesion_myeloid III,0,Global_niche
G5_L1_2,Meninges,714,Global_niche
G5_L1_2,Vasculature,19,Global_niche
G5_L1_2,Ventral_GM,177,Global_niche
G5_L1_2,Ventral_Rim_OL,18,Global_niche
G5_L1_2,WM,180,Global_niche
G5_L1_2,WM_MOL2,22,Global_niche
G5_L1_2,WM_OPC,13,Global_niche
G5_L2_0,Central_canal,81,Global_niche
G5_L2_0,DRG,39,Global_niche
G5_L2_0,DRG_reactive,0,Global_niche
G5_L2_0,Disease_GM I,25,Global_niche
G5_L2_0,Disease_GM II,0,Global_niche
G5_L2_0,Disease_GM III,0,Global_niche
G5_L2_0,Dorsal_GM,495,Global_niche
G5_L2_0,Dorsal_Rim_DAA,0,Global_niche
G5_L2_0,Dorsal_Rim_OL,83,Global_niche
G5_L2_0,GM,1392,Global_niche
G5_L2_0,Lesion_Bcell,0,Global_niche
G5_L2_0,Lesion_DAA,3,Global_niche
G5_L2_0,Lesion_DAO I,0,Global_niche
G5_L2_0,Lesion_DAO II,0,Global_niche
G5_L2_0,Lesion_Foamy,0,Global_niche
G5_L2_0,Lesion_Lipid,0,Global_niche
G5_L2_0,Lesion_Tcell,0,Global_niche
G5_L2_0,Lesion_myeloid I,0,Global_niche
G5_L2_0,Lesion_myeloid II,22,Global_niche
G5_L2_0,Lesion_myeloid III,0,Global_niche
G5_L2_0,Meninges,353,Global_niche
G5_L2_0,Vasculature,148,Global_niche
G5_L2_0,Ventral_GM,157,Global_niche
G5_L2_0,Ventral_Rim_OL,197,Global_niche
G5_L2_0,WM,1164,Global_niche
G5_L2_0,WM_MOL2,24,Global_niche
G5_L2_0,WM_OPC,10,Global_niche
G5_L2_1,Central_canal,70,Global_niche
G5_L2_1,DRG,320,Global_niche
G5_L2_1,DRG_reactive,339,Global_niche
G5_L2_1,Disease_GM I,41,Global_niche
G5_L2_1,Disease_GM II,0,Global_niche
G5_L2_1,Disease_GM III,263,Global_niche
G5_L2_1,Dorsal_GM,776,Global_niche
G5_L2_1,Dorsal_Rim_DAA,210,Global_niche
G5_L2_1,Dorsal_Rim_OL,158,Global_niche
G5_L2_1,GM,1204,Global_niche
G5_L2_1,Lesion_Bcell,0,Global_niche
G5_L2_1,Lesion_DAA,134,Global_niche
G5_L2_1,Lesion_DAO I,84,Global_niche
G5_L2_1,Lesion_DAO II,1,Global_niche
G5_L2_1,Lesion_Foamy,0,Global_niche
G5_L2_1,Lesion_Lipid,0,Global_niche
G5_L2_1,Lesion_Tcell,12,Global_niche
G5_L2_1,Lesion_myeloid I,655,Global_niche
G5_L2_1,Lesion_myeloid II,84,Global_niche
G5_L2_1,Lesion_myeloid III,29,Global_niche
G5_L2_1,Meninges,824,Global_niche
G5_L2_1,Vasculature,108,Global_niche
G5_L2_1,Ventral_GM,183,Global_niche
G5_L2_1,Ventral_Rim_OL,166,Global_niche
G5_L2_1,WM,547,Global_niche
G5_L2_1,WM_MOL2,180,Global_niche
G5_L2_1,WM_OPC,39,Global_niche
G5_L2_2,Central_canal,102,Global_niche
G5_L2_2,DRG,0,Global_niche
G5_L2_2,DRG_reactive,10,Global_niche
G5_L2_2,Disease_GM I,716,Global_niche
G5_L2_2,Disease_GM II,319,Global_niche
G5_L2_2,Disease_GM III,101,Global_niche
G5_L2_2,Dorsal_GM,899,Global_niche
G5_L2_2,Dorsal_Rim_DAA,67,Global_niche
G5_L2_2,Dorsal_Rim_OL,91,Global_niche
G5_L2_2,GM,210,Global_niche
G5_L2_2,Lesion_Bcell,0,Global_niche
G5_L2_2,Lesion_DAA,82,Global_niche
G5_L2_2,Lesion_DAO I,313,Global_niche
G5_L2_2,Lesion_DAO II,290,Global_niche
G5_L2_2,Lesion_Foamy,955,Global_niche
G5_L2_2,Lesion_Lipid,0,Global_niche
G5_L2_2,Lesion_Tcell,95,Global_niche
G5_L2_2,Lesion_myeloid I,1040,Global_niche
G5_L2_2,Lesion_myeloid II,645,Global_niche
G5_L2_2,Lesion_myeloid III,315,Global_niche
G5_L2_2,Meninges,729,Global_niche
G5_L2_2,Vasculature,18,Global_niche
G5_L2_2,Ventral_GM,273,Global_niche
G5_L2_2,Ventral_Rim_OL,0,Global_niche
G5_L2_2,WM,153,Global_niche
G5_L2_2,WM_MOL2,114,Global_niche
G5_L2_2,WM_OPC,71,Global_niche
G5_L3_0,Central_canal,121,Global_niche
G5_L3_0,DRG,0,Global_niche
G5_L3_0,DRG_reactive,0,Global_niche
G5_L3_0,Disease_GM I,37,Global_niche
G5_L3_0,Disease_GM II,0,Global_niche
G5_L3_0,Disease_GM III,0,Global_niche
G5_L3_0,Dorsal_GM,1096,Global_niche
G5_L3_0,Dorsal_Rim_DAA,1,Global_niche
G5_L3_0,Dorsal_Rim_OL,149,Global_niche
G5_L3_0,GM,1611,Global_niche
G5_L3_0,Lesion_Bcell,0,Global_niche
G5_L3_0,Lesion_DAA,3,Global_niche
G5_L3_0,Lesion_DAO I,0,Global_niche
G5_L3_0,Lesion_DAO II,0,Global_niche
G5_L3_0,Lesion_Foamy,0,Global_niche
G5_L3_0,Lesion_Lipid,0,Global_niche
G5_L3_0,Lesion_Tcell,0,Global_niche
G5_L3_0,Lesion_myeloid I,0,Global_niche
G5_L3_0,Lesion_myeloid II,16,Global_niche
G5_L3_0,Lesion_myeloid III,0,Global_niche
G5_L3_0,Meninges,359,Global_niche
G5_L3_0,Vasculature,236,Global_niche
G5_L3_0,Ventral_GM,277,Global_niche
G5_L3_0,Ventral_Rim_OL,285,Global_niche
G5_L3_0,WM,1500,Global_niche
G5_L3_0,WM_MOL2,26,Global_niche
G5_L3_0,WM_OPC,11,Global_niche
G5_L3_1,Central_canal,66,Global_niche
G5_L3_1,DRG,121,Global_niche
G5_L3_1,DRG_reactive,41,Global_niche
G5_L3_1,Disease_GM I,33,Global_niche
G5_L3_1,Disease_GM II,0,Global_niche
G5_L3_1,Disease_GM III,2,Global_niche
G5_L3_1,Dorsal_GM,937,Global_niche
G5_L3_1,Dorsal_Rim_DAA,17,Global_niche
G5_L3_1,Dorsal_Rim_OL,105,Global_niche
G5_L3_1,GM,1164,Global_niche
G5_L3_1,Lesion_Bcell,0,Global_niche
G5_L3_1,Lesion_DAA,107,Global_niche
G5_L3_1,Lesion_DAO I,42,Global_niche
G5_L3_1,Lesion_DAO II,0,Global_niche
G5_L3_1,Lesion_Foamy,0,Global_niche
G5_L3_1,Lesion_Lipid,0,Global_niche
G5_L3_1,Lesion_Tcell,1,Global_niche
G5_L3_1,Lesion_myeloid I,459,Global_niche
G5_L3_1,Lesion_myeloid II,47,Global_niche
G5_L3_1,Lesion_myeloid III,0,Global_niche
G5_L3_1,Meninges,408,Global_niche
G5_L3_1,Vasculature,59,Global_niche
G5_L3_1,Ventral_GM,144,Global_niche
G5_L3_1,Ventral_Rim_OL,182,Global_niche
G5_L3_1,WM,609,Global_niche
G5_L3_1,WM_MOL2,113,Global_niche
G5_L3_1,WM_OPC,30,Global_niche
G5_L3_2,Central_canal,103,Global_niche
G5_L3_2,DRG,1,Global_niche
G5_L3_2,DRG_reactive,12,Global_niche
G5_L3_2,Disease_GM I,831,Global_niche
G5_L3_2,Disease_GM II,132,Global_niche
G5_L3_2,Disease_GM III,16,Global_niche
G5_L3_2,Dorsal_GM,935,Global_niche
G5_L3_2,Dorsal_Rim_DAA,24,Global_niche
G5_L3_2,Dorsal_Rim_OL,211,Global_niche
G5_L3_2,GM,423,Global_niche
G5_L3_2,Lesion_Bcell,0,Global_niche
G5_L3_2,Lesion_DAA,156,Global_niche
G5_L3_2,Lesion_DAO I,269,Global_niche
G5_L3_2,Lesion_DAO II,475,Global_niche
G5_L3_2,Lesion_Foamy,602,Global_niche
G5_L3_2,Lesion_Lipid,3,Global_niche
G5_L3_2,Lesion_Tcell,156,Global_niche
G5_L3_2,Lesion_myeloid I,525,Global_niche
G5_L3_2,Lesion_myeloid II,714,Global_niche
G5_L3_2,Lesion_myeloid III,367,Global_niche
G5_L3_2,Meninges,486,Global_niche
G5_L3_2,Vasculature,43,Global_niche
G5_L3_2,Ventral_GM,317,Global_niche
G5_L3_2,Ventral_Rim_OL,0,Global_niche
G5_L3_2,WM,299,Global_niche
G5_L3_2,WM_MOL2,177,Global_niche
G5_L3_2,WM_OPC,131,Global_niche
G6_L1_0,Central_canal,77,Global_niche
G6_L1_0,DRG,411,Global_niche
G6_L1_0,DRG_reactive,15,Global_niche
G6_L1_0,Disease_GM I,340,Global_niche
G6_L1_0,Disease_GM II,0,Global_niche
G6_L1_0,Disease_GM III,1,Global_niche
G6_L1_0,Dorsal_GM,1274,Global_niche
G6_L1_0,Dorsal_Rim_DAA,3,Global_niche
G6_L1_0,Dorsal_Rim_OL,181,Global_niche
G6_L1_0,GM,1252,Global_niche
G6_L1_0,Lesion_Bcell,2,Global_niche
G6_L1_0,Lesion_DAA,524,Global_niche
G6_L1_0,Lesion_DAO I,47,Global_niche
G6_L1_0,Lesion_DAO II,61,Global_niche
G6_L1_0,Lesion_Foamy,5,Global_niche
G6_L1_0,Lesion_Lipid,185,Global_niche
G6_L1_0,Lesion_Tcell,85,Global_niche
G6_L1_0,Lesion_myeloid I,10,Global_niche
G6_L1_0,Lesion_myeloid II,508,Global_niche
G6_L1_0,Lesion_myeloid III,90,Global_niche
G6_L1_0,Meninges,1600,Global_niche
G6_L1_0,Vasculature,127,Global_niche
G6_L1_0,Ventral_GM,276,Global_niche
G6_L1_0,Ventral_Rim_OL,164,Global_niche
G6_L1_0,WM,626,Global_niche
G6_L1_0,WM_MOL2,471,Global_niche
G6_L1_0,WM_OPC,120,Global_niche
G6_L1_1,Central_canal,72,Global_niche
G6_L1_1,DRG,296,Global_niche
G6_L1_1,DRG_reactive,16,Global_niche
G6_L1_1,Disease_GM I,50,Global_niche
G6_L1_1,Disease_GM II,0,Global_niche
G6_L1_1,Disease_GM III,0,Global_niche
G6_L1_1,Dorsal_GM,1265,Global_niche
G6_L1_1,Dorsal_Rim_DAA,0,Global_niche
G6_L1_1,Dorsal_Rim_OL,120,Global_niche
G6_L1_1,GM,1063,Global_niche
G6_L1_1,Lesion_Bcell,0,Global_niche
G6_L1_1,Lesion_DAA,339,Global_niche
G6_L1_1,Lesion_DAO I,0,Global_niche
G6_L1_1,Lesion_DAO II,5,Global_niche
G6_L1_1,Lesion_Foamy,0,Global_niche
G6_L1_1,Lesion_Lipid,360,Global_niche
G6_L1_1,Lesion_Tcell,25,Global_niche
G6_L1_1,Lesion_myeloid I,0,Global_niche
G6_L1_1,Lesion_myeloid II,338,Global_niche
G6_L1_1,Lesion_myeloid III,12,Global_niche
G6_L1_1,Meninges,1311,Global_niche
G6_L1_1,Vasculature,92,Global_niche
G6_L1_1,Ventral_GM,217,Global_niche
G6_L1_1,Ventral_Rim_OL,159,Global_niche
G6_L1_1,WM,500,Global_niche
G6_L1_1,WM_MOL2,338,Global_niche
G6_L1_1,WM_OPC,76,Global_niche
G6_L1_2,Central_canal,71,Global_niche
G6_L1_2,DRG,115,Global_niche
G6_L1_2,DRG_reactive,31,Global_niche
G6_L1_2,Disease_GM I,52,Global_niche
G6_L1_2,Disease_GM II,0,Global_niche
G6_L1_2,Disease_GM III,0,Global_niche
G6_L1_2,Dorsal_GM,913,Global_niche
G6_L1_2,Dorsal_Rim_DAA,1,Global_niche
G6_L1_2,Dorsal_Rim_OL,133,Global_niche
G6_L1_2,GM,992,Global_niche
G6_L1_2,Lesion_Bcell,0,Global_niche
G6_L1_2,Lesion_DAA,268,Global_niche
G6_L1_2,Lesion_DAO I,0,Global_niche
G6_L1_2,Lesion_DAO II,20,Global_niche
G6_L1_2,Lesion_Foamy,34,Global_niche
G6_L1_2,Lesion_Lipid,264,Global_niche
G6_L1_2,Lesion_Tcell,45,Global_niche
G6_L1_2,Lesion_myeloid I,1,Global_niche
G6_L1_2,Lesion_myeloid II,401,Global_niche
G6_L1_2,Lesion_myeloid III,12,Global_niche
G6_L1_2,Meninges,685,Global_niche
G6_L1_2,Vasculature,21,Global_niche
G6_L1_2,Ventral_GM,127,Global_niche
G6_L1_2,Ventral_Rim_OL,175,Global_niche
G6_L1_2,WM,467,Global_niche
G6_L1_2,WM_MOL2,314,Global_niche
G6_L1_2,WM_OPC,92,Global_niche
G6_L2_0,Central_canal,67,Global_niche
G6_L2_0,DRG,127,Global_niche
G6_L2_0,DRG_reactive,17,Global_niche
G6_L2_0,Disease_GM I,30,Global_niche
G6_L2_0,Disease_GM II,1,Global_niche
G6_L2_0,Disease_GM III,82,Global_niche
G6_L2_0,Dorsal_GM,812,Global_niche
G6_L2_0,Dorsal_Rim_DAA,97,Global_niche
G6_L2_0,Dorsal_Rim_OL,125,Global_niche
G6_L2_0,GM,1148,Global_niche
G6_L2_0,Lesion_Bcell,0,Global_niche
G6_L2_0,Lesion_DAA,118,Global_niche
G6_L2_0,Lesion_DAO I,33,Global_niche
G6_L2_0,Lesion_DAO II,0,Global_niche
G6_L2_0,Lesion_Foamy,0,Global_niche
G6_L2_0,Lesion_Lipid,0,Global_niche
G6_L2_0,Lesion_Tcell,11,Global_niche
G6_L2_0,Lesion_myeloid I,248,Global_niche
G6_L2_0,Lesion_myeloid II,82,Global_niche
G6_L2_0,Lesion_myeloid III,0,Global_niche
G6_L2_0,Meninges,420,Global_niche
G6_L2_0,Vasculature,76,Global_niche
G6_L2_0,Ventral_GM,148,Global_niche
G6_L2_0,Ventral_Rim_OL,170,Global_niche
G6_L2_0,WM,620,Global_niche
G6_L2_0,WM_MOL2,171,Global_niche
G6_L2_0,WM_OPC,39,Global_niche
G6_L2_1,Central_canal,58,Global_niche
G6_L2_1,DRG,311,Global_niche
G6_L2_1,DRG_reactive,77,Global_niche
G6_L2_1,Disease_GM I,42,Global_niche
G6_L2_1,Disease_GM II,0,Global_niche
G6_L2_1,Disease_GM III,0,Global_niche
G6_L2_1,Dorsal_GM,740,Global_niche
G6_L2_1,Dorsal_Rim_DAA,0,Global_niche
G6_L2_1,Dorsal_Rim_OL,131,Global_niche
G6_L2_1,GM,875,Global_niche
G6_L2_1,Lesion_Bcell,0,Global_niche
G6_L2_1,Lesion_DAA,267,Global_niche
G6_L2_1,Lesion_DAO I,0,Global_niche
G6_L2_1,Lesion_DAO II,4,Global_niche
G6_L2_1,Lesion_Foamy,0,Global_niche
G6_L2_1,Lesion_Lipid,578,Global_niche
G6_L2_1,Lesion_Tcell,15,Global_niche
G6_L2_1,Lesion_myeloid I,0,Global_niche
G6_L2_1,Lesion_myeloid II,248,Global_niche
G6_L2_1,Lesion_myeloid III,0,Global_niche
G6_L2_1,Meninges,998,Global_niche
G6_L2_1,Vasculature,45,Global_niche
G6_L2_1,Ventral_GM,150,Global_niche
G6_L2_1,Ventral_Rim_OL,177,Global_niche
G6_L2_1,WM,563,Global_niche
G6_L2_1,WM_MOL2,209,Global_niche
G6_L2_1,WM_OPC,52,Global_niche
G6_L2_2,Central_canal,27,Global_niche
G6_L2_2,DRG,342,Global_niche
G6_L2_2,DRG_reactive,0,Global_niche
G6_L2_2,Disease_GM I,34,Global_niche
G6_L2_2,Disease_GM II,0,Global_niche
G6_L2_2,Disease_GM III,4,Global_niche
G6_L2_2,Dorsal_GM,573,Global_niche
G6_L2_2,Dorsal_Rim_DAA,3,Global_niche
G6_L2_2,Dorsal_Rim_OL,119,Global_niche
G6_L2_2,GM,1024,Global_niche
G6_L2_2,Lesion_Bcell,0,Global_niche
G6_L2_2,Lesion_DAA,4,Global_niche
G6_L2_2,Lesion_DAO I,0,Global_niche
G6_L2_2,Lesion_DAO II,0,Global_niche
G6_L2_2,Lesion_Foamy,0,Global_niche
G6_L2_2,Lesion_Lipid,0,Global_niche
G6_L2_2,Lesion_Tcell,0,Global_niche
G6_L2_2,Lesion_myeloid I,0,Global_niche
G6_L2_2,Lesion_myeloid II,5,Global_niche
G6_L2_2,Lesion_myeloid III,0,Global_niche
G6_L2_2,Meninges,598,Global_niche
G6_L2_2,Vasculature,116,Global_niche
G6_L2_2,Ventral_GM,144,Global_niche
G6_L2_2,Ventral_Rim_OL,167,Global_niche
G6_L2_2,WM,993,Global_niche
G6_L2_2,WM_MOL2,3,Global_niche
G6_L2_2,WM_OPC,4,Global_niche
G6_L3_0,Central_canal,75,Global_niche
G6_L3_0,DRG,474,Global_niche
G6_L3_0,DRG_reactive,0,Global_niche
G6_L3_0,Disease_GM I,50,Global_niche
G6_L3_0,Disease_GM II,0,Global_niche
G6_L3_0,Disease_GM III,0,Global_niche
G6_L3_0,Dorsal_GM,1081,Global_niche
G6_L3_0,Dorsal_Rim_DAA,0,Global_niche
G6_L3_0,Dorsal_Rim_OL,190,Global_niche
G6_L3_0,GM,2286,Global_niche
G6_L3_0,Lesion_Bcell,0,Global_niche
G6_L3_0,Lesion_DAA,0,Global_niche
G6_L3_0,Lesion_DAO I,0,Global_niche
G6_L3_0,Lesion_DAO II,0,Global_niche
G6_L3_0,Lesion_Foamy,0,Global_niche
G6_L3_0,Lesion_Lipid,0,Global_niche
G6_L3_0,Lesion_Tcell,1,Global_niche
G6_L3_0,Lesion_myeloid I,0,Global_niche
G6_L3_0,Lesion_myeloid II,5,Global_niche
G6_L3_0,Lesion_myeloid III,0,Global_niche
G6_L3_0,Meninges,1044,Global_niche
G6_L3_0,Vasculature,306,Global_niche
G6_L3_0,Ventral_GM,609,Global_niche
G6_L3_0,Ventral_Rim_OL,443,Global_niche
G6_L3_0,WM,1581,Global_niche
G6_L3_0,WM_MOL2,1,Global_niche
G6_L3_0,WM_OPC,0,Global_niche
G6_L3_1,Central_canal,125,Global_niche
G6_L3_1,DRG,436,Global_niche
G6_L3_1,DRG_reactive,0,Global_niche
G6_L3_1,Disease_GM I,59,Global_niche
G6_L3_1,Disease_GM II,0,Global_niche
G6_L3_1,Disease_GM III,0,Global_niche
G6_L3_1,Dorsal_GM,1125,Global_niche
G6_L3_1,Dorsal_Rim_DAA,2,Global_niche
G6_L3_1,Dorsal_Rim_OL,247,Global_niche
G6_L3_1,GM,1850,Global_niche
G6_L3_1,Lesion_Bcell,0,Global_niche
G6_L3_1,Lesion_DAA,2,Global_niche
G6_L3_1,Lesion_DAO I,0,Global_niche
G6_L3_1,Lesion_DAO II,0,Global_niche
G6_L3_1,Lesion_Foamy,0,Global_niche
G6_L3_1,Lesion_Lipid,0,Global_niche
G6_L3_1,Lesion_Tcell,0,Global_niche
G6_L3_1,Lesion_myeloid I,0,Global_niche
G6_L3_1,Lesion_myeloid II,5,Global_niche
G6_L3_1,Lesion_myeloid III,0,Global_niche
G6_L3_1,Meninges,204,Global_niche
G6_L3_1,Vasculature,106,Global_niche
G6_L3_1,Ventral_GM,397,Global_niche
G6_L3_1,Ventral_Rim_OL,458,Global_niche
G6_L3_1,WM,1512,Global_niche
G6_L3_1,WM_MOL2,6,Global_niche
G6_L3_1,WM_OPC,6,Global_niche
G6_L3_2,Central_canal,65,Global_niche
G6_L3_2,DRG,428,Global_niche
G6_L3_2,DRG_reactive,24,Global_niche
G6_L3_2,Disease_GM I,83,Global_niche
G6_L3_2,Disease_GM II,0,Global_niche
G6_L3_2,Disease_GM III,0,Global_niche
G6_L3_2,Dorsal_GM,812,Global_niche
G6_L3_2,Dorsal_Rim_DAA,0,Global_niche
G6_L3_2,Dorsal_Rim_OL,131,Global_niche
G6_L3_2,GM,702,Global_niche
G6_L3_2,Lesion_Bcell,0,Global_niche
G6_L3_2,Lesion_DAA,262,Global_niche
G6_L3_2,Lesion_DAO I,2,Global_niche
G6_L3_2,Lesion_DAO II,37,Global_niche
G6_L3_2,Lesion_Foamy,4,Global_niche
G6_L3_2,Lesion_Lipid,684,Global_niche
G6_L3_2,Lesion_Tcell,72,Global_niche
G6_L3_2,Lesion_myeloid I,3,Global_niche
G6_L3_2,Lesion_myeloid II,401,Global_niche
G6_L3_2,Lesion_myeloid III,14,Global_niche
G6_L3_2,Meninges,805,Global_niche
G6_L3_2,Vasculature,63,Global_niche
G6_L3_2,Ventral_GM,187,Global_niche
G6_L3_2,Ventral_Rim_OL,117,Global_niche
G6_L3_2,WM,336,Global_niche
G6_L3_2,WM_MOL2,213,Global_niche
G6_L3_2,WM_OPC,76,Global_niche
S1_B1_0,Central_canal,89,Global_niche
S1_B1_0,DRG,226,Global_niche
S1_B1_0,DRG_reactive,162,Global_niche
S1_B1_0,Disease_GM I,813,Global_niche
S1_B1_0,Disease_GM II,0,Global_niche
S1_B1_0,Disease_GM III,24,Global_niche
S1_B1_0,Dorsal_GM,977,Global_niche
S1_B1_0,Dorsal_Rim_DAA,75,Global_niche
S1_B1_0,Dorsal_Rim_OL,117,Global_niche
S1_B1_0,GM,431,Global_niche
S1_B1_0,Lesion_Bcell,532,Global_niche
S1_B1_0,Lesion_DAA,100,Global_niche
S1_B1_0,Lesion_DAO I,9,Global_niche
S1_B1_0,Lesion_DAO II,375,Global_niche
S1_B1_0,Lesion_Foamy,0,Global_niche
S1_B1_0,Lesion_Lipid,0,Global_niche
S1_B1_0,Lesion_Tcell,121,Global_niche
S1_B1_0,Lesion_myeloid I,84,Global_niche
S1_B1_0,Lesion_myeloid II,384,Global_niche
S1_B1_0,Lesion_myeloid III,882,Global_niche
S1_B1_0,Meninges,518,Global_niche
S1_B1_0,Vasculature,48,Global_niche
S1_B1_0,Ventral_GM,280,Global_niche
S1_B1_0,Ventral_Rim_OL,0,Global_niche
S1_B1_0,WM,287,Global_niche
S1_B1_0,WM_MOL2,188,Global_niche
S1_B1_0,WM_OPC,105,Global_niche
S1_B1_1,Central_canal,142,Global_niche
S1_B1_1,DRG,206,Global_niche
S1_B1_1,DRG_reactive,36,Global_niche
S1_B1_1,Disease_GM I,1442,Global_niche
S1_B1_1,Disease_GM II,0,Global_niche
S1_B1_1,Disease_GM III,8,Global_niche
S1_B1_1,Dorsal_GM,2092,Global_niche
S1_B1_1,Dorsal_Rim_DAA,19,Global_niche
S1_B1_1,Dorsal_Rim_OL,246,Global_niche
S1_B1_1,GM,1420,Global_niche
S1_B1_1,Lesion_Bcell,60,Global_niche
S1_B1_1,Lesion_DAA,583,Global_niche
S1_B1_1,Lesion_DAO I,2,Global_niche
S1_B1_1,Lesion_DAO II,722,Global_niche
S1_B1_1,Lesion_Foamy,978,Global_niche
S1_B1_1,Lesion_Lipid,139,Global_niche
S1_B1_1,Lesion_Tcell,293,Global_niche
S1_B1_1,Lesion_myeloid I,20,Global_niche
S1_B1_1,Lesion_myeloid II,1087,Global_niche
S1_B1_1,Lesion_myeloid III,532,Global_niche
S1_B1_1,Meninges,1540,Global_niche
S1_B1_1,Vasculature,591,Global_niche
S1_B1_1,Ventral_GM,590,Global_niche
S1_B1_1,Ventral_Rim_OL,15,Global_niche
S1_B1_1,WM,728,Global_niche
S1_B1_1,WM_MOL2,431,Global_niche
S1_B1_1,WM_OPC,273,Global_niche
S1_B1_2,Central_canal,105,Global_niche
S1_B1_2,DRG,11,Global_niche
S1_B1_2,DRG_reactive,405,Global_niche
S1_B1_2,Disease_GM I,543,Global_niche
S1_B1_2,Disease_GM II,1386,Global_niche
S1_B1_2,Disease_GM III,411,Global_niche
S1_B1_2,Dorsal_GM,392,Global_niche
S1_B1_2,Dorsal_Rim_DAA,321,Global_niche
S1_B1_2,Dorsal_Rim_OL,34,Global_niche
S1_B1_2,GM,103,Global_niche
S1_B1_2,Lesion_Bcell,0,Global_niche
S1_B1_2,Lesion_DAA,6,Global_niche
S1_B1_2,Lesion_DAO I,1112,Global_niche
S1_B1_2,Lesion_DAO II,0,Global_niche
S1_B1_2,Lesion_Foamy,0,Global_niche
S1_B1_2,Lesion_Lipid,0,Global_niche
S1_B1_2,Lesion_Tcell,5,Global_niche
S1_B1_2,Lesion_myeloid I,1624,Global_niche
S1_B1_2,Lesion_myeloid II,4,Global_niche
S1_B1_2,Lesion_myeloid III,0,Global_niche
S1_B1_2,Meninges,891,Global_niche
S1_B1_2,Vasculature,0,Global_niche
S1_B1_2,Ventral_GM,2,Global_niche
S1_B1_2,Ventral_Rim_OL,0,Global_niche
S1_B1_2,WM,92,Global_niche
S1_B1_2,WM_MOL2,0,Global_niche
S1_B1_2,WM_OPC,11,Global_niche
S1_B2_0,Central_canal,95,Global_niche
S1_B2_0,DRG,417,Global_niche
S1_B2_0,DRG_reactive,73,Global_niche
S1_B2_0,Disease_GM I,603,Global_niche
S1_B2_0,Disease_GM II,0,Global_niche
S1_B2_0,Disease_GM III,0,Global_niche
S1_B2_0,Dorsal_GM,1092,Global_niche
S1_B2_0,Dorsal_Rim_DAA,6,Global_niche
S1_B2_0,Dorsal_Rim_OL,204,Global_niche
S1_B2_0,GM,993,Global_niche
S1_B2_0,Lesion_Bcell,336,Global_niche
S1_B2_0,Lesion_DAA,479,Global_niche
S1_B2_0,Lesion_DAO I,0,Global_niche
S1_B2_0,Lesion_DAO II,211,Global_niche
S1_B2_0,Lesion_Foamy,136,Global_niche
S1_B2_0,Lesion_Lipid,15,Global_niche
S1_B2_0,Lesion_Tcell,148,Global_niche
S1_B2_0,Lesion_myeloid I,0,Global_niche
S1_B2_0,Lesion_myeloid II,454,Global_niche
S1_B2_0,Lesion_myeloid III,468,Global_niche
S1_B2_0,Meninges,981,Global_niche
S1_B2_0,Vasculature,12,Global_niche
S1_B2_0,Ventral_GM,404,Global_niche
S1_B2_0,Ventral_Rim_OL,69,Global_niche
S1_B2_0,WM,479,Global_niche
S1_B2_0,WM_MOL2,315,Global_niche
S1_B2_0,WM_OPC,152,Global_niche
S1_B2_1,Central_canal,53,Global_niche
S1_B2_1,DRG,15,Global_niche
S1_B2_1,DRG_reactive,146,Global_niche
S1_B2_1,Disease_GM I,452,Global_niche
S1_B2_1,Disease_GM II,18,Global_niche
S1_B2_1,Disease_GM III,74,Global_niche
S1_B2_1,Dorsal_GM,756,Global_niche
S1_B2_1,Dorsal_Rim_DAA,112,Global_niche
S1_B2_1,Dorsal_Rim_OL,216,Global_niche
S1_B2_1,GM,425,Global_niche
S1_B2_1,Lesion_Bcell,0,Global_niche
S1_B2_1,Lesion_DAA,57,Global_niche
S1_B2_1,Lesion_DAO I,348,Global_niche
S1_B2_1,Lesion_DAO II,0,Global_niche
S1_B2_1,Lesion_Foamy,0,Global_niche
S1_B2_1,Lesion_Lipid,0,Global_niche
S1_B2_1,Lesion_Tcell,1,Global_niche
S1_B2_1,Lesion_myeloid I,511,Global_niche
S1_B2_1,Lesion_myeloid II,32,Global_niche
S1_B2_1,Lesion_myeloid III,0,Global_niche
S1_B2_1,Meninges,1023,Global_niche
S1_B2_1,Vasculature,74,Global_niche
S1_B2_1,Ventral_GM,132,Global_niche
S1_B2_1,Ventral_Rim_OL,29,Global_niche
S1_B2_1,WM,455,Global_niche
S1_B2_1,WM_MOL2,98,Global_niche
S1_B2_1,WM_OPC,36,Global_niche
S1_B2_2,Central_canal,116,Global_niche
S1_B2_2,DRG,0,Global_niche
S1_B2_2,DRG_reactive,35,Global_niche
S1_B2_2,Disease_GM I,2353,Global_niche
S1_B2_2,Disease_GM II,5,Global_niche
S1_B2_2,Disease_GM III,228,Global_niche
S1_B2_2,Dorsal_GM,1121,Global_niche
S1_B2_2,Dorsal_Rim_DAA,185,Global_niche
S1_B2_2,Dorsal_Rim_OL,113,Global_niche
S1_B2_2,GM,396,Global_niche
S1_B2_2,Lesion_Bcell,50,Global_niche
S1_B2_2,Lesion_DAA,197,Global_niche
S1_B2_2,Lesion_DAO I,13,Global_niche
S1_B2_2,Lesion_DAO II,574,Global_niche
S1_B2_2,Lesion_Foamy,0,Global_niche
S1_B2_2,Lesion_Lipid,0,Global_niche
S1_B2_2,Lesion_Tcell,238,Global_niche
S1_B2_2,Lesion_myeloid I,45,Global_niche
S1_B2_2,Lesion_myeloid II,744,Global_niche
S1_B2_2,Lesion_myeloid III,620,Global_niche
S1_B2_2,Meninges,343,Global_niche
S1_B2_2,Vasculature,21,Global_niche
S1_B2_2,Ventral_GM,1013,Global_niche
S1_B2_2,Ventral_Rim_OL,0,Global_niche
S1_B2_2,WM,527,Global_niche
S1_B2_2,WM_MOL2,497,Global_niche
S1_B2_2,WM_OPC,240,Global_niche
S1_B3_0,Central_canal,83,Global_niche
S1_B3_0,DRG,91,Global_niche
S1_B3_0,DRG_reactive,23,Global_niche
S1_B3_0,Disease_GM I,60,Global_niche
S1_B3_0,Disease_GM II,0,Global_niche
S1_B3_0,Disease_GM III,0,Global_niche
S1_B3_0,Dorsal_GM,1563,Global_niche
S1_B3_0,Dorsal_Rim_DAA,43,Global_niche
S1_B3_0,Dorsal_Rim_OL,162,Global_niche
S1_B3_0,GM,2189,Global_niche
S1_B3_0,Lesion_Bcell,0,Global_niche
S1_B3_0,Lesion_DAA,249,Global_niche
S1_B3_0,Lesion_DAO I,203,Global_niche
S1_B3_0,Lesion_DAO II,0,Global_niche
S1_B3_0,Lesion_Foamy,0,Global_niche
S1_B3_0,Lesion_Lipid,0,Global_niche
S1_B3_0,Lesion_Tcell,11,Global_niche
S1_B3_0,Lesion_myeloid I,192,Global_niche
S1_B3_0,Lesion_myeloid II,56,Global_niche
S1_B3_0,Lesion_myeloid III,0,Global_niche
S1_B3_0,Meninges,130,Global_niche
S1_B3_0,Vasculature,141,Global_niche
S1_B3_0,Ventral_GM,263,Global_niche
S1_B3_0,Ventral_Rim_OL,344,Global_niche
S1_B3_0,WM,1122,Global_niche
S1_B3_0,WM_MOL2,311,Global_niche
S1_B3_0,WM_OPC,53,Global_niche
S1_B3_1,Central_canal,90,Global_niche
S1_B3_1,DRG,200,Global_niche
S1_B3_1,DRG_reactive,157,Global_niche
S1_B3_1,Disease_GM I,1491,Global_niche
S1_B3_1,Disease_GM II,14,Global_niche
S1_B3_1,Disease_GM III,33,Global_niche
S1_B3_1,Dorsal_GM,981,Global_niche
S1_B3_1,Dorsal_Rim_DAA,94,Global_niche
S1_B3_1,Dorsal_Rim_OL,158,Global_niche
S1_B3_1,GM,496,Global_niche
S1_B3_1,Lesion_Bcell,636,Global_niche
S1_B3_1,Lesion_DAA,157,Global_niche
S1_B3_1,Lesion_DAO I,1,Global_niche
S1_B3_1,Lesion_DAO II,452,Global_niche
S1_B3_1,Lesion_Foamy,16,Global_niche
S1_B3_1,Lesion_Lipid,0,Global_niche
S1_B3_1,Lesion_Tcell,187,Global_niche
S1_B3_1,Lesion_myeloid I,24,Global_niche
S1_B3_1,Lesion_myeloid II,499,Global_niche
S1_B3_1,Lesion_myeloid III,945,Global_niche
S1_B3_1,Meninges,383,Global_niche
S1_B3_1,Vasculature,125,Global_niche
S1_B3_1,Ventral_GM,349,Global_niche
S1_B3_1,Ventral_Rim_OL,22,Global_niche
S1_B3_1,WM,399,Global_niche
S1_B3_1,WM_MOL2,246,Global_niche
S1_B3_1,WM_OPC,150,Global_niche
S1_B3_2,Central_canal,78,Global_niche
S1_B3_2,DRG,0,Global_niche
S1_B3_2,DRG_reactive,47,Global_niche
S1_B3_2,Disease_GM I,639,Global_niche
S1_B3_2,Disease_GM II,5,Global_niche
S1_B3_2,Disease_GM III,2,Global_niche
S1_B3_2,Dorsal_GM,1053,Global_niche
S1_B3_2,Dorsal_Rim_DAA,4,Global_niche
S1_B3_2,Dorsal_Rim_OL,156,Global_niche
S1_B3_2,GM,510,Global_niche
S1_B3_2,Lesion_Bcell,113,Global_niche
S1_B3_2,Lesion_DAA,315,Global_niche
S1_B3_2,Lesion_DAO I,3,Global_niche
S1_B3_2,Lesion_DAO II,402,Global_niche
S1_B3_2,Lesion_Foamy,706,Global_niche
S1_B3_2,Lesion_Lipid,26,Global_niche
S1_B3_2,Lesion_Tcell,139,Global_niche
S1_B3_2,Lesion_myeloid I,16,Global_niche
S1_B3_2,Lesion_myeloid II,476,Global_niche
S1_B3_2,Lesion_myeloid III,407,Global_niche
S1_B3_2,Meninges,1869,Global_niche
S1_B3_2,Vasculature,15,Global_niche
S1_B3_2,Ventral_GM,358,Global_niche
S1_B3_2,Ventral_Rim_OL,5,Global_niche
S1_B3_2,WM,335,Global_niche
S1_B3_2,WM_MOL2,250,Global_niche
S1_B3_2,WM_OPC,139,Global_niche
S1_T1_0,Central_canal,79,Global_niche
S1_T1_0,DRG,10,Global_niche
S1_T1_0,DRG_reactive,0,Global_niche
S1_T1_0,Disease_GM I,60,Global_niche
S1_T1_0,Disease_GM II,0,Global_niche
S1_T1_0,Disease_GM III,0,Global_niche
S1_T1_0,Dorsal_GM,834,Global_niche
S1_T1_0,Dorsal_Rim_DAA,2,Global_niche
S1_T1_0,Dorsal_Rim_OL,150,Global_niche
S1_T1_0,GM,900,Global_niche
S1_T1_0,Lesion_Bcell,26,Global_niche
S1_T1_0,Lesion_DAA,413,Global_niche
S1_T1_0,Lesion_DAO I,0,Global_niche
S1_T1_0,Lesion_DAO II,0,Global_niche
S1_T1_0,Lesion_Foamy,27,Global_niche
S1_T1_0,Lesion_Lipid,54,Global_niche
S1_T1_0,Lesion_Tcell,10,Global_niche
S1_T1_0,Lesion_myeloid I,0,Global_niche
S1_T1_0,Lesion_myeloid II,168,Global_niche
S1_T1_0,Lesion_myeloid III,12,Global_niche
S1_T1_0,Meninges,937,Global_niche
S1_T1_0,Vasculature,84,Global_niche
S1_T1_0,Ventral_GM,92,Global_niche
S1_T1_0,Ventral_Rim_OL,192,Global_niche
S1_T1_0,WM,402,Global_niche
S1_T1_0,WM_MOL2,265,Global_niche
S1_T1_0,WM_OPC,57,Global_niche
S1_T1_1,Central_canal,101,Global_niche
S1_T1_1,DRG,138,Global_niche
S1_T1_1,DRG_reactive,0,Global_niche
S1_T1_1,Disease_GM I,46,Global_niche
S1_T1_1,Disease_GM II,0,Global_niche
S1_T1_1,Disease_GM III,0,Global_niche
S1_T1_1,Dorsal_GM,1141,Global_niche
S1_T1_1,Dorsal_Rim_DAA,1,Global_niche
S1_T1_1,Dorsal_Rim_OL,86,Global_niche
S1_T1_1,GM,2027,Global_niche
S1_T1_1,Lesion_Bcell,0,Global_niche
S1_T1_1,Lesion_DAA,1,Global_niche
S1_T1_1,Lesion_DAO I,0,Global_niche
S1_T1_1,Lesion_DAO II,0,Global_niche
S1_T1_1,Lesion_Foamy,0,Global_niche
S1_T1_1,Lesion_Lipid,0,Global_niche
S1_T1_1,Lesion_Tcell,0,Global_niche
S1_T1_1,Lesion_myeloid I,0,Global_niche
S1_T1_1,Lesion_myeloid II,3,Global_niche
S1_T1_1,Lesion_myeloid III,0,Global_niche
S1_T1_1,Meninges,150,Global_niche
S1_T1_1,Vasculature,100,Global_niche
S1_T1_1,Ventral_GM,232,Global_niche
S1_T1_1,Ventral_Rim_OL,364,Global_niche
S1_T1_1,WM,1085,Global_niche
S1_T1_1,WM_MOL2,0,Global_niche
S1_T1_1,WM_OPC,5,Global_niche
S1_T1_2,Central_canal,76,Global_niche
S1_T1_2,DRG,541,Global_niche
S1_T1_2,DRG_reactive,0,Global_niche
S1_T1_2,Disease_GM I,59,Global_niche
S1_T1_2,Disease_GM II,0,Global_niche
S1_T1_2,Disease_GM III,0,Global_niche
S1_T1_2,Dorsal_GM,1150,Global_niche
S1_T1_2,Dorsal_Rim_DAA,1,Global_niche
S1_T1_2,Dorsal_Rim_OL,152,Global_niche
S1_T1_2,GM,2211,Global_niche
S1_T1_2,Lesion_Bcell,0,Global_niche
S1_T1_2,Lesion_DAA,0,Global_niche
S1_T1_2,Lesion_DAO I,0,Global_niche
S1_T1_2,Lesion_DAO II,0,Global_niche
S1_T1_2,Lesion_Foamy,0,Global_niche
S1_T1_2,Lesion_Lipid,0,Global_niche
S1_T1_2,Lesion_Tcell,0,Global_niche
S1_T1_2,Lesion_myeloid I,0,Global_niche
S1_T1_2,Lesion_myeloid II,7,Global_niche
S1_T1_2,Lesion_myeloid III,0,Global_niche
S1_T1_2,Meninges,707,Global_niche
S1_T1_2,Vasculature,48,Global_niche
S1_T1_2,Ventral_GM,252,Global_niche
S1_T1_2,Ventral_Rim_OL,458,Global_niche
S1_T1_2,WM,1839,Global_niche
S1_T1_2,WM_MOL2,0,Global_niche
S1_T1_2,WM_OPC,13,Global_niche
S1_T2_0,Central_canal,85,Global_niche
S1_T2_0,DRG,0,Global_niche
S1_T2_0,DRG_reactive,60,Global_niche
S1_T2_0,Disease_GM I,1884,Global_niche
S1_T2_0,Disease_GM II,149,Global_niche
S1_T2_0,Disease_GM III,182,Global_niche
S1_T2_0,Dorsal_GM,468,Global_niche
S1_T2_0,Dorsal_Rim_DAA,294,Global_niche
S1_T2_0,Dorsal_Rim_OL,7,Global_niche
S1_T2_0,GM,65,Global_niche
S1_T2_0,Lesion_Bcell,250,Global_niche
S1_T2_0,Lesion_DAA,1,Global_niche
S1_T2_0,Lesion_DAO I,378,Global_niche
S1_T2_0,Lesion_DAO II,580,Global_niche
S1_T2_0,Lesion_Foamy,37,Global_niche
S1_T2_0,Lesion_Lipid,0,Global_niche
S1_T2_0,Lesion_Tcell,89,Global_niche
S1_T2_0,Lesion_myeloid I,1936,Global_niche
S1_T2_0,Lesion_myeloid II,875,Global_niche
S1_T2_0,Lesion_myeloid III,780,Global_niche
S1_T2_0,Meninges,156,Global_niche
S1_T2_0,Vasculature,10,Global_niche
S1_T2_0,Ventral_GM,1105,Global_niche
S1_T2_0,Ventral_Rim_OL,0,Global_niche
S1_T2_0,WM,75,Global_niche
S1_T2_0,WM_MOL2,3,Global_niche
S1_T2_0,WM_OPC,14,Global_niche
S1_T2_1,Central_canal,99,Global_niche
S1_T2_1,DRG,106,Global_niche
S1_T2_1,DRG_reactive,0,Global_niche
S1_T2_1,Disease_GM I,25,Global_niche
S1_T2_1,Disease_GM II,0,Global_niche
S1_T2_1,Disease_GM III,0,Global_niche
S1_T2_1,Dorsal_GM,946,Global_niche
S1_T2_1,Dorsal_Rim_DAA,1,Global_niche
S1_T2_1,Dorsal_Rim_OL,125,Global_niche
S1_T2_1,GM,1214,Global_niche
S1_T2_1,Lesion_Bcell,0,Global_niche
S1_T2_1,Lesion_DAA,8,Global_niche
S1_T2_1,Lesion_DAO I,0,Global_niche
S1_T2_1,Lesion_DAO II,0,Global_niche
S1_T2_1,Lesion_Foamy,0,Global_niche
S1_T2_1,Lesion_Lipid,0,Global_niche
S1_T2_1,Lesion_Tcell,3,Global_niche
S1_T2_1,Lesion_myeloid I,0,Global_niche
S1_T2_1,Lesion_myeloid II,13,Global_niche
S1_T2_1,Lesion_myeloid III,0,Global_niche
S1_T2_1,Meninges,469,Global_niche
S1_T2_1,Vasculature,38,Global_niche
S1_T2_1,Ventral_GM,144,Global_niche
S1_T2_1,Ventral_Rim_OL,220,Global_niche
S1_T2_1,WM,793,Global_niche
S1_T2_1,WM_MOL2,14,Global_niche
S1_T2_1,WM_OPC,7,Global_niche
S1_T2_2,Central_canal,131,Global_niche
S1_T2_2,DRG,490,Global_niche
S1_T2_2,DRG_reactive,32,Global_niche
S1_T2_2,Disease_GM I,182,Global_niche
S1_T2_2,Disease_GM II,0,Global_niche
S1_T2_2,Disease_GM III,0,Global_niche
S1_T2_2,Dorsal_GM,1100,Global_niche
S1_T2_2,Dorsal_Rim_DAA,5,Global_niche
S1_T2_2,Dorsal_Rim_OL,143,Global_niche
S1_T2_2,GM,1710,Global_niche
S1_T2_2,Lesion_Bcell,2,Global_niche
S1_T2_2,Lesion_DAA,386,Global_niche
S1_T2_2,Lesion_DAO I,0,Global_niche
S1_T2_2,Lesion_DAO II,4,Global_niche
S1_T2_2,Lesion_Foamy,5,Global_niche
S1_T2_2,Lesion_Lipid,59,Global_niche
S1_T2_2,Lesion_Tcell,19,Global_niche
S1_T2_2,Lesion_myeloid I,0,Global_niche
S1_T2_2,Lesion_myeloid II,211,Global_niche
S1_T2_2,Lesion_myeloid III,19,Global_niche
S1_T2_2,Meninges,1025,Global_niche
S1_T2_2,Vasculature,101,Global_niche
S1_T2_2,Ventral_GM,301,Global_niche
S1_T2_2,Ventral_Rim_OL,259,Global_niche
S1_T2_2,WM,575,Global_niche
S1_T2_2,WM_MOL2,201,Global_niche
S1_T2_2,WM_OPC,51,Global_niche
S1_T3_0,Central_canal,98,Global_niche
S1_T3_0,DRG,163,Global_niche
S1_T3_0,DRG_reactive,204,Global_niche
S1_T3_0,Disease_GM I,1640,Global_niche
S1_T3_0,Disease_GM II,116,Global_niche
S1_T3_0,Disease_GM III,184,Global_niche
S1_T3_0,Dorsal_GM,597,Global_niche
S1_T3_0,Dorsal_Rim_DAA,356,Global_niche
S1_T3_0,Dorsal_Rim_OL,9,Global_niche
S1_T3_0,GM,36,Global_niche
S1_T3_0,Lesion_Bcell,598,Global_niche
S1_T3_0,Lesion_DAA,30,Global_niche
S1_T3_0,Lesion_DAO I,21,Global_niche
S1_T3_0,Lesion_DAO II,748,Global_niche
S1_T3_0,Lesion_Foamy,1021,Global_niche
S1_T3_0,Lesion_Lipid,0,Global_niche
S1_T3_0,Lesion_Tcell,117,Global_niche
S1_T3_0,Lesion_myeloid I,1871,Global_niche
S1_T3_0,Lesion_myeloid II,1260,Global_niche
S1_T3_0,Lesion_myeloid III,1701,Global_niche
S1_T3_0,Meninges,556,Global_niche
S1_T3_0,Vasculature,4,Global_niche
S1_T3_0,Ventral_GM,619,Global_niche
S1_T3_0,Ventral_Rim_OL,0,Global_niche
S1_T3_0,WM,69,Global_niche
S1_T3_0,WM_MOL2,39,Global_niche
S1_T3_0,WM_OPC,38,Global_niche
S1_T3_1,Central_canal,106,Global_niche
S1_T3_1,DRG,167,Global_niche
S1_T3_1,DRG_reactive,185,Global_niche
S1_T3_1,Disease_GM I,113,Global_niche
S1_T3_1,Disease_GM II,0,Global_niche
S1_T3_1,Disease_GM III,0,Global_niche
S1_T3_1,Dorsal_GM,1306,Global_niche
S1_T3_1,Dorsal_Rim_DAA,0,Global_niche
S1_T3_1,Dorsal_Rim_OL,223,Global_niche
S1_T3_1,GM,2249,Global_niche
S1_T3_1,Lesion_Bcell,27,Global_niche
S1_T3_1,Lesion_DAA,678,Global_niche
S1_T3_1,Lesion_DAO I,0,Global_niche
S1_T3_1,Lesion_DAO II,3,Global_niche
S1_T3_1,Lesion_Foamy,9,Global_niche
S1_T3_1,Lesion_Lipid,79,Global_niche
S1_T3_1,Lesion_Tcell,21,Global_niche
S1_T3_1,Lesion_myeloid I,0,Global_niche
S1_T3_1,Lesion_myeloid II,311,Global_niche
S1_T3_1,Lesion_myeloid III,83,Global_niche
S1_T3_1,Meninges,1156,Global_niche
S1_T3_1,Vasculature,97,Global_niche
S1_T3_1,Ventral_GM,254,Global_niche
S1_T3_1,Ventral_Rim_OL,387,Global_niche
S1_T3_1,WM,993,Global_niche
S1_T3_1,WM_MOL2,397,Global_niche
S1_T3_1,WM_OPC,123,Global_niche
S1_T3_2,Central_canal,82,Global_niche
S1_T3_2,DRG,144,Global_niche
S1_T3_2,DRG_reactive,299,Global_niche
S1_T3_2,Disease_GM I,1130,Global_niche
S1_T3_2,Disease_GM II,112,Global_niche
S1_T3_2,Disease_GM III,254,Global_niche
S1_T3_2,Dorsal_GM,342,Global_niche
S1_T3_2,Dorsal_Rim_DAA,339,Global_niche
S1_T3_2,Dorsal_Rim_OL,4,Global_niche
S1_T3_2,GM,10,Global_niche
S1_T3_2,Lesion_Bcell,140,Global_niche
S1_T3_2,Lesion_DAA,5,Global_niche
S1_T3_2,Lesion_DAO I,36,Global_niche
S1_T3_2,Lesion_DAO II,451,Global_niche
S1_T3_2,Lesion_Foamy,1503,Global_niche
S1_T3_2,Lesion_Lipid,0,Global_niche
S1_T3_2,Lesion_Tcell,47,Global_niche
S1_T3_2,Lesion_myeloid I,1365,Global_niche
S1_T3_2,Lesion_myeloid II,742,Global_niche
S1_T3_2,Lesion_myeloid III,856,Global_niche
S1_T3_2,Meninges,359,Global_niche
S1_T3_2,Vasculature,27,Global_niche
S1_T3_2,Ventral_GM,216,Global_niche
S1_T3_2,Ventral_Rim_OL,0,Global_niche
S1_T3_2,WM,60,Global_niche
S1_T3_2,WM_MOL2,20,Global_niche
S1_T3_2,WM_OPC,20,Global_niche
S2_B1_0,Central_canal,82,Global_niche
S2_B1_0,DRG,67,Global_niche
S2_B1_0,DRG_reactive,9,Global_niche
S2_B1_0,Disease_GM I,423,Global_niche
S2_B1_0,Disease_GM II,679,Global_niche
S2_B1_0,Disease_GM III,367,Global_niche
S2_B1_0,Dorsal_GM,318,Global_niche
S2_B1_0,Dorsal_Rim_DAA,269,Global_niche
S2_B1_0,Dorsal_Rim_OL,6,Global_niche
S2_B1_0,GM,46,Global_niche
S2_B1_0,Lesion_Bcell,0,Global_niche
S2_B1_0,Lesion_DAA,40,Global_niche
S2_B1_0,Lesion_DAO I,712,Global_niche
S2_B1_0,Lesion_DAO II,1,Global_niche
S2_B1_0,Lesion_Foamy,0,Global_niche
S2_B1_0,Lesion_Lipid,0,Global_niche
S2_B1_0,Lesion_Tcell,1,Global_niche
S2_B1_0,Lesion_myeloid I,956,Global_niche
S2_B1_0,Lesion_myeloid II,27,Global_niche
S2_B1_0,Lesion_myeloid III,0,Global_niche
S2_B1_0,Meninges,257,Global_niche
S2_B1_0,Vasculature,7,Global_niche
S2_B1_0,Ventral_GM,194,Global_niche
S2_B1_0,Ventral_Rim_OL,8,Global_niche
S2_B1_0,WM,236,Global_niche
S2_B1_0,WM_MOL2,35,Global_niche
S2_B1_0,WM_OPC,25,Global_niche
S2_B1_1,Central_canal,83,Global_niche
S2_B1_1,DRG,151,Global_niche
S2_B1_1,DRG_reactive,177,Global_niche
S2_B1_1,Disease_GM I,830,Global_niche
S2_B1_1,Disease_GM II,0,Global_niche
S2_B1_1,Disease_GM III,32,Global_niche
S2_B1_1,Dorsal_GM,1049,Global_niche
S2_B1_1,Dorsal_Rim_DAA,29,Global_niche
S2_B1_1,Dorsal_Rim_OL,157,Global_niche
S2_B1_1,GM,400,Global_niche
S2_B1_1,Lesion_Bcell,255,Global_niche
S2_B1_1,Lesion_DAA,335,Global_niche
S2_B1_1,Lesion_DAO I,0,Global_niche
S2_B1_1,Lesion_DAO II,399,Global_niche
S2_B1_1,Lesion_Foamy,1171,Global_niche
S2_B1_1,Lesion_Lipid,80,Global_niche
S2_B1_1,Lesion_Tcell,118,Global_niche
S2_B1_1,Lesion_myeloid I,31,Global_niche
S2_B1_1,Lesion_myeloid II,629,Global_niche
S2_B1_1,Lesion_myeloid III,343,Global_niche
S2_B1_1,Meninges,1260,Global_niche
S2_B1_1,Vasculature,20,Global_niche
S2_B1_1,Ventral_GM,612,Global_niche
S2_B1_1,Ventral_Rim_OL,0,Global_niche
S2_B1_1,WM,458,Global_niche
S2_B1_1,WM_MOL2,275,Global_niche
S2_B1_1,WM_OPC,146,Global_niche
S2_B1_2,Central_canal,103,Global_niche
S2_B1_2,DRG,190,Global_niche
S2_B1_2,DRG_reactive,30,Global_niche
S2_B1_2,Disease_GM I,102,Global_niche
S2_B1_2,Disease_GM II,0,Global_niche
S2_B1_2,Disease_GM III,0,Global_niche
S2_B1_2,Dorsal_GM,2174,Global_niche
S2_B1_2,Dorsal_Rim_DAA,0,Global_niche
S2_B1_2,Dorsal_Rim_OL,286,Global_niche
S2_B1_2,GM,2217,Global_niche
S2_B1_2,Lesion_Bcell,17,Global_niche
S2_B1_2,Lesion_DAA,97,Global_niche
S2_B1_2,Lesion_DAO I,42,Global_niche
S2_B1_2,Lesion_DAO II,0,Global_niche
S2_B1_2,Lesion_Foamy,0,Global_niche
S2_B1_2,Lesion_Lipid,0,Global_niche
S2_B1_2,Lesion_Tcell,9,Global_niche
S2_B1_2,Lesion_myeloid I,335,Global_niche
S2_B1_2,Lesion_myeloid II,76,Global_niche
S2_B1_2,Lesion_myeloid III,0,Global_niche
S2_B1_2,Meninges,502,Global_niche
S2_B1_2,Vasculature,104,Global_niche
S2_B1_2,Ventral_GM,213,Global_niche
S2_B1_2,Ventral_Rim_OL,355,Global_niche
S2_B1_2,WM,1351,Global_niche
S2_B1_2,WM_MOL2,146,Global_niche
S2_B1_2,WM_OPC,33,Global_niche
S2_B2_0,Central_canal,146,Global_niche
S2_B2_0,DRG,424,Global_niche
S2_B2_0,DRG_reactive,91,Global_niche
S2_B2_0,Disease_GM I,1303,Global_niche
S2_B2_0,Disease_GM II,0,Global_niche
S2_B2_0,Disease_GM III,28,Global_niche
S2_B2_0,Dorsal_GM,2283,Global_niche
S2_B2_0,Dorsal_Rim_DAA,70,Global_niche
S2_B2_0,Dorsal_Rim_OL,315,Global_niche
S2_B2_0,GM,1666,Global_niche
S2_B2_0,Lesion_Bcell,55,Global_niche
S2_B2_0,Lesion_DAA,487,Global_niche
S2_B2_0,Lesion_DAO I,5,Global_niche
S2_B2_0,Lesion_DAO II,437,Global_niche
S2_B2_0,Lesion_Foamy,448,Global_niche
S2_B2_0,Lesion_Lipid,66,Global_niche
S2_B2_0,Lesion_Tcell,178,Global_niche
S2_B2_0,Lesion_myeloid I,226,Global_niche
S2_B2_0,Lesion_myeloid II,771,Global_niche
S2_B2_0,Lesion_myeloid III,423,Global_niche
S2_B2_0,Meninges,1567,Global_niche
S2_B2_0,Vasculature,51,Global_niche
S2_B2_0,Ventral_GM,388,Global_niche
S2_B2_0,Ventral_Rim_OL,102,Global_niche
S2_B2_0,WM,803,Global_niche
S2_B2_0,WM_MOL2,458,Global_niche
S2_B2_0,WM_OPC,198,Global_niche
S2_B2_1,Central_canal,69,Global_niche
S2_B2_1,DRG,0,Global_niche
S2_B2_1,DRG_reactive,3,Global_niche
S2_B2_1,Disease_GM I,476,Global_niche
S2_B2_1,Disease_GM II,0,Global_niche
S2_B2_1,Disease_GM III,16,Global_niche
S2_B2_1,Dorsal_GM,826,Global_niche
S2_B2_1,Dorsal_Rim_DAA,23,Global_niche
S2_B2_1,Dorsal_Rim_OL,110,Global_niche
S2_B2_1,GM,478,Global_niche
S2_B2_1,Lesion_Bcell,11,Global_niche
S2_B2_1,Lesion_DAA,340,Global_niche
S2_B2_1,Lesion_DAO I,2,Global_niche
S2_B2_1,Lesion_DAO II,234,Global_niche
S2_B2_1,Lesion_Foamy,362,Global_niche
S2_B2_1,Lesion_Lipid,7,Global_niche
S2_B2_1,Lesion_Tcell,106,Global_niche
S2_B2_1,Lesion_myeloid I,12,Global_niche
S2_B2_1,Lesion_myeloid II,384,Global_niche
S2_B2_1,Lesion_myeloid III,482,Global_niche
S2_B2_1,Meninges,616,Global_niche
S2_B2_1,Vasculature,60,Global_niche
S2_B2_1,Ventral_GM,265,Global_niche
S2_B2_1,Ventral_Rim_OL,45,Global_niche
S2_B2_1,WM,369,Global_niche
S2_B2_1,WM_MOL2,292,Global_niche
S2_B2_1,WM_OPC,119,Global_niche
S2_B2_2,Central_canal,90,Global_niche
S2_B2_2,DRG,463,Global_niche
S2_B2_2,DRG_reactive,282,Global_niche
S2_B2_2,Disease_GM I,530,Global_niche
S2_B2_2,Disease_GM II,0,Global_niche
S2_B2_2,Disease_GM III,0,Global_niche
S2_B2_2,Dorsal_GM,1126,Global_niche
S2_B2_2,Dorsal_Rim_DAA,10,Global_niche
S2_B2_2,Dorsal_Rim_OL,168,Global_niche
S2_B2_2,GM,1349,Global_niche
S2_B2_2,Lesion_Bcell,142,Global_niche
S2_B2_2,Lesion_DAA,620,Global_niche
S2_B2_2,Lesion_DAO I,2,Global_niche
S2_B2_2,Lesion_DAO II,158,Global_niche
S2_B2_2,Lesion_Foamy,287,Global_niche
S2_B2_2,Lesion_Lipid,27,Global_niche
S2_B2_2,Lesion_Tcell,104,Global_niche
S2_B2_2,Lesion_myeloid I,17,Global_niche
S2_B2_2,Lesion_myeloid II,312,Global_niche
S2_B2_2,Lesion_myeloid III,835,Global_niche
S2_B2_2,Meninges,1544,Global_niche
S2_B2_2,Vasculature,114,Global_niche
S2_B2_2,Ventral_GM,254,Global_niche
S2_B2_2,Ventral_Rim_OL,128,Global_niche
S2_B2_2,WM,483,Global_niche
S2_B2_2,WM_MOL2,300,Global_niche
S2_B2_2,WM_OPC,107,Global_niche
S2_B3_0,Central_canal,88,Global_niche
S2_B3_0,DRG,0,Global_niche
S2_B3_0,DRG_reactive,917,Global_niche
S2_B3_0,Disease_GM I,1057,Global_niche
S2_B3_0,Disease_GM II,673,Global_niche
S2_B3_0,Disease_GM III,222,Global_niche
S2_B3_0,Dorsal_GM,641,Global_niche
S2_B3_0,Dorsal_Rim_DAA,220,Global_niche
S2_B3_0,Dorsal_Rim_OL,43,Global_niche
S2_B3_0,GM,115,Global_niche
S2_B3_0,Lesion_Bcell,0,Global_niche
S2_B3_0,Lesion_DAA,9,Global_niche
S2_B3_0,Lesion_DAO I,991,Global_niche
S2_B3_0,Lesion_DAO II,0,Global_niche
S2_B3_0,Lesion_Foamy,0,Global_niche
S2_B3_0,Lesion_Lipid,0,Global_niche
S2_B3_0,Lesion_Tcell,4,Global_niche
S2_B3_0,Lesion_myeloid I,1057,Global_niche
S2_B3_0,Lesion_myeloid II,7,Global_niche
S2_B3_0,Lesion_myeloid III,0,Global_niche
S2_B3_0,Meninges,688,Global_niche
S2_B3_0,Vasculature,1,Global_niche
S2_B3_0,Ventral_GM,53,Global_niche
S2_B3_0,Ventral_Rim_OL,2,Global_niche
S2_B3_0,WM,158,Global_niche
S2_B3_0,WM_MOL2,9,Global_niche
S2_B3_0,WM_OPC,6,Global_niche
S2_B3_1,Central_canal,103,Global_niche
S2_B3_1,DRG,90,Global_niche
S2_B3_1,DRG_reactive,180,Global_niche
S2_B3_1,Disease_GM I,1176,Global_niche
S2_B3_1,Disease_GM II,23,Global_niche
S2_B3_1,Disease_GM III,39,Global_niche
S2_B3_1,Dorsal_GM,1959,Global_niche
S2_B3_1,Dorsal_Rim_DAA,112,Global_niche
S2_B3_1,Dorsal_Rim_OL,205,Global_niche
S2_B3_1,GM,1296,Global_niche
S2_B3_1,Lesion_Bcell,33,Global_niche
S2_B3_1,Lesion_DAA,249,Global_niche
S2_B3_1,Lesion_DAO I,202,Global_niche
S2_B3_1,Lesion_DAO II,569,Global_niche
S2_B3_1,Lesion_Foamy,421,Global_niche
S2_B3_1,Lesion_Lipid,0,Global_niche
S2_B3_1,Lesion_Tcell,194,Global_niche
S2_B3_1,Lesion_myeloid I,191,Global_niche
S2_B3_1,Lesion_myeloid II,568,Global_niche
S2_B3_1,Lesion_myeloid III,807,Global_niche
S2_B3_1,Meninges,1246,Global_niche
S2_B3_1,Vasculature,33,Global_niche
S2_B3_1,Ventral_GM,328,Global_niche
S2_B3_1,Ventral_Rim_OL,42,Global_niche
S2_B3_1,WM,507,Global_niche
S2_B3_1,WM_MOL2,320,Global_niche
S2_B3_1,WM_OPC,158,Global_niche
S2_B3_2,Central_canal,84,Global_niche
S2_B3_2,DRG,13,Global_niche
S2_B3_2,DRG_reactive,101,Global_niche
S2_B3_2,Disease_GM I,574,Global_niche
S2_B3_2,Disease_GM II,5,Global_niche
S2_B3_2,Disease_GM III,47,Global_niche
S2_B3_2,Dorsal_GM,713,Global_niche
S2_B3_2,Dorsal_Rim_DAA,78,Global_niche
S2_B3_2,Dorsal_Rim_OL,200,Global_niche
S2_B3_2,GM,391,Global_niche
S2_B3_2,Lesion_Bcell,15,Global_niche
S2_B3_2,Lesion_DAA,496,Global_niche
S2_B3_2,Lesion_DAO I,0,Global_niche
S2_B3_2,Lesion_DAO II,342,Global_niche
S2_B3_2,Lesion_Foamy,260,Global_niche
S2_B3_2,Lesion_Lipid,56,Global_niche
S2_B3_2,Lesion_Tcell,117,Global_niche
S2_B3_2,Lesion_myeloid I,0,Global_niche
S2_B3_2,Lesion_myeloid II,617,Global_niche
S2_B3_2,Lesion_myeloid III,325,Global_niche
S2_B3_2,Meninges,796,Global_niche
S2_B3_2,Vasculature,81,Global_niche
S2_B3_2,Ventral_GM,231,Global_niche
S2_B3_2,Ventral_Rim_OL,6,Global_niche
S2_B3_2,WM,506,Global_niche
S2_B3_2,WM_MOL2,335,Global_niche
S2_B3_2,WM_OPC,138,Global_niche
S2_T1_0,Central_canal,70,Global_niche
S2_T1_0,DRG,48,Global_niche
S2_T1_0,DRG_reactive,348,Global_niche
S2_T1_0,Disease_GM I,1494,Global_niche
S2_T1_0,Disease_GM II,921,Global_niche
S2_T1_0,Disease_GM III,437,Global_niche
S2_T1_0,Dorsal_GM,245,Global_niche
S2_T1_0,Dorsal_Rim_DAA,518,Global_niche
S2_T1_0,Dorsal_Rim_OL,4,Global_niche
S2_T1_0,GM,13,Global_niche
S2_T1_0,Lesion_Bcell,311,Global_niche
S2_T1_0,Lesion_DAA,28,Global_niche
S2_T1_0,Lesion_DAO I,1058,Global_niche
S2_T1_0,Lesion_DAO II,317,Global_niche
S2_T1_0,Lesion_Foamy,2949,Global_niche
S2_T1_0,Lesion_Lipid,0,Global_niche
S2_T1_0,Lesion_Tcell,51,Global_niche
S2_T1_0,Lesion_myeloid I,4039,Global_niche
S2_T1_0,Lesion_myeloid II,484,Global_niche
S2_T1_0,Lesion_myeloid III,1007,Global_niche
S2_T1_0,Meninges,840,Global_niche
S2_T1_0,Vasculature,34,Global_niche
S2_T1_0,Ventral_GM,1099,Global_niche
S2_T1_0,Ventral_Rim_OL,0,Global_niche
S2_T1_0,WM,120,Global_niche
S2_T1_0,WM_MOL2,11,Global_niche
S2_T1_0,WM_OPC,24,Global_niche
S2_T1_1,Central_canal,121,Global_niche
S2_T1_1,DRG,353,Global_niche
S2_T1_1,DRG_reactive,0,Global_niche
S2_T1_1,Disease_GM I,67,Global_niche
S2_T1_1,Disease_GM II,0,Global_niche
S2_T1_1,Disease_GM III,0,Global_niche
S2_T1_1,Dorsal_GM,1553,Global_niche
S2_T1_1,Dorsal_Rim_DAA,6,Global_niche
S2_T1_1,Dorsal_Rim_OL,143,Global_niche
S2_T1_1,GM,2399,Global_niche
S2_T1_1,Lesion_Bcell,0,Global_niche
S2_T1_1,Lesion_DAA,0,Global_niche
S2_T1_1,Lesion_DAO I,0,Global_niche
S2_T1_1,Lesion_DAO II,0,Global_niche
S2_T1_1,Lesion_Foamy,0,Global_niche
S2_T1_1,Lesion_Lipid,0,Global_niche
S2_T1_1,Lesion_Tcell,1,Global_niche
S2_T1_1,Lesion_myeloid I,0,Global_niche
S2_T1_1,Lesion_myeloid II,6,Global_niche
S2_T1_1,Lesion_myeloid III,0,Global_niche
S2_T1_1,Meninges,918,Global_niche
S2_T1_1,Vasculature,295,Global_niche
S2_T1_1,Ventral_GM,409,Global_niche
S2_T1_1,Ventral_Rim_OL,467,Global_niche
S2_T1_1,WM,1248,Global_niche
S2_T1_1,WM_MOL2,0,Global_niche
S2_T1_1,WM_OPC,7,Global_niche
S2_T1_2,Central_canal,104,Global_niche
S2_T1_2,DRG,109,Global_niche
S2_T1_2,DRG_reactive,0,Global_niche
S2_T1_2,Disease_GM I,56,Global_niche
S2_T1_2,Disease_GM II,0,Global_niche
S2_T1_2,Disease_GM III,0,Global_niche
S2_T1_2,Dorsal_GM,1792,Global_niche
S2_T1_2,Dorsal_Rim_DAA,3,Global_niche
S2_T1_2,Dorsal_Rim_OL,157,Global_niche
S2_T1_2,GM,2634,Global_niche
S2_T1_2,Lesion_Bcell,0,Global_niche
S2_T1_2,Lesion_DAA,0,Global_niche
S2_T1_2,Lesion_DAO I,0,Global_niche
S2_T1_2,Lesion_DAO II,0,Global_niche
S2_T1_2,Lesion_Foamy,0,Global_niche
S2_T1_2,Lesion_Lipid,0,Global_niche
S2_T1_2,Lesion_Tcell,0,Global_niche
S2_T1_2,Lesion_myeloid I,1,Global_niche
S2_T1_2,Lesion_myeloid II,3,Global_niche
S2_T1_2,Lesion_myeloid III,1,Global_niche
S2_T1_2,Meninges,924,Global_niche
S2_T1_2,Vasculature,110,Global_niche
S2_T1_2,Ventral_GM,382,Global_niche
S2_T1_2,Ventral_Rim_OL,434,Global_niche
S2_T1_2,WM,1918,Global_niche
S2_T1_2,WM_MOL2,0,Global_niche
S2_T1_2,WM_OPC,3,Global_niche
S2_T2_0,Central_canal,142,Global_niche
S2_T2_0,DRG,181,Global_niche
S2_T2_0,DRG_reactive,387,Global_niche
S2_T2_0,Disease_GM I,2031,Global_niche
S2_T2_0,Disease_GM II,249,Global_niche
S2_T2_0,Disease_GM III,473,Global_niche
S2_T2_0,Dorsal_GM,494,Global_niche
S2_T2_0,Dorsal_Rim_DAA,328,Global_niche
S2_T2_0,Dorsal_Rim_OL,12,Global_niche
S2_T2_0,GM,78,Global_niche
S2_T2_0,Lesion_Bcell,879,Global_niche
S2_T2_0,Lesion_DAA,55,Global_niche
S2_T2_0,Lesion_DAO I,577,Global_niche
S2_T2_0,Lesion_DAO II,381,Global_niche
S2_T2_0,Lesion_Foamy,1586,Global_niche
S2_T2_0,Lesion_Lipid,0,Global_niche
S2_T2_0,Lesion_Tcell,70,Global_niche
S2_T2_0,Lesion_myeloid I,1787,Global_niche
S2_T2_0,Lesion_myeloid II,504,Global_niche
S2_T2_0,Lesion_myeloid III,1766,Global_niche
S2_T2_0,Meninges,621,Global_niche
S2_T2_0,Vasculature,120,Global_niche
S2_T2_0,Ventral_GM,985,Global_niche
S2_T2_0,Ventral_Rim_OL,0,Global_niche
S2_T2_0,WM,304,Global_niche
S2_T2_0,WM_MOL2,39,Global_niche
S2_T2_0,WM_OPC,40,Global_niche
S2_T2_1,Central_canal,66,Global_niche
S2_T2_1,DRG,34,Global_niche
S2_T2_1,DRG_reactive,0,Global_niche
S2_T2_1,Disease_GM I,17,Global_niche
S2_T2_1,Disease_GM II,0,Global_niche
S2_T2_1,Disease_GM III,0,Global_niche
S2_T2_1,Dorsal_GM,798,Global_niche
S2_T2_1,Dorsal_Rim_DAA,4,Global_niche
S2_T2_1,Dorsal_Rim_OL,117,Global_niche
S2_T2_1,GM,799,Global_niche
S2_T2_1,Lesion_Bcell,0,Global_niche
S2_T2_1,Lesion_DAA,3,Global_niche
S2_T2_1,Lesion_DAO I,0,Global_niche
S2_T2_1,Lesion_DAO II,0,Global_niche
S2_T2_1,Lesion_Foamy,0,Global_niche
S2_T2_1,Lesion_Lipid,0,Global_niche
S2_T2_1,Lesion_Tcell,0,Global_niche
S2_T2_1,Lesion_myeloid I,2,Global_niche
S2_T2_1,Lesion_myeloid II,3,Global_niche
S2_T2_1,Lesion_myeloid III,5,Global_niche
S2_T2_1,Meninges,700,Global_niche
S2_T2_1,Vasculature,62,Global_niche
S2_T2_1,Ventral_GM,101,Global_niche
S2_T2_1,Ventral_Rim_OL,202,Global_niche
S2_T2_1,WM,926,Global_niche
S2_T2_1,WM_MOL2,0,Global_niche
S2_T2_1,WM_OPC,9,Global_niche
S2_T2_2,Central_canal,99,Global_niche
S2_T2_2,DRG,371,Global_niche
S2_T2_2,DRG_reactive,231,Global_niche
S2_T2_2,Disease_GM I,166,Global_niche
S2_T2_2,Disease_GM II,0,Global_niche
S2_T2_2,Disease_GM III,0,Global_niche
S2_T2_2,Dorsal_GM,1060,Global_niche
S2_T2_2,Dorsal_Rim_DAA,3,Global_niche
S2_T2_2,Dorsal_Rim_OL,151,Global_niche
S2_T2_2,GM,1470,Global_niche
S2_T2_2,Lesion_Bcell,87,Global_niche
S2_T2_2,Lesion_DAA,496,Global_niche
S2_T2_2,Lesion_DAO I,0,Global_niche
S2_T2_2,Lesion_DAO II,29,Global_niche
S2_T2_2,Lesion_Foamy,58,Global_niche
S2_T2_2,Lesion_Lipid,0,Global_niche
S2_T2_2,Lesion_Tcell,44,Global_niche
S2_T2_2,Lesion_myeloid I,0,Global_niche
S2_T2_2,Lesion_myeloid II,335,Global_niche
S2_T2_2,Lesion_myeloid III,214,Global_niche
S2_T2_2,Meninges,1064,Global_niche
S2_T2_2,Vasculature,58,Global_niche
S2_T2_2,Ventral_GM,198,Global_niche
S2_T2_2,Ventral_Rim_OL,281,Global_niche
S2_T2_2,WM,644,Global_niche
S2_T2_2,WM_MOL2,372,Global_niche
S2_T2_2,WM_OPC,158,Global_niche
S2_T3_0,Central_canal,63,Global_niche
S2_T3_0,DRG,100,Global_niche
S2_T3_0,DRG_reactive,68,Global_niche
S2_T3_0,Disease_GM I,96,Global_niche
S2_T3_0,Disease_GM II,0,Global_niche
S2_T3_0,Disease_GM III,3,Global_niche
S2_T3_0,Dorsal_GM,943,Global_niche
S2_T3_0,Dorsal_Rim_DAA,5,Global_niche
S2_T3_0,Dorsal_Rim_OL,153,Global_niche
S2_T3_0,GM,975,Global_niche
S2_T3_0,Lesion_Bcell,65,Global_niche
S2_T3_0,Lesion_DAA,431,Global_niche
S2_T3_0,Lesion_DAO I,0,Global_niche
S2_T3_0,Lesion_DAO II,53,Global_niche
S2_T3_0,Lesion_Foamy,122,Global_niche
S2_T3_0,Lesion_Lipid,40,Global_niche
S2_T3_0,Lesion_Tcell,46,Global_niche
S2_T3_0,Lesion_myeloid I,0,Global_niche
S2_T3_0,Lesion_myeloid II,374,Global_niche
S2_T3_0,Lesion_myeloid III,151,Global_niche
S2_T3_0,Meninges,932,Global_niche
S2_T3_0,Vasculature,51,Global_niche
S2_T3_0,Ventral_GM,187,Global_niche
S2_T3_0,Ventral_Rim_OL,171,Global_niche
S2_T3_0,WM,423,Global_niche
S2_T3_0,WM_MOL2,429,Global_niche
S2_T3_0,WM_OPC,159,Global_niche
S2_T3_1,Central_canal,103,Global_niche
S2_T3_1,DRG,107,Global_niche
S2_T3_1,DRG_reactive,157,Global_niche
S2_T3_1,Disease_GM I,1057,Global_niche
S2_T3_1,Disease_GM II,75,Global_niche
S2_T3_1,Disease_GM III,39,Global_niche
S2_T3_1,Dorsal_GM,1237,Global_niche
S2_T3_1,Dorsal_Rim_DAA,227,Global_niche
S2_T3_1,Dorsal_Rim_OL,130,Global_niche
S2_T3_1,GM,1474,Global_niche
S2_T3_1,Lesion_Bcell,279,Global_niche
S2_T3_1,Lesion_DAA,505,Global_niche
S2_T3_1,Lesion_DAO I,49,Global_niche
S2_T3_1,Lesion_DAO II,510,Global_niche
S2_T3_1,Lesion_Foamy,963,Global_niche
S2_T3_1,Lesion_Lipid,0,Global_niche
S2_T3_1,Lesion_Tcell,154,Global_niche
S2_T3_1,Lesion_myeloid I,379,Global_niche
S2_T3_1,Lesion_myeloid II,1181,Global_niche
S2_T3_1,Lesion_myeloid III,1099,Global_niche
S2_T3_1,Meninges,922,Global_niche
S2_T3_1,Vasculature,21,Global_niche
S2_T3_1,Ventral_GM,621,Global_niche
S2_T3_1,Ventral_Rim_OL,246,Global_niche
S2_T3_1,WM,683,Global_niche
S2_T3_1,WM_MOL2,524,Global_niche
S2_T3_1,WM_OPC,180,Global_niche
S3_B1_0,Central_canal,80,Global_niche
S3_B1_0,DRG,7,Global_niche
S3_B1_0,DRG_reactive,335,Global_niche
S3_B1_0,Disease_GM I,279,Global_niche
S3_B1_0,Disease_GM II,13,Global_niche
S3_B1_0,Disease_GM III,2,Global_niche
S3_B1_0,Dorsal_GM,1244,Global_niche
S3_B1_0,Dorsal_Rim_DAA,53,Global_niche
S3_B1_0,Dorsal_Rim_OL,238,Global_niche
S3_B1_0,GM,2014,Global_niche
S3_B1_0,Lesion_Bcell,0,Global_niche
S3_B1_0,Lesion_DAA,154,Global_niche
S3_B1_0,Lesion_DAO I,243,Global_niche
S3_B1_0,Lesion_DAO II,0,Global_niche
S3_B1_0,Lesion_Foamy,0,Global_niche
S3_B1_0,Lesion_Lipid,0,Global_niche
S3_B1_0,Lesion_Tcell,7,Global_niche
S3_B1_0,Lesion_myeloid I,690,Global_niche
S3_B1_0,Lesion_myeloid II,118,Global_niche
S3_B1_0,Lesion_myeloid III,0,Global_niche
S3_B1_0,Meninges,250,Global_niche
S3_B1_0,Vasculature,155,Global_niche
S3_B1_0,Ventral_GM,298,Global_niche
S3_B1_0,Ventral_Rim_OL,499,Global_niche
S3_B1_0,WM,1244,Global_niche
S3_B1_0,WM_MOL2,254,Global_niche
S3_B1_0,WM_OPC,59,Global_niche
S3_B1_1,Central_canal,95,Global_niche
S3_B1_1,DRG,105,Global_niche
S3_B1_1,DRG_reactive,327,Global_niche
S3_B1_1,Disease_GM I,1285,Global_niche
S3_B1_1,Disease_GM II,325,Global_niche
S3_B1_1,Disease_GM III,441,Global_niche
S3_B1_1,Dorsal_GM,286,Global_niche
S3_B1_1,Dorsal_Rim_DAA,419,Global_niche
S3_B1_1,Dorsal_Rim_OL,3,Global_niche
S3_B1_1,GM,9,Global_niche
S3_B1_1,Lesion_Bcell,229,Global_niche
S3_B1_1,Lesion_DAA,4,Global_niche
S3_B1_1,Lesion_DAO I,223,Global_niche
S3_B1_1,Lesion_DAO II,118,Global_niche
S3_B1_1,Lesion_Foamy,343,Global_niche
S3_B1_1,Lesion_Lipid,0,Global_niche
S3_B1_1,Lesion_Tcell,7,Global_niche
S3_B1_1,Lesion_myeloid I,4485,Global_niche
S3_B1_1,Lesion_myeloid II,199,Global_niche
S3_B1_1,Lesion_myeloid III,1795,Global_niche
S3_B1_1,Meninges,627,Global_niche
S3_B1_1,Vasculature,32,Global_niche
S3_B1_1,Ventral_GM,320,Global_niche
S3_B1_1,Ventral_Rim_OL,0,Global_niche
S3_B1_1,WM,60,Global_niche
S3_B1_1,WM_MOL2,7,Global_niche
S3_B1_1,WM_OPC,11,Global_niche
S3_B1_2,Central_canal,37,Global_niche
S3_B1_2,DRG,3,Global_niche
S3_B1_2,DRG_reactive,214,Global_niche
S3_B1_2,Disease_GM I,0,Global_niche
S3_B1_2,Disease_GM II,1287,Global_niche
S3_B1_2,Disease_GM III,306,Global_niche
S3_B1_2,Dorsal_GM,33,Global_niche
S3_B1_2,Dorsal_Rim_DAA,676,Global_niche
S3_B1_2,Dorsal_Rim_OL,0,Global_niche
S3_B1_2,GM,0,Global_niche
S3_B1_2,Lesion_Bcell,110,Global_niche
S3_B1_2,Lesion_DAA,0,Global_niche
S3_B1_2,Lesion_DAO I,315,Global_niche
S3_B1_2,Lesion_DAO II,203,Global_niche
S3_B1_2,Lesion_Foamy,4920,Global_niche
S3_B1_2,Lesion_Lipid,0,Global_niche
S3_B1_2,Lesion_Tcell,26,Global_niche
S3_B1_2,Lesion_myeloid I,1214,Global_niche
S3_B1_2,Lesion_myeloid II,347,Global_niche
S3_B1_2,Lesion_myeloid III,489,Global_niche
S3_B1_2,Meninges,1489,Global_niche
S3_B1_2,Vasculature,33,Global_niche
S3_B1_2,Ventral_GM,0,Global_niche
S3_B1_2,Ventral_Rim_OL,0,Global_niche
S3_B1_2,WM,0,Global_niche
S3_B1_2,WM_MOL2,0,Global_niche
S3_B1_2,WM_OPC,5,Global_niche
S3_B2_0,Central_canal,88,Global_niche
S3_B2_0,DRG,0,Global_niche
S3_B2_0,DRG_reactive,494,Global_niche
S3_B2_0,Disease_GM I,497,Global_niche
S3_B2_0,Disease_GM II,1536,Global_niche
S3_B2_0,Disease_GM III,269,Global_niche
S3_B2_0,Dorsal_GM,114,Global_niche
S3_B2_0,Dorsal_Rim_DAA,270,Global_niche
S3_B2_0,Dorsal_Rim_OL,12,Global_niche
S3_B2_0,GM,5,Global_niche
S3_B2_0,Lesion_Bcell,0,Global_niche
S3_B2_0,Lesion_DAA,9,Global_niche
S3_B2_0,Lesion_DAO I,1077,Global_niche
S3_B2_0,Lesion_DAO II,0,Global_niche
S3_B2_0,Lesion_Foamy,0,Global_niche
S3_B2_0,Lesion_Lipid,0,Global_niche
S3_B2_0,Lesion_Tcell,4,Global_niche
S3_B2_0,Lesion_myeloid I,1247,Global_niche
S3_B2_0,Lesion_myeloid II,1,Global_niche
S3_B2_0,Lesion_myeloid III,0,Global_niche
S3_B2_0,Meninges,56,Global_niche
S3_B2_0,Vasculature,0,Global_niche
S3_B2_0,Ventral_GM,105,Global_niche
S3_B2_0,Ventral_Rim_OL,0,Global_niche
S3_B2_0,WM,88,Global_niche
S3_B2_0,WM_MOL2,3,Global_niche
S3_B2_0,WM_OPC,4,Global_niche
S3_B2_1,Central_canal,74,Global_niche
S3_B2_1,DRG,0,Global_niche
S3_B2_1,DRG_reactive,1,Global_niche
S3_B2_1,Disease_GM I,466,Global_niche
S3_B2_1,Disease_GM II,373,Global_niche
S3_B2_1,Disease_GM III,285,Global_niche
S3_B2_1,Dorsal_GM,223,Global_niche
S3_B2_1,Dorsal_Rim_DAA,127,Global_niche
S3_B2_1,Dorsal_Rim_OL,83,Global_niche
S3_B2_1,GM,63,Global_niche
S3_B2_1,Lesion_Bcell,0,Global_niche
S3_B2_1,Lesion_DAA,53,Global_niche
S3_B2_1,Lesion_DAO I,573,Global_niche
S3_B2_1,Lesion_DAO II,0,Global_niche
S3_B2_1,Lesion_Foamy,0,Global_niche
S3_B2_1,Lesion_Lipid,0,Global_niche
S3_B2_1,Lesion_Tcell,2,Global_niche
S3_B2_1,Lesion_myeloid I,758,Global_niche
S3_B2_1,Lesion_myeloid II,18,Global_niche
S3_B2_1,Lesion_myeloid III,0,Global_niche
S3_B2_1,Meninges,355,Global_niche
S3_B2_1,Vasculature,0,Global_niche
S3_B2_1,Ventral_GM,132,Global_niche
S3_B2_1,Ventral_Rim_OL,3,Global_niche
S3_B2_1,WM,194,Global_niche
S3_B2_1,WM_MOL2,50,Global_niche
S3_B2_1,WM_OPC,19,Global_niche
S3_B2_2,Central_canal,74,Global_niche
S3_B2_2,DRG,110,Global_niche
S3_B2_2,DRG_reactive,323,Global_niche
S3_B2_2,Disease_GM I,1237,Global_niche
S3_B2_2,Disease_GM II,2016,Global_niche
S3_B2_2,Disease_GM III,862,Global_niche
S3_B2_2,Dorsal_GM,468,Global_niche
S3_B2_2,Dorsal_Rim_DAA,745,Global_niche
S3_B2_2,Dorsal_Rim_OL,13,Global_niche
S3_B2_2,GM,7,Global_niche
S3_B2_2,Lesion_Bcell,0,Global_niche
S3_B2_2,Lesion_DAA,0,Global_niche
S3_B2_2,Lesion_DAO I,1008,Global_niche
S3_B2_2,Lesion_DAO II,1,Global_niche
S3_B2_2,Lesion_Foamy,0,Global_niche
S3_B2_2,Lesion_Lipid,0,Global_niche
S3_B2_2,Lesion_Tcell,1,Global_niche
S3_B2_2,Lesion_myeloid I,6855,Global_niche
S3_B2_2,Lesion_myeloid II,2,Global_niche
S3_B2_2,Lesion_myeloid III,393,Global_niche
S3_B2_2,Meninges,959,Global_niche
S3_B2_2,Vasculature,9,Global_niche
S3_B2_2,Ventral_GM,163,Global_niche
S3_B2_2,Ventral_Rim_OL,0,Global_niche
S3_B2_2,WM,12,Global_niche
S3_B2_2,WM_MOL2,0,Global_niche
S3_B2_2,WM_OPC,0,Global_niche
S3_B3_0,Central_canal,118,Global_niche
S3_B3_0,DRG,481,Global_niche
S3_B3_0,DRG_reactive,115,Global_niche
S3_B3_0,Disease_GM I,704,Global_niche
S3_B3_0,Disease_GM II,515,Global_niche
S3_B3_0,Disease_GM III,240,Global_niche
S3_B3_0,Dorsal_GM,86,Global_niche
S3_B3_0,Dorsal_Rim_DAA,434,Global_niche
S3_B3_0,Dorsal_Rim_OL,0,Global_niche
S3_B3_0,GM,15,Global_niche
S3_B3_0,Lesion_Bcell,98,Global_niche
S3_B3_0,Lesion_DAA,0,Global_niche
S3_B3_0,Lesion_DAO I,353,Global_niche
S3_B3_0,Lesion_DAO II,34,Global_niche
S3_B3_0,Lesion_Foamy,0,Global_niche
S3_B3_0,Lesion_Lipid,0,Global_niche
S3_B3_0,Lesion_Tcell,8,Global_niche
S3_B3_0,Lesion_myeloid I,3766,Global_niche
S3_B3_0,Lesion_myeloid II,60,Global_niche
S3_B3_0,Lesion_myeloid III,839,Global_niche
S3_B3_0,Meninges,1455,Global_niche
S3_B3_0,Vasculature,54,Global_niche
S3_B3_0,Ventral_GM,75,Global_niche
S3_B3_0,Ventral_Rim_OL,0,Global_niche
S3_B3_0,WM,0,Global_niche
S3_B3_0,WM_MOL2,0,Global_niche
S3_B3_0,WM_OPC,0,Global_niche
S3_B3_1,Central_canal,95,Global_niche
S3_B3_1,DRG,35,Global_niche
S3_B3_1,DRG_reactive,198,Global_niche
S3_B3_1,Disease_GM I,1695,Global_niche
S3_B3_1,Disease_GM II,345,Global_niche
S3_B3_1,Disease_GM III,509,Global_niche
S3_B3_1,Dorsal_GM,907,Global_niche
S3_B3_1,Dorsal_Rim_DAA,427,Global_niche
S3_B3_1,Dorsal_Rim_OL,95,Global_niche
S3_B3_1,GM,54,Global_niche
S3_B3_1,Lesion_Bcell,138,Global_niche
S3_B3_1,Lesion_DAA,46,Global_niche
S3_B3_1,Lesion_DAO I,381,Global_niche
S3_B3_1,Lesion_DAO II,737,Global_niche
S3_B3_1,Lesion_Foamy,2505,Global_niche
S3_B3_1,Lesion_Lipid,0,Global_niche
S3_B3_1,Lesion_Tcell,99,Global_niche
S3_B3_1,Lesion_myeloid I,357,Global_niche
S3_B3_1,Lesion_myeloid II,1296,Global_niche
S3_B3_1,Lesion_myeloid III,558,Global_niche
S3_B3_1,Meninges,1092,Global_niche
S3_B3_1,Vasculature,27,Global_niche
S3_B3_1,Ventral_GM,855,Global_niche
S3_B3_1,Ventral_Rim_OL,0,Global_niche
S3_B3_1,WM,162,Global_niche
S3_B3_1,WM_MOL2,53,Global_niche
S3_B3_1,WM_OPC,68,Global_niche
S3_B3_2,Central_canal,84,Global_niche
S3_B3_2,DRG,107,Global_niche
S3_B3_2,DRG_reactive,79,Global_niche
S3_B3_2,Disease_GM I,0,Global_niche
S3_B3_2,Disease_GM II,1965,Global_niche
S3_B3_2,Disease_GM III,23,Global_niche
S3_B3_2,Dorsal_GM,75,Global_niche
S3_B3_2,Dorsal_Rim_DAA,1701,Global_niche
S3_B3_2,Dorsal_Rim_OL,0,Global_niche
S3_B3_2,GM,0,Global_niche
S3_B3_2,Lesion_Bcell,167,Global_niche
S3_B3_2,Lesion_DAA,152,Global_niche
S3_B3_2,Lesion_DAO I,238,Global_niche
S3_B3_2,Lesion_DAO II,213,Global_niche
S3_B3_2,Lesion_Foamy,10150,Global_niche
S3_B3_2,Lesion_Lipid,6,Global_niche
S3_B3_2,Lesion_Tcell,26,Global_niche
S3_B3_2,Lesion_myeloid I,701,Global_niche
S3_B3_2,Lesion_myeloid II,352,Global_niche
S3_B3_2,Lesion_myeloid III,463,Global_niche
S3_B3_2,Meninges,1087,Global_niche
S3_B3_2,Vasculature,27,Global_niche
S3_B3_2,Ventral_GM,31,Global_niche
S3_B3_2,Ventral_Rim_OL,0,Global_niche
S3_B3_2,WM,3,Global_niche
S3_B3_2,WM_MOL2,0,Global_niche
S3_B3_2,WM_OPC,6,Global_niche
S3_T1_0,Central_canal,100,Global_niche
S3_T1_0,DRG,138,Global_niche
S3_T1_0,DRG_reactive,0,Global_niche
S3_T1_0,Disease_GM I,45,Global_niche
S3_T1_0,Disease_GM II,0,Global_niche
S3_T1_0,Disease_GM III,0,Global_niche
S3_T1_0,Dorsal_GM,1824,Global_niche
S3_T1_0,Dorsal_Rim_DAA,0,Global_niche
S3_T1_0,Dorsal_Rim_OL,201,Global_niche
S3_T1_0,GM,2049,Global_niche
S3_T1_0,Lesion_Bcell,0,Global_niche
S3_T1_0,Lesion_DAA,1,Global_niche
S3_T1_0,Lesion_DAO I,0,Global_niche
S3_T1_0,Lesion_DAO II,0,Global_niche
S3_T1_0,Lesion_Foamy,0,Global_niche
S3_T1_0,Lesion_Lipid,0,Global_niche
S3_T1_0,Lesion_Tcell,1,Global_niche
S3_T1_0,Lesion_myeloid I,0,Global_niche
S3_T1_0,Lesion_myeloid II,2,Global_niche
S3_T1_0,Lesion_myeloid III,0,Global_niche
S3_T1_0,Meninges,747,Global_niche
S3_T1_0,Vasculature,51,Global_niche
S3_T1_0,Ventral_GM,198,Global_niche
S3_T1_0,Ventral_Rim_OL,381,Global_niche
S3_T1_0,WM,1691,Global_niche
S3_T1_0,WM_MOL2,11,Global_niche
S3_T1_0,WM_OPC,10,Global_niche
S3_T1_1,Central_canal,71,Global_niche
S3_T1_1,DRG,398,Global_niche
S3_T1_1,DRG_reactive,151,Global_niche
S3_T1_1,Disease_GM I,89,Global_niche
S3_T1_1,Disease_GM II,0,Global_niche
S3_T1_1,Disease_GM III,0,Global_niche
S3_T1_1,Dorsal_GM,929,Global_niche
S3_T1_1,Dorsal_Rim_DAA,1,Global_niche
S3_T1_1,Dorsal_Rim_OL,142,Global_niche
S3_T1_1,GM,1128,Global_niche
S3_T1_1,Lesion_Bcell,0,Global_niche
S3_T1_1,Lesion_DAA,502,Global_niche
S3_T1_1,Lesion_DAO I,0,Global_niche
S3_T1_1,Lesion_DAO II,0,Global_niche
S3_T1_1,Lesion_Foamy,8,Global_niche
S3_T1_1,Lesion_Lipid,8,Global_niche
S3_T1_1,Lesion_Tcell,9,Global_niche
S3_T1_1,Lesion_myeloid I,0,Global_niche
S3_T1_1,Lesion_myeloid II,187,Global_niche
S3_T1_1,Lesion_myeloid III,73,Global_niche
S3_T1_1,Meninges,1007,Global_niche
S3_T1_1,Vasculature,59,Global_niche
S3_T1_1,Ventral_GM,163,Global_niche
S3_T1_1,Ventral_Rim_OL,253,Global_niche
S3_T1_1,WM,618,Global_niche
S3_T1_1,WM_MOL2,205,Global_niche
S3_T1_1,WM_OPC,71,Global_niche
S3_T1_2,Central_canal,67,Global_niche
S3_T1_2,DRG,194,Global_niche
S3_T1_2,DRG_reactive,111,Global_niche
S3_T1_2,Disease_GM I,45,Global_niche
S3_T1_2,Disease_GM II,0,Global_niche
S3_T1_2,Disease_GM III,0,Global_niche
S3_T1_2,Dorsal_GM,1100,Global_niche
S3_T1_2,Dorsal_Rim_DAA,5,Global_niche
S3_T1_2,Dorsal_Rim_OL,171,Global_niche
S3_T1_2,GM,1096,Global_niche
S3_T1_2,Lesion_Bcell,0,Global_niche
S3_T1_2,Lesion_DAA,323,Global_niche
S3_T1_2,Lesion_DAO I,21,Global_niche
S3_T1_2,Lesion_DAO II,22,Global_niche
S3_T1_2,Lesion_Foamy,0,Global_niche
S3_T1_2,Lesion_Lipid,8,Global_niche
S3_T1_2,Lesion_Tcell,20,Global_niche
S3_T1_2,Lesion_myeloid I,9,Global_niche
S3_T1_2,Lesion_myeloid II,271,Global_niche
S3_T1_2,Lesion_myeloid III,6,Global_niche
S3_T1_2,Meninges,1139,Global_niche
S3_T1_2,Vasculature,86,Global_niche
S3_T1_2,Ventral_GM,123,Global_niche
S3_T1_2,Ventral_Rim_OL,201,Global_niche
S3_T1_2,WM,546,Global_niche
S3_T1_2,WM_MOL2,364,Global_niche
S3_T1_2,WM_OPC,102,Global_niche
S3_T2_0,Central_canal,83,Global_niche
S3_T2_0,DRG,349,Global_niche
S3_T2_0,DRG_reactive,287,Global_niche
S3_T2_0,Disease_GM I,127,Global_niche
S3_T2_0,Disease_GM II,0,Global_niche
S3_T2_0,Disease_GM III,0,Global_niche
S3_T2_0,Dorsal_GM,879,Global_niche
S3_T2_0,Dorsal_Rim_DAA,0,Global_niche
S3_T2_0,Dorsal_Rim_OL,146,Global_niche
S3_T2_0,GM,1479,Global_niche
S3_T2_0,Lesion_Bcell,0,Global_niche
S3_T2_0,Lesion_DAA,753,Global_niche
S3_T2_0,Lesion_DAO I,0,Global_niche
S3_T2_0,Lesion_DAO II,5,Global_niche
S3_T2_0,Lesion_Foamy,20,Global_niche
S3_T2_0,Lesion_Lipid,115,Global_niche
S3_T2_0,Lesion_Tcell,9,Global_niche
S3_T2_0,Lesion_myeloid I,0,Global_niche
S3_T2_0,Lesion_myeloid II,299,Global_niche
S3_T2_0,Lesion_myeloid III,36,Global_niche
S3_T2_0,Meninges,1658,Global_niche
S3_T2_0,Vasculature,160,Global_niche
S3_T2_0,Ventral_GM,232,Global_niche
S3_T2_0,Ventral_Rim_OL,243,Global_niche
S3_T2_0,WM,592,Global_niche
S3_T2_0,WM_MOL2,350,Global_niche
S3_T2_0,WM_OPC,75,Global_niche
S3_T2_1,Central_canal,66,Global_niche
S3_T2_1,DRG,72,Global_niche
S3_T2_1,DRG_reactive,78,Global_niche
S3_T2_1,Disease_GM I,120,Global_niche
S3_T2_1,Disease_GM II,0,Global_niche
S3_T2_1,Disease_GM III,1,Global_niche
S3_T2_1,Dorsal_GM,1028,Global_niche
S3_T2_1,Dorsal_Rim_DAA,0,Global_niche
S3_T2_1,Dorsal_Rim_OL,141,Global_niche
S3_T2_1,GM,914,Global_niche
S3_T2_1,Lesion_Bcell,0,Global_niche
S3_T2_1,Lesion_DAA,482,Global_niche
S3_T2_1,Lesion_DAO I,5,Global_niche
S3_T2_1,Lesion_DAO II,33,Global_niche
S3_T2_1,Lesion_Foamy,64,Global_niche
S3_T2_1,Lesion_Lipid,80,Global_niche
S3_T2_1,Lesion_Tcell,46,Global_niche
S3_T2_1,Lesion_myeloid I,1,Global_niche
S3_T2_1,Lesion_myeloid II,277,Global_niche
S3_T2_1,Lesion_myeloid III,39,Global_niche
S3_T2_1,Meninges,1004,Global_niche
S3_T2_1,Vasculature,101,Global_niche
S3_T2_1,Ventral_GM,156,Global_niche
S3_T2_1,Ventral_Rim_OL,152,Global_niche
S3_T2_1,WM,509,Global_niche
S3_T2_1,WM_MOL2,380,Global_niche
S3_T2_1,WM_OPC,142,Global_niche
S3_T2_2,Central_canal,99,Global_niche
S3_T2_2,DRG,30,Global_niche
S3_T2_2,DRG_reactive,75,Global_niche
S3_T2_2,Disease_GM I,190,Global_niche
S3_T2_2,Disease_GM II,16,Global_niche
S3_T2_2,Disease_GM III,4,Global_niche
S3_T2_2,Dorsal_GM,2087,Global_niche
S3_T2_2,Dorsal_Rim_DAA,3,Global_niche
S3_T2_2,Dorsal_Rim_OL,348,Global_niche
S3_T2_2,GM,2339,Global_niche
S3_T2_2,Lesion_Bcell,30,Global_niche
S3_T2_2,Lesion_DAA,302,Global_niche
S3_T2_2,Lesion_DAO I,99,Global_niche
S3_T2_2,Lesion_DAO II,127,Global_niche
S3_T2_2,Lesion_Foamy,84,Global_niche
S3_T2_2,Lesion_Lipid,0,Global_niche
S3_T2_2,Lesion_Tcell,72,Global_niche
S3_T2_2,Lesion_myeloid I,39,Global_niche
S3_T2_2,Lesion_myeloid II,232,Global_niche
S3_T2_2,Lesion_myeloid III,311,Global_niche
S3_T2_2,Meninges,772,Global_niche
S3_T2_2,Vasculature,82,Global_niche
S3_T2_2,Ventral_GM,175,Global_niche
S3_T2_2,Ventral_Rim_OL,299,Global_niche
S3_T2_2,WM,913,Global_niche
S3_T2_2,WM_MOL2,287,Global_niche
S3_T2_2,WM_OPC,106,Global_niche
S3_T3_0,Central_canal,51,Global_niche
S3_T3_0,DRG,1040,Global_niche
S3_T3_0,DRG_reactive,34,Global_niche
S3_T3_0,Disease_GM I,26,Global_niche
S3_T3_0,Disease_GM II,0,Global_niche
S3_T3_0,Disease_GM III,0,Global_niche
S3_T3_0,Dorsal_GM,854,Global_niche
S3_T3_0,Dorsal_Rim_DAA,0,Global_niche
S3_T3_0,Dorsal_Rim_OL,108,Global_niche
S3_T3_0,GM,873,Global_niche
S3_T3_0,Lesion_Bcell,0,Global_niche
S3_T3_0,Lesion_DAA,0,Global_niche
S3_T3_0,Lesion_DAO I,0,Global_niche
S3_T3_0,Lesion_DAO II,0,Global_niche
S3_T3_0,Lesion_Foamy,0,Global_niche
S3_T3_0,Lesion_Lipid,0,Global_niche
S3_T3_0,Lesion_Tcell,0,Global_niche
S3_T3_0,Lesion_myeloid I,14,Global_niche
S3_T3_0,Lesion_myeloid II,6,Global_niche
S3_T3_0,Lesion_myeloid III,0,Global_niche
S3_T3_0,Meninges,811,Global_niche
S3_T3_0,Vasculature,213,Global_niche
S3_T3_0,Ventral_GM,120,Global_niche
S3_T3_0,Ventral_Rim_OL,141,Global_niche
S3_T3_0,WM,768,Global_niche
S3_T3_0,WM_MOL2,1,Global_niche
S3_T3_0,WM_OPC,16,Global_niche
S3_T3_1,Central_canal,101,Global_niche
S3_T3_1,DRG,469,Global_niche
S3_T3_1,DRG_reactive,3,Global_niche
S3_T3_1,Disease_GM I,94,Global_niche
S3_T3_1,Disease_GM II,0,Global_niche
S3_T3_1,Disease_GM III,0,Global_niche
S3_T3_1,Dorsal_GM,2116,Global_niche
S3_T3_1,Dorsal_Rim_DAA,0,Global_niche
S3_T3_1,Dorsal_Rim_OL,237,Global_niche
S3_T3_1,GM,2299,Global_niche
S3_T3_1,Lesion_Bcell,0,Global_niche
S3_T3_1,Lesion_DAA,345,Global_niche
S3_T3_1,Lesion_DAO I,5,Global_niche
S3_T3_1,Lesion_DAO II,5,Global_niche
S3_T3_1,Lesion_Foamy,0,Global_niche
S3_T3_1,Lesion_Lipid,0,Global_niche
S3_T3_1,Lesion_Tcell,22,Global_niche
S3_T3_1,Lesion_myeloid I,15,Global_niche
S3_T3_1,Lesion_myeloid II,249,Global_niche
S3_T3_1,Lesion_myeloid III,44,Global_niche
S3_T3_1,Meninges,967,Global_niche
S3_T3_1,Vasculature,87,Global_niche
S3_T3_1,Ventral_GM,230,Global_niche
S3_T3_1,Ventral_Rim_OL,385,Global_niche
S3_T3_1,WM,1208,Global_niche
S3_T3_1,WM_MOL2,336,Global_niche
S3_T3_1,WM_OPC,79,Global_niche
S3_T3_2,Central_canal,65,Global_niche
S3_T3_2,DRG,2528,Global_niche
S3_T3_2,DRG_reactive,0,Global_niche
S3_T3_2,Disease_GM I,42,Global_niche
S3_T3_2,Disease_GM II,0,Global_niche
S3_T3_2,Disease_GM III,0,Global_niche
S3_T3_2,Dorsal_GM,1110,Global_niche
S3_T3_2,Dorsal_Rim_DAA,0,Global_niche
S3_T3_2,Dorsal_Rim_OL,109,Global_niche
S3_T3_2,GM,1851,Global_niche
S3_T3_2,Lesion_Bcell,0,Global_niche
S3_T3_2,Lesion_DAA,0,Global_niche
S3_T3_2,Lesion_DAO I,0,Global_niche
S3_T3_2,Lesion_DAO II,0,Global_niche
S3_T3_2,Lesion_Foamy,0,Global_niche
S3_T3_2,Lesion_Lipid,0,Global_niche
S3_T3_2,Lesion_Tcell,0,Global_niche
S3_T3_2,Lesion_myeloid I,0,Global_niche
S3_T3_2,Lesion_myeloid II,4,Global_niche
S3_T3_2,Lesion_myeloid III,0,Global_niche
S3_T3_2,Meninges,243,Global_niche
S3_T3_2,Vasculature,175,Global_niche
S3_T3_2,Ventral_GM,160,Global_niche
S3_T3_2,Ventral_Rim_OL,261,Global_niche
S3_T3_2,WM,1384,Global_niche
S3_T3_2,WM_MOL2,1,Global_niche
S3_T3_2,WM_OPC,10,Global_niche
S4_B1_0,Central_canal,78,Global_niche
S4_B1_0,DRG,0,Global_niche
S4_B1_0,DRG_reactive,43,Global_niche
S4_B1_0,Disease_GM I,823,Global_niche
S4_B1_0,Disease_GM II,370,Global_niche
S4_B1_0,Disease_GM III,459,Global_niche
S4_B1_0,Dorsal_GM,366,Global_niche
S4_B1_0,Dorsal_Rim_DAA,509,Global_niche
S4_B1_0,Dorsal_Rim_OL,0,Global_niche
S4_B1_0,GM,5,Global_niche
S4_B1_0,Lesion_Bcell,4,Global_niche
S4_B1_0,Lesion_DAA,0,Global_niche
S4_B1_0,Lesion_DAO I,183,Global_niche
S4_B1_0,Lesion_DAO II,203,Global_niche
S4_B1_0,Lesion_Foamy,0,Global_niche
S4_B1_0,Lesion_Lipid,0,Global_niche
S4_B1_0,Lesion_Tcell,27,Global_niche
S4_B1_0,Lesion_myeloid I,2863,Global_niche
S4_B1_0,Lesion_myeloid II,332,Global_niche
S4_B1_0,Lesion_myeloid III,538,Global_niche
S4_B1_0,Meninges,454,Global_niche
S4_B1_0,Vasculature,0,Global_niche
S4_B1_0,Ventral_GM,251,Global_niche
S4_B1_0,Ventral_Rim_OL,0,Global_niche
S4_B1_0,WM,20,Global_niche
S4_B1_0,WM_MOL2,0,Global_niche
S4_B1_0,WM_OPC,3,Global_niche
S4_B1_1,Central_canal,89,Global_niche
S4_B1_1,DRG,314,Global_niche
S4_B1_1,DRG_reactive,514,Global_niche
S4_B1_1,Disease_GM I,418,Global_niche
S4_B1_1,Disease_GM II,0,Global_niche
S4_B1_1,Disease_GM III,5,Global_niche
S4_B1_1,Dorsal_GM,1136,Global_niche
S4_B1_1,Dorsal_Rim_DAA,5,Global_niche
S4_B1_1,Dorsal_Rim_OL,167,Global_niche
S4_B1_1,GM,979,Global_niche
S4_B1_1,Lesion_Bcell,30,Global_niche
S4_B1_1,Lesion_DAA,494,Global_niche
S4_B1_1,Lesion_DAO I,166,Global_niche
S4_B1_1,Lesion_DAO II,82,Global_niche
S4_B1_1,Lesion_Foamy,61,Global_niche
S4_B1_1,Lesion_Lipid,1,Global_niche
S4_B1_1,Lesion_Tcell,67,Global_niche
S4_B1_1,Lesion_myeloid I,477,Global_niche
S4_B1_1,Lesion_myeloid II,206,Global_niche
S4_B1_1,Lesion_myeloid III,368,Global_niche
S4_B1_1,Meninges,1300,Global_niche
S4_B1_1,Vasculature,50,Global_niche
S4_B1_1,Ventral_GM,216,Global_niche
S4_B1_1,Ventral_Rim_OL,43,Global_niche
S4_B1_1,WM,411,Global_niche
S4_B1_1,WM_MOL2,254,Global_niche
S4_B1_1,WM_OPC,93,Global_niche
S4_B1_2,Central_canal,118,Global_niche
S4_B1_2,DRG,28,Global_niche
S4_B1_2,DRG_reactive,119,Global_niche
S4_B1_2,Disease_GM I,643,Global_niche
S4_B1_2,Disease_GM II,0,Global_niche
S4_B1_2,Disease_GM III,37,Global_niche
S4_B1_2,Dorsal_GM,1959,Global_niche
S4_B1_2,Dorsal_Rim_DAA,61,Global_niche
S4_B1_2,Dorsal_Rim_OL,200,Global_niche
S4_B1_2,GM,1509,Global_niche
S4_B1_2,Lesion_Bcell,0,Global_niche
S4_B1_2,Lesion_DAA,283,Global_niche
S4_B1_2,Lesion_DAO I,84,Global_niche
S4_B1_2,Lesion_DAO II,539,Global_niche
S4_B1_2,Lesion_Foamy,105,Global_niche
S4_B1_2,Lesion_Lipid,0,Global_niche
S4_B1_2,Lesion_Tcell,175,Global_niche
S4_B1_2,Lesion_myeloid I,150,Global_niche
S4_B1_2,Lesion_myeloid II,490,Global_niche
S4_B1_2,Lesion_myeloid III,573,Global_niche
S4_B1_2,Meninges,748,Global_niche
S4_B1_2,Vasculature,121,Global_niche
S4_B1_2,Ventral_GM,203,Global_niche
S4_B1_2,Ventral_Rim_OL,130,Global_niche
S4_B1_2,WM,624,Global_niche
S4_B1_2,WM_MOL2,280,Global_niche
S4_B1_2,WM_OPC,113,Global_niche
S4_B2_0,Central_canal,133,Global_niche
S4_B2_0,DRG,155,Global_niche
S4_B2_0,DRG_reactive,224,Global_niche
S4_B2_0,Disease_GM I,1931,Global_niche
S4_B2_0,Disease_GM II,414,Global_niche
S4_B2_0,Disease_GM III,258,Global_niche
S4_B2_0,Dorsal_GM,2014,Global_niche
S4_B2_0,Dorsal_Rim_DAA,282,Global_niche
S4_B2_0,Dorsal_Rim_OL,145,Global_niche
S4_B2_0,GM,197,Global_niche
S4_B2_0,Lesion_Bcell,0,Global_niche
S4_B2_0,Lesion_DAA,826,Global_niche
S4_B2_0,Lesion_DAO I,756,Global_niche
S4_B2_0,Lesion_DAO II,188,Global_niche
S4_B2_0,Lesion_Foamy,246,Global_niche
S4_B2_0,Lesion_Lipid,10,Global_niche
S4_B2_0,Lesion_Tcell,73,Global_niche
S4_B2_0,Lesion_myeloid I,1047,Global_niche
S4_B2_0,Lesion_myeloid II,335,Global_niche
S4_B2_0,Lesion_myeloid III,286,Global_niche
S4_B2_0,Meninges,1563,Global_niche
S4_B2_0,Vasculature,50,Global_niche
S4_B2_0,Ventral_GM,389,Global_niche
S4_B2_0,Ventral_Rim_OL,11,Global_niche
S4_B2_0,WM,583,Global_niche
S4_B2_0,WM_MOL2,161,Global_niche
S4_B2_0,WM_OPC,98,Global_niche
S4_B2_1,Central_canal,98,Global_niche
S4_B2_1,DRG,715,Global_niche
S4_B2_1,DRG_reactive,167,Global_niche
S4_B2_1,Disease_GM I,1007,Global_niche
S4_B2_1,Disease_GM II,11,Global_niche
S4_B2_1,Disease_GM III,191,Global_niche
S4_B2_1,Dorsal_GM,719,Global_niche
S4_B2_1,Dorsal_Rim_DAA,282,Global_niche
S4_B2_1,Dorsal_Rim_OL,87,Global_niche
S4_B2_1,GM,219,Global_niche
S4_B2_1,Lesion_Bcell,12,Global_niche
S4_B2_1,Lesion_DAA,141,Global_niche
S4_B2_1,Lesion_DAO I,45,Global_niche
S4_B2_1,Lesion_DAO II,948,Global_niche
S4_B2_1,Lesion_Foamy,576,Global_niche
S4_B2_1,Lesion_Lipid,0,Global_niche
S4_B2_1,Lesion_Tcell,175,Global_niche
S4_B2_1,Lesion_myeloid I,355,Global_niche
S4_B2_1,Lesion_myeloid II,894,Global_niche
S4_B2_1,Lesion_myeloid III,653,Global_niche
S4_B2_1,Meninges,1092,Global_niche
S4_B2_1,Vasculature,83,Global_niche
S4_B2_1,Ventral_GM,460,Global_niche
S4_B2_1,Ventral_Rim_OL,0,Global_niche
S4_B2_1,WM,220,Global_niche
S4_B2_1,WM_MOL2,104,Global_niche
S4_B2_1,WM_OPC,81,Global_niche
S4_B2_2,Central_canal,94,Global_niche
S4_B2_2,DRG,0,Global_niche
S4_B2_2,DRG_reactive,51,Global_niche
S4_B2_2,Disease_GM I,1442,Global_niche
S4_B2_2,Disease_GM II,541,Global_niche
S4_B2_2,Disease_GM III,324,Global_niche
S4_B2_2,Dorsal_GM,401,Global_niche
S4_B2_2,Dorsal_Rim_DAA,408,Global_niche
S4_B2_2,Dorsal_Rim_OL,32,Global_niche
S4_B2_2,GM,48,Global_niche
S4_B2_2,Lesion_Bcell,95,Global_niche
S4_B2_2,Lesion_DAA,1,Global_niche
S4_B2_2,Lesion_DAO I,362,Global_niche
S4_B2_2,Lesion_DAO II,266,Global_niche
S4_B2_2,Lesion_Foamy,137,Global_niche
S4_B2_2,Lesion_Lipid,0,Global_niche
S4_B2_2,Lesion_Tcell,53,Global_niche
S4_B2_2,Lesion_myeloid I,2795,Global_niche
S4_B2_2,Lesion_myeloid II,344,Global_niche
S4_B2_2,Lesion_myeloid III,1192,Global_niche
S4_B2_2,Meninges,145,Global_niche
S4_B2_2,Vasculature,5,Global_niche
S4_B2_2,Ventral_GM,239,Global_niche
S4_B2_2,Ventral_Rim_OL,0,Global_niche
S4_B2_2,WM,51,Global_niche
S4_B2_2,WM_MOL2,1,Global_niche
S4_B2_2,WM_OPC,13,Global_niche
S4_B3_0,Central_canal,87,Global_niche
S4_B3_0,DRG,0,Global_niche
S4_B3_0,DRG_reactive,461,Global_niche
S4_B3_0,Disease_GM I,5,Global_niche
S4_B3_0,Disease_GM II,2781,Global_niche
S4_B3_0,Disease_GM III,507,Global_niche
S4_B3_0,Dorsal_GM,198,Global_niche
S4_B3_0,Dorsal_Rim_DAA,649,Global_niche
S4_B3_0,Dorsal_Rim_OL,0,Global_niche
S4_B3_0,GM,0,Global_niche
S4_B3_0,Lesion_Bcell,191,Global_niche
S4_B3_0,Lesion_DAA,1,Global_niche
S4_B3_0,Lesion_DAO I,803,Global_niche
S4_B3_0,Lesion_DAO II,132,Global_niche
S4_B3_0,Lesion_Foamy,1524,Global_niche
S4_B3_0,Lesion_Lipid,0,Global_niche
S4_B3_0,Lesion_Tcell,28,Global_niche
S4_B3_0,Lesion_myeloid I,4247,Global_niche
S4_B3_0,Lesion_myeloid II,176,Global_niche
S4_B3_0,Lesion_myeloid III,497,Global_niche
S4_B3_0,Meninges,794,Global_niche
S4_B3_0,Vasculature,81,Global_niche
S4_B3_0,Ventral_GM,1,Global_niche
S4_B3_0,Ventral_Rim_OL,0,Global_niche
S4_B3_0,WM,4,Global_niche
S4_B3_0,WM_MOL2,1,Global_niche
S4_B3_0,WM_OPC,4,Global_niche
S4_B3_1,Central_canal,30,Global_niche
S4_B3_1,DRG,31,Global_niche
S4_B3_1,DRG_reactive,202,Global_niche
S4_B3_1,Disease_GM I,1567,Global_niche
S4_B3_1,Disease_GM II,1161,Global_niche
S4_B3_1,Disease_GM III,364,Global_niche
S4_B3_1,Dorsal_GM,915,Global_niche
S4_B3_1,Dorsal_Rim_DAA,409,Global_niche
S4_B3_1,Dorsal_Rim_OL,36,Global_niche
S4_B3_1,GM,67,Global_niche
S4_B3_1,Lesion_Bcell,5,Global_niche
S4_B3_1,Lesion_DAA,6,Global_niche
S4_B3_1,Lesion_DAO I,1438,Global_niche
S4_B3_1,Lesion_DAO II,42,Global_niche
S4_B3_1,Lesion_Foamy,0,Global_niche
S4_B3_1,Lesion_Lipid,0,Global_niche
S4_B3_1,Lesion_Tcell,26,Global_niche
S4_B3_1,Lesion_myeloid I,2777,Global_niche
S4_B3_1,Lesion_myeloid II,61,Global_niche
S4_B3_1,Lesion_myeloid III,259,Global_niche
S4_B3_1,Meninges,581,Global_niche
S4_B3_1,Vasculature,51,Global_niche
S4_B3_1,Ventral_GM,183,Global_niche
S4_B3_1,Ventral_Rim_OL,1,Global_niche
S4_B3_1,WM,158,Global_niche
S4_B3_1,WM_MOL2,5,Global_niche
S4_B3_1,WM_OPC,11,Global_niche
S4_B3_2,Central_canal,69,Global_niche
S4_B3_2,DRG,0,Global_niche
S4_B3_2,DRG_reactive,366,Global_niche
S4_B3_2,Disease_GM I,67,Global_niche
S4_B3_2,Disease_GM II,1060,Global_niche
S4_B3_2,Disease_GM III,278,Global_niche
S4_B3_2,Dorsal_GM,156,Global_niche
S4_B3_2,Dorsal_Rim_DAA,465,Global_niche
S4_B3_2,Dorsal_Rim_OL,0,Global_niche
S4_B3_2,GM,10,Global_niche
S4_B3_2,Lesion_Bcell,253,Global_niche
S4_B3_2,Lesion_DAA,35,Global_niche
S4_B3_2,Lesion_DAO I,732,Global_niche
S4_B3_2,Lesion_DAO II,101,Global_niche
S4_B3_2,Lesion_Foamy,630,Global_niche
S4_B3_2,Lesion_Lipid,0,Global_niche
S4_B3_2,Lesion_Tcell,17,Global_niche
S4_B3_2,Lesion_myeloid I,3724,Global_niche
S4_B3_2,Lesion_myeloid II,87,Global_niche
S4_B3_2,Lesion_myeloid III,599,Global_niche
S4_B3_2,Meninges,1140,Global_niche
S4_B3_2,Vasculature,3,Global_niche
S4_B3_2,Ventral_GM,26,Global_niche
S4_B3_2,Ventral_Rim_OL,0,Global_niche
S4_B3_2,WM,38,Global_niche
S4_B3_2,WM_MOL2,15,Global_niche
S4_B3_2,WM_OPC,21,Global_niche
S4_T1_0,Central_canal,71,Global_niche
S4_T1_0,DRG,0,Global_niche
S4_T1_0,DRG_reactive,25,Global_niche
S4_T1_0,Disease_GM I,628,Global_niche
S4_T1_0,Disease_GM II,36,Global_niche
S4_T1_0,Disease_GM III,205,Global_niche
S4_T1_0,Dorsal_GM,419,Global_niche
S4_T1_0,Dorsal_Rim_DAA,142,Global_niche
S4_T1_0,Dorsal_Rim_OL,70,Global_niche
S4_T1_0,GM,12,Global_niche
S4_T1_0,Lesion_Bcell,1,Global_niche
S4_T1_0,Lesion_DAA,55,Global_niche
S4_T1_0,Lesion_DAO I,30,Global_niche
S4_T1_0,Lesion_DAO II,565,Global_niche
S4_T1_0,Lesion_Foamy,1413,Global_niche
S4_T1_0,Lesion_Lipid,0,Global_niche
S4_T1_0,Lesion_Tcell,85,Global_niche
S4_T1_0,Lesion_myeloid I,2073,Global_niche
S4_T1_0,Lesion_myeloid II,704,Global_niche
S4_T1_0,Lesion_myeloid III,220,Global_niche
S4_T1_0,Meninges,508,Global_niche
S4_T1_0,Vasculature,8,Global_niche
S4_T1_0,Ventral_GM,689,Global_niche
S4_T1_0,Ventral_Rim_OL,0,Global_niche
S4_T1_0,WM,169,Global_niche
S4_T1_0,WM_MOL2,101,Global_niche
S4_T1_0,WM_OPC,94,Global_niche
S4_T1_1,Central_canal,58,Global_niche
S4_T1_1,DRG,140,Global_niche
S4_T1_1,DRG_reactive,159,Global_niche
S4_T1_1,Disease_GM I,543,Global_niche
S4_T1_1,Disease_GM II,46,Global_niche
S4_T1_1,Disease_GM III,6,Global_niche
S4_T1_1,Dorsal_GM,965,Global_niche
S4_T1_1,Dorsal_Rim_DAA,25,Global_niche
S4_T1_1,Dorsal_Rim_OL,121,Global_niche
S4_T1_1,GM,842,Global_niche
S4_T1_1,Lesion_Bcell,0,Global_niche
S4_T1_1,Lesion_DAA,84,Global_niche
S4_T1_1,Lesion_DAO I,308,Global_niche
S4_T1_1,Lesion_DAO II,0,Global_niche
S4_T1_1,Lesion_Foamy,0,Global_niche
S4_T1_1,Lesion_Lipid,0,Global_niche
S4_T1_1,Lesion_Tcell,7,Global_niche
S4_T1_1,Lesion_myeloid I,672,Global_niche
S4_T1_1,Lesion_myeloid II,67,Global_niche
S4_T1_1,Lesion_myeloid III,0,Global_niche
S4_T1_1,Meninges,409,Global_niche
S4_T1_1,Vasculature,92,Global_niche
S4_T1_1,Ventral_GM,207,Global_niche
S4_T1_1,Ventral_Rim_OL,107,Global_niche
S4_T1_1,WM,420,Global_niche
S4_T1_1,WM_MOL2,145,Global_niche
S4_T1_1,WM_OPC,47,Global_niche
S4_T1_2,Central_canal,83,Global_niche
S4_T1_2,DRG,290,Global_niche
S4_T1_2,DRG_reactive,15,Global_niche
S4_T1_2,Disease_GM I,108,Global_niche
S4_T1_2,Disease_GM II,0,Global_niche
S4_T1_2,Disease_GM III,0,Global_niche
S4_T1_2,Dorsal_GM,1515,Global_niche
S4_T1_2,Dorsal_Rim_DAA,1,Global_niche
S4_T1_2,Dorsal_Rim_OL,173,Global_niche
S4_T1_2,GM,2239,Global_niche
S4_T1_2,Lesion_Bcell,0,Global_niche
S4_T1_2,Lesion_DAA,137,Global_niche
S4_T1_2,Lesion_DAO I,26,Global_niche
S4_T1_2,Lesion_DAO II,0,Global_niche
S4_T1_2,Lesion_Foamy,0,Global_niche
S4_T1_2,Lesion_Lipid,0,Global_niche
S4_T1_2,Lesion_Tcell,2,Global_niche
S4_T1_2,Lesion_myeloid I,293,Global_niche
S4_T1_2,Lesion_myeloid II,65,Global_niche
S4_T1_2,Lesion_myeloid III,0,Global_niche
S4_T1_2,Meninges,479,Global_niche
S4_T1_2,Vasculature,93,Global_niche
S4_T1_2,Ventral_GM,317,Global_niche
S4_T1_2,Ventral_Rim_OL,407,Global_niche
S4_T1_2,WM,1405,Global_niche
S4_T1_2,WM_MOL2,185,Global_niche
S4_T1_2,WM_OPC,40,Global_niche
S4_T2_0,Central_canal,131,Global_niche
S4_T2_0,DRG,342,Global_niche
S4_T2_0,DRG_reactive,201,Global_niche
S4_T2_0,Disease_GM I,1498,Global_niche
S4_T2_0,Disease_GM II,0,Global_niche
S4_T2_0,Disease_GM III,16,Global_niche
S4_T2_0,Dorsal_GM,1713,Global_niche
S4_T2_0,Dorsal_Rim_DAA,59,Global_niche
S4_T2_0,Dorsal_Rim_OL,307,Global_niche
S4_T2_0,GM,1026,Global_niche
S4_T2_0,Lesion_Bcell,107,Global_niche
S4_T2_0,Lesion_DAA,238,Global_niche
S4_T2_0,Lesion_DAO I,4,Global_niche
S4_T2_0,Lesion_DAO II,363,Global_niche
S4_T2_0,Lesion_Foamy,257,Global_niche
S4_T2_0,Lesion_Lipid,0,Global_niche
S4_T2_0,Lesion_Tcell,118,Global_niche
S4_T2_0,Lesion_myeloid I,54,Global_niche
S4_T2_0,Lesion_myeloid II,472,Global_niche
S4_T2_0,Lesion_myeloid III,640,Global_niche
S4_T2_0,Meninges,884,Global_niche
S4_T2_0,Vasculature,66,Global_niche
S4_T2_0,Ventral_GM,358,Global_niche
S4_T2_0,Ventral_Rim_OL,114,Global_niche
S4_T2_0,WM,782,Global_niche
S4_T2_0,WM_MOL2,351,Global_niche
S4_T2_0,WM_OPC,143,Global_niche
S4_T2_1,Central_canal,65,Global_niche
S4_T2_1,DRG,6,Global_niche
S4_T2_1,DRG_reactive,31,Global_niche
S4_T2_1,Disease_GM I,283,Global_niche
S4_T2_1,Disease_GM II,0,Global_niche
S4_T2_1,Disease_GM III,7,Global_niche
S4_T2_1,Dorsal_GM,986,Global_niche
S4_T2_1,Dorsal_Rim_DAA,3,Global_niche
S4_T2_1,Dorsal_Rim_OL,179,Global_niche
S4_T2_1,GM,846,Global_niche
S4_T2_1,Lesion_Bcell,0,Global_niche
S4_T2_1,Lesion_DAA,110,Global_niche
S4_T2_1,Lesion_DAO I,71,Global_niche
S4_T2_1,Lesion_DAO II,4,Global_niche
S4_T2_1,Lesion_Foamy,0,Global_niche
S4_T2_1,Lesion_Lipid,0,Global_niche
S4_T2_1,Lesion_Tcell,2,Global_niche
S4_T2_1,Lesion_myeloid I,416,Global_niche
S4_T2_1,Lesion_myeloid II,56,Global_niche
S4_T2_1,Lesion_myeloid III,0,Global_niche
S4_T2_1,Meninges,170,Global_niche
S4_T2_1,Vasculature,33,Global_niche
S4_T2_1,Ventral_GM,115,Global_niche
S4_T2_1,Ventral_Rim_OL,137,Global_niche
S4_T2_1,WM,536,Global_niche
S4_T2_1,WM_MOL2,171,Global_niche
S4_T2_1,WM_OPC,50,Global_niche
S4_T2_2,Central_canal,66,Global_niche
S4_T2_2,DRG,2,Global_niche
S4_T2_2,DRG_reactive,0,Global_niche
S4_T2_2,Disease_GM I,215,Global_niche
S4_T2_2,Disease_GM II,1683,Global_niche
S4_T2_2,Disease_GM III,207,Global_niche
S4_T2_2,Dorsal_GM,97,Global_niche
S4_T2_2,Dorsal_Rim_DAA,439,Global_niche
S4_T2_2,Dorsal_Rim_OL,0,Global_niche
S4_T2_2,GM,5,Global_niche
S4_T2_2,Lesion_Bcell,0,Global_niche
S4_T2_2,Lesion_DAA,6,Global_niche
S4_T2_2,Lesion_DAO I,799,Global_niche
S4_T2_2,Lesion_DAO II,115,Global_niche
S4_T2_2,Lesion_Foamy,166,Global_niche
S4_T2_2,Lesion_Lipid,0,Global_niche
S4_T2_2,Lesion_Tcell,35,Global_niche
S4_T2_2,Lesion_myeloid I,4162,Global_niche
S4_T2_2,Lesion_myeloid II,160,Global_niche
S4_T2_2,Lesion_myeloid III,162,Global_niche
S4_T2_2,Meninges,22,Global_niche
S4_T2_2,Vasculature,0,Global_niche
S4_T2_2,Ventral_GM,218,Global_niche
S4_T2_2,Ventral_Rim_OL,0,Global_niche
S4_T2_2,WM,15,Global_niche
S4_T2_2,WM_MOL2,0,Global_niche
S4_T2_2,WM_OPC,5,Global_niche
S4_T3_0,Central_canal,72,Global_niche
S4_T3_0,DRG,192,Global_niche
S4_T3_0,DRG_reactive,189,Global_niche
S4_T3_0,Disease_GM I,769,Global_niche
S4_T3_0,Disease_GM II,0,Global_niche
S4_T3_0,Disease_GM III,22,Global_niche
S4_T3_0,Dorsal_GM,890,Global_niche
S4_T3_0,Dorsal_Rim_DAA,49,Global_niche
S4_T3_0,Dorsal_Rim_OL,83,Global_niche
S4_T3_0,GM,581,Global_niche
S4_T3_0,Lesion_Bcell,6,Global_niche
S4_T3_0,Lesion_DAA,124,Global_niche
S4_T3_0,Lesion_DAO I,0,Global_niche
S4_T3_0,Lesion_DAO II,316,Global_niche
S4_T3_0,Lesion_Foamy,192,Global_niche
S4_T3_0,Lesion_Lipid,0,Global_niche
S4_T3_0,Lesion_Tcell,84,Global_niche
S4_T3_0,Lesion_myeloid I,10,Global_niche
S4_T3_0,Lesion_myeloid II,478,Global_niche
S4_T3_0,Lesion_myeloid III,486,Global_niche
S4_T3_0,Meninges,878,Global_niche
S4_T3_0,Vasculature,0,Global_niche
S4_T3_0,Ventral_GM,292,Global_niche
S4_T3_0,Ventral_Rim_OL,17,Global_niche
S4_T3_0,WM,364,Global_niche
S4_T3_0,WM_MOL2,229,Global_niche
S4_T3_0,WM_OPC,104,Global_niche
S4_T3_1,Central_canal,83,Global_niche
S4_T3_1,DRG,12,Global_niche
S4_T3_1,DRG_reactive,81,Global_niche
S4_T3_1,Disease_GM I,1643,Global_niche
S4_T3_1,Disease_GM II,60,Global_niche
S4_T3_1,Disease_GM III,177,Global_niche
S4_T3_1,Dorsal_GM,1113,Global_niche
S4_T3_1,Dorsal_Rim_DAA,257,Global_niche
S4_T3_1,Dorsal_Rim_OL,159,Global_niche
S4_T3_1,GM,282,Global_niche
S4_T3_1,Lesion_Bcell,28,Global_niche
S4_T3_1,Lesion_DAA,271,Global_niche
S4_T3_1,Lesion_DAO I,69,Global_niche
S4_T3_1,Lesion_DAO II,600,Global_niche
S4_T3_1,Lesion_Foamy,667,Global_niche
S4_T3_1,Lesion_Lipid,0,Global_niche
S4_T3_1,Lesion_Tcell,122,Global_niche
S4_T3_1,Lesion_myeloid I,834,Global_niche
S4_T3_1,Lesion_myeloid II,762,Global_niche
S4_T3_1,Lesion_myeloid III,511,Global_niche
S4_T3_1,Meninges,1057,Global_niche
S4_T3_1,Vasculature,10,Global_niche
S4_T3_1,Ventral_GM,331,Global_niche
S4_T3_1,Ventral_Rim_OL,37,Global_niche
S4_T3_1,WM,565,Global_niche
S4_T3_1,WM_MOL2,331,Global_niche
S4_T3_1,WM_OPC,174,Global_niche
S4_T3_2,Central_canal,93,Global_niche
S4_T3_2,DRG,107,Global_niche
S4_T3_2,DRG_reactive,112,Global_niche
S4_T3_2,Disease_GM I,532,Global_niche
S4_T3_2,Disease_GM II,0,Global_niche
S4_T3_2,Disease_GM III,23,Global_niche
S4_T3_2,Dorsal_GM,844,Global_niche
S4_T3_2,Dorsal_Rim_DAA,50,Global_niche
S4_T3_2,Dorsal_Rim_OL,127,Global_niche
S4_T3_2,GM,618,Global_niche
S4_T3_2,Lesion_Bcell,23,Global_niche
S4_T3_2,Lesion_DAA,134,Global_niche
S4_T3_2,Lesion_DAO I,0,Global_niche
S4_T3_2,Lesion_DAO II,502,Global_niche
S4_T3_2,Lesion_Foamy,107,Global_niche
S4_T3_2,Lesion_Lipid,0,Global_niche
S4_T3_2,Lesion_Tcell,88,Global_niche
S4_T3_2,Lesion_myeloid I,24,Global_niche
S4_T3_2,Lesion_myeloid II,506,Global_niche
S4_T3_2,Lesion_myeloid III,446,Global_niche
S4_T3_2,Meninges,520,Global_niche
S4_T3_2,Vasculature,131,Global_niche
S4_T3_2,Ventral_GM,220,Global_niche
S4_T3_2,Ventral_Rim_OL,19,Global_niche
S4_T3_2,WM,384,Global_niche
S4_T3_2,WM_MOL2,188,Global_niche
S4_T3_2,WM_OPC,115,Global_niche
S5_B1_0,Central_canal,107,Global_niche
S5_B1_0,DRG,1355,Global_niche
S5_B1_0,DRG_reactive,334,Global_niche
S5_B1_0,Disease_GM I,1033,Global_niche
S5_B1_0,Disease_GM II,0,Global_niche
S5_B1_0,Disease_GM III,1,Global_niche
S5_B1_0,Dorsal_GM,1175,Global_niche
S5_B1_0,Dorsal_Rim_DAA,29,Global_niche
S5_B1_0,Dorsal_Rim_OL,222,Global_niche
S5_B1_0,GM,1012,Global_niche
S5_B1_0,Lesion_Bcell,692,Global_niche
S5_B1_0,Lesion_DAA,442,Global_niche
S5_B1_0,Lesion_DAO I,0,Global_niche
S5_B1_0,Lesion_DAO II,257,Global_niche
S5_B1_0,Lesion_Foamy,708,Global_niche
S5_B1_0,Lesion_Lipid,13,Global_niche
S5_B1_0,Lesion_Tcell,117,Global_niche
S5_B1_0,Lesion_myeloid I,87,Global_niche
S5_B1_0,Lesion_myeloid II,525,Global_niche
S5_B1_0,Lesion_myeloid III,698,Global_niche
S5_B1_0,Meninges,1437,Global_niche
S5_B1_0,Vasculature,149,Global_niche
S5_B1_0,Ventral_GM,532,Global_niche
S5_B1_0,Ventral_Rim_OL,9,Global_niche
S5_B1_0,WM,549,Global_niche
S5_B1_0,WM_MOL2,374,Global_niche
S5_B1_0,WM_OPC,180,Global_niche
S5_B1_1,Central_canal,98,Global_niche
S5_B1_1,DRG,0,Global_niche
S5_B1_1,DRG_reactive,106,Global_niche
S5_B1_1,Disease_GM I,895,Global_niche
S5_B1_1,Disease_GM II,1718,Global_niche
S5_B1_1,Disease_GM III,574,Global_niche
S5_B1_1,Dorsal_GM,509,Global_niche
S5_B1_1,Dorsal_Rim_DAA,288,Global_niche
S5_B1_1,Dorsal_Rim_OL,29,Global_niche
S5_B1_1,GM,7,Global_niche
S5_B1_1,Lesion_Bcell,288,Global_niche
S5_B1_1,Lesion_DAA,16,Global_niche
S5_B1_1,Lesion_DAO I,1976,Global_niche
S5_B1_1,Lesion_DAO II,25,Global_niche
S5_B1_1,Lesion_Foamy,0,Global_niche
S5_B1_1,Lesion_Lipid,0,Global_niche
S5_B1_1,Lesion_Tcell,14,Global_niche
S5_B1_1,Lesion_myeloid I,4720,Global_niche
S5_B1_1,Lesion_myeloid II,12,Global_niche
S5_B1_1,Lesion_myeloid III,565,Global_niche
S5_B1_1,Meninges,1710,Global_niche
S5_B1_1,Vasculature,31,Global_niche
S5_B1_1,Ventral_GM,174,Global_niche
S5_B1_1,Ventral_Rim_OL,0,Global_niche
S5_B1_1,WM,75,Global_niche
S5_B1_1,WM_MOL2,0,Global_niche
S5_B1_1,WM_OPC,3,Global_niche
S5_B1_2,Central_canal,71,Global_niche
S5_B1_2,DRG,204,Global_niche
S5_B1_2,DRG_reactive,78,Global_niche
S5_B1_2,Disease_GM I,295,Global_niche
S5_B1_2,Disease_GM II,0,Global_niche
S5_B1_2,Disease_GM III,1,Global_niche
S5_B1_2,Dorsal_GM,911,Global_niche
S5_B1_2,Dorsal_Rim_DAA,0,Global_niche
S5_B1_2,Dorsal_Rim_OL,195,Global_niche
S5_B1_2,GM,646,Global_niche
S5_B1_2,Lesion_Bcell,122,Global_niche
S5_B1_2,Lesion_DAA,487,Global_niche
S5_B1_2,Lesion_DAO I,0,Global_niche
S5_B1_2,Lesion_DAO II,23,Global_niche
S5_B1_2,Lesion_Foamy,104,Global_niche
S5_B1_2,Lesion_Lipid,685,Global_niche
S5_B1_2,Lesion_Tcell,34,Global_niche
S5_B1_2,Lesion_myeloid I,0,Global_niche
S5_B1_2,Lesion_myeloid II,471,Global_niche
S5_B1_2,Lesion_myeloid III,110,Global_niche
S5_B1_2,Meninges,1285,Global_niche
S5_B1_2,Vasculature,73,Global_niche
S5_B1_2,Ventral_GM,180,Global_niche
S5_B1_2,Ventral_Rim_OL,56,Global_niche
S5_B1_2,WM,307,Global_niche
S5_B1_2,WM_MOL2,289,Global_niche
S5_B1_2,WM_OPC,144,Global_niche
S5_B2_0,Central_canal,106,Global_niche
S5_B2_0,DRG,81,Global_niche
S5_B2_0,DRG_reactive,105,Global_niche
S5_B2_0,Disease_GM I,947,Global_niche
S5_B2_0,Disease_GM II,0,Global_niche
S5_B2_0,Disease_GM III,5,Global_niche
S5_B2_0,Dorsal_GM,2725,Global_niche
S5_B2_0,Dorsal_Rim_DAA,4,Global_niche
S5_B2_0,Dorsal_Rim_OL,337,Global_niche
S5_B2_0,GM,2540,Global_niche
S5_B2_0,Lesion_Bcell,0,Global_niche
S5_B2_0,Lesion_DAA,1149,Global_niche
S5_B2_0,Lesion_DAO I,0,Global_niche
S5_B2_0,Lesion_DAO II,42,Global_niche
S5_B2_0,Lesion_Foamy,191,Global_niche
S5_B2_0,Lesion_Lipid,937,Global_niche
S5_B2_0,Lesion_Tcell,83,Global_niche
S5_B2_0,Lesion_myeloid I,0,Global_niche
S5_B2_0,Lesion_myeloid II,1006,Global_niche
S5_B2_0,Lesion_myeloid III,66,Global_niche
S5_B2_0,Meninges,2272,Global_niche
S5_B2_0,Vasculature,119,Global_niche
S5_B2_0,Ventral_GM,692,Global_niche
S5_B2_0,Ventral_Rim_OL,242,Global_niche
S5_B2_0,WM,986,Global_niche
S5_B2_0,WM_MOL2,679,Global_niche
S5_B2_0,WM_OPC,263,Global_niche
S5_B2_1,Central_canal,66,Global_niche
S5_B2_1,DRG,229,Global_niche
S5_B2_1,DRG_reactive,226,Global_niche
S5_B2_1,Disease_GM I,473,Global_niche
S5_B2_1,Disease_GM II,0,Global_niche
S5_B2_1,Disease_GM III,24,Global_niche
S5_B2_1,Dorsal_GM,998,Global_niche
S5_B2_1,Dorsal_Rim_DAA,41,Global_niche
S5_B2_1,Dorsal_Rim_OL,193,Global_niche
S5_B2_1,GM,568,Global_niche
S5_B2_1,Lesion_Bcell,75,Global_niche
S5_B2_1,Lesion_DAA,275,Global_niche
S5_B2_1,Lesion_DAO I,2,Global_niche
S5_B2_1,Lesion_DAO II,554,Global_niche
S5_B2_1,Lesion_Foamy,1343,Global_niche
S5_B2_1,Lesion_Lipid,23,Global_niche
S5_B2_1,Lesion_Tcell,109,Global_niche
S5_B2_1,Lesion_myeloid I,133,Global_niche
S5_B2_1,Lesion_myeloid II,620,Global_niche
S5_B2_1,Lesion_myeloid III,472,Global_niche
S5_B2_1,Meninges,1282,Global_niche
S5_B2_1,Vasculature,54,Global_niche
S5_B2_1,Ventral_GM,277,Global_niche
S5_B2_1,Ventral_Rim_OL,18,Global_niche
S5_B2_1,WM,383,Global_niche
S5_B2_1,WM_MOL2,250,Global_niche
S5_B2_1,WM_OPC,193,Global_niche
S5_B2_2,Central_canal,70,Global_niche
S5_B2_2,DRG,0,Global_niche
S5_B2_2,DRG_reactive,617,Global_niche
S5_B2_2,Disease_GM I,0,Global_niche
S5_B2_2,Disease_GM II,2797,Global_niche
S5_B2_2,Disease_GM III,455,Global_niche
S5_B2_2,Dorsal_GM,97,Global_niche
S5_B2_2,Dorsal_Rim_DAA,611,Global_niche
S5_B2_2,Dorsal_Rim_OL,0,Global_niche
S5_B2_2,GM,0,Global_niche
S5_B2_2,Lesion_Bcell,138,Global_niche
S5_B2_2,Lesion_DAA,0,Global_niche
S5_B2_2,Lesion_DAO I,855,Global_niche
S5_B2_2,Lesion_DAO II,1,Global_niche
S5_B2_2,Lesion_Foamy,46,Global_niche
S5_B2_2,Lesion_Lipid,0,Global_niche
S5_B2_2,Lesion_Tcell,3,Global_niche
S5_B2_2,Lesion_myeloid I,11245,Global_niche
S5_B2_2,Lesion_myeloid II,2,Global_niche
S5_B2_2,Lesion_myeloid III,46,Global_niche
S5_B2_2,Meninges,706,Global_niche
S5_B2_2,Vasculature,30,Global_niche
S5_B2_2,Ventral_GM,0,Global_niche
S5_B2_2,Ventral_Rim_OL,0,Global_niche
S5_B2_2,WM,0,Global_niche
S5_B2_2,WM_MOL2,0,Global_niche
S5_B2_2,WM_OPC,0,Global_niche
S5_B3_0,Central_canal,78,Global_niche
S5_B3_0,DRG,0,Global_niche
S5_B3_0,DRG_reactive,321,Global_niche
S5_B3_0,Disease_GM I,0,Global_niche
S5_B3_0,Disease_GM II,2106,Global_niche
S5_B3_0,Disease_GM III,685,Global_niche
S5_B3_0,Dorsal_GM,158,Global_niche
S5_B3_0,Dorsal_Rim_DAA,619,Global_niche
S5_B3_0,Dorsal_Rim_OL,0,Global_niche
S5_B3_0,GM,2,Global_niche
S5_B3_0,Lesion_Bcell,0,Global_niche
S5_B3_0,Lesion_DAA,2,Global_niche
S5_B3_0,Lesion_DAO I,993,Global_niche
S5_B3_0,Lesion_DAO II,3,Global_niche
S5_B3_0,Lesion_Foamy,339,Global_niche
S5_B3_0,Lesion_Lipid,0,Global_niche
S5_B3_0,Lesion_Tcell,9,Global_niche
S5_B3_0,Lesion_myeloid I,8404,Global_niche
S5_B3_0,Lesion_myeloid II,9,Global_niche
S5_B3_0,Lesion_myeloid III,84,Global_niche
S5_B3_0,Meninges,1275,Global_niche
S5_B3_0,Vasculature,144,Global_niche
S5_B3_0,Ventral_GM,0,Global_niche
S5_B3_0,Ventral_Rim_OL,0,Global_niche
S5_B3_0,WM,0,Global_niche
S5_B3_0,WM_MOL2,0,Global_niche
S5_B3_0,WM_OPC,0,Global_niche
S5_B3_1,Central_canal,103,Global_niche
S5_B3_1,DRG,900,Global_niche
S5_B3_1,DRG_reactive,175,Global_niche
S5_B3_1,Disease_GM I,287,Global_niche
S5_B3_1,Disease_GM II,0,Global_niche
S5_B3_1,Disease_GM III,0,Global_niche
S5_B3_1,Dorsal_GM,1177,Global_niche
S5_B3_1,Dorsal_Rim_DAA,12,Global_niche
S5_B3_1,Dorsal_Rim_OL,238,Global_niche
S5_B3_1,GM,1848,Global_niche
S5_B3_1,Lesion_Bcell,0,Global_niche
S5_B3_1,Lesion_DAA,712,Global_niche
S5_B3_1,Lesion_DAO I,3,Global_niche
S5_B3_1,Lesion_DAO II,2,Global_niche
S5_B3_1,Lesion_Foamy,19,Global_niche
S5_B3_1,Lesion_Lipid,103,Global_niche
S5_B3_1,Lesion_Tcell,57,Global_niche
S5_B3_1,Lesion_myeloid I,3,Global_niche
S5_B3_1,Lesion_myeloid II,329,Global_niche
S5_B3_1,Lesion_myeloid III,37,Global_niche
S5_B3_1,Meninges,726,Global_niche
S5_B3_1,Vasculature,96,Global_niche
S5_B3_1,Ventral_GM,418,Global_niche
S5_B3_1,Ventral_Rim_OL,336,Global_niche
S5_B3_1,WM,602,Global_niche
S5_B3_1,WM_MOL2,247,Global_niche
S5_B3_1,WM_OPC,78,Global_niche
S5_B3_2,Central_canal,108,Global_niche
S5_B3_2,DRG,475,Global_niche
S5_B3_2,DRG_reactive,198,Global_niche
S5_B3_2,Disease_GM I,957,Global_niche
S5_B3_2,Disease_GM II,1,Global_niche
S5_B3_2,Disease_GM III,47,Global_niche
S5_B3_2,Dorsal_GM,1599,Global_niche
S5_B3_2,Dorsal_Rim_DAA,53,Global_niche
S5_B3_2,Dorsal_Rim_OL,399,Global_niche
S5_B3_2,GM,1922,Global_niche
S5_B3_2,Lesion_Bcell,127,Global_niche
S5_B3_2,Lesion_DAA,339,Global_niche
S5_B3_2,Lesion_DAO I,6,Global_niche
S5_B3_2,Lesion_DAO II,295,Global_niche
S5_B3_2,Lesion_Foamy,251,Global_niche
S5_B3_2,Lesion_Lipid,0,Global_niche
S5_B3_2,Lesion_Tcell,112,Global_niche
S5_B3_2,Lesion_myeloid I,15,Global_niche
S5_B3_2,Lesion_myeloid II,584,Global_niche
S5_B3_2,Lesion_myeloid III,540,Global_niche
S5_B3_2,Meninges,1098,Global_niche
S5_B3_2,Vasculature,137,Global_niche
S5_B3_2,Ventral_GM,421,Global_niche
S5_B3_2,Ventral_Rim_OL,217,Global_niche
S5_B3_2,WM,835,Global_niche
S5_B3_2,WM_MOL2,548,Global_niche
S5_B3_2,WM_OPC,285,Global_niche
S5_T1_0,Central_canal,93,Global_niche
S5_T1_0,DRG,332,Global_niche
S5_T1_0,DRG_reactive,173,Global_niche
S5_T1_0,Disease_GM I,107,Global_niche
S5_T1_0,Disease_GM II,0,Global_niche
S5_T1_0,Disease_GM III,1,Global_niche
S5_T1_0,Dorsal_GM,1210,Global_niche
S5_T1_0,Dorsal_Rim_DAA,0,Global_niche
S5_T1_0,Dorsal_Rim_OL,206,Global_niche
S5_T1_0,GM,1080,Global_niche
S5_T1_0,Lesion_Bcell,97,Global_niche
S5_T1_0,Lesion_DAA,561,Global_niche
S5_T1_0,Lesion_DAO I,29,Global_niche
S5_T1_0,Lesion_DAO II,6,Global_niche
S5_T1_0,Lesion_Foamy,2,Global_niche
S5_T1_0,Lesion_Lipid,191,Global_niche
S5_T1_0,Lesion_Tcell,57,Global_niche
S5_T1_0,Lesion_myeloid I,14,Global_niche
S5_T1_0,Lesion_myeloid II,501,Global_niche
S5_T1_0,Lesion_myeloid III,69,Global_niche
S5_T1_0,Meninges,1190,Global_niche
S5_T1_0,Vasculature,70,Global_niche
S5_T1_0,Ventral_GM,71,Global_niche
S5_T1_0,Ventral_Rim_OL,192,Global_niche
S5_T1_0,WM,545,Global_niche
S5_T1_0,WM_MOL2,352,Global_niche
S5_T1_0,WM_OPC,89,Global_niche
S5_T1_1,Central_canal,50,Global_niche
S5_T1_1,DRG,126,Global_niche
S5_T1_1,DRG_reactive,775,Global_niche
S5_T1_1,Disease_GM I,0,Global_niche
S5_T1_1,Disease_GM II,3508,Global_niche
S5_T1_1,Disease_GM III,506,Global_niche
S5_T1_1,Dorsal_GM,98,Global_niche
S5_T1_1,Dorsal_Rim_DAA,453,Global_niche
S5_T1_1,Dorsal_Rim_OL,0,Global_niche
S5_T1_1,GM,0,Global_niche
S5_T1_1,Lesion_Bcell,12,Global_niche
S5_T1_1,Lesion_DAA,0,Global_niche
S5_T1_1,Lesion_DAO I,633,Global_niche
S5_T1_1,Lesion_DAO II,0,Global_niche
S5_T1_1,Lesion_Foamy,0,Global_niche
S5_T1_1,Lesion_Lipid,0,Global_niche
S5_T1_1,Lesion_Tcell,0,Global_niche
S5_T1_1,Lesion_myeloid I,5920,Global_niche
S5_T1_1,Lesion_myeloid II,0,Global_niche
S5_T1_1,Lesion_myeloid III,14,Global_niche
S5_T1_1,Meninges,474,Global_niche
S5_T1_1,Vasculature,5,Global_niche
S5_T1_1,Ventral_GM,0,Global_niche
S5_T1_1,Ventral_Rim_OL,0,Global_niche
S5_T1_1,WM,0,Global_niche
S5_T1_1,WM_MOL2,0,Global_niche
S5_T1_1,WM_OPC,0,Global_niche
S5_T1_2,Central_canal,20,Global_niche
S5_T1_2,DRG,0,Global_niche
S5_T1_2,DRG_reactive,17,Global_niche
S5_T1_2,Disease_GM I,0,Global_niche
S5_T1_2,Disease_GM II,3655,Global_niche
S5_T1_2,Disease_GM III,889,Global_niche
S5_T1_2,Dorsal_GM,141,Global_niche
S5_T1_2,Dorsal_Rim_DAA,831,Global_niche
S5_T1_2,Dorsal_Rim_OL,0,Global_niche
S5_T1_2,GM,0,Global_niche
S5_T1_2,Lesion_Bcell,0,Global_niche
S5_T1_2,Lesion_DAA,0,Global_niche
S5_T1_2,Lesion_DAO I,788,Global_niche
S5_T1_2,Lesion_DAO II,0,Global_niche
S5_T1_2,Lesion_Foamy,0,Global_niche
S5_T1_2,Lesion_Lipid,0,Global_niche
S5_T1_2,Lesion_Tcell,0,Global_niche
S5_T1_2,Lesion_myeloid I,9305,Global_niche
S5_T1_2,Lesion_myeloid II,0,Global_niche
S5_T1_2,Lesion_myeloid III,0,Global_niche
S5_T1_2,Meninges,1142,Global_niche
S5_T1_2,Vasculature,22,Global_niche
S5_T1_2,Ventral_GM,0,Global_niche
S5_T1_2,Ventral_Rim_OL,0,Global_niche
S5_T1_2,WM,0,Global_niche
S5_T1_2,WM_MOL2,0,Global_niche
S5_T1_2,WM_OPC,0,Global_niche
S5_T2_0,Central_canal,119,Global_niche
S5_T2_0,DRG,177,Global_niche
S5_T2_0,DRG_reactive,120,Global_niche
S5_T2_0,Disease_GM I,262,Global_niche
S5_T2_0,Disease_GM II,0,Global_niche
S5_T2_0,Disease_GM III,1,Global_niche
S5_T2_0,Dorsal_GM,2120,Global_niche
S5_T2_0,Dorsal_Rim_DAA,13,Global_niche
S5_T2_0,Dorsal_Rim_OL,212,Global_niche
S5_T2_0,GM,1973,Global_niche
S5_T2_0,Lesion_Bcell,0,Global_niche
S5_T2_0,Lesion_DAA,1218,Global_niche
S5_T2_0,Lesion_DAO I,84,Global_niche
S5_T2_0,Lesion_DAO II,44,Global_niche
S5_T2_0,Lesion_Foamy,25,Global_niche
S5_T2_0,Lesion_Lipid,208,Global_niche
S5_T2_0,Lesion_Tcell,72,Global_niche
S5_T2_0,Lesion_myeloid I,271,Global_niche
S5_T2_0,Lesion_myeloid II,635,Global_niche
S5_T2_0,Lesion_myeloid III,54,Global_niche
S5_T2_0,Meninges,1992,Global_niche
S5_T2_0,Vasculature,100,Global_niche
S5_T2_0,Ventral_GM,217,Global_niche
S5_T2_0,Ventral_Rim_OL,305,Global_niche
S5_T2_0,WM,874,Global_niche
S5_T2_0,WM_MOL2,511,Global_niche
S5_T2_0,WM_OPC,154,Global_niche
S5_T2_1,Central_canal,49,Global_niche
S5_T2_1,DRG,0,Global_niche
S5_T2_1,DRG_reactive,183,Global_niche
S5_T2_1,Disease_GM I,0,Global_niche
S5_T2_1,Disease_GM II,1817,Global_niche
S5_T2_1,Disease_GM III,307,Global_niche
S5_T2_1,Dorsal_GM,51,Global_niche
S5_T2_1,Dorsal_Rim_DAA,360,Global_niche
S5_T2_1,Dorsal_Rim_OL,0,Global_niche
S5_T2_1,GM,0,Global_niche
S5_T2_1,Lesion_Bcell,0,Global_niche
S5_T2_1,Lesion_DAA,0,Global_niche
S5_T2_1,Lesion_DAO I,520,Global_niche
S5_T2_1,Lesion_DAO II,0,Global_niche
S5_T2_1,Lesion_Foamy,0,Global_niche
S5_T2_1,Lesion_Lipid,0,Global_niche
S5_T2_1,Lesion_Tcell,0,Global_niche
S5_T2_1,Lesion_myeloid I,2950,Global_niche
S5_T2_1,Lesion_myeloid II,0,Global_niche
S5_T2_1,Lesion_myeloid III,5,Global_niche
S5_T2_1,Meninges,642,Global_niche
S5_T2_1,Vasculature,37,Global_niche
S5_T2_1,Ventral_GM,0,Global_niche
S5_T2_1,Ventral_Rim_OL,0,Global_niche
S5_T2_1,WM,2,Global_niche
S5_T2_1,WM_MOL2,0,Global_niche
S5_T2_1,WM_OPC,0,Global_niche
S5_T2_2,Central_canal,138,Global_niche
S5_T2_2,DRG,1885,Global_niche
S5_T2_2,DRG_reactive,207,Global_niche
S5_T2_2,Disease_GM I,267,Global_niche
S5_T2_2,Disease_GM II,3,Global_niche
S5_T2_2,Disease_GM III,2,Global_niche
S5_T2_2,Dorsal_GM,1262,Global_niche
S5_T2_2,Dorsal_Rim_DAA,0,Global_niche
S5_T2_2,Dorsal_Rim_OL,210,Global_niche
S5_T2_2,GM,1180,Global_niche
S5_T2_2,Lesion_Bcell,12,Global_niche
S5_T2_2,Lesion_DAA,564,Global_niche
S5_T2_2,Lesion_DAO I,0,Global_niche
S5_T2_2,Lesion_DAO II,0,Global_niche
S5_T2_2,Lesion_Foamy,5,Global_niche
S5_T2_2,Lesion_Lipid,2,Global_niche
S5_T2_2,Lesion_Tcell,7,Global_niche
S5_T2_2,Lesion_myeloid I,0,Global_niche
S5_T2_2,Lesion_myeloid II,143,Global_niche
S5_T2_2,Lesion_myeloid III,148,Global_niche
S5_T2_2,Meninges,579,Global_niche
S5_T2_2,Vasculature,179,Global_niche
S5_T2_2,Ventral_GM,108,Global_niche
S5_T2_2,Ventral_Rim_OL,138,Global_niche
S5_T2_2,WM,281,Global_niche
S5_T2_2,WM_MOL2,81,Global_niche
S5_T2_2,WM_OPC,41,Global_niche
S5_T3_0,Central_canal,74,Global_niche
S5_T3_0,DRG,475,Global_niche
S5_T3_0,DRG_reactive,194,Global_niche
S5_T3_0,Disease_GM I,272,Global_niche
S5_T3_0,Disease_GM II,0,Global_niche
S5_T3_0,Disease_GM III,0,Global_niche
S5_T3_0,Dorsal_GM,1086,Global_niche
S5_T3_0,Dorsal_Rim_DAA,2,Global_niche
S5_T3_0,Dorsal_Rim_OL,217,Global_niche
S5_T3_0,GM,1065,Global_niche
S5_T3_0,Lesion_Bcell,79,Global_niche
S5_T3_0,Lesion_DAA,581,Global_niche
S5_T3_0,Lesion_DAO I,0,Global_niche
S5_T3_0,Lesion_DAO II,4,Global_niche
S5_T3_0,Lesion_Foamy,114,Global_niche
S5_T3_0,Lesion_Lipid,1275,Global_niche
S5_T3_0,Lesion_Tcell,30,Global_niche
S5_T3_0,Lesion_myeloid I,19,Global_niche
S5_T3_0,Lesion_myeloid II,403,Global_niche
S5_T3_0,Lesion_myeloid III,52,Global_niche
S5_T3_0,Meninges,1828,Global_niche
S5_T3_0,Vasculature,80,Global_niche
S5_T3_0,Ventral_GM,269,Global_niche
S5_T3_0,Ventral_Rim_OL,127,Global_niche
S5_T3_0,WM,429,Global_niche
S5_T3_0,WM_MOL2,248,Global_niche
S5_T3_0,WM_OPC,80,Global_niche
S5_T3_1,Central_canal,95,Global_niche
S5_T3_1,DRG,39,Global_niche
S5_T3_1,DRG_reactive,143,Global_niche
S5_T3_1,Disease_GM I,414,Global_niche
S5_T3_1,Disease_GM II,0,Global_niche
S5_T3_1,Disease_GM III,3,Global_niche
S5_T3_1,Dorsal_GM,2117,Global_niche
S5_T3_1,Dorsal_Rim_DAA,0,Global_niche
S5_T3_1,Dorsal_Rim_OL,337,Global_niche
S5_T3_1,GM,2167,Global_niche
S5_T3_1,Lesion_Bcell,14,Global_niche
S5_T3_1,Lesion_DAA,1407,Global_niche
S5_T3_1,Lesion_DAO I,0,Global_niche
S5_T3_1,Lesion_DAO II,0,Global_niche
S5_T3_1,Lesion_Foamy,0,Global_niche
S5_T3_1,Lesion_Lipid,195,Global_niche
S5_T3_1,Lesion_Tcell,33,Global_niche
S5_T3_1,Lesion_myeloid I,0,Global_niche
S5_T3_1,Lesion_myeloid II,531,Global_niche
S5_T3_1,Lesion_myeloid III,103,Global_niche
S5_T3_1,Meninges,2053,Global_niche
S5_T3_1,Vasculature,312,Global_niche
S5_T3_1,Ventral_GM,184,Global_niche
S5_T3_1,Ventral_Rim_OL,402,Global_niche
S5_T3_1,WM,1219,Global_niche
S5_T3_1,WM_MOL2,494,Global_niche
S5_T3_1,WM_OPC,115,Global_niche
S5_T3_2,Central_canal,81,Global_niche
S5_T3_2,DRG,99,Global_niche
S5_T3_2,DRG_reactive,40,Global_niche
S5_T3_2,Disease_GM I,175,Global_niche
S5_T3_2,Disease_GM II,0,Global_niche
S5_T3_2,Disease_GM III,3,Global_niche
S5_T3_2,Dorsal_GM,1086,Global_niche
S5_T3_2,Dorsal_Rim_DAA,0,Global_niche
S5_T3_2,Dorsal_Rim_OL,181,Global_niche
S5_T3_2,GM,862,Global_niche
S5_T3_2,Lesion_Bcell,1,Global_niche
S5_T3_2,Lesion_DAA,732,Global_niche
S5_T3_2,Lesion_DAO I,1,Global_niche
S5_T3_2,Lesion_DAO II,22,Global_niche
S5_T3_2,Lesion_Foamy,59,Global_niche
S5_T3_2,Lesion_Lipid,624,Global_niche
S5_T3_2,Lesion_Tcell,23,Global_niche
S5_T3_2,Lesion_myeloid I,3,Global_niche
S5_T3_2,Lesion_myeloid II,510,Global_niche
S5_T3_2,Lesion_myeloid III,33,Global_niche
S5_T3_2,Meninges,1686,Global_niche
S5_T3_2,Vasculature,74,Global_niche
S5_T3_2,Ventral_GM,155,Global_niche
S5_T3_2,Ventral_Rim_OL,125,Global_niche
S5_T3_2,WM,366,Global_niche
S5_T3_2,WM_MOL2,317,Global_niche
S5_T3_2,WM_OPC,111,Global_niche
S6_T1_0,Central_canal,110,Global_niche
S6_T1_0,DRG,11,Global_niche
S6_T1_0,DRG_reactive,31,Global_niche
S6_T1_0,Disease_GM I,655,Global_niche
S6_T1_0,Disease_GM II,58,Global_niche
S6_T1_0,Disease_GM III,9,Global_niche
S6_T1_0,Dorsal_GM,2057,Global_niche
S6_T1_0,Dorsal_Rim_DAA,132,Global_niche
S6_T1_0,Dorsal_Rim_OL,289,Global_niche
S6_T1_0,GM,1493,Global_niche
S6_T1_0,Lesion_Bcell,16,Global_niche
S6_T1_0,Lesion_DAA,368,Global_niche
S6_T1_0,Lesion_DAO I,132,Global_niche
S6_T1_0,Lesion_DAO II,39,Global_niche
S6_T1_0,Lesion_Foamy,42,Global_niche
S6_T1_0,Lesion_Lipid,9,Global_niche
S6_T1_0,Lesion_Tcell,95,Global_niche
S6_T1_0,Lesion_myeloid I,274,Global_niche
S6_T1_0,Lesion_myeloid II,370,Global_niche
S6_T1_0,Lesion_myeloid III,226,Global_niche
S6_T1_0,Meninges,713,Global_niche
S6_T1_0,Vasculature,95,Global_niche
S6_T1_0,Ventral_GM,218,Global_niche
S6_T1_0,Ventral_Rim_OL,182,Global_niche
S6_T1_0,WM,921,Global_niche
S6_T1_0,WM_MOL2,512,Global_niche
S6_T1_0,WM_OPC,191,Global_niche
S6_T1_1,Central_canal,97,Global_niche
S6_T1_1,DRG,335,Global_niche
S6_T1_1,DRG_reactive,168,Global_niche
S6_T1_1,Disease_GM I,781,Global_niche
S6_T1_1,Disease_GM II,0,Global_niche
S6_T1_1,Disease_GM III,15,Global_niche
S6_T1_1,Dorsal_GM,1216,Global_niche
S6_T1_1,Dorsal_Rim_DAA,10,Global_niche
S6_T1_1,Dorsal_Rim_OL,299,Global_niche
S6_T1_1,GM,958,Global_niche
S6_T1_1,Lesion_Bcell,116,Global_niche
S6_T1_1,Lesion_DAA,620,Global_niche
S6_T1_1,Lesion_DAO I,0,Global_niche
S6_T1_1,Lesion_DAO II,194,Global_niche
S6_T1_1,Lesion_Foamy,944,Global_niche
S6_T1_1,Lesion_Lipid,46,Global_niche
S6_T1_1,Lesion_Tcell,107,Global_niche
S6_T1_1,Lesion_myeloid I,15,Global_niche
S6_T1_1,Lesion_myeloid II,677,Global_niche
S6_T1_1,Lesion_myeloid III,467,Global_niche
S6_T1_1,Meninges,1526,Global_niche
S6_T1_1,Vasculature,108,Global_niche
S6_T1_1,Ventral_GM,467,Global_niche
S6_T1_1,Ventral_Rim_OL,18,Global_niche
S6_T1_1,WM,638,Global_niche
S6_T1_1,WM_MOL2,468,Global_niche
S6_T1_1,WM_OPC,244,Global_niche
S6_T1_2,Central_canal,68,Global_niche
S6_T1_2,DRG,197,Global_niche
S6_T1_2,DRG_reactive,8,Global_niche
S6_T1_2,Disease_GM I,71,Global_niche
S6_T1_2,Disease_GM II,0,Global_niche
S6_T1_2,Disease_GM III,1,Global_niche
S6_T1_2,Dorsal_GM,726,Global_niche
S6_T1_2,Dorsal_Rim_DAA,0,Global_niche
S6_T1_2,Dorsal_Rim_OL,153,Global_niche
S6_T1_2,GM,776,Global_niche
S6_T1_2,Lesion_Bcell,13,Global_niche
S6_T1_2,Lesion_DAA,345,Global_niche
S6_T1_2,Lesion_DAO I,104,Global_niche
S6_T1_2,Lesion_DAO II,23,Global_niche
S6_T1_2,Lesion_Foamy,7,Global_niche
S6_T1_2,Lesion_Lipid,40,Global_niche
S6_T1_2,Lesion_Tcell,49,Global_niche
S6_T1_2,Lesion_myeloid I,26,Global_niche
S6_T1_2,Lesion_myeloid II,281,Global_niche
S6_T1_2,Lesion_myeloid III,97,Global_niche
S6_T1_2,Meninges,1122,Global_niche
S6_T1_2,Vasculature,62,Global_niche
S6_T1_2,Ventral_GM,90,Global_niche
S6_T1_2,Ventral_Rim_OL,124,Global_niche
S6_T1_2,WM,392,Global_niche
S6_T1_2,WM_MOL2,305,Global_niche
S6_T1_2,WM_OPC,98,Global_niche
S6_T2_0,Central_canal,104,Global_niche
S6_T2_0,DRG,641,Global_niche
S6_T2_0,DRG_reactive,136,Global_niche
S6_T2_0,Disease_GM I,509,Global_niche
S6_T2_0,Disease_GM II,0,Global_niche
S6_T2_0,Disease_GM III,0,Global_niche
S6_T2_0,Dorsal_GM,1064,Global_niche
S6_T2_0,Dorsal_Rim_DAA,3,Global_niche
S6_T2_0,Dorsal_Rim_OL,141,Global_niche
S6_T2_0,GM,1047,Global_niche
S6_T2_0,Lesion_Bcell,36,Global_niche
S6_T2_0,Lesion_DAA,649,Global_niche
S6_T2_0,Lesion_DAO I,0,Global_niche
S6_T2_0,Lesion_DAO II,0,Global_niche
S6_T2_0,Lesion_Foamy,82,Global_niche
S6_T2_0,Lesion_Lipid,1180,Global_niche
S6_T2_0,Lesion_Tcell,23,Global_niche
S6_T2_0,Lesion_myeloid I,1,Global_niche
S6_T2_0,Lesion_myeloid II,329,Global_niche
S6_T2_0,Lesion_myeloid III,58,Global_niche
S6_T2_0,Meninges,2030,Global_niche
S6_T2_0,Vasculature,95,Global_niche
S6_T2_0,Ventral_GM,404,Global_niche
S6_T2_0,Ventral_Rim_OL,93,Global_niche
S6_T2_0,WM,531,Global_niche
S6_T2_0,WM_MOL2,251,Global_niche
S6_T2_0,WM_OPC,78,Global_niche
S6_T2_1,Central_canal,83,Global_niche
S6_T2_1,DRG,144,Global_niche
S6_T2_1,DRG_reactive,4,Global_niche
S6_T2_1,Disease_GM I,203,Global_niche
S6_T2_1,Disease_GM II,5,Global_niche
S6_T2_1,Disease_GM III,7,Global_niche
S6_T2_1,Dorsal_GM,1294,Global_niche
S6_T2_1,Dorsal_Rim_DAA,5,Global_niche
S6_T2_1,Dorsal_Rim_OL,278,Global_niche
S6_T2_1,GM,1062,Global_niche
S6_T2_1,Lesion_Bcell,0,Global_niche
S6_T2_1,Lesion_DAA,273,Global_niche
S6_T2_1,Lesion_DAO I,15,Global_niche
S6_T2_1,Lesion_DAO II,14,Global_niche
S6_T2_1,Lesion_Foamy,0,Global_niche
S6_T2_1,Lesion_Lipid,0,Global_niche
S6_T2_1,Lesion_Tcell,63,Global_niche
S6_T2_1,Lesion_myeloid I,3,Global_niche
S6_T2_1,Lesion_myeloid II,302,Global_niche
S6_T2_1,Lesion_myeloid III,33,Global_niche
S6_T2_1,Meninges,557,Global_niche
S6_T2_1,Vasculature,131,Global_niche
S6_T2_1,Ventral_GM,108,Global_niche
S6_T2_1,Ventral_Rim_OL,122,Global_niche
S6_T2_1,WM,673,Global_niche
S6_T2_1,WM_MOL2,395,Global_niche
S6_T2_1,WM_OPC,168,Global_niche
S6_T2_2,Central_canal,124,Global_niche
S6_T2_2,DRG,154,Global_niche
S6_T2_2,DRG_reactive,55,Global_niche
S6_T2_2,Disease_GM I,1274,Global_niche
S6_T2_2,Disease_GM II,165,Global_niche
S6_T2_2,Disease_GM III,39,Global_niche
S6_T2_2,Dorsal_GM,2211,Global_niche
S6_T2_2,Dorsal_Rim_DAA,207,Global_niche
S6_T2_2,Dorsal_Rim_OL,349,Global_niche
S6_T2_2,GM,746,Global_niche
S6_T2_2,Lesion_Bcell,0,Global_niche
S6_T2_2,Lesion_DAA,399,Global_niche
S6_T2_2,Lesion_DAO I,162,Global_niche
S6_T2_2,Lesion_DAO II,765,Global_niche
S6_T2_2,Lesion_Foamy,845,Global_niche
S6_T2_2,Lesion_Lipid,458,Global_niche
S6_T2_2,Lesion_Tcell,289,Global_niche
S6_T2_2,Lesion_myeloid I,175,Global_niche
S6_T2_2,Lesion_myeloid II,1120,Global_niche
S6_T2_2,Lesion_myeloid III,228,Global_niche
S6_T2_2,Meninges,2375,Global_niche
S6_T2_2,Vasculature,310,Global_niche
S6_T2_2,Ventral_GM,300,Global_niche
S6_T2_2,Ventral_Rim_OL,17,Global_niche
S6_T2_2,WM,438,Global_niche
S6_T2_2,WM_MOL2,329,Global_niche
S6_T2_2,WM_OPC,131,Global_niche
S6_T3_0,Central_canal,105,Global_niche
S6_T3_0,DRG,169,Global_niche
S6_T3_0,DRG_reactive,260,Global_niche
S6_T3_0,Disease_GM I,357,Global_niche
S6_T3_0,Disease_GM II,37,Global_niche
S6_T3_0,Disease_GM III,45,Global_niche
S6_T3_0,Dorsal_GM,963,Global_niche
S6_T3_0,Dorsal_Rim_DAA,77,Global_niche
S6_T3_0,Dorsal_Rim_OL,146,Global_niche
S6_T3_0,GM,729,Global_niche
S6_T3_0,Lesion_Bcell,23,Global_niche
S6_T3_0,Lesion_DAA,500,Global_niche
S6_T3_0,Lesion_DAO I,103,Global_niche
S6_T3_0,Lesion_DAO II,193,Global_niche
S6_T3_0,Lesion_Foamy,112,Global_niche
S6_T3_0,Lesion_Lipid,181,Global_niche
S6_T3_0,Lesion_Tcell,99,Global_niche
S6_T3_0,Lesion_myeloid I,521,Global_niche
S6_T3_0,Lesion_myeloid II,499,Global_niche
S6_T3_0,Lesion_myeloid III,360,Global_niche
S6_T3_0,Meninges,1340,Global_niche
S6_T3_0,Vasculature,59,Global_niche
S6_T3_0,Ventral_GM,174,Global_niche
S6_T3_0,Ventral_Rim_OL,47,Global_niche
S6_T3_0,WM,345,Global_niche
S6_T3_0,WM_MOL2,272,Global_niche
S6_T3_0,WM_OPC,110,Global_niche
S6_T3_1,Central_canal,133,Global_niche
S6_T3_1,DRG,130,Global_niche
S6_T3_1,DRG_reactive,25,Global_niche
S6_T3_1,Disease_GM I,824,Global_niche
S6_T3_1,Disease_GM II,198,Global_niche
S6_T3_1,Disease_GM III,179,Global_niche
S6_T3_1,Dorsal_GM,2331,Global_niche
S6_T3_1,Dorsal_Rim_DAA,119,Global_niche
S6_T3_1,Dorsal_Rim_OL,266,Global_niche
S6_T3_1,GM,1733,Global_niche
S6_T3_1,Lesion_Bcell,0,Global_niche
S6_T3_1,Lesion_DAA,298,Global_niche
S6_T3_1,Lesion_DAO I,586,Global_niche
S6_T3_1,Lesion_DAO II,18,Global_niche
S6_T3_1,Lesion_Foamy,0,Global_niche
S6_T3_1,Lesion_Lipid,0,Global_niche
S6_T3_1,Lesion_Tcell,80,Global_niche
S6_T3_1,Lesion_myeloid I,586,Global_niche
S6_T3_1,Lesion_myeloid II,257,Global_niche
S6_T3_1,Lesion_myeloid III,202,Global_niche
S6_T3_1,Meninges,1338,Global_niche
S6_T3_1,Vasculature,180,Global_niche
S6_T3_1,Ventral_GM,96,Global_niche
S6_T3_1,Ventral_Rim_OL,275,Global_niche
S6_T3_1,WM,672,Global_niche
S6_T3_1,WM_MOL2,354,Global_niche
S6_T3_1,WM_OPC,125,Global_niche
S6_T3_2,Central_canal,91,Global_niche
S6_T3_2,DRG,408,Global_niche
S6_T3_2,DRG_reactive,264,Global_niche
S6_T3_2,Disease_GM I,170,Global_niche
S6_T3_2,Disease_GM II,0,Global_niche
S6_T3_2,Disease_GM III,0,Global_niche
S6_T3_2,Dorsal_GM,1041,Global_niche
S6_T3_2,Dorsal_Rim_DAA,0,Global_niche
S6_T3_2,Dorsal_Rim_OL,197,Global_niche
S6_T3_2,GM,1144,Global_niche
S6_T3_2,Lesion_Bcell,20,Global_niche
S6_T3_2,Lesion_DAA,472,Global_niche
S6_T3_2,Lesion_DAO I,0,Global_niche
S6_T3_2,Lesion_DAO II,9,Global_niche
S6_T3_2,Lesion_Foamy,7,Global_niche
S6_T3_2,Lesion_Lipid,7,Global_niche
S6_T3_2,Lesion_Tcell,28,Global_niche
S6_T3_2,Lesion_myeloid I,1,Global_niche
S6_T3_2,Lesion_myeloid II,247,Global_niche
S6_T3_2,Lesion_myeloid III,123,Global_niche
S6_T3_2,Meninges,819,Global_niche
S6_T3_2,Vasculature,178,Global_niche
S6_T3_2,Ventral_GM,113,Global_niche
S6_T3_2,Ventral_Rim_OL,190,Global_niche
S6_T3_2,WM,489,Global_niche
S6_T3_2,WM_MOL2,319,Global_niche
S6_T3_2,WM_OPC,70,Global_niche
C2_G1_Bot_0,Astrocyte,1930,Anno_L1_curated
C2_G1_Bot_0,B cell,146,Anno_L1_curated
C2_G1_Bot_0,DC,609,Anno_L1_curated
C2_G1_Bot_0,Doublet,64,Anno_L1_curated
C2_G1_Bot_0,Endothelial,1234,Anno_L1_curated
C2_G1_Bot_0,Ependymal cell,71,Anno_L1_curated
C2_G1_Bot_0,Epithelial,1,Anno_L1_curated
C2_G1_Bot_0,Fibroblast,1128,Anno_L1_curated
C2_G1_Bot_0,Muscle cell,0,Anno_L1_curated
C2_G1_Bot_0,Myeloid,3978,Anno_L1_curated
C2_G1_Bot_0,NK/DC,19,Anno_L1_curated
C2_G1_Bot_0,Neuron,2159,Anno_L1_curated
C2_G1_Bot_0,Neutrophil,2,Anno_L1_curated
C2_G1_Bot_0,OPC,777,Anno_L1_curated
C2_G1_Bot_0,Oligodendrocyte,3070,Anno_L1_curated
C2_G1_Bot_0,Schwann cell,602,Anno_L1_curated
C2_G1_Bot_0,T cell,427,Anno_L1_curated
C2_G1_Bot_0,T_B_doublet,1,Anno_L1_curated
C2_G1_Bot_0,VSMC,269,Anno_L1_curated
C2_G1_Bot_1,Astrocyte,905,Anno_L1_curated
C2_G1_Bot_1,B cell,45,Anno_L1_curated
C2_G1_Bot_1,DC,90,Anno_L1_curated
C2_G1_Bot_1,Doublet,5,Anno_L1_curated
C2_G1_Bot_1,Endothelial,653,Anno_L1_curated
C2_G1_Bot_1,Ependymal cell,67,Anno_L1_curated
C2_G1_Bot_1,Epithelial,0,Anno_L1_curated
C2_G1_Bot_1,Fibroblast,973,Anno_L1_curated
C2_G1_Bot_1,Muscle cell,0,Anno_L1_curated
C2_G1_Bot_1,Myeloid,919,Anno_L1_curated
C2_G1_Bot_1,NK/DC,21,Anno_L1_curated
C2_G1_Bot_1,Neuron,1442,Anno_L1_curated
C2_G1_Bot_1,Neutrophil,0,Anno_L1_curated
C2_G1_Bot_1,OPC,218,Anno_L1_curated
C2_G1_Bot_1,Oligodendrocyte,1651,Anno_L1_curated
C2_G1_Bot_1,Schwann cell,458,Anno_L1_curated
C2_G1_Bot_1,T cell,156,Anno_L1_curated
C2_G1_Bot_1,T_B_doublet,2,Anno_L1_curated
C2_G1_Bot_1,VSMC,181,Anno_L1_curated
C2_G1_Bot_2,Astrocyte,915,Anno_L1_curated
C2_G1_Bot_2,B cell,113,Anno_L1_curated
C2_G1_Bot_2,DC,385,Anno_L1_curated
C2_G1_Bot_2,Doublet,8,Anno_L1_curated
C2_G1_Bot_2,Endothelial,625,Anno_L1_curated
C2_G1_Bot_2,Ependymal cell,65,Anno_L1_curated
C2_G1_Bot_2,Epithelial,0,Anno_L1_curated
C2_G1_Bot_2,Fibroblast,1197,Anno_L1_curated
C2_G1_Bot_2,Muscle cell,0,Anno_L1_curated
C2_G1_Bot_2,Myeloid,1717,Anno_L1_curated
C2_G1_Bot_2,NK/DC,19,Anno_L1_curated
C2_G1_Bot_2,Neuron,1248,Anno_L1_curated
C2_G1_Bot_2,Neutrophil,0,Anno_L1_curated
C2_G1_Bot_2,OPC,317,Anno_L1_curated
C2_G1_Bot_2,Oligodendrocyte,1445,Anno_L1_curated
C2_G1_Bot_2,Schwann cell,379,Anno_L1_curated
C2_G1_Bot_2,T cell,234,Anno_L1_curated
C2_G1_Bot_2,T_B_doublet,2,Anno_L1_curated
C2_G1_Bot_2,VSMC,168,Anno_L1_curated
C2_G1_Mid_0,Astrocyte,1080,Anno_L1_curated
C2_G1_Mid_0,B cell,7,Anno_L1_curated
C2_G1_Mid_0,DC,160,Anno_L1_curated
C2_G1_Mid_0,Doublet,33,Anno_L1_curated
C2_G1_Mid_0,Endothelial,775,Anno_L1_curated
C2_G1_Mid_0,Ependymal cell,74,Anno_L1_curated
C2_G1_Mid_0,Epithelial,4,Anno_L1_curated
C2_G1_Mid_0,Fibroblast,942,Anno_L1_curated
C2_G1_Mid_0,Muscle cell,0,Anno_L1_curated
C2_G1_Mid_0,Myeloid,495,Anno_L1_curated
C2_G1_Mid_0,NK/DC,1,Anno_L1_curated
C2_G1_Mid_0,Neuron,1855,Anno_L1_curated
C2_G1_Mid_0,Neutrophil,2,Anno_L1_curated
C2_G1_Mid_0,OPC,262,Anno_L1_curated
C2_G1_Mid_0,Oligodendrocyte,2051,Anno_L1_curated
C2_G1_Mid_0,Schwann cell,609,Anno_L1_curated
C2_G1_Mid_0,T cell,52,Anno_L1_curated
C2_G1_Mid_0,T_B_doublet,0,Anno_L1_curated
C2_G1_Mid_0,VSMC,187,Anno_L1_curated
C2_G1_Mid_1,Astrocyte,783,Anno_L1_curated
C2_G1_Mid_1,B cell,21,Anno_L1_curated
C2_G1_Mid_1,DC,254,Anno_L1_curated
C2_G1_Mid_1,Doublet,7,Anno_L1_curated
C2_G1_Mid_1,Endothelial,641,Anno_L1_curated
C2_G1_Mid_1,Ependymal cell,59,Anno_L1_curated
C2_G1_Mid_1,Epithelial,0,Anno_L1_curated
C2_G1_Mid_1,Fibroblast,913,Anno_L1_curated
C2_G1_Mid_1,Muscle cell,0,Anno_L1_curated
C2_G1_Mid_1,Myeloid,1023,Anno_L1_curated
C2_G1_Mid_1,NK/DC,30,Anno_L1_curated
C2_G1_Mid_1,Neuron,1114,Anno_L1_curated
C2_G1_Mid_1,Neutrophil,0,Anno_L1_curated
C2_G1_Mid_1,OPC,257,Anno_L1_curated
C2_G1_Mid_1,Oligodendrocyte,1480,Anno_L1_curated
C2_G1_Mid_1,Schwann cell,161,Anno_L1_curated
C2_G1_Mid_1,T cell,193,Anno_L1_curated
C2_G1_Mid_1,T_B_doublet,4,Anno_L1_curated
C2_G1_Mid_1,VSMC,134,Anno_L1_curated
C2_G1_Mid_2,Astrocyte,769,Anno_L1_curated
C2_G1_Mid_2,B cell,17,Anno_L1_curated
C2_G1_Mid_2,DC,660,Anno_L1_curated
C2_G1_Mid_2,Doublet,20,Anno_L1_curated
C2_G1_Mid_2,Endothelial,691,Anno_L1_curated
C2_G1_Mid_2,Ependymal cell,49,Anno_L1_curated
C2_G1_Mid_2,Epithelial,0,Anno_L1_curated
C2_G1_Mid_2,Fibroblast,1172,Anno_L1_curated
C2_G1_Mid_2,Muscle cell,0,Anno_L1_curated
C2_G1_Mid_2,Myeloid,3388,Anno_L1_curated
C2_G1_Mid_2,NK/DC,159,Anno_L1_curated
C2_G1_Mid_2,Neuron,1176,Anno_L1_curated
C2_G1_Mid_2,Neutrophil,3,Anno_L1_curated
C2_G1_Mid_2,OPC,243,Anno_L1_curated
C2_G1_Mid_2,Oligodendrocyte,1554,Anno_L1_curated
C2_G1_Mid_2,Schwann cell,262,Anno_L1_curated
C2_G1_Mid_2,T cell,717,Anno_L1_curated
C2_G1_Mid_2,T_B_doublet,3,Anno_L1_curated
C2_G1_Mid_2,VSMC,144,Anno_L1_curated
C2_G1_Top_0,Astrocyte,992,Anno_L1_curated
C2_G1_Top_0,B cell,114,Anno_L1_curated
C2_G1_Top_0,DC,196,Anno_L1_curated
C2_G1_Top_0,Doublet,21,Anno_L1_curated
C2_G1_Top_0,Endothelial,659,Anno_L1_curated
C2_G1_Top_0,Ependymal cell,74,Anno_L1_curated
C2_G1_Top_0,Epithelial,2,Anno_L1_curated
C2_G1_Top_0,Fibroblast,2096,Anno_L1_curated
C2_G1_Top_0,Muscle cell,0,Anno_L1_curated
C2_G1_Top_0,Myeloid,1132,Anno_L1_curated
C2_G1_Top_0,NK/DC,34,Anno_L1_curated
C2_G1_Top_0,Neuron,1579,Anno_L1_curated
C2_G1_Top_0,Neutrophil,0,Anno_L1_curated
C2_G1_Top_0,OPC,266,Anno_L1_curated
C2_G1_Top_0,Oligodendrocyte,1721,Anno_L1_curated
C2_G1_Top_0,Schwann cell,609,Anno_L1_curated
C2_G1_Top_0,T cell,252,Anno_L1_curated
C2_G1_Top_0,T_B_doublet,7,Anno_L1_curated
C2_G1_Top_0,VSMC,183,Anno_L1_curated
C2_G1_Top_1,Astrocyte,605,Anno_L1_curated
C2_G1_Top_1,B cell,0,Anno_L1_curated
C2_G1_Top_1,DC,15,Anno_L1_curated
C2_G1_Top_1,Doublet,8,Anno_L1_curated
C2_G1_Top_1,Endothelial,537,Anno_L1_curated
C2_G1_Top_1,Ependymal cell,62,Anno_L1_curated
C2_G1_Top_1,Epithelial,0,Anno_L1_curated
C2_G1_Top_1,Fibroblast,205,Anno_L1_curated
C2_G1_Top_1,Muscle cell,0,Anno_L1_curated
C2_G1_Top_1,Myeloid,169,Anno_L1_curated
C2_G1_Top_1,NK/DC,0,Anno_L1_curated
C2_G1_Top_1,Neuron,908,Anno_L1_curated
C2_G1_Top_1,Neutrophil,1,Anno_L1_curated
C2_G1_Top_1,OPC,119,Anno_L1_curated
C2_G1_Top_1,Oligodendrocyte,1372,Anno_L1_curated
C2_G1_Top_1,Schwann cell,411,Anno_L1_curated
C2_G1_Top_1,T cell,0,Anno_L1_curated
C2_G1_Top_1,T_B_doublet,0,Anno_L1_curated
C2_G1_Top_1,VSMC,227,Anno_L1_curated
C2_G1_Top_2,Astrocyte,842,Anno_L1_curated
C2_G1_Top_2,B cell,40,Anno_L1_curated
C2_G1_Top_2,DC,85,Anno_L1_curated
C2_G1_Top_2,Doublet,4,Anno_L1_curated
C2_G1_Top_2,Endothelial,573,Anno_L1_curated
C2_G1_Top_2,Ependymal cell,77,Anno_L1_curated
C2_G1_Top_2,Epithelial,1,Anno_L1_curated
C2_G1_Top_2,Fibroblast,1223,Anno_L1_curated
C2_G1_Top_2,Muscle cell,0,Anno_L1_curated
C2_G1_Top_2,Myeloid,1076,Anno_L1_curated
C2_G1_Top_2,NK/DC,15,Anno_L1_curated
C2_G1_Top_2,Neuron,1144,Anno_L1_curated
C2_G1_Top_2,Neutrophil,0,Anno_L1_curated
C2_G1_Top_2,OPC,194,Anno_L1_curated
C2_G1_Top_2,Oligodendrocyte,1411,Anno_L1_curated
C2_G1_Top_2,Schwann cell,379,Anno_L1_curated
C2_G1_Top_2,T cell,170,Anno_L1_curated
C2_G1_Top_2,T_B_doublet,6,Anno_L1_curated
C2_G1_Top_2,VSMC,337,Anno_L1_curated
C2_G2_Bot_0,Astrocyte,1083,Anno_L1_curated
C2_G2_Bot_0,B cell,57,Anno_L1_curated
C2_G2_Bot_0,DC,1684,Anno_L1_curated
C2_G2_Bot_0,Doublet,29,Anno_L1_curated
C2_G2_Bot_0,Endothelial,1217,Anno_L1_curated
C2_G2_Bot_0,Ependymal cell,61,Anno_L1_curated
C2_G2_Bot_0,Epithelial,1,Anno_L1_curated
C2_G2_Bot_0,Fibroblast,1322,Anno_L1_curated
C2_G2_Bot_0,Muscle cell,0,Anno_L1_curated
C2_G2_Bot_0,Myeloid,5497,Anno_L1_curated
C2_G2_Bot_0,NK/DC,174,Anno_L1_curated
C2_G2_Bot_0,Neuron,1516,Anno_L1_curated
C2_G2_Bot_0,Neutrophil,8,Anno_L1_curated
C2_G2_Bot_0,OPC,442,Anno_L1_curated
C2_G2_Bot_0,Oligodendrocyte,1897,Anno_L1_curated
C2_G2_Bot_0,Schwann cell,397,Anno_L1_curated
C2_G2_Bot_0,T cell,906,Anno_L1_curated
C2_G2_Bot_0,T_B_doublet,5,Anno_L1_curated
C2_G2_Bot_0,VSMC,173,Anno_L1_curated
C2_G2_Bot_2,Astrocyte,718,Anno_L1_curated
C2_G2_Bot_2,B cell,20,Anno_L1_curated
C2_G2_Bot_2,DC,65,Anno_L1_curated
C2_G2_Bot_2,Doublet,5,Anno_L1_curated
C2_G2_Bot_2,Endothelial,396,Anno_L1_curated
C2_G2_Bot_2,Ependymal cell,59,Anno_L1_curated
C2_G2_Bot_2,Epithelial,0,Anno_L1_curated
C2_G2_Bot_2,Fibroblast,899,Anno_L1_curated
C2_G2_Bot_2,Muscle cell,0,Anno_L1_curated
C2_G2_Bot_2,Myeloid,902,Anno_L1_curated
C2_G2_Bot_2,NK/DC,11,Anno_L1_curated
C2_G2_Bot_2,Neuron,887,Anno_L1_curated
C2_G2_Bot_2,Neutrophil,0,Anno_L1_curated
C2_G2_Bot_2,OPC,196,Anno_L1_curated
C2_G2_Bot_2,Oligodendrocyte,1193,Anno_L1_curated
C2_G2_Bot_2,Schwann cell,22,Anno_L1_curated
C2_G2_Bot_2,T cell,92,Anno_L1_curated
C2_G2_Bot_2,T_B_doublet,0,Anno_L1_curated
C2_G2_Bot_2,VSMC,166,Anno_L1_curated
C2_G2_Mid_0,Astrocyte,708,Anno_L1_curated
C2_G2_Mid_0,B cell,12,Anno_L1_curated
C2_G2_Mid_0,DC,48,Anno_L1_curated
C2_G2_Mid_0,Doublet,6,Anno_L1_curated
C2_G2_Mid_0,Endothelial,426,Anno_L1_curated
C2_G2_Mid_0,Ependymal cell,59,Anno_L1_curated
C2_G2_Mid_0,Epithelial,0,Anno_L1_curated
C2_G2_Mid_0,Fibroblast,969,Anno_L1_curated
C2_G2_Mid_0,Muscle cell,0,Anno_L1_curated
C2_G2_Mid_0,Myeloid,661,Anno_L1_curated
C2_G2_Mid_0,NK/DC,3,Anno_L1_curated
C2_G2_Mid_0,Neuron,1232,Anno_L1_curated
C2_G2_Mid_0,Neutrophil,0,Anno_L1_curated
C2_G2_Mid_0,OPC,163,Anno_L1_curated
C2_G2_Mid_0,Oligodendrocyte,1325,Anno_L1_curated
C2_G2_Mid_0,Schwann cell,398,Anno_L1_curated
C2_G2_Mid_0,T cell,61,Anno_L1_curated
C2_G2_Mid_0,T_B_doublet,1,Anno_L1_curated
C2_G2_Mid_0,VSMC,156,Anno_L1_curated
C2_G2_Mid_1,Astrocyte,989,Anno_L1_curated
C2_G2_Mid_1,B cell,21,Anno_L1_curated
C2_G2_Mid_1,DC,134,Anno_L1_curated
C2_G2_Mid_1,Doublet,13,Anno_L1_curated
C2_G2_Mid_1,Endothelial,615,Anno_L1_curated
C2_G2_Mid_1,Ependymal cell,55,Anno_L1_curated
C2_G2_Mid_1,Epithelial,0,Anno_L1_curated
C2_G2_Mid_1,Fibroblast,749,Anno_L1_curated
C2_G2_Mid_1,Muscle cell,0,Anno_L1_curated
C2_G2_Mid_1,Myeloid,1329,Anno_L1_curated
C2_G2_Mid_1,NK/DC,12,Anno_L1_curated
C2_G2_Mid_1,Neuron,1056,Anno_L1_curated
C2_G2_Mid_1,Neutrophil,2,Anno_L1_curated
C2_G2_Mid_1,OPC,309,Anno_L1_curated
C2_G2_Mid_1,Oligodendrocyte,1743,Anno_L1_curated
C2_G2_Mid_1,Schwann cell,75,Anno_L1_curated
C2_G2_Mid_1,T cell,132,Anno_L1_curated
C2_G2_Mid_1,T_B_doublet,3,Anno_L1_curated
C2_G2_Mid_1,VSMC,120,Anno_L1_curated
C2_G2_Mid_2,Astrocyte,914,Anno_L1_curated
C2_G2_Mid_2,B cell,1,Anno_L1_curated
C2_G2_Mid_2,DC,21,Anno_L1_curated
C2_G2_Mid_2,Doublet,0,Anno_L1_curated
C2_G2_Mid_2,Endothelial,835,Anno_L1_curated
C2_G2_Mid_2,Ependymal cell,76,Anno_L1_curated
C2_G2_Mid_2,Epithelial,0,Anno_L1_curated
C2_G2_Mid_2,Fibroblast,335,Anno_L1_curated
C2_G2_Mid_2,Muscle cell,0,Anno_L1_curated
C2_G2_Mid_2,Myeloid,186,Anno_L1_curated
C2_G2_Mid_2,NK/DC,0,Anno_L1_curated
C2_G2_Mid_2,Neuron,900,Anno_L1_curated
C2_G2_Mid_2,Neutrophil,1,Anno_L1_curated
C2_G2_Mid_2,OPC,193,Anno_L1_curated
C2_G2_Mid_2,Oligodendrocyte,2056,Anno_L1_curated
C2_G2_Mid_2,Schwann cell,195,Anno_L1_curated
C2_G2_Mid_2,T cell,4,Anno_L1_curated
C2_G2_Mid_2,T_B_doublet,0,Anno_L1_curated
C2_G2_Mid_2,VSMC,292,Anno_L1_curated
C2_G2_Top_1,Astrocyte,951,Anno_L1_curated
C2_G2_Top_1,B cell,81,Anno_L1_curated
C2_G2_Top_1,DC,830,Anno_L1_curated
C2_G2_Top_1,Doublet,20,Anno_L1_curated
C2_G2_Top_1,Endothelial,746,Anno_L1_curated
C2_G2_Top_1,Ependymal cell,64,Anno_L1_curated
C2_G2_Top_1,Epithelial,1,Anno_L1_curated
C2_G2_Top_1,Fibroblast,1233,Anno_L1_curated
C2_G2_Top_1,Muscle cell,0,Anno_L1_curated
C2_G2_Top_1,Myeloid,2101,Anno_L1_curated
C2_G2_Top_1,NK/DC,60,Anno_L1_curated
C2_G2_Top_1,Neuron,1364,Anno_L1_curated
C2_G2_Top_1,Neutrophil,0,Anno_L1_curated
C2_G2_Top_1,OPC,325,Anno_L1_curated
C2_G2_Top_1,Oligodendrocyte,1690,Anno_L1_curated
C2_G2_Top_1,Schwann cell,835,Anno_L1_curated
C2_G2_Top_1,T cell,563,Anno_L1_curated
C2_G2_Top_1,T_B_doublet,3,Anno_L1_curated
C2_G2_Top_1,VSMC,170,Anno_L1_curated
C2_G2_Top_2,Astrocyte,915,Anno_L1_curated
C2_G2_Top_2,B cell,36,Anno_L1_curated
C2_G2_Top_2,DC,57,Anno_L1_curated
C2_G2_Top_2,Doublet,9,Anno_L1_curated
C2_G2_Top_2,Endothelial,602,Anno_L1_curated
C2_G2_Top_2,Ependymal cell,65,Anno_L1_curated
C2_G2_Top_2,Epithelial,2,Anno_L1_curated
C2_G2_Top_2,Fibroblast,819,Anno_L1_curated
C2_G2_Top_2,Muscle cell,0,Anno_L1_curated
C2_G2_Top_2,Myeloid,717,Anno_L1_curated
C2_G2_Top_2,NK/DC,6,Anno_L1_curated
C2_G2_Top_2,Neuron,1265,Anno_L1_curated
C2_G2_Top_2,Neutrophil,0,Anno_L1_curated
C2_G2_Top_2,OPC,227,Anno_L1_curated
C2_G2_Top_2,Oligodendrocyte,1743,Anno_L1_curated
C2_G2_Top_2,Schwann cell,443,Anno_L1_curated
C2_G2_Top_2,T cell,95,Anno_L1_curated
C2_G2_Top_2,T_B_doublet,4,Anno_L1_curated
C2_G2_Top_2,VSMC,221,Anno_L1_curated
C2_G3_Bot_0,Astrocyte,817,Anno_L1_curated
C2_G3_Bot_0,B cell,51,Anno_L1_curated
C2_G3_Bot_0,DC,233,Anno_L1_curated
C2_G3_Bot_0,Doublet,9,Anno_L1_curated
C2_G3_Bot_0,Endothelial,636,Anno_L1_curated
C2_G3_Bot_0,Ependymal cell,39,Anno_L1_curated
C2_G3_Bot_0,Epithelial,0,Anno_L1_curated
C2_G3_Bot_0,Fibroblast,1078,Anno_L1_curated
C2_G3_Bot_0,Muscle cell,0,Anno_L1_curated
C2_G3_Bot_0,Myeloid,1231,Anno_L1_curated
C2_G3_Bot_0,NK/DC,46,Anno_L1_curated
C2_G3_Bot_0,Neuron,1203,Anno_L1_curated
C2_G3_Bot_0,Neutrophil,0,Anno_L1_curated
C2_G3_Bot_0,OPC,241,Anno_L1_curated
C2_G3_Bot_0,Oligodendrocyte,1445,Anno_L1_curated
C2_G3_Bot_0,Schwann cell,280,Anno_L1_curated
C2_G3_Bot_0,T cell,230,Anno_L1_curated
C2_G3_Bot_0,T_B_doublet,6,Anno_L1_curated
C2_G3_Bot_0,VSMC,131,Anno_L1_curated
C2_G3_Bot_2,Astrocyte,1321,Anno_L1_curated
C2_G3_Bot_2,B cell,38,Anno_L1_curated
C2_G3_Bot_2,DC,143,Anno_L1_curated
C2_G3_Bot_2,Doublet,10,Anno_L1_curated
C2_G3_Bot_2,Endothelial,711,Anno_L1_curated
C2_G3_Bot_2,Ependymal cell,71,Anno_L1_curated
C2_G3_Bot_2,Epithelial,0,Anno_L1_curated
C2_G3_Bot_2,Fibroblast,1699,Anno_L1_curated
C2_G3_Bot_2,Muscle cell,0,Anno_L1_curated
C2_G3_Bot_2,Myeloid,1572,Anno_L1_curated
C2_G3_Bot_2,NK/DC,5,Anno_L1_curated
C2_G3_Bot_2,Neuron,1326,Anno_L1_curated
C2_G3_Bot_2,Neutrophil,0,Anno_L1_curated
C2_G3_Bot_2,OPC,169,Anno_L1_curated
C2_G3_Bot_2,Oligodendrocyte,1881,Anno_L1_curated
C2_G3_Bot_2,Schwann cell,784,Anno_L1_curated
C2_G3_Bot_2,T cell,273,Anno_L1_curated
C2_G3_Bot_2,T_B_doublet,2,Anno_L1_curated
C2_G3_Bot_2,VSMC,173,Anno_L1_curated
C2_G3_Mid_0,Astrocyte,1374,Anno_L1_curated
C2_G3_Mid_0,B cell,237,Anno_L1_curated
C2_G3_Mid_0,DC,275,Anno_L1_curated
C2_G3_Mid_0,Doublet,33,Anno_L1_curated
C2_G3_Mid_0,Endothelial,951,Anno_L1_curated
C2_G3_Mid_0,Ependymal cell,59,Anno_L1_curated
C2_G3_Mid_0,Epithelial,1,Anno_L1_curated
C2_G3_Mid_0,Fibroblast,932,Anno_L1_curated
C2_G3_Mid_0,Muscle cell,2,Anno_L1_curated
C2_G3_Mid_0,Myeloid,1607,Anno_L1_curated
C2_G3_Mid_0,NK/DC,19,Anno_L1_curated
C2_G3_Mid_0,Neuron,1857,Anno_L1_curated
C2_G3_Mid_0,Neutrophil,0,Anno_L1_curated
C2_G3_Mid_0,OPC,295,Anno_L1_curated
C2_G3_Mid_0,Oligodendrocyte,2271,Anno_L1_curated
C2_G3_Mid_0,Schwann cell,785,Anno_L1_curated
C2_G3_Mid_0,T cell,318,Anno_L1_curated
C2_G3_Mid_0,T_B_doublet,36,Anno_L1_curated
C2_G3_Mid_0,VSMC,202,Anno_L1_curated
C2_G3_Mid_1,Astrocyte,752,Anno_L1_curated
C2_G3_Mid_1,B cell,7,Anno_L1_curated
C2_G3_Mid_1,DC,89,Anno_L1_curated
C2_G3_Mid_1,Doublet,9,Anno_L1_curated
C2_G3_Mid_1,Endothelial,424,Anno_L1_curated
C2_G3_Mid_1,Ependymal cell,45,Anno_L1_curated
C2_G3_Mid_1,Epithelial,0,Anno_L1_curated
C2_G3_Mid_1,Fibroblast,773,Anno_L1_curated
C2_G3_Mid_1,Muscle cell,0,Anno_L1_curated
C2_G3_Mid_1,Myeloid,988,Anno_L1_curated
C2_G3_Mid_1,NK/DC,12,Anno_L1_curated
C2_G3_Mid_1,Neuron,1291,Anno_L1_curated
C2_G3_Mid_1,Neutrophil,0,Anno_L1_curated
C2_G3_Mid_1,OPC,234,Anno_L1_curated
C2_G3_Mid_1,Oligodendrocyte,1374,Anno_L1_curated
C2_G3_Mid_1,Schwann cell,42,Anno_L1_curated
C2_G3_Mid_1,T cell,74,Anno_L1_curated
C2_G3_Mid_1,T_B_doublet,0,Anno_L1_curated
C2_G3_Mid_1,VSMC,104,Anno_L1_curated
C2_G3_Mid_2,Astrocyte,789,Anno_L1_curated
C2_G3_Mid_2,B cell,29,Anno_L1_curated
C2_G3_Mid_2,DC,111,Anno_L1_curated
C2_G3_Mid_2,Doublet,7,Anno_L1_curated
C2_G3_Mid_2,Endothelial,488,Anno_L1_curated
C2_G3_Mid_2,Ependymal cell,48,Anno_L1_curated
C2_G3_Mid_2,Epithelial,0,Anno_L1_curated
C2_G3_Mid_2,Fibroblast,1136,Anno_L1_curated
C2_G3_Mid_2,Muscle cell,0,Anno_L1_curated
C2_G3_Mid_2,Myeloid,870,Anno_L1_curated
C2_G3_Mid_2,NK/DC,10,Anno_L1_curated
C2_G3_Mid_2,Neuron,1009,Anno_L1_curated
C2_G3_Mid_2,Neutrophil,0,Anno_L1_curated
C2_G3_Mid_2,OPC,206,Anno_L1_curated
C2_G3_Mid_2,Oligodendrocyte,1363,Anno_L1_curated
C2_G3_Mid_2,Schwann cell,253,Anno_L1_curated
C2_G3_Mid_2,T cell,137,Anno_L1_curated
C2_G3_Mid_2,T_B_doublet,0,Anno_L1_curated
C2_G3_Mid_2,VSMC,121,Anno_L1_curated
C2_G3_Top_0,Astrocyte,1225,Anno_L1_curated
C2_G3_Top_0,B cell,432,Anno_L1_curated
C2_G3_Top_0,DC,2164,Anno_L1_curated
C2_G3_Top_0,Doublet,37,Anno_L1_curated
C2_G3_Top_0,Endothelial,1071,Anno_L1_curated
C2_G3_Top_0,Ependymal cell,83,Anno_L1_curated
C2_G3_Top_0,Epithelial,0,Anno_L1_curated
C2_G3_Top_0,Fibroblast,1624,Anno_L1_curated
C2_G3_Top_0,Muscle cell,0,Anno_L1_curated
C2_G3_Top_0,Myeloid,5071,Anno_L1_curated
C2_G3_Top_0,NK/DC,137,Anno_L1_curated
C2_G3_Top_0,Neuron,1700,Anno_L1_curated
C2_G3_Top_0,Neutrophil,16,Anno_L1_curated
C2_G3_Top_0,OPC,445,Anno_L1_curated
C2_G3_Top_0,Oligodendrocyte,2065,Anno_L1_curated
C2_G3_Top_0,Schwann cell,568,Anno_L1_curated
C2_G3_Top_0,T cell,1086,Anno_L1_curated
C2_G3_Top_0,T_B_doublet,19,Anno_L1_curated
C2_G3_Top_0,VSMC,191,Anno_L1_curated
C2_G3_Top_1,Astrocyte,1211,Anno_L1_curated
C2_G3_Top_1,B cell,3,Anno_L1_curated
C2_G3_Top_1,DC,32,Anno_L1_curated
C2_G3_Top_1,Doublet,7,Anno_L1_curated
C2_G3_Top_1,Endothelial,989,Anno_L1_curated
C2_G3_Top_1,Ependymal cell,69,Anno_L1_curated
C2_G3_Top_1,Epithelial,4,Anno_L1_curated
C2_G3_Top_1,Fibroblast,1663,Anno_L1_curated
C2_G3_Top_1,Muscle cell,11,Anno_L1_curated
C2_G3_Top_1,Myeloid,310,Anno_L1_curated
C2_G3_Top_1,NK/DC,1,Anno_L1_curated
C2_G3_Top_1,Neuron,2022,Anno_L1_curated
C2_G3_Top_1,Neutrophil,0,Anno_L1_curated
C2_G3_Top_1,OPC,262,Anno_L1_curated
C2_G3_Top_1,Oligodendrocyte,2642,Anno_L1_curated
C2_G3_Top_1,Schwann cell,998,Anno_L1_curated
C2_G3_Top_1,T cell,6,Anno_L1_curated
C2_G3_Top_1,T_B_doublet,0,Anno_L1_curated
C2_G3_Top_1,VSMC,323,Anno_L1_curated
C2_G3_Top_2,Astrocyte,1007,Anno_L1_curated
C2_G3_Top_2,B cell,1,Anno_L1_curated
C2_G3_Top_2,DC,17,Anno_L1_curated
C2_G3_Top_2,Doublet,11,Anno_L1_curated
C2_G3_Top_2,Endothelial,828,Anno_L1_curated
C2_G3_Top_2,Ependymal cell,59,Anno_L1_curated
C2_G3_Top_2,Epithelial,2,Anno_L1_curated
C2_G3_Top_2,Fibroblast,207,Anno_L1_curated
C2_G3_Top_2,Muscle cell,0,Anno_L1_curated
C2_G3_Top_2,Myeloid,257,Anno_L1_curated
C2_G3_Top_2,NK/DC,0,Anno_L1_curated
C2_G3_Top_2,Neuron,1636,Anno_L1_curated
C2_G3_Top_2,Neutrophil,2,Anno_L1_curated
C2_G3_Top_2,OPC,210,Anno_L1_curated
C2_G3_Top_2,Oligodendrocyte,1843,Anno_L1_curated
C2_G3_Top_2,Schwann cell,833,Anno_L1_curated
C2_G3_Top_2,T cell,5,Anno_L1_curated
C2_G3_Top_2,T_B_doublet,0,Anno_L1_curated
C2_G3_Top_2,VSMC,248,Anno_L1_curated
G3_L1_0,Astrocyte,1127,Anno_L1_curated
G3_L1_0,B cell,0,Anno_L1_curated
G3_L1_0,DC,14,Anno_L1_curated
G3_L1_0,Doublet,7,Anno_L1_curated
G3_L1_0,Endothelial,843,Anno_L1_curated
G3_L1_0,Ependymal cell,67,Anno_L1_curated
G3_L1_0,Epithelial,0,Anno_L1_curated
G3_L1_0,Fibroblast,104,Anno_L1_curated
G3_L1_0,Muscle cell,1,Anno_L1_curated
G3_L1_0,Myeloid,234,Anno_L1_curated
G3_L1_0,NK/DC,0,Anno_L1_curated
G3_L1_0,Neuron,1734,Anno_L1_curated
G3_L1_0,Neutrophil,7,Anno_L1_curated
G3_L1_0,OPC,214,Anno_L1_curated
G3_L1_0,Oligodendrocyte,2470,Anno_L1_curated
G3_L1_0,Schwann cell,137,Anno_L1_curated
G3_L1_0,T cell,7,Anno_L1_curated
G3_L1_0,T_B_doublet,0,Anno_L1_curated
G3_L1_0,VSMC,325,Anno_L1_curated
G3_L1_1,Astrocyte,1151,Anno_L1_curated
G3_L1_1,B cell,17,Anno_L1_curated
G3_L1_1,DC,1649,Anno_L1_curated
G3_L1_1,Doublet,37,Anno_L1_curated
G3_L1_1,Endothelial,1272,Anno_L1_curated
G3_L1_1,Ependymal cell,84,Anno_L1_curated
G3_L1_1,Epithelial,0,Anno_L1_curated
G3_L1_1,Fibroblast,1521,Anno_L1_curated
G3_L1_1,Muscle cell,0,Anno_L1_curated
G3_L1_1,Myeloid,7729,Anno_L1_curated
G3_L1_1,NK/DC,215,Anno_L1_curated
G3_L1_1,Neuron,1693,Anno_L1_curated
G3_L1_1,Neutrophil,4,Anno_L1_curated
G3_L1_1,OPC,406,Anno_L1_curated
G3_L1_1,Oligodendrocyte,2080,Anno_L1_curated
G3_L1_1,Schwann cell,1003,Anno_L1_curated
G3_L1_1,T cell,1199,Anno_L1_curated
G3_L1_1,T_B_doublet,0,Anno_L1_curated
G3_L1_1,VSMC,242,Anno_L1_curated
G3_L1_2,Astrocyte,1346,Anno_L1_curated
G3_L1_2,B cell,14,Anno_L1_curated
G3_L1_2,DC,284,Anno_L1_curated
G3_L1_2,Doublet,125,Anno_L1_curated
G3_L1_2,Endothelial,1116,Anno_L1_curated
G3_L1_2,Ependymal cell,66,Anno_L1_curated
G3_L1_2,Epithelial,3,Anno_L1_curated
G3_L1_2,Fibroblast,220,Anno_L1_curated
G3_L1_2,Muscle cell,0,Anno_L1_curated
G3_L1_2,Myeloid,1115,Anno_L1_curated
G3_L1_2,NK/DC,14,Anno_L1_curated
G3_L1_2,Neuron,2355,Anno_L1_curated
G3_L1_2,Neutrophil,7,Anno_L1_curated
G3_L1_2,OPC,256,Anno_L1_curated
G3_L1_2,Oligodendrocyte,2113,Anno_L1_curated
G3_L1_2,Schwann cell,1611,Anno_L1_curated
G3_L1_2,T cell,207,Anno_L1_curated
G3_L1_2,T_B_doublet,0,Anno_L1_curated
G3_L1_2,VSMC,267,Anno_L1_curated
G3_L2_0,Astrocyte,764,Anno_L1_curated
G3_L2_0,B cell,1,Anno_L1_curated
G3_L2_0,DC,5,Anno_L1_curated
G3_L2_0,Doublet,4,Anno_L1_curated
G3_L2_0,Endothelial,526,Anno_L1_curated
G3_L2_0,Ependymal cell,50,Anno_L1_curated
G3_L2_0,Epithelial,1,Anno_L1_curated
G3_L2_0,Fibroblast,233,Anno_L1_curated
G3_L2_0,Muscle cell,0,Anno_L1_curated
G3_L2_0,Myeloid,155,Anno_L1_curated
G3_L2_0,NK/DC,1,Anno_L1_curated
G3_L2_0,Neuron,1185,Anno_L1_curated
G3_L2_0,Neutrophil,6,Anno_L1_curated
G3_L2_0,OPC,150,Anno_L1_curated
G3_L2_0,Oligodendrocyte,1589,Anno_L1_curated
G3_L2_0,Schwann cell,176,Anno_L1_curated
G3_L2_0,T cell,2,Anno_L1_curated
G3_L2_0,T_B_doublet,0,Anno_L1_curated
G3_L2_0,VSMC,165,Anno_L1_curated
G3_L2_1,Astrocyte,1154,Anno_L1_curated
G3_L2_1,B cell,19,Anno_L1_curated
G3_L2_1,DC,441,Anno_L1_curated
G3_L2_1,Doublet,32,Anno_L1_curated
G3_L2_1,Endothelial,912,Anno_L1_curated
G3_L2_1,Ependymal cell,62,Anno_L1_curated
G3_L2_1,Epithelial,1,Anno_L1_curated
G3_L2_1,Fibroblast,377,Anno_L1_curated
G3_L2_1,Muscle cell,12,Anno_L1_curated
G3_L2_1,Myeloid,1687,Anno_L1_curated
G3_L2_1,NK/DC,47,Anno_L1_curated
G3_L2_1,Neuron,1575,Anno_L1_curated
G3_L2_1,Neutrophil,4,Anno_L1_curated
G3_L2_1,OPC,227,Anno_L1_curated
G3_L2_1,Oligodendrocyte,1833,Anno_L1_curated
G3_L2_1,Schwann cell,842,Anno_L1_curated
G3_L2_1,T cell,381,Anno_L1_curated
G3_L2_1,T_B_doublet,1,Anno_L1_curated
G3_L2_1,VSMC,252,Anno_L1_curated
G3_L2_2,Astrocyte,1015,Anno_L1_curated
G3_L2_2,B cell,45,Anno_L1_curated
G3_L2_2,DC,1091,Anno_L1_curated
G3_L2_2,Doublet,14,Anno_L1_curated
G3_L2_2,Endothelial,968,Anno_L1_curated
G3_L2_2,Ependymal cell,87,Anno_L1_curated
G3_L2_2,Epithelial,0,Anno_L1_curated
G3_L2_2,Fibroblast,686,Anno_L1_curated
G3_L2_2,Muscle cell,10,Anno_L1_curated
G3_L2_2,Myeloid,2436,Anno_L1_curated
G3_L2_2,NK/DC,230,Anno_L1_curated
G3_L2_2,Neuron,1565,Anno_L1_curated
G3_L2_2,Neutrophil,5,Anno_L1_curated
G3_L2_2,OPC,553,Anno_L1_curated
G3_L2_2,Oligodendrocyte,1979,Anno_L1_curated
G3_L2_2,Schwann cell,184,Anno_L1_curated
G3_L2_2,T cell,795,Anno_L1_curated
G3_L2_2,T_B_doublet,3,Anno_L1_curated
G3_L2_2,VSMC,207,Anno_L1_curated
G3_L3_0,Astrocyte,801,Anno_L1_curated
G3_L3_0,B cell,5,Anno_L1_curated
G3_L3_0,DC,25,Anno_L1_curated
G3_L3_0,Doublet,14,Anno_L1_curated
G3_L3_0,Endothelial,723,Anno_L1_curated
G3_L3_0,Ependymal cell,50,Anno_L1_curated
G3_L3_0,Epithelial,0,Anno_L1_curated
G3_L3_0,Fibroblast,295,Anno_L1_curated
G3_L3_0,Muscle cell,37,Anno_L1_curated
G3_L3_0,Myeloid,234,Anno_L1_curated
G3_L3_0,NK/DC,3,Anno_L1_curated
G3_L3_0,Neuron,1152,Anno_L1_curated
G3_L3_0,Neutrophil,43,Anno_L1_curated
G3_L3_0,OPC,149,Anno_L1_curated
G3_L3_0,Oligodendrocyte,1540,Anno_L1_curated
G3_L3_0,Schwann cell,377,Anno_L1_curated
G3_L3_0,T cell,8,Anno_L1_curated
G3_L3_0,T_B_doublet,0,Anno_L1_curated
G3_L3_0,VSMC,190,Anno_L1_curated
G3_L3_1,Astrocyte,1145,Anno_L1_curated
G3_L3_1,B cell,2,Anno_L1_curated
G3_L3_1,DC,90,Anno_L1_curated
G3_L3_1,Doublet,17,Anno_L1_curated
G3_L3_1,Endothelial,1052,Anno_L1_curated
G3_L3_1,Ependymal cell,81,Anno_L1_curated
G3_L3_1,Epithelial,0,Anno_L1_curated
G3_L3_1,Fibroblast,449,Anno_L1_curated
G3_L3_1,Muscle cell,0,Anno_L1_curated
G3_L3_1,Myeloid,421,Anno_L1_curated
G3_L3_1,NK/DC,3,Anno_L1_curated
G3_L3_1,Neuron,1605,Anno_L1_curated
G3_L3_1,Neutrophil,4,Anno_L1_curated
G3_L3_1,OPC,203,Anno_L1_curated
G3_L3_1,Oligodendrocyte,2205,Anno_L1_curated
G3_L3_1,Schwann cell,533,Anno_L1_curated
G3_L3_1,T cell,37,Anno_L1_curated
G3_L3_1,T_B_doublet,0,Anno_L1_curated
G3_L3_1,VSMC,280,Anno_L1_curated
G3_L3_2,Astrocyte,1304,Anno_L1_curated
G3_L3_2,B cell,18,Anno_L1_curated
G3_L3_2,DC,1313,Anno_L1_curated
G3_L3_2,Doublet,19,Anno_L1_curated
G3_L3_2,Endothelial,1126,Anno_L1_curated
G3_L3_2,Ependymal cell,62,Anno_L1_curated
G3_L3_2,Epithelial,0,Anno_L1_curated
G3_L3_2,Fibroblast,609,Anno_L1_curated
G3_L3_2,Muscle cell,0,Anno_L1_curated
G3_L3_2,Myeloid,2875,Anno_L1_curated
G3_L3_2,NK/DC,152,Anno_L1_curated
G3_L3_2,Neuron,1568,Anno_L1_curated
G3_L3_2,Neutrophil,1,Anno_L1_curated
G3_L3_2,OPC,631,Anno_L1_curated
G3_L3_2,Oligodendrocyte,2166,Anno_L1_curated
G3_L3_2,Schwann cell,361,Anno_L1_curated
G3_L3_2,T cell,811,Anno_L1_curated
G3_L3_2,T_B_doublet,1,Anno_L1_curated
G3_L3_2,VSMC,293,Anno_L1_curated
G4_L1_0,Astrocyte,1252,Anno_L1_curated
G4_L1_0,B cell,22,Anno_L1_curated
G4_L1_0,DC,78,Anno_L1_curated
G4_L1_0,Doublet,13,Anno_L1_curated
G4_L1_0,Endothelial,1051,Anno_L1_curated
G4_L1_0,Ependymal cell,68,Anno_L1_curated
G4_L1_0,Epithelial,1,Anno_L1_curated
G4_L1_0,Fibroblast,1389,Anno_L1_curated
G4_L1_0,Muscle cell,0,Anno_L1_curated
G4_L1_0,Myeloid,1191,Anno_L1_curated
G4_L1_0,NK/DC,7,Anno_L1_curated
G4_L1_0,Neuron,2575,Anno_L1_curated
G4_L1_0,Neutrophil,4,Anno_L1_curated
G4_L1_0,OPC,226,Anno_L1_curated
G4_L1_0,Oligodendrocyte,2073,Anno_L1_curated
G4_L1_0,Schwann cell,1771,Anno_L1_curated
G4_L1_0,T cell,112,Anno_L1_curated
G4_L1_0,T_B_doublet,5,Anno_L1_curated
G4_L1_0,VSMC,314,Anno_L1_curated
G4_L1_1,Astrocyte,585,Anno_L1_curated
G4_L1_1,B cell,0,Anno_L1_curated
G4_L1_1,DC,22,Anno_L1_curated
G4_L1_1,Doublet,6,Anno_L1_curated
G4_L1_1,Endothelial,657,Anno_L1_curated
G4_L1_1,Ependymal cell,82,Anno_L1_curated
G4_L1_1,Epithelial,3,Anno_L1_curated
G4_L1_1,Fibroblast,216,Anno_L1_curated
G4_L1_1,Muscle cell,0,Anno_L1_curated
G4_L1_1,Myeloid,147,Anno_L1_curated
G4_L1_1,NK/DC,0,Anno_L1_curated
G4_L1_1,Neuron,489,Anno_L1_curated
G4_L1_1,Neutrophil,1,Anno_L1_curated
G4_L1_1,OPC,100,Anno_L1_curated
G4_L1_1,Oligodendrocyte,1146,Anno_L1_curated
G4_L1_1,Schwann cell,754,Anno_L1_curated
G4_L1_1,T cell,8,Anno_L1_curated
G4_L1_1,T_B_doublet,0,Anno_L1_curated
G4_L1_1,VSMC,219,Anno_L1_curated
G4_L1_2,Astrocyte,970,Anno_L1_curated
G4_L1_2,B cell,2,Anno_L1_curated
G4_L1_2,DC,44,Anno_L1_curated
G4_L1_2,Doublet,10,Anno_L1_curated
G4_L1_2,Endothelial,594,Anno_L1_curated
G4_L1_2,Ependymal cell,52,Anno_L1_curated
G4_L1_2,Epithelial,1,Anno_L1_curated
G4_L1_2,Fibroblast,473,Anno_L1_curated
G4_L1_2,Muscle cell,0,Anno_L1_curated
G4_L1_2,Myeloid,803,Anno_L1_curated
G4_L1_2,NK/DC,3,Anno_L1_curated
G4_L1_2,Neuron,1157,Anno_L1_curated
G4_L1_2,Neutrophil,1,Anno_L1_curated
G4_L1_2,OPC,194,Anno_L1_curated
G4_L1_2,Oligodendrocyte,1639,Anno_L1_curated
G4_L1_2,Schwann cell,233,Anno_L1_curated
G4_L1_2,T cell,60,Anno_L1_curated
G4_L1_2,T_B_doublet,0,Anno_L1_curated
G4_L1_2,VSMC,148,Anno_L1_curated
G4_L2_0,Astrocyte,1252,Anno_L1_curated
G4_L2_0,B cell,3,Anno_L1_curated
G4_L2_0,DC,69,Anno_L1_curated
G4_L2_0,Doublet,5,Anno_L1_curated
G4_L2_0,Endothelial,936,Anno_L1_curated
G4_L2_0,Ependymal cell,63,Anno_L1_curated
G4_L2_0,Epithelial,1,Anno_L1_curated
G4_L2_0,Fibroblast,1885,Anno_L1_curated
G4_L2_0,Muscle cell,0,Anno_L1_curated
G4_L2_0,Myeloid,1275,Anno_L1_curated
G4_L2_0,NK/DC,14,Anno_L1_curated
G4_L2_0,Neuron,1336,Anno_L1_curated
G4_L2_0,Neutrophil,0,Anno_L1_curated
G4_L2_0,OPC,214,Anno_L1_curated
G4_L2_0,Oligodendrocyte,2192,Anno_L1_curated
G4_L2_0,Schwann cell,490,Anno_L1_curated
G4_L2_0,T cell,121,Anno_L1_curated
G4_L2_0,T_B_doublet,0,Anno_L1_curated
G4_L2_0,VSMC,293,Anno_L1_curated
G4_L2_1,Astrocyte,1107,Anno_L1_curated
G4_L2_1,B cell,11,Anno_L1_curated
G4_L2_1,DC,311,Anno_L1_curated
G4_L2_1,Doublet,16,Anno_L1_curated
G4_L2_1,Endothelial,843,Anno_L1_curated
G4_L2_1,Ependymal cell,72,Anno_L1_curated
G4_L2_1,Epithelial,0,Anno_L1_curated
G4_L2_1,Fibroblast,557,Anno_L1_curated
G4_L2_1,Muscle cell,0,Anno_L1_curated
G4_L2_1,Myeloid,1049,Anno_L1_curated
G4_L2_1,NK/DC,52,Anno_L1_curated
G4_L2_1,Neuron,1377,Anno_L1_curated
G4_L2_1,Neutrophil,1,Anno_L1_curated
G4_L2_1,OPC,255,Anno_L1_curated
G4_L2_1,Oligodendrocyte,2103,Anno_L1_curated
G4_L2_1,Schwann cell,313,Anno_L1_curated
G4_L2_1,T cell,265,Anno_L1_curated
G4_L2_1,T_B_doublet,0,Anno_L1_curated
G4_L2_1,VSMC,243,Anno_L1_curated
G4_L2_2,Astrocyte,889,Anno_L1_curated
G4_L2_2,B cell,0,Anno_L1_curated
G4_L2_2,DC,11,Anno_L1_curated
G4_L2_2,Doublet,2,Anno_L1_curated
G4_L2_2,Endothelial,693,Anno_L1_curated
G4_L2_2,Ependymal cell,64,Anno_L1_curated
G4_L2_2,Epithelial,0,Anno_L1_curated
G4_L2_2,Fibroblast,264,Anno_L1_curated
G4_L2_2,Muscle cell,0,Anno_L1_curated
G4_L2_2,Myeloid,192,Anno_L1_curated
G4_L2_2,NK/DC,0,Anno_L1_curated
G4_L2_2,Neuron,1481,Anno_L1_curated
G4_L2_2,Neutrophil,1,Anno_L1_curated
G4_L2_2,OPC,175,Anno_L1_curated
G4_L2_2,Oligodendrocyte,1844,Anno_L1_curated
G4_L2_2,Schwann cell,214,Anno_L1_curated
G4_L2_2,T cell,1,Anno_L1_curated
G4_L2_2,T_B_doublet,0,Anno_L1_curated
G4_L2_2,VSMC,213,Anno_L1_curated
G4_L3_0,Astrocyte,1202,Anno_L1_curated
G4_L3_0,B cell,121,Anno_L1_curated
G4_L3_0,DC,1431,Anno_L1_curated
G4_L3_0,Doublet,10,Anno_L1_curated
G4_L3_0,Endothelial,743,Anno_L1_curated
G4_L3_0,Ependymal cell,78,Anno_L1_curated
G4_L3_0,Epithelial,0,Anno_L1_curated
G4_L3_0,Fibroblast,805,Anno_L1_curated
G4_L3_0,Muscle cell,0,Anno_L1_curated
G4_L3_0,Myeloid,2180,Anno_L1_curated
G4_L3_0,NK/DC,205,Anno_L1_curated
G4_L3_0,Neuron,1478,Anno_L1_curated
G4_L3_0,Neutrophil,1,Anno_L1_curated
G4_L3_0,OPC,311,Anno_L1_curated
G4_L3_0,Oligodendrocyte,2045,Anno_L1_curated
G4_L3_0,Schwann cell,309,Anno_L1_curated
G4_L3_0,T cell,766,Anno_L1_curated
G4_L3_0,T_B_doublet,7,Anno_L1_curated
G4_L3_0,VSMC,193,Anno_L1_curated
G4_L3_1,Astrocyte,930,Anno_L1_curated
G4_L3_1,B cell,24,Anno_L1_curated
G4_L3_1,DC,178,Anno_L1_curated
G4_L3_1,Doublet,15,Anno_L1_curated
G4_L3_1,Endothelial,776,Anno_L1_curated
G4_L3_1,Ependymal cell,57,Anno_L1_curated
G4_L3_1,Epithelial,1,Anno_L1_curated
G4_L3_1,Fibroblast,307,Anno_L1_curated
G4_L3_1,Muscle cell,1,Anno_L1_curated
G4_L3_1,Myeloid,638,Anno_L1_curated
G4_L3_1,NK/DC,36,Anno_L1_curated
G4_L3_1,Neuron,1265,Anno_L1_curated
G4_L3_1,Neutrophil,1,Anno_L1_curated
G4_L3_1,OPC,198,Anno_L1_curated
G4_L3_1,Oligodendrocyte,1654,Anno_L1_curated
G4_L3_1,Schwann cell,515,Anno_L1_curated
G4_L3_1,T cell,195,Anno_L1_curated
G4_L3_1,T_B_doublet,0,Anno_L1_curated
G4_L3_1,VSMC,245,Anno_L1_curated
G4_L3_2,Astrocyte,1055,Anno_L1_curated
G4_L3_2,B cell,0,Anno_L1_curated
G4_L3_2,DC,14,Anno_L1_curated
G4_L3_2,Doublet,9,Anno_L1_curated
G4_L3_2,Endothelial,722,Anno_L1_curated
G4_L3_2,Ependymal cell,63,Anno_L1_curated
G4_L3_2,Epithelial,1,Anno_L1_curated
G4_L3_2,Fibroblast,370,Anno_L1_curated
G4_L3_2,Muscle cell,0,Anno_L1_curated
G4_L3_2,Myeloid,228,Anno_L1_curated
G4_L3_2,NK/DC,0,Anno_L1_curated
G4_L3_2,Neuron,1312,Anno_L1_curated
G4_L3_2,Neutrophil,5,Anno_L1_curated
G4_L3_2,OPC,175,Anno_L1_curated
G4_L3_2,Oligodendrocyte,2017,Anno_L1_curated
G4_L3_2,Schwann cell,474,Anno_L1_curated
G4_L3_2,T cell,15,Anno_L1_curated
G4_L3_2,T_B_doublet,0,Anno_L1_curated
G4_L3_2,VSMC,219,Anno_L1_curated
G5_L1_0,Astrocyte,362,Anno_L1_curated
G5_L1_0,B cell,1,Anno_L1_curated
G5_L1_0,DC,5,Anno_L1_curated
G5_L1_0,Doublet,1,Anno_L1_curated
G5_L1_0,Endothelial,297,Anno_L1_curated
G5_L1_0,Ependymal cell,4,Anno_L1_curated
G5_L1_0,Epithelial,0,Anno_L1_curated
G5_L1_0,Fibroblast,257,Anno_L1_curated
G5_L1_0,Muscle cell,0,Anno_L1_curated
G5_L1_0,Myeloid,86,Anno_L1_curated
G5_L1_0,NK/DC,0,Anno_L1_curated
G5_L1_0,Neuron,396,Anno_L1_curated
G5_L1_0,Neutrophil,2,Anno_L1_curated
G5_L1_0,OPC,77,Anno_L1_curated
G5_L1_0,Oligodendrocyte,796,Anno_L1_curated
G5_L1_0,Schwann cell,196,Anno_L1_curated
G5_L1_0,T cell,2,Anno_L1_curated
G5_L1_0,T_B_doublet,0,Anno_L1_curated
G5_L1_0,VSMC,83,Anno_L1_curated
G5_L1_1,Astrocyte,561,Anno_L1_curated
G5_L1_1,B cell,16,Anno_L1_curated
G5_L1_1,DC,209,Anno_L1_curated
G5_L1_1,Doublet,9,Anno_L1_curated
G5_L1_1,Endothelial,468,Anno_L1_curated
G5_L1_1,Ependymal cell,2,Anno_L1_curated
G5_L1_1,Epithelial,0,Anno_L1_curated
G5_L1_1,Fibroblast,1566,Anno_L1_curated
G5_L1_1,Muscle cell,0,Anno_L1_curated
G5_L1_1,Myeloid,774,Anno_L1_curated
G5_L1_1,NK/DC,49,Anno_L1_curated
G5_L1_1,Neuron,795,Anno_L1_curated
G5_L1_1,Neutrophil,5,Anno_L1_curated
G5_L1_1,OPC,159,Anno_L1_curated
G5_L1_1,Oligodendrocyte,1200,Anno_L1_curated
G5_L1_1,Schwann cell,389,Anno_L1_curated
G5_L1_1,T cell,262,Anno_L1_curated
G5_L1_1,T_B_doublet,4,Anno_L1_curated
G5_L1_1,VSMC,79,Anno_L1_curated
G5_L1_2,Astrocyte,642,Anno_L1_curated
G5_L1_2,B cell,1,Anno_L1_curated
G5_L1_2,DC,128,Anno_L1_curated
G5_L1_2,Doublet,15,Anno_L1_curated
G5_L1_2,Endothelial,480,Anno_L1_curated
G5_L1_2,Ependymal cell,39,Anno_L1_curated
G5_L1_2,Epithelial,0,Anno_L1_curated
G5_L1_2,Fibroblast,760,Anno_L1_curated
G5_L1_2,Muscle cell,0,Anno_L1_curated
G5_L1_2,Myeloid,533,Anno_L1_curated
G5_L1_2,NK/DC,10,Anno_L1_curated
G5_L1_2,Neuron,1043,Anno_L1_curated
G5_L1_2,Neutrophil,20,Anno_L1_curated
G5_L1_2,OPC,136,Anno_L1_curated
G5_L1_2,Oligodendrocyte,1175,Anno_L1_curated
G5_L1_2,Schwann cell,142,Anno_L1_curated
G5_L1_2,T cell,126,Anno_L1_curated
G5_L1_2,T_B_doublet,0,Anno_L1_curated
G5_L1_2,VSMC,115,Anno_L1_curated
G5_L2_0,Astrocyte,624,Anno_L1_curated
G5_L2_0,B cell,0,Anno_L1_curated
G5_L2_0,DC,3,Anno_L1_curated
G5_L2_0,Doublet,1,Anno_L1_curated
G5_L2_0,Endothelial,441,Anno_L1_curated
G5_L2_0,Ependymal cell,55,Anno_L1_curated
G5_L2_0,Epithelial,1,Anno_L1_curated
G5_L2_0,Fibroblast,258,Anno_L1_curated
G5_L2_0,Muscle cell,0,Anno_L1_curated
G5_L2_0,Myeloid,148,Anno_L1_curated
G5_L2_0,NK/DC,0,Anno_L1_curated
G5_L2_0,Neuron,839,Anno_L1_curated
G5_L2_0,Neutrophil,0,Anno_L1_curated
G5_L2_0,OPC,141,Anno_L1_curated
G5_L2_0,Oligodendrocyte,1442,Anno_L1_curated
G5_L2_0,Schwann cell,41,Anno_L1_curated
G5_L2_0,T cell,5,Anno_L1_curated
G5_L2_0,T_B_doublet,0,Anno_L1_curated
G5_L2_0,VSMC,194,Anno_L1_curated
G5_L2_1,Astrocyte,789,Anno_L1_curated
G5_L2_1,B cell,8,Anno_L1_curated
G5_L2_1,DC,150,Anno_L1_curated
G5_L2_1,Doublet,13,Anno_L1_curated
G5_L2_1,Endothelial,511,Anno_L1_curated
G5_L2_1,Ependymal cell,45,Anno_L1_curated
G5_L2_1,Epithelial,1,Anno_L1_curated
G5_L2_1,Fibroblast,909,Anno_L1_curated
G5_L2_1,Muscle cell,0,Anno_L1_curated
G5_L2_1,Myeloid,467,Anno_L1_curated
G5_L2_1,NK/DC,32,Anno_L1_curated
G5_L2_1,Neuron,1184,Anno_L1_curated
G5_L2_1,Neutrophil,0,Anno_L1_curated
G5_L2_1,OPC,144,Anno_L1_curated
G5_L2_1,Oligodendrocyte,1299,Anno_L1_curated
G5_L2_1,Schwann cell,557,Anno_L1_curated
G5_L2_1,T cell,141,Anno_L1_curated
G5_L2_1,T_B_doublet,0,Anno_L1_curated
G5_L2_1,VSMC,177,Anno_L1_curated
G5_L2_2,Astrocyte,664,Anno_L1_curated
G5_L2_2,B cell,22,Anno_L1_curated
G5_L2_2,DC,626,Anno_L1_curated
G5_L2_2,Doublet,7,Anno_L1_curated
G5_L2_2,Endothelial,549,Anno_L1_curated
G5_L2_2,Ependymal cell,50,Anno_L1_curated
G5_L2_2,Epithelial,0,Anno_L1_curated
G5_L2_2,Fibroblast,754,Anno_L1_curated
G5_L2_2,Muscle cell,0,Anno_L1_curated
G5_L2_2,Myeloid,1862,Anno_L1_curated
G5_L2_2,NK/DC,80,Anno_L1_curated
G5_L2_2,Neuron,1015,Anno_L1_curated
G5_L2_2,Neutrophil,1,Anno_L1_curated
G5_L2_2,OPC,402,Anno_L1_curated
G5_L2_2,Oligodendrocyte,1137,Anno_L1_curated
G5_L2_2,Schwann cell,44,Anno_L1_curated
G5_L2_2,T cell,291,Anno_L1_curated
G5_L2_2,T_B_doublet,1,Anno_L1_curated
G5_L2_2,VSMC,103,Anno_L1_curated
G5_L3_0,Astrocyte,924,Anno_L1_curated
G5_L3_0,B cell,1,Anno_L1_curated
G5_L3_0,DC,10,Anno_L1_curated
G5_L3_0,Doublet,13,Anno_L1_curated
G5_L3_0,Endothelial,572,Anno_L1_curated
G5_L3_0,Ependymal cell,83,Anno_L1_curated
G5_L3_0,Epithelial,0,Anno_L1_curated
G5_L3_0,Fibroblast,287,Anno_L1_curated
G5_L3_0,Muscle cell,0,Anno_L1_curated
G5_L3_0,Myeloid,207,Anno_L1_curated
G5_L3_0,NK/DC,0,Anno_L1_curated
G5_L3_0,Neuron,1341,Anno_L1_curated
G5_L3_0,Neutrophil,0,Anno_L1_curated
G5_L3_0,OPC,152,Anno_L1_curated
G5_L3_0,Oligodendrocyte,1841,Anno_L1_curated
G5_L3_0,Schwann cell,21,Anno_L1_curated
G5_L3_0,T cell,4,Anno_L1_curated
G5_L3_0,T_B_doublet,0,Anno_L1_curated
G5_L3_0,VSMC,272,Anno_L1_curated
G5_L3_1,Astrocyte,620,Anno_L1_curated
G5_L3_1,B cell,2,Anno_L1_curated
G5_L3_1,DC,32,Anno_L1_curated
G5_L3_1,Doublet,8,Anno_L1_curated
G5_L3_1,Endothelial,509,Anno_L1_curated
G5_L3_1,Ependymal cell,44,Anno_L1_curated
G5_L3_1,Epithelial,0,Anno_L1_curated
G5_L3_1,Fibroblast,459,Anno_L1_curated
G5_L3_1,Muscle cell,0,Anno_L1_curated
G5_L3_1,Myeloid,242,Anno_L1_curated
G5_L3_1,NK/DC,0,Anno_L1_curated
G5_L3_1,Neuron,1052,Anno_L1_curated
G5_L3_1,Neutrophil,3,Anno_L1_curated
G5_L3_1,OPC,133,Anno_L1_curated
G5_L3_1,Oligodendrocyte,1246,Anno_L1_curated
G5_L3_1,Schwann cell,157,Anno_L1_curated
G5_L3_1,T cell,24,Anno_L1_curated
G5_L3_1,T_B_doublet,0,Anno_L1_curated
G5_L3_1,VSMC,156,Anno_L1_curated
G5_L3_2,Astrocyte,798,Anno_L1_curated
G5_L3_2,B cell,9,Anno_L1_curated
G5_L3_2,DC,512,Anno_L1_curated
G5_L3_2,Doublet,12,Anno_L1_curated
G5_L3_2,Endothelial,587,Anno_L1_curated
G5_L3_2,Ependymal cell,65,Anno_L1_curated
G5_L3_2,Epithelial,0,Anno_L1_curated
G5_L3_2,Fibroblast,727,Anno_L1_curated
G5_L3_2,Muscle cell,0,Anno_L1_curated
G5_L3_2,Myeloid,1348,Anno_L1_curated
G5_L3_2,NK/DC,77,Anno_L1_curated
G5_L3_2,Neuron,949,Anno_L1_curated
G5_L3_2,Neutrophil,0,Anno_L1_curated
G5_L3_2,OPC,476,Anno_L1_curated
G5_L3_2,Oligodendrocyte,1355,Anno_L1_curated
G5_L3_2,Schwann cell,63,Anno_L1_curated
G5_L3_2,T cell,329,Anno_L1_curated
G5_L3_2,T_B_doublet,0,Anno_L1_curated
G5_L3_2,VSMC,101,Anno_L1_curated
G6_L1_0,Astrocyte,1023,Anno_L1_curated
G6_L1_0,B cell,18,Anno_L1_curated
G6_L1_0,DC,125,Anno_L1_curated
G6_L1_0,Doublet,16,Anno_L1_curated
G6_L1_0,Endothelial,687,Anno_L1_curated
G6_L1_0,Ependymal cell,62,Anno_L1_curated
G6_L1_0,Epithelial,1,Anno_L1_curated
G6_L1_0,Fibroblast,1284,Anno_L1_curated
G6_L1_0,Muscle cell,0,Anno_L1_curated
G6_L1_0,Myeloid,988,Anno_L1_curated
G6_L1_0,NK/DC,9,Anno_L1_curated
G6_L1_0,Neuron,1391,Anno_L1_curated
G6_L1_0,Neutrophil,0,Anno_L1_curated
G6_L1_0,OPC,251,Anno_L1_curated
G6_L1_0,Oligodendrocyte,1908,Anno_L1_curated
G6_L1_0,Schwann cell,352,Anno_L1_curated
G6_L1_0,T cell,145,Anno_L1_curated
G6_L1_0,T_B_doublet,1,Anno_L1_curated
G6_L1_0,VSMC,194,Anno_L1_curated
G6_L1_1,Astrocyte,756,Anno_L1_curated
G6_L1_1,B cell,8,Anno_L1_curated
G6_L1_1,DC,49,Anno_L1_curated
G6_L1_1,Doublet,18,Anno_L1_curated
G6_L1_1,Endothelial,535,Anno_L1_curated
G6_L1_1,Ependymal cell,52,Anno_L1_curated
G6_L1_1,Epithelial,1,Anno_L1_curated
G6_L1_1,Fibroblast,1086,Anno_L1_curated
G6_L1_1,Muscle cell,0,Anno_L1_curated
G6_L1_1,Myeloid,770,Anno_L1_curated
G6_L1_1,NK/DC,8,Anno_L1_curated
G6_L1_1,Neuron,1208,Anno_L1_curated
G6_L1_1,Neutrophil,5,Anno_L1_curated
G6_L1_1,OPC,197,Anno_L1_curated
G6_L1_1,Oligodendrocyte,1474,Anno_L1_curated
G6_L1_1,Schwann cell,280,Anno_L1_curated
G6_L1_1,T cell,73,Anno_L1_curated
G6_L1_1,T_B_doublet,0,Anno_L1_curated
G6_L1_1,VSMC,134,Anno_L1_curated
G6_L1_2,Astrocyte,680,Anno_L1_curated
G6_L1_2,B cell,8,Anno_L1_curated
G6_L1_2,DC,54,Anno_L1_curated
G6_L1_2,Doublet,3,Anno_L1_curated
G6_L1_2,Endothelial,390,Anno_L1_curated
G6_L1_2,Ependymal cell,49,Anno_L1_curated
G6_L1_2,Epithelial,1,Anno_L1_curated
G6_L1_2,Fibroblast,617,Anno_L1_curated
G6_L1_2,Muscle cell,0,Anno_L1_curated
G6_L1_2,Myeloid,686,Anno_L1_curated
G6_L1_2,NK/DC,5,Anno_L1_curated
G6_L1_2,Neuron,958,Anno_L1_curated
G6_L1_2,Neutrophil,8,Anno_L1_curated
G6_L1_2,OPC,175,Anno_L1_curated
G6_L1_2,Oligodendrocyte,1301,Anno_L1_curated
G6_L1_2,Schwann cell,120,Anno_L1_curated
G6_L1_2,T cell,59,Anno_L1_curated
G6_L1_2,T_B_doublet,0,Anno_L1_curated
G6_L1_2,VSMC,120,Anno_L1_curated
G6_L2_0,Astrocyte,671,Anno_L1_curated
G6_L2_0,B cell,4,Anno_L1_curated
G6_L2_0,DC,61,Anno_L1_curated
G6_L2_0,Doublet,12,Anno_L1_curated
G6_L2_0,Endothelial,453,Anno_L1_curated
G6_L2_0,Ependymal cell,39,Anno_L1_curated
G6_L2_0,Epithelial,0,Anno_L1_curated
G6_L2_0,Fibroblast,322,Anno_L1_curated
G6_L2_0,Muscle cell,0,Anno_L1_curated
G6_L2_0,Myeloid,358,Anno_L1_curated
G6_L2_0,NK/DC,8,Anno_L1_curated
G6_L2_0,Neuron,1034,Anno_L1_curated
G6_L2_0,Neutrophil,1,Anno_L1_curated
G6_L2_0,OPC,141,Anno_L1_curated
G6_L2_0,Oligodendrocyte,1210,Anno_L1_curated
G6_L2_0,Schwann cell,120,Anno_L1_curated
G6_L2_0,T cell,64,Anno_L1_curated
G6_L2_0,T_B_doublet,0,Anno_L1_curated
G6_L2_0,VSMC,144,Anno_L1_curated
G6_L2_1,Astrocyte,624,Anno_L1_curated
G6_L2_1,B cell,1,Anno_L1_curated
G6_L2_1,DC,53,Anno_L1_curated
G6_L2_1,Doublet,7,Anno_L1_curated
G6_L2_1,Endothelial,475,Anno_L1_curated
G6_L2_1,Ependymal cell,34,Anno_L1_curated
G6_L2_1,Epithelial,0,Anno_L1_curated
G6_L2_1,Fibroblast,1003,Anno_L1_curated
G6_L2_1,Muscle cell,0,Anno_L1_curated
G6_L2_1,Myeloid,650,Anno_L1_curated
G6_L2_1,NK/DC,2,Anno_L1_curated
G6_L2_1,Neuron,792,Anno_L1_curated
G6_L2_1,Neutrophil,0,Anno_L1_curated
G6_L2_1,OPC,149,Anno_L1_curated
G6_L2_1,Oligodendrocyte,1255,Anno_L1_curated
G6_L2_1,Schwann cell,288,Anno_L1_curated
G6_L2_1,T cell,55,Anno_L1_curated
G6_L2_1,T_B_doublet,0,Anno_L1_curated
G6_L2_1,VSMC,152,Anno_L1_curated
G6_L2_2,Astrocyte,465,Anno_L1_curated
G6_L2_2,B cell,0,Anno_L1_curated
G6_L2_2,DC,8,Anno_L1_curated
G6_L2_2,Doublet,4,Anno_L1_curated
G6_L2_2,Endothelial,454,Anno_L1_curated
G6_L2_2,Ependymal cell,21,Anno_L1_curated
G6_L2_2,Epithelial,1,Anno_L1_curated
G6_L2_2,Fibroblast,451,Anno_L1_curated
G6_L2_2,Muscle cell,0,Anno_L1_curated
G6_L2_2,Myeloid,139,Anno_L1_curated
G6_L2_2,NK/DC,0,Anno_L1_curated
G6_L2_2,Neuron,829,Anno_L1_curated
G6_L2_2,Neutrophil,0,Anno_L1_curated
G6_L2_2,OPC,111,Anno_L1_curated
G6_L2_2,Oligodendrocyte,1217,Anno_L1_curated
G6_L2_2,Schwann cell,295,Anno_L1_curated
G6_L2_2,T cell,1,Anno_L1_curated
G6_L2_2,T_B_doublet,0,Anno_L1_curated
G6_L2_2,VSMC,164,Anno_L1_curated
G6_L3_0,Astrocyte,1088,Anno_L1_curated
G6_L3_0,B cell,0,Anno_L1_curated
G6_L3_0,DC,8,Anno_L1_curated
G6_L3_0,Doublet,2,Anno_L1_curated
G6_L3_0,Endothelial,897,Anno_L1_curated
G6_L3_0,Ependymal cell,52,Anno_L1_curated
G6_L3_0,Epithelial,3,Anno_L1_curated
G6_L3_0,Fibroblast,796,Anno_L1_curated
G6_L3_0,Muscle cell,6,Anno_L1_curated
G6_L3_0,Myeloid,237,Anno_L1_curated
G6_L3_0,NK/DC,1,Anno_L1_curated
G6_L3_0,Neuron,1568,Anno_L1_curated
G6_L3_0,Neutrophil,7,Anno_L1_curated
G6_L3_0,OPC,201,Anno_L1_curated
G6_L3_0,Oligodendrocyte,2451,Anno_L1_curated
G6_L3_0,Schwann cell,411,Anno_L1_curated
G6_L3_0,T cell,17,Anno_L1_curated
G6_L3_0,T_B_doublet,1,Anno_L1_curated
G6_L3_0,VSMC,400,Anno_L1_curated
G6_L3_1,Astrocyte,893,Anno_L1_curated
G6_L3_1,B cell,1,Anno_L1_curated
G6_L3_1,DC,3,Anno_L1_curated
G6_L3_1,Doublet,5,Anno_L1_curated
G6_L3_1,Endothelial,657,Anno_L1_curated
G6_L3_1,Ependymal cell,93,Anno_L1_curated
G6_L3_1,Epithelial,0,Anno_L1_curated
G6_L3_1,Fibroblast,165,Anno_L1_curated
G6_L3_1,Muscle cell,0,Anno_L1_curated
G6_L3_1,Myeloid,234,Anno_L1_curated
G6_L3_1,NK/DC,0,Anno_L1_curated
G6_L3_1,Neuron,1387,Anno_L1_curated
G6_L3_1,Neutrophil,1,Anno_L1_curated
G6_L3_1,OPC,190,Anno_L1_curated
G6_L3_1,Oligodendrocyte,2298,Anno_L1_curated
G6_L3_1,Schwann cell,367,Anno_L1_curated
G6_L3_1,T cell,1,Anno_L1_curated
G6_L3_1,T_B_doublet,0,Anno_L1_curated
G6_L3_1,VSMC,245,Anno_L1_curated
G6_L3_2,Astrocyte,631,Anno_L1_curated
G6_L3_2,B cell,5,Anno_L1_curated
G6_L3_2,DC,71,Anno_L1_curated
G6_L3_2,Doublet,10,Anno_L1_curated
G6_L3_2,Endothelial,459,Anno_L1_curated
G6_L3_2,Ependymal cell,39,Anno_L1_curated
G6_L3_2,Epithelial,0,Anno_L1_curated
G6_L3_2,Fibroblast,755,Anno_L1_curated
G6_L3_2,Muscle cell,0,Anno_L1_curated
G6_L3_2,Myeloid,854,Anno_L1_curated
G6_L3_2,NK/DC,14,Anno_L1_curated
G6_L3_2,Neuron,824,Anno_L1_curated
G6_L3_2,Neutrophil,0,Anno_L1_curated
G6_L3_2,OPC,182,Anno_L1_curated
G6_L3_2,Oligodendrocyte,1111,Anno_L1_curated
G6_L3_2,Schwann cell,362,Anno_L1_curated
G6_L3_2,T cell,99,Anno_L1_curated
G6_L3_2,T_B_doublet,0,Anno_L1_curated
G6_L3_2,VSMC,105,Anno_L1_curated
S1_B1_0,Astrocyte,617,Anno_L1_curated
S1_B1_0,B cell,432,Anno_L1_curated
S1_B1_0,DC,517,Anno_L1_curated
S1_B1_0,Doublet,12,Anno_L1_curated
S1_B1_0,Endothelial,438,Anno_L1_curated
S1_B1_0,Ependymal cell,50,Anno_L1_curated
S1_B1_0,Epithelial,0,Anno_L1_curated
S1_B1_0,Fibroblast,644,Anno_L1_curated
S1_B1_0,Muscle cell,0,Anno_L1_curated
S1_B1_0,Myeloid,751,Anno_L1_curated
S1_B1_0,NK/DC,94,Anno_L1_curated
S1_B1_0,Neuron,1044,Anno_L1_curated
S1_B1_0,Neutrophil,0,Anno_L1_curated
S1_B1_0,OPC,305,Anno_L1_curated
S1_B1_0,Oligodendrocyte,1163,Anno_L1_curated
S1_B1_0,Schwann cell,293,Anno_L1_curated
S1_B1_0,T cell,339,Anno_L1_curated
S1_B1_0,T_B_doublet,36,Anno_L1_curated
S1_B1_0,VSMC,92,Anno_L1_curated
S1_B1_1,Astrocyte,1438,Anno_L1_curated
S1_B1_1,B cell,127,Anno_L1_curated
S1_B1_1,DC,846,Anno_L1_curated
S1_B1_1,Doublet,20,Anno_L1_curated
S1_B1_1,Endothelial,1171,Anno_L1_curated
S1_B1_1,Ependymal cell,68,Anno_L1_curated
S1_B1_1,Epithelial,0,Anno_L1_curated
S1_B1_1,Fibroblast,1545,Anno_L1_curated
S1_B1_1,Muscle cell,0,Anno_L1_curated
S1_B1_1,Myeloid,1974,Anno_L1_curated
S1_B1_1,NK/DC,46,Anno_L1_curated
S1_B1_1,Neuron,2100,Anno_L1_curated
S1_B1_1,Neutrophil,0,Anno_L1_curated
S1_B1_1,OPC,676,Anno_L1_curated
S1_B1_1,Oligodendrocyte,2903,Anno_L1_curated
S1_B1_1,Schwann cell,209,Anno_L1_curated
S1_B1_1,T cell,503,Anno_L1_curated
S1_B1_1,T_B_doublet,16,Anno_L1_curated
S1_B1_1,VSMC,553,Anno_L1_curated
S1_B1_2,Astrocyte,693,Anno_L1_curated
S1_B1_2,B cell,0,Anno_L1_curated
S1_B1_2,DC,254,Anno_L1_curated
S1_B1_2,Doublet,35,Anno_L1_curated
S1_B1_2,Endothelial,558,Anno_L1_curated
S1_B1_2,Ependymal cell,52,Anno_L1_curated
S1_B1_2,Epithelial,0,Anno_L1_curated
S1_B1_2,Fibroblast,1007,Anno_L1_curated
S1_B1_2,Muscle cell,0,Anno_L1_curated
S1_B1_2,Myeloid,940,Anno_L1_curated
S1_B1_2,NK/DC,35,Anno_L1_curated
S1_B1_2,Neuron,1246,Anno_L1_curated
S1_B1_2,Neutrophil,5,Anno_L1_curated
S1_B1_2,OPC,202,Anno_L1_curated
S1_B1_2,Oligodendrocyte,1494,Anno_L1_curated
S1_B1_2,Schwann cell,366,Anno_L1_curated
S1_B1_2,T cell,453,Anno_L1_curated
S1_B1_2,T_B_doublet,0,Anno_L1_curated
S1_B1_2,VSMC,118,Anno_L1_curated
S1_B2_0,Astrocyte,886,Anno_L1_curated
S1_B2_0,B cell,409,Anno_L1_curated
S1_B2_0,DC,354,Anno_L1_curated
S1_B2_0,Doublet,16,Anno_L1_curated
S1_B2_0,Endothelial,610,Anno_L1_curated
S1_B2_0,Ependymal cell,56,Anno_L1_curated
S1_B2_0,Epithelial,2,Anno_L1_curated
S1_B2_0,Fibroblast,769,Anno_L1_curated
S1_B2_0,Muscle cell,0,Anno_L1_curated
S1_B2_0,Myeloid,1039,Anno_L1_curated
S1_B2_0,NK/DC,27,Anno_L1_curated
S1_B2_0,Neuron,1122,Anno_L1_curated
S1_B2_0,Neutrophil,0,Anno_L1_curated
S1_B2_0,OPC,405,Anno_L1_curated
S1_B2_0,Oligodendrocyte,1620,Anno_L1_curated
S1_B2_0,Schwann cell,400,Anno_L1_curated
S1_B2_0,T cell,269,Anno_L1_curated
S1_B2_0,T_B_doublet,29,Anno_L1_curated
S1_B2_0,VSMC,129,Anno_L1_curated
S1_B2_1,Astrocyte,533,Anno_L1_curated
S1_B2_1,B cell,2,Anno_L1_curated
S1_B2_1,DC,61,Anno_L1_curated
S1_B2_1,Doublet,32,Anno_L1_curated
S1_B2_1,Endothelial,409,Anno_L1_curated
S1_B2_1,Ependymal cell,39,Anno_L1_curated
S1_B2_1,Epithelial,6,Anno_L1_curated
S1_B2_1,Fibroblast,1006,Anno_L1_curated
S1_B2_1,Muscle cell,0,Anno_L1_curated
S1_B2_1,Myeloid,344,Anno_L1_curated
S1_B2_1,NK/DC,8,Anno_L1_curated
S1_B2_1,Neuron,934,Anno_L1_curated
S1_B2_1,Neutrophil,0,Anno_L1_curated
S1_B2_1,OPC,147,Anno_L1_curated
S1_B2_1,Oligodendrocyte,1190,Anno_L1_curated
S1_B2_1,Schwann cell,176,Anno_L1_curated
S1_B2_1,T cell,75,Anno_L1_curated
S1_B2_1,T_B_doublet,0,Anno_L1_curated
S1_B2_1,VSMC,101,Anno_L1_curated
S1_B2_2,Astrocyte,1149,Anno_L1_curated
S1_B2_2,B cell,114,Anno_L1_curated
S1_B2_2,DC,693,Anno_L1_curated
S1_B2_2,Doublet,20,Anno_L1_curated
S1_B2_2,Endothelial,684,Anno_L1_curated
S1_B2_2,Ependymal cell,63,Anno_L1_curated
S1_B2_2,Epithelial,1,Anno_L1_curated
S1_B2_2,Fibroblast,381,Anno_L1_curated
S1_B2_2,Muscle cell,0,Anno_L1_curated
S1_B2_2,Myeloid,1419,Anno_L1_curated
S1_B2_2,NK/DC,53,Anno_L1_curated
S1_B2_2,Neuron,1635,Anno_L1_curated
S1_B2_2,Neutrophil,1,Anno_L1_curated
S1_B2_2,OPC,557,Anno_L1_curated
S1_B2_2,Oligodendrocyte,2371,Anno_L1_curated
S1_B2_2,Schwann cell,41,Anno_L1_curated
S1_B2_2,T cell,343,Anno_L1_curated
S1_B2_2,T_B_doublet,3,Anno_L1_curated
S1_B2_2,VSMC,146,Anno_L1_curated
S1_B3_0,Astrocyte,981,Anno_L1_curated
S1_B3_0,B cell,0,Anno_L1_curated
S1_B3_0,DC,44,Anno_L1_curated
S1_B3_0,Doublet,7,Anno_L1_curated
S1_B3_0,Endothelial,713,Anno_L1_curated
S1_B3_0,Ependymal cell,54,Anno_L1_curated
S1_B3_0,Epithelial,0,Anno_L1_curated
S1_B3_0,Fibroblast,177,Anno_L1_curated
S1_B3_0,Muscle cell,0,Anno_L1_curated
S1_B3_0,Myeloid,328,Anno_L1_curated
S1_B3_0,NK/DC,0,Anno_L1_curated
S1_B3_0,Neuron,1746,Anno_L1_curated
S1_B3_0,Neutrophil,5,Anno_L1_curated
S1_B3_0,OPC,265,Anno_L1_curated
S1_B3_0,Oligodendrocyte,2609,Anno_L1_curated
S1_B3_0,Schwann cell,120,Anno_L1_curated
S1_B3_0,T cell,22,Anno_L1_curated
S1_B3_0,T_B_doublet,0,Anno_L1_curated
S1_B3_0,VSMC,218,Anno_L1_curated
S1_B3_1,Astrocyte,848,Anno_L1_curated
S1_B3_1,B cell,581,Anno_L1_curated
S1_B3_1,DC,517,Anno_L1_curated
S1_B3_1,Doublet,10,Anno_L1_curated
S1_B3_1,Endothelial,575,Anno_L1_curated
S1_B3_1,Ependymal cell,57,Anno_L1_curated
S1_B3_1,Epithelial,0,Anno_L1_curated
S1_B3_1,Fibroblast,557,Anno_L1_curated
S1_B3_1,Muscle cell,0,Anno_L1_curated
S1_B3_1,Myeloid,1019,Anno_L1_curated
S1_B3_1,NK/DC,60,Anno_L1_curated
S1_B3_1,Neuron,1174,Anno_L1_curated
S1_B3_1,Neutrophil,0,Anno_L1_curated
S1_B3_1,OPC,412,Anno_L1_curated
S1_B3_1,Oligodendrocyte,1608,Anno_L1_curated
S1_B3_1,Schwann cell,274,Anno_L1_curated
S1_B3_1,T cell,376,Anno_L1_curated
S1_B3_1,T_B_doublet,39,Anno_L1_curated
S1_B3_1,VSMC,198,Anno_L1_curated
S1_B3_2,Astrocyte,759,Anno_L1_curated
S1_B3_2,B cell,154,Anno_L1_curated
S1_B3_2,DC,463,Anno_L1_curated
S1_B3_2,Doublet,18,Anno_L1_curated
S1_B3_2,Endothelial,595,Anno_L1_curated
S1_B3_2,Ependymal cell,36,Anno_L1_curated
S1_B3_2,Epithelial,1,Anno_L1_curated
S1_B3_2,Fibroblast,1639,Anno_L1_curated
S1_B3_2,Muscle cell,0,Anno_L1_curated
S1_B3_2,Myeloid,1092,Anno_L1_curated
S1_B3_2,NK/DC,38,Anno_L1_curated
S1_B3_2,Neuron,1047,Anno_L1_curated
S1_B3_2,Neutrophil,0,Anno_L1_curated
S1_B3_2,OPC,374,Anno_L1_curated
S1_B3_2,Oligodendrocyte,1334,Anno_L1_curated
S1_B3_2,Schwann cell,81,Anno_L1_curated
S1_B3_2,T cell,313,Anno_L1_curated
S1_B3_2,T_B_doublet,16,Anno_L1_curated
S1_B3_2,VSMC,108,Anno_L1_curated
S1_T1_0,Astrocyte,618,Anno_L1_curated
S1_T1_0,B cell,50,Anno_L1_curated
S1_T1_0,DC,26,Anno_L1_curated
S1_T1_0,Doublet,2,Anno_L1_curated
S1_T1_0,Endothelial,370,Anno_L1_curated
S1_T1_0,Ependymal cell,53,Anno_L1_curated
S1_T1_0,Epithelial,0,Anno_L1_curated
S1_T1_0,Fibroblast,766,Anno_L1_curated
S1_T1_0,Muscle cell,0,Anno_L1_curated
S1_T1_0,Myeloid,447,Anno_L1_curated
S1_T1_0,NK/DC,3,Anno_L1_curated
S1_T1_0,Neuron,849,Anno_L1_curated
S1_T1_0,Neutrophil,0,Anno_L1_curated
S1_T1_0,OPC,134,Anno_L1_curated
S1_T1_0,Oligodendrocyte,1216,Anno_L1_curated
S1_T1_0,Schwann cell,41,Anno_L1_curated
S1_T1_0,T cell,56,Anno_L1_curated
S1_T1_0,T_B_doublet,2,Anno_L1_curated
S1_T1_0,VSMC,141,Anno_L1_curated
S1_T1_1,Astrocyte,814,Anno_L1_curated
S1_T1_1,B cell,1,Anno_L1_curated
S1_T1_1,DC,17,Anno_L1_curated
S1_T1_1,Doublet,10,Anno_L1_curated
S1_T1_1,Endothelial,622,Anno_L1_curated
S1_T1_1,Ependymal cell,66,Anno_L1_curated
S1_T1_1,Epithelial,1,Anno_L1_curated
S1_T1_1,Fibroblast,128,Anno_L1_curated
S1_T1_1,Muscle cell,0,Anno_L1_curated
S1_T1_1,Myeloid,181,Anno_L1_curated
S1_T1_1,NK/DC,0,Anno_L1_curated
S1_T1_1,Neuron,1384,Anno_L1_curated
S1_T1_1,Neutrophil,0,Anno_L1_curated
S1_T1_1,OPC,194,Anno_L1_curated
S1_T1_1,Oligodendrocyte,1779,Anno_L1_curated
S1_T1_1,Schwann cell,124,Anno_L1_curated
S1_T1_1,T cell,0,Anno_L1_curated
S1_T1_1,T_B_doublet,0,Anno_L1_curated
S1_T1_1,VSMC,159,Anno_L1_curated
S1_T1_2,Astrocyte,1056,Anno_L1_curated
S1_T1_2,B cell,2,Anno_L1_curated
S1_T1_2,DC,15,Anno_L1_curated
S1_T1_2,Doublet,11,Anno_L1_curated
S1_T1_2,Endothelial,704,Anno_L1_curated
S1_T1_2,Ependymal cell,59,Anno_L1_curated
S1_T1_2,Epithelial,1,Anno_L1_curated
S1_T1_2,Fibroblast,674,Anno_L1_curated
S1_T1_2,Muscle cell,0,Anno_L1_curated
S1_T1_2,Myeloid,230,Anno_L1_curated
S1_T1_2,NK/DC,0,Anno_L1_curated
S1_T1_2,Neuron,1479,Anno_L1_curated
S1_T1_2,Neutrophil,0,Anno_L1_curated
S1_T1_2,OPC,239,Anno_L1_curated
S1_T1_2,Oligodendrocyte,2432,Anno_L1_curated
S1_T1_2,Schwann cell,398,Anno_L1_curated
S1_T1_2,T cell,2,Anno_L1_curated
S1_T1_2,T_B_doublet,0,Anno_L1_curated
S1_T1_2,VSMC,212,Anno_L1_curated
S1_T2_0,Astrocyte,892,Anno_L1_curated
S1_T2_0,B cell,248,Anno_L1_curated
S1_T2_0,DC,1194,Anno_L1_curated
S1_T2_0,Doublet,10,Anno_L1_curated
S1_T2_0,Endothelial,744,Anno_L1_curated
S1_T2_0,Ependymal cell,50,Anno_L1_curated
S1_T2_0,Epithelial,0,Anno_L1_curated
S1_T2_0,Fibroblast,335,Anno_L1_curated
S1_T2_0,Muscle cell,0,Anno_L1_curated
S1_T2_0,Myeloid,1639,Anno_L1_curated
S1_T2_0,NK/DC,96,Anno_L1_curated
S1_T2_0,Neuron,1116,Anno_L1_curated
S1_T2_0,Neutrophil,0,Anno_L1_curated
S1_T2_0,OPC,401,Anno_L1_curated
S1_T2_0,Oligodendrocyte,1975,Anno_L1_curated
S1_T2_0,Schwann cell,76,Anno_L1_curated
S1_T2_0,T cell,528,Anno_L1_curated
S1_T2_0,T_B_doublet,17,Anno_L1_curated
S1_T2_0,VSMC,162,Anno_L1_curated
S1_T2_1,Astrocyte,535,Anno_L1_curated
S1_T2_1,B cell,1,Anno_L1_curated
S1_T2_1,DC,8,Anno_L1_curated
S1_T2_1,Doublet,9,Anno_L1_curated
S1_T2_1,Endothelial,366,Anno_L1_curated
S1_T2_1,Ependymal cell,62,Anno_L1_curated
S1_T2_1,Epithelial,0,Anno_L1_curated
S1_T2_1,Fibroblast,423,Anno_L1_curated
S1_T2_1,Muscle cell,1,Anno_L1_curated
S1_T2_1,Myeloid,141,Anno_L1_curated
S1_T2_1,NK/DC,0,Anno_L1_curated
S1_T2_1,Neuron,1080,Anno_L1_curated
S1_T2_1,Neutrophil,0,Anno_L1_curated
S1_T2_1,OPC,137,Anno_L1_curated
S1_T2_1,Oligodendrocyte,1235,Anno_L1_curated
S1_T2_1,Schwann cell,96,Anno_L1_curated
S1_T2_1,T cell,7,Anno_L1_curated
S1_T2_1,T_B_doublet,0,Anno_L1_curated
S1_T2_1,VSMC,124,Anno_L1_curated
S1_T2_2,Astrocyte,839,Anno_L1_curated
S1_T2_2,B cell,17,Anno_L1_curated
S1_T2_2,DC,47,Anno_L1_curated
S1_T2_2,Doublet,7,Anno_L1_curated
S1_T2_2,Endothelial,586,Anno_L1_curated
S1_T2_2,Ependymal cell,94,Anno_L1_curated
S1_T2_2,Epithelial,1,Anno_L1_curated
S1_T2_2,Fibroblast,967,Anno_L1_curated
S1_T2_2,Muscle cell,0,Anno_L1_curated
S1_T2_2,Myeloid,541,Anno_L1_curated
S1_T2_2,NK/DC,3,Anno_L1_curated
S1_T2_2,Neuron,1342,Anno_L1_curated
S1_T2_2,Neutrophil,0,Anno_L1_curated
S1_T2_2,OPC,205,Anno_L1_curated
S1_T2_2,Oligodendrocyte,1641,Anno_L1_curated
S1_T2_2,Schwann cell,440,Anno_L1_curated
S1_T2_2,T cell,79,Anno_L1_curated
S1_T2_2,T_B_doublet,3,Anno_L1_curated
S1_T2_2,VSMC,199,Anno_L1_curated
S1_T3_0,Astrocyte,866,Anno_L1_curated
S1_T3_0,B cell,431,Anno_L1_curated
S1_T3_0,DC,2119,Anno_L1_curated
S1_T3_0,Doublet,30,Anno_L1_curated
S1_T3_0,Endothelial,808,Anno_L1_curated
S1_T3_0,Ependymal cell,46,Anno_L1_curated
S1_T3_0,Epithelial,0,Anno_L1_curated
S1_T3_0,Fibroblast,1068,Anno_L1_curated
S1_T3_0,Muscle cell,0,Anno_L1_curated
S1_T3_0,Myeloid,2208,Anno_L1_curated
S1_T3_0,NK/DC,145,Anno_L1_curated
S1_T3_0,Neuron,1093,Anno_L1_curated
S1_T3_0,Neutrophil,0,Anno_L1_curated
S1_T3_0,OPC,496,Anno_L1_curated
S1_T3_0,Oligodendrocyte,1426,Anno_L1_curated
S1_T3_0,Schwann cell,322,Anno_L1_curated
S1_T3_0,T cell,913,Anno_L1_curated
S1_T3_0,T_B_doublet,38,Anno_L1_curated
S1_T3_0,VSMC,86,Anno_L1_curated
S1_T3_1,Astrocyte,1165,Anno_L1_curated
S1_T3_1,B cell,62,Anno_L1_curated
S1_T3_1,DC,58,Anno_L1_curated
S1_T3_1,Doublet,17,Anno_L1_curated
S1_T3_1,Endothelial,860,Anno_L1_curated
S1_T3_1,Ependymal cell,79,Anno_L1_curated
S1_T3_1,Epithelial,1,Anno_L1_curated
S1_T3_1,Fibroblast,934,Anno_L1_curated
S1_T3_1,Muscle cell,0,Anno_L1_curated
S1_T3_1,Myeloid,789,Anno_L1_curated
S1_T3_1,NK/DC,7,Anno_L1_curated
S1_T3_1,Neuron,1610,Anno_L1_curated
S1_T3_1,Neutrophil,0,Anno_L1_curated
S1_T3_1,OPC,308,Anno_L1_curated
S1_T3_1,Oligodendrocyte,2470,Anno_L1_curated
S1_T3_1,Schwann cell,283,Anno_L1_curated
S1_T3_1,T cell,99,Anno_L1_curated
S1_T3_1,T_B_doublet,14,Anno_L1_curated
S1_T3_1,VSMC,211,Anno_L1_curated
S1_T3_2,Astrocyte,600,Anno_L1_curated
S1_T3_2,B cell,167,Anno_L1_curated
S1_T3_2,DC,1240,Anno_L1_curated
S1_T3_2,Doublet,22,Anno_L1_curated
S1_T3_2,Endothelial,620,Anno_L1_curated
S1_T3_2,Ependymal cell,43,Anno_L1_curated
S1_T3_2,Epithelial,0,Anno_L1_curated
S1_T3_2,Fibroblast,932,Anno_L1_curated
S1_T3_2,Muscle cell,0,Anno_L1_curated
S1_T3_2,Myeloid,1653,Anno_L1_curated
S1_T3_2,NK/DC,69,Anno_L1_curated
S1_T3_2,Neuron,873,Anno_L1_curated
S1_T3_2,Neutrophil,0,Anno_L1_curated
S1_T3_2,OPC,360,Anno_L1_curated
S1_T3_2,Oligodendrocyte,980,Anno_L1_curated
S1_T3_2,Schwann cell,401,Anno_L1_curated
S1_T3_2,T cell,502,Anno_L1_curated
S1_T3_2,T_B_doublet,11,Anno_L1_curated
S1_T3_2,VSMC,90,Anno_L1_curated
S2_B1_0,Astrocyte,565,Anno_L1_curated
S2_B1_0,B cell,3,Anno_L1_curated
S2_B1_0,DC,129,Anno_L1_curated
S2_B1_0,Doublet,20,Anno_L1_curated
S2_B1_0,Endothelial,393,Anno_L1_curated
S2_B1_0,Ependymal cell,39,Anno_L1_curated
S2_B1_0,Epithelial,2,Anno_L1_curated
S2_B1_0,Fibroblast,428,Anno_L1_curated
S2_B1_0,Muscle cell,0,Anno_L1_curated
S2_B1_0,Myeloid,623,Anno_L1_curated
S2_B1_0,NK/DC,10,Anno_L1_curated
S2_B1_0,Neuron,925,Anno_L1_curated
S2_B1_0,Neutrophil,2,Anno_L1_curated
S2_B1_0,OPC,176,Anno_L1_curated
S2_B1_0,Oligodendrocyte,1095,Anno_L1_curated
S2_B1_0,Schwann cell,138,Anno_L1_curated
S2_B1_0,T cell,143,Anno_L1_curated
S2_B1_0,T_B_doublet,0,Anno_L1_curated
S2_B1_0,VSMC,74,Anno_L1_curated
S2_B1_1,Astrocyte,881,Anno_L1_curated
S2_B1_1,B cell,303,Anno_L1_curated
S2_B1_1,DC,551,Anno_L1_curated
S2_B1_1,Doublet,16,Anno_L1_curated
S2_B1_1,Endothelial,637,Anno_L1_curated
S2_B1_1,Ependymal cell,40,Anno_L1_curated
S2_B1_1,Epithelial,0,Anno_L1_curated
S2_B1_1,Fibroblast,1095,Anno_L1_curated
S2_B1_1,Muscle cell,0,Anno_L1_curated
S2_B1_1,Myeloid,1758,Anno_L1_curated
S2_B1_1,NK/DC,25,Anno_L1_curated
S2_B1_1,Neuron,1093,Anno_L1_curated
S2_B1_1,Neutrophil,0,Anno_L1_curated
S2_B1_1,OPC,434,Anno_L1_curated
S2_B1_1,Oligodendrocyte,1494,Anno_L1_curated
S2_B1_1,Schwann cell,287,Anno_L1_curated
S2_B1_1,T cell,284,Anno_L1_curated
S2_B1_1,T_B_doublet,25,Anno_L1_curated
S2_B1_1,VSMC,117,Anno_L1_curated
S2_B1_2,Astrocyte,1042,Anno_L1_curated
S2_B1_2,B cell,24,Anno_L1_curated
S2_B1_2,DC,35,Anno_L1_curated
S2_B1_2,Doublet,7,Anno_L1_curated
S2_B1_2,Endothelial,854,Anno_L1_curated
S2_B1_2,Ependymal cell,59,Anno_L1_curated
S2_B1_2,Epithelial,2,Anno_L1_curated
S2_B1_2,Fibroblast,473,Anno_L1_curated
S2_B1_2,Muscle cell,0,Anno_L1_curated
S2_B1_2,Myeloid,375,Anno_L1_curated
S2_B1_2,NK/DC,1,Anno_L1_curated
S2_B1_2,Neuron,2275,Anno_L1_curated
S2_B1_2,Neutrophil,1,Anno_L1_curated
S2_B1_2,OPC,259,Anno_L1_curated
S2_B1_2,Oligodendrocyte,2517,Anno_L1_curated
S2_B1_2,Schwann cell,212,Anno_L1_curated
S2_B1_2,T cell,21,Anno_L1_curated
S2_B1_2,T_B_doublet,6,Anno_L1_curated
S2_B1_2,VSMC,219,Anno_L1_curated
S2_B2_0,Astrocyte,1305,Anno_L1_curated
S2_B2_0,B cell,142,Anno_L1_curated
S2_B2_0,DC,469,Anno_L1_curated
S2_B2_0,Doublet,34,Anno_L1_curated
S2_B2_0,Endothelial,1007,Anno_L1_curated
S2_B2_0,Ependymal cell,92,Anno_L1_curated
S2_B2_0,Epithelial,0,Anno_L1_curated
S2_B2_0,Fibroblast,1412,Anno_L1_curated
S2_B2_0,Muscle cell,0,Anno_L1_curated
S2_B2_0,Myeloid,1626,Anno_L1_curated
S2_B2_0,NK/DC,27,Anno_L1_curated
S2_B2_0,Neuron,2377,Anno_L1_curated
S2_B2_0,Neutrophil,0,Anno_L1_curated
S2_B2_0,OPC,510,Anno_L1_curated
S2_B2_0,Oligodendrocyte,2904,Anno_L1_curated
S2_B2_0,Schwann cell,497,Anno_L1_curated
S2_B2_0,T cell,324,Anno_L1_curated
S2_B2_0,T_B_doublet,22,Anno_L1_curated
S2_B2_0,VSMC,241,Anno_L1_curated
S2_B2_1,Astrocyte,599,Anno_L1_curated
S2_B2_1,B cell,33,Anno_L1_curated
S2_B2_1,DC,267,Anno_L1_curated
S2_B2_1,Doublet,15,Anno_L1_curated
S2_B2_1,Endothelial,467,Anno_L1_curated
S2_B2_1,Ependymal cell,39,Anno_L1_curated
S2_B2_1,Epithelial,0,Anno_L1_curated
S2_B2_1,Fibroblast,659,Anno_L1_curated
S2_B2_1,Muscle cell,0,Anno_L1_curated
S2_B2_1,Myeloid,829,Anno_L1_curated
S2_B2_1,NK/DC,26,Anno_L1_curated
S2_B2_1,Neuron,892,Anno_L1_curated
S2_B2_1,Neutrophil,0,Anno_L1_curated
S2_B2_1,OPC,264,Anno_L1_curated
S2_B2_1,Oligodendrocyte,1216,Anno_L1_curated
S2_B2_1,Schwann cell,47,Anno_L1_curated
S2_B2_1,T cell,222,Anno_L1_curated
S2_B2_1,T_B_doublet,4,Anno_L1_curated
S2_B2_1,VSMC,128,Anno_L1_curated
S2_B2_2,Astrocyte,945,Anno_L1_curated
S2_B2_2,B cell,173,Anno_L1_curated
S2_B2_2,DC,357,Anno_L1_curated
S2_B2_2,Doublet,14,Anno_L1_curated
S2_B2_2,Endothelial,817,Anno_L1_curated
S2_B2_2,Ependymal cell,63,Anno_L1_curated
S2_B2_2,Epithelial,0,Anno_L1_curated
S2_B2_2,Fibroblast,1476,Anno_L1_curated
S2_B2_2,Muscle cell,0,Anno_L1_curated
S2_B2_2,Myeloid,924,Anno_L1_curated
S2_B2_2,NK/DC,71,Anno_L1_curated
S2_B2_2,Neuron,1276,Anno_L1_curated
S2_B2_2,Neutrophil,0,Anno_L1_curated
S2_B2_2,OPC,275,Anno_L1_curated
S2_B2_2,Oligodendrocyte,1838,Anno_L1_curated
S2_B2_2,Schwann cell,597,Anno_L1_curated
S2_B2_2,T cell,438,Anno_L1_curated
S2_B2_2,T_B_doublet,20,Anno_L1_curated
S2_B2_2,VSMC,168,Anno_L1_curated
S2_B3_0,Astrocyte,707,Anno_L1_curated
S2_B3_0,B cell,0,Anno_L1_curated
S2_B3_0,DC,185,Anno_L1_curated
S2_B3_0,Doublet,22,Anno_L1_curated
S2_B3_0,Endothelial,686,Anno_L1_curated
S2_B3_0,Ependymal cell,46,Anno_L1_curated
S2_B3_0,Epithelial,1,Anno_L1_curated
S2_B3_0,Fibroblast,827,Anno_L1_curated
S2_B3_0,Muscle cell,0,Anno_L1_curated
S2_B3_0,Myeloid,826,Anno_L1_curated
S2_B3_0,NK/DC,12,Anno_L1_curated
S2_B3_0,Neuron,1147,Anno_L1_curated
S2_B3_0,Neutrophil,4,Anno_L1_curated
S2_B3_0,OPC,190,Anno_L1_curated
S2_B3_0,Oligodendrocyte,1354,Anno_L1_curated
S2_B3_0,Schwann cell,642,Anno_L1_curated
S2_B3_0,T cell,171,Anno_L1_curated
S2_B3_0,T_B_doublet,0,Anno_L1_curated
S2_B3_0,VSMC,141,Anno_L1_curated
S2_B3_1,Astrocyte,1131,Anno_L1_curated
S2_B3_1,B cell,93,Anno_L1_curated
S2_B3_1,DC,550,Anno_L1_curated
S2_B3_1,Doublet,20,Anno_L1_curated
S2_B3_1,Endothelial,890,Anno_L1_curated
S2_B3_1,Ependymal cell,62,Anno_L1_curated
S2_B3_1,Epithelial,0,Anno_L1_curated
S2_B3_1,Fibroblast,1168,Anno_L1_curated
S2_B3_1,Muscle cell,0,Anno_L1_curated
S2_B3_1,Myeloid,1209,Anno_L1_curated
S2_B3_1,NK/DC,58,Anno_L1_curated
S2_B3_1,Neuron,2067,Anno_L1_curated
S2_B3_1,Neutrophil,0,Anno_L1_curated
S2_B3_1,OPC,474,Anno_L1_curated
S2_B3_1,Oligodendrocyte,2425,Anno_L1_curated
S2_B3_1,Schwann cell,229,Anno_L1_curated
S2_B3_1,T cell,433,Anno_L1_curated
S2_B3_1,T_B_doublet,18,Anno_L1_curated
S2_B3_1,VSMC,224,Anno_L1_curated
S2_B3_2,Astrocyte,733,Anno_L1_curated
S2_B3_2,B cell,124,Anno_L1_curated
S2_B3_2,DC,345,Anno_L1_curated
S2_B3_2,Doublet,17,Anno_L1_curated
S2_B3_2,Endothelial,581,Anno_L1_curated
S2_B3_2,Ependymal cell,41,Anno_L1_curated
S2_B3_2,Epithelial,1,Anno_L1_curated
S2_B3_2,Fibroblast,614,Anno_L1_curated
S2_B3_2,Muscle cell,0,Anno_L1_curated
S2_B3_2,Myeloid,1052,Anno_L1_curated
S2_B3_2,NK/DC,11,Anno_L1_curated
S2_B3_2,Neuron,820,Anno_L1_curated
S2_B3_2,Neutrophil,0,Anno_L1_curated
S2_B3_2,OPC,353,Anno_L1_curated
S2_B3_2,Oligodendrocyte,1404,Anno_L1_curated
S2_B3_2,Schwann cell,94,Anno_L1_curated
S2_B3_2,T cell,241,Anno_L1_curated
S2_B3_2,T_B_doublet,3,Anno_L1_curated
S2_B3_2,VSMC,93,Anno_L1_curated
S2_T1_0,Astrocyte,1218,Anno_L1_curated
S2_T1_0,B cell,332,Anno_L1_curated
S2_T1_0,DC,1841,Anno_L1_curated
S2_T1_0,Doublet,53,Anno_L1_curated
S2_T1_0,Endothelial,1049,Anno_L1_curated
S2_T1_0,Ependymal cell,51,Anno_L1_curated
S2_T1_0,Epithelial,0,Anno_L1_curated
S2_T1_0,Fibroblast,1519,Anno_L1_curated
S2_T1_0,Muscle cell,0,Anno_L1_curated
S2_T1_0,Myeloid,4029,Anno_L1_curated
S2_T1_0,NK/DC,115,Anno_L1_curated
S2_T1_0,Neuron,1298,Anno_L1_curated
S2_T1_0,Neutrophil,0,Anno_L1_curated
S2_T1_0,OPC,513,Anno_L1_curated
S2_T1_0,Oligodendrocyte,2631,Anno_L1_curated
S2_T1_0,Schwann cell,434,Anno_L1_curated
S2_T1_0,T cell,1114,Anno_L1_curated
S2_T1_0,T_B_doublet,62,Anno_L1_curated
S2_T1_0,VSMC,211,Anno_L1_curated
S2_T1_1,Astrocyte,1080,Anno_L1_curated
S2_T1_1,B cell,1,Anno_L1_curated
S2_T1_1,DC,29,Anno_L1_curated
S2_T1_1,Doublet,7,Anno_L1_curated
S2_T1_1,Endothelial,815,Anno_L1_curated
S2_T1_1,Ependymal cell,87,Anno_L1_curated
S2_T1_1,Epithelial,2,Anno_L1_curated
S2_T1_1,Fibroblast,824,Anno_L1_curated
S2_T1_1,Muscle cell,0,Anno_L1_curated
S2_T1_1,Myeloid,251,Anno_L1_curated
S2_T1_1,NK/DC,1,Anno_L1_curated
S2_T1_1,Neuron,1887,Anno_L1_curated
S2_T1_1,Neutrophil,5,Anno_L1_curated
S2_T1_1,OPC,235,Anno_L1_curated
S2_T1_1,Oligodendrocyte,2145,Anno_L1_curated
S2_T1_1,Schwann cell,327,Anno_L1_curated
S2_T1_1,T cell,3,Anno_L1_curated
S2_T1_1,T_B_doublet,0,Anno_L1_curated
S2_T1_1,VSMC,294,Anno_L1_curated
S2_T1_2,Astrocyte,1253,Anno_L1_curated
S2_T1_2,B cell,1,Anno_L1_curated
S2_T1_2,DC,16,Anno_L1_curated
S2_T1_2,Doublet,13,Anno_L1_curated
S2_T1_2,Endothelial,843,Anno_L1_curated
S2_T1_2,Ependymal cell,77,Anno_L1_curated
S2_T1_2,Epithelial,2,Anno_L1_curated
S2_T1_2,Fibroblast,671,Anno_L1_curated
S2_T1_2,Muscle cell,0,Anno_L1_curated
S2_T1_2,Myeloid,268,Anno_L1_curated
S2_T1_2,NK/DC,0,Anno_L1_curated
S2_T1_2,Neuron,2054,Anno_L1_curated
S2_T1_2,Neutrophil,1,Anno_L1_curated
S2_T1_2,OPC,268,Anno_L1_curated
S2_T1_2,Oligodendrocyte,2775,Anno_L1_curated
S2_T1_2,Schwann cell,104,Anno_L1_curated
S2_T1_2,T cell,1,Anno_L1_curated
S2_T1_2,T_B_doublet,0,Anno_L1_curated
S2_T1_2,VSMC,284,Anno_L1_curated
S2_T2_0,Astrocyte,1394,Anno_L1_curated
S2_T2_0,B cell,747,Anno_L1_curated
S2_T2_0,DC,1778,Anno_L1_curated
S2_T2_0,Doublet,16,Anno_L1_curated
S2_T2_0,Endothelial,1036,Anno_L1_curated
S2_T2_0,Ependymal cell,78,Anno_L1_curated
S2_T2_0,Epithelial,0,Anno_L1_curated
S2_T2_0,Fibroblast,1079,Anno_L1_curated
S2_T2_0,Muscle cell,0,Anno_L1_curated
S2_T2_0,Myeloid,2013,Anno_L1_curated
S2_T2_0,NK/DC,140,Anno_L1_curated
S2_T2_0,Neuron,1417,Anno_L1_curated
S2_T2_0,Neutrophil,0,Anno_L1_curated
S2_T2_0,OPC,338,Anno_L1_curated
S2_T2_0,Oligodendrocyte,2210,Anno_L1_curated
S2_T2_0,Schwann cell,499,Anno_L1_curated
S2_T2_0,T cell,984,Anno_L1_curated
S2_T2_0,T_B_doublet,112,Anno_L1_curated
S2_T2_0,VSMC,248,Anno_L1_curated
S2_T2_1,Astrocyte,513,Anno_L1_curated
S2_T2_1,B cell,1,Anno_L1_curated
S2_T2_1,DC,13,Anno_L1_curated
S2_T2_1,Doublet,8,Anno_L1_curated
S2_T2_1,Endothelial,364,Anno_L1_curated
S2_T2_1,Ependymal cell,48,Anno_L1_curated
S2_T2_1,Epithelial,0,Anno_L1_curated
S2_T2_1,Fibroblast,574,Anno_L1_curated
S2_T2_1,Muscle cell,0,Anno_L1_curated
S2_T2_1,Myeloid,134,Anno_L1_curated
S2_T2_1,NK/DC,0,Anno_L1_curated
S2_T2_1,Neuron,857,Anno_L1_curated
S2_T2_1,Neutrophil,0,Anno_L1_curated
S2_T2_1,OPC,121,Anno_L1_curated
S2_T2_1,Oligodendrocyte,1077,Anno_L1_curated
S2_T2_1,Schwann cell,49,Anno_L1_curated
S2_T2_1,T cell,5,Anno_L1_curated
S2_T2_1,T_B_doublet,0,Anno_L1_curated
S2_T2_1,VSMC,84,Anno_L1_curated
S2_T2_2,Astrocyte,889,Anno_L1_curated
S2_T2_2,B cell,140,Anno_L1_curated
S2_T2_2,DC,120,Anno_L1_curated
S2_T2_2,Doublet,11,Anno_L1_curated
S2_T2_2,Endothelial,611,Anno_L1_curated
S2_T2_2,Ependymal cell,63,Anno_L1_curated
S2_T2_2,Epithelial,1,Anno_L1_curated
S2_T2_2,Fibroblast,863,Anno_L1_curated
S2_T2_2,Muscle cell,0,Anno_L1_curated
S2_T2_2,Myeloid,823,Anno_L1_curated
S2_T2_2,NK/DC,16,Anno_L1_curated
S2_T2_2,Neuron,1181,Anno_L1_curated
S2_T2_2,Neutrophil,0,Anno_L1_curated
S2_T2_2,OPC,346,Anno_L1_curated
S2_T2_2,Oligodendrocyte,1706,Anno_L1_curated
S2_T2_2,Schwann cell,481,Anno_L1_curated
S2_T2_2,T cell,174,Anno_L1_curated
S2_T2_2,T_B_doublet,8,Anno_L1_curated
S2_T2_2,VSMC,156,Anno_L1_curated
S2_T3_0,Astrocyte,669,Anno_L1_curated
S2_T3_0,B cell,67,Anno_L1_curated
S2_T3_0,DC,97,Anno_L1_curated
S2_T3_0,Doublet,11,Anno_L1_curated
S2_T3_0,Endothelial,470,Anno_L1_curated
S2_T3_0,Ependymal cell,51,Anno_L1_curated
S2_T3_0,Epithelial,1,Anno_L1_curated
S2_T3_0,Fibroblast,831,Anno_L1_curated
S2_T3_0,Muscle cell,0,Anno_L1_curated
S2_T3_0,Myeloid,712,Anno_L1_curated
S2_T3_0,NK/DC,9,Anno_L1_curated
S2_T3_0,Neuron,953,Anno_L1_curated
S2_T3_0,Neutrophil,0,Anno_L1_curated
S2_T3_0,OPC,309,Anno_L1_curated
S2_T3_0,Oligodendrocyte,1459,Anno_L1_curated
S2_T3_0,Schwann cell,143,Anno_L1_curated
S2_T3_0,T cell,137,Anno_L1_curated
S2_T3_0,T_B_doublet,5,Anno_L1_curated
S2_T3_0,VSMC,116,Anno_L1_curated
S2_T3_1,Astrocyte,1317,Anno_L1_curated
S2_T3_1,B cell,261,Anno_L1_curated
S2_T3_1,DC,1086,Anno_L1_curated
S2_T3_1,Doublet,17,Anno_L1_curated
S2_T3_1,Endothelial,1068,Anno_L1_curated
S2_T3_1,Ependymal cell,56,Anno_L1_curated
S2_T3_1,Epithelial,1,Anno_L1_curated
S2_T3_1,Fibroblast,1015,Anno_L1_curated
S2_T3_1,Muscle cell,0,Anno_L1_curated
S2_T3_1,Myeloid,1612,Anno_L1_curated
S2_T3_1,NK/DC,103,Anno_L1_curated
S2_T3_1,Neuron,1644,Anno_L1_curated
S2_T3_1,Neutrophil,0,Anno_L1_curated
S2_T3_1,OPC,800,Anno_L1_curated
S2_T3_1,Oligodendrocyte,2727,Anno_L1_curated
S2_T3_1,Schwann cell,196,Anno_L1_curated
S2_T3_1,T cell,782,Anno_L1_curated
S2_T3_1,T_B_doublet,28,Anno_L1_curated
S2_T3_1,VSMC,209,Anno_L1_curated
S3_B1_0,Astrocyte,957,Anno_L1_curated
S3_B1_0,B cell,10,Anno_L1_curated
S3_B1_0,DC,58,Anno_L1_curated
S3_B1_0,Doublet,12,Anno_L1_curated
S3_B1_0,Endothelial,903,Anno_L1_curated
S3_B1_0,Ependymal cell,53,Anno_L1_curated
S3_B1_0,Epithelial,0,Anno_L1_curated
S3_B1_0,Fibroblast,509,Anno_L1_curated
S3_B1_0,Muscle cell,0,Anno_L1_curated
S3_B1_0,Myeloid,464,Anno_L1_curated
S3_B1_0,NK/DC,4,Anno_L1_curated
S3_B1_0,Neuron,1567,Anno_L1_curated
S3_B1_0,Neutrophil,1,Anno_L1_curated
S3_B1_0,OPC,287,Anno_L1_curated
S3_B1_0,Oligodendrocyte,2790,Anno_L1_curated
S3_B1_0,Schwann cell,284,Anno_L1_curated
S3_B1_0,T cell,78,Anno_L1_curated
S3_B1_0,T_B_doublet,0,Anno_L1_curated
S3_B1_0,VSMC,259,Anno_L1_curated
S3_B1_1,Astrocyte,664,Anno_L1_curated
S3_B1_1,B cell,240,Anno_L1_curated
S3_B1_1,DC,1589,Anno_L1_curated
S3_B1_1,Doublet,29,Anno_L1_curated
S3_B1_1,Endothelial,986,Anno_L1_curated
S3_B1_1,Ependymal cell,59,Anno_L1_curated
S3_B1_1,Epithelial,0,Anno_L1_curated
S3_B1_1,Fibroblast,1201,Anno_L1_curated
S3_B1_1,Muscle cell,0,Anno_L1_curated
S3_B1_1,Myeloid,2865,Anno_L1_curated
S3_B1_1,NK/DC,126,Anno_L1_curated
S3_B1_1,Neuron,1046,Anno_L1_curated
S3_B1_1,Neutrophil,6,Anno_L1_curated
S3_B1_1,OPC,330,Anno_L1_curated
S3_B1_1,Oligodendrocyte,1274,Anno_L1_curated
S3_B1_1,Schwann cell,411,Anno_L1_curated
S3_B1_1,T cell,794,Anno_L1_curated
S3_B1_1,T_B_doublet,12,Anno_L1_curated
S3_B1_1,VSMC,123,Anno_L1_curated
S3_B1_2,Astrocyte,647,Anno_L1_curated
S3_B1_2,B cell,191,Anno_L1_curated
S3_B1_2,DC,1143,Anno_L1_curated
S3_B1_2,Doublet,43,Anno_L1_curated
S3_B1_2,Endothelial,661,Anno_L1_curated
S3_B1_2,Ependymal cell,38,Anno_L1_curated
S3_B1_2,Epithelial,0,Anno_L1_curated
S3_B1_2,Fibroblast,1510,Anno_L1_curated
S3_B1_2,Muscle cell,0,Anno_L1_curated
S3_B1_2,Myeloid,4192,Anno_L1_curated
S3_B1_2,NK/DC,75,Anno_L1_curated
S3_B1_2,Neuron,759,Anno_L1_curated
S3_B1_2,Neutrophil,2,Anno_L1_curated
S3_B1_2,OPC,361,Anno_L1_curated
S3_B1_2,Oligodendrocyte,1179,Anno_L1_curated
S3_B1_2,Schwann cell,301,Anno_L1_curated
S3_B1_2,T cell,524,Anno_L1_curated
S3_B1_2,T_B_doublet,16,Anno_L1_curated
S3_B1_2,VSMC,65,Anno_L1_curated
S3_B2_0,Astrocyte,626,Anno_L1_curated
S3_B2_0,B cell,1,Anno_L1_curated
S3_B2_0,DC,143,Anno_L1_curated
S3_B2_0,Doublet,24,Anno_L1_curated
S3_B2_0,Endothelial,530,Anno_L1_curated
S3_B2_0,Ependymal cell,48,Anno_L1_curated
S3_B2_0,Epithelial,0,Anno_L1_curated
S3_B2_0,Fibroblast,341,Anno_L1_curated
S3_B2_0,Muscle cell,0,Anno_L1_curated
S3_B2_0,Myeloid,760,Anno_L1_curated
S3_B2_0,NK/DC,44,Anno_L1_curated
S3_B2_0,Neuron,933,Anno_L1_curated
S3_B2_0,Neutrophil,2,Anno_L1_curated
S3_B2_0,OPC,183,Anno_L1_curated
S3_B2_0,Oligodendrocyte,1424,Anno_L1_curated
S3_B2_0,Schwann cell,374,Anno_L1_curated
S3_B2_0,T cell,333,Anno_L1_curated
S3_B2_0,T_B_doublet,1,Anno_L1_curated
S3_B2_0,VSMC,112,Anno_L1_curated
S3_B2_1,Astrocyte,403,Anno_L1_curated
S3_B2_1,B cell,1,Anno_L1_curated
S3_B2_1,DC,95,Anno_L1_curated
S3_B2_1,Doublet,13,Anno_L1_curated
S3_B2_1,Endothelial,305,Anno_L1_curated
S3_B2_1,Ependymal cell,48,Anno_L1_curated
S3_B2_1,Epithelial,0,Anno_L1_curated
S3_B2_1,Fibroblast,350,Anno_L1_curated
S3_B2_1,Muscle cell,0,Anno_L1_curated
S3_B2_1,Myeloid,664,Anno_L1_curated
S3_B2_1,NK/DC,7,Anno_L1_curated
S3_B2_1,Neuron,659,Anno_L1_curated
S3_B2_1,Neutrophil,3,Anno_L1_curated
S3_B2_1,OPC,129,Anno_L1_curated
S3_B2_1,Oligodendrocyte,967,Anno_L1_curated
S3_B2_1,Schwann cell,36,Anno_L1_curated
S3_B2_1,T cell,92,Anno_L1_curated
S3_B2_1,T_B_doublet,0,Anno_L1_curated
S3_B2_1,VSMC,80,Anno_L1_curated
S3_B2_2,Astrocyte,1069,Anno_L1_curated
S3_B2_2,B cell,111,Anno_L1_curated
S3_B2_2,DC,1310,Anno_L1_curated
S3_B2_2,Doublet,19,Anno_L1_curated
S3_B2_2,Endothelial,1248,Anno_L1_curated
S3_B2_2,Ependymal cell,56,Anno_L1_curated
S3_B2_2,Epithelial,0,Anno_L1_curated
S3_B2_2,Fibroblast,1188,Anno_L1_curated
S3_B2_2,Muscle cell,0,Anno_L1_curated
S3_B2_2,Myeloid,3762,Anno_L1_curated
S3_B2_2,NK/DC,145,Anno_L1_curated
S3_B2_2,Neuron,1938,Anno_L1_curated
S3_B2_2,Neutrophil,3,Anno_L1_curated
S3_B2_2,OPC,489,Anno_L1_curated
S3_B2_2,Oligodendrocyte,2458,Anno_L1_curated
S3_B2_2,Schwann cell,389,Anno_L1_curated
S3_B2_2,T cell,870,Anno_L1_curated
S3_B2_2,T_B_doublet,3,Anno_L1_curated
S3_B2_2,VSMC,200,Anno_L1_curated
S3_B3_0,Astrocyte,463,Anno_L1_curated
S3_B3_0,B cell,182,Anno_L1_curated
S3_B3_0,DC,1100,Anno_L1_curated
S3_B3_0,Doublet,13,Anno_L1_curated
S3_B3_0,Endothelial,644,Anno_L1_curated
S3_B3_0,Ependymal cell,66,Anno_L1_curated
S3_B3_0,Epithelial,0,Anno_L1_curated
S3_B3_0,Fibroblast,1508,Anno_L1_curated
S3_B3_0,Muscle cell,0,Anno_L1_curated
S3_B3_0,Myeloid,2155,Anno_L1_curated
S3_B3_0,NK/DC,121,Anno_L1_curated
S3_B3_0,Neuron,946,Anno_L1_curated
S3_B3_0,Neutrophil,2,Anno_L1_curated
S3_B3_0,OPC,263,Anno_L1_curated
S3_B3_0,Oligodendrocyte,998,Anno_L1_curated
S3_B3_0,Schwann cell,305,Anno_L1_curated
S3_B3_0,T cell,579,Anno_L1_curated
S3_B3_0,T_B_doublet,3,Anno_L1_curated
S3_B3_0,VSMC,102,Anno_L1_curated
S3_B3_1,Astrocyte,1046,Anno_L1_curated
S3_B3_1,B cell,170,Anno_L1_curated
S3_B3_1,DC,1085,Anno_L1_curated
S3_B3_1,Doublet,31,Anno_L1_curated
S3_B3_1,Endothelial,907,Anno_L1_curated
S3_B3_1,Ependymal cell,58,Anno_L1_curated
S3_B3_1,Epithelial,0,Anno_L1_curated
S3_B3_1,Fibroblast,946,Anno_L1_curated
S3_B3_1,Muscle cell,0,Anno_L1_curated
S3_B3_1,Myeloid,3011,Anno_L1_curated
S3_B3_1,NK/DC,73,Anno_L1_curated
S3_B3_1,Neuron,1681,Anno_L1_curated
S3_B3_1,Neutrophil,0,Anno_L1_curated
S3_B3_1,OPC,603,Anno_L1_curated
S3_B3_1,Oligodendrocyte,2190,Anno_L1_curated
S3_B3_1,Schwann cell,256,Anno_L1_curated
S3_B3_1,T cell,503,Anno_L1_curated
S3_B3_1,T_B_doublet,17,Anno_L1_curated
S3_B3_1,VSMC,157,Anno_L1_curated
S3_B3_2,Astrocyte,1333,Anno_L1_curated
S3_B3_2,B cell,330,Anno_L1_curated
S3_B3_2,DC,2176,Anno_L1_curated
S3_B3_2,Doublet,30,Anno_L1_curated
S3_B3_2,Endothelial,839,Anno_L1_curated
S3_B3_2,Ependymal cell,58,Anno_L1_curated
S3_B3_2,Epithelial,0,Anno_L1_curated
S3_B3_2,Fibroblast,986,Anno_L1_curated
S3_B3_2,Muscle cell,0,Anno_L1_curated
S3_B3_2,Myeloid,7237,Anno_L1_curated
S3_B3_2,NK/DC,86,Anno_L1_curated
S3_B3_2,Neuron,1097,Anno_L1_curated
S3_B3_2,Neutrophil,0,Anno_L1_curated
S3_B3_2,OPC,676,Anno_L1_curated
S3_B3_2,Oligodendrocyte,1620,Anno_L1_curated
S3_B3_2,Schwann cell,241,Anno_L1_curated
S3_B3_2,T cell,784,Anno_L1_curated
S3_B3_2,T_B_doublet,11,Anno_L1_curated
S3_B3_2,VSMC,152,Anno_L1_curated
S3_T1_0,Astrocyte,988,Anno_L1_curated
S3_T1_0,B cell,0,Anno_L1_curated
S3_T1_0,DC,12,Anno_L1_curated
S3_T1_0,Doublet,6,Anno_L1_curated
S3_T1_0,Endothelial,747,Anno_L1_curated
S3_T1_0,Ependymal cell,58,Anno_L1_curated
S3_T1_0,Epithelial,2,Anno_L1_curated
S3_T1_0,Fibroblast,527,Anno_L1_curated
S3_T1_0,Muscle cell,0,Anno_L1_curated
S3_T1_0,Myeloid,224,Anno_L1_curated
S3_T1_0,NK/DC,0,Anno_L1_curated
S3_T1_0,Neuron,2027,Anno_L1_curated
S3_T1_0,Neutrophil,1,Anno_L1_curated
S3_T1_0,OPC,212,Anno_L1_curated
S3_T1_0,Oligodendrocyte,2316,Anno_L1_curated
S3_T1_0,Schwann cell,98,Anno_L1_curated
S3_T1_0,T cell,3,Anno_L1_curated
S3_T1_0,T_B_doublet,0,Anno_L1_curated
S3_T1_0,VSMC,229,Anno_L1_curated
S3_T1_1,Astrocyte,739,Anno_L1_curated
S3_T1_1,B cell,50,Anno_L1_curated
S3_T1_1,DC,39,Anno_L1_curated
S3_T1_1,Doublet,8,Anno_L1_curated
S3_T1_1,Endothelial,551,Anno_L1_curated
S3_T1_1,Ependymal cell,46,Anno_L1_curated
S3_T1_1,Epithelial,1,Anno_L1_curated
S3_T1_1,Fibroblast,876,Anno_L1_curated
S3_T1_1,Muscle cell,0,Anno_L1_curated
S3_T1_1,Myeloid,506,Anno_L1_curated
S3_T1_1,NK/DC,2,Anno_L1_curated
S3_T1_1,Neuron,991,Anno_L1_curated
S3_T1_1,Neutrophil,0,Anno_L1_curated
S3_T1_1,OPC,212,Anno_L1_curated
S3_T1_1,Oligodendrocyte,1402,Anno_L1_curated
S3_T1_1,Schwann cell,435,Anno_L1_curated
S3_T1_1,T cell,92,Anno_L1_curated
S3_T1_1,T_B_doublet,1,Anno_L1_curated
S3_T1_1,VSMC,121,Anno_L1_curated
S3_T1_2,Astrocyte,638,Anno_L1_curated
S3_T1_2,B cell,8,Anno_L1_curated
S3_T1_2,DC,29,Anno_L1_curated
S3_T1_2,Doublet,12,Anno_L1_curated
S3_T1_2,Endothelial,498,Anno_L1_curated
S3_T1_2,Ependymal cell,49,Anno_L1_curated
S3_T1_2,Epithelial,0,Anno_L1_curated
S3_T1_2,Fibroblast,966,Anno_L1_curated
S3_T1_2,Muscle cell,0,Anno_L1_curated
S3_T1_2,Myeloid,527,Anno_L1_curated
S3_T1_2,NK/DC,0,Anno_L1_curated
S3_T1_2,Neuron,1117,Anno_L1_curated
S3_T1_2,Neutrophil,0,Anno_L1_curated
S3_T1_2,OPC,227,Anno_L1_curated
S3_T1_2,Oligodendrocyte,1502,Anno_L1_curated
S3_T1_2,Schwann cell,263,Anno_L1_curated
S3_T1_2,T cell,50,Anno_L1_curated
S3_T1_2,T_B_doublet,0,Anno_L1_curated
S3_T1_2,VSMC,144,Anno_L1_curated
S3_T2_0,Astrocyte,891,Anno_L1_curated
S3_T2_0,B cell,75,Anno_L1_curated
S3_T2_0,DC,56,Anno_L1_curated
S3_T2_0,Doublet,9,Anno_L1_curated
S3_T2_0,Endothelial,709,Anno_L1_curated
S3_T2_0,Ependymal cell,57,Anno_L1_curated
S3_T2_0,Epithelial,0,Anno_L1_curated
S3_T2_0,Fibroblast,1418,Anno_L1_curated
S3_T2_0,Muscle cell,0,Anno_L1_curated
S3_T2_0,Myeloid,834,Anno_L1_curated
S3_T2_0,NK/DC,4,Anno_L1_curated
S3_T2_0,Neuron,1067,Anno_L1_curated
S3_T2_0,Neutrophil,1,Anno_L1_curated
S3_T2_0,OPC,169,Anno_L1_curated
S3_T2_0,Oligodendrocyte,1756,Anno_L1_curated
S3_T2_0,Schwann cell,505,Anno_L1_curated
S3_T2_0,T cell,121,Anno_L1_curated
S3_T2_0,T_B_doublet,1,Anno_L1_curated
S3_T2_0,VSMC,224,Anno_L1_curated
S3_T2_1,Astrocyte,734,Anno_L1_curated
S3_T2_1,B cell,21,Anno_L1_curated
S3_T2_1,DC,66,Anno_L1_curated
S3_T2_1,Doublet,8,Anno_L1_curated
S3_T2_1,Endothelial,501,Anno_L1_curated
S3_T2_1,Ependymal cell,44,Anno_L1_curated
S3_T2_1,Epithelial,2,Anno_L1_curated
S3_T2_1,Fibroblast,883,Anno_L1_curated
S3_T2_1,Muscle cell,0,Anno_L1_curated
S3_T2_1,Myeloid,593,Anno_L1_curated
S3_T2_1,NK/DC,6,Anno_L1_curated
S3_T2_1,Neuron,988,Anno_L1_curated
S3_T2_1,Neutrophil,0,Anno_L1_curated
S3_T2_1,OPC,253,Anno_L1_curated
S3_T2_1,Oligodendrocyte,1418,Anno_L1_curated
S3_T2_1,Schwann cell,156,Anno_L1_curated
S3_T2_1,T cell,84,Anno_L1_curated
S3_T2_1,T_B_doublet,0,Anno_L1_curated
S3_T2_1,VSMC,134,Anno_L1_curated
S3_T2_2,Astrocyte,1136,Anno_L1_curated
S3_T2_2,B cell,75,Anno_L1_curated
S3_T2_2,DC,177,Anno_L1_curated
S3_T2_2,Doublet,10,Anno_L1_curated
S3_T2_2,Endothelial,846,Anno_L1_curated
S3_T2_2,Ependymal cell,66,Anno_L1_curated
S3_T2_2,Epithelial,2,Anno_L1_curated
S3_T2_2,Fibroblast,632,Anno_L1_curated
S3_T2_2,Muscle cell,0,Anno_L1_curated
S3_T2_2,Myeloid,647,Anno_L1_curated
S3_T2_2,NK/DC,25,Anno_L1_curated
S3_T2_2,Neuron,2161,Anno_L1_curated
S3_T2_2,Neutrophil,0,Anno_L1_curated
S3_T2_2,OPC,327,Anno_L1_curated
S3_T2_2,Oligodendrocyte,2525,Anno_L1_curated
S3_T2_2,Schwann cell,55,Anno_L1_curated
S3_T2_2,T cell,184,Anno_L1_curated
S3_T2_2,T_B_doublet,7,Anno_L1_curated
S3_T2_2,VSMC,246,Anno_L1_curated
S3_T3_0,Astrocyte,440,Anno_L1_curated
S3_T3_0,B cell,4,Anno_L1_curated
S3_T3_0,DC,32,Anno_L1_curated
S3_T3_0,Doublet,19,Anno_L1_curated
S3_T3_0,Endothelial,396,Anno_L1_curated
S3_T3_0,Ependymal cell,37,Anno_L1_curated
S3_T3_0,Epithelial,4,Anno_L1_curated
S3_T3_0,Fibroblast,814,Anno_L1_curated
S3_T3_0,Muscle cell,0,Anno_L1_curated
S3_T3_0,Myeloid,193,Anno_L1_curated
S3_T3_0,NK/DC,0,Anno_L1_curated
S3_T3_0,Neuron,1342,Anno_L1_curated
S3_T3_0,Neutrophil,4,Anno_L1_curated
S3_T3_0,OPC,130,Anno_L1_curated
S3_T3_0,Oligodendrocyte,987,Anno_L1_curated
S3_T3_0,Schwann cell,559,Anno_L1_curated
S3_T3_0,T cell,2,Anno_L1_curated
S3_T3_0,T_B_doublet,0,Anno_L1_curated
S3_T3_0,VSMC,113,Anno_L1_curated
S3_T3_1,Astrocyte,1071,Anno_L1_curated
S3_T3_1,B cell,19,Anno_L1_curated
S3_T3_1,DC,41,Anno_L1_curated
S3_T3_1,Doublet,16,Anno_L1_curated
S3_T3_1,Endothelial,829,Anno_L1_curated
S3_T3_1,Ependymal cell,67,Anno_L1_curated
S3_T3_1,Epithelial,1,Anno_L1_curated
S3_T3_1,Fibroblast,739,Anno_L1_curated
S3_T3_1,Muscle cell,0,Anno_L1_curated
S3_T3_1,Myeloid,609,Anno_L1_curated
S3_T3_1,NK/DC,1,Anno_L1_curated
S3_T3_1,Neuron,2277,Anno_L1_curated
S3_T3_1,Neutrophil,0,Anno_L1_curated
S3_T3_1,OPC,270,Anno_L1_curated
S3_T3_1,Oligodendrocyte,2645,Anno_L1_curated
S3_T3_1,Schwann cell,397,Anno_L1_curated
S3_T3_1,T cell,69,Anno_L1_curated
S3_T3_1,T_B_doublet,3,Anno_L1_curated
S3_T3_1,VSMC,242,Anno_L1_curated
S3_T3_2,Astrocyte,819,Anno_L1_curated
S3_T3_2,B cell,2,Anno_L1_curated
S3_T3_2,DC,36,Anno_L1_curated
S3_T3_2,Doublet,23,Anno_L1_curated
S3_T3_2,Endothelial,575,Anno_L1_curated
S3_T3_2,Ependymal cell,48,Anno_L1_curated
S3_T3_2,Epithelial,5,Anno_L1_curated
S3_T3_2,Fibroblast,417,Anno_L1_curated
S3_T3_2,Muscle cell,0,Anno_L1_curated
S3_T3_2,Myeloid,274,Anno_L1_curated
S3_T3_2,NK/DC,2,Anno_L1_curated
S3_T3_2,Neuron,2579,Anno_L1_curated
S3_T3_2,Neutrophil,0,Anno_L1_curated
S3_T3_2,OPC,191,Anno_L1_curated
S3_T3_2,Oligodendrocyte,1811,Anno_L1_curated
S3_T3_2,Schwann cell,967,Anno_L1_curated
S3_T3_2,T cell,8,Anno_L1_curated
S3_T3_2,T_B_doublet,0,Anno_L1_curated
S3_T3_2,VSMC,186,Anno_L1_curated
S4_B1_0,Astrocyte,553,Anno_L1_curated
S4_B1_0,B cell,41,Anno_L1_curated
S4_B1_0,DC,785,Anno_L1_curated
S4_B1_0,Doublet,25,Anno_L1_curated
S4_B1_0,Endothelial,582,Anno_L1_curated
S4_B1_0,Ependymal cell,60,Anno_L1_curated
S4_B1_0,Epithelial,0,Anno_L1_curated
S4_B1_0,Fibroblast,558,Anno_L1_curated
S4_B1_0,Muscle cell,0,Anno_L1_curated
S4_B1_0,Myeloid,1552,Anno_L1_curated
S4_B1_0,NK/DC,95,Anno_L1_curated
S4_B1_0,Neuron,1057,Anno_L1_curated
S4_B1_0,Neutrophil,0,Anno_L1_curated
S4_B1_0,OPC,312,Anno_L1_curated
S4_B1_0,Oligodendrocyte,1067,Anno_L1_curated
S4_B1_0,Schwann cell,97,Anno_L1_curated
S4_B1_0,T cell,659,Anno_L1_curated
S4_B1_0,T_B_doublet,7,Anno_L1_curated
S4_B1_0,VSMC,81,Anno_L1_curated
S4_B1_1,Astrocyte,824,Anno_L1_curated
S4_B1_1,B cell,122,Anno_L1_curated
S4_B1_1,DC,190,Anno_L1_curated
S4_B1_1,Doublet,10,Anno_L1_curated
S4_B1_1,Endothelial,636,Anno_L1_curated
S4_B1_1,Ependymal cell,54,Anno_L1_curated
S4_B1_1,Epithelial,0,Anno_L1_curated
S4_B1_1,Fibroblast,1298,Anno_L1_curated
S4_B1_1,Muscle cell,0,Anno_L1_curated
S4_B1_1,Myeloid,950,Anno_L1_curated
S4_B1_1,NK/DC,29,Anno_L1_curated
S4_B1_1,Neuron,1225,Anno_L1_curated
S4_B1_1,Neutrophil,1,Anno_L1_curated
S4_B1_1,OPC,241,Anno_L1_curated
S4_B1_1,Oligodendrocyte,1426,Anno_L1_curated
S4_B1_1,Schwann cell,608,Anno_L1_curated
S4_B1_1,T cell,217,Anno_L1_curated
S4_B1_1,T_B_doublet,0,Anno_L1_curated
S4_B1_1,VSMC,115,Anno_L1_curated
S4_B1_2,Astrocyte,1009,Anno_L1_curated
S4_B1_2,B cell,32,Anno_L1_curated
S4_B1_2,DC,358,Anno_L1_curated
S4_B1_2,Doublet,17,Anno_L1_curated
S4_B1_2,Endothelial,821,Anno_L1_curated
S4_B1_2,Ependymal cell,65,Anno_L1_curated
S4_B1_2,Epithelial,2,Anno_L1_curated
S4_B1_2,Fibroblast,696,Anno_L1_curated
S4_B1_2,Muscle cell,0,Anno_L1_curated
S4_B1_2,Myeloid,913,Anno_L1_curated
S4_B1_2,NK/DC,37,Anno_L1_curated
S4_B1_2,Neuron,1970,Anno_L1_curated
S4_B1_2,Neutrophil,0,Anno_L1_curated
S4_B1_2,OPC,416,Anno_L1_curated
S4_B1_2,Oligodendrocyte,2233,Anno_L1_curated
S4_B1_2,Schwann cell,107,Anno_L1_curated
S4_B1_2,T cell,401,Anno_L1_curated
S4_B1_2,T_B_doublet,5,Anno_L1_curated
S4_B1_2,VSMC,210,Anno_L1_curated
S4_B2_0,Astrocyte,1350,Anno_L1_curated
S4_B2_0,B cell,77,Anno_L1_curated
S4_B2_0,DC,278,Anno_L1_curated
S4_B2_0,Doublet,23,Anno_L1_curated
S4_B2_0,Endothelial,1036,Anno_L1_curated
S4_B2_0,Ependymal cell,76,Anno_L1_curated
S4_B2_0,Epithelial,0,Anno_L1_curated
S4_B2_0,Fibroblast,1372,Anno_L1_curated
S4_B2_0,Muscle cell,0,Anno_L1_curated
S4_B2_0,Myeloid,1697,Anno_L1_curated
S4_B2_0,NK/DC,30,Anno_L1_curated
S4_B2_0,Neuron,2424,Anno_L1_curated
S4_B2_0,Neutrophil,0,Anno_L1_curated
S4_B2_0,OPC,355,Anno_L1_curated
S4_B2_0,Oligodendrocyte,2756,Anno_L1_curated
S4_B2_0,Schwann cell,308,Anno_L1_curated
S4_B2_0,T cell,351,Anno_L1_curated
S4_B2_0,T_B_doublet,0,Anno_L1_curated
S4_B2_0,VSMC,242,Anno_L1_curated
S4_B2_1,Astrocyte,722,Anno_L1_curated
S4_B2_1,B cell,49,Anno_L1_curated
S4_B2_1,DC,558,Anno_L1_curated
S4_B2_1,Doublet,40,Anno_L1_curated
S4_B2_1,Endothelial,571,Anno_L1_curated
S4_B2_1,Ependymal cell,59,Anno_L1_curated
S4_B2_1,Epithelial,0,Anno_L1_curated
S4_B2_1,Fibroblast,1249,Anno_L1_curated
S4_B2_1,Muscle cell,0,Anno_L1_curated
S4_B2_1,Myeloid,1479,Anno_L1_curated
S4_B2_1,NK/DC,48,Anno_L1_curated
S4_B2_1,Neuron,1456,Anno_L1_curated
S4_B2_1,Neutrophil,1,Anno_L1_curated
S4_B2_1,OPC,498,Anno_L1_curated
S4_B2_1,Oligodendrocyte,1398,Anno_L1_curated
S4_B2_1,Schwann cell,584,Anno_L1_curated
S4_B2_1,T cell,429,Anno_L1_curated
S4_B2_1,T_B_doublet,2,Anno_L1_curated
S4_B2_1,VSMC,192,Anno_L1_curated
S4_B2_2,Astrocyte,748,Anno_L1_curated
S4_B2_2,B cell,164,Anno_L1_curated
S4_B2_2,DC,1039,Anno_L1_curated
S4_B2_2,Doublet,24,Anno_L1_curated
S4_B2_2,Endothelial,634,Anno_L1_curated
S4_B2_2,Ependymal cell,51,Anno_L1_curated
S4_B2_2,Epithelial,0,Anno_L1_curated
S4_B2_2,Fibroblast,498,Anno_L1_curated
S4_B2_2,Muscle cell,0,Anno_L1_curated
S4_B2_2,Myeloid,1769,Anno_L1_curated
S4_B2_2,NK/DC,144,Anno_L1_curated
S4_B2_2,Neuron,1095,Anno_L1_curated
S4_B2_2,Neutrophil,2,Anno_L1_curated
S4_B2_2,OPC,350,Anno_L1_curated
S4_B2_2,Oligodendrocyte,1380,Anno_L1_curated
S4_B2_2,Schwann cell,147,Anno_L1_curated
S4_B2_2,T cell,852,Anno_L1_curated
S4_B2_2,T_B_doublet,27,Anno_L1_curated
S4_B2_2,VSMC,116,Anno_L1_curated
S4_B3_0,Astrocyte,950,Anno_L1_curated
S4_B3_0,B cell,275,Anno_L1_curated
S4_B3_0,DC,1264,Anno_L1_curated
S4_B3_0,Doublet,32,Anno_L1_curated
S4_B3_0,Endothelial,914,Anno_L1_curated
S4_B3_0,Ependymal cell,58,Anno_L1_curated
S4_B3_0,Epithelial,0,Anno_L1_curated
S4_B3_0,Fibroblast,1385,Anno_L1_curated
S4_B3_0,Muscle cell,0,Anno_L1_curated
S4_B3_0,Myeloid,3451,Anno_L1_curated
S4_B3_0,NK/DC,108,Anno_L1_curated
S4_B3_0,Neuron,1266,Anno_L1_curated
S4_B3_0,Neutrophil,2,Anno_L1_curated
S4_B3_0,OPC,441,Anno_L1_curated
S4_B3_0,Oligodendrocyte,1619,Anno_L1_curated
S4_B3_0,Schwann cell,470,Anno_L1_curated
S4_B3_0,T cell,702,Anno_L1_curated
S4_B3_0,T_B_doublet,33,Anno_L1_curated
S4_B3_0,VSMC,202,Anno_L1_curated
S4_B3_1,Astrocyte,927,Anno_L1_curated
S4_B3_1,B cell,30,Anno_L1_curated
S4_B3_1,DC,697,Anno_L1_curated
S4_B3_1,Doublet,14,Anno_L1_curated
S4_B3_1,Endothelial,790,Anno_L1_curated
S4_B3_1,Ependymal cell,30,Anno_L1_curated
S4_B3_1,Epithelial,0,Anno_L1_curated
S4_B3_1,Fibroblast,706,Anno_L1_curated
S4_B3_1,Muscle cell,0,Anno_L1_curated
S4_B3_1,Myeloid,1546,Anno_L1_curated
S4_B3_1,NK/DC,98,Anno_L1_curated
S4_B3_1,Neuron,1682,Anno_L1_curated
S4_B3_1,Neutrophil,1,Anno_L1_curated
S4_B3_1,OPC,350,Anno_L1_curated
S4_B3_1,Oligodendrocyte,2319,Anno_L1_curated
S4_B3_1,Schwann cell,228,Anno_L1_curated
S4_B3_1,T cell,755,Anno_L1_curated
S4_B3_1,T_B_doublet,1,Anno_L1_curated
S4_B3_1,VSMC,212,Anno_L1_curated
S4_B3_2,Astrocyte,718,Anno_L1_curated
S4_B3_2,B cell,269,Anno_L1_curated
S4_B3_2,DC,757,Anno_L1_curated
S4_B3_2,Doublet,25,Anno_L1_curated
S4_B3_2,Endothelial,645,Anno_L1_curated
S4_B3_2,Ependymal cell,40,Anno_L1_curated
S4_B3_2,Epithelial,0,Anno_L1_curated
S4_B3_2,Fibroblast,1595,Anno_L1_curated
S4_B3_2,Muscle cell,0,Anno_L1_curated
S4_B3_2,Myeloid,2318,Anno_L1_curated
S4_B3_2,NK/DC,101,Anno_L1_curated
S4_B3_2,Neuron,777,Anno_L1_curated
S4_B3_2,Neutrophil,1,Anno_L1_curated
S4_B3_2,OPC,265,Anno_L1_curated
S4_B3_2,Oligodendrocyte,1242,Anno_L1_curated
S4_B3_2,Schwann cell,341,Anno_L1_curated
S4_B3_2,T cell,673,Anno_L1_curated
S4_B3_2,T_B_doublet,50,Anno_L1_curated
S4_B3_2,VSMC,75,Anno_L1_curated
S4_T1_0,Astrocyte,615,Anno_L1_curated
S4_T1_0,B cell,26,Anno_L1_curated
S4_T1_0,DC,501,Anno_L1_curated
S4_T1_0,Doublet,114,Anno_L1_curated
S4_T1_0,Endothelial,417,Anno_L1_curated
S4_T1_0,Ependymal cell,43,Anno_L1_curated
S4_T1_0,Epithelial,2,Anno_L1_curated
S4_T1_0,Fibroblast,936,Anno_L1_curated
S4_T1_0,Muscle cell,0,Anno_L1_curated
S4_T1_0,Myeloid,2477,Anno_L1_curated
S4_T1_0,NK/DC,10,Anno_L1_curated
S4_T1_0,Neuron,778,Anno_L1_curated
S4_T1_0,Neutrophil,0,Anno_L1_curated
S4_T1_0,OPC,409,Anno_L1_curated
S4_T1_0,Oligodendrocyte,1045,Anno_L1_curated
S4_T1_0,Schwann cell,634,Anno_L1_curated
S4_T1_0,T cell,227,Anno_L1_curated
S4_T1_0,T_B_doublet,1,Anno_L1_curated
S4_T1_0,VSMC,88,Anno_L1_curated
S4_T1_1,Astrocyte,633,Anno_L1_curated
S4_T1_1,B cell,2,Anno_L1_curated
S4_T1_1,DC,107,Anno_L1_curated
S4_T1_1,Doublet,23,Anno_L1_curated
S4_T1_1,Endothelial,459,Anno_L1_curated
S4_T1_1,Ependymal cell,40,Anno_L1_curated
S4_T1_1,Epithelial,1,Anno_L1_curated
S4_T1_1,Fibroblast,497,Anno_L1_curated
S4_T1_1,Muscle cell,0,Anno_L1_curated
S4_T1_1,Myeloid,416,Anno_L1_curated
S4_T1_1,NK/DC,6,Anno_L1_curated
S4_T1_1,Neuron,1149,Anno_L1_curated
S4_T1_1,Neutrophil,5,Anno_L1_curated
S4_T1_1,OPC,187,Anno_L1_curated
S4_T1_1,Oligodendrocyte,1394,Anno_L1_curated
S4_T1_1,Schwann cell,288,Anno_L1_curated
S4_T1_1,T cell,64,Anno_L1_curated
S4_T1_1,T_B_doublet,0,Anno_L1_curated
S4_T1_1,VSMC,199,Anno_L1_curated
S4_T1_2,Astrocyte,974,Anno_L1_curated
S4_T1_2,B cell,3,Anno_L1_curated
S4_T1_2,DC,37,Anno_L1_curated
S4_T1_2,Doublet,15,Anno_L1_curated
S4_T1_2,Endothelial,784,Anno_L1_curated
S4_T1_2,Ependymal cell,62,Anno_L1_curated
S4_T1_2,Epithelial,2,Anno_L1_curated
S4_T1_2,Fibroblast,473,Anno_L1_curated
S4_T1_2,Muscle cell,0,Anno_L1_curated
S4_T1_2,Myeloid,323,Anno_L1_curated
S4_T1_2,NK/DC,0,Anno_L1_curated
S4_T1_2,Neuron,1824,Anno_L1_curated
S4_T1_2,Neutrophil,1,Anno_L1_curated
S4_T1_2,OPC,263,Anno_L1_curated
S4_T1_2,Oligodendrocyte,2527,Anno_L1_curated
S4_T1_2,Schwann cell,258,Anno_L1_curated
S4_T1_2,T cell,16,Anno_L1_curated
S4_T1_2,T_B_doublet,0,Anno_L1_curated
S4_T1_2,VSMC,311,Anno_L1_curated
S4_T2_0,Astrocyte,1045,Anno_L1_curated
S4_T2_0,B cell,164,Anno_L1_curated
S4_T2_0,DC,426,Anno_L1_curated
S4_T2_0,Doublet,19,Anno_L1_curated
S4_T2_0,Endothelial,854,Anno_L1_curated
S4_T2_0,Ependymal cell,77,Anno_L1_curated
S4_T2_0,Epithelial,1,Anno_L1_curated
S4_T2_0,Fibroblast,947,Anno_L1_curated
S4_T2_0,Muscle cell,0,Anno_L1_curated
S4_T2_0,Myeloid,1133,Anno_L1_curated
S4_T2_0,NK/DC,14,Anno_L1_curated
S4_T2_0,Neuron,1974,Anno_L1_curated
S4_T2_0,Neutrophil,5,Anno_L1_curated
S4_T2_0,OPC,412,Anno_L1_curated
S4_T2_0,Oligodendrocyte,2282,Anno_L1_curated
S4_T2_0,Schwann cell,429,Anno_L1_curated
S4_T2_0,T cell,235,Anno_L1_curated
S4_T2_0,T_B_doublet,18,Anno_L1_curated
S4_T2_0,VSMC,209,Anno_L1_curated
S4_T2_1,Astrocyte,578,Anno_L1_curated
S4_T2_1,B cell,1,Anno_L1_curated
S4_T2_1,DC,50,Anno_L1_curated
S4_T2_1,Doublet,16,Anno_L1_curated
S4_T2_1,Endothelial,388,Anno_L1_curated
S4_T2_1,Ependymal cell,45,Anno_L1_curated
S4_T2_1,Epithelial,5,Anno_L1_curated
S4_T2_1,Fibroblast,265,Anno_L1_curated
S4_T2_1,Muscle cell,0,Anno_L1_curated
S4_T2_1,Myeloid,193,Anno_L1_curated
S4_T2_1,NK/DC,0,Anno_L1_curated
S4_T2_1,Neuron,1125,Anno_L1_curated
S4_T2_1,Neutrophil,1,Anno_L1_curated
S4_T2_1,OPC,150,Anno_L1_curated
S4_T2_1,Oligodendrocyte,1227,Anno_L1_curated
S4_T2_1,Schwann cell,71,Anno_L1_curated
S4_T2_1,T cell,9,Anno_L1_curated
S4_T2_1,T_B_doublet,0,Anno_L1_curated
S4_T2_1,VSMC,153,Anno_L1_curated
S4_T2_2,Astrocyte,648,Anno_L1_curated
S4_T2_2,B cell,10,Anno_L1_curated
S4_T2_2,DC,670,Anno_L1_curated
S4_T2_2,Doublet,117,Anno_L1_curated
S4_T2_2,Endothelial,429,Anno_L1_curated
S4_T2_2,Ependymal cell,34,Anno_L1_curated
S4_T2_2,Epithelial,2,Anno_L1_curated
S4_T2_2,Fibroblast,238,Anno_L1_curated
S4_T2_2,Muscle cell,0,Anno_L1_curated
S4_T2_2,Myeloid,3056,Anno_L1_curated
S4_T2_2,NK/DC,18,Anno_L1_curated
S4_T2_2,Neuron,779,Anno_L1_curated
S4_T2_2,Neutrophil,0,Anno_L1_curated
S4_T2_2,OPC,312,Anno_L1_curated
S4_T2_2,Oligodendrocyte,1196,Anno_L1_curated
S4_T2_2,Schwann cell,632,Anno_L1_curated
S4_T2_2,T cell,349,Anno_L1_curated
S4_T2_2,T_B_doublet,0,Anno_L1_curated
S4_T2_2,VSMC,89,Anno_L1_curated
S4_T3_0,Astrocyte,628,Anno_L1_curated
S4_T3_0,B cell,56,Anno_L1_curated
S4_T3_0,DC,284,Anno_L1_curated
S4_T3_0,Doublet,11,Anno_L1_curated
S4_T3_0,Endothelial,526,Anno_L1_curated
S4_T3_0,Ependymal cell,46,Anno_L1_curated
S4_T3_0,Epithelial,3,Anno_L1_curated
S4_T3_0,Fibroblast,838,Anno_L1_curated
S4_T3_0,Muscle cell,0,Anno_L1_curated
S4_T3_0,Myeloid,941,Anno_L1_curated
S4_T3_0,NK/DC,13,Anno_L1_curated
S4_T3_0,Neuron,1049,Anno_L1_curated
S4_T3_0,Neutrophil,1,Anno_L1_curated
S4_T3_0,OPC,295,Anno_L1_curated
S4_T3_0,Oligodendrocyte,1189,Anno_L1_curated
S4_T3_0,Schwann cell,293,Anno_L1_curated
S4_T3_0,T cell,171,Anno_L1_curated
S4_T3_0,T_B_doublet,0,Anno_L1_curated
S4_T3_0,VSMC,83,Anno_L1_curated
S4_T3_1,Astrocyte,910,Anno_L1_curated
S4_T3_1,B cell,103,Anno_L1_curated
S4_T3_1,DC,505,Anno_L1_curated
S4_T3_1,Doublet,77,Anno_L1_curated
S4_T3_1,Endothelial,676,Anno_L1_curated
S4_T3_1,Ependymal cell,52,Anno_L1_curated
S4_T3_1,Epithelial,4,Anno_L1_curated
S4_T3_1,Fibroblast,1163,Anno_L1_curated
S4_T3_1,Muscle cell,0,Anno_L1_curated
S4_T3_1,Myeloid,1839,Anno_L1_curated
S4_T3_1,NK/DC,29,Anno_L1_curated
S4_T3_1,Neuron,1465,Anno_L1_curated
S4_T3_1,Neutrophil,0,Anno_L1_curated
S4_T3_1,OPC,569,Anno_L1_curated
S4_T3_1,Oligodendrocyte,2000,Anno_L1_curated
S4_T3_1,Schwann cell,353,Anno_L1_curated
S4_T3_1,T cell,316,Anno_L1_curated
S4_T3_1,T_B_doublet,4,Anno_L1_curated
S4_T3_1,VSMC,171,Anno_L1_curated
S4_T3_2,Astrocyte,617,Anno_L1_curated
S4_T3_2,B cell,44,Anno_L1_curated
S4_T3_2,DC,267,Anno_L1_curated
S4_T3_2,Doublet,14,Anno_L1_curated
S4_T3_2,Endothelial,483,Anno_L1_curated
S4_T3_2,Ependymal cell,61,Anno_L1_curated
S4_T3_2,Epithelial,0,Anno_L1_curated
S4_T3_2,Fibroblast,689,Anno_L1_curated
S4_T3_2,Muscle cell,8,Anno_L1_curated
S4_T3_2,Myeloid,784,Anno_L1_curated
S4_T3_2,NK/DC,9,Anno_L1_curated
S4_T3_2,Neuron,939,Anno_L1_curated
S4_T3_2,Neutrophil,0,Anno_L1_curated
S4_T3_2,OPC,352,Anno_L1_curated
S4_T3_2,Oligodendrocyte,1231,Anno_L1_curated
S4_T3_2,Schwann cell,167,Anno_L1_curated
S4_T3_2,T cell,134,Anno_L1_curated
S4_T3_2,T_B_doublet,1,Anno_L1_curated
S4_T3_2,VSMC,113,Anno_L1_curated
S5_B1_0,Astrocyte,1038,Anno_L1_curated
S5_B1_0,B cell,534,Anno_L1_curated
S5_B1_0,DC,533,Anno_L1_curated
S5_B1_0,Doublet,23,Anno_L1_curated
S5_B1_0,Endothelial,898,Anno_L1_curated
S5_B1_0,Ependymal cell,61,Anno_L1_curated
S5_B1_0,Epithelial,1,Anno_L1_curated
S5_B1_0,Fibroblast,1225,Anno_L1_curated
S5_B1_0,Muscle cell,0,Anno_L1_curated
S5_B1_0,Myeloid,1708,Anno_L1_curated
S5_B1_0,NK/DC,70,Anno_L1_curated
S5_B1_0,Neuron,1974,Anno_L1_curated
S5_B1_0,Neutrophil,8,Anno_L1_curated
S5_B1_0,OPC,417,Anno_L1_curated
S5_B1_0,Oligodendrocyte,1938,Anno_L1_curated
S5_B1_0,Schwann cell,837,Anno_L1_curated
S5_B1_0,T cell,487,Anno_L1_curated
S5_B1_0,T_B_doublet,70,Anno_L1_curated
S5_B1_0,VSMC,215,Anno_L1_curated
S5_B1_1,Astrocyte,1088,Anno_L1_curated
S5_B1_1,B cell,338,Anno_L1_curated
S5_B1_1,DC,648,Anno_L1_curated
S5_B1_1,Doublet,18,Anno_L1_curated
S5_B1_1,Endothelial,1248,Anno_L1_curated
S5_B1_1,Ependymal cell,66,Anno_L1_curated
S5_B1_1,Epithelial,0,Anno_L1_curated
S5_B1_1,Fibroblast,1569,Anno_L1_curated
S5_B1_1,Muscle cell,0,Anno_L1_curated
S5_B1_1,Myeloid,2359,Anno_L1_curated
S5_B1_1,NK/DC,246,Anno_L1_curated
S5_B1_1,Neuron,1554,Anno_L1_curated
S5_B1_1,Neutrophil,3,Anno_L1_curated
S5_B1_1,OPC,337,Anno_L1_curated
S5_B1_1,Oligodendrocyte,2655,Anno_L1_curated
S5_B1_1,Schwann cell,136,Anno_L1_curated
S5_B1_1,T cell,1274,Anno_L1_curated
S5_B1_1,T_B_doublet,89,Anno_L1_curated
S5_B1_1,VSMC,205,Anno_L1_curated
S5_B1_2,Astrocyte,684,Anno_L1_curated
S5_B1_2,B cell,129,Anno_L1_curated
S5_B1_2,DC,92,Anno_L1_curated
S5_B1_2,Doublet,9,Anno_L1_curated
S5_B1_2,Endothelial,521,Anno_L1_curated
S5_B1_2,Ependymal cell,42,Anno_L1_curated
S5_B1_2,Epithelial,0,Anno_L1_curated
S5_B1_2,Fibroblast,1211,Anno_L1_curated
S5_B1_2,Muscle cell,0,Anno_L1_curated
S5_B1_2,Myeloid,1175,Anno_L1_curated
S5_B1_2,NK/DC,12,Anno_L1_curated
S5_B1_2,Neuron,940,Anno_L1_curated
S5_B1_2,Neutrophil,7,Anno_L1_curated
S5_B1_2,OPC,272,Anno_L1_curated
S5_B1_2,Oligodendrocyte,1210,Anno_L1_curated
S5_B1_2,Schwann cell,229,Anno_L1_curated
S5_B1_2,T cell,124,Anno_L1_curated
S5_B1_2,T_B_doublet,10,Anno_L1_curated
S5_B1_2,VSMC,104,Anno_L1_curated
S5_B2_0,Astrocyte,1655,Anno_L1_curated
S5_B2_0,B cell,62,Anno_L1_curated
S5_B2_0,DC,173,Anno_L1_curated
S5_B2_0,Doublet,13,Anno_L1_curated
S5_B2_0,Endothelial,1445,Anno_L1_curated
S5_B2_0,Ependymal cell,71,Anno_L1_curated
S5_B2_0,Epithelial,0,Anno_L1_curated
S5_B2_0,Fibroblast,2047,Anno_L1_curated
S5_B2_0,Muscle cell,0,Anno_L1_curated
S5_B2_0,Myeloid,2296,Anno_L1_curated
S5_B2_0,NK/DC,15,Anno_L1_curated
S5_B2_0,Neuron,2924,Anno_L1_curated
S5_B2_0,Neutrophil,5,Anno_L1_curated
S5_B2_0,OPC,565,Anno_L1_curated
S5_B2_0,Oligodendrocyte,3604,Anno_L1_curated
S5_B2_0,Schwann cell,136,Anno_L1_curated
S5_B2_0,T cell,278,Anno_L1_curated
S5_B2_0,T_B_doublet,1,Anno_L1_curated
S5_B2_0,VSMC,287,Anno_L1_curated
S5_B2_1,Astrocyte,741,Anno_L1_curated
S5_B2_1,B cell,95,Anno_L1_curated
S5_B2_1,DC,481,Anno_L1_curated
S5_B2_1,Doublet,35,Anno_L1_curated
S5_B2_1,Endothelial,650,Anno_L1_curated
S5_B2_1,Ependymal cell,44,Anno_L1_curated
S5_B2_1,Epithelial,0,Anno_L1_curated
S5_B2_1,Fibroblast,1512,Anno_L1_curated
S5_B2_1,Muscle cell,0,Anno_L1_curated
S5_B2_1,Myeloid,1398,Anno_L1_curated
S5_B2_1,NK/DC,46,Anno_L1_curated
S5_B2_1,Neuron,1045,Anno_L1_curated
S5_B2_1,Neutrophil,0,Anno_L1_curated
S5_B2_1,OPC,436,Anno_L1_curated
S5_B2_1,Oligodendrocyte,1466,Anno_L1_curated
S5_B2_1,Schwann cell,431,Anno_L1_curated
S5_B2_1,T cell,364,Anno_L1_curated
S5_B2_1,T_B_doublet,5,Anno_L1_curated
S5_B2_1,VSMC,132,Anno_L1_curated
S5_B2_2,Astrocyte,987,Anno_L1_curated
S5_B2_2,B cell,261,Anno_L1_curated
S5_B2_2,DC,1138,Anno_L1_curated
S5_B2_2,Doublet,66,Anno_L1_curated
S5_B2_2,Endothelial,1051,Anno_L1_curated
S5_B2_2,Ependymal cell,75,Anno_L1_curated
S5_B2_2,Epithelial,0,Anno_L1_curated
S5_B2_2,Fibroblast,1971,Anno_L1_curated
S5_B2_2,Muscle cell,0,Anno_L1_curated
S5_B2_2,Myeloid,6269,Anno_L1_curated
S5_B2_2,NK/DC,188,Anno_L1_curated
S5_B2_2,Neuron,1235,Anno_L1_curated
S5_B2_2,Neutrophil,6,Anno_L1_curated
S5_B2_2,OPC,289,Anno_L1_curated
S5_B2_2,Oligodendrocyte,1973,Anno_L1_curated
S5_B2_2,Schwann cell,836,Anno_L1_curated
S5_B2_2,T cell,1175,Anno_L1_curated
S5_B2_2,T_B_doublet,9,Anno_L1_curated
S5_B2_2,VSMC,190,Anno_L1_curated
S5_B3_0,Astrocyte,997,Anno_L1_curated
S5_B3_0,B cell,90,Anno_L1_curated
S5_B3_0,DC,1144,Anno_L1_curated
S5_B3_0,Doublet,76,Anno_L1_curated
S5_B3_0,Endothelial,882,Anno_L1_curated
S5_B3_0,Ependymal cell,72,Anno_L1_curated
S5_B3_0,Epithelial,1,Anno_L1_curated
S5_B3_0,Fibroblast,2075,Anno_L1_curated
S5_B3_0,Muscle cell,0,Anno_L1_curated
S5_B3_0,Myeloid,4588,Anno_L1_curated
S5_B3_0,NK/DC,187,Anno_L1_curated
S5_B3_0,Neuron,1264,Anno_L1_curated
S5_B3_0,Neutrophil,8,Anno_L1_curated
S5_B3_0,OPC,274,Anno_L1_curated
S5_B3_0,Oligodendrocyte,1616,Anno_L1_curated
S5_B3_0,Schwann cell,729,Anno_L1_curated
S5_B3_0,T cell,1088,Anno_L1_curated
S5_B3_0,T_B_doublet,4,Anno_L1_curated
S5_B3_0,VSMC,136,Anno_L1_curated
S5_B3_1,Astrocyte,981,Anno_L1_curated
S5_B3_1,B cell,37,Anno_L1_curated
S5_B3_1,DC,67,Anno_L1_curated
S5_B3_1,Doublet,10,Anno_L1_curated
S5_B3_1,Endothelial,757,Anno_L1_curated
S5_B3_1,Ependymal cell,73,Anno_L1_curated
S5_B3_1,Epithelial,0,Anno_L1_curated
S5_B3_1,Fibroblast,678,Anno_L1_curated
S5_B3_1,Muscle cell,0,Anno_L1_curated
S5_B3_1,Myeloid,861,Anno_L1_curated
S5_B3_1,NK/DC,19,Anno_L1_curated
S5_B3_1,Neuron,1528,Anno_L1_curated
S5_B3_1,Neutrophil,4,Anno_L1_curated
S5_B3_1,OPC,238,Anno_L1_curated
S5_B3_1,Oligodendrocyte,2025,Anno_L1_curated
S5_B3_1,Schwann cell,847,Anno_L1_curated
S5_B3_1,T cell,145,Anno_L1_curated
S5_B3_1,T_B_doublet,1,Anno_L1_curated
S5_B3_1,VSMC,237,Anno_L1_curated
S5_B3_2,Astrocyte,1123,Anno_L1_curated
S5_B3_2,B cell,182,Anno_L1_curated
S5_B3_2,DC,278,Anno_L1_curated
S5_B3_2,Doublet,22,Anno_L1_curated
S5_B3_2,Endothelial,1255,Anno_L1_curated
S5_B3_2,Ependymal cell,71,Anno_L1_curated
S5_B3_2,Epithelial,2,Anno_L1_curated
S5_B3_2,Fibroblast,951,Anno_L1_curated
S5_B3_2,Muscle cell,0,Anno_L1_curated
S5_B3_2,Myeloid,1305,Anno_L1_curated
S5_B3_2,NK/DC,37,Anno_L1_curated
S5_B3_2,Neuron,2032,Anno_L1_curated
S5_B3_2,Neutrophil,4,Anno_L1_curated
S5_B3_2,OPC,540,Anno_L1_curated
S5_B3_2,Oligodendrocyte,2707,Anno_L1_curated
S5_B3_2,Schwann cell,534,Anno_L1_curated
S5_B3_2,T cell,236,Anno_L1_curated
S5_B3_2,T_B_doublet,16,Anno_L1_curated
S5_B3_2,VSMC,274,Anno_L1_curated
S5_T1_0,Astrocyte,759,Anno_L1_curated
S5_T1_0,B cell,113,Anno_L1_curated
S5_T1_0,DC,60,Anno_L1_curated
S5_T1_0,Doublet,9,Anno_L1_curated
S5_T1_0,Endothelial,636,Anno_L1_curated
S5_T1_0,Ependymal cell,61,Anno_L1_curated
S5_T1_0,Epithelial,0,Anno_L1_curated
S5_T1_0,Fibroblast,941,Anno_L1_curated
S5_T1_0,Muscle cell,0,Anno_L1_curated
S5_T1_0,Myeloid,964,Anno_L1_curated
S5_T1_0,NK/DC,9,Anno_L1_curated
S5_T1_0,Neuron,1245,Anno_L1_curated
S5_T1_0,Neutrophil,0,Anno_L1_curated
S5_T1_0,OPC,209,Anno_L1_curated
S5_T1_0,Oligodendrocyte,1563,Anno_L1_curated
S5_T1_0,Schwann cell,379,Anno_L1_curated
S5_T1_0,T cell,115,Anno_L1_curated
S5_T1_0,T_B_doublet,15,Anno_L1_curated
S5_T1_0,VSMC,160,Anno_L1_curated
S5_T1_1,Astrocyte,741,Anno_L1_curated
S5_T1_1,B cell,36,Anno_L1_curated
S5_T1_1,DC,683,Anno_L1_curated
S5_T1_1,Doublet,50,Anno_L1_curated
S5_T1_1,Endothelial,783,Anno_L1_curated
S5_T1_1,Ependymal cell,63,Anno_L1_curated
S5_T1_1,Epithelial,0,Anno_L1_curated
S5_T1_1,Fibroblast,850,Anno_L1_curated
S5_T1_1,Muscle cell,0,Anno_L1_curated
S5_T1_1,Myeloid,4492,Anno_L1_curated
S5_T1_1,NK/DC,62,Anno_L1_curated
S5_T1_1,Neuron,1222,Anno_L1_curated
S5_T1_1,Neutrophil,8,Anno_L1_curated
S5_T1_1,OPC,182,Anno_L1_curated
S5_T1_1,Oligodendrocyte,1865,Anno_L1_curated
S5_T1_1,Schwann cell,807,Anno_L1_curated
S5_T1_1,T cell,555,Anno_L1_curated
S5_T1_1,T_B_doublet,4,Anno_L1_curated
S5_T1_1,VSMC,171,Anno_L1_curated
S5_T1_2,Astrocyte,856,Anno_L1_curated
S5_T1_2,B cell,3,Anno_L1_curated
S5_T1_2,DC,916,Anno_L1_curated
S5_T1_2,Doublet,31,Anno_L1_curated
S5_T1_2,Endothelial,929,Anno_L1_curated
S5_T1_2,Ependymal cell,54,Anno_L1_curated
S5_T1_2,Epithelial,1,Anno_L1_curated
S5_T1_2,Fibroblast,1280,Anno_L1_curated
S5_T1_2,Muscle cell,0,Anno_L1_curated
S5_T1_2,Myeloid,7000,Anno_L1_curated
S5_T1_2,NK/DC,38,Anno_L1_curated
S5_T1_2,Neuron,1910,Anno_L1_curated
S5_T1_2,Neutrophil,5,Anno_L1_curated
S5_T1_2,OPC,252,Anno_L1_curated
S5_T1_2,Oligodendrocyte,2407,Anno_L1_curated
S5_T1_2,Schwann cell,217,Anno_L1_curated
S5_T1_2,T cell,708,Anno_L1_curated
S5_T1_2,T_B_doublet,1,Anno_L1_curated
S5_T1_2,VSMC,202,Anno_L1_curated
S5_T2_0,Astrocyte,1457,Anno_L1_curated
S5_T2_0,B cell,154,Anno_L1_curated
S5_T2_0,DC,146,Anno_L1_curated
S5_T2_0,Doublet,13,Anno_L1_curated
S5_T2_0,Endothelial,881,Anno_L1_curated
S5_T2_0,Ependymal cell,76,Anno_L1_curated
S5_T2_0,Epithelial,1,Anno_L1_curated
S5_T2_0,Fibroblast,1464,Anno_L1_curated
S5_T2_0,Muscle cell,0,Anno_L1_curated
S5_T2_0,Myeloid,1415,Anno_L1_curated
S5_T2_0,NK/DC,17,Anno_L1_curated
S5_T2_0,Neuron,2153,Anno_L1_curated
S5_T2_0,Neutrophil,0,Anno_L1_curated
S5_T2_0,OPC,309,Anno_L1_curated
S5_T2_0,Oligodendrocyte,2889,Anno_L1_curated
S5_T2_0,Schwann cell,286,Anno_L1_curated
S5_T2_0,T cell,252,Anno_L1_curated
S5_T2_0,T_B_doublet,1,Anno_L1_curated
S5_T2_0,VSMC,247,Anno_L1_curated
S5_T2_1,Astrocyte,491,Anno_L1_curated
S5_T2_1,B cell,29,Anno_L1_curated
S5_T2_1,DC,292,Anno_L1_curated
S5_T2_1,Doublet,29,Anno_L1_curated
S5_T2_1,Endothelial,469,Anno_L1_curated
S5_T2_1,Ependymal cell,39,Anno_L1_curated
S5_T2_1,Epithelial,0,Anno_L1_curated
S5_T2_1,Fibroblast,794,Anno_L1_curated
S5_T2_1,Muscle cell,0,Anno_L1_curated
S5_T2_1,Myeloid,2106,Anno_L1_curated
S5_T2_1,NK/DC,46,Anno_L1_curated
S5_T2_1,Neuron,749,Anno_L1_curated
S5_T2_1,Neutrophil,5,Anno_L1_curated
S5_T2_1,OPC,136,Anno_L1_curated
S5_T2_1,Oligodendrocyte,973,Anno_L1_curated
S5_T2_1,Schwann cell,245,Anno_L1_curated
S5_T2_1,T cell,413,Anno_L1_curated
S5_T2_1,T_B_doublet,5,Anno_L1_curated
S5_T2_1,VSMC,102,Anno_L1_curated
S5_T2_2,Astrocyte,743,Anno_L1_curated
S5_T2_2,B cell,83,Anno_L1_curated
S5_T2_2,DC,59,Anno_L1_curated
S5_T2_2,Doublet,11,Anno_L1_curated
S5_T2_2,Endothelial,610,Anno_L1_curated
S5_T2_2,Ependymal cell,92,Anno_L1_curated
S5_T2_2,Epithelial,2,Anno_L1_curated
S5_T2_2,Fibroblast,540,Anno_L1_curated
S5_T2_2,Muscle cell,0,Anno_L1_curated
S5_T2_2,Myeloid,707,Anno_L1_curated
S5_T2_2,NK/DC,5,Anno_L1_curated
S5_T2_2,Neuron,1416,Anno_L1_curated
S5_T2_2,Neutrophil,4,Anno_L1_curated
S5_T2_2,OPC,122,Anno_L1_curated
S5_T2_2,Oligodendrocyte,1106,Anno_L1_curated
S5_T2_2,Schwann cell,1676,Anno_L1_curated
S5_T2_2,T cell,89,Anno_L1_curated
S5_T2_2,T_B_doublet,3,Anno_L1_curated
S5_T2_2,VSMC,174,Anno_L1_curated
S5_T3_0,Astrocyte,910,Anno_L1_curated
S5_T3_0,B cell,199,Anno_L1_curated
S5_T3_0,DC,120,Anno_L1_curated
S5_T3_0,Doublet,14,Anno_L1_curated
S5_T3_0,Endothelial,583,Anno_L1_curated
S5_T3_0,Ependymal cell,50,Anno_L1_curated
S5_T3_0,Epithelial,0,Anno_L1_curated
S5_T3_0,Fibroblast,1650,Anno_L1_curated
S5_T3_0,Muscle cell,0,Anno_L1_curated
S5_T3_0,Myeloid,1552,Anno_L1_curated
S5_T3_0,NK/DC,20,Anno_L1_curated
S5_T3_0,Neuron,1223,Anno_L1_curated
S5_T3_0,Neutrophil,4,Anno_L1_curated
S5_T3_0,OPC,175,Anno_L1_curated
S5_T3_0,Oligodendrocyte,1556,Anno_L1_curated
S5_T3_0,Schwann cell,565,Anno_L1_curated
S5_T3_0,T cell,213,Anno_L1_curated
S5_T3_0,T_B_doublet,8,Anno_L1_curated
S5_T3_0,VSMC,161,Anno_L1_curated
S5_T3_1,Astrocyte,1436,Anno_L1_curated
S5_T3_1,B cell,47,Anno_L1_curated
S5_T3_1,DC,100,Anno_L1_curated
S5_T3_1,Doublet,17,Anno_L1_curated
S5_T3_1,Endothelial,1123,Anno_L1_curated
S5_T3_1,Ependymal cell,63,Anno_L1_curated
S5_T3_1,Epithelial,1,Anno_L1_curated
S5_T3_1,Fibroblast,1789,Anno_L1_curated
S5_T3_1,Muscle cell,81,Anno_L1_curated
S5_T3_1,Myeloid,1340,Anno_L1_curated
S5_T3_1,NK/DC,3,Anno_L1_curated
S5_T3_1,Neuron,2295,Anno_L1_curated
S5_T3_1,Neutrophil,0,Anno_L1_curated
S5_T3_1,OPC,293,Anno_L1_curated
S5_T3_1,Oligodendrocyte,3154,Anno_L1_curated
S5_T3_1,Schwann cell,197,Anno_L1_curated
S5_T3_1,T cell,165,Anno_L1_curated
S5_T3_1,T_B_doublet,1,Anno_L1_curated
S5_T3_1,VSMC,272,Anno_L1_curated
S5_T3_2,Astrocyte,793,Anno_L1_curated
S5_T3_2,B cell,90,Anno_L1_curated
S5_T3_2,DC,85,Anno_L1_curated
S5_T3_2,Doublet,13,Anno_L1_curated
S5_T3_2,Endothelial,549,Anno_L1_curated
S5_T3_2,Ependymal cell,58,Anno_L1_curated
S5_T3_2,Epithelial,0,Anno_L1_curated
S5_T3_2,Fibroblast,1482,Anno_L1_curated
S5_T3_2,Muscle cell,4,Anno_L1_curated
S5_T3_2,Myeloid,1139,Anno_L1_curated
S5_T3_2,NK/DC,9,Anno_L1_curated
S5_T3_2,Neuron,1152,Anno_L1_curated
S5_T3_2,Neutrophil,0,Anno_L1_curated
S5_T3_2,OPC,222,Anno_L1_curated
S5_T3_2,Oligodendrocyte,1353,Anno_L1_curated
S5_T3_2,Schwann cell,192,Anno_L1_curated
S5_T3_2,T cell,107,Anno_L1_curated
S5_T3_2,T_B_doublet,6,Anno_L1_curated
S5_T3_2,VSMC,115,Anno_L1_curated
S6_T1_0,Astrocyte,969,Anno_L1_curated
S6_T1_0,B cell,40,Anno_L1_curated
S6_T1_0,DC,195,Anno_L1_curated
S6_T1_0,Doublet,11,Anno_L1_curated
S6_T1_0,Endothelial,747,Anno_L1_curated
S6_T1_0,Ependymal cell,62,Anno_L1_curated
S6_T1_0,Epithelial,0,Anno_L1_curated
S6_T1_0,Fibroblast,586,Anno_L1_curated
S6_T1_0,Muscle cell,0,Anno_L1_curated
S6_T1_0,Myeloid,978,Anno_L1_curated
S6_T1_0,NK/DC,54,Anno_L1_curated
S6_T1_0,Neuron,2120,Anno_L1_curated
S6_T1_0,Neutrophil,3,Anno_L1_curated
S6_T1_0,OPC,395,Anno_L1_curated
S6_T1_0,Oligodendrocyte,2505,Anno_L1_curated
S6_T1_0,Schwann cell,48,Anno_L1_curated
S6_T1_0,T cell,321,Anno_L1_curated
S6_T1_0,T_B_doublet,2,Anno_L1_curated
S6_T1_0,VSMC,212,Anno_L1_curated
S6_T1_1,Astrocyte,977,Anno_L1_curated
S6_T1_1,B cell,182,Anno_L1_curated
S6_T1_1,DC,481,Anno_L1_curated
S6_T1_1,Doublet,62,Anno_L1_curated
S6_T1_1,Endothelial,761,Anno_L1_curated
S6_T1_1,Ependymal cell,50,Anno_L1_curated
S6_T1_1,Epithelial,3,Anno_L1_curated
S6_T1_1,Fibroblast,1416,Anno_L1_curated
S6_T1_1,Muscle cell,0,Anno_L1_curated
S6_T1_1,Myeloid,1717,Anno_L1_curated
S6_T1_1,NK/DC,27,Anno_L1_curated
S6_T1_1,Neuron,1436,Anno_L1_curated
S6_T1_1,Neutrophil,1,Anno_L1_curated
S6_T1_1,OPC,491,Anno_L1_curated
S6_T1_1,Oligodendrocyte,1873,Anno_L1_curated
S6_T1_1,Schwann cell,492,Anno_L1_curated
S6_T1_1,T cell,376,Anno_L1_curated
S6_T1_1,T_B_doublet,17,Anno_L1_curated
S6_T1_1,VSMC,172,Anno_L1_curated
S6_T1_2,Astrocyte,565,Anno_L1_curated
S6_T1_2,B cell,30,Anno_L1_curated
S6_T1_2,DC,58,Anno_L1_curated
S6_T1_2,Doublet,5,Anno_L1_curated
S6_T1_2,Endothelial,468,Anno_L1_curated
S6_T1_2,Ependymal cell,38,Anno_L1_curated
S6_T1_2,Epithelial,0,Anno_L1_curated
S6_T1_2,Fibroblast,850,Anno_L1_curated
S6_T1_2,Muscle cell,0,Anno_L1_curated
S6_T1_2,Myeloid,562,Anno_L1_curated
S6_T1_2,NK/DC,19,Anno_L1_curated
S6_T1_2,Neuron,821,Anno_L1_curated
S6_T1_2,Neutrophil,2,Anno_L1_curated
S6_T1_2,OPC,194,Anno_L1_curated
S6_T1_2,Oligodendrocyte,1185,Anno_L1_curated
S6_T1_2,Schwann cell,180,Anno_L1_curated
S6_T1_2,T cell,110,Anno_L1_curated
S6_T1_2,T_B_doublet,3,Anno_L1_curated
S6_T1_2,VSMC,88,Anno_L1_curated
S6_T2_0,Astrocyte,1051,Anno_L1_curated
S6_T2_0,B cell,58,Anno_L1_curated
S6_T2_0,DC,114,Anno_L1_curated
S6_T2_0,Doublet,10,Anno_L1_curated
S6_T2_0,Endothelial,710,Anno_L1_curated
S6_T2_0,Ependymal cell,67,Anno_L1_curated
S6_T2_0,Epithelial,0,Anno_L1_curated
S6_T2_0,Fibroblast,1969,Anno_L1_curated
S6_T2_0,Muscle cell,0,Anno_L1_curated
S6_T2_0,Myeloid,1323,Anno_L1_curated
S6_T2_0,NK/DC,15,Anno_L1_curated
S6_T2_0,Neuron,1192,Anno_L1_curated
S6_T2_0,Neutrophil,6,Anno_L1_curated
S6_T2_0,OPC,215,Anno_L1_curated
S6_T2_0,Oligodendrocyte,1636,Anno_L1_curated
S6_T2_0,Schwann cell,695,Anno_L1_curated
S6_T2_0,T cell,230,Anno_L1_curated
S6_T2_0,T_B_doublet,8,Anno_L1_curated
S6_T2_0,VSMC,186,Anno_L1_curated
S6_T2_1,Astrocyte,699,Anno_L1_curated
S6_T2_1,B cell,14,Anno_L1_curated
S6_T2_1,DC,70,Anno_L1_curated
S6_T2_1,Doublet,34,Anno_L1_curated
S6_T2_1,Endothelial,487,Anno_L1_curated
S6_T2_1,Ependymal cell,47,Anno_L1_curated
S6_T2_1,Epithelial,2,Anno_L1_curated
S6_T2_1,Fibroblast,446,Anno_L1_curated
S6_T2_1,Muscle cell,0,Anno_L1_curated
S6_T2_1,Myeloid,582,Anno_L1_curated
S6_T2_1,NK/DC,3,Anno_L1_curated
S6_T2_1,Neuron,1411,Anno_L1_curated
S6_T2_1,Neutrophil,0,Anno_L1_curated
S6_T2_1,OPC,278,Anno_L1_curated
S6_T2_1,Oligodendrocyte,1473,Anno_L1_curated
S6_T2_1,Schwann cell,147,Anno_L1_curated
S6_T2_1,T cell,82,Anno_L1_curated
S6_T2_1,T_B_doublet,1,Anno_L1_curated
S6_T2_1,VSMC,166,Anno_L1_curated
S6_T2_2,Astrocyte,1186,Anno_L1_curated
S6_T2_2,B cell,34,Anno_L1_curated
S6_T2_2,DC,634,Anno_L1_curated
S6_T2_2,Doublet,29,Anno_L1_curated
S6_T2_2,Endothelial,1000,Anno_L1_curated
S6_T2_2,Ependymal cell,74,Anno_L1_curated
S6_T2_2,Epithelial,1,Anno_L1_curated
S6_T2_2,Fibroblast,2135,Anno_L1_curated
S6_T2_2,Muscle cell,0,Anno_L1_curated
S6_T2_2,Myeloid,2145,Anno_L1_curated
S6_T2_2,NK/DC,35,Anno_L1_curated
S6_T2_2,Neuron,2264,Anno_L1_curated
S6_T2_2,Neutrophil,4,Anno_L1_curated
S6_T2_2,OPC,536,Anno_L1_curated
S6_T2_2,Oligodendrocyte,2498,Anno_L1_curated
S6_T2_2,Schwann cell,258,Anno_L1_curated
S6_T2_2,T cell,534,Anno_L1_curated
S6_T2_2,T_B_doublet,2,Anno_L1_curated
S6_T2_2,VSMC,296,Anno_L1_curated
S6_T3_0,Astrocyte,814,Anno_L1_curated
S6_T3_0,B cell,121,Anno_L1_curated
S6_T3_0,DC,249,Anno_L1_curated
S6_T3_0,Doublet,10,Anno_L1_curated
S6_T3_0,Endothelial,593,Anno_L1_curated
S6_T3_0,Ependymal cell,70,Anno_L1_curated
S6_T3_0,Epithelial,0,Anno_L1_curated
S6_T3_0,Fibroblast,1168,Anno_L1_curated
S6_T3_0,Muscle cell,0,Anno_L1_curated
S6_T3_0,Myeloid,1152,Anno_L1_curated
S6_T3_0,NK/DC,44,Anno_L1_curated
S6_T3_0,Neuron,1061,Anno_L1_curated
S6_T3_0,Neutrophil,1,Anno_L1_curated
S6_T3_0,OPC,238,Anno_L1_curated
S6_T3_0,Oligodendrocyte,1518,Anno_L1_curated
S6_T3_0,Schwann cell,308,Anno_L1_curated
S6_T3_0,T cell,347,Anno_L1_curated
S6_T3_0,T_B_doublet,4,Anno_L1_curated
S6_T3_0,VSMC,128,Anno_L1_curated
S6_T3_1,Astrocyte,1054,Anno_L1_curated
S6_T3_1,B cell,18,Anno_L1_curated
S6_T3_1,DC,213,Anno_L1_curated
S6_T3_1,Doublet,26,Anno_L1_curated
S6_T3_1,Endothelial,983,Anno_L1_curated
S6_T3_1,Ependymal cell,91,Anno_L1_curated
S6_T3_1,Epithelial,2,Anno_L1_curated
S6_T3_1,Fibroblast,987,Anno_L1_curated
S6_T3_1,Muscle cell,0,Anno_L1_curated
S6_T3_1,Myeloid,939,Anno_L1_curated
S6_T3_1,NK/DC,46,Anno_L1_curated
S6_T3_1,Neuron,2750,Anno_L1_curated
S6_T3_1,Neutrophil,2,Anno_L1_curated
S6_T3_1,OPC,387,Anno_L1_curated
S6_T3_1,Oligodendrocyte,2771,Anno_L1_curated
S6_T3_1,Schwann cell,189,Anno_L1_curated
S6_T3_1,T cell,276,Anno_L1_curated
S6_T3_1,T_B_doublet,1,Anno_L1_curated
S6_T3_1,VSMC,270,Anno_L1_curated
S6_T3_2,Astrocyte,702,Anno_L1_curated
S6_T3_2,B cell,127,Anno_L1_curated
S6_T3_2,DC,63,Anno_L1_curated
S6_T3_2,Doublet,16,Anno_L1_curated
S6_T3_2,Endothelial,587,Anno_L1_curated
S6_T3_2,Ependymal cell,54,Anno_L1_curated
S6_T3_2,Epithelial,0,Anno_L1_curated
S6_T3_2,Fibroblast,628,Anno_L1_curated
S6_T3_2,Muscle cell,6,Anno_L1_curated
S6_T3_2,Myeloid,678,Anno_L1_curated
S6_T3_2,NK/DC,11,Anno_L1_curated
S6_T3_2,Neuron,1138,Anno_L1_curated
S6_T3_2,Neutrophil,13,Anno_L1_curated
S6_T3_2,OPC,170,Anno_L1_curated
S6_T3_2,Oligodendrocyte,1371,Anno_L1_curated
S6_T3_2,Schwann cell,558,Anno_L1_curated
S6_T3_2,T cell,124,Anno_L1_curated
S6_T3_2,T_B_doublet,5,Anno_L1_curated
S6_T3_2,VSMC,156,Anno_L1_curated
