gene,r_day_given_score,p_day,r_score_given_day,p_score,r_day_raw_spearman,q_day,q_score,class,in_clock
Fmod,0.8394015994616015,1.934335987765613e-09,-0.7106619302132982,5.178255864233214e-06,0.716025124318139,9.867047873592391e-06,2.273174110452119e-05,accrual_up,True
Slc16a2,0.8298458863374725,4.30201533168193e-09,-0.36909978960262363,0.037624666264255764,0.8106325275077922,1.0972290103454762e-05,0.05796539493022309,accrual_up,False
Vtn,0.8051907381662491,2.7463867578808428e-08,-0.7645115549815228,3.5163790424892934e-07,0.6363734207446122,2.9841166211643456e-05,2.6932506750357186e-06,accrual_up,False
Nkd2,0.804346387602992,2.912747467133528e-08,-0.8025606480932461,3.2954794785551756e-08,0.5952032364080847,2.9841166211643456e-05,4.506766975900791e-07,accrual_up,False
Musk,0.8042858127228352,2.9250309950640518e-08,-0.6674801823100672,3.005533961702797e-05,0.699220967446087,2.9841166211643456e-05,0.00010026964511867868,accrual_up,False
Pltp,0.7984117621367466,4.3694511185880846e-08,-0.6481403237565178,6.045167396197595e-05,0.7193859556925495,3.71476169265297e-05,0.0001854263312567885,accrual_up,True
Dbp,0.7951460868100013,5.4311382774261917e-08,-0.8837553400861805,2.068526566667488e-11,0.49337004576344906,3.957748050450143e-05,1.7563388887121595e-08,accrual_up,True
Mrgprf,0.7887925055301467,8.20225149622656e-08,-0.5025171715589605,0.003378651150344074,0.7361901125646015,4.67334462411102e-05,0.006667117801897532,accrual_up,False
Enpp1,0.7864618039452179,9.508219713884422e-08,-0.4240999207290848,0.01556140058981857,0.7578674749295488,4.67334462411102e-05,0.026275638665562574,accrual_up,False
Mc5r,0.7855361319893659,1.0077786878106492e-07,-0.4594584213107136,0.008158564854950113,0.7208983298110342,4.67334462411102e-05,0.014757744441525007,accrual_up,True
Igf2,0.7803301971154327,1.3906075924988756e-07,-0.5798452370390971,0.0005047676995650519,0.6659487368394239,5.456530253335972e-05,0.0012128214957519217,accrual_up,False
Itih5,0.7775428138193277,1.646439709161876e-07,-0.5434109101901661,0.0013082254818847935,0.6551940764413106,5.729285946552441e-05,0.0028493843651128657,accrual_up,False
Hadh,0.7743628580335465,1.990464062599549e-07,-0.6448301918433069,6.780377228894655e-05,0.6531775776166643,5.729285946552441e-05,0.0002062415279939871,accrual_up,False
Wnt6,0.7739358202990849,2.0413641793835549e-07,-0.6168393914404363,0.00016997040227331004,0.6867858913607684,5.729285946552441e-05,0.0004633987290198581,accrual_up,True
Aox3,0.7731197091650718,2.141965726292073e-07,-0.36751909899156626,0.038514636620094286,0.7254354521664882,5.729285946552441e-05,0.05926490539942714,accrual_up,False
Prelp,0.7663105709514587,3.175809261191683e-07,-0.567035351177194,0.0007144207242305565,0.6773755635124192,6.749917933891157e-05,0.001655729265924611,accrual_up,False
Fzd8,0.7624676577397068,3.943592082203105e-07,-0.6716214954771542,2.570826121311906e-05,0.6412466262375074,7.737024312045398e-05,8.836781701355817e-05,accrual_up,False
Bmp6,0.7538269365196841,6.325638493878517e-07,-0.6510960059874102,5.450015443558754e-05,0.654689951735149,0.0001179592157375798,0.00016910297309971536,accrual_up,False
Col13a1,0.7503049230343902,7.627490420817952e-07,0.16855000058543235,0.35645053637621693,0.7548427266925795,0.00012978108727414796,0.42334206893017057,accrual_up,False
Drc7,0.7502920048486909,7.63268499945979e-07,-0.7462603909873903,9.420990926238282e-07,0.5666361697255962,0.00012978108727414796,5.874874659503848e-06,accrual_up,False
Sh3rf2,0.7481858281900946,8.524084003451558e-07,-0.4704231716451345,0.006586512354099876,0.6735106074318473,0.00013835318006261336,0.012164301056576203,accrual_up,False
Bfsp1,0.746099077789195,9.499907171009941e-07,-0.6070116859365997,0.00022996514061628443,0.6461198317304024,0.00013973964853421927,0.0006079422860309879,accrual_up,False
Idh2,0.7459456086571613,9.575544894798375e-07,-0.32290234581165916,0.0714554392119153,0.6879621823418121,0.00013973964853421927,0.1031684674271101,accrual_up,True
Lama3,0.7417535215054109,1.1866369931622407e-06,-0.06964679276399553,0.7048606505774277,0.7119921266688466,0.0001635955487059619,0.752983074051405,accrual_up,False
Tgfb2,0.7399993637095245,1.296513441526365e-06,-0.6407654994671984,7.79226299738594e-05,0.5673083360004781,0.00016965307917834153,0.00023353897502741293,accrual_up,False
Myo10,0.739990479763626,1.2970927441590512e-06,-0.3807556715212432,0.03156248041872298,0.6967003439152792,0.00016965307917834153,0.04955377427390147,accrual_up,False
Lamb2,0.7384770048571757,1.3992962802618367e-06,-0.3593738490009983,0.04337337446122357,0.7193859556925495,0.00017330771948391075,0.0659456283537113,accrual_up,True
Myo7a,0.7380846756916373,1.4269602466818764e-06,0.32050685951778685,0.07370464003400533,0.7200581219674316,0.00017330771948391075,0.10617547834325365,accrual_up,False
Zic4,0.7372305119598126,1.488919406842935e-06,-0.4747290769821358,0.006044073726958307,0.646623956436564,0.00017637322050349826,0.011314062415124523,accrual_up,False
Ppl,0.7363424057959451,1.5559292144005923e-06,0.06481458828464455,0.7245156400875845,0.7435839415883045,0.00017637322050349826,0.7702697540822777,accrual_up,False
Padi2,0.7326258816120281,1.8671852821082132e-06,-0.7794880245971658,1.4637750379377682e-07,0.5664681281568755,0.0002026491941283829,1.352666026905898e-06,accrual_up,False
Nthl1,0.7304221818229519,2.077496745333669e-06,-0.4977088537346447,0.003749277742262429,0.6204094717161628,0.00021846421296730975,0.007316398532242025,accrual_up,False
Cxcl12,0.7299926921040042,2.1209112482708596e-06,-0.3509003349358788,0.04893714455121523,0.6980446764650433,0.00021846421296730975,0.07368435368521747,accrual_up,True
Fcgrt,0.7297929070547912,2.141386129850125e-06,-0.24465404604603946,0.17716894370026182,0.6807363948868297,0.00021846421296730975,0.22955010968123837,accrual_up,True
Hlf,0.7275665598012268,2.382034116673676e-06,-0.8485639067487557,8.548693751143648e-10,0.4708524755548993,0.00023825011821867494,5.0705682354167155e-08,accrual_up,True
Aldh2,0.7242201521245113,2.7902271683438025e-06,-0.4985580778997892,0.0036813807310760666,0.6983807596024844,0.0002658914841222855,0.007200430640037966,accrual_up,False
Gpc6,0.7240334566342405,2.8147696809651863e-06,-0.6038612664488612,0.0002528370778902086,0.6168805987730318,0.0002658914841222855,0.000660718204056329,accrual_up,False
Id4,0.7210207050789451,3.238922540250081e-06,-0.7622942290136614,3.9819397825453025e-07,0.4770700135975585,0.000289855155751152,2.9652372015713264e-06,accrual_up,True
Wnt5a,0.7194564976591751,3.4813137702851416e-06,-0.6074997185848928,0.0002265917866444171,0.5967156105265693,0.00030098612783431366,0.0006001270527898088,accrual_up,False
Gjb2,0.7153176925357881,4.204207965654321e-06,-0.6618703158930863,3.699799519602818e-05,0.5741980403180195,0.0003404073782984555,0.00011997887698343277,accrual_up,False
Agt,0.7138536363359373,4.490881477396353e-06,-0.7402360140562483,1.281168470077849e-06,0.538237144611828,0.0003567405659790272,7.301944542868277e-06,accrual_up,False
Klf11,0.7135828737994057,4.545802154212266e-06,-0.11895720629676307,0.5166878116055655,0.7009013831332922,0.0003567405659790272,0.5807898913618312,accrual_up,False
Aldh9a1,0.7130162673546558,4.662707784386276e-06,-0.6453788577256484,6.653229033258164e-05,0.6024290238630671,0.0003603707940629454,0.00020249475715184903,accrual_up,False
Gas6,0.7099492622105064,5.344205477479539e-06,-0.6198133895868452,0.00015480171819447577,0.6120073932801368,0.0004008940020679872,0.000427527647271262,accrual_up,False
Tle6,0.7092374538345102,5.514754637891326e-06,-0.5302169295154483,0.0017999389261474567,0.626627009758822,0.00040769222330266165,0.0038034334972154834,accrual_up,False
Col23a1,0.7079347552378824,5.839714335237064e-06,-0.6828537487932111,1.6619337448400645e-05,0.5567217171710854,0.00042052097243361916,6.0338249341132875e-05,accrual_up,False
Nr1d1,0.7048115549327,6.690664907328737e-06,-0.8827271416885771,2.3438970452806553e-11,0.3570883335311067,0.0004631395732060499,1.7563388887121595e-08,accrual_up,True
Slc30a10,0.7036198566619091,7.043912373378185e-06,-0.8372670368948942,2.3227129634229516e-09,0.42077608807618405,0.0004646918874629902,8.293411068494915e-08,accrual_up,False
Zic1,0.7034171311290404,7.105659129996713e-06,-0.7499087490531662,7.788273079447962e-07,0.48463188418998193,0.0004646918874629902,5.01615921442728e-06,accrual_up,False
Igdcc4,0.7028221449112954,7.289723865944272e-06,-0.8454020636281463,1.1398551764980751e-09,0.3522151280382116,0.00047069470177445226,5.6205073693140944e-08,accrual_up,False
Nr1h4,0.7001788793163227,8.160789898619544e-06,0.2549365706388214,0.15908533785830484,0.674686898412891,0.000505474789605515,0.2089326231759045,accrual_up,False
Crb2,0.6999950397001543,8.22474172461434e-06,-0.5808896191607282,0.0004903620286174331,0.6044455226877132,0.000505474789605515,0.0011837845281483796,accrual_up,False
Gli1,0.6987456889568207,8.671508874956046e-06,-0.7620615965704677,4.0339132831268265e-07,0.4940422120383311,0.0005265876996565571,2.9908418106438866e-06,accrual_up,False
Slc19a1,0.6982732174505181,8.846109767328949e-06,-0.7335875198598807,1.7816382085434287e-06,0.518240197934086,0.0005308706579193525,9.61707566325929e-06,accrual_up,False
Pkd2,0.6976389640577944,9.08549975488682e-06,-0.1820175389562069,0.31874408137888566,0.7232509117731214,0.0005388969098799729,0.3850138667093762,accrual_up,False
Igf1,0.6968314135142477,9.398778607699402e-06,0.0239399413977523,0.8965227651020575,0.618561014460237,0.0005510709158376397,0.916098282208653,accrual_up,True
Crygs,0.6954388224349831,9.962058110782966e-06,0.09182570407888155,0.6171903755050958,0.7161931658868597,0.000577459754807999,0.6729987399426023,accrual_up,False
Edn3,0.6949928317921682,1.0148806241390688e-05,-0.7022773885426279,7.4620255774931864e-06,0.4832875516402178,0.0005783553096628631,3.0638909332812954e-05,accrual_up,False
Slc22a8,0.6939328222178944,1.0605434708798683e-05,-0.8531305319029863,5.576538692306376e-10,0.39456160335578283,0.0005917819356977702,4.6462202237826954e-08,accrual_up,False
Wls,0.6937790694100175,1.0673189195097993e-05,-0.2634091227423223,0.14521260980934128,0.6598992403654851,0.0005917819356977702,0.1927477290235363,accrual_up,True
Lama1,0.693061860589949,1.0994444980106048e-05,-0.4801199992814743,0.005419141229002034,0.5683165854128014,0.0006030393961668919,0.010264775124077006,accrual_up,False
Tmem109,0.6920299418762595,1.1472020360382081e-05,-0.43679735861031627,0.012434148216071729,0.6167125572043113,0.0006102149803372948,0.021581010564879852,accrual_up,False
Sema3b,0.6913251756236269,1.1808885832854373e-05,-0.7307454505589641,2.0453543924723137e-06,0.47337309908570707,0.0006210013054988677,1.0752186341004746e-05,accrual_up,False
Vstm4,0.6906760002667826,1.2127066161971536e-05,-0.4891220877697864,0.004498708432908332,0.5716774167872117,0.0006250845507942693,0.008659589326892604,accrual_up,False
Fzd1,0.6901430336916429,1.239406039494725e-05,-0.5337057198609527,0.0016563733358081697,0.6229300952469705,0.0006282343097062736,0.003544110900149947,accrual_up,False
Eva1a,0.6900542226680193,1.2439063963994048e-05,-0.7635676164091346,3.708126276001842e-07,0.47656588889139695,0.0006282343097062736,2.802816252047484e-06,accrual_up,False
Nr2f2,0.688201265747575,1.3412359167572335e-05,-0.2675023174633698,0.1388349317665747,0.6427590003559921,0.0006467966918596269,0.185296640302295,accrual_up,False
Hadhb,0.6881493561059431,1.3440589950425497e-05,-0.6924206123457064,1.1289053683122714e-05,0.5842805344412507,0.0006467966918596269,4.339522444431723e-05,accrual_up,False
Ninl,0.6876646076605334,1.3706821544852212e-05,-0.21608291481659656,0.2349069091196468,0.7328292811901911,0.0006513248990210738,0.29369121162238193,accrual_up,False
Fbxl13,0.6866313057540157,1.4290297019796274e-05,-0.772159288814395,2.266154759940409e-07,0.42396887788187393,0.00066268004634528,1.9012591168513202e-06,accrual_up,False
Wnt4,0.684578551721778,1.551646318465834e-05,-0.597284110114427,0.00030720879746809433,0.5447907657919284,0.0007066917741512696,0.0007827532846577169,accrual_up,False
Mmp28,0.6827962789626384,1.665727354649438e-05,-0.6176194715668712,0.00016586863182079084,0.5819279524791635,0.0007453399329883142,0.00045269978112244736,accrual_up,False
L3hypdh,0.682113706884945,1.7113859705643457e-05,-0.43528486666885574,0.012776429436811749,0.6044455226877132,0.0007591112900738025,0.02210738349972074,accrual_up,False
Lurap1,0.6808812054693193,1.796701542996798e-05,-0.8221143874923748,7.930127833838098e-09,0.42077608807618405,0.0007833311598997152,1.8529299578431384e-07,accrual_up,False
Psd2,0.6804891835366382,1.8246315943864368e-05,-0.8710316836106776,8.994328731384714e-11,0.41523071630840686,0.0007887665900817978,1.994785689512758e-08,accrual_up,False
Eda,0.6794596041816933,1.899860869380515e-05,-0.6335436112401682,9.928441284302369e-05,0.5741980403180195,0.0008143857390512611,0.0002887399030286567,accrual_up,False
Lama2,0.678992248202096,1.9349240959882063e-05,-0.5108971864870745,0.0028079876143961096,0.5841124928725303,0.0008154705874626429,0.005646555590389706,accrual_up,False
Il34,0.6769813893234844,2.0925452928207408e-05,-0.4742994147848522,0.006096427628125777,0.5720134999246528,0.0008678108568031381,0.011382824791753144,accrual_up,False
Slc13a4,0.675550179896008,2.2116876469076966e-05,-0.5814605344824604,0.0004826417729801096,0.5441185995170463,0.0009025454949500929,0.0011695751467798285,accrual_up,False
Lrp6,0.6746568752209073,2.2891178442928746e-05,-0.49327610772300146,0.004121480683465841,0.5992362340573771,0.0009267293748998376,0.00797257222842596,accrual_up,False
Zic2,0.6706699167417864,2.6653613330426696e-05,-0.47406063338655624,0.006125689992467253,0.5862970332658971,0.0010321285508147298,0.011424915777541301,accrual_up,False
Foxc2,0.6706154311577771,2.6708678437079853e-05,-0.4942410945060135,0.004037854691929976,0.5936908622896,0.0010321285508147298,0.00783457466091092,accrual_up,False
Fzd2,0.6699211656525794,2.741935824462035e-05,-0.47763908510828595,0.005699500016554398,0.5841124928725303,0.0010516251609459279,0.01075190443211686,accrual_up,False
Sdc2,0.6691657192271991,2.8211979721223194e-05,-0.7455244287287017,9.785954007107096e-07,0.4789184708534842,0.0010739500638653695,6.0580280813414195e-06,accrual_up,False
Eya1,0.6672296588612173,3.0338387549500195e-05,-0.467489144269074,0.006979456433146843,0.5834403265976482,0.0011379126094852978,0.012798810063070203,accrual_up,False
Fcrls,0.6662255699818264,3.149707969906989e-05,0.02133840931436676,0.907716911454429,0.6610755313465287,0.0011671588070720513,0.9249432795236527,accrual_up,True
Acot6,0.6661586061025289,3.157575286726977e-05,-0.8220525005049306,7.968100111780881e-09,0.4142224668960838,0.0011671588070720513,1.8529299578431384e-07,accrual_up,False
Axin2,0.6655336628988162,3.231854798507616e-05,-0.6299651987894014,0.00011169639764729267,0.5276505257824353,0.0011860209587904568,0.00031919513971923806,accrual_up,False
Ddr1,0.6651330795552958,3.280290802266886e-05,-0.5712094319976967,0.0006389561569491421,0.5787351626734736,0.0011951973844545273,0.00149715909811556,accrual_up,False
Reln,0.6613097409149185,3.776546234681601e-05,-0.8460879276029796,1.0714754215813728e-09,0.3854873586448747,0.0013566311509232993,5.6205073693140944e-08,accrual_up,False
Mrc1,0.6610504679361151,3.812524432923832e-05,-0.058537115453466494,0.7503071448987341,0.6778796882185808,0.0013599781211429695,0.7921902663606909,accrual_up,False
Rxrg,0.660095131281228,3.947768505114842e-05,-0.5227918093651867,0.002142019745406899,0.6269630928962631,0.001388797734109711,0.00445068949951959,accrual_up,False
Lrrc52,0.6591883178871993,4.08011834716668e-05,-0.79591441176418,5.162004637472539e-08,0.3565842088249451,0.0014255262800614544,6.288692711902475e-07,accrual_up,False
Col6a1,0.6578836149080963,4.2775427034612535e-05,0.05754475511225006,0.754409508860143,0.6294837164270709,0.0014743071169159361,0.7957491531628597,accrual_up,True
Smo,0.6573855783839185,4.355140437231278e-05,-0.39857560095959405,0.023850342739612253,0.5763825807113863,0.0014909779443165602,0.038451516534374876,accrual_up,False
Gdpd2,0.6557236484705404,4.623322156389078e-05,-0.7116632383483703,4.952986327701892e-06,0.4705163924174582,0.0015618255840887873,2.2029363382252523e-05,accrual_up,False
Epha3,0.6540958792646316,4.900281789816311e-05,-0.6028984979969952,0.0002602190213234806,0.5296670246070816,0.0016337475431276473,0.0006779250397196499,accrual_up,False
Efemp1,0.6534641106444612,5.011727995151516e-05,-0.5860451330084393,0.00042444134199578847,0.5059731634174881,0.001660053539173239,0.001043409776154466,accrual_up,False
Msx1,0.6531862512405779,5.0614600816549344e-05,-0.7875361914965654,8.884211859316383e-08,0.41539875787712743,0.0016657101855820527,9.363298490572907e-07,accrual_up,False
Ptgfr,0.6525267302628509,5.181282103531678e-05,-0.7419797706641977,1.173100774151478e-06,0.45505656809517026,0.0016895455637460622,6.847980617470894e-06,accrual_up,False
Pfas,0.652244927250388,5.233252285275002e-05,-0.600831978433335,0.0002767140668852312,0.504964914005165,0.0016895455637460622,0.0007146928886995262,accrual_up,False
Gorasp1,0.6500779694021555,5.648783670824692e-05,-0.800154593004018,3.884279614030276e-08,0.3893523147254466,0.0017938049164804093,5.113571138051571e-07,accrual_up,False
Tacr2,0.6497736374236289,5.709453742174675e-05,-0.4221057254713543,0.016107594798497726,0.5518485116781903,0.0017938049164804093,0.027054606870970336,accrual_up,False
Epha7,0.6496611947204726,5.7320172786964654e-05,-0.559115753945476,0.0008794301103351336,0.557225841877247,0.0017938049164804093,0.0019976263804766356,accrual_up,False
Elmo3,0.6491849115844707,5.828481623218788e-05,0.3036962162649838,0.09106816199048051,0.6538497438915464,0.0017988606294965257,0.12818396642203123,accrual_up,False
Cbx7,0.6489551112668517,5.875543339275172e-05,-0.7152433540163328,4.218353812735083e-06,0.49824325125634417,0.0017988606294965257,1.9402906040362184e-05,accrual_up,False
Lefty1,0.648750075761174,5.917820919823047e-05,-0.24120452775366266,0.18354871151645422,0.6252826772090578,0.0017988606294965257,0.23709343566610103,accrual_up,False
C030029H02Rik,0.6487178192999721,5.924496878169307e-05,-0.8338440052912538,3.0980148340845256e-09,0.35271925274437316,0.0017988606294965257,1.026167121341894e-07,accrual_up,False
Pink1,0.6482470712221253,6.022697239972943e-05,-0.8750994686497798,5.7209808989106175e-11,0.3241521860618846,0.001817856723142129,1.7563388887121595e-08,accrual_up,False
Snai2,0.6476405279955952,6.151377294786437e-05,-0.4819948984078244,0.005215177666260845,0.5496639712848235,0.0018388523347866806,0.00991552475858401,accrual_up,False
Gpr34,0.6475799900534113,6.164355013693832e-05,-0.22437757037646372,0.216984065414756,0.5846166175786919,0.0018388523347866806,0.27417283073586085,accrual_up,False
Acacb,0.6451311728932844,6.710360504769279e-05,-0.6304620058734736,0.00010989417025853412,0.5227773202895402,0.0019230083671251737,0.0003156363527526929,accrual_up,False
C1ql1,0.6436016403672062,7.073017098339153e-05,-0.8656494229344764,1.5996629501525342e-10,0.28567066682488534,0.0020044144565904455,2.9142431102600273e-08,accrual_up,False
Wfdc18,0.6431595006471441,7.18107307410845e-05,-0.8467240743655752,1.011453950676526e-09,0.32163156253107683,0.0020163123021773263,5.547770540216086e-08,accrual_up,False
Stxbp4,0.6426042414279656,7.318869487309331e-05,-0.7707472566350817,2.4607291180734194e-07,0.41539875787712743,0.0020238494592533167,2.044328865031354e-06,accrual_up,False
Ano1,0.6418750503954374,7.503427916533951e-05,-0.7996419464746812,4.021588996530549e-08,0.3824626104079053,0.0020359035001191322,5.219879254784308e-07,accrual_up,False
Ctnnb1,0.6393284322281892,8.18114627285834e-05,0.14665604873048607,0.4231607882753273,0.6192331807351191,0.002153255716520405,0.4900163263428196,accrual_up,False
Gjb6,0.6390202187921645,8.266781260086907e-05,-0.8378389636800436,2.21215806092125e-09,0.3307058072419849,0.002153255716520405,8.256573638882929e-08,accrual_up,False
Nphs2,0.6389995023224057,8.272565877914651e-05,-0.5095248754699482,0.002895284395778866,0.517231948521763,0.002153255716520405,0.005798525992488416,accrual_up,False
Lpl,0.6389956749567435,8.273634982121139e-05,0.3406021093338153,0.05644830178472894,0.5790712458109146,0.002153255716520405,0.08375299226407863,accrual_up,True
Robo1,0.6375089698563687,8.698401783480193e-05,-0.8137465508035103,1.4886831666659543e-08,0.3680110354979405,0.0022074899252503715,2.728961537266583e-07,accrual_up,False
Fgfr2,0.6372380956090551,8.777862543888036e-05,-0.8745835266845621,6.064127792636033e-11,0.2918882048675446,0.002212632651180822,1.7563388887121595e-08,accrual_up,False
Homer3,0.6365596120514305,8.979755253966382e-05,0.42665672048327435,0.014883808505730813,0.5558815093274828,0.002212632651180822,0.025282153575668626,accrual_up,False
Sema6d,0.6365240730566545,8.990444052094914e-05,-0.7613890498319,4.1876752721839327e-07,0.461106064569109,0.002212632651180822,3.0780016661974407e-06,accrual_up,True
Cd151,0.6364701075478775,9.006696633921332e-05,0.37967446011792944,0.03208901161555496,0.6427590003559921,0.002212632651180822,0.0502336496282327,accrual_up,False
Col15a1,0.6362973522039241,9.05890169377079e-05,0.03890523298998581,0.8325713129441805,0.614359975242224,0.002212632651180822,0.8621490595469479,accrual_up,False
Wnt5b,0.6361617178806689,9.100078758377042e-05,-0.1481442114409016,0.4184186483280854,0.6162084324981497,0.002212632651180822,0.4851906172133584,accrual_up,False
Ggnbp1,0.6361322262225853,9.109054239325085e-05,-0.4695942838681143,0.006695561346002451,0.5330278559814919,0.002212632651180822,0.01233889394001391,accrual_up,False
Foxp2,0.6345743835841463,9.594582260616723e-05,-0.6896378698778949,1.2652020007404279e-05,0.4350596214174283,0.0022955729487078827,4.7805891894643874e-05,accrual_up,False
Greb1,0.6335018889936321,9.942170977895663e-05,-0.00035451932733321655,0.9984635377323143,0.613687808967342,0.002358837867825385,0.999051099641533,accrual_up,False
Pik3r2,0.6331518708584778,0.00010058023382725617,-0.5968610612259434,0.0003110370033812798,0.5558815093274828,0.002364801672139511,0.0007913215731909767,accrual_up,False
Gja1,0.6331458500856112,0.00010060026717394117,-0.7750069343998617,1.9158876644122762e-07,0.4325389978866205,0.002364801672139511,1.664896588784842e-06,accrual_up,False
Foxd2,0.6329016293556704,0.00010141589522341656,-0.4412155886490263,0.011478093564694501,0.5454629320668105,0.002373038906122238,0.020065029223271642,accrual_up,False
Qdpr,0.6322187303264929,0.0001037280720196457,-0.863110415218653,2.0811038611388475e-10,0.3990987257112369,0.002394194096706845,3.261698143133259e-08,accrual_up,False
Ak4,0.6315762643966668,0.00010594627384987194,-0.670974720563243,2.634744978646093e-05,0.4637947296686374,0.0024266566262983896,9.001898282701754e-05,accrual_up,False
Kl,0.6310896215836733,0.00010765460841468762,-0.7731695143226104,2.135698689371903e-07,0.379773945308377,0.00244064958899254,1.817613254071155e-06,accrual_up,False
Hrh1,0.6308778432664721,0.000108405705919725,-0.8368692000977626,2.40259366807014e-09,0.3670027860856174,0.002446803123435917,8.510854375573461e-08,accrual_up,False
Cemip,0.6291955210651411,0.00011454070267077528,-0.09169177680057221,0.61770600997054,0.5822640356166046,0.0025738860102362325,0.6734170457062887,accrual_up,True
Itsn1,0.6289520839043126,0.00011545369188932446,-0.806832861952692,2.447563235265115e-08,0.343645008033465,0.0025830231681028245,3.7047537279190954e-07,accrual_up,False
Appl2,0.6278461567217257,0.00011968379951598,-0.5955694399030776,0.00032298827420347185,0.5345402300999766,0.002665969700135432,0.0008188683830576092,accrual_up,False
Folr1,0.6268706245440406,0.00012352954216856765,-0.6954490602920737,9.9578079946443e-06,0.4355637461235899,0.0027170781670087167,3.9042873620815205e-05,accrual_up,False
Smoc1,0.6268589596044098,0.0001235761879525627,-0.7257610552461023,2.5949696260233687e-06,0.39893068414251637,0.0027170781670087167,1.2944908134465314e-05,accrual_up,False
Wnt10a,0.6246655586445741,0.00013263201217011177,-0.4952568710548594,0.003951409260921921,0.5042927477302829,0.002891264504614274,0.007681455274376035,accrual_up,False
Epm2a,0.6238347749533953,0.0001362138273318161,-0.7872250097994334,9.060970481075643e-08,0.37960590373965647,0.002956709503062102,9.471313611468618e-07,accrual_up,False
Wnt7a,0.6227303128582858,0.0001411092119694792,-0.804216440554825,2.9391568718823308e-08,0.37876569589605386,0.003037122743697525,4.194614545989344e-07,accrual_up,False
H2afv,0.6210679849750449,0.00014877355780413014,-0.8225460807478736,7.669847356265882e-09,0.3638099962799275,0.003162057993161949,1.8197158774098725e-07,accrual_up,False
Bace2,0.6207730173272523,0.00015017168248704983,-0.4119410450199079,0.0191460544758615,0.5799114536545172,0.00317853009280681,0.03153504161490781,accrual_up,False
Pgpep1,0.6204546087478181,0.00015169406220076154,-0.29829632018575025,0.09726073456177406,0.5308433155881251,0.0031974851706036557,0.13603701864535495,accrual_up,False
Gcgr,0.6202948164452955,0.00015246323989866843,-0.5838266547980002,0.00045177899198605163,0.472700932810825,0.00320047319639139,0.0011016802769738046,accrual_up,False
Prkci,0.619414444848387,0.00015676373460024907,-0.7888739765777492,8.159728714939158e-08,0.4254812520003587,0.0032657825151647117,8.818384782818781e-07,accrual_up,False
Col4a3,0.6193960214097608,0.00015685487477266308,-0.6706107620641696,2.6713401956941334e-05,0.46177823084399106,0.0032657825151647117,9.078285368578131e-05,accrual_up,False
Rfx4,0.6178323050311156,0.00016476495928314602,-0.716491511742143,3.986475149961727e-06,0.47471743163547125,0.0033846885490699742,1.852004530050526e-05,accrual_up,False
Nr3c1,0.6176009380488954,0.0001659650507958534,-0.697884615331297,8.992095125248483e-06,0.4506874873084368,0.003386350896438593,3.594723921151451e-05,accrual_up,False
Ppara,0.6167203936277568,0.00017060399475716671,-0.7020857478266317,7.523511443998938e-06,0.44883903005251097,0.003454398289229583,3.0825246486617335e-05,accrual_up,False
Gdf11,0.61671093363478,0.00017065445381020484,-0.6710072538896668,2.6314959214025635e-05,0.395905935905547,0.003454398289229583,8.998730812329842e-05,accrual_up,False
Lrp2,0.6158061399985346,0.00017554250311674918,-0.7824378734561214,1.2219259010078965e-07,0.3880079821756825,0.003511362494151463,1.1760460417059019e-06,accrual_up,False
Abhd4,0.6157745694593579,0.0001757152897303558,-0.5337852314276694,0.0016532213696784264,0.49118550537008226,0.003511362494151463,0.003538851114867668,accrual_up,False
Hey2,0.6150049504368811,0.00017997460278727805,-0.7155397821754921,4.162202675352776e-06,0.4869844661520692,0.0035445963274822597,1.9179219373960716e-05,accrual_up,False
Tnfsf12,0.6129078152381987,0.00019205150986663402,0.5024837566775331,0.0033811133558283206,0.5585701744270111,0.0036917914685112995,0.006669396453240628,accrual_up,False
Msi1,0.6115232392581212,0.00020041544978434918,-0.8437742908775566,1.3185627241893095e-09,0.32432022763060514,0.0038061868585283183,6.227767088971915e-08,accrual_up,False
Dag1,0.6114740702008613,0.00020071834247091113,-0.39259921453689456,0.026241843784119468,0.5683165854128014,0.0038061868585283183,0.04197542964653289,accrual_up,False
Rapsn,0.6099670569051826,0.0002102018543798985,-0.1007535438498715,0.5832308358909104,0.5466392230478542,0.003942057570558317,0.6425616617450397,accrual_up,False
Itga11,0.6092306326225796,0.00021497955645778191,-0.531066073281134,0.0017640332984726612,0.521432987739776,0.003973227237286759,0.003735298404113344,accrual_up,False
Ift122,0.6081875836542111,0.00022191191626901206,-0.6134426287609712,0.00018890499628290968,0.4564009006449345,0.004071844190245434,0.0005101134918153109,accrual_up,False
Chrm1,0.6067740366128149,0.00023162392290271234,-0.7458804652864418,9.607816642180385e-07,0.3888481900192851,0.00421215337828657,5.962222955202208e-06,accrual_up,False
Wdr45,0.6065155027685062,0.00023344055721145508,-0.7340942300033823,1.7380108951062183e-06,0.3135655672324918,0.004222625114665363,9.421459698126269e-06,accrual_up,False
Ltbp1,0.6059803652386083,0.0002372411108863697,-0.02718609603617982,0.8825824777357361,0.6188970975976781,0.004261151079687929,0.9045716734840243,accrual_up,False
Coq8a,0.6055427063808502,0.00024039016951841118,-0.5814184663949836,0.00048320695266411184,0.4705163924174582,0.00428751837312383,0.0011702616708006962,accrual_up,False
Plpp3,0.6035096939455901,0.0002555108663432976,-0.7100232762665593,5.326749139157651e-06,0.3950657280619444,0.0044514686626911295,2.3223715691318957e-05,accrual_up,False
P3h3,0.6027823879679152,0.0002611221018036521,-0.27467628997701954,0.12815478395172913,0.5508402622658672,0.004530557283334794,0.17307851547200695,accrual_up,False
Speg,0.5995344850832299,0.0002875392595746919,0.07272264393384922,0.6924454007730976,0.5679805022753602,0.004880272696926208,0.7414351971516354,accrual_up,False
Prss41,0.5993861236659587,0.000288800709055125,-0.593200588596743,0.00034596979815679473,0.49269787948856697,0.004880272696926208,0.00086764598839617,accrual_up,False
Ciart,0.5993707102554755,0.00028893204361335326,-0.6887153854245895,1.3135637534521195e-05,0.4266575429814023,0.004880272696926208,4.9377219648926026e-05,accrual_up,False
Nqo1,0.5981175249838947,0.0002997892853085076,-0.5455750787346747,0.0012399694636709912,0.4612741061378296,0.005013852932323599,0.002720987225903543,accrual_up,False
Slc22a6,0.5966067696099479,0.00031335842722211713,-0.6258593390471142,0.0001276324116693887,0.49689891870657993,0.005159280556478281,0.00036149524260163895,accrual_up,False
Fbxo32,0.5965867486802242,0.0003135418491488467,-0.42377454852083224,0.015649447094529152,0.5000917085122699,0.005159280556478281,0.026398091808595637,accrual_up,False
Dpyd,0.5964084120147424,0.00031517989074532604,-0.6093711575814245,0.00021406048072357466,0.4316987900430179,0.005166832363757503,0.0005701945233268691,accrual_up,False
Bmp5,0.5959572405675817,0.00031935790425732444,-0.5216710493761362,0.0021982769531182843,0.5116865767539859,0.005204615557880549,0.004550897215039111,accrual_up,False
Il7,0.595363951979177,0.00032492673636553524,0.32926723381146183,0.06573811506654209,0.5615949226639805,0.005278507268154762,0.09582703139031432,accrual_up,False
Prss50,0.5948653823802971,0.0003296729355134899,0.005433499695522372,0.9764548179363839,0.6234342199531321,0.005338608393823213,0.983006912629464,accrual_up,False
Cdkn1c,0.5943838636581564,0.0003343150885963613,-0.822229828019007,7.85974098823108e-09,0.28079746133199024,0.00536270838657245,1.8475824323026149e-07,accrual_up,False
Zfp503,0.5940714715287427,0.00033735766964344946,-0.41953832036954875,0.016834234903672887,0.5131989508724705,0.005379314215170524,0.028163221573916597,accrual_up,False
Gstp1,0.5938423076622197,0.0003396052279153938,-0.8072158081351536,2.3823160504428908e-08,0.30650782134622995,0.005379314215170524,3.64217224207557e-07,accrual_up,False
Adra2a,0.5937884776204395,0.000340135095901094,-0.5067667149858911,0.0030778670956735817,0.49168963007624383,0.005379314215170524,0.0061281030659761674,accrual_up,False
Prodh,0.5935756299969035,0.00034223741736271883,-0.5567312796687268,0.0009352680631925122,0.48799271556439233,0.005382123414702354,0.0021119089820031004,accrual_up,False
Pcdh20,0.5933725300250934,0.000344254194696361,-0.8319493482259454,3.623402080258063e-09,0.24214790052627047,0.005386627751982016,1.133977451992525e-07,accrual_up,False
Msx2,0.5932281147568608,0.0003456946380129767,-0.5084512505188901,0.0029652091866539444,0.5261381516639505,0.005392624918973072,0.005926932625831415,accrual_up,False
Rcn2,0.5930915907969497,0.0003470612823214482,-0.7714280062741615,2.3650930991353448e-07,0.36901928491026365,0.005397437808297888,1.9680815495415e-06,accrual_up,False
Angpt1,0.5928699808985695,0.00034928986207020957,-0.27141191708970647,0.13293678393387232,0.5626031720763036,0.0054155853690581734,0.17877947135425326,accrual_up,False
Gpt2,0.5917464417664666,0.00036078490736168216,-0.7299407841418791,2.1262138195942422e-06,0.3960739774742675,0.005560011517981694,1.104461985106948e-05,accrual_up,False
Gli3,0.5911206633592438,0.0003673316262512532,-0.6213537821701078,0.00014742999098008017,0.4248090857254765,0.00562690277930223,0.00041140064769660227,accrual_up,False
Aldh4a1,0.5909866085704542,0.0003687476846162798,-0.4104266962567099,0.01963696277316304,0.5484876803037798,0.005631682452777375,0.03227066594906723,accrual_up,False
Atg13,0.5906625045594223,0.00037219129155438677,-0.8535165624861714,5.375219116267213e-10,0.22685611777270306,0.005667306800653513,4.6462202237826954e-08,accrual_up,False
Fzd10,0.5905253811078358,0.0003736567867387234,-0.2702821915341908,0.13462187286754362,0.5125267845975884,0.0056726883010542505,0.18080731266385994,accrual_up,False
Lum,0.5886962595108275,0.0003937002233456604,0.051603749578777135,0.779103421221636,0.5641155461947883,0.005950709773440313,0.8163941149653996,accrual_up,False
Vegfb,0.5886425349511792,0.00039430305889488846,-0.7421365046243968,1.1638062136248547e-06,0.3466697562704344,0.005950709773440313,6.815815724110659e-06,accrual_up,False
Ago1,0.5883623710462591,0.00039746000496801654,-0.7956053692198046,5.268751845087444e-08,0.3404522182277751,0.005970755310586245,6.353641409406869e-07,accrual_up,False
Sox21,0.5880255050237734,0.00040128550613252107,-0.7461013044734233,9.498813762765645e-07,0.40128326610460363,0.0060028075272199125,5.916172039544268e-06,accrual_up,False
Aplnr,0.5877909903802249,0.0004039679047954938,-0.7586937963417396,4.859121652505725e-07,0.3115490684078456,0.006025263983514077,3.466626510410028e-06,accrual_up,False
Maf,0.5868321847596305,0.0004151007018796246,0.09623755586286746,0.600305560725173,0.5402536434364744,0.0061540541177276895,0.6578214103671552,accrual_up,False
Tjp1,0.5867368756909114,0.00041622204873868903,-0.6654627103910681,3.240386723840669e-05,0.4881607571331129,0.0061540541177276895,0.0001071737895491305,accrual_up,False
Srebf1,0.5864114479521266,0.0004200710649470315,0.3015848309524792,0.0934526318869787,0.5950351948393641,0.006193013012412738,0.13125051631483434,accrual_up,True
Nid2,0.5860531504453381,0.00042434526182607055,0.19277302996927412,0.2904852352421331,0.6096548113180494,0.006220072357973523,0.3546589719890189,accrual_up,False
Fzd3,0.5857915584415588,0.0004274901068705865,-0.8610659717954418,2.562489424881098e-10,0.2903758307490599,0.006248215000420807,3.261698143133259e-08,accrual_up,False
P2ry1,0.5852314014674672,0.00043429375098304066,-0.7341063202331729,1.7369819170122233e-06,0.38347085982022844,0.00631148838679342,9.421459698126269e-06,accrual_up,False
C2,0.5848565112138954,0.00043890050911883584,0.39170311062232693,0.026616808316596303,0.5542010936402776,0.0063603167528840385,0.04248195845524335,accrual_up,False
Tcf7l1,0.5845373107528067,0.00044285696153734973,-0.49103118667354534,0.004321812670921294,0.5179041147966451,0.0063650127244804485,0.008337960073513433,accrual_up,False
Mme,0.584528392747307,0.00044296795083131917,-0.8131025783413195,1.5605843277664544e-08,0.3231439366495615,0.0063650127244804485,2.793558630101405e-07,accrual_up,False
Foxc1,0.5840620138504495,0.0004488066919410483,-0.38994328148025453,0.027365966515915493,0.5184082395028067,0.0064114164767709834,0.04354142083521052,accrual_up,False
Efnb1,0.5837107081560446,0.0004532496497405752,-0.48570761969004306,0.004830628989382777,0.488832923407995,0.006418554547111122,0.009235771542294434,accrual_up,False
Ntsr2,0.5829342330767443,0.000463208011207982,-0.8212526708245755,8.474141296340188e-09,0.30079440800973223,0.006494363056085384,1.9106005691041715e-07,accrual_up,False
Maoa,0.5829172182593103,0.00046342837726231714,-0.8458561166404337,1.094151532696869e-09,0.26231288877273296,0.006494363056085384,5.6205073693140944e-08,accrual_up,False
Rsph9,0.5811729956561987,0.00048651650577926286,-0.7096706120210543,5.41039188695554e-06,0.43875653592927977,0.006689274113153692,2.3468034877006983e-05,accrual_up,False
Nid1,0.5802629601437496,0.0004989615715008461,-0.33522202063386214,0.060719168515673334,0.4955545861568158,0.00682360047245527,0.08938772831124088,accrual_up,False
Il33,0.5801003304111529,0.0005012149830947991,-0.4179534810498046,0.017296257846373456,0.48244734379661514,0.006836089916488155,0.028804509067695397,accrual_up,True
Grem1,0.5793570321233346,0.0005116290911809804,-0.4711301133958737,0.006494706972073168,0.47286897437954545,0.0069042856987147645,0.01201650354172841,accrual_up,False
Gpnmb,0.5788976352694258,0.0005181607338246432,0.6768644920553526,2.102054757046181e-05,0.4943782951757722,0.006937369824775604,7.430756282531233e-05,accrual_up,False
Foxb1,0.5787155963279926,0.0005207692500615362,-0.7881332199518295,8.553902442324929e-08,0.35809658294342983,0.006954041739696062,9.128338150271854e-07,accrual_up,False
Fmc1,0.57845911039051,0.0005244642375833203,-0.8546871954262861,4.804993846834814e-10,0.28768716564953156,0.00698509680394913,4.468911583096216e-08,accrual_up,False
Pla2g6,0.5768224199406679,0.0005485929898679875,-0.7442170541466714,1.046621058261062e-06,0.35120687862588845,0.007175314977734882,6.348173624482375e-06,accrual_up,False
Acaa2,0.5762646321136452,0.0005570372282288309,-0.27190726014235017,0.13220284091960588,0.5595784238393342,0.007193536458722194,0.17788622831203102,accrual_up,False
Comt,0.5756856932439958,0.0005659228389236101,-0.14710073975205054,0.4217406294272107,0.6328445478014812,0.0072714670059177205,0.48882048414183177,accrual_up,False
Plxna3,0.5753607986673697,0.0005709639681030476,-0.7741076158795546,2.0207458001799447e-07,0.3417965507775393,0.007299466669908886,1.750055063958896e-06,accrual_up,False
Abi3bp,0.5724362413110983,0.0006181567089101391,-0.38562923798066323,0.029275669875481594,0.5308433155881251,0.007824360724939501,0.04627678711956356,accrual_up,False
Bmp7,0.5720140065971189,0.0006252468981112381,-0.40289255002247415,0.02223688443993725,0.4666514363368862,0.007844167595535391,0.03605541879469801,accrual_up,False
Cubn,0.5717491563668401,0.0006297307941345812,-0.5971649584325163,0.00030828275794647517,0.45623285907621397,0.007873178384511027,0.0007850975278507089,accrual_up,False
Fzd7,0.5708282917847821,0.0006455424738578734,0.49191895041412786,0.004241611825543841,0.5422701422611206,0.007976190664808952,0.008192526286292743,accrual_up,False
Ogn,0.5707229334225048,0.0006473736532682207,-0.698555028062118,8.741588240239965e-06,0.3757409476590845,0.007976456534592256,3.505569309234596e-05,accrual_up,False
Hspb2,0.5704738908154384,0.0006517203529113342,-0.2923007000984857,0.10450503958511793,0.5079896622421344,0.00801066390409811,0.1447407566993447,accrual_up,False
Supt3,0.5687173686363193,0.0006831156647459684,-0.8002757886906529,3.852453271593557e-08,0.27928508721350553,0.008316403355296384,5.091026978859776e-07,accrual_up,False
Col4a5,0.5685973991680773,0.0006853077610019495,-0.22590235792611324,0.21379386751922946,0.5271464010762738,0.008323225925883202,0.27067821251317686,accrual_up,False
Rapgef3,0.5665182023417176,0.0007242963361310164,-0.5496556075171495,0.0011197116433385643,0.4170791735643326,0.008702782864972934,0.0024822464548761476,accrual_up,False
Bbs2,0.5662352372094587,0.000729750638100325,-0.7307315148071433,2.046730628722919e-06,0.39388943708090074,0.008708291430639923,1.0752186341004746e-05,accrual_up,False
Serpind1,0.5662131026295005,0.0007301788150892945,-0.7595919159541344,4.625184855932749e-07,0.40834101199086553,0.008708291430639923,3.3366010280241996e-06,accrual_up,False
Igfbp2,0.5655432948958434,0.0007432408304714343,0.18233691646965217,0.3178811592476157,0.582095994047884,0.008796453541147995,0.3842854255488245,accrual_up,True
Fzd6,0.564917424374024,0.0007556314957503962,-0.4880559479459805,0.004600176610999914,0.4777421798724406,0.008902544196647207,0.008828254662419323,accrual_up,False
Gpc3,0.5647330605802272,0.0007593159375884194,-0.702264897544687,7.466019270865811e-06,0.36481824569225063,0.00892458663050352,3.0638909332812954e-05,accrual_up,False
Ntrk2,0.5626729905576652,0.0008015740334307445,-0.7905242126846356,7.340738288442608e-08,0.31558206605713807,0.009335226357374948,8.157975165434802e-07,accrual_up,False
Gipr,0.5620807285895004,0.0008140997914580192,-0.4672191451154979,0.007016599167093964,0.5061412049862086,0.00945950577728327,0.012860823697932558,accrual_up,False
Bmp4,0.5611246130762836,0.0008346841922029133,-0.4076205952584144,0.020574186283802042,0.4555606928013318,0.009608764656061395,0.033637475715921225,accrual_up,False
Itgb4,0.5610976341701013,0.0008352716059020219,-0.8431263001124923,1.3966300221115798e-09,0.25475101818030954,0.009608764656061395,6.476554311628335e-08,accrual_up,False
Mavs,0.5609612142988314,0.0008382474557826545,0.4308124495458993,0.013835149299203525,0.5424381838298411,0.009608764656061395,0.023738007593419836,accrual_up,False
Cyp26b1,0.5605696010702772,0.0008468419271126301,0.19386574318960909,0.287706770655193,0.5264742348013917,0.00966123427017018,0.35202500290528654,accrual_up,False
Cryab,0.5604181370889717,0.0008501867247851881,-0.7035484217023533,7.06561456214418e-06,0.3402841766590546,0.00966123427017018,2.921052095608917e-05,accrual_up,False
Bmpr1b,0.5603461687058697,0.0008517800780597476,-0.7138437192296533,4.4928823638244835e-06,0.375572906090364,0.00966123427017018,2.0353634935940223e-05,accrual_up,False
Katnal2,0.5602747032396764,0.0008533648942692009,-0.7352192733348768,1.64460057437815e-06,0.3169263986069022,0.00966123427017018,8.99154076088204e-06,accrual_up,False
Hes1,0.560237599889012,0.0008541887190446483,-0.7328650426989394,1.845567427347629e-06,0.3617934974552813,0.00966123427017018,9.909252842846437e-06,accrual_up,False
Tbxa2r,0.5590703520165339,0.0008804653055416658,-0.48811469622428494,0.004594534609357088,0.4711885586923403,0.00991446693944379,0.008821741826568747,accrual_up,False
Opn1sw,0.5587712754177975,0.0008873112609510379,-0.4458759084845473,0.010537478940718494,0.43926066063544134,0.009969547890112873,0.01858682479074921,accrual_up,False
Dlx4,0.558460165917687,0.0008944822501128866,-0.5888897289369852,0.00039153608783777443,0.30415523938414263,0.010012245081211726,0.0009685866072068319,accrual_up,False
Slc15a1,0.558436189659933,0.0008950370039271803,-0.6326090039836386,0.00010240096758175746,0.38834406531312354,0.010012245081211726,0.0002964513823124545,accrual_up,False
Adgrg6,0.5582094715250288,0.0009002976887817292,-0.38397689050257444,0.030035330902417966,0.5560495508962033,0.01004905582160963,0.04736019256050511,accrual_up,False
Vat1,0.5565777389863837,0.0009389679573726504,0.6014642374931601,0.00027157142917011516,0.5296670246070816,0.010412338153386717,0.0007028340234382331,accrual_up,True
Rfx3,0.5545555869033033,0.0009889094382593017,-0.7540995982777473,6.233848445856935e-07,0.3743966151093203,0.010848230203356339,4.156713846054409e-06,accrual_up,False
Per3,0.5542115342911591,0.0009976347226288151,-0.561710902985989,0.0008220082674509349,0.388176023744403,0.010919345666803693,0.0018811413962616505,accrual_up,False
Postn,0.5540462408233623,0.0010018505935109826,0.36806029982758626,0.03820803547592582,0.5357165210810203,0.010919345666803693,0.058810859674923846,accrual_up,False
Cntf,0.5539639709853563,0.0010039547378417823,-0.21901941264967242,0.22845159133166443,0.4962267524316979,0.010919345666803693,0.28667443232049694,accrual_up,False
Cideb,0.5536373952877265,0.0010123455856986172,-0.8081452548990429,2.2305425496805017e-08,0.31608619076329963,0.010974958647627918,3.5009223218216124e-07,accrual_up,False
Cadm1,0.5535976483250264,0.0010133710102004998,-0.7368392679501923,1.51810902613893e-06,0.3838069429576695,0.010974958647627918,8.417254502537698e-06,accrual_up,False
Hkdc1,0.5530835790574783,0.001026715751936829,-0.3364220670605306,0.05974519966346192,0.5711732920810502,0.011095925954724079,0.08810646530307004,accrual_up,False
Igsf11,0.5526937738967701,0.0010369372574987289,-0.8117113083809376,1.726945133897835e-08,0.31054081899552244,0.011159107490508472,2.966042804044733e-07,accrual_up,False
Sgca,0.5522237310273737,0.0010493814099137167,0.08578925866111975,0.6406060210408642,0.5952032364080847,0.011269251730462882,0.6943755446938904,accrual_up,False
Gpr88,0.5519466075612323,0.0010567793362576973,-0.6165462657079301,0.0001715349168908215,0.4034678064979704,0.011324504049563956,0.0004671647683182491,accrual_up,False
Lyplal1,0.5518591915715471,0.0010591224138428261,-0.3683555019363174,0.03804162914946981,0.4251451688629176,0.011324504049563956,0.05857239670734848,accrual_up,False
Klf5,0.551782320292342,0.001061186617465511,-0.1999321625418339,0.2725919458396371,0.5120226598914268,0.011324504049563956,0.3359106168396608,accrual_up,True
Sort1,0.5516994417299975,0.0010634160851919305,-0.8511595035937012,6.71735737037918e-10,0.24920564641253234,0.01132460428092701,4.731193748300496e-08,accrual_up,False
Efnb2,0.5514531358376644,0.0010700660804432117,-0.5889670784425699,0.0003906738143922561,0.4108616355216733,0.01137168140904338,0.0009669224295074714,accrual_up,False
B3glct,0.5505713244241878,0.0010941740187445624,-0.23279111705616418,0.19978179770807503,0.6333486725076428,0.011555655630674976,0.25509060077819545,accrual_up,False
Sardh,0.550236419818366,0.0011034540168981116,-0.25769822813651017,0.15446287517432372,0.5167278238156015,0.011629584587184437,0.203538660470492,accrual_up,False
Fbln1,0.5499750249541565,0.0011107449790011463,0.018386397227088395,0.9204401252170267,0.5506722206971466,0.011682288944092468,0.9351055723425719,accrual_up,False
Gab1,0.5496879202676068,0.0011188016865870658,-0.8053051681729058,2.7245248764220336e-08,0.3572563750998272,0.01172693334738256,3.9370542194415847e-07,accrual_up,False
Gramd1b,0.5496600096259331,0.0011195876377524617,-0.4236747232185443,0.015676543248689157,0.4953865445880952,0.01172693334738256,0.02643505689638459,accrual_up,False
Gdf10,0.5490181113385617,0.0011377972603337362,-0.8162351620430676,1.2385004638170658e-08,0.2658417617158639,0.011820578054913215,2.3821297772275147e-07,accrual_up,False
Fgfr3,0.5481440347418073,0.0011630105392847695,-0.8017095980796545,3.493663855946706e-08,0.21526124953098716,0.011950129842475619,4.7021581343493796e-07,accrual_up,False
Vangl1,0.5480989718922269,0.0011643235702235607,-0.5946254467188817,0.00033197887460314785,0.36011308176807605,0.011950129842475619,0.00083738548781421,accrual_up,False
Abca8a,0.5475560666277544,0.0011802450025880267,-0.6300398514728272,0.00011142391035156709,0.4648029790809605,0.012064989495393835,0.0003185949364929057,accrual_up,True
Zscan2,0.546981790990733,0.0011972936733681038,-0.7332004705983535,1.8156315839635103e-06,0.323311978218282,0.01219040923722694,9.76955349134796e-06,accrual_up,False
Bcl7a,0.5465404335093752,0.0012105425753940811,-0.6488220513940713,5.902948813168152e-05,0.3982585178676343,0.012276297568757867,0.0001816601945319642,accrual_up,False
Gpsm1,0.5462924965109406,0.001218041456597641,-0.8073204874295198,2.3647607188366844e-08,0.2779407546637414,0.012327836250207475,3.64217224207557e-07,accrual_up,False
Nfix,0.5460392212176934,0.001225743765571112,-0.6632495450696285,3.5169106129757816e-05,0.43455549671126675,0.012361388414704997,0.00011499846818454782,accrual_up,False
Plau,0.5459221583817843,0.001229318130015574,0.5658334364493812,0.0007375576963725935,0.5210969046023349,0.012368346708499886,0.0017054767947400722,accrual_up,True
Mlc1,0.5451764127894974,0.0012523035286547243,-0.4618925001274534,0.007784545088752712,0.5395814771615922,0.012550098820565323,0.01414640701735931,accrual_up,True
Kcnk2,0.5448187192158898,0.001263461251470597,-0.6973812611900961,9.184429812808987e-06,0.3915368551188134,0.012587726257327177,3.6544287422105025e-05,accrual_up,False
Igkc,0.543481917321381,0.0013059348745679132,0.37562229821761833,0.034126242424777097,0.49925150066866725,0.012919435208379727,0.053186056403540474,accrual_up,False
Itga2,0.543452401188283,0.0013068866041019288,0.5304534083054704,0.0017898761179705094,0.4678277273179299,0.012919435208379727,0.0037853060023911975,accrual_up,False
Ivd,0.5431372192708264,0.0013170873524055004,-0.7363413901429607,1.5560073945894815e-06,0.38985643943160825,0.012970004989614783,8.571483498705125e-06,accrual_up,False
Foxd3,0.5427846814238733,0.001328579581319325,-0.42082168727057095,0.016467670863346152,0.6125115179862983,0.01300197775185145,0.027595791417190773,accrual_up,False
C1qtnf12,0.5427734902265613,0.0013289458302947683,0.25956372403828515,0.15139570339380887,0.5995723171948182,0.01300197775185145,0.19997056602886487,accrual_up,False
Ephx2,0.5422519399607344,0.0013461126268947243,-0.3464821459816256,0.052055661909237605,0.48648034144590774,0.013121799169901041,0.07789261701349987,accrual_up,False
Esr1,0.5421968784898481,0.001347936240938668,-0.5732023092147667,0.000605473729810607,0.37086774216618934,0.013121799169901041,0.0014245947858689603,accrual_up,False
Dip2a,0.5420261665030356,0.0013536038961042402,-0.8497071791374421,7.691717827857681e-10,0.2288726165973493,0.013151873283862341,4.843883041963213e-08,accrual_up,False
Sema3c,0.54181010232723,0.0013608071239024078,-0.6819479703829145,1.7226415107806887e-05,0.31675835703818167,0.01319672459890909,6.232052728008719e-05,accrual_up,False
Gprc5b,0.5411419135911205,0.001383296023320329,-0.8516660862533791,6.405217022914997e-10,0.26298505504761505,0.013343408021825574,4.731193748300496e-08,accrual_up,False
Sox1,0.5411276322660622,0.0013837802084974962,-0.8084460087885372,2.1833666681658752e-08,0.3127253593888892,0.013343408021825574,3.457352899313325e-07,accrual_up,False
Itga6,0.5405452402777007,0.0014036519259952593,-0.2572156685195843,0.15526352019871623,0.5145432834222347,0.013469319782512746,0.20443965320951252,accrual_up,False
Rfx2,0.5400343517191916,0.0014212888310955528,-0.2984026887253029,0.09713574614047639,0.5584021328582905,0.013545143126668569,0.13589946271600933,accrual_up,False
Plk2,0.5399222908516824,0.0014251831990610693,-0.5712947517599193,0.0006374899262797336,0.4831195100714973,0.013545143126668569,0.0014944099788386585,accrual_up,False
Chrd,0.5399004214445899,0.0014259442970047092,-0.4339619096490753,0.013082269192276768,0.42044000493874306,0.013545143126668569,0.022605912991125944,accrual_up,False
Nat1,0.5397331738090333,0.0014317765966346825,-0.7136961433629091,4.522753173475806e-06,0.4540483186828472,0.013575264720136645,2.043914448778175e-05,accrual_up,False
Sesn1,0.5389588699172705,0.0014590508541156844,-0.5982438543840034,0.00029867862717706893,0.37473269824676136,0.013782626679340937,0.0007636890612682851,accrual_up,False
Adh5,0.5386540729418319,0.001469910969813931,-0.37510088684312587,0.03439583090868999,0.51303090930375,0.013827466675141946,0.053557122547383276,accrual_up,False
Kcnj2,0.5386504103988639,0.0014700418968712306,-0.42869504115980755,0.014361447725691348,0.4564009006449345,0.013827466675141946,0.024509115038056733,accrual_up,False
Jchain,0.5385304062254277,0.001474337395969456,0.16215449575084961,0.37525225642374793,0.5254659853890685,0.013827466675141946,0.44217180873586004,accrual_up,True
Chst8,0.5383150042435509,0.0014820751319774568,-0.8449269635918691,1.1895568796610341e-09,0.25592730916135314,0.013860493130176737,5.670962283318631e-08,accrual_up,False
Nr3c2,0.5382727491796743,0.0014835971866450693,-0.6868824511501346,1.4146455168379648e-05,0.3681790770666611,0.013860493130176737,5.24807765919306e-05,accrual_up,False
Pla2r1,0.5370979528721914,0.0015264644809593149,-0.1729825029305192,0.34375680630624106,0.5192484473464092,0.014183051579915236,0.4107527451319128,accrual_up,False
Rnase4,0.5368829408861775,0.0015344260909804115,0.7004187156900027,8.078035530950564e-06,0.4375802449482361,0.014231104527438327,3.272919717504276e-05,accrual_up,False
Ptch1,0.5367904740077494,0.0015378611523489123,-0.8010877357963797,3.645330269494252e-08,0.29071191388650097,0.014237077564667517,4.851620402245345e-07,accrual_up,False
Ghr,0.5361294206851581,0.0015626148917592675,-0.6914175563048998,1.176422608611089e-05,0.4147265916022453,0.014413921451833678,4.5018242509566134e-05,accrual_up,False
Selenoo,0.5355784451007343,0.0015835117444825393,-0.5652007039307796,0.0007500009255867853,0.47572568104779434,0.014580313011923163,0.00173111073367339,accrual_up,False
Ngfr,0.5352597190254812,0.0015957110956831817,-0.4031259397820343,0.022152286827460302,0.719217914123829,0.0146501388525729,0.03596397680040579,accrual_up,False
Tcf12,0.5352303509097666,0.0015968392868124942,-0.269469406571719,0.13584386987303937,0.6931714709721483,0.0146501388525729,0.18216077292912036,accrual_up,False
Tmem94,0.5349889711174542,0.0016061384206937756,-0.629310894241673,0.00011411026419572255,0.3829667351140669,0.014662690804979414,0.0003255461172608393,accrual_up,False
Afap1l2,0.5349084645390683,0.0016092504213565952,-0.017774150776069773,0.9230814416348121,0.52916289990092,0.014662690804979414,0.9373229267074616,accrual_up,False
Ddit3,0.5348967077553376,0.0016097053226403592,-0.47361178912077434,0.006181020070215208,0.4202719633700225,0.014662690804979414,0.011511275421017809,accrual_up,False
Smyd3,0.5325510416431769,0.0017027410809287722,-0.6039502215981126,0.0002521645089017183,0.3806141531519796,0.015264819426744581,0.0006596364922603411,accrual_up,False
Atp1b2,0.5321774432007295,0.001717983865307562,-0.793880264917804,5.9027444318779075e-08,0.22164682914236689,0.015347523111968254,6.953787378062173e-07,accrual_up,False
Cfap52,0.5318690857467813,0.0017306543154864168,-0.7038782999383868,6.9658999198881444e-06,0.35339141901925525,0.015433684726042328,2.8888663001097096e-05,accrual_up,False
Cdc16,0.5312978956354426,0.0017543399608550402,-0.5516151542739316,0.001065687665120481,0.4226245453321098,0.015563283722298366,0.0023738309082006873,accrual_up,False
Cd109,0.5303486829475086,0.0017943263987390623,0.5705036100648223,0.0006512002954836166,0.5904980724839101,0.01589038013883326,0.0015228932599742923,accrual_up,False
Ank,0.5301926230651066,0.0018009760195840407,-0.8145158251967048,1.406787476197905e-08,0.26853042681539224,0.01592162682131402,2.61898646572464e-07,accrual_up,False
Tgfbr3,0.5295495361599866,0.0018286046788204928,-0.5482822361232462,0.001158991746346688,0.43371528886766414,0.016110038802527347,0.0025648663332383755,accrual_up,False
Smtn,0.5290455798484616,0.0018505132980198358,-0.6302991936999336,0.00011048190595422643,0.4140544253273632,0.016274945402067555,0.0003162560057645954,accrual_up,False
Gpr37l1,0.5288114903242302,0.0018607674639669618,-0.8097971644228181,1.98252169343812e-08,0.3646502041235301,0.016308891466830705,3.261144249405554e-07,accrual_up,False
Prkn,0.5280420219533223,0.001894823164308994,-0.7065302828520595,6.209425540843377e-06,0.3102047358580814,0.01657889015632964,2.624215383914007e-05,accrual_up,False
Mapk3,0.5279603325610627,0.0018984703040580623,-0.2131053538993841,0.2415764904357593,0.6293156748583504,0.016580759969762937,0.3008500189728536,accrual_up,True
Ctnnd1,0.5278143753506823,0.0019050019931869703,-0.13735224899815118,0.4534760940967286,0.5837764097350892,0.0165826197393289,0.5196992936390502,accrual_up,False
C6,0.5265947104994866,0.0019603521912956606,0.47835368945679413,0.005617501409321374,0.6293156748583504,0.01686614926757166,0.010608987296907934,accrual_up,False
Slc26a3,0.5265867329436208,0.001960718783703194,-0.6963196945197659,9.602319957446983e-06,0.4190956723889788,0.01686614926757166,3.7794316437451435e-05,accrual_up,False
Scnn1a,0.5263366175166228,0.0019722426350614456,-0.18927335839063283,0.2994988185755268,0.444974073971939,0.016897915922727647,0.364442622508054,accrual_up,False
Prdm16,0.5262299940499682,0.001977173111897998,-0.5802210179547754,0.00049954186755227,0.4323709563179,0.016897915922727647,0.0012025309421350302,accrual_up,False
Tbx18,0.5245777949459769,0.002054956694667341,-0.08150395040441881,0.6574391946676321,0.4881607571331129,0.017383638639300345,0.7093056962774094,accrual_up,False
Pomc,0.5242984663674535,0.0020683668464760675,-0.6825837874177383,1.679822012086027e-05,0.33725942842208523,0.017439238485742845,6.085775627592915e-05,accrual_up,False
Tie1,0.5240360660077574,0.0020810335709232045,-0.43308134828853784,0.013289221581283156,0.42396887788187393,0.01751708291300209,0.022909198812479003,accrual_up,False
Scarb2,0.5237380113820279,0.0020955032056560294,-0.2400445973166507,0.18572979106545665,0.4834555932089383,0.017555680466051358,0.2394257427912293,accrual_up,False
Anapc15,0.5237289635334481,0.002095943815688155,-0.6851692753853312,1.5154221359562556e-05,0.32163156253107683,0.017555680466051358,5.561272169433712e-05,accrual_up,False
Neil1,0.5231724479043723,0.0021232002365623036,-0.12328414227693141,0.5014402869557926,0.5125267845975884,0.01772576825974519,0.5661458396993133,accrual_up,False
Slc22a2,0.5218990454150847,0.0021867296557727795,-0.032945846358086985,0.8579350967798329,0.49824325125634417,0.018137411339995038,0.8839278789484807,accrual_up,False
Fancc,0.5207156727821591,0.00224724204172872,-0.5988487141861454,0.00029341129598218417,0.39960285041739846,0.018578900575134845,0.0007532415806769609,accrual_up,False
Sema3a,0.5201428588873664,0.0022770520609350434,-0.4666775715694972,0.007091609037763961,0.3984265594363548,0.01876452756515292,0.01298431360431944,accrual_up,False
Cdh26,0.5198823820680584,0.002290720845448564,-0.19815866550816266,0.2769563219553043,0.46211431398143216,0.018846721020376007,0.34050474772089834,accrual_up,False
Eya4,0.5197473506708635,0.002297834760734459,0.1091835109208671,0.5519471967162721,0.5073174959672523,0.018874806947675484,0.6141912970965067,accrual_up,False
Vsx1,0.5190740585284169,0.0023335931822602626,-0.39254997016123094,0.026262336464778713,0.436235912398472,0.019106996505151845,0.041995040221578746,accrual_up,False
Vps51,0.5180516563226182,0.002388816607864629,-0.47953355549759724,0.005484324235446342,0.4249771272941971,0.01943437562474876,0.010376683206606747,accrual_up,False
Ldb2,0.5172439939899771,0.002433239756828958,-0.8224537715585508,7.72483342761303e-09,0.2776046715263003,0.019732839427002408,1.8242766349191697e-07,accrual_up,False
Adprhl1,0.5165009630261349,0.0024747393922082838,-0.7405988144757985,1.257964613750717e-06,0.3207913546874742,0.0199111129963004,7.218084920970087e-06,accrual_up,False
Atp7b,0.5162405290710874,0.0024894297266116598,-0.5481648505829138,0.001162404450282356,0.32280785351212044,0.01996632238277685,0.002570188600299219,accrual_up,False
Mus81,0.5157864211753681,0.0025152256534506957,-0.39805652142576775,0.024050674350376455,0.4666514363368862,0.02006064161113392,0.03876224008254986,accrual_up,False
Mboat1,0.5157179559795864,0.0025191349112116245,-0.7406201862292776,1.2566097418885734e-06,0.30230678212821693,0.02006064161113392,7.218084920970087e-06,accrual_up,False
Gper1,0.5156878947866432,0.0025208530234732095,-0.7861593791525464,9.690972582189664e-08,0.2723953828959642,0.02006064161113392,9.86699623587814e-07,accrual_up,False
Rgmb,0.5156018222020556,0.0025257780234388266,-0.7453823834903403,9.857860373706807e-07,0.32230372880595887,0.020068526008662702,6.083078723034607e-06,accrual_up,False
Trp53cor1,0.5152927267594477,0.0025435330610813034,-0.4913844870442462,0.004289740585024786,0.4597617320193449,0.02014683562822318,0.00827921555967137,accrual_up,False
Gtf2i,0.5152003083110672,0.0025488627297598574,-0.7072609099456998,6.0145300787441725e-06,0.2789490040760645,0.020157750053496175,2.5566764943061684e-05,accrual_up,False
Wnt11,0.5139857271371765,0.0026198114979757037,-0.24753258878566836,0.17196644261788477,0.4473266559340264,0.02055947454026779,0.2236533342410825,accrual_up,False
Pcmtd2,0.5134756815213953,0.002650111963460834,-0.7328444260100359,1.8474219669764676e-06,0.3431408833273034,0.020765316629206932,9.909252842846437e-06,accrual_up,False
Rsad1,0.5133047460601028,0.002660334512768911,-0.6932322361056705,1.0917347561808053e-05,0.36649866137945586,0.02081344532152487,4.225295137540431e-05,accrual_up,False
Clcn4,0.5119595005637702,0.0027419846924775166,-0.6186903519014427,0.00016038157291712967,0.4411091178913671,0.021390365820918234,0.0004402050001389634,accrual_up,False
Moxd1,0.5119517373184359,0.0027424621146599736,0.13779605905110232,0.4520041204440677,0.5320196065691688,0.021390365820918234,0.5183355711505352,accrual_up,False
Acox1,0.5116736096057332,0.0027596139142708215,-0.4524690752661492,0.009318405601574669,0.4195997970951404,0.021491283323199176,0.01666988573379505,accrual_up,False
Ror2,0.5113094513752158,0.002782211525590863,-0.12803183493618203,0.4849743165839643,0.5221051540146581,0.02163423931713261,0.5501120722470095,accrual_up,False
Cyp27a1,0.5108187405528387,0.0028129156458007124,-0.7113507177988634,5.022322395316225e-06,0.32448826919932566,0.021773418375158473,2.2219992218509298e-05,accrual_up,False
Pth2r,0.5104528476350839,0.0028360003644387396,-0.6741697842921205,2.3323599552743868e-05,0.32885734998605914,0.021918845240912137,8.121070397170407e-05,accrual_up,False
Dusp15,0.5103795276791302,0.0028406459022662154,-0.70527333669667,6.558154381158343e-06,0.36011308176807605,0.021921535170136106,2.7465636698102385e-05,accrual_up,False
Rsph1,0.50952457111082,0.0028953040145358,-0.7446329500365308,1.0245276671171825e-06,0.2893675813367368,0.022309585767593832,6.251334485603765e-06,accrual_up,False
Fut1,0.5090342751480127,0.002927057892506057,0.2651789028880084,0.14242946127828723,0.6267950513275425,0.02252024481097043,0.18939850937970365,accrual_up,False
Hoxa4,0.5084167237377849,0.002967481941192325,-0.7437794564466611,1.0703353224363981e-06,0.26298505504761505,0.022728416489522597,6.4460218178843766e-06,accrual_up,False
Sypl2,0.5082356126900539,0.002979428433445787,-0.7827886170902196,1.19574760341593e-07,0.21794991463051544,0.02278570380660714,1.1596023811833953e-06,accrual_up,False
Rad21l,0.5075332231590857,0.0030261540836053094,-0.5123471811474035,0.0027182345894237094,0.4261534182752407,0.023108401168369288,0.0054848554749408,accrual_up,False
Adamts20,0.5070606409634626,0.003057947555613711,-0.7190989294681709,3.5389858597818868e-06,0.3038191562467016,0.023300446890437886,1.6730645848700096e-05,accrual_up,False
Bloc1s5,0.5070237873961045,0.0030604390152114062,-0.6257871857329753,0.00012792974269694747,0.3574244166685477,0.023300446890437886,0.00036193545063623354,accrual_up,False
Gng11,0.5064520523351154,0.003099316227692391,-0.7123624288369509,4.80099710768326e-06,0.33003364096710286,0.023491251229508004,2.1425972218978398e-05,accrual_up,False
Nagk,0.5054515974436393,0.0031683736661437243,0.5895473703976861,0.0003842583229471932,0.4597617320193449,0.023896412391486106,0.0009533568605805605,accrual_up,False
Cavin1,0.505398876612039,0.003172049370034806,0.04679505782984887,0.7992482184203571,0.48950508968287704,0.023896412391486106,0.8332240266017252,accrual_up,True
Ephb3,0.5053602409438739,0.0031747453938477358,-0.6767387867432919,2.1123242245546682e-05,0.3653223703984122,0.023896412391486106,7.446417325123264e-05,accrual_up,False
Klhl22,0.5050845886398077,0.0031940381370490776,-0.795903966926142,5.165579780998112e-08,0.307179987621112,0.023979821222980674,6.288692711902475e-07,accrual_up,False
Zfp111,0.5050469157214152,0.003196682695868821,-0.4745111264922673,0.0060705825665666084,0.47337309908570707,0.023979821222980674,0.011351188296208311,accrual_up,False
Fhl2,0.5043693244546869,0.0032445722855041405,-0.06457298287201681,0.7255030293904684,0.4453101571093801,0.02426768801811821,0.7708375240409872,accrual_up,False
Hexa,0.5042779211171399,0.003251079532608677,0.5464392352961615,0.0012135984286829546,0.41976783866386086,0.02428075650927798,0.0026694978804276633,accrual_up,False
Dusp7,0.5041464280891548,0.003260460647602798,-0.4681675789756329,0.006886865134163974,0.4479988222089084,0.024315218952371157,0.012668553569913607,accrual_up,False
Commd1,0.5034187747439964,0.0033127975717019927,-0.49609647972783905,0.00388116391641569,0.4483349053463494,0.024601500912951182,0.007553535725920043,accrual_up,False
Adgrv1,0.5034115999047721,0.003313317217643102,-0.4718939582853514,0.006396741116324467,0.3765811555026871,0.024601500912951182,0.01186537324886222,accrual_up,False
Alox12,0.5021028160489985,0.0034092929965921937,-0.5858496216582826,0.00042679029844587367,0.46799576888665045,0.025225606231434064,0.001048173958773424,accrual_up,False
Gatd3a,0.5020395949380781,0.0034139892665737085,-0.7575273128928022,5.179084503630899e-07,0.23626644562105226,0.025225606231434064,3.6084972981025875e-06,accrual_up,False
Champ1,0.5017935352470025,0.0034323205853125367,-0.3921281739901579,0.02643840177269659,0.45539265123261136,0.02530096431456539,0.04222363413980129,accrual_up,False
Echs1,0.5014672498544347,0.0034567596631762754,0.3138275694014301,0.08026661207130864,0.5236175281331428,0.02537112380124055,0.11446463186350164,accrual_up,False
Smad3,0.5013705363731663,0.0034640323856940714,0.4325973684981508,0.013404132268447526,0.4740452653605891,0.025387972987680255,0.02307609811047952,accrual_up,False
Car2,0.5010993399348866,0.0034844964655317903,-0.8077214488347482,2.2986105801404214e-08,0.2977696597727628,0.0254984671188293,3.5856919172159906e-07,accrual_up,False
Hdac5,0.500718361748995,0.0035134206897444228,-0.6404892861453411,7.86569696331786e-05,0.30012224173485014,0.025602798483409,0.00023546314677162208,accrual_up,False
Tert,0.49940174007477917,0.003614980770171807,-0.3284726409064987,0.06643166233910336,0.4137183421899222,0.02623528171369207,0.09665371066507879,accrual_up,False
Shld1,0.49938114586683097,0.0036165892421122364,-0.32121233108090175,0.0730366200553229,0.44077303475392604,0.02623528171369207,0.1052428810458198,accrual_up,False
Spsb2,0.49912311591995107,0.0036367945595721482,0.7434590692195983,1.088007080597435e-06,0.3915368551188134,0.026313885175003583,6.513995443811638e-06,accrual_up,False
Adgra3,0.4988356135327709,0.0036594223352008574,-0.6707028277544833,2.662040183970648e-05,0.28567066682488534,0.02644010386948948,9.072706438066077e-05,accrual_up,False
Cdh11,0.49847528735324026,0.003687953010730734,-0.7450904079009177,1.0007179307658557e-06,0.33104189037942594,0.026608554890717784,6.142224281830315e-06,accrual_up,False
Nme5,0.49807677774876546,0.003719730191504317,-0.714948757782993,4.274838212960979e-06,0.3054995719339068,0.02676212088415165,1.9574461152885053e-05,accrual_up,False
Cfap44,0.49752554823375805,0.003764074141392014,-0.6062012075949531,0.00023566606801966267,0.35036667078228584,0.027043017176395304,0.0006209362670290802,accrual_up,False
Vegfd,0.49701238158077865,0.003805764849163146,-0.1146632802006568,0.5320409974502118,0.4064925547349398,0.027235253602665294,0.5951625280687567,accrual_up,False
Pdgfb,0.4969991038608167,0.0038068488176240646,0.5391631039577814,0.0014518131501710509,0.45707306691981653,0.027235253602665294,0.003138007999585818,accrual_up,False
S100a1,0.4967336727314457,0.0038285740083389614,0.14119486278928584,0.44081679823351283,0.5305072324506841,0.0273261485928906,0.5072426094719488,accrual_up,False
Dkk2,0.49644126792000026,0.0038526305360854843,0.27777493492250976,0.1237341003580229,0.5163917406781604,0.027398545003032886,0.1680872559057989,accrual_up,False
Arnt2,0.4963940285569694,0.003856529173138132,-0.8453677556660631,1.1433790564239917e-09,0.22013445502388224,0.027398545003032886,5.6205073693140944e-08,accrual_up,False
Espn,0.4959128462674903,0.0038964348905970035,-0.1639927998778935,0.3697893783283742,0.47942259555964584,0.027605158856854602,0.4366425043641289,accrual_up,False
Hoxa1,0.49574448914721003,0.003910480929490105,-0.7720257071610958,2.283940011060957e-07,0.2586159742608815,0.027666245799346772,1.9098980322003184e-06,accrual_up,False
Ctsk,0.49553720113890637,0.0039278348572800055,0.6099553415349565,0.0002102771142325937,0.4002750166922805,0.027713127375493956,0.0005604093833335739,accrual_up,False
Aspa,0.4954064401413442,0.003938816108167212,-0.840312751766401,1.7875640697937207e-09,0.31390165036993284,0.027751244430609043,7.413304325217698e-08,accrual_up,False
Cd5l,0.49473194939744036,0.003995880441762498,0.35776420120137065,0.04438929627842785,0.5229453618582607,0.028037119853411972,0.06737333646570559,accrual_up,False
Ang,0.49423132408054504,0.00403869402352593,0.5288841333177214,0.0018575800933699378,0.4706844339861787,0.028159759845840678,0.003910654583689663,accrual_up,False
Daglb,0.4942049386766853,0.004040961420732283,0.3386302179976096,0.057985202925856155,0.46917205986769406,0.028159759845840678,0.08580868004780744,accrual_up,False
Lratd2,0.49338353931999446,0.004112097516392504,0.5235332472688988,0.002105494501438808,0.444637990834498,0.02857739704512011,0.004383373177108083,accrual_up,False
Abca4,0.4928887833890167,0.004155463036276162,-0.5603183509360182,0.0008523966563044743,0.3994348088486779,0.028839478840877144,0.0019411050642005013,accrual_up,False
Synpo2,0.49249133669812895,0.00419058380990715,-0.28738689739201134,0.11073940848838261,0.43304312259278205,0.029004298526915027,0.15250586465962196,accrual_up,False
Zfp219,0.4922172776766911,0.0042149497849434435,-0.19797232646057578,0.27741748931161614,0.5723495830620938,0.029133413079941065,0.34090739893484795,accrual_up,False
Dixdc1,0.4914750205252377,0.004281555107624418,-0.8233733212700268,7.192911018250371e-09,0.270714967208759,0.029513800816205617,1.7330433489866069e-07,accrual_up,False
Glb1,0.49009790513699564,0.004407527994033251,0.40876671832916706,0.02018701348493825,0.4538802771141266,0.030300269942808104,0.03306806544209056,accrual_up,False
Nectin3,0.4899561986951686,0.004420669647823276,-0.6136745198970878,0.0001875550242106201,0.30852432017087617,0.030349711808272586,0.0005072736895537504,accrual_up,False
Pawr,0.48963588688438,0.004450499055541838,0.15313385224995968,0.4027372052847058,0.46732360261176825,0.03048048242947992,0.46999828052099846,accrual_up,False
Rxra,0.48962337024746766,0.0044516681846623295,0.32835923243421883,0.06653111357337774,0.4577452331946986,0.03048048242947992,0.09674321845433291,accrual_up,False
Smad9,0.4889769604262764,0.00451240661344155,-0.6682357170266677,2.9216057495126528e-05,0.30197069899077583,0.03079000941922826,9.791794302407387e-05,accrual_up,False
Serpine2,0.4888285532629282,0.004526451408968862,-0.5379550172698946,0.0014950858994208067,0.3673388692230585,0.030827007526235205,0.003223344536325247,accrual_up,True
Utrn,0.4887013042195283,0.004538523752972821,-0.664876531642698,3.3116531706782796e-05,0.3812863194268617,0.030868012885219148,0.00010905579614996711,accrual_up,False
Kiss1r,0.48840493457018797,0.0045667481439727675,-0.5442650656400594,0.0012809032545008934,0.41825546454537627,0.031018618218914894,0.0027946482041099475,accrual_up,False
Wdr34,0.4880099015388426,0.004604602922948098,-0.7844901563064065,1.0758884341963e-07,0.24534069033196035,0.031162408562165504,1.0681356797797522e-06,accrual_up,False
Rab3gap2,0.48799282823569134,0.0046062450609434995,-0.2287508481486978,0.20792053910567626,0.4227925869008303,0.031162408562165504,0.26450952825752894,accrual_up,False
Nbr1,0.48778900226502603,0.004625888248602847,-0.7894119727201981,7.88396227331787e-08,0.2515582283746196,0.031217479509425602,8.556615224722224e-07,accrual_up,False
Sirt4,0.48696581697059116,0.004705954214239781,-0.5212211586546619,0.0022212180670725615,0.3811182778581412,0.03154411622449031,0.004594660729982618,accrual_up,False
Cpt1c,0.48682695398335757,0.004719577119870974,-0.5761477299162772,0.0005588214632457729,0.41069359395295285,0.031585571229365145,0.0013301671880619169,accrual_up,False
Ms4a7,0.4862392199192716,0.0047776112302564165,0.6312407630792256,0.00010712141583861756,0.42346475317571236,0.03185698677848102,0.00030854113054364096,accrual_up,False
Pls1,0.4861533214910318,0.004786144104793012,-0.8745435361053083,6.091504169958163e-11,0.13695387850722443,0.03187222072917644,1.7563388887121595e-08,accrual_up,False
Bicd2,0.4848344661454529,0.0049188062923680555,-0.6585244145224587,4.17953047114223e-05,0.33389859704767477,0.03267035273094981,0.0001340024194424671,accrual_up,False
Lrp5,0.4830787338325711,0.005100298801911298,0.4232360898690987,0.015796068378563302,0.436235912398472,0.0337878236214929,0.026592655049191883,accrual_up,False
Amy1,0.4816055228525601,0.005256986493674526,-0.5471360179465917,0.0011926940448064788,0.3695234096164252,0.034645850263867906,0.002629184236196132,accrual_up,True
Tgfb3,0.48138802157140137,0.005280465229283219,-0.6023566517141176,0.00026445726862922694,0.2927284127111472,0.034755681463966064,0.0006876774919013591,accrual_up,False
Rag1,0.4811606044065938,0.005305110361904647,-0.7506681841327745,7.482731817265156e-07,0.2164375405120308,0.03487289685061289,4.8499891994751665e-06,accrual_up,False
Pten,0.4809703155150531,0.005325807556546293,-0.680800504659521,1.802419418581567e-05,0.38347085982022844,0.0348741262463962,6.479310397593074e-05,accrual_up,False
Ogg1,0.48019641140042885,0.005410697094704551,0.1024798131996207,0.5767611938880586,0.4564009006449345,0.03524823135375584,0.6363960307209576,accrual_up,False
Osr1,0.4792249745635573,0.0055188915455680635,-0.08648955889613417,0.637871485303455,0.4380843696543977,0.03586224939355757,0.6919996696156793,accrual_up,False
Kirrel,0.4779559961481027,0.005663010006793825,0.2558063305599677,0.15761894952352354,0.5155515328345578,0.03670522750273863,0.2071667769954892,accrual_up,False
Mmut,0.4778688414580127,0.005673025259055953,-0.7875370342572184,8.883737471919737e-08,0.21576537423714867,0.036723479500563976,9.363298490572907e-07,accrual_up,False
Glis3,0.4777716010955391,0.005684217370175972,-0.0999715140203482,0.5861722212748115,0.45488852652644973,0.036749293796283444,0.6449913753032304,accrual_up,False
Klhl21,0.47732468429709446,0.005735899528340158,0.028698925960671647,0.8760972968996202,0.48782467399567186,0.03703648543552297,0.8988278985287537,accrual_up,False
Gna12,0.47683355882079165,0.005793156995912833,-0.26917269830576407,0.1362919802700392,0.3844791092325516,0.03735890497617113,0.18262229557981466,accrual_up,False
Cbs,0.4764171588219075,0.005842084796471953,-0.7682712742723832,2.839169940980988e-07,0.17896427068735463,0.03757941304767141,2.2709317315352e-06,accrual_up,False
Cav2,0.4749048444948609,0.006022767605638443,-0.6970167757561436,9.326017736153753e-06,0.2895356229054573,0.03856100187703252,3.691638033028459e-05,accrual_up,False
Anks6,0.4748802382967877,0.0060257464422674555,-0.43071182629987315,0.01385978912546596,0.380110028445818,0.03856100187703252,0.023764297253446,accrual_up,False
Socs6,0.47482465669566554,0.006032479807463625,0.3182033664407894,0.07591889214796688,0.41287813434631954,0.03856100187703252,0.10905724270537286,accrual_up,False
Pknox2,0.47449195489592594,0.006072919110782533,-0.8385408621019481,2.083110207104867e-09,0.18568593343617548,0.038687938863254924,8.111408524001471e-08,accrual_up,False
Sult1a1,0.47416906646687507,0.006112386818104897,-0.25603705467212123,0.15723159189129984,0.3700275343225868,0.03887114632207175,0.20671091500967023,accrual_up,False
Cxxc5,0.4741143204756885,0.0061191002737940835,-0.7948435861454815,5.540585846498511e-08,0.19610451069684778,0.03887114632207175,6.650006683056213e-07,accrual_up,False
Lpar1,0.4739367938035666,0.006140913563389008,-0.7690884346620432,2.7087640013413774e-07,0.30365111467798106,0.03896119413786981,2.195679591646465e-06,accrual_up,False
Itgb8,0.4727822907396188,0.006284397878076126,-0.6714414947363689,2.5884732196732015e-05,0.29793770134148334,0.03977259748891603,8.887116366989621e-05,accrual_up,False
Flt1,0.4717177049506836,0.006419233599767808,-0.7629033617804433,3.8487351261800007e-07,0.2765964221139772,0.04037547545304018,2.8759805235828025e-06,accrual_up,False
Rabep1,0.4713653082242927,0.00646440694006653,-0.841588036825622,1.5993253471217176e-09,0.20215400717078652,0.040609531774974596,7.032895341093001e-08,accrual_up,False
Gria1,0.47118160611583354,0.006488062852541773,-0.7487955172670704,8.256753678376868e-07,0.2708830087774795,0.040708005671359876,5.258139889313408e-06,accrual_up,True
Luzp2,0.4711180676187758,0.006496262079359458,-0.7546023232703527,6.067788725334248e-07,0.24282006680115253,0.04070937698625626,4.0726039852539465e-06,accrual_up,False
Fmo4,0.4708327426226337,0.006533190458163753,-0.48854787754504236,0.004553116384807554,0.46211431398143216,0.040890557701954974,0.008754408849944717,accrual_up,False
Pln,0.4707643836727555,0.0065420644004944095,-0.47147800437127885,0.006449931142850815,0.3651543288296917,0.04089591973887498,0.01195099845974646,accrual_up,False
Aplp2,0.47057648395506385,0.006566509381791846,-0.7660314284464474,3.226595653028471e-07,0.20080967462102234,0.04094836718401003,2.520499912113052e-06,accrual_up,False
Nrp1,0.4704744881108267,0.006579811211501826,0.2206278131032769,0.2249671384635019,0.4664833947681657,0.04098121732584959,0.28306792632025735,accrual_up,False
Rab7b,0.47022107936234386,0.006612959126796654,0.42889427351467524,0.014311223722713836,0.43371528886766414,0.041087338009488106,0.024439756347359655,accrual_up,False
Etnppl,0.47010349194984086,0.006628388815837489,-0.4173312998852106,0.017480500595213014,0.3985946010050753,0.04113310383161439,0.029035504244930507,accrual_up,False
Fabp3,0.4698848339654133,0.006657162498918019,-0.837255717364518,2.324951544392811e-09,0.13611367066362184,0.04121139066381167,8.293411068494915e-08,accrual_up,False
Zmynd10,0.4687787930956142,0.006804346138425638,-0.5933585428175052,0.00034439347435811607,0.3369233452846442,0.04199101482423388,0.0008645428704235975,accrual_up,False
Col5a1,0.4686648111807743,0.0068196704064909155,0.25956170116537,0.15139900529376124,0.505300997142606,0.04201345258878039,0.19997056602886487,accrual_up,False
Hoxa3,0.4682466946734463,0.0068761360507262675,-0.7926857996397139,6.381914183447646e-08,0.18064468637455985,0.04229344426321198,7.336417671441225e-07,accrual_up,False
Upk1b,0.4679342032030917,0.006918596954188558,-0.5157790974067231,0.0025156435779366848,0.3695234096164252,0.04235044089668383,0.005124719605053925,accrual_up,False
Ckb,0.46790509386902784,0.006922563638023607,-0.7781473697685959,1.5875506573683769e-07,0.2974335766353218,0.04235044089668383,1.4332913103072726e-06,accrual_up,False
Atg14,0.46789319963395004,0.006924185004476438,-0.4008025296849173,0.023006406023669566,0.35238316960693206,0.04235044089668383,0.03720852160010731,accrual_up,False
Lrp1,0.4678308865446727,0.006932684521166409,0.7156276240359045,4.14569395432028e-06,0.3833028182515079,0.0423516452005627,1.9120420308307188e-05,accrual_up,False
Vangl2,0.4674079989400715,0.006990601636623921,-0.6644018603778177,3.370393048897006e-05,0.3500305876448448,0.04255902911348045,0.00011063304338753943,accrual_up,False
Npsr1,0.4674002865409349,0.006991661712820353,-0.8528384180509833,5.733479169692959e-10,0.10855485339345643,0.04255902911348045,4.6462202237826954e-08,accrual_up,False
Fbxl20,0.46710999247669666,0.0070316625838921275,-0.3272180385661088,0.06753834764605521,0.46799576888665045,0.0427006081433735,0.09801226496231227,accrual_up,False
Ephb4,0.4664868833414168,0.007118182054286105,-0.33472190466841945,0.061128733371564714,0.41069359395295285,0.043174609582536765,0.08986099969116762,accrual_up,False
Mttp,0.46617505867715175,0.00716181848241108,-0.5825180969903724,0.00046862423191070007,0.33826767783440836,0.043336223106499316,0.001137768780093518,accrual_up,False
Meox2,0.46573589850982716,0.0072236601774488965,-0.6207182969388644,0.0001504323383242277,0.3251604354742077,0.04360697108303766,0.0004184053204972113,accrual_up,False
Pcx,0.46539227116018245,0.007272365533948736,-0.8522937616915658,6.037034356541217e-10,0.13846625262570914,0.04380186425593084,4.6462202237826954e-08,accrual_up,False
Rtn4r,0.4652901858873164,0.007286888719468224,-0.8465449299844963,1.0280349136218827e-09,0.19627255226556828,0.04383304169576345,5.578729887643855e-08,accrual_up,False
Pou3f2,0.4648411649267963,0.007351062184027566,-0.7568845347162962,5.363505534705772e-07,0.1771158134314289,0.04401146502432467,3.677317437168567e-06,accrual_up,False
Shroom3,0.464505501307798,0.007399348280079086,-0.7816783619219553,1.280421409833289e-07,0.22904065816606983,0.04419680980876278,1.2152854125671136e-06,accrual_up,False
Galc,0.46433439353340167,0.007424066233479508,0.28440803487644034,0.11465210296391143,0.4594256488819038,0.044256591581842225,0.15708847091563582,accrual_up,False
Hpse,0.46431612820283874,0.007426708957862564,0.6437700887984527,7.032234410684608e-05,0.3838069429576695,0.044256591581842225,0.00021301322879395596,accrual_up,True
Dsg2,0.4642047190257647,0.007442845557085663,-0.44854255285516687,0.010029130382262469,0.3375955115595263,0.04429319899562474,0.017831507173203504,accrual_up,False
Decr1,0.4641538834096502,0.00745021853327701,-0.22274529609970078,0.2204349958094016,0.4779102214411611,0.04429319899562474,0.27807188232582786,accrual_up,False
Snx30,0.4639131782708703,0.007485213762653646,-0.517753667722701,0.0024051239655118136,0.3268408511614129,0.04444944750092694,0.0049397660089852205,accrual_up,False
Ncam1,0.4634117454122943,0.007558564388826548,-0.8274481717370877,5.217184177428035e-09,0.27525208956421304,0.04483079380695078,1.3816028188322434e-07,accrual_up,False
Grb7,0.46334043162553323,0.007569045791473827,-0.5689976657874287,0.0006780181077201379,0.3093645280144788,0.04483079380695078,0.0015806994366912356,accrual_up,False
Rab5b,0.4629523870210484,0.007626295799464652,-0.6867001616258229,1.4250729382806776e-05,0.31003669428936087,0.045025156103089346,5.275251856436674e-05,accrual_up,False
Abcg2,0.46265456638312974,0.007670483953091505,-0.42805900634502664,0.014522772028641374,0.395905935905547,0.04512934099736997,0.024751306421015584,accrual_up,False
Mst1,0.46222520317523436,0.007734572237266767,0.07647813040534891,0.6773928332059498,0.43892457749800035,0.04534948618654917,0.7280617029463864,accrual_up,False
Pianp,0.4620693215539858,0.007757952007115246,-0.09906057946143706,0.5896066523288923,0.4997556253748288,0.04543434349976449,0.6483258317589308,accrual_up,False
Sox13,0.46193511599215126,0.007778128796028275,-0.7813087506897404,1.3098055872530877e-07,0.2288726165973493,0.045454390149097114,1.2327155536121772e-06,accrual_up,False
Usp2,0.461828918898829,0.007794126310822544,-0.04452535563551601,0.8088016464880773,0.4357317876923104,0.04548951751888536,0.8418072227577397,accrual_up,False
Ntng1,0.46168674455554276,0.00781558719587468,-0.807597911545929,2.318808164766201e-08,0.21744578992435387,0.04556264032703628,3.5952098627575656e-07,accrual_up,False
Abca1,0.46078305860928154,0.007953173690105035,0.7458989590340356,9.59864485578618e-07,0.4192637139576994,0.04629384591914885,5.962222955202208e-06,accrual_up,False
Tent5c,0.460682621627056,0.007968591499270851,0.6380559215385392,8.539914150142561e-05,0.37943786217093595,0.04629588295874785,0.0002534153698654869,accrual_up,False
Klf12,0.46044012363782083,0.00800592137448511,-0.8072010651102645,2.3847981353719672e-08,0.12485488555934696,0.04641619738606362,3.64217224207557e-07,accrual_up,False
Shcbp1l,0.46042989476219587,0.008007499254996272,-0.45216600771475557,0.009371700766403934,0.2819737523130339,0.04641619738606362,0.016756062253566933,accrual_up,False
Abcc6,0.4599944854452581,0.008074909712847708,-0.7375435804275717,1.4659313130526969e-06,0.23273757267792128,0.046731130801937616,8.172366806428204e-06,accrual_up,False
Eya2,0.4593722458350744,0.00817208130811935,-0.45194715293172605,0.009410347075580026,0.4073327625785424,0.047014560871235865,0.016807486145845138,accrual_up,False
Cldn7,0.45935210443293256,0.008175243186196082,0.32820726792208965,0.06666455807471705,0.49387417046961063,0.047014560871235865,0.09690963543434929,accrual_up,False
Adcy8,0.45919591369931995,0.008199797900841063,-0.8256799061619197,6.003400132151048e-09,0.2518943115120607,0.047102667896610655,1.5311672037051248e-07,accrual_up,False
Kcnn2,0.45850266751239477,0.008309539884523608,-0.762168256355297,4.010007480121229e-07,0.1561106173413638,0.04759637230017142,2.9794692710076805e-06,accrual_up,False
Mdk,0.4584763145002503,0.00831373607517207,-0.06023604870594488,0.7432994344498995,0.36498628726097115,0.04759637230017142,0.7861435652351104,accrual_up,False
Trim28,0.4584062178904809,0.008324906312105444,0.1530729380289103,0.40292660613708176,0.5205927798961735,0.04760689136552676,0.4701117607285576,accrual_up,False
Hdac8,0.45834724920565695,0.008334313119250517,-0.7500066491653837,7.748256467926145e-07,0.23240148954048026,0.04760731379764489,5.009360740543887e-06,accrual_up,False
Sox2,0.4581762878510687,0.008361636218340476,-0.34283682444032726,0.05474563505783986,0.452703986133083,0.04768843215530411,0.08153503195037698,accrual_up,False
Slc47a1,0.45812880626536245,0.008369238210523168,-0.5702335760490685,0.0006559390919986241,0.3574244166685477,0.04768843215530411,0.001532728038609703,accrual_up,True
Akr1b3,0.45808310614354003,0.008376560519731912,0.5603676076041938,0.0008513051544882099,0.4616101892752706,0.04768843215530411,0.001939485302833568,accrual_up,False
Twnk,0.45704784844832697,0.008543896866057712,-0.0029879574037032404,0.9870509309893591,0.3629697884363249,0.04837116305633783,0.9909361934612716,accrual_up,False
Thbs2,0.45687648757033,0.00857186677738158,0.6198972225828059,0.00015439222235522133,0.4797586786970869,0.0484316095671744,0.0004266276956847151,accrual_up,True
Trem2,0.45619366019770063,0.008684091737003841,0.5176346274155621,0.00241166537651424,0.44547819867810057,0.04894757121597414,0.004948473485759911,accrual_up,False
Myh11,0.4556607264201976,0.00877254422020566,-0.580631003076484,0.0004938949679663335,0.28247787701919547,0.04939155415813363,0.0011911859251046181,accrual_up,False
Lamc1,0.4554852440637465,0.008801836080961101,0.33113031483503236,0.0641341569486889,0.4286740418060485,0.04950183665819469,0.0937925271202013,accrual_up,False
Sdk1,0.4544384709371051,0.008978292682411132,-0.3821191193710395,0.030908548230798968,0.34969450450740375,0.05027259667993175,0.04861686849377291,accrual_up,False
Hspg2,0.4544383964358117,0.008978305347072696,0.21279327105037565,0.24228278705217043,0.520760821464894,0.05027259667993175,0.3014352431105174,accrual_up,False
Dppa3,0.453988770105754,0.009055014571939827,0.4301413238013178,0.014000185150866453,0.5483196387350593,0.050591050746402036,0.023956707297742293,accrual_up,False
Foxj1,0.45392279878162706,0.009066316267399697,-0.5140168403177431,0.0026179729042672614,0.3547357515690194,0.05059877382932807,0.005303526522902026,accrual_up,False
Ogt,0.45369428411986884,0.00910555601310695,-0.046102393699176736,0.8021607642420241,0.45119161201459834,0.05070959372968301,0.8355773041451021,accrual_up,False
Polr2e,0.4525222773811012,0.00930907639380079,0.29996801666597656,0.09531046529020283,0.513366992441191,0.05161478117910633,0.13360227629714883,accrual_up,False
Ptgds,0.45213909397436053,0.009376446055783902,-0.5979306474204519,0.0003014389918662115,0.3564161672562246,0.051752653241289866,0.0007695897384932657,accrual_up,False
Cd81,0.45209247484999626,0.00938467050542896,-0.6772376263237179,2.0718363055076535e-05,0.27525208956421304,0.051752653241289866,7.339927812665129e-05,accrual_up,False
Abcb1a,0.4512768548080858,0.009529551048295178,-0.7521812512946874,6.906337832037564e-07,0.17560343931294423,0.052341190330084664,4.53046459359245e-06,accrual_up,False
Itpkb,0.45081648665452734,0.009612159319365017,-0.2929672994946298,0.10368009629333225,0.43875653592927977,0.05260903936489373,0.14379341250470032,accrual_up,False
Setbp1,0.4504260534146689,0.009682692248066635,-0.4465713829671253,0.010402848511362693,0.3942255202183418,0.05284238861972983,0.018380647820041944,accrual_up,False
Kyat1,0.44934572524863386,0.009880141094484632,-0.6421054641859507,7.444664451811561e-05,0.30348307310926054,0.05372985045092336,0.00022417493133819816,accrual_up,False
Dsp,0.44871153932513036,0.00999762658164435,-0.36126052141171583,0.042206422825791165,0.4273297092562844,0.05420707843963617,0.06430554445470751,accrual_up,False
Unc13b,0.4486999919350628,0.009999776673534137,-0.5169703784181939,0.0024484508910580325,0.35692029196238617,0.05420707843963617,0.005012355598148249,accrual_up,False
Tfeb,0.4480035004320839,0.01013018577295315,0.020964047391711187,0.909329238489079,0.42749775082500485,0.05485570873443101,0.9262157439162924,accrual_up,False
Gdf15,0.4479129554136152,0.010147244179854307,0.29463593180112063,0.10163663292546833,0.4500153210335546,0.05488981183609419,0.14132994593393688,accrual_up,False
Ezh1,0.44622425083197315,0.01046986400146383,-0.7139374831635814,4.473996737116885e-06,0.26164072249785086,0.05633626188973312,2.0286095427585093e-05,accrual_up,False
Tyro3,0.44603775148366204,0.01050601875369331,-0.8450341194857712,1.178175584701343e-09,0.09712802672046102,0.0564117912237785,5.669692129775047e-08,accrual_up,False
Plxdc2,0.44531784465119084,0.010646569548324084,-0.4944277791786088,0.004021846302620472,0.3626337052988839,0.056996405843913765,0.007806483253297956,accrual_up,False
Cntrob,0.44530843578660495,0.010648416931827057,0.28201381518963337,0.11787096377877537,0.4036358480666909,0.056996405843913765,0.16093677361764808,accrual_up,False
Hexb,0.44514420559380347,0.010680706280259888,0.4784991426676647,0.005600935325160468,0.4306905406306948,0.05710931104361183,0.010585539493754554,accrual_up,False
Grp,0.4448143571632502,0.010745807398515404,-0.6199034796665978,0.0001543616974052829,0.30516348879646576,0.057367598962695956,0.0004266276956847151,accrual_up,False
Slc19a3,0.4446298707393254,0.010782364566574311,-0.6724770097369133,2.488425408037966e-05,0.2900397476116189,0.05747214383918031,8.599903798375111e-05,accrual_up,False
Col9a2,0.44452265450127,0.010803658289115116,-0.7246106604062108,2.7395196211636736e-06,0.30919648644575826,0.05752553333275178,1.3567271444229028e-05,accrual_up,False
Mef2c,0.4444233385145367,0.010823414600244127,0.005028739975852138,0.9782083473636183,0.41271009277759907,0.05756865072130212,0.9841895029392144,accrual_up,False
Pcsk4,0.4443578299068541,0.01083646248345089,-0.1353981526347076,0.45998762558588424,0.4681638104553709,0.05756865072130212,0.5262159403708445,accrual_up,False
Wtip,0.4441018157984337,0.010887582151344744,-0.2813782075992567,0.11873668475294108,0.41321421748376064,0.05765975730081533,0.1619887212957348,accrual_up,False
Ssbp2,0.4437051707872816,0.010967183686680898,-0.7442407314468855,1.0453517009928983e-06,0.23021694914711346,0.05797264661736711,6.348022650910445e-06,accrual_up,False
Pllp,0.44360529586697556,0.010987304413783285,-0.7522837844119256,6.868784246698893e-07,0.22853653345990826,0.05801888179576453,4.5151634590735895e-06,accrual_up,False
Pmp22,0.44334418826509275,0.011040053986313912,-0.6924392219735312,1.1280404264831406e-05,0.28163766917559285,0.058201006086385655,4.339467734155732e-05,accrual_up,False
Polk,0.44332166789379257,0.0110446135839289,-0.3885882816967194,0.027954473676342285,0.32566456018036927,0.058201006086385655,0.04439469807690597,accrual_up,False
Bcl7b,0.44303005156057684,0.01110379927492914,-0.7302721461823612,2.0925701967113196e-06,0.20803546207600473,0.05845250784459601,1.0947898024025068e-05,accrual_up,False
Ddx4,0.44279596499025325,0.011151502006545612,-0.4671502561136375,0.007026102869289592,0.3703636174600278,0.0586431048818445,0.012873617362157402,accrual_up,False
Alx4,0.44270836828748183,0.011169397008699811,-0.2760041809139582,0.12624629927053266,0.4597617320193449,0.058676718992150094,0.1708629271899674,accrual_up,False
Fah,0.4416323323959256,0.011391199830888604,-0.6102360321114074,0.00020848053178964252,0.33003364096710286,0.059699589879302226,0.0005562025066207984,accrual_up,False
Ttll3,0.44130565475250055,0.011459267096487273,-0.18224081832081007,0.31814065270231906,0.41069359395295285,0.05995253482992983,0.3844670621735441,accrual_up,False
Egfr,0.44123535293270044,0.01147396001903601,-0.43370762687865294,0.013141752021333239,0.40279564022308834,0.05996789964867079,0.022686916906753552,accrual_up,False
Nedd4l,0.4410597479981199,0.011510730350946994,-0.7261416032298472,2.5487013384218515e-06,0.25659947543623524,0.06009850104419715,1.278360425495562e-05,accrual_up,False
Atp6v0d2,0.4408911658903692,0.011546123421304656,0.7601806956705475,4.4774540697550024e-07,0.339780051952893,0.06016013848015837,3.2534890612279585e-06,accrual_up,True
Osr2,0.4404616592703856,0.0116367106208347,-0.42378006085735287,0.01564795198876128,0.4236327947444329,0.06050852281027298,0.026398091808595637,accrual_up,False
Osgep,0.44030236963690783,0.011670458057088677,-0.21583898593575132,0.23544859557104558,0.4056523468913372,0.060622206261923973,0.2942963210016916,accrual_up,False
Tnfsf13,0.4401888731377418,0.011694553872547897,0.601161128034582,0.0002740261528947318,0.41791938140793516,0.060669211689170215,0.0007088272849472753,accrual_up,False
Rnf130,0.44014775239023884,0.011703294315260437,-0.11062094124726869,0.5466920791001707,0.41119771865911436,0.060669211689170215,0.6087483727330214,accrual_up,False
Dvl2,0.43960915081488966,0.011818285459149624,-0.07773363885807275,0.6723873609811861,0.5100061610667806,0.0611410488104688,0.723596609359711,accrual_up,False
Rbl2,0.43857039975796497,0.01204274323999953,-0.03636854528554572,0.8433490424986428,0.4231286700382713,0.06217614703161701,0.8710110276949943,accrual_up,False
Pax6,0.4383626289455837,0.012088066666894767,-0.6187418534618079,0.0001601218138148942,0.2895356229054573,0.062284068755384045,0.00043983918808280847,accrual_up,False
Lilra5,0.43830566710052715,0.01210051742117735,-0.07256871402787132,0.6930648889986563,0.3942255202183418,0.06228530712959199,0.7419357814862845,accrual_up,False
Ednrb,0.437605180166122,0.012254513779291168,-0.7873623405782582,8.982569829265321e-08,0.20769937893856372,0.06280527734105128,9.42800178993465e-07,accrual_up,False
Invs,0.43730216375442216,0.012321637928872631,-0.4187144772578264,0.01707310770732467,0.37086774216618934,0.06304180047660912,0.028479372928405217,accrual_up,False
Pde8b,0.43608471838656526,0.012594448576015356,-0.81007734281995,1.9430605400093174e-08,0.23643448718977272,0.06405212580882785,3.2076219464684554e-07,accrual_up,False
Rarg,0.4358994909747556,0.012636396348533611,0.42607574726002534,0.015035569424837945,0.4664833947681657,0.06420145196600592,0.025494628947260112,accrual_up,False
Spag9,0.43427231247178016,0.013009964793879739,-0.6922893446868447,1.135023507158597e-05,0.3154140244884175,0.06596802227990113,4.359755203325304e-05,accrual_up,False
Gstk1,0.43342300104028253,0.013208601704526443,-0.5163841612633326,0.0024813185178160914,0.4101894692467913,0.06684233858610059,0.0050669358524339,accrual_up,False
Sstr2,0.4331747605075861,0.013267138207553689,-0.7618360993578525,4.084883412378971e-07,0.19627255226556828,0.06707202378268719,3.0198536647166853e-06,accrual_up,False
Large1,0.432872813729899,0.013338631986828763,-0.6853149701453228,1.5066061395261694e-05,0.29205624643626515,0.06730469810163076,5.540878094969712e-05,accrual_up,False
Selenop,0.43285936979121625,0.013341822685800208,-0.4211693615353305,0.016369518681880132,0.2969294519291602,0.06730469810163076,0.027440326913003795,accrual_up,False
Srgap1,0.4328099892928967,0.013353547831422419,-0.5796596715942126,0.0005073660564880952,0.3547357515690194,0.06730469810163076,0.0012179172960685993,accrual_up,False
Pcgf1,0.4327578397474725,0.013365939850412067,0.2573818798594548,0.15498741170900884,0.45320811083924456,0.06730469810163076,0.20412878572880302,accrual_up,False
Rarb,0.43238544801660184,0.01345470982487247,-0.2368631468074171,0.19180519544192012,0.44228540887241075,0.06765770746536574,0.2461467942931967,accrual_up,False
Cpeb2,0.43235257089645207,0.013462570687580128,-0.6614283234697702,3.76019305370036e-05,0.22383136953573368,0.06765770746536574,0.00012179014869140291,accrual_up,False
Stra6l,0.4321048626016955,0.013521921160054167,0.6629199795097167,3.559855997191417e-05,0.33406663861639535,0.06782234005647621,0.00011625368400559167,accrual_up,False
Cdkn2b,0.4320261149112567,0.013540834839521725,-0.06039881691972671,0.7426291010991306,0.39540181119938544,0.06785048970176849,0.7856066083883696,accrual_up,False
Rab23,0.4308073550740698,0.013836395910982834,-0.640615272573544,7.832125710101864e-05,0.24634893974428348,0.06919554464894455,0.00023459584995437233,accrual_up,False
Mib1,0.4303460560310122,0.01394966587010073,-0.5188587439897392,0.0023451299985688887,0.3483501719576396,0.06956590560400183,0.004829434042268834,accrual_up,False
Pygb,0.43024248341934684,0.013975204112685316,-0.7771247072302534,1.6883291940195886e-07,0.17677973029398789,0.06956590560400183,1.513561901352183e-06,accrual_up,False
Nxn,0.43022855254695114,0.013978642078828051,0.18895816051621964,0.3003192219624616,0.4831195100714973,0.06956590560400183,0.36535376847853956,accrual_up,False
Tbx3,0.43014593990617256,0.01399904440533094,-0.4771193714017385,0.005759776619513466,0.4059884300287782,0.0695995375356658,0.010849799201821808,accrual_up,False
Ticam1,0.4295503762957494,0.01414686597075762,0.2776876333561007,0.12385708218344631,0.37523682295292293,0.07016019739106241,0.16820310446561929,accrual_up,False
Col6a2,0.42839878434137274,0.014436402986569348,0.06834634675275633,0.7101324649408904,0.4508555288771573,0.07135667794039753,0.7579798501074455,accrual_up,False
Fam20c,0.4278549150246512,0.014574857958608052,0.48545658425568305,0.004855840319778218,0.3703636174600278,0.07190169288864572,0.009280495118467099,accrual_up,False
Nkx6-1,0.42736214215493074,0.014701262239855796,-0.5990164570032037,0.00029196521733702776,0.27693250525141827,0.07229988316951623,0.0007499066332508453,accrual_up,False
Anapc11,0.4273390542036618,0.014707207081013644,-0.3626768143381174,0.04134707998678949,0.35809658294342983,0.07229988316951623,0.06312824154822305,accrual_up,False
Cat,0.42733159988016745,0.01470912689955089,-0.6357979654910648,9.211338313594667e-05,0.24702110601916555,0.07229988316951623,0.0002700404410209563,accrual_up,False
Dydc2,0.4257659007901243,0.015117034215252172,-0.7301134389734851,2.1086230527986832e-06,0.2728995076021258,0.0740038306449149,1.098565781997728e-05,accrual_up,False
Gaa,0.42544128268746834,0.015202777917701369,-0.4169527448239509,0.017593396291826928,0.34902233823252166,0.07435222450450113,0.029185012840523307,accrual_up,False
Tle1,0.42512005294633703,0.01528802609361087,-0.574243935262387,0.000588597123033919,0.3617934974552813,0.07455470468786717,0.0013893724778324948,accrual_up,False
Hmcn1,0.42504887588945744,0.015306969033455997,-0.7156541835346043,4.140714160388032e-06,0.3154140244884175,0.07457578704838495,1.9114735685193985e-05,accrual_up,False
Vamp2,0.4242670601830402,0.015516333228377449,-0.7260410780642279,2.560850067383954e-06,0.2999542001661296,0.0753081025670346,1.2819328943793472e-05,accrual_up,False
Pias3,0.4240476605450425,0.015575514387607738,0.3249188412417851,0.06960377074838062,0.4555606928013318,0.07538016972598394,0.10069450782401858,accrual_up,False
Rubcn,0.4236091016952723,0.015694376591334984,-0.7417945952209511,1.184169079765247e-06,0.137458003213386,0.07559680358111404,6.9033674010085996e-06,accrual_up,False
Chst10,0.4235090839623074,0.015721590026737207,-0.7966487195336237,4.9162738079009576e-08,0.18887872324186536,0.07565644408149669,6.086872013131744e-07,accrual_up,False
Trim17,0.4228761917337199,0.015894705514256046,-0.6743932302937494,2.3124326607581086e-05,0.1954323444219657,0.07634547347290027,8.062692414577657e-05,accrual_up,False
Hsd17b4,0.42275397516938,0.015928317984019332,-0.5340208808513323,0.0016439105623263434,0.2831500432940775,0.07643021594584948,0.003521876429410616,accrual_up,False
Cnn1,0.42270314409383847,0.015942315186509282,-0.17485593443692865,0.3384751523146994,0.42632145984396125,0.07643021594584948,0.4052010682838023,accrual_up,False
Pcdh10,0.4224026474603219,0.01602527178824586,-0.7614774775885153,4.167157210465465e-07,0.1947601781470836,0.07669576272871133,3.068114150765925e-06,accrual_up,False
Erbb2,0.4219157200792606,0.01616045945383437,-0.19392066937593308,0.2875675593342491,0.37389249040315875,0.07717398637370992,0.35193908833109516,accrual_up,False
Ar,0.4217608236365919,0.016203662792335302,-0.8792764038617771,3.5357129517652753e-11,0.12132601261621599,0.07721860736932039,1.7563388887121595e-08,accrual_up,False
Mtch1,0.4217283638741969,0.016212728581168817,-0.7682641348871114,2.840334139814659e-07,0.19123130520395265,0.07721860736932039,2.2709317315352e-06,accrual_up,False
Zbtb7a,0.42140379309174947,0.016303611702835494,-0.7738009323903782,2.0576876996281928e-07,0.2944088283983524,0.07750673186967741,1.761118281175069e-06,accrual_up,False
Gldc,0.42060682038531066,0.016528574885981966,-0.42941841189763846,0.014179796319551166,0.32784910057373606,0.07849325725536792,0.02422342298259561,accrual_up,False
Camk2g,0.4203127022167214,0.01661224681220545,-0.6768071131402879,2.106736715253015e-05,0.33440272175383634,0.07868066015697307,7.43699929723573e-05,accrual_up,False
Ap5z1,0.4202389668799516,0.016633278559079978,-0.4962758989829921,0.0038662932172454133,0.3864956080571978,0.07870719288484876,0.007527466298156051,accrual_up,False
Prom1,0.4200449487261005,0.01668872490397579,-0.6710669977073074,2.6255387913250057e-05,0.2473571891566066,0.07889637232176135,8.988505620502586e-05,accrual_up,False
Sdk2,0.4197594728620516,0.016770587761976416,-0.8091425727073053,2.0776026510630257e-08,0.15695082518496642,0.07920997053133491,3.3524924038421577e-07,accrual_up,False
Htr2b,0.41961197454312993,0.01681301511593986,0.5665527591380036,0.0007236327018913121,0.4451421155406596,0.07933690111601223,0.0016755562470937735,accrual_up,False
Ctnna3,0.4194051537960454,0.016872656832476306,-0.7353310065634739,1.6355776356847346e-06,0.14905287145510196,0.07954475277491833,8.961419462543319e-06,accrual_up,False
Epor,0.41919444974094894,0.016933599419339716,-0.7780009679778496,1.6016317996068382e-07,0.14451574909964787,0.07968476996130248,1.440903670157757e-06,accrual_up,False
Sox9,0.4184111628527254,0.01716176097351968,-0.27214539463689463,0.1318510623279163,0.40632451316621926,0.08046152824073886,0.1775065370637902,accrual_up,False
Rab38,0.41806532028095983,0.017263311477162348,-0.6862098833077239,1.4534635397705764e-05,0.2964253272229987,0.08072637981733038,5.3608948057626246e-05,accrual_up,False
Irx5,0.4180461816299928,0.017268945766787273,-0.6138592286423575,0.0001864858843596029,0.30230678212821693,0.08072637981733038,0.0005049174607846786,accrual_up,False
Snx27,0.4180033727091883,0.01728155396207112,-0.7865290843170608,9.467994560995892e-08,0.13359304713281403,0.08072637981733038,9.737145212830654e-07,accrual_up,False
Stmn4,0.41700175570786735,0.01757874580399873,-0.8563222692535268,4.101609476764679e-10,0.09880844240766622,0.08188966424310276,4.1849089215558356e-08,accrual_up,False
Fbxl7,0.41693980250259177,0.017597266745193938,-0.5026105252193849,0.0033717805045504158,0.32028722998131265,0.08190114750660063,0.006656134811807922,accrual_up,False
Syne1,0.4167463486948975,0.017655204313817126,-0.7333151031923157,1.8055027484168854e-06,0.21358083384378193,0.08209589535531554,9.725311002824214e-06,accrual_up,False
Gas1,0.4163401772997413,0.017777364883329438,0.05255815330249007,0.7751214359851546,0.45505656809517026,0.08251350161043082,0.812722393619789,accrual_up,False
Mycn,0.41626752796408956,0.017799288872837844,-0.8270044965157285,5.4050048599412586e-09,0.12149405418493654,0.08254015685485985,1.4066800913551204e-07,accrual_up,False
Trim2,0.4158874674539072,0.017914349475689328,-0.8491088196076955,8.129817124590441e-10,0.11712497339820298,0.08284777577107096,4.996409295486246e-08,accrual_up,False
Aqp2,0.4155287483632727,0.01802351542242747,-0.27474167307573205,0.1280603181589108,0.39556985276810597,0.08320176666950453,0.1730283846577319,accrual_up,False
Caskin1,0.41530880577328744,0.01809072158554245,-0.838186470858857,2.147373656866607e-09,0.1745951899006211,0.08340880044970583,8.17444255498251e-08,accrual_up,False
Calcrl,0.41527500953568663,0.018101066868814814,0.3281669859256077,0.06669996591677789,0.4273297092562844,0.08340880044970583,0.09693348323119204,accrual_up,False
Abca8b,0.4148811373951994,0.018221996900666206,-0.7281181205121999,2.3202281690349167e-06,0.2853345836874443,0.08375686389222925,1.1836710373808234e-05,accrual_up,False
Cltc,0.4148748651095525,0.018223928086004388,-0.5225665484965727,0.0021532252479331162,0.33389859704767477,0.08375686389222925,0.004468511794022305,accrual_up,False
Npc1,0.41486858651472597,0.018225861384115756,-0.44833605814050215,0.010067740567532532,0.4137183421899222,0.08375686389222925,0.01789391799128343,accrual_up,False
Inka2,0.4146408338030827,0.018296105991947663,-0.764853611435382,3.449162756317444e-07,0.1850137671612934,0.0838033584434789,2.66041559425376e-06,accrual_up,False
Fbxl12,0.4146227469769076,0.018301694041567437,-0.1554704063846783,0.39551045042859934,0.38767189903824145,0.0838033584434789,0.463153996243408,accrual_up,False
Fign,0.41408800582294714,0.01846754748901533,-0.7864925884992396,9.489795052170636e-08,0.16081578126553842,0.08448695940938762,9.739928483123222e-07,accrual_up,False
Eci3,0.4136379869894635,0.018608088807029,-0.5357012827264459,0.0015788318716207547,0.2888634566305753,0.08505363889305997,0.003392426864843079,accrual_up,False
Esyt3,0.4131677209497334,0.018755900631714218,-0.5297956011121431,0.0018179897907824483,0.31037277742680186,0.0855758936693866,0.003836808408266971,accrual_up,False
Lrig1,0.4127055885548783,0.018902103675028675,-0.5786983701054046,0.0005210166920298098,0.33120993194814646,0.08608895611278684,0.0012483354373151994,accrual_up,False
Afdn,0.4125871748964815,0.018939717509784352,-0.7095124592530909,5.448286937612676e-06,0.2060189632513585,0.08618331758912577,2.3572274528212267e-05,accrual_up,False
Anapc5,0.4121605168844802,0.019075759694864497,-0.13362666835927822,0.4659332851216039,0.38431106766383105,0.08664777400133909,0.5317059703367565,accrual_up,False
Gjc1,0.41169354455446683,0.019225584093227336,-0.23755517263940812,0.19047202698742788,0.35271925274437316,0.08716507110115505,0.24473496465059688,accrual_up,False
Blnk,0.411645954294985,0.019240907676906605,0.4337540954137256,0.013130865011723614,0.3224717703746794,0.08716507110115505,0.022682201972503268,accrual_up,False
Nedd4,0.4103761999282331,0.01965351018949349,-0.7375063366438062,1.4686490222615038e-06,0.16434465420866934,0.08848416193875225,8.178579325934422e-06,accrual_up,False
Notch3,0.4101939523818758,0.01971332798666504,-0.7406562999862579,1.2543233145740146e-06,0.13846625262570914,0.08865631264604702,7.213419647848984e-06,accrual_up,False
Sox17,0.4100841383424817,0.019749444212318244,-0.6818189539751925,1.7314495164868432e-05,0.2443324409196372,0.08868126313999593,6.255485661885733e-05,accrual_up,False
Glo1,0.4098274386824643,0.01983408279607039,-0.6375537136879373,8.685338372995157e-05,0.2855026252561648,0.08890479467728915,0.00025661911381619565,accrual_up,False
Cidea,0.4094941279459908,0.01994442949955247,-0.8128288068750228,1.5921073643276423e-08,0.13124046517072674,0.08932092614329863,2.819909606053925e-07,accrual_up,False
Slc6a11,0.40917124801745364,0.02005180718239026,-0.8874316629042406,1.3102258297079406e-11,0.021677362364947182,0.08956590931468714,1.7563388887121595e-08,accrual_up,False
Rbm8a,0.4090198709219965,0.02010231403006288,-0.6375672218412138,8.681397985661425e-05,0.2928964542798677,0.08971295176496127,0.00025661911381619565,accrual_up,False
Pak1,0.4086581516883323,0.02022342795410545,-0.8832924467489803,2.1885649555028863e-11,0.019996946677741975,0.09007524377875094,1.7563388887121595e-08,accrual_up,False
Pld2,0.40861930967940685,0.02023646919632397,0.02886000763250493,0.8754072313320493,0.47505351477291224,0.09007524377875094,0.8983006008901194,accrual_up,False
Rcor2,0.4081947269513836,0.020379477657455493,-0.769069143472203,2.7117783625510156e-07,0.14670028949301467,0.09054872252913372,2.195679591646465e-06,accrual_up,False
Dmc1,0.4081455502477033,0.02039609531189466,-0.5098401765128847,0.002875022028311246,0.3123892762514482,0.09054872252913372,0.005771541663288337,accrual_up,False
Mzb1,0.4080679100876763,0.020422354079498762,0.3448049602824155,0.053279966189791,0.3688512433415431,0.0905864592691506,0.07958451172302311,accrual_up,True
Foxd1,0.40799049611102545,0.020448564190466974,-0.29123371161473793,0.1058357602112023,0.343308924896024,0.09062391480067075,0.1463057487364073,accrual_up,False
Amhr2,0.4074309735620912,0.020638830809459066,-0.3389706386295622,0.05771754755953091,0.2902077891803394,0.09132557662256538,0.0854621800003388,accrual_up,False
Kmt2c,0.4073950752949323,0.020651087890944796,-0.45545325915531254,0.008807183984428243,0.40934926140318867,0.09132557662256538,0.0158299667035125,accrual_up,False
Tnxb,0.4069336133458152,0.020809185975329984,-0.6015668497543943,0.00027074486376919,0.2434922330760346,0.09186646721125634,0.0007010505330389027,accrual_up,False
Prpsap2,0.4068764282761096,0.02082884723229843,-0.6456235678040488,6.597212470769011e-05,0.27407579858316944,0.09186646721125634,0.0002010297539629195,accrual_up,False
Yap1,0.4064854904356157,0.020963670503207934,-0.12322449081355082,0.5016489413786185,0.45320811083924456,0.0921065316424321,0.5662560854110052,accrual_up,False
Akip1,0.4062973620526389,0.021028807225616362,0.1418723836239145,0.43860486124163156,0.415902882583289,0.09231320624601469,0.5050391415786822,accrual_up,False
Bbs1,0.40577604400312567,0.021210180551496715,-0.6826635275999794,1.67452023851476e-05,0.23290561424664183,0.09302934737161199,6.070879699121387e-05,accrual_up,False
Tdgf1,0.4047877808274293,0.021557558091273958,-0.44400117890943913,0.010907732423661718,0.29760161820404235,0.09439064705887422,0.019178151879879347,accrual_up,False
Cx3cr1,0.4046184086534498,0.021617561879160065,0.32889045063965444,0.06606627470179001,0.3586007076495914,0.09457219823807503,0.09620441543072533,accrual_up,False
Thrb,0.40455935068195326,0.021638516852581544,-0.8529748478610008,5.65968082297173e-10,0.14451574909964787,0.09458275446873904,4.6462202237826954e-08,accrual_up,False
Gbx1,0.4044011105125387,0.02169474637970576,-0.7678263254187512,2.912566117678329e-07,0.18585397500489598,0.09460998180167857,2.314174418423233e-06,accrual_up,False
Nrp2,0.40437434992035426,0.02170426748198332,0.4287706360328301,0.014342373864798585,0.39472964492450335,0.09460998180167857,0.02448475538297777,accrual_up,False
Prkca,0.4043331427657252,0.021718935245984238,-0.6040866683814442,0.00025113595713721474,0.28970366447417784,0.09460998180167857,0.0006572829745289546,accrual_up,False
Lrp12,0.40422225173001103,0.021758447765195033,0.35642881963190876,0.04524649546566954,0.39220902139369557,0.09470123041831047,0.06856873837503873,accrual_up,False
Rabep2,0.40386501446222073,0.021886141699718746,0.2670092406097369,0.13959216652143225,0.44262149200985174,0.09517558823270832,0.1861107269800904,accrual_up,False
Rragd,0.40381309355895106,0.021904752124132437,-0.7136999084332095,4.5219888516283676e-06,0.24802935543148869,0.09517558823270832,2.043914448778175e-05,accrual_up,False
Hey1,0.4037027945530655,0.02194433082402989,-0.8394926758494359,1.9191807064762297e-09,0.1238466361470238,0.09526640981563955,7.781868989457742e-08,accrual_up,False
Ubxn7,0.4034853884347639,0.022022515686530065,-0.6839349302047703,1.592002937417782e-05,0.26937063465899486,0.0953627595982944,5.8005764169772183e-05,accrual_up,False
Slc9a4,0.4034851280910763,0.02202260945045889,-0.3496671495979813,0.049792202848082306,0.34381304960218556,0.0953627595982944,0.07481296810841469,accrual_up,False
Bcl7c,0.4029077153735237,0.022231379318044343,-0.19518295456525528,0.2843801624297237,0.416911131995612,0.0960222403906386,0.3485399347799184,accrual_up,False
Cldn1,0.40276369557331043,0.022283704832299026,-0.1598124540642378,0.3822801911427758,0.31087690213296343,0.09612141941553104,0.44931134908278786,accrual_up,False
2610035D17Rik,0.4027408104174798,0.02229202885092594,-0.627490028665379,0.0001210751469283996,0.2518943115120607,0.09612141941553104,0.0003438776862370637,accrual_up,False
Il17rb,0.4025729787591199,0.022353152669561133,-0.7170584326386809,3.8850271267099e-06,0.16871373499540288,0.0963035741278981,1.808168190998832e-05,accrual_up,False
Cited4,0.40229008897281904,0.02245649314583957,0.3992281421975097,0.023600453253876705,0.4147265916022453,0.09650427256691461,0.03808475547232682,accrual_up,False
Il11ra1,0.40173790786815555,0.02265934158129387,0.22865991529289056,0.20810630070088348,0.3727161994221151,0.09721219630460895,0.2646457547105862,accrual_up,False
Pald1,0.4008471096012944,0.02298976620855583,0.6994601113556357,8.413415457086936e-06,0.3654904119671327,0.09829907580037159,3.3926349602055706e-05,accrual_up,False
Fbxo17,0.4007627851931955,0.02302124934248613,0.1556905537816645,0.39483341056429055,0.4325389978866205,0.09831048250573786,0.46246733117989575,accrual_up,False
Bbs9,0.4007367430770793,0.023030979532318516,-0.6546930468771915,4.796991152966723e-05,0.21206845972529723,0.09831048250573786,0.000151889831603248,accrual_up,False
Samd8,0.40058185039901145,0.02308892255167208,-0.28867482769267966,0.1090790572816182,0.3723801162846741,0.09847541299003285,0.15038169491717146,accrual_up,False
Pld1,0.40052066237781975,0.023111845132846007,-0.11410517448657519,0.5340525102059697,0.34549346528939073,0.09849082875743316,0.5970199111463185,accrual_up,False
Dlg1,0.40043029921645706,0.02314573174107024,-0.7937910963066948,5.9373416349361616e-08,0.1463642063555736,0.09853668832413962,6.971119956195609e-07,accrual_up,False
Noxo1,0.40038897859741807,0.023161240796048498,-0.2501518616447794,0.1673276173854688,0.3829667351140669,0.09853668832413962,0.21842020044025282,accrual_up,False
Hoxb3,0.39947915046659593,0.023504905822101574,-0.6024450982935934,0.00026376129037077533,0.2510541036684581,0.09966627148673328,0.0006864522153986352,accrual_up,False
Hoxa5,0.3993475542867435,0.023554958712877928,-0.5999622211716187,0.00028392975754033774,0.26836238524667166,0.0997955518225833,0.0007314776228349812,accrual_up,False
Ccp110,0.39892774720244917,0.023715219956481307,-0.7416124904505791,1.1951465506711947e-06,0.21190041815657673,0.10039115103569389,6.951473836914213e-06,accrual_up,False
Pfkfb2,0.39875322285860604,0.023782108106123117,-0.5609835793265905,0.0008377589492408813,0.3095325695831993,0.10056080417914494,0.0019111844365285041,accrual_up,False
Crhr2,0.39841694241987635,0.023911428595078974,-0.5041399429223473,0.0032609239237290457,0.2771005468201388,0.10088684637179308,0.006459795314540529,accrual_up,False
Cbx5,0.39806185622933904,0.024048608439722716,-0.6336881881390021,9.880995960168348e-05,0.1850137671612934,0.10130324761718125,0.0002880169165303928,accrual_up,False
Sgcd,0.39805867641825154,0.024049839808744658,-0.6829337673306962,1.656664676340889e-05,0.18484572559257287,0.10130324761718125,6.023269076275748e-05,accrual_up,False
Kif19a,0.3979322760431742,0.024098829864038867,-0.6751278882150977,2.2479918737187533e-05,0.17173848323237226,0.10142585077265863,7.875691310329231e-05,accrual_up,False
Lgr4,0.3969037681533518,0.02450051617520168,-0.5808573640701037,0.0004908014406710892,0.26231288877273296,0.10269279622818715,0.001184284838629719,accrual_up,False
Nipsnap2,0.3962309805114066,0.024766240189357074,-0.5149427049804595,0.0025637695758515106,0.32112743782491526,0.10325078647586679,0.005208199365359839,accrual_up,False
Tslp,0.3957707787947671,0.02494936151892673,-0.2505357128983544,0.16665537258744506,0.331377973516867,0.1038064380979162,0.21775334415178207,accrual_up,False
Aph1c,0.3955611942441706,0.025033126223605106,0.336081042118961,0.06002071951759683,0.33742746999080575,0.10407007079593288,0.08843607459828463,accrual_up,False
Fgf4,0.3948371815931522,0.02532427147992083,-0.5654241764793301,0.0007455851976164073,0.19610451069684778,0.10510912027589599,0.001723257858197233,accrual_up,False
Slc12a2,0.3943505869675613,0.0255215019124176,-0.8086338567390439,2.1543679023045935e-08,0.17241064950725432,0.1054395077919222,3.434197084267416e-07,accrual_up,False
Trpa1,0.39433486618442737,0.025527894946681808,-0.4318893749798025,0.013573729809278076,0.4424534504411312,0.1054395077919222,0.02334180603435521,accrual_up,False
Cldn19,0.3942647040851304,0.025556443181343567,-0.5091039674087071,0.0029225260003723852,0.3307058072419849,0.10547201995795592,0.0058461980893723675,accrual_up,False
Exoc4,0.39385506256981884,0.025723645572967916,-0.2888431564566542,0.10886344199164077,0.2999542001661296,0.10607624581059769,0.150125011516453,accrual_up,False
Tns2,0.3936299704639557,0.02581590226321783,-0.4680352861168192,0.006904837575462925,0.31322948409505075,0.10628484055260222,0.01269703549835486,accrual_up,False
Ly6g6d,0.3932842180645262,0.025958141531003207,-0.6564699884163999,4.50110420573388e-05,0.2498778126874144,0.10661230269697854,0.00014341119646126495,accrual_up,False
Col9a3,0.39285580646400836,0.026135276957030433,-0.42146178494161873,0.016287342313097364,0.23660252875849327,0.10708116285768052,0.027329517479970283,accrual_up,False
F3,0.3925905997673725,0.026245427810045033,-0.27729429659531074,0.12441229891919793,0.38851210688184407,0.10744616954979111,0.16869408208049672,accrual_up,False
Cbr2,0.3919092885461464,0.026530149037562647,0.22102504605315257,0.2241121476887343,0.5399175602990333,0.10825893588548216,0.28220095417433566,accrual_up,False
Fbxo21,0.39187541506162543,0.026544370613059833,-0.8574956620213341,3.656820361257057e-10,0.03948976864932238,0.10825893588548216,4.055095796254836e-08,accrual_up,False
Abl1,0.3918673064811607,0.026547775877509148,-0.5327467214417465,0.0016948045281663673,0.32297589508084096,0.10825893588548216,0.0036202671265396316,accrual_up,False
Smpd4,0.3918618340817961,0.02655007425852542,-0.39056374947341477,0.027099888640735228,0.3495264629386832,0.10825893588548216,0.043185420792374384,accrual_up,False
Akt1s1,0.3910171238276925,0.026906808613056447,-0.249265233240191,0.1688877680326474,0.3861595249197568,0.10945106119234524,0.2201626641284269,accrual_up,False
Col26a1,0.3907440136060287,0.027022983556721884,-0.4563600883890298,0.008656624571522728,0.34767800568275753,0.10971558222062856,0.015597824775463596,accrual_up,False
Pkd1,0.3907126226485052,0.02703636284088024,-0.13835633437955838,0.4501495357979223,0.3671708276543379,0.10971558222062856,0.5164671124843008,accrual_up,False
Cav1,0.39046789169067314,0.027140856836333015,-0.5991899041694948,0.0002904766203424337,0.2853345836874443,0.11005207529581455,0.0007472119215162654,accrual_up,False
Arhgef12,0.3901371637399353,0.02728259450122529,-0.7706454383741895,2.4753333690162583e-07,0.2416437758201089,0.11053893133498825,2.046462806377947e-06,accrual_up,False
Gli2,0.3900122355736535,0.027336291456912822,-0.43869583235208903,0.01201545041526498,0.2828139601566365,0.11064131402125167,0.020946962600227843,accrual_up,False
Gabra2,0.38992709954869553,0.02737293438439906,-0.612398904458952,0.0001950888849425597,0.24786131386276816,0.11064131402125167,0.000524867300681433,accrual_up,False
Calb1,0.38968862003953153,0.02747579109907033,-0.729297855252164,2.192898267928442e-06,0.2280324087537467,0.11088802569412312,1.133330705643666e-05,accrual_up,False
Hibadh,0.38946752751507996,0.027571431082201538,-0.643378681468736,7.127323195815518e-05,0.22517570208549786,0.1111793438342372,0.00021576543395759618,accrual_up,False
Bcl2,0.38911208191275237,0.02772576021730292,-0.05043109746772029,0.784003521173207,0.41170184336527593,0.11144925363945012,0.8205174315766371,accrual_up,False
Myo6,0.3885288706069891,0.02798051221733681,-0.8585898387020111,3.2826062329427505e-10,0.03377635531282468,0.11238471875640557,3.8055850896002204e-08,accrual_up,False
Trpm1,0.3884449348520077,0.028017333165059586,-0.5027930647585752,0.0033583808031987586,0.33120993194814646,0.11244407275764669,0.006632249507207459,accrual_up,False
Sstr4,0.38770835115174873,0.028342160214144586,-0.7036956047669585,7.020965820211797e-06,0.23475407150256752,0.11356901748024473,2.9093376644110785e-05,accrual_up,False
Tfap2a,0.38740836511649596,0.028475330412683592,-0.3560648874592988,0.045482389207096637,0.3386037609718494,0.1139300751397711,0.06888177144248396,accrual_up,False
Vcl,0.3874047573745587,0.028476935072183525,0.23408713568364184,0.19721852331799114,0.3942255202183418,0.1139300751397711,0.25219646213213154,accrual_up,False
Zfhx3,0.387294277240886,0.028526110460550695,0.16725610201114727,0.36020815217303015,0.3392759272467315,0.1139780594790181,0.4270838405830967,accrual_up,False
Sst,0.38703513699531444,0.028641727656312628,-0.823768511205609,6.974838443978217e-09,0.14586008164941205,0.11432038558282528,1.718775405929125e-07,accrual_up,False
Bin1,0.38681496816695043,0.028740258011616112,-0.6621149412937573,3.666750503348207e-05,0.19375192873476046,0.11453441884160451,0.00011905852525511906,accrual_up,False
Cbx3,0.3866593209719286,0.028810080435043083,-0.43325988028260193,0.013247042033654406,0.30986865272064035,0.11458626204111212,0.022851931489236095,accrual_up,False
Timmdc1,0.3866007262218698,0.0288364015655972,-0.6986498208290239,8.706682362182703e-06,0.13796212791954757,0.11458626204111212,3.494318389417307e-05,accrual_up,False
Col1a1,0.38658577465637267,0.02884312104700803,-0.09582616596647635,0.6018716049840371,0.33994809352161354,0.11458626204111212,0.6593958455806643,accrual_up,False
Dnah5,0.38651450153844613,0.02887516994690327,-0.8016459818949014,3.508908904605631e-08,0.10485793888160498,0.11462431276198723,4.71024850589298e-07,accrual_up,False
Acvr2b,0.3862586180843041,0.028990471039761795,-0.39667483728429803,0.024590670342433923,0.34851821352636014,0.11490318008844205,0.03959501559872331,accrual_up,False
Letmd1,0.38609129755469535,0.029066068750227263,-0.19348069700820822,0.288683887596266,0.339107885678011,0.11502406260272248,0.3530511893139662,accrual_up,False
Trim63,0.386023026468839,0.029096960759705838,-0.47473290334546697,0.006043609219555716,0.26012834837936616,0.11505705181027866,0.011314062415124523,accrual_up,False
Oca2,0.38563978100103613,0.029270873597575717,-0.6003855628776532,0.0002803970161645516,0.2564314338675147,0.11565509389716012,0.0007234725237508234,accrual_up,False
Gabbr1,0.38525871935523937,0.029444635686841077,-0.8713305865360402,8.704753263108271e-11,0.04587534826070218,0.11625161504533772,1.994785689512758e-08,accrual_up,False
Sema6c,0.3847110908363398,0.02969582452482511,-0.6582030658397545,4.2284264376162615e-05,0.2618087640665714,0.11705381230933123,0.00013539989490446045,accrual_up,False
Jph2,0.3845981920465992,0.029747826169532726,-0.6235858441263556,0.00013730374544388123,0.21610145737458974,0.11705381230933123,0.0003863135165522549,accrual_up,False
Lztr1,0.38457374674669553,0.029759095551130592,-0.47522254739663494,0.005984419207938106,0.22299116169213107,0.11705381230933123,0.011222986169004514,accrual_up,False
Tshr,0.38425326733791815,0.029907160179672227,-0.6126858464005679,0.00019337108686029412,0.29877790918508595,0.11753191377234824,0.0005207950971881522,accrual_up,False
Hfe,0.3839854714232694,0.030031344745145398,0.6931522490197702,1.095348178684009e-05,0.4075008041472629,0.11783837657306667,4.236066004144905e-05,accrual_up,False
Maob,0.3831930301697761,0.030401287028918856,-0.6627196680699262,3.586188362206108e-05,0.18114881108072142,0.11910673205415906,0.00011703868736796775,accrual_up,False
Garem1,0.3829240206513898,0.030527712152526667,-0.7378208839148095,1.4458397790824868e-06,0.20887566991960735,0.119418604056778,8.107794986645037e-06,accrual_up,False
Col14a1,0.38259332767052806,0.030683712963769948,-0.23856506889073545,0.18853812945988452,0.35103883705716793,0.1199368734315636,0.24249445243945308,accrual_up,False
Nfib,0.38186435917669537,0.031029889944375392,-0.6843524587077167,1.5657163791661406e-05,0.14922091302382245,0.12108030685162757,5.721145594646477e-05,accrual_up,False
Ldb1,0.3816097792958719,0.031151532935289803,-0.2802894318732398,0.12023061410160442,0.2818057107443134,0.12139340680130886,0.1638077891378964,accrual_up,False
Smarce1,0.3813977843786028,0.03125312400878231,-0.3109657199253282,0.0832122593213432,0.3328903476353517,0.12151236479606321,0.11820265519303025,accrual_up,False
Pick1,0.38139695216014247,0.03125352335080081,-0.693315698832071,1.0879758185263325e-05,0.27743662995757984,0.12151236479606321,4.213944305469113e-05,accrual_up,False
Lama5,0.38130585699885966,0.031297260697322915,0.09193348285704499,0.6167755455890771,0.49185767164496436,0.12153870666663492,0.6726901984284546,accrual_up,False
Selenon,0.3812674394082876,0.031315720990441914,0.1391406228609821,0.447560325745578,0.444974073971939,0.12153870666663492,0.5136119733696723,accrual_up,False
Ebf2,0.3805837171150808,0.03164574596632506,-0.7569457382384942,5.345690748149423e-07,0.18232510206176505,0.12266333599865054,3.6749566335610214e-06,accrual_up,False
Pax3,0.3805290122260299,0.031672273172335494,-0.46775044042931313,0.00694367052839363,0.26550567857842283,0.12267294263635789,0.012745470804367005,accrual_up,False
Smpd1,0.3802955335482697,0.03178569384810588,-0.7555230054030059,5.774096776918796e-07,0.18215706049304453,0.12292556809642767,3.91671112487537e-06,accrual_up,False
Usp50,0.38000605621212397,0.03192677636935896,-0.471864221205234,0.006400531276340174,0.21223650129401775,0.12319098809387295,0.011868087982773983,accrual_up,False
Abhd17c,0.37993153807309804,0.03196317655694337,0.04246772916435079,0.8174859012140238,0.42212042062594823,0.12323821890927296,0.849459275227691,accrual_up,False
Dmrt2,0.3798394740208585,0.03200819406322894,-0.7207156962515715,3.284947588518123e-06,0.15090132871102768,0.12331857848680575,1.571298431025312e-05,accrual_up,False
Dnmt3a,0.3795974728957482,0.03212677375237216,-0.023521132908170077,0.8983235950792376,0.34700583940787544,0.1235887427683638,0.9175708166798541,accrual_up,False
Tlcd1,0.37918807438034186,0.0323281905473563,-0.8503661222537021,7.234524845470273e-10,0.034616563156427284,0.12417628010697628,4.731193748300496e-08,accrual_up,False
Hist2h2be,0.37885734771976826,0.032491650571601555,-0.5378873527804484,0.001497542559106312,0.28583870839360587,0.1246164733576989,0.0032272769725396272,accrual_up,False
Dazl,0.3786895097667185,0.03257486017764432,-0.6939938358336708,1.0578655748284436e-05,0.21710970678691285,0.124841744377283,4.113497710333306e-05,accrual_up,False
Lpin1,0.3784197136783401,0.0327089807071894,-0.7040617239225596,6.911008260481663e-06,0.12569509340294957,0.12522515107630272,2.8707697994069188e-05,accrual_up,False
Pou6f1,0.3783895560023607,0.03272400046749883,-0.6368916985808994,8.880424502638219e-05,0.26701805269690754,0.12522515107630272,0.00026154183249398126,accrual_up,False
Ptpru,0.37814682932000176,0.032845092439450746,-0.6764555114553473,2.1356324087502244e-05,0.24836543856892973,0.1255943152426074,7.523384611211944e-05,accrual_up,False
Pth1r,0.3779740622705469,0.03293150431846456,-0.5012247004477131,0.0034750240182315206,0.31255731782016866,0.1258304146280807,0.006836134792517928,accrual_up,False
Rspo3,0.37723874023622117,0.03330135349147559,-0.6302996353284597,0.00011048030792576994,0.21290866756889984,0.12690172105832753,0.0003162560057645954,accrual_up,False
Wwox,0.3772188769694437,0.033311390805155966,0.32649951826540496,0.06817860465105643,0.38347085982022844,0.12690172105832753,0.09882894638392693,accrual_up,False
Wdr59,0.37693676904107243,0.03345421098081433,-0.7646368578368651,3.49161853952293e-07,0.14367554125604526,0.1273506941889059,2.6863870543147008e-06,accrual_up,False
Pttg1,0.3767324212443845,0.033557974275020455,-0.6219946068693355,0.0001444566775452511,0.25559122602391215,0.12755531056399355,0.0004037663080319594,accrual_up,False
Plxna2,0.376387250869601,0.03373383715586897,-0.5488864937591478,0.001141562940849075,0.259120098967043,0.12812829734332662,0.002528490039631407,accrual_up,False
Ctr9,0.37594052269084033,0.0339625525187303,-0.755373007288604,5.821042650797558e-07,0.1372899616446655,0.12890102708187742,3.938082037363175e-06,accrual_up,False
Cdc42ep4,0.3755130728192413,0.034182573570438614,-0.4951754649217047,0.003958277909330158,0.3359150958723211,0.1293932755819479,0.007691876424949765,accrual_up,False
Epb41l4a,0.37549148880942185,0.034193714072626114,-0.6671669724443173,3.040958667416143e-05,0.28466241741256226,0.1293932755819479,0.0001013189429293909,accrual_up,False
Cetn2,0.3753578647032405,0.03426274917138754,-0.559234517074515,0.000876727286474,0.24097160954522678,0.1295584014256841,0.00199523758823329,accrual_up,False
Smarcc2,0.37515336881427425,0.034368617955833104,-0.7667107164900955,3.1042815787677195e-07,0.14754049733661725,0.1298477298672582,2.4398983564397745e-06,accrual_up,False
Dagla,0.37504850381987237,0.03442300996743502,-0.7341404861116768,1.7340771158073138e-06,0.15241370282951236,0.1298477298672582,9.421459698126269e-06,accrual_up,False
Zfpm2,0.3749838211388417,0.0344565947476146,-0.6858592884976892,1.4740777340112958e-05,0.14938895459254298,0.1298477298672582,5.429076188586007e-05,accrual_up,False
Dmd,0.3747257176406418,0.03459087270017699,-0.5312862793547928,0.0017548245725208017,0.2839902511376801,0.13001637890110998,0.003721493481652993,accrual_up,False
Zbtb46,0.3746827634642146,0.03461326064452212,-0.1863312738443387,0.30721175877293744,0.2797892119196671,0.13001637890110998,0.37293840587833266,accrual_up,False
Itgb5,0.3746282284152858,0.034641701515445225,0.3027162006588165,0.09216909243555435,0.3307058072419849,0.1300274609494379,0.1296620354422953,accrual_up,False
Adgrl3,0.3742887795158268,0.034819155379998745,-0.747410415534123,8.875475634379161e-07,0.20937979462576892,0.13050147802599088,5.5962671459787515e-06,accrual_up,False
Selenov,0.37415109429152804,0.03489134273958015,-0.26764252488480683,0.13862015967982674,0.37389249040315875,0.1306760200547712,0.18515355709002257,accrual_up,False
Erbb4,0.3740984225169737,0.0349189902039145,-0.7843762967889424,1.0835514899783224e-07,0.16148794754042048,0.1306836163097343,1.0732419709474607e-06,accrual_up,False
Hes5,0.3737514316029188,0.03510156986222356,-0.7550337314011637,5.92851583086973e-07,0.1559425757726433,0.1312706069407642,3.991294988656648e-06,accrual_up,False
Casq2,0.3736918484738255,0.03513299893621623,-0.6043993810091783,0.0002487927478814177,0.2554231844551916,0.13129188833233624,0.0006518191098834679,accrual_up,False
Map4,0.37332672597783134,0.035326092771340675,-0.6442423492040651,6.919018026884405e-05,0.23424994679640596,0.1319168369155262,0.00021008280330438896,accrual_up,False
Plaat1,0.3731030103261447,0.03544482790949499,-0.8277795763384621,5.080831030772343e-09,0.1357775875261808,0.132263399536455,1.378580802551581e-07,accrual_up,False
Prkcg,0.37302238736931187,0.035487696941682995,-0.7267088792657881,2.481121120960765e-06,0.17963643696223672,0.13232656586222583,1.2456888620099275e-05,accrual_up,False
Btc,0.3727285147805773,0.03564431096707006,-0.5548201008971763,0.0009822468959592905,0.28919953976801627,0.13281346255881984,0.0022062709891186,accrual_up,False
Slc9a9,0.3725891126308943,0.03571879812402807,-0.29606137210707856,0.0999152144845687,0.3495264629386832,0.13299136837158834,0.1393676535646117,accrual_up,False
Nadk2,0.37235601614153846,0.03584363058371313,-0.5754436260736436,0.000569675051398169,0.218454039336677,0.13316704996906092,0.0013499044965273445,accrual_up,False
Cd22,0.37180737545442893,0.03613884285490148,0.5397784235632714,0.0014301965827284515,0.26718609426562806,0.1338738107500744,0.003092595493216546,accrual_up,False
Gcnt4,0.37170347458680325,0.03619497058777785,-0.6837415026141025,1.6043151959777012e-05,0.18971893108546797,0.13398443031077997,5.841264678574057e-05,accrual_up,False
Chia1,0.37101362586236875,0.03656942023871356,-0.5969816147460181,0.000309941814721951,0.22719220091014408,0.13502860324170748,0.0007889287409664031,accrual_up,False
Srpx2,0.37098884239185836,0.03658293073515776,-0.1526683244050976,0.4041859580528392,0.36901928491026365,0.13502860324170748,0.4712384180617555,accrual_up,False
Cntn1,0.3705462537143423,0.03682488421754923,-0.8091035861076274,2.083395593056193e-08,0.03411243845026572,0.1355145925208883,3.3524924038421577e-07,accrual_up,False
Carns1,0.37039509877847265,0.03690781286471863,-0.789664506624149,7.75748745079759e-08,0.1557745342039228,0.13560228695277213,8.437301383052986e-07,accrual_up,False
Frk,0.36974565524617736,0.03726583767461354,-0.10657281479659615,0.561551426646171,0.3515429617633295,0.13665175211312272,0.6223058499504928,accrual_up,False
Idua,0.369512186605271,0.03739522736134007,0.531169913776748,0.0017596855917591243,0.27441188172061043,0.13683863326412893,0.0037276396194199724,accrual_up,False
Ninj2,0.368722785656494,0.03783540696999391,-0.852179339576042,6.102661340784956e-10,0.05545371767777186,0.13797571783633894,4.6462202237826954e-08,accrual_up,False
Foxo3,0.36869881702013474,0.037848837288416703,-0.32207323309961394,0.07222779919151016,0.3239841444931641,0.13797571783633894,0.10416567816677787,accrual_up,False
Bnc2,0.3686641623528498,0.037868262099759756,-0.7231180078512149,2.9379758347437287e-06,0.18871068167314486,0.13797571783633894,1.436875813329603e-05,accrual_up,False
Mesp2,0.3663568983233852,0.03917975147129045,-0.33690561155859783,0.059356243011710844,0.2592881405357636,0.14194311949932711,0.08760885289431047,accrual_up,False
Boc,0.3661568623562253,0.03929515765247852,-0.6059670680734163,0.00023733624407670608,0.20837154521344578,0.1422414391846627,0.0006243693558717266,accrual_up,False
Ppm1d,0.36608012001385315,0.039339504998843706,-0.29621013613482733,0.09973684041299644,0.327513017436295,0.1422414391846627,0.1391949720784391,accrual_up,False
Atad3a,0.36606931876184706,0.03934574998815116,-0.1787995581866837,0.32751978051845176,0.32499239390548723,0.1422414391846627,0.39421387456928325,accrual_up,False
Gabrd,0.3659686636184538,0.039403984444885035,-0.7785657198142601,1.5479353240145984e-07,0.12334251144086227,0.14227712122994404,1.404985424875172e-06,accrual_up,False
Zkscan1,0.36592450497490236,0.03942955451074813,-0.5289662332553126,0.0018539835043484799,0.32633672645525136,0.14227712122994404,0.0039046944077958693,accrual_up,False
Gad2,0.3657637992440329,0.0395227240046767,-0.7300944058830913,2.1105557074255507e-06,0.19526430285324517,0.142477325192831,1.098565781997728e-05,accrual_up,True
Dnah11,0.3652200277441653,0.03983929222459688,-0.579851714079438,0.0005046772184077075,0.23256953110920076,0.14327549004997198,0.0012128214957519217,accrual_up,False
Mlxipl,0.36519059853121405,0.03985648311721431,0.06775510768583799,0.7125336374237353,0.29860986761636543,0.14327549004997198,0.759271795383011,accrual_up,False
Myh4,0.3650665916506178,0.039928986567285996,-0.28322460069215655,0.1162348434696487,0.22114270443620537,0.14333410308214348,0.15904343791273554,accrual_up,False
Emsy,0.3645323913934847,0.040242533442066346,-0.4939898212362365,0.004059488192337765,0.2619768056352919,0.14405414953542486,0.007870562245957788,accrual_up,False
Col1a2,0.36439768757540814,0.04032190925638478,0.38052838603466,0.03167257692643016,0.37809352962117176,0.14423706810436096,0.04969603657389119,accrual_up,False
Erbb3,0.3643291762912814,0.04036232863034573,-0.711369257737693,5.01818467381217e-06,0.2490376048438118,0.1442804753632751,2.2219992218509298e-05,accrual_up,False
Lta4h,0.36350901265023333,0.04084873300278091,0.40784073657044867,0.020499347389060875,0.3268408511614129,0.14571285807495485,0.033536616751635516,accrual_up,False
Cln8,0.3628905451951779,0.04121862737381017,0.2854835497269784,0.11322770186280165,0.3016346158533348,0.1468269680403671,0.15547093060623182,accrual_up,False
Lrrc6,0.3627808308084556,0.04128452579409113,-0.7390941786932382,1.3567651571357862e-06,0.19425605344092203,0.1468925820043841,7.647358084585243e-06,accrual_up,False
Gyg,0.3627640028193685,0.04129464077519835,0.5183585471670226,0.0023721224800261915,0.32969755782966176,0.1468925820043841,0.004880461930706958,accrual_up,False
Lats2,0.36216451067786154,0.04165628499811532,-0.21923967323346705,0.22797227425478822,0.4760617641852354,0.14797263911934974,0.286213775774963,accrual_up,False
Rap2a,0.3619299743770081,0.04179845961484127,0.5200151528113646,0.002283744688051124,0.35608008411878356,0.1482711700245517,0.004716348847671573,accrual_up,False
Sh3tc2,0.3616875905452834,0.04194580052235473,-0.7845405086119367,1.0725154450515003e-07,0.09326307063988903,0.14869042978772165,1.0681356797797522e-06,accrual_up,False
Sox8,0.3612682563294127,0.042201691002476886,-0.8123047295568046,1.6540894784558446e-08,0.02083715452134458,0.1494936290303018,2.88694342661194e-07,accrual_up,False
Pfn4,0.3609701700814709,0.042384353006321734,-0.7841984464047945,1.0956213976169116e-07,0.15006112086742507,0.15003649180100428,1.0800414653530266e-06,accrual_up,False
Sox30,0.36083039708071374,0.04247022164370463,-0.4330577840993527,0.0132947972037737,0.30213874055949635,0.1502263715068859,0.022911067748800557,accrual_up,False
Rsph10b,0.3607459307391916,0.04252218061816926,-0.6993687552845211,8.446026433825164e-06,0.12048580477261339,0.1502263715068859,3.4030948529970115e-05,accrual_up,False
Btbd9,0.36052276919469317,0.042659702533166574,0.16081195635495948,0.37927159645624875,0.32633672645525136,0.15044672270533177,0.4461864422332391,accrual_up,False
Asf1a,0.3604292653302502,0.042717429664355155,-0.8168157257681699,1.1859954344382722e-08,0.13628171223234234,0.1504845364073727,2.3358157185597014e-07,accrual_up,False
Fdx1,0.3602130095296479,0.0428511810635749,-0.3243989515255109,0.07007754907831633,0.32768105900501554,0.15074749972779003,0.10132244270081961,accrual_up,False
Itga9,0.3598794143343823,0.0430581637982346,-0.3886650823091951,0.027920843065982696,0.21391691698122298,0.1513712567434836,0.044355098249634926,accrual_up,False
Tcaf1,0.35980952226387947,0.04310163048469102,-0.7910973215490116,7.074430088255525e-08,0.1485487467489404,0.15138098277570802,7.93113579784427e-07,accrual_up,False
Duxbl1,0.35977954597671363,0.043120283860635905,-0.3260608648597753,0.06857179999775793,0.28684695780592895,0.15138098277570802,0.09934244583600205,accrual_up,False
Lmo2,0.3596153006082403,0.043222603912354746,0.5028167903034817,0.0033566425605412887,0.2965933687917192,0.15156390084673202,0.0066313840826185575,accrual_up,False
Cdh5,0.3595559948348665,0.043259597461921706,-0.031108412670370112,0.8657847855443053,0.3824626104079053,0.15156390084673202,0.8905763644003835,accrual_up,False
Tbx1,0.35955290564839787,0.04326152511916131,-0.21723761866048147,0.2323540562692192,0.2715551750523616,0.15156390084673202,0.29092735420453786,accrual_up,False
Kitl,0.35940038513768097,0.04335678381180427,-0.585180265542551,0.00043491959283800745,0.3039871978154221,0.1516892690150985,0.0010655738919628608,accrual_up,False
Ska2,0.35928614137228154,0.04342824632393661,-0.4748742844362493,0.006026467408220599,0.2095478361944894,0.15172992186123085,0.011293537931422952,accrual_up,False
Neurog1,0.3591357225458526,0.043522481231964366,-0.42014297247699567,0.016660692551092652,0.30499544722774524,0.15176030058162418,0.027891759994461314,accrual_up,False
Prkaa2,0.35913036296274414,0.043525841942935926,-0.7453100788378428,9.894647213132496e-07,0.2087076283508868,0.15176030058162418,6.095724086254694e-06,accrual_up,False
Mmp2,0.3590562294562632,0.0435723484768339,0.42746924806550546,0.014673710158689755,0.3495264629386832,0.15181868140732904,0.02496684306853784,accrual_up,False
Dync1i2,0.35865481580012515,0.04382486122012901,-0.5177023437348046,0.002407942390759209,0.29457686996707294,0.152282436705639,0.004942822589642948,accrual_up,False
Kat6b,0.35841016824142874,0.04397933291959191,-0.32278860223972533,0.07156101534065609,0.29457686996707294,0.1525322100878043,0.10329166362554802,accrual_up,False
Ppp1r1b,0.35823331529245483,0.04409127007564003,-0.7305111596331321,2.0686042385484618e-06,0.27827683780118245,0.1525322100878043,1.0844758705894864e-05,accrual_up,False
F9,0.3582117085573025,0.04410496144969774,0.07956186839508102,0.6651231855498583,0.3500305876448448,0.1525322100878043,0.7168378131184929,accrual_up,False
Mlph,0.35814413491915975,0.04414780229295849,0.24753830182404288,0.17195622629641977,0.30230678212821693,0.1525322100878043,0.2236533342410825,accrual_up,False
Zswim9,0.3581156609667702,0.04416586439907605,-0.4550218650278218,0.008879582867671355,0.35927287392447343,0.1525322100878043,0.015954474183864593,accrual_up,False
Irs1,0.3579495206565022,0.04427137150872096,-0.3364654134864097,0.05971025075818191,0.41489463317096587,0.1525782775465189,0.08808039014386522,accrual_up,False
Vxn,0.3576769866338203,0.04444488067780326,-0.6977081226103993,9.059115008114073e-06,0.11695693182948247,0.15297795974188555,3.610810992964148e-05,accrual_up,False
Heyl,0.35750706107855845,0.044553339232782416,-0.6967383922905451,9.435485791017442e-06,0.17257869107597487,0.15324786475146535,3.722383064190253e-05,accrual_up,False
Apip,0.3574372671841454,0.04459794797693677,-0.464480945497048,0.007402891264490848,0.20585092168263797,0.15329793303932243,0.013529970741729779,accrual_up,False
Cd68,0.3573441033944715,0.04465754927697101,0.7089966647118785,5.573555196644605e-06,0.2692025930902743,0.15335456931037658,2.3951731304198928e-05,accrual_up,False
Sept4,0.35731754432183066,0.04467455204768077,-0.796402290497903,4.997516622290118e-08,0.13275283928921142,0.15335456931037658,6.172477552131209e-07,accrual_up,False
Folr2,0.3565715457791817,0.04515425068630111,0.22631659749728278,0.21293276126778718,0.3268408511614129,0.1548969957974593,0.26972188110925815,accrual_up,False
Tet1,0.35633430741739824,0.04530766217933348,-0.8324615035479795,3.4738343483031506e-09,0.06335167140763634,0.15528873934463894,1.1144672333770044e-07,accrual_up,False
Kcnh5,0.35611578656979304,0.04544933838030039,-0.7470428567937132,9.046611733423728e-07,0.15039720400486611,0.15549099602811017,5.683099316772714e-06,accrual_up,False
Xrcc5,0.3560332926244514,0.04550291465998675,-0.5189729355936473,0.0023390053206636813,0.22719220091014408,0.1555699515285472,0.004818766615793796,accrual_up,False
Kctd15,0.355851065260282,0.04562144247760061,-0.5961164012057034,0.0003178784422977262,0.20769937893856372,0.15587071539065017,0.0008071169408465412,accrual_up,False
Hoxa2,0.3557295713889115,0.04570060388237575,-0.5414868128455961,0.001371647672105923,0.24097160954522678,0.15593229458461452,0.002973554940676716,accrual_up,False
Rxrb,0.35543792410562186,0.04589107978678801,-0.26816506364004433,0.1378218648810526,0.3389398441092904,0.15647753876497705,0.18442532338883771,accrual_up,False
Rad51d,0.35499882638151253,0.04617905214670394,-0.5479280006446213,0.0011693171105924519,0.2451726487632398,0.15723268537970533,0.0025815920250884185,accrual_up,False
Snapin,0.3549593419206216,0.0462050177189136,-0.6038150822069186,0.0002531868945353376,0.34549346528939073,0.15723268537970533,0.000661293573489379,accrual_up,False
Npr1,0.35486495546922303,0.046267134924319483,-0.3502286754222353,0.049401393615787416,0.3824626104079053,0.15723428064553877,0.07433525334340166,accrual_up,False
Ercc6,0.3546583585985489,0.04640333236211274,0.09437360509416336,0.6074150153558973,0.35255121117565263,0.15759214272911923,0.6643276143504356,accrual_up,False
Fat1,0.3544334783491146,0.046551946730377824,-0.5754381794674673,0.0005697597296654328,0.18131685264944195,0.15788662252104874,0.0013499044965273445,accrual_up,False
Pon3,0.3541471011753524,0.046741751846337186,0.5856957858005541,0.00042864662840572104,0.33994809352161354,0.15842503399878138,0.0010522263962933509,accrual_up,False
Hpgds,0.3540894262158653,0.04678005230174422,0.2780463813559369,0.12335229114463968,0.42044000493874306,0.1584495662624152,0.16765788359413988,accrual_up,False
Fam192a,0.3540054144634595,0.04683588716380482,-0.22441252511988627,0.21691057033172223,0.3928811876685776,0.15853341766593787,0.27414787394997897,accrual_up,False
Carm1,0.3536830656079445,0.04705061652741285,-0.3840121841943798,0.030018938429279926,0.41640700728945046,0.15887126519593103,0.04734898111557109,accrual_up,False
Car4,0.35367000718607466,0.04705933178976292,-0.7668449639352054,3.080616189313113e-07,0.12888788320863945,0.15887126519593103,2.4287825628572164e-06,accrual_up,False
Acsl6,0.3535707848710197,0.047125595398040655,-0.8636798554307662,1.9627521377164602e-10,0.015291782753567393,0.15888146868830494,3.2296769853198914e-08,accrual_up,False
Chmp3,0.35347424872650285,0.047190136538256995,-0.4520188218877852,0.009397676647240508,0.30533153036518623,0.15890562188677276,0.016796618282261328,accrual_up,False
Wsb1,0.35298412085294967,0.047518910032941425,0.3269441159247867,0.06778187795820455,0.3591048323557529,0.15978507585895466,0.0983377017817979,accrual_up,False
Wnt7b,0.3513398093366757,0.048635266094941856,-0.7048819743980118,6.670302193679002e-06,0.13275283928921142,0.16320968063507177,2.7843871923041398e-05,accrual_up,False
Ctsl,0.35116287270136126,0.04875662638487964,0.7339796021958073,1.7477942641009252e-06,0.34381304960218556,0.16329852441129028,9.464435818661168e-06,accrual_up,False
Pkp4,0.35077018176950026,0.04902683358846784,-0.5754689562545373,0.0005692813895818001,0.13426521340769612,0.1638832753176766,0.0013499044965273445,accrual_up,False
Dusp11,0.3504625569139505,0.04923933932020959,-0.29189583098227817,0.10500848952736962,0.28230983545047494,0.16448583488696078,0.14531967039585253,accrual_up,False
Slc40a1,0.3501927591022172,0.04942631725184319,-0.4769563264645147,0.005778798612919368,0.2606324730855278,0.16489446978525318,0.010877362259963726,accrual_up,False
Zic3,0.3498687963322838,0.04965157926687858,-0.6073148029398727,0.00022786473542957744,0.2318973648343187,0.16553771623552133,0.0006028724146401839,accrual_up,False
Tecpr2,0.34950603781442136,0.049904785879848756,-0.812223341159452,1.6639117181413654e-08,0.11410022516123362,0.1662732284605542,2.88694342661194e-07,accrual_up,False
Wif1,0.34925350898506596,0.050081657392965835,0.1330586883403681,0.46784814217461546,0.34213263391498033,0.16675361250751874,0.5334687972701888,accrual_up,False
Ncbp2,0.3484544021547644,0.050644639705047526,-0.5556893165219166,0.0009606298675730658,0.20164988246462495,0.16822755183151542,0.002163431767986847,accrual_up,False
Sirt1,0.3481613733568975,0.050852338618960095,-0.022619009879446497,0.9022043009330167,0.29793770134148334,0.1687688869845904,0.920612950401944,accrual_up,False
Zfpl1,0.3479631247296259,0.05099324074981439,0.07007812808200187,0.7031150339183012,0.3616254558865607,0.16901658288811128,0.7514330165550502,accrual_up,False
Bmpr1a,0.3476755254188194,0.05119819865317065,-0.5046785146005722,0.003222643556774176,0.22752828404758513,0.16958572164274252,0.006398873017946701,accrual_up,False
Pnpla1,0.34756434033197836,0.051277609956512676,-0.6050596945623202,0.00024390865138139827,0.14686833106173516,0.16962846198973486,0.0006403386673682514,accrual_up,False
Rbp1,0.34725036382178665,0.05150238846961005,0.5214285371335824,0.0022106175761216255,0.3723801162846741,0.17006188303862196,0.0045745883390654815,accrual_up,False
Mturn,0.34724163706652594,0.0515086471857814,-0.7928400033189799,6.318110844928323e-08,0.15863124087217162,0.17006188303862196,7.308091478453373e-07,accrual_up,False
Gldn,0.3462323166765048,0.052236602691479235,-0.1819782521259616,0.3188503304074011,0.32667280959269246,0.17224234668987431,0.38501389202630387,accrual_up,False
Fbh1,0.34598638612780536,0.052415206762442726,-0.0028764983095833107,0.9875339291349405,0.23038499071583401,0.17261146426912885,0.9912260079727138,accrual_up,False
Ryk,0.3444130492567973,0.053569314357534835,-0.5259325224841093,0.0019909855342115164,0.26567372014714336,0.17618122020489052,0.00417427752158362,accrual_up,False
Sept8,0.34389551100431964,0.05395331892247195,-0.7445072093284031,1.0311620622057437e-06,0.14233120870628113,0.1772583875943677,6.2792030838079875e-06,accrual_up,False
Tmem106b,0.34387801961019426,0.05396633521545836,-0.7431995535220116,1.1025157690158033e-06,0.12888788320863945,0.1772583875943677,6.577699342397207e-06,accrual_up,False
Fancl,0.34339764341229384,0.05432478205056187,0.12583889743427606,0.49254513332067074,0.42632145984396125,0.17820624645653768,0.5575838271346519,accrual_up,False
Plxna4,0.34289903780121056,0.054698821741488726,-0.6713700933675871,2.5955035241739416e-05,0.18434160088641133,0.17901760275195724,8.90360691110375e-05,accrual_up,False
Ube2d1,0.34272697393484397,0.054828371003528414,-0.7366122037903468,1.535287619483041e-06,0.18383747618024973,0.17901760275195724,8.484834395431194e-06,accrual_up,False
Nfia,0.34270245966897095,0.054846847870601234,-0.4368322203296341,0.01242635064252363,0.2779407546637414,0.17901760275195724,0.02157481777655311,accrual_up,False
Pcgf2,0.3426944651524984,0.05485287455426567,-0.10742279909925888,0.5584160993225502,0.45169573672075986,0.17901760275195724,0.619234896227028,accrual_up,False
Lamp1,0.34253583010233934,0.054972570301114965,0.19119088797508554,0.29453843536298663,0.27962117035094664,0.17927193924066434,0.3590919117558783,accrual_up,False
Twist1,0.3424980662719463,0.05500109486603405,-0.14960557914222755,0.4137909264587435,0.3380996362656878,0.17927193924066434,0.4804797441079104,accrual_up,False
Dbx2,0.34222446710539445,0.05520810531296766,-0.69085731479014,1.2037427491269541e-05,0.08687749102850925,0.17979896422582822,4.585729472215529e-05,accrual_up,False
Ss18l1,0.3418717493268132,0.055475887017179856,-0.7236250472530553,2.8691434905247943e-06,0.2036663812892712,0.1803585083968352,1.4126931414253836e-05,accrual_up,False
Ash2l,0.3413833770092208,0.055848350917566576,-0.41829013097891493,0.01719724313615511,0.3779254880524513,0.18133828009580338,0.02867706349706676,accrual_up,False
Ppt1,0.34110065263353756,0.05606487598867007,-0.27926307541719797,0.12165163979132596,0.30297894840309897,0.18185229260112634,0.16561115948106586,accrual_up,False
Tshz1,0.34103083694506864,0.05611844645587485,-0.6175103544290446,0.00016643702338806372,0.19660863540300932,0.18186797672898194,0.00045400815845054174,accrual_up,False
Jam2,0.3409372654593417,0.0561903084563645,-0.5741934219405119,0.0005894058678726884,0.20080967462102234,0.1819593487905848,0.0013906379889077629,accrual_up,False
Bcam,0.3409012550418984,0.0562179834726449,-0.6348685694531657,9.501158798481987e-05,0.20971587776320996,0.1819593487905848,0.0002777387451636482,accrual_up,False
Colgalt2,0.34072413563030224,0.056354261461012925,-0.7520385756376251,6.958905653902778e-07,0.16636115303331558,0.1822847734385713,4.548701580111094e-06,accrual_up,False
Ntrk3,0.3403754141851231,0.056623334739235795,-0.6022722692332921,0.00026512278743106037,0.22299116169213107,0.1830390560867185,0.000688239867015694,accrual_up,False
Hpcal4,0.33989483049766483,0.056995813928432906,-0.7827318393610632,1.1999501474328293e-07,0.1122517679053079,0.18392128723828027,1.1614697726859322e-06,accrual_up,False
Arhgef11,0.33980597880760927,0.057064890275918836,-0.5320545669424381,0.0017230231402911129,0.3370913868533647,0.18392128723828027,0.0036697874900313014,accrual_up,False
Cacna1g,0.3397910106144459,0.05707653356169333,-0.5617899072211037,0.0008203131618094101,0.2374427366020959,0.18392128723828027,0.0018797922005345017,accrual_up,False
Meis2,0.3394536432407256,0.057339458691094934,-0.7143149627727549,4.398692531140459e-06,0.09998473338870986,0.18443916749415906,2.0015816771942446e-05,accrual_up,False
Gap43,0.3394456235703424,0.05734572037752132,-0.7324112654435865,1.8867803854144776e-06,0.13056829889584468,0.18443916749415906,1.0109733976889969e-05,accrual_up,False
Tpcn1,0.33929828926566774,0.0574608537014086,-0.4531166678350351,0.009205383892529326,0.21458908325610504,0.18451073074895272,0.016487592428297785,accrual_up,False
Igha,0.3392980187583965,0.05746106525492437,0.19720082246159834,0.27933215038942466,0.4417812841662492,0.18451073074895272,0.34284728083167837,accrual_up,False
Tacr3,0.33841850281731106,0.058152156675963664,-0.8334971672113629,3.1886060119057737e-09,0.06234342199531322,0.18597752426588754,1.0481474386902905e-07,accrual_up,False
Sulf2,0.33787908011939255,0.05857924594578307,-0.037258028269779996,0.8395665853734247,0.22299116169213107,0.18663705171826653,0.8681591631846421,accrual_up,False
Thra,0.33787409257700896,0.058583206343672506,-0.8214458189156746,8.349302682202507e-09,0.07830737102376269,0.18663705171826653,1.9013300438354905e-07,accrual_up,False
Dock7,0.3378346940170152,0.05861449850081611,0.4438247539655676,0.01094313340667181,0.3528872943130936,0.18663705171826653,0.01922208109760086,accrual_up,False
Jade1,0.33744081232377765,0.0589280619830457,-0.6970101620858152,9.328605027590048e-06,0.23139324012815712,0.18740152380019706,3.691638033028459e-05,accrual_up,False
Vit,0.33725109040164997,0.05907956752653109,-0.6649092121974304,3.3076431084429776e-05,0.221982912279808,0.18757786610773453,0.00010905579614996711,accrual_up,False
Ercc2,0.3371504613677855,0.059160050888917834,-0.050320870823670275,0.784464540822414,0.31810268958794585,0.18759094611516983,0.8206631711926033,accrual_up,False
Gtf2e1,0.3371361525609211,0.059171502117096306,-0.26947321346714176,0.1358381274455396,0.3434769664647445,0.18759094611516983,0.18216077292912036,accrual_up,False
Efna1,0.3370419002375184,0.05924697514483086,-0.5408559485237425,0.001393019470852172,0.16686527773947715,0.18759703303152217,0.00301860336483302,accrual_up,False
Sp8,0.3364597120129457,0.05971484676377216,-0.23149511628179387,0.20236803309062878,0.3377635531282468,0.18872703428872478,0.25806983419882434,accrual_up,False
Crabp2,0.3363539534220863,0.05980015013806746,-0.2691704051251975,0.13629544780873445,0.3251604354742077,0.18887960734011275,0.18262229557981466,accrual_up,True
Trib2,0.3362159434922638,0.059911611155451294,-0.6511145891248649,5.446446256354205e-05,0.19492821971580412,0.1891145597177952,0.00016910297309971536,accrual_up,False
Cd300a,0.3360755697037988,0.06002514890926477,0.6117030463937496,0.00019931125904860684,0.2828139601566365,0.18935577278055632,0.0005345356111498126,accrual_up,False
Trrap,0.3360254727130499,0.06006570953922308,-0.09498256177212562,0.6050884198106119,0.3199511468438716,0.18936661579701913,0.6622089743518411,accrual_up,False
Crebrf,0.3359037963796544,0.060164313593591576,-0.4431083712726694,0.011087877525755976,0.2723953828959642,0.18956032343478113,0.019442854334438375,accrual_up,False
Acss1,0.3357313027240361,0.06030431712034858,-0.15031790270841702,0.4115456720797046,0.31591814919457906,0.1897672592976899,0.47860281081785877,accrual_up,False
Slc9a3r2,0.3357312048253769,0.06030439665194184,-0.7162896320765472,4.023177250124977e-06,0.17358694048829798,0.1897672592976899,1.8639625025329255e-05,accrual_up,False
Rhod,0.3355202180342755,0.060475991320448015,0.7411729384865458,1.2220262154266791e-06,0.3122212346827276,0.19018990858545334,7.0515336254428615e-06,accrual_up,False
Saraf,0.33536446030577394,0.06060291457876799,-0.3932346982091699,0.02597856604921538,0.3530553358818142,0.1904716372558814,0.04160648835700083,accrual_up,False
Yes1,0.3343096312432316,0.0614679901316744,-0.7316740505823943,1.955524095708019e-06,0.1430033749811632,0.19283449761290875,1.042333167419708e-05,accrual_up,False
Rec114,0.33357970916650403,0.062072263091682345,-0.5164370995976516,0.0024783347677143673,0.21862208090539756,0.19437115655658174,0.005063226256412484,accrual_up,False
Cdh20,0.3333965831032326,0.06222459502713349,-0.8055432522474736,2.6795500680470443e-08,0.10233731535079717,0.19460923312900547,3.916442663927786e-07,accrual_up,False
Nanog,0.3325810639406619,0.06290654407175397,-0.4779440187228386,0.005664385477795978,0.2715551750523616,0.1963808331150655,0.010693571547830232,accrual_up,False
Plxnb2,0.3325071691974746,0.0629686244068877,0.665698993897006,3.212052415340799e-05,0.2680263021092307,0.1964544055654643,0.0001064631538054153,accrual_up,False
Rflna,0.33239848148265466,0.06306002225455731,0.7008930029542104,7.9166182935998e-06,0.4353957045548693,0.1966192992179076,3.2177426227611616e-05,accrual_up,False
Sox6,0.332331367584406,0.06311651171339897,-0.46531502324117396,0.0072833529574422,0.24954172954997336,0.19667521456936354,0.013316266464484824,accrual_up,False
Sp1,0.3321839953826289,0.06324069344429004,0.47424346594765576,0.006103273356030539,0.3377635531282468,0.19694186645868345,0.0113872704422501,accrual_up,False
Cep250,0.3320661598934516,0.06334012410730831,-0.5431466993476817,0.0013167795200679296,0.19022305579162954,0.19701608470630588,0.002866791434855531,accrual_up,False
Cdc37,0.33206420820679505,0.06334177198948082,-0.2958751688692867,0.10013881969118815,0.29138408016138306,0.19701608470630588,0.13960320285453695,accrual_up,False
Trim36,0.3319706542505625,0.06342080252685164,-0.7308845469590448,2.031663875689516e-06,0.1754353977442237,0.19703053011940885,1.0717184519019878e-05,accrual_up,False
Sos1,0.33159656834373924,0.06373758767313975,-0.7629006467014139,3.849319713611244e-07,0.10334556476312029,0.19770537822077844,2.8759805235828025e-06,accrual_up,False
Dlg3,0.33157348647120277,0.06375717450954332,-0.7378619760384417,1.4428839469616293e-06,0.1228383867347007,0.19770537822077844,8.107794986645037e-06,accrual_up,False
Alox15,0.33008969634990803,0.06502621915894174,0.08294481632534763,0.651760368767295,0.36565845353585325,0.20115145174636861,0.7043706866699093,accrual_up,False
Actc1,0.32967081279949695,0.06538803293470836,-0.21795181370102656,0.2307844795088478,0.4434616998534544,0.20202565475466225,0.2891040348660689,accrual_up,False
Fam136a,0.3296175868898981,0.06543411975449118,-0.6333369982720296,9.996598541214062e-05,0.16518486205227195,0.2020456688060893,0.00029041484032826646,accrual_up,False
Coa7,0.3291549646449659,0.06583576238681778,-0.35266227259700894,0.04773579494189668,0.29239232957370614,0.20316286989422716,0.07202019816581336,accrual_up,False
Cib2,0.3289586727884723,0.0660067618110908,-0.8876608840180391,1.272784672841981e-11,-0.012267034516598017,0.20356740749599406,1.7563388887121595e-08,accrual_up,False
Tnni3k,0.3286503996202318,0.06627601427457659,0.16309723932934359,0.37244482603328044,0.25811184955471994,0.20421400730603323,0.4394728331241646,accrual_up,False
Otof,0.3286269964461815,0.06629649011934739,-0.5636918129852029,0.0007804232607051903,0.25323864406182484,0.20421400730603323,0.0017940239084529859,accrual_up,False
Sirt2,0.3282834182359859,0.06659766213310593,-0.5101086616099497,0.00285786509701934,0.20753133736984317,0.204894254849803,0.005741618692357484,accrual_up,False
Ptch2,0.32818950326856755,0.06668017138016244,-0.35616357396209314,0.0454183255962487,0.31390165036993284,0.20490093627121,0.06880869583203582,accrual_up,False
Tdrkh,0.3281119067009171,0.06674840428758542,-0.7645765186239877,3.5035219277029745e-07,0.15241370282951236,0.20491201154134855,2.6874383989793794e-06,accrual_up,False
Pdxk,0.32736850428144354,0.06740486736247735,-0.4903734598454053,0.004382069547120007,0.1908952220665116,0.20662994496153664,0.008451015788226523,accrual_up,False
Itpr3,0.3272087628000317,0.06754658305734293,-0.04882944434041813,0.7907093840879772,0.36095328961167866,0.20681579842467362,0.8261795510513666,accrual_up,False
Gpr20,0.3269003072892457,0.06782088940776475,-0.6363929981456214,9.029965010235384e-05,0.161655989109141,0.20753110789982485,0.00026579256501564163,accrual_up,False
Wdr4,0.326848260227152,0.06786725992052164,0.03150302256007076,0.8640978892192507,0.34062025979649563,0.20754849691521637,0.8895586948349945,accrual_up,False
Slc6a19,0.3266704030169433,0.06802590574941167,-0.19293925643628781,0.29006146676005085,0.3459975899955523,0.2079090145163265,0.35431119299401803,accrual_up,False
Itpr1,0.3261511127434343,0.06849076046303151,-0.30140063813955337,0.09366288014641228,0.26550567857842283,0.20899326824975956,0.13143723566075627,accrual_up,False
Kcnh8,0.32609898177390734,0.06853756318746489,-0.7521700072503329,6.910467430817686e-07,0.13913841890059123,0.20899326824975956,4.53046459359245e-06,accrual_up,False
Vav2,0.32604991050955817,0.06858164171858944,0.38629365001961724,0.028974663474227835,0.3006263664410117,0.20899326824975956,0.04587205412229552,accrual_up,False
Btrc,0.32604559552772594,0.06858551873164036,-0.6967494142716733,9.43112963287926e-06,0.1947601781470836,0.20899326824975956,3.722383064190253e-05,accrual_up,False
Rbpjl,0.3257653902422062,0.06883764939510685,-0.7433325899513499,1.095056252959235e-06,0.13846625262570914,0.20948886087475338,6.540845370427468e-06,accrual_up,False
Fat4,0.3257279839653052,0.06887136241657742,-0.6176947386591802,0.00016547757455678691,0.20215400717078652,0.20948886087475338,0.00045187425471850644,accrual_up,False
Glra3,0.3256793285477645,0.06891523316748939,-0.7057299980108489,6.429456466431381e-06,0.14686833106173516,0.20949738044538938,2.7015368562822468e-05,accrual_up,False
Tbc1d22a,0.3256193622289154,0.06896933249456196,0.7421593731523103,1.1624556986423374e-06,0.2360984040523317,0.2095369654882433,6.81573163077536e-06,accrual_up,False
Hnf1a,0.3253806985868985,0.06918497384296611,-0.3217837008187803,0.07249903552377916,0.2925603711424267,0.2100669949839108,0.10452729796687324,accrual_up,False
Dhodh,0.32532179887282636,0.06923827263944153,-0.5990347731041357,0.0002918077015891993,0.16770548558307977,0.21010376486245763,0.0007498796402047888,accrual_up,False
Amd1,0.3248580207898866,0.06965906753547806,-0.7219682136553213,3.0996569629539557e-06,0.1764436471565468,0.2112549961346454,1.5015527225097938e-05,accrual_up,False
Ttll6,0.3245886052251329,0.069904426599442,-0.6622400853491246,3.649946369432783e-05,0.16636115303331558,0.21155950113664668,0.00011861154058793923,accrual_up,False
Bhmt,0.32456564112965053,0.06992537128335352,-0.5984590011908263,0.0002967955130278849,0.2960892440855576,0.21155950113664668,0.0007603987503542144,accrual_up,False
Gpr149,0.32411749266505985,0.07033508957528727,-0.7764675578384505,1.7561429875943743e-07,0.15157349498590977,0.21248095989334784,1.560642052215837e-06,accrual_up,False
Sgsh,0.32409587642807575,0.07035489928638787,0.5985631982393298,0.0002958873024374267,0.266177844853305,0.21248095989334784,0.0007584528290117153,accrual_up,False
Ebf3,0.3239266716261347,0.07051011327510084,-0.7877128182983321,8.785294976555578e-08,0.08267645181049622,0.21269786387716702,9.297466737636929e-07,accrual_up,False
Cldn10,0.3235086265771636,0.07089473455283042,-0.7203173260914923,3.34595513708041e-06,0.11964559692901079,0.2136054583307667,1.5981008571392485e-05,accrual_up,False
Wdr61,0.32301376387751135,0.07135213905691885,-0.000191492795668312,0.9991700831108108,0.3224717703746794,0.21472994768692805,0.9995619913607071,accrual_up,False
Maf1,0.32254552688191324,0.07178704295606951,0.010724237847069761,0.9535468010375148,0.3977543931614727,0.21553052346696117,0.9635582868645727,accrual_up,False
Atf5,0.3224679959518944,0.0718592529597271,0.14568382184804402,0.42627491317396116,0.39960285041739846,0.21562002902798116,0.4927324568548325,accrual_up,True
Wasl,0.32215763663557834,0.07214887782816976,-0.8101368947426295,1.934766622243461e-08,0.1673694024456387,0.21623468025939713,3.2076219464684554e-07,accrual_up,False
Galnt15,0.3219301802745188,0.07236171360702098,0.41816333945898226,0.017234479260849436,0.3654904119671327,0.21662625857301482,0.02872037853955994,accrual_up,False
Dnah12,0.3219179905497636,0.07237313354674267,-0.6669923685282244,3.0608695342409976e-05,0.18803851539826277,0.21662625857301482,0.000101915766933181,accrual_up,False
Pex3,0.3218819203476618,0.07240693410448741,-0.3328869981704811,0.06265003370731596,0.25659947543623524,0.21662625857301482,0.09180632632606112,accrual_up,False
Gpam,0.32173993482587654,0.07254010462020036,-0.034288623926620104,0.8522070008495966,0.34650171470171387,0.21677040050828472,0.879091589754053,accrual_up,False
P2rx4,0.32157223700323434,0.07269763604341799,0.5915146493455665,0.00036319769570357266,0.23240148954048026,0.21711395869875597,0.0009059987738915241,accrual_up,False
Nova2,0.3213858068120045,0.07287307589821189,-0.6718198920187949,2.5515011778528716e-05,0.15073328714230716,0.21751056767511928,8.776269391926835e-05,accrual_up,False
Gcg,0.32091586387685134,0.0733167737168298,-0.32330330353535497,0.07108423817246251,0.2813015860381518,0.218706937268742,0.10266157953503151,accrual_up,False
Xcl1,0.32078624397818517,0.07343952279173856,0.5581301506845295,0.0009021446254682254,0.34633367313299335,0.21881717626206681,0.0020434457080432586,accrual_up,False
Bbox1,0.3205907398056909,0.07362496535767828,-0.7364967595600578,1.544089269642446e-06,0.1349373796825782,0.2192416510738569,8.515026339941747e-06,accrual_up,False
Plac9a,0.32012781156525766,0.07406551754215526,-0.25935516903541284,0.15173639807491407,0.27609229740781566,0.22042485704931972,0.20036431959102685,accrual_up,False
Mos,0.31974229031669466,0.07443396203474202,-0.11488275590323287,0.5312509667855372,0.3199511468438716,0.2213922101103318,0.5946699981507626,accrual_up,False
Rbp3,0.3196519333936491,0.07452052174882685,-0.22509239880437656,0.21548446172979047,0.30314698997181955,0.22152050200510826,0.2724804757768124,accrual_up,False
Bcl2l12,0.3186224434154319,0.07551226582369372,0.5610141806491421,0.0008370909476181351,0.36095328961167866,0.22407682836920398,0.001910514954720406,accrual_up,False
Pde8a,0.31841969895924593,0.07570877569165883,-0.7378130851638129,1.4464013796994676e-06,0.1275435506588753,0.2241194014984917,8.107794986645037e-06,accrual_up,False
Galnt14,0.31840259202445825,0.07572537466702547,-0.7194136752408661,3.488175308496146e-06,0.11930951379156976,0.2241194014984917,1.6505734924525826e-05,accrual_up,False
Ctnnal1,0.31838335214367686,0.0757440466206618,-0.6200826895138375,0.00015348971090962694,0.16669723617075663,0.2241194014984917,0.00042528572262357796,accrual_up,False
Sim1,0.3183810361527051,0.07574629448802189,-0.21639297592794904,0.2342195740487755,0.3404522182277751,0.2241194014984917,0.2929036644331463,accrual_up,False
Prpf4b,0.3177370233414765,0.07637337053075477,-0.18102401764165799,0.3214377593749116,0.2263519930665415,0.22532132046117992,0.3877167203999584,accrual_up,False
Prmt3,0.3173352256295367,0.07676663133813723,-0.7229938561766076,2.9550569201381285e-06,0.11006722751194112,0.22582848123174049,1.442363932365187e-05,accrual_up,False
Oprk1,0.317220919881238,0.07687879410673536,-0.5205852711107333,0.0022539983486561522,0.13695387850722443,0.22602808572821734,0.0046568025826225325,accrual_up,False
Zc3h14,0.31695204123106524,0.07714313153869248,-0.24012922283926708,0.18557005304922028,0.2895356229054573,0.22641375948151343,0.23928029337817813,accrual_up,False
Pou2f1,0.3157930137990105,0.07829063452304294,-0.31673359740454704,0.07735840284627112,0.2539108103367069,0.22912250527942743,0.11084416093225533,accrual_up,False
Fam210a,0.3156200487818253,0.07846300405387022,-0.6754293713255644,2.2220191283441307e-05,0.1747632314693416,0.22949528880664677,7.795405483963832e-05,accrual_up,False
Aip,0.31548992815447185,0.07859286972371263,-0.5157291164203934,0.0025184973078714416,0.18955088951674745,0.22974339739865796,0.005128484937106676,accrual_up,False
Cnmd,0.31539236160199535,0.07869035391850654,-0.5591097682843408,0.0008795665262792635,0.39136881355009295,0.22989661817772156,0.0019976263804766356,accrual_up,False
Pthlh,0.31506690663666964,0.07901620926790438,-0.6846613498687839,1.5465223176940736e-05,0.1761075640191058,0.23071647594480837,5.659117892795889e-05,accrual_up,False
Vegfc,0.3148957746595698,0.0791879689869587,-0.6226006461387112,0.0001416941211999162,0.1850137671612934,0.2308009391421729,0.00039713280892350134,accrual_up,False
Ppp3cb,0.3148918672483752,0.07919189409232791,-0.6971183372114403,9.28636800402707e-06,0.16518486205227195,0.2308009391421729,3.683496359917736e-05,accrual_up,False
Fzd4,0.3148871556153205,0.07919662726100264,-0.46227838083383854,0.007726610142595004,0.18585397500489598,0.2308009391421729,0.014046129129500042,accrual_up,False
Dkk3,0.3148578007275858,0.07922612123856984,-0.6626605247168654,3.593996615193245e-05,0.20904371148832784,0.2308009391421729,0.00011720423984113445,accrual_up,False
Des,0.31447228403741556,0.07961425156343037,-0.03385505765742255,0.8540557380342068,0.2873510825120905,0.23166702636911482,0.8803118938026182,accrual_up,False
Syn1,0.3141000631080691,0.07999038592386591,-0.8608006231476426,2.632002217510513e-10,-0.006889704317541352,0.23262882474209806,3.261698143133259e-08,accrual_up,True
Pklr,0.3138762760533384,0.08021718438061472,-0.7380418256146309,1.43001166714334e-06,0.08402078436026039,0.2331554743735132,8.051312929468186e-06,accrual_up,False
Calcr,0.31373670663263487,0.08035888268552374,0.20109213175862015,0.2697616830490625,0.21307670913762036,0.2334343169583466,0.33278218748083865,accrual_up,False
Ulk1,0.31356135652655126,0.08053718078471807,-0.6222872533572038,0.0001431167394981006,0.28247787701919547,0.23381910027481323,0.0004004599496323704,accrual_up,False
Mpp2,0.3134546036609041,0.08064587757364433,-0.7990927097967764,4.1736303236561e-08,0.10149710750719455,0.23396136618519275,5.3761839093358e-07,accrual_up,False
Cacnb1,0.3134231605926709,0.08067791474607999,-0.7102817195393001,5.266199602805151e-06,0.1656889867584335,0.23396136618519275,2.3018752505491925e-05,accrual_up,False
Sema3d,0.31295482248917544,0.08115626354636558,-0.24396330407172312,0.17843372131771934,0.3411243845026572,0.23494784355846246,0.23095417722448272,accrual_up,False
Cftr,0.31240133571602785,0.08172439363364808,-0.6649094715498551,3.307611302132139e-05,0.18047664480583933,0.2360587172618714,0.00010905579614996711,accrual_up,False
Sox5,0.31240065710040943,0.08172509207693882,-0.7176022161785441,3.789927388585363e-06,0.06671250278204675,0.2360587172618714,1.7671315913321697e-05,accrual_up,False
Gsc,0.3122010811099476,0.08193069868020755,-0.10803790989385628,0.5561521958444745,0.38145436099558216,0.23638489477813276,0.6176643481390517,accrual_up,False
Bmi1,0.31205152082434673,0.08208503899423819,-0.6397415801980647,8.067602481554603e-05,0.13863429419442966,0.23669631651193274,0.00024065988455210547,accrual_up,False
Snta1,0.3119625163651116,0.08217699420341489,-0.3718869871690131,0.03609588388083275,0.2473571891566066,0.23682759741899398,0.055863198930864034,accrual_up,False
Cd276,0.31138408042298793,0.0827765394621905,0.08423559103551796,0.6466893047237097,0.33524292959743895,0.23801754667228509,0.700076855559347,accrual_up,False
Rhpn1,0.31123475508263054,0.08293185908058925,-0.6941108765867123,1.0527457531603629e-05,0.24954172954997336,0.23819561552369697,4.102411067128351e-05,accrual_up,False
Strn3,0.31111972974287416,0.0830516545056762,-0.802986564000905,3.2002206632379516e-08,0.04587534826070218,0.23839523554734532,4.442327842828236e-07,accrual_up,False
Gphn,0.3110783045201802,0.08309483019078219,-0.75750526318203,5.185313702233281e-07,0.17274673264469537,0.23839523554734532,3.6084972981025875e-06,accrual_up,False
Abcb4,0.31099228227921255,0.08318454249497131,-0.5788192122417526,0.0005192830731879162,0.1688817765641234,0.23848893075306107,0.0012447664268475378,accrual_up,False
Chd6,0.3109573492841418,0.08322099524415776,-0.6362450385403575,9.074763737357066e-05,0.2408035679765063,0.23848893075306107,0.0002666495957618571,accrual_up,False
Ptpa,0.3106279223525298,0.08356535792133349,-0.8050188772791402,2.779523588376329e-08,0.10553010515648706,0.2393413199083224,4.0051835661886033e-07,accrual_up,False
Grk3,0.30984501251569313,0.0843881561937851,-0.3395402176002542,0.057271896548029576,0.2399633601329037,0.24129147126933734,0.0848515667416494,accrual_up,False
Epha4,0.3097607797015527,0.08447704982780334,-0.7706473472362406,2.475058844852534e-07,0.15711886675368694,0.24141032558634445,2.046462806377947e-06,accrual_up,False
Ctdsp1,0.309330984285349,0.08493174653176769,0.11182425198026409,0.5423110464794949,0.30331503154054,0.2424380744591757,0.604265759740477,accrual_up,False
Dhh,0.3091182888531054,0.08515745849232731,-0.46382801372088883,0.007497628956948093,0.27525208956421304,0.24285011375650983,0.01368347571906766,accrual_up,False
Smim7,0.30910525001532196,0.08517131023532563,-0.3401414760170966,0.05680440906938284,0.24618089817556296,0.24285011375650983,0.08423235193689589,accrual_up,False
Scmh1,0.3089999194699819,0.08528327099281348,-0.6056059176027296,0.0002399330656376728,0.1599755734219358,0.24294165366508952,0.0006305505243780366,accrual_up,False
Dll4,0.3089854432491392,0.08529866726410024,-0.40916593331734596,0.0200535786467241,0.28382220956895965,0.24294165366508952,0.03287059918924796,accrual_up,False
Pcsk6,0.3086510725294566,0.08565488293239863,-0.845802839624919,1.0994253287437131e-09,0.026718609426562803,0.2435568084846163,5.6205073693140944e-08,accrual_up,False
Fgl1,0.3085400951207157,0.0857733624350551,-0.5084082752603318,0.0029680382988188417,0.1957684275594067,0.24374926004524572,0.005930263753339175,accrual_up,False
Trpc1,0.30827746651916793,0.08605424527950048,-0.7416728115899833,1.1915001020717129e-06,0.190055014222909,0.24441130577434964,6.938175822680146e-06,accrual_up,False
Ptpra,0.3082285527402161,0.08610663664860582,-0.46748331381663677,0.006980256733083965,0.27407579858316944,0.24442401421510201,0.012798810063070203,accrual_up,False
Ucn3,0.30812779962111064,0.08621462998371661,-0.7556233518080371,5.742883913183281e-07,0.12670334281527268,0.2445944535856165,3.900725811071627e-06,accrual_up,False
Clec14a,0.3078868442440345,0.08647332160120036,0.10299879316632389,0.5748224800632707,0.3392759272467315,0.2449100012636889,0.6346687166239705,accrual_up,False
Hic1,0.30783739749350936,0.0865264814955495,0.3481608265528949,0.05085272682550218,0.2915521217301036,0.2449100012636889,0.07627161409493873,accrual_up,False
Nyap2,0.3078007334228783,0.08656591497322703,-0.6257404064629132,0.0001281228422056075,0.19593646912812723,0.2449100012636889,0.00036208012082593013,accrual_up,False
Wnt8b,0.3066289561726564,0.08783346827975813,-0.5272480620541073,0.0019305305345338475,0.33255426449791065,0.24794605517158064,0.0040558633676512175,accrual_up,False
Gabrb3,0.3064826343584654,0.08799274199318649,-0.6749767740568813,2.2611130602595478e-05,0.1764436471565468,0.2479839651421239,7.910794046902575e-05,accrual_up,False
Tmem63b,0.3063152522179334,0.08817521108619651,-0.6357014268216593,9.241069926660318e-05,0.16148794754042048,0.24822392480722316,0.0002706010200682795,accrual_up,False
Nmu,0.3059587231799508,0.08856484054011722,-0.6688883973070245,2.8508087623379173e-05,0.16804156872052078,0.2490737435384921,9.567089142556392e-05,accrual_up,False
Ucp3,0.30594967640709764,0.088574744320491,-0.7914624371870159,6.909420544122821e-08,-0.013443325497641663,0.2490737435384921,7.797556237958078e-07,accrual_up,False
Chrnb1,0.30511384058258445,0.08949341849248998,0.39884446565744486,0.023747119079707713,0.2955851193793961,0.2515184174821991,0.03829720342257004,accrual_up,False
Pkd2l1,0.30481018840721097,0.08982896171373289,-0.7425961348248238,1.1369349780656714e-06,0.06015888160194644,0.2518853752604087,6.7279644119640255e-06,accrual_up,False
Pi4ka,0.30479656453843235,0.0898440389192146,-0.6718452014061925,2.549045339162044e-05,0.11527651614227725,0.2518853752604087,8.776269391926835e-05,accrual_up,False
Ecel1,0.3047723108031815,0.08987088472337657,-0.2450611735238722,0.1764264511283453,0.2206385797300438,0.2518853752604087,0.22876241159270191,accrual_up,False
Adora2b,0.30471859540772406,0.08993036265200709,-0.5329005390954956,0.0016885885233920248,0.25273451935566327,0.2519136627610588,0.003608500233691964,accrual_up,False
Cd9,0.30452312890335737,0.09014705236120167,0.42513445221020557,0.015284196279877761,0.2280324087537467,0.2521575018163044,0.025833229033683385,accrual_up,False
Xrcc6,0.3045063160285168,0.09016570933404024,-0.16720439726706668,0.3603587966754227,0.2539108103367069,0.2521575018163044,0.42708880618990036,accrual_up,False
Mxd4,0.3042422058896397,0.09045917511162646,-0.25493703001084905,0.1590845607951138,0.22937674130351088,0.25269136868869246,0.2089326231759045,accrual_up,False
Atraid,0.3042126494111878,0.09049206207686569,-0.41936171847823006,0.01688520480049677,0.2789490040760645,0.25269136868869246,0.028221307237003283,accrual_up,False
Etv1,0.30420082570249557,0.0905052206614862,-0.7293597407238629,2.186397782104544e-06,0.10620227143136912,0.25269136868869246,1.1311171487338011e-05,accrual_up,False
Msh2,0.30353250953851774,0.09125136557828994,-0.7039542445119081,6.943124929992031e-06,0.15308586910439442,0.25394065238126406,2.8817640575988082e-05,accrual_up,False
Ttyh1,0.30265134924792697,0.09224230144186694,-0.7256502542040707,2.6085839638366245e-06,0.08318057651665779,0.25621190860592336,1.2994518358916623e-05,accrual_up,False
Prrxl1,0.3025002361604443,0.09241306084279877,-0.7049320958211749,6.6558431517774486e-06,0.20316225658310963,0.25621190860592336,2.7806270202470734e-05,accrual_up,False
Fgf22,0.3024946095059829,0.09241942367005394,-0.6306626275219739,0.00010917379151777298,0.20215400717078652,0.25621190860592336,0.00031392080638791426,accrual_up,False
D1Ertd622e,0.30245778937600526,0.09246106946287502,-0.44412503133921294,0.010882938218528329,0.22467157737933627,0.25621190860592336,0.019142713052659657,accrual_up,False
Hcn2,0.3023612521282015,0.09257032681145028,-0.8135398124315957,1.5114271440472918e-08,0.007897953729864477,0.25635246311900534,2.7339680360940553e-07,accrual_up,False
Casc4,0.30203495061931507,0.09294035114010271,-0.8053999782525597,2.7065325590467037e-08,0.027894900407606452,0.2570980103935271,3.93333976743511e-07,accrual_up,False
Adgra2,0.30135740892714175,0.09371227656853548,0.17291478694672782,0.34394864406201386,0.3459975899955523,0.25876109818022996,0.41078951846413786,accrual_up,False
Spo11,0.3012236164776462,0.09386528188138123,0.024950888486136715,0.8921779057975274,0.26869846838411277,0.2589544634272178,0.9123896346177199,accrual_up,False
Ccl8,0.300946416871711,0.09418289269877786,0.6982863223457737,8.841224288598287e-06,0.26365722132249714,0.2595499382260755,3.5399595836844474e-05,accrual_up,False
Maz,0.30087308338569946,0.09426705359771842,0.07566943518377726,0.6806241356491602,0.2535747271992659,0.25964159848918017,0.7306110513355148,accrual_up,False
Prrx1,0.3007939126800666,0.09435797775853771,0.29201309628151123,0.10486248399622866,0.3779254880524513,0.25975177795267185,0.1451963981717596,accrual_up,False
Mmd2,0.30066516060512616,0.09450598640972863,-0.6109553766067287,0.00020393853264515433,0.011090743535554372,0.260018897883509,0.0005452256053579309,accrual_up,False
Prkcz,0.3005696683529043,0.09461587476844127,-0.8411431934206149,1.6628048752341548e-09,0.05192484473464093,0.26018090414761125,7.09645934507362e-08,accrual_up,False
Mbd5,0.30046195109534873,0.094739947711183,-0.21953380193938832,0.22733327086401817,0.21139629345041516,0.2603817205144098,0.28564540052668,accrual_up,False
Alpl,0.30038241820205897,0.09483163615593584,-0.8344754532761005,2.939145972760293e-09,0.059318673758343834,0.26045869599095783,9.928863315927322e-08,accrual_up,False
Kcnj3,0.30034909198181065,0.09487007589711814,-0.7093825881557658,5.4795851943078045e-06,0.08687749102850925,0.26045869599095783,2.368014323690757e-05,accrual_up,False
Ephb2,0.30016490673657886,0.09508273588762993,-0.6905024180343486,1.2213447086494738e-05,0.09561565260197633,0.26062172797571215,4.638927296218143e-05,accrual_up,False
Cyb5r3,0.3000177574717116,0.0952528943844017,0.6229063563079952,0.00014031855297159693,0.2922242880049857,0.2609479131336375,0.0003939267686891117,accrual_up,True
Usp22,0.29957355560986426,0.09576795830506982,-0.7473477791107725,8.904429009453863e-07,0.15325391067311497,0.26193691973949657,5.6075916515091555e-06,severity_oscillating,False
P2ry12,0.29927923356369535,0.09611039593127563,-0.262823231790162,0.14614262850395543,0.24248398366371152,0.2625919280371917,0.19388128686571562,other,False
Abcd2,0.29903008898004946,0.09640099644168645,-0.01059453316837692,0.9541080389403941,0.408172970422145,0.2629360045512692,0.9637435854722674,other,False
Eepd1,0.29902704050322576,0.09640455628956231,0.24917332353610613,0.16905008677567288,0.2861747915310469,0.2629360045512692,0.22031795928531103,other,False
Hsf1,0.29895042196283406,0.09649406009017368,-0.40527479661423377,0.021385787983590334,0.2540788519054274,0.2629360045512692,0.034863823746978044,severity_oscillating,False
Per2,0.29878923475511954,0.09668256072750907,-0.0008990895972751049,0.996103420225565,0.17039415068260808,0.2633089921361579,0.9973542415807632,other,False
Lamb1,0.29864551421985747,0.09685087048718331,0.05554165936807108,0.7627101562695483,0.36347391314248645,0.2634860215227318,0.802844512408371,other,False
Tppp,0.2982503968048114,0.09731473454648398,-0.7501253252524493,7.699999170768079e-07,0.05780629963985916,0.2644235276542859,4.984479158640606e-06,severity_oscillating,False
Wnt16,0.29821957731475474,0.09735098704856869,-0.42507476699815233,0.015300076151484002,0.18703026598593964,0.2644235276542859,0.02585150329536929,severity_oscillating,False
Piwil4,0.2979894284032285,0.09762203166509299,0.34249495427007753,0.05500344601027632,0.32381610292444357,0.26487765081044645,0.08187119290878889,severity_oscillating,False
Scn3b,0.29789730549996135,0.09773068431554895,-0.6614056276493793,3.7633179935564065e-05,0.14821266361149935,0.2649362580489967,0.00012180637744372607,severity_oscillating,False
Aldh3a1,0.2978830483206526,0.09774750787065511,-0.23232285117737408,0.20071358940999234,0.11779713967308507,0.2649362580489967,0.256152118984331,other,False
Jazf1,0.2977796763787735,0.09786955304644111,-0.7307948174000719,2.0404859007323856e-06,0.13544150438873975,0.26501085956776543,1.074150524214231e-05,severity_oscillating,False
Gucy1a1,0.29777173194460654,0.09787893735065087,-0.8544706356484484,4.906078193557893e-10,-0.0047051639241745815,0.26501085956776543,4.468911583096216e-08,severity_oscillating,False
Atxn3,0.2972017345053789,0.09855402444005647,-0.047438942628857894,0.7965431561766917,0.3419645923462598,0.2662618450021879,0.8310833789440181,other,False
Slc4a10,0.29716136911729707,0.09860196534191981,-0.662234767261432,3.650659061420596e-05,0.1512374118484687,0.2662618450021879,0.00011861154058793923,severity_oscillating,False
Kcns2,0.2969912918652551,0.09880415564212924,-0.8055667513888536,2.6751481773839845e-08,0.08368470122281935,0.26643402833536983,3.916442663927786e-07,severity_oscillating,False
Igsf21,0.29628731488532456,0.09964439497163428,-0.797119851573955,4.764313766023921e-08,0.0428506000237328,0.2684335751541479,5.942744170099465e-07,severity_oscillating,False
Rorb,0.29626650234334556,0.09966931804390435,-0.6789978666544056,1.934499129332108e-05,0.12670334281527268,0.2684335751541479,6.871782770698525e-05,severity_oscillating,False
Dner,0.29611996941606633,0.09984492515634902,-0.7963215577141245,5.0243992753660813e-08,0.13359304713281403,0.2687646243918398,6.190690991217966e-07,severity_oscillating,False
Mcam,0.2954785671709194,0.10061634692047457,-0.6185137672564903,0.0001612750709714823,0.21358083384378193,0.2705556065584295,0.00044215822904266456,severity_oscillating,False
Prdm13,0.295412233101668,0.10069638407340951,-0.5441032971478255,0.0012860391390357901,0.13560954595746028,0.2706115641845781,0.0028046539752978046,severity_oscillating,False
Aif1l,0.2953734027071676,0.10074325826044184,-0.81749253446536,1.1273734041811525e-08,0.12821571693375736,0.2706115641845781,2.2820364026698647e-07,severity_oscillating,False
Ap3m2,0.2948435633518493,0.10138450435234321,-0.8010217238566539,3.661779758605093e-08,0.08150016082945258,0.27204753114218977,4.851620402245345e-07,severity_oscillating,False
Hacl1,0.2945478409360915,0.10174374532756217,-0.6194089238616849,0.00015679104179019274,0.19459213657836308,0.272696188146539,0.0004318526480409142,severity_oscillating,False
Gusb,0.2943295764197747,0.102009507242715,0.729189523249582,2.2043198533892495e-06,0.2250076605167773,0.2731498669003093,1.1369297848471751e-05,severity_oscillating,False
Fgf10,0.2941658047071553,0.10220926195960663,-0.7270920499288372,2.4363997949362712e-06,0.14501987380580944,0.2735411570073208,1.22685837650246e-05,severity_oscillating,False
Adamts14,0.29403704878403114,0.10236651467360394,0.5723327693024637,0.0006198876243748176,0.30281090683437845,0.2738183488988221,0.001455822639012866,severity_oscillating,False
Doc2a,0.2934912506332814,0.10303513988775177,-0.7935859232314324,6.017655641003505e-08,0.10300948162567924,0.27498209665940965,7.014572676052871e-07,severity_oscillating,False
Polr2h,0.2934619582529625,0.10307111719521492,-0.09648086602142933,0.5993801720146281,0.2515582283746196,0.27498209665940965,0.6573722333791912,other,False
Fbxl3,0.29305594586582984,0.10357076385186031,-0.4622842338644002,0.0077257342156155364,0.2164375405120308,0.2761706567738314,0.014046129129500042,severity_oscillating,False
Pcif1,0.29280141130126675,0.10388492909423985,-0.15014984924000552,0.41207475977690744,0.39523376963066487,0.27686364854217216,0.4789230689501036,other,False
Ppp2r2a,0.2924658934003529,0.10430014689500272,-0.7316141842638308,1.961205315177428e-06,0.08855790671571445,0.2778250910242344,1.0431812630573576e-05,severity_oscillating,False
Mettl3,0.2920644295799826,0.10479861770028168,-0.575612469786489,0.0005670555459061801,-0.0016804156872052079,0.27871624029673453,0.0013453722510081046,severity_oscillating,False
Snrpa,0.2917411203201185,0.1052013519755822,-0.16102161085569677,0.37864227555010377,0.2189581640428386,0.2796037743567547,0.44554884603946465,other,False
Nr2f1,0.2916646525132024,0.10529677524785841,-0.3172673201745114,0.07683324844541417,0.35339141901925525,0.2796037743567547,0.11018453762160745,severity_oscillating,False
Pde4c,0.29159694550628523,0.10538132040447327,-0.6122679066435804,0.00019587762106446432,0.18014056166839829,0.27968268230136223,0.0005265210397728923,severity_oscillating,False
Casp12,0.291389690150453,0.10564043604619203,0.45245865311968525,0.009320234093860711,0.3743966151093203,0.2800789315341089,0.01666988573379505,severity_oscillating,False
Commd10,0.2911131200959664,0.10598695716240551,-0.33719911797567276,0.05912112443466539,0.25592730916135314,0.2804735597362888,0.08731234966451307,severity_oscillating,False
Laptm4b,0.2910953759163514,0.10600921842218482,-0.8056886583477286,2.6524187884001796e-08,0.07965170357352686,0.2804735597362888,3.9104012253263915e-07,severity_oscillating,False
Hace1,0.29053999642918993,0.10670775887525098,-0.3584467160217905,0.043956228800917034,0.26029638994808674,0.28163618829328746,0.06675222480305977,severity_oscillating,False
Mapt,0.290183307420376,0.1071582138627543,-0.823144117256865,7.322246309564586e-09,0.021677362364947182,0.2826339446297361,1.7535576725393876e-07,severity_oscillating,False
Brd8,0.2890426978828148,0.10860826035567524,-0.031283782936934824,0.865035032653465,0.28146962760687233,0.2857198226272818,0.8900051520778474,other,False
Asxl3,0.2889492831413842,0.10872766694343691,-0.6542936057986223,4.865862411489831e-05,0.18450964245513182,0.2858865098342637,0.00015378416456635457,severity_oscillating,False
Hoxb2,0.2888238428562785,0.10888816486665054,-0.5248061672670566,0.002044049134125386,0.25559122602391215,0.2861610144177148,0.004267987979195086,severity_oscillating,False
Kdm5a,0.28872780860219505,0.10901115857185019,-0.08690836239851592,0.63623836822495,0.2529025609243838,0.2863097859083848,0.690668635095865,other,False
Sulf1,0.28866877228094917,0.10908681973191904,0.630437959396145,0.00010998079932095379,0.3253284770429283,0.2863097859083848,0.0003156384969752158,severity_oscillating,False
Rnf13,0.2884124818214229,0.1094157393875654,-0.7403547614069631,1.2735311059927449e-06,0.036465020412353014,0.2864537576388623,7.2755017791175985e-06,severity_oscillating,False
Fbxo33,0.28834885313411024,0.1094975147220684,-0.7202210331112795,3.360855310259616e-06,0.21290866756889984,0.2864537576388623,1.6037158968787938e-05,severity_oscillating,False
Dlgap4,0.2883430577665069,0.1095049651824704,-0.017107104137244554,0.9259600892736632,0.2754201311329336,0.2864537576388623,0.9399646597781007,other,False
Ift27,0.28821020345612763,0.10967586549928282,-0.30147410541963154,0.09357897725891252,0.2762603389765362,0.28675376212805825,0.13135563098451095,severity_oscillating,False
Sun1,0.28799196616138106,0.10995703429611334,-0.6902922647274374,1.2318771291340493e-05,0.1488848298863814,0.2870907570229399,4.6685031468891415e-05,severity_oscillating,False
Mtus1,0.287541842361703,0.11053866336428508,-0.2840471540181452,0.11513303472759369,0.1915673883413937,0.28841827203131365,0.15770505105946708,other,False
Kcnj8,0.2874198720681174,0.11069666397259784,-0.4541395184114603,0.009029234309379615,0.19627255226556828,0.28868286448068586,0.016200536128084916,severity_oscillating,False
Ldlrad4,0.28710649176649616,0.1111033933930269,-0.24521429808149553,0.17614776288868828,0.14451574909964787,0.28921269162893465,0.2284591249669969,other,False
Casp9,0.2870860324658754,0.11112998593869317,0.11673845827756779,0.5245937848764316,0.3582646245121503,0.28921269162893465,0.5888980846511175,other,False
Cnksr3,0.28704501437729785,0.1111833146999296,-0.17058404003375527,0.3505910852353217,0.2922242880049857,0.28921269162893465,0.41784231910873265,other,False
Mob2,0.2868328685379664,0.111459437364915,-0.5966736441832373,0.00031274644522264497,0.17560343931294423,0.2896355527246212,0.0007952739865806142,severity_oscillating,False
Prmt1,0.2866583991205137,0.11168690602049826,-0.38588319773351243,0.029160315589018666,0.21694166521819236,0.29007315804649675,0.046151650580075775,severity_oscillating,False
Zdhhc8,0.28661651021695855,0.11174157137058736,-0.6718369258680332,2.5498481026542558e-05,0.1818209773556035,0.29007315804649675,8.776269391926835e-05,severity_oscillating,False
Igfn1,0.28645374044649213,0.11195417733002677,-0.10053669997987455,0.5840457785978629,0.09830431770150466,0.29032956713801045,0.6433205607056139,other,False
Hpse2,0.28620126258421197,0.11228455662136151,-0.618199489838148,0.00016287626515500129,0.07007333415645717,0.2908905654268995,0.0004462039895572833,severity_oscillating,False
Zscan21,0.2858436066147752,0.1127538142648138,-0.2871465799018474,0.11105130154134688,0.22820045032246725,0.2915140428610315,0.1528528573023234,other,False
Thbs3,0.2855398165104014,0.11315354854886918,-0.21860989538915165,0.22934456581115317,0.28987170604289836,0.2923993166908722,0.2876662832477335,other,False
Hcn4,0.28517174851860155,0.1136392794597653,-0.8063835374557637,2.5262106921129552e-08,0.041170184336527596,0.29306064940559295,3.76789495335327e-07,severity_oscillating,False
Sall1,0.2848147020469173,0.11411195268403167,-0.4378115761985071,0.012208969110786493,0.2529025609243838,0.29413090987430296,0.021262530363305533,severity_oscillating,False
Etfbkmt,0.2844200109595798,0.11463616866069616,0.4030449070721104,0.022181628899408404,0.24634893974428348,0.2953328769384904,0.03600015558889032,severity_oscillating,False
Rev1,0.28434807934409384,0.11473189928471052,-0.3177848851852938,0.07632662968638448,0.21744578992435387,0.2954302969466473,0.10961208840941646,severity_oscillating,False
Mapkap1,0.28380997397151486,0.1154499341014194,-0.5610383008031119,0.0008365647546885957,0.18971893108546797,0.2971292199048135,0.0019101686721873443,severity_oscillating,False
Serping1,0.28349656516162225,0.11586968120452501,0.6222900267840595,0.00014310409407433807,0.33877180254056993,0.29786347101860455,0.0004004599496323704,severity_oscillating,False
Cd83,0.2834662013224271,0.11591040775768087,-0.13505700313342267,0.46112948765298123,0.23761077817081638,0.29786347101860455,0.5272857019766548,other,False
Gfra2,0.28273994002248937,0.11688771521072937,-0.4574576253265625,0.008477325782824494,0.3308738488107055,0.29992164753014616,0.015293651757002417,severity_oscillating,False
Taf6l,0.2826768354403294,0.11697292210856809,0.4930596773785435,0.004140439852037371,0.3737244488344383,0.29998937942473897,0.008006210646414947,severity_oscillating,False
Ttn,0.2818587695994745,0.11808170697018568,-0.15216359025017695,0.4057600618656314,0.3896883978628877,0.30253505795902125,0.4726694297864087,other,False
Sntb1,0.2817889843964296,0.11817665283546341,-0.2735533362176555,0.1297852654028857,0.25273451935566327,0.30253505795902125,0.17500254793024583,other,False
Hist1h2bc,0.28167277647935146,0.11833488492625126,-0.4039380885667206,0.021859971273912964,0.17526735617550318,0.3027212878680079,0.0355346441900032,severity_oscillating,False
Kcnt2,0.2814994797687278,0.11857114355691521,-0.6962428611358952,9.633223224343358e-06,0.11208372633658735,0.30317363573124034,3.788671678286467e-05,severity_oscillating,False
Kif3a,0.28136024095413603,0.11876122453169566,-0.7960568599318204,5.1134723447731784e-08,0.06973725101901612,0.303379873103155,6.270149622761534e-07,severity_oscillating,False
Ndst3,0.28135326613102496,0.1187707521244855,-0.5052463341337412,0.003182705419702674,0.13544150438873975,0.303379873103155,0.006326960384217982,severity_oscillating,False
Drosha,0.28113831766111724,0.11906465007683208,-0.7945680021637539,5.642051757151289e-08,0.08032386984840893,0.3038263031725465,6.740071665861528e-07,severity_oscillating,False
Hps4,0.2806413569612984,0.11974621202910962,0.18704254671347392,0.3053357569340283,0.26836238524667166,0.30513048121299186,0.3710142201335108,other,False
Xrcc4,0.28063482483742436,0.11975518984285624,-0.0012620052161961706,0.9945305940393633,0.23340973895280334,0.30513048121299186,0.996288405379967,other,False
Grm2,0.2805255612491869,0.11990543694193712,-0.7051980540185823,6.57959353855088e-06,0.14972503772998402,0.30536077575677545,2.753281922899757e-05,severity_oscillating,False
Ace,0.2804043732279319,0.1200722449772117,-0.05095943059066781,0.7817947849424249,0.2853345836874443,0.305632994824729,0.8188778640639239,other,False
Prl2c2,0.2802410164012808,0.12029736859666049,-0.16675363008257527,0.3616737197455546,0.23324169738408285,0.3060533053424265,0.4284481292201751,other,False
Sirpa,0.28017573732116635,0.12038741795111672,0.7015300104329248,7.704417475197052e-06,0.19072718049779108,0.30612972032335317,3.144018683278413e-05,severity_oscillating,False
Mkks,0.27980046061977254,0.12090606561549211,-0.6225140204494006,0.00014208608291226398,0.0799877867109679,0.30729538649956417,0.000398012690244623,severity_oscillating,False
Cfap69,0.27906814123237794,0.12192293498374025,-0.5569458307477653,0.0009301194416040753,0.1480446220427788,0.3094173588816214,0.0021012131406653624,severity_oscillating,False
Syt9,0.2784159258972326,0.12283390360968201,-0.6679746067370065,2.9503692944406152e-05,0.09662390201429945,0.31123446435709734,9.862276389869973e-05,severity_oscillating,False
Psat1,0.27836708691985435,0.12290232091759773,-0.7086403744161296,5.6616043494434825e-06,0.06587229493844415,0.31123446435709734,2.424839948489606e-05,severity_oscillating,False
Ppp2ca,0.2783570947037178,0.12291632224393337,-0.6829031612637162,1.658678243767389e-05,0.1850137671612934,0.31123446435709734,6.026294673402744e-05,severity_oscillating,False
Cdh2,0.27833733039675873,0.12294401993325839,-0.5752440348202431,0.0005727853581562136,0.11426826672995413,0.31123446435709734,0.001356442948911256,severity_oscillating,False
Stab1,0.27812227558662267,0.1232456966646243,0.7878590321239385,8.7041750329255e-08,0.2692025930902743,0.31184340212611533,9.249999342281869e-07,severity_oscillating,True
Stom,0.2780685882778309,0.12332109415489156,0.7144614118402121,4.3697881241373445e-06,0.25038193739357595,0.31187947510366976,1.9904480854864456e-05,severity_oscillating,False
Map1lc3a,0.27776809525828194,0.1237437321353976,-0.7674636192538947,2.973674768688522e-07,0.055789800815212905,0.3126383247264305,2.355390527186359e-06,severity_oscillating,False
Mlst8,0.277517465281683,0.12409705827866793,-0.6273106097819826,0.00012178157356872442,0.23391386365896494,0.31321715883877527,0.0003454993363593233,severity_oscillating,False
Met,0.27749707195767753,0.12412584063369274,0.1562379130662503,0.3931529507360676,0.3574244166685477,0.31321715883877527,0.46071059078903764,other,False
Tgfbr1,0.2774428254544493,0.12420242612306824,0.5150350836166225,0.0025584151897345662,0.23509015464000857,0.31321715883877527,0.005199392782006383,severity_oscillating,False
Slc20a2,0.2774314788208279,0.12421844978060036,-0.6344811607014865,9.624357720145706e-05,0.16232815538402307,0.31321715883877527,0.00028115674093410136,severity_oscillating,False
Csnk1e,0.2771606596163272,0.1246013535465284,-0.09295584611311113,0.6128463565206183,0.2860067499623264,0.31401867662437905,0.6690103558701734,other,False
Dhx33,0.27711962788414063,0.12465944327864488,-0.20954351985214595,0.24971943451090442,0.2950809946732345,0.31401867662437905,0.3102335205650568,other,False
Tmigd1,0.2765904189499286,0.12541045560697622,-0.4701100565453533,0.00662752660861404,0.1576229914598485,0.31511266161537504,0.012233322504950676,severity_oscillating,False
Dpysl5,0.2763512091462229,0.12575101939028535,-0.8548909212648633,4.711658119005287e-10,0.0028567066682488535,0.31567714070366415,4.468911583096216e-08,severity_oscillating,False
Mfn1,0.27623944540137507,0.1259103719242423,-0.6491726594455046,5.830982224071881e-05,0.11863734751668767,0.31577795180649293,0.00017972108957698288,severity_oscillating,False
Cpt2,0.27611938646692036,0.1260817179513637,-0.04439610824586795,0.809346491766673,0.1925756377537168,0.31577795180649293,0.8422024590986942,other,False
L1cam,0.2761060911720053,0.12610070335813098,-0.4635186820242556,0.007542870421560436,0.22299116169213107,0.31577795180649293,0.013751315947240808,severity_oscillating,False
Cul4a,0.27534882839576535,0.12718554946575267,0.10643339584003016,0.5620664698279052,0.3177666064505048,0.3180262195219629,0.6227413254978593,other,False
Cdh10,0.2752805143036698,0.12728375321991278,-0.8674125651328088,1.3283457006914114e-10,0.020669112952624056,0.31811583791022785,2.5182881688114465e-08,severity_oscillating,False
Zeb1,0.27522183127350597,0.1273681566916419,-0.5615345800435939,0.0008258025467111729,0.10317752319439977,0.3181620154017743,0.00188862682173912,severity_oscillating,False
S100b,0.2751809540317662,0.12742697460612132,-0.7553035570337547,5.842896709458342e-07,0.09191873809012487,0.3181620154017743,3.947631273502914e-06,severity_oscillating,True
Cdh1,0.27503363847352097,0.12763911203303713,-0.27762066932423957,0.12395147581994995,0.319110939000269,0.3183800051249498,0.16824813149482828,other,False
Spaca6,0.27398470518159596,0.12915713821778196,-0.2749272841364681,0.12779242638418492,0.19442409500964256,0.32142759045010566,0.17272632935498866,other,False
Map7,0.27398230085746617,0.12916063299390806,-0.7566207753639762,5.440900922024992e-07,0.031087690213296347,0.32142759045010566,3.7203801076741937e-06,severity_oscillating,False
Frrs1l,0.27339338014892955,0.13001875239492885,-0.8189559914325267,1.009613107056109e-08,0.04318668316117384,0.3228676317043091,2.1172777387048734e-07,severity_oscillating,False
Stoml3,0.2730807851841377,0.130475938278313,-0.6492063172510903,5.8241151420027084e-05,0.18484572559257287,0.32359581650938213,0.0001796179645668429,severity_oscillating,False
Cdk5,0.27307023246922835,0.1304913927778473,-0.690365214602408,1.2282117746084337e-05,0.07108158356878029,0.32359581650938213,4.6580730574554796e-05,severity_oscillating,False
Pparg,0.2729521972086844,0.13066434780204284,0.5092159474400014,0.002915256969514679,0.44951119632739317,0.3238672682887369,0.005833944998624706,severity_oscillating,False
Notch2,0.27258269329426077,0.13120686629643322,0.4742587203459935,0.006101406223966098,0.2789490040760645,0.32490849014362877,0.0113872704422501,severity_oscillating,False
Minar2,0.2725793251097965,0.13121181919150662,-0.8394744634946425,1.9222024949454527e-09,0.0500763874787152,0.32490849014362877,7.781868989457742e-08,severity_oscillating,False
Mmp15,0.2724500221503141,0.13140206242920724,-0.8457589592445713,1.1037865611348491e-09,-0.07713108004271904,0.3251126826618782,5.6205073693140944e-08,severity_oscillating,False
Ftsj1,0.2724298803129331,0.1314317153364655,-0.6152421118559737,0.0001786523745974427,0.0882218235782734,0.3251126826618782,0.0004857706624848375,severity_oscillating,False
Taf11,0.2718318176709233,0.13231443030201961,-0.6520546331862961,5.2686106236539304e-05,0.16753744401435924,0.3268454764990809,0.00016437420667436513,severity_oscillating,False
Ptgdr,0.27127952653552007,0.1331334510905557,-0.40055402312543026,0.023099345029635728,0.24366027464475515,0.328074267639094,0.037335158110320614,severity_oscillating,False
Cfap61,0.2711828606476548,0.1332771839002152,-0.6524853749528889,5.188879727449243e-05,0.11376414202379256,0.32826987690729004,0.00016218428608896196,severity_oscillating,False
Tas1r3,0.2708264646080416,0.13380809487297626,0.005345546162446157,0.9768358477090211,0.23307365581536232,0.3292595716097694,0.9831964599770554,other,False
Senp3,0.2705761000656663,0.13418198151554178,-0.21369938228746946,0.24023590621990093,0.21055608560681255,0.33000237054436754,0.29954616417201535,other,False
Gigyf2,0.2705377306204059,0.1342393489275755,-0.02218833731265081,0.9040577336465558,0.21710970678691285,0.33000237054436754,0.9223196998662162,other,False
Ocln,0.27042789808826917,0.13440366261780493,-0.6211647829736312,0.00014831728033628698,0.1230064283034212,0.3302471498137875,0.00041342428797562833,severity_oscillating,False
Snx5,0.270070892257403,0.13493877631237947,0.560538186072925,0.000847534715768266,0.25895205739832255,0.33108354880685315,0.0019317580809356232,severity_oscillating,False
Trim29,0.2696111541374317,0.13563017384115306,0.6690375307202241,2.834850574151698e-05,0.24046748483906527,0.33251603392033335,9.532348568719719e-05,severity_oscillating,False
Myo5a,0.2695194795286539,0.13576835263962045,-0.40608084765824104,0.021103979137383135,0.19358388716603997,0.33263898502147166,0.0344264143203682,severity_oscillating,False
Coprs,0.26927795831023854,0.13613288522229577,-0.8804948865740366,3.06238295203203e-11,-0.05747021650241811,0.3333719863268991,1.7563388887121595e-08,severity_oscillating,False
Pld5,0.2688930210998817,0.13671535941347748,-0.8070927122600214,2.403113047855836e-08,0.09830431770150466,0.3344841807732309,3.6591879573470506e-07,severity_oscillating,False
Ndc1,0.2688911495524652,0.1367181958267372,-0.4819753958308163,0.0052172649386472226,0.177787979706311,0.3344841807732309,0.00991552475858401,severity_oscillating,False
Slc22a5,0.26877320957421763,0.13689702601848966,-0.36583212878629695,0.039483088165490815,0.23139324012815712,0.33476113601165663,0.060608857277209945,severity_oscillating,False
Tfam,0.2686928656599147,0.13701894801224054,-0.6640704930843246,3.411953270991724e-05,0.13191263144560883,0.3348987320605841,0.00011185330099825696,severity_oscillating,False
Ehmt2,0.26856188947069354,0.13721787490539086,0.18589383511800478,0.30836910417112223,0.25811184955471994,0.3352243198718385,0.37416527125996535,other,False
Hgf,0.26840577737486526,0.13745525424475813,0.7834385603138193,1.1485913973949356e-07,0.2935686205547498,0.3354828956471345,1.1267239842522243e-06,severity_oscillating,False
Chrm5,0.26803811807115624,0.13801549267628213,-0.6152537355748605,0.0001785877928744004,0.24063552640778577,0.33668915740875904,0.0004857706624848375,severity_oscillating,False
Arl13b,0.2679120787646475,0.13820793489866542,-0.4254443106116774,0.015201976257759115,0.12233426202853914,0.3369974550277688,0.025711300030115798,severity_oscillating,False
Pdlim4,0.26772552837993735,0.13849312801960914,0.37981671172969655,0.032019332319968785,0.3088604033083172,0.33753150789681136,0.05016296503813292,severity_oscillating,False
Gps1,0.2672099663815397,0.13928354203284668,-0.7665778293042699,3.1278707214964293e-07,0.11460434986739516,0.33886398868964435,2.450886106045052e-06,severity_oscillating,False
Celsr2,0.26706597996710263,0.13950487673951248,-0.8126940428848736,1.6078385385763054e-08,-0.037473269824676136,0.33886398868964435,2.828132546647494e-07,severity_oscillating,False
Lingo1,0.26698004168495065,0.13963710269466179,-0.854579227360852,4.855147697404971e-10,0.029407274526091137,0.33902373195881474,4.468911583096216e-08,severity_oscillating,False
Tbx4,0.2666778161463228,0.14010283841302645,-0.6253863603361924,0.00012959276596448855,0.18484572559257287,0.3399926635322778,0.00036582883186765696,severity_oscillating,False
Bbs7,0.26633160175835496,0.14063775413109364,-0.6864921328512065,1.4370575138594291e-05,0.08788574044083237,0.34096064030075074,5.3131575659477115e-05,severity_oscillating,False
Robo2,0.26632784009240973,0.1406435742335345,-0.8038079502645442,3.023613617767794e-08,-0.005881454905218227,0.34096064030075074,4.260622393434674e-07,severity_oscillating,False
Mpzl1,0.2659529556855694,0.14122448248438038,-0.5947242898664706,0.0003310272000452006,0.14938895459254298,0.34176683882886144,0.0008359256175398852,severity_oscillating,False
Ints4,0.2657058862274041,0.1416082883467887,-0.7377335781848761,1.4521381504385712e-06,0.04873205492895103,0.3425053953802604,8.117389595791304e-06,severity_oscillating,False
Slc1a3,0.26543925029770854,0.14202334190723293,-0.27913039593857686,0.12183624469241752,0.33608313744104157,0.3428059496544292,0.1658182188303153,other,False
Rptor,0.26541022924643864,0.14206857039197476,-0.3734317038220515,0.03527048779719822,0.2471891475878861,0.3428059496544292,0.05475190452023984,severity_oscillating,False
Fam210b,0.2645418831420467,0.14342672302330495,-0.35183735198780314,0.0482952924159768,0.23206540640303921,0.3452665003029158,0.07284278137607855,severity_oscillating,False
Tlr7,0.26433683217112625,0.14374881131161277,0.7478592541626686,8.670500461078754e-07,0.21879012247411805,0.3457155523340578,5.501022742781434e-06,severity_oscillating,False
Mertk,0.2642655384837995,0.14386092063649025,0.5938871175686028,0.00033916470670261964,0.14384358282476578,0.3458221282595367,0.0008530962371252774,severity_oscillating,False
Cd300lb,0.26408236314760364,0.14414925552092492,0.6693780780472299,2.798711159930027e-05,0.2557592675926326,0.3463520265719444,9.435707618508307e-05,severity_oscillating,False
Atm,0.26369491173685733,0.14476052427321384,0.19991787483347942,0.2726269268214459,0.23593036248361116,0.34732993147585317,0.3359106168396608,other,False
Camsap1,0.2634297776785328,0.14517990170546913,-0.659408583774256,4.0476087992529966e-05,0.1922395546162758,0.34784786462558837,0.00013001796275182326,severity_oscillating,False
Slc24a3,0.263429105998599,0.1451809652593369,-0.7934831936621816,6.05824180334719e-08,0.05595784238393342,0.34784786462558837,7.039428573775401e-07,severity_oscillating,False
Kif1b,0.2629833620237989,0.14588801612927707,-0.8583312899160109,3.367693647505912e-10,0.021005196090065098,0.3493778264203955,3.81746784353948e-08,severity_oscillating,False
Fbxl4,0.2628410149910214,0.14611433670993845,-0.6743272358436615,2.318302124702158e-05,0.0873816157346708,0.34970971633915987,8.077636023296249e-05,severity_oscillating,False
Rdx,0.26280997858693944,0.1461637159841382,-0.7641271357257517,3.593346938585848e-07,0.011258785104274893,0.34970971633915987,2.739859900407535e-06,severity_oscillating,False
Efna2,0.2626380353471165,0.1464374991744763,-0.6203379384824279,0.00015225532522726074,0.1147723914361157,0.3502005078710753,0.0004227841121307877,severity_oscillating,False
Pisd,0.2617565873589345,0.14784686616851844,0.05026446019256062,0.7847005043828701,0.33188209822302855,0.3532397490986476,0.8207417004012755,other,False
Prr5,0.2616198129930541,0.14806643610096215,-0.6289288918257279,0.00011554101012250732,0.07763520474888061,0.35332453827406624,0.00032907576361524836,severity_oscillating,False
Man2b2,0.26161507360998637,0.14807404867691937,0.6408252647791559,7.776454878646394e-05,0.26382526289121766,0.35332453827406624,0.00023320221243959587,severity_oscillating,False
Egln1,0.261561937549519,0.14815941724529066,-0.6398969216106781,8.025277134718863e-05,0.14266729184372215,0.35332453827406624,0.00023967762683958384,severity_oscillating,False
Edar,0.26145741198369654,0.1483274524615885,-0.5198316701531264,0.0022933902761627695,0.1082187702560154,0.353559969629235,0.004734352002713997,severity_oscillating,False
Kdm4b,0.261086571358093,0.14892472981510052,-0.5534983770813886,0.0010159360726259864,0.2497097711186939,0.3546522160536077,0.0022712518415121904,severity_oscillating,False
Ric8b,0.2608507837861697,0.1493053950327914,-0.5431276400060114,0.0013173984694742273,0.20837154521344578,0.35504402556923137,0.002866915355284997,severity_oscillating,False
Araf,0.26070015543141484,0.1495489442099418,-0.8057405888030323,2.6427903967482408e-08,0.08015582827968842,0.3552632589663749,3.907499656177616e-07,severity_oscillating,False
Cpne4,0.260652384783124,0.14962624403472669,-0.8065377237869845,2.498964911020878e-08,0.008402078436026039,0.3552632589663749,3.76789495335327e-07,severity_oscillating,False
Erbin,0.2605830532248827,0.14973848397916212,-0.19733089397349066,0.27900875257066293,0.1505652455735866,0.3552632589663749,0.3426152255327279,other,False
Ddx41,0.2604401893400568,0.14996995658747028,0.3705478684395747,0.03682399913877535,0.24315614993859358,0.3554284742789659,0.05685206404566981,severity_oscillating,False
Por,0.26043449760381715,0.14997918388024248,-0.40431677549646955,0.021724763476443785,0.12435076085318539,0.3554284742789659,0.03533737834609048,severity_oscillating,False
Rgs6,0.26035351466956136,0.1501105157922673,-0.7637639408378712,3.6674764356398233e-07,0.08250841024177571,0.3554284742789659,2.7838984074700503e-06,severity_oscillating,False
Pycrl,0.2603292903370168,0.15014981712133782,-0.22833289315127256,0.20877529934742675,0.34650171470171387,0.3554284742789659,0.26531210811440553,other,False
Gdf9,0.260325164924175,0.15015651089417204,-0.2867345422390115,0.11158758992042447,0.16350444636506672,0.3554284742789659,0.15346678247076984,other,False
Glud1,0.2599668620897091,0.15073870657132116,-0.7244125250270064,2.765141895574843e-06,0.06536817023228259,0.35647572657408866,1.3667624815239608e-05,severity_oscillating,False
Chchd3,0.2598451753257432,0.15093680266359358,-0.2154430584435769,0.23632960586708707,0.25979226524192517,0.3567602522780165,0.2952528335851117,other,False
Kat5,0.259770089930953,0.1510591294133343,-0.4038780676726133,0.021881464986555535,0.25878401582960203,0.3567602522780165,0.03555825195808213,severity_oscillating,False
Dscam,0.2595921397594651,0.15134932641170717,-0.6603544075496571,3.9106434911831823e-05,0.13779408635082704,0.35706480739338836,0.0001260130545417191,severity_oscillating,False
Tgfa,0.2595677708625669,0.15138909798978645,-0.7065490393053758,6.204351497439442e-06,0.08704553259722976,0.35706480739338836,2.624215383914007e-05,severity_oscillating,False
Babam2,0.259273367299159,0.15187018023389742,-0.13963947653115188,0.4459176254177768,0.34078830136521615,0.3579482692072583,0.511957192720252,other,False
Mdp1,0.2592412309156348,0.1519227607986109,-0.16236436233918156,0.3746262161031054,0.1971127601091709,0.3579482692072583,0.441536120226881,other,False
Cfap57,0.25914991140307536,0.15207224676811001,-0.8159333121530771,1.2666356292765674e-08,0.004537122355454061,0.3581350557544456,2.401899012988762e-07,severity_oscillating,False
Myocd,0.2590298082964777,0.15226901192424147,-0.40283716978012457,0.022256997382856813,0.14905287145510196,0.3584329625406349,0.03607656296471325,severity_oscillating,False
Lin7c,0.2588336733360667,0.15259073544074245,-0.38903441670814765,0.027759575171116296,0.14417966596220685,0.3590246040051786,0.04412639231781372,severity_oscillating,False
Gpc4,0.25865258054688406,0.15288822056039256,-0.1993902269104692,0.27392082274843804,0.3273449758675745,0.3595586966706143,0.33742335591397793,other,False
Uba1y,0.2584510420056286,0.1532197843339307,-0.1974099137143977,0.2788124032124409,0.15308586910439442,0.3600065038633719,0.3425390339081553,other,False
Fbxo3,0.2581904291850188,0.1536493038630031,-0.6718339360890192,2.550138180346806e-05,0.11258785104274893,0.36055184016533104,8.776269391926835e-05,severity_oscillating,False
Ankrd13b,0.2581815647341242,0.15366392874327184,-0.7981617713246858,4.443431562521207e-08,0.06940116788157508,0.36055184016533104,5.625601211821259e-07,severity_oscillating,False
Prokr2,0.25777436485213234,0.15433682430758966,-0.7115707776097024,4.9734087445074135e-06,0.09443936162093268,0.3619642026634551,2.20795108840142e-05,severity_oscillating,False
Klf15,0.2577092428657448,0.1544446347546992,-0.41754312019110096,0.017417593164808856,0.07309808239342654,0.36205058910097454,0.028949867296738343,severity_oscillating,False
Emc4,0.2576513169641434,0.15454057758621176,-0.7343337251269276,1.7177308812031585e-06,0.018484572559257288,0.3620835682718822,9.351275586998198e-06,severity_oscillating,False
Peg10,0.2575102855533622,0.15477434791890587,-0.7900188860340281,7.5831405221894e-08,0.07561870592423435,0.3623239783085539,8.354557193021195e-07,severity_oscillating,False
Exph5,0.2567730765495879,0.15600047689167224,-0.7435536473376355,1.0827629298078222e-06,0.06570425336972363,0.3645824606784153,6.4978514175878836e-06,severity_oscillating,False
Tsc1,0.25675837625058295,0.15602499738501874,-0.5155786284075687,0.00252710657910672,0.20181792403334545,0.3645824606784153,0.005143962753401188,severity_oscillating,False
Ngb,0.2564757325800373,0.1564969942778998,-0.6212880087517445,0.00014773823680637964,0.21206845972529723,0.3655179339796551,0.0004120353996442551,severity_oscillating,False
Stam2,0.256299556458995,0.1567917164785106,-0.35679675748055406,0.04500900096646701,0.13796212791954757,0.3660386937102437,0.06824937988405119,severity_oscillating,False
Vps13a,0.2560429381873958,0.1572217231465064,-0.33677543318942993,0.059460760084427654,0.18417355931769078,0.3667170404230173,0.08773773132504063,severity_oscillating,False
Extl1,0.25597059612783657,0.1573430974117449,-0.7862181990143493,9.65517810044269e-08,0.08973419769675811,0.3668222760042554,9.850212698071632e-07,severity_oscillating,False
Fermt1,0.255926651123425,0.1574168604731257,-0.17089816158013849,0.34969139286337025,0.2060189632513585,0.3668265898919206,0.4170508307646727,other,False
Aplp1,0.2556802185072626,0.15783096601379817,-0.7449551809996278,1.0077031565523912e-06,0.08301253494793727,0.3674558455665835,6.165016754308e-06,severity_oscillating,False
Washc3,0.25530551820275044,0.1584621121359962,0.207899481770116,0.25353863933696136,0.23105715699071608,0.3687569498201262,0.3144421588275808,other,False
Pip4p1,0.2550935954694616,0.158819876973906,-0.3177339600148589,0.07637636286335535,0.2544149350428685,0.36925259455054443,0.10965263916858306,severity_oscillating,False
Pbx3,0.2543532084483245,0.16007434047326738,-0.8162913222052935,1.2333296532283725e-08,0.01898869726541885,0.37149190662153636,2.3821297772275147e-07,severity_oscillating,False
Mylk,0.25421832909519726,0.16030363446977805,0.5129864605394149,0.0026794602035976603,0.3688512433415431,0.3715741443026742,0.005413040197446204,severity_oscillating,False
Grid2,0.253885311928167,0.16087077003935912,-0.8041526116193018,2.9522093079862863e-08,0.03344027217538364,0.372662033592539,4.19476871310252e-07,severity_oscillating,False
Actn2,0.2536752050360981,0.16122932589343197,-0.5444939786551585,0.001273666316145742,0.2070272126636816,0.37298448588770816,0.002783584944242322,severity_oscillating,False
Tox,0.2535866208651418,0.16138066984692112,-0.8101102900548152,1.9384678835649593e-08,0.054781551402889775,0.37316536577023784,3.2076219464684554e-07,severity_oscillating,False
Htr1b,0.2535347945557878,0.16146926105185797,-0.6168027291335489,0.00017016538327048022,0.11006722751194112,0.3732010424220786,0.0004636824893497434,severity_oscillating,False
Sycp3,0.25331321790942174,0.16184841418883048,-0.5140330563711123,0.0026170150807615844,0.14233120870628113,0.37377605643198253,0.005303526522902026,severity_oscillating,False
Terf2,0.25316755552227216,0.1620980130079835,-0.08999560720120799,0.6242518515994973,0.31726248174434324,0.37414568522792935,0.6796816851673502,other,False
Tceal5,0.2529977028435803,0.1623894109110036,-0.8217871956917373,8.132787442621819e-09,0.01327528392892114,0.374590251568051,1.8771651015752895e-07,severity_oscillating,False
Gna11,0.25277755737776125,0.16276764849565595,-0.7569959876701575,5.331104817270971e-07,0.08099603612329102,0.37501254515643223,3.6699009005262117e-06,severity_oscillating,False
Cspg4,0.2526678984700018,0.16295629136148088,-0.13426299160600264,0.46379293564093005,0.18871068167314486,0.37527767143788443,0.5299748576846739,other,False
Cep104,0.2526048442316599,0.16306483245439435,-0.47439379774380386,0.006084894083413367,0.1389703773318707,0.3753581725405531,0.011367743524083892,severity_oscillating,False
Ap4s1,0.2524884272911485,0.16326536760372015,-0.7198008971752873,3.42657392895067e-06,0.10653835456881018,0.37565026619150943,1.6304994040650528e-05,severity_oscillating,False
Igsf5,0.25229201481621316,0.16360409966130252,-0.5144846659538641,0.0025904618906182554,0.12552705183422905,0.37593168057790155,0.005258235616412145,severity_oscillating,False
Camkv,0.25228930932711996,0.16360876904194108,-0.745401359329771,9.84822660443488e-07,0.0882218235782734,0.37593168057790155,6.083078723034607e-06,severity_oscillating,False
Dpf3,0.2521098832743837,0.1639186517336972,-0.8519761489017887,6.220826507047783e-10,-0.006553621180100311,0.37619454750318354,4.666534707713344e-08,severity_oscillating,False
Fh1,0.2520810345138184,0.16396851491067838,-0.8138590412018066,1.4764402821802913e-08,0.062175380426592694,0.37619454750318354,2.728739811377415e-07,severity_oscillating,False
Hdac2,0.25200147216125923,0.16410608937479212,-0.751999656283958,6.973308440789797e-07,0.034616563156427284,0.37619454750318354,4.548701580111094e-06,severity_oscillating,False
Vps26b,0.251892045854874,0.16429543756130852,-0.4629018693169233,0.007633775919852558,0.13006417418968308,0.37619454750318354,0.0138971773615874,severity_oscillating,False
Ednra,0.25175907342775794,0.16452573939221043,-0.22889742028295956,0.2076213554095708,0.23677057032721377,0.37619454750318354,0.26430659694140773,other,False
Smad5,0.25172233438496705,0.16458941029630425,-0.4331357137057793,0.013276365428928861,0.15980753185321525,0.37619454750318354,0.022894773513511196,severity_oscillating,False
Sox4,0.2516605684016324,0.16469649402807574,0.6117970612265687,0.00019873607598987195,0.3186068142941074,0.37619454750318354,0.0005332733948576207,severity_oscillating,False
Sirt5,0.2516036275057301,0.1647952565912252,-0.4771237618623679,0.005759265138070271,0.22215095384852848,0.37619454750318354,0.010849799201821808,severity_oscillating,False
Lef1,0.2515486696337973,0.16489061976886524,-0.43370447986438104,0.013142489601932315,0.20383442285799172,0.37619454750318354,0.022686916906753552,severity_oscillating,False
Esyt2,0.2514644833154354,0.16503677673085335,0.022996566913687486,0.9005798707195836,0.19996946677741972,0.37619454750318354,0.9195071898600071,other,False
Myo1e,0.2514336082823599,0.1650904024620204,0.3442005457845492,0.05372672547344609,0.2902077891803394,0.37619454750318354,0.0801814004213132,severity_oscillating,False
Phf3,0.2514333435495586,0.16509086232068004,0.17029771314401898,0.3514123816180137,0.3182707311566664,0.37619454750318354,0.4186255391484091,other,False
Micu1,0.2514174430376175,0.16511848425582362,-0.7910051464596185,7.116654710424329e-08,-0.05142072002847936,0.37619454750318354,7.960977122340899e-07,severity_oscillating,False
Gopc,0.25141403479972535,0.16512440538318526,-0.7197024523137254,3.4421406915682744e-06,0.15980753185321525,0.37619454750318354,1.6348565798593825e-05,severity_oscillating,False
Nrep,0.2510096686622739,0.1658279869316524,-0.5614622251481854,0.0008273639976279784,0.18971893108546797,0.37732438320577144,0.0018900600722920173,severity_oscillating,False
Plppr3,0.25081878884777215,0.1661608528884535,-0.3770159418268933,0.03341407883855924,0.30230678212821693,0.3778199336409425,0.052139864226213126,severity_oscillating,False
Epc1,0.2504189081968891,0.166859730270943,-0.18759154403261233,0.3038927035349497,0.19207151304755526,0.3789632609581835,0.36952483450101986,other,False
Lpar5,0.25012193091441326,0.16738011666776037,0.49993129314763113,0.003573832379211385,0.16753744401435924,0.3796380502989087,0.007011584217829721,severity_oscillating,False
Lats1,0.250031275591632,0.16753920010717094,-0.16964256507620085,0.35329594643564277,0.21072412717553304,0.3798299821096351,0.42037849842972097,other,False
Slc22a18,0.2498058306691288,0.16793528168860422,0.17470486115512945,0.33889922185200927,0.4770700135975585,0.37991541198572665,0.4056135454404268,other,False
Pitrm1,0.24976820562949748,0.16800144959346983,0.0308523117327763,0.8668798885570335,0.20652308795752006,0.37991541198572665,0.8913162501983217,other,False
Btbd2,0.24931957270027452,0.16879185308458783,-0.5051035676471674,0.0031927065673684326,0.12014972163517236,0.38097665601083297,0.006344369380656944,severity_oscillating,False
Ptprf,0.24909514392464893,0.16918824462319249,-0.5623104338694096,0.0008092214602275647,0.10082494123231248,0.3817024483958005,0.001855208390391374,severity_oscillating,False
Gpr26,0.24888468816217107,0.1695605582075356,-0.6511075590069715,5.4477962555078185e-05,0.14535595694325049,0.3823733012451985,0.00016910297309971536,severity_oscillating,False
Cst7,0.248624045331057,0.17002246439012172,0.5569596437374588,0.0009297888234125483,0.22870457502862881,0.38324551076182545,0.0021012131406653624,severity_oscillating,False
Kansl2,0.24785287689763694,0.17139435344043216,-0.4161553727055097,0.01783317901170128,0.17106631695749017,0.3858263887465333,0.029534755239833843,severity_oscillating,False
Fxn,0.24765061512528913,0.1717554699188271,-0.19531598554522347,0.28404557265513614,0.20753133736984317,0.38646874814995014,0.34829722743121383,other,False
Inpp5e,0.2474050599179593,0.172194607872902,-0.05007632404916405,0.7854876065005694,0.2799572534883876,0.38677441424908543,0.8213965315209931,other,False
Ppp1r2,0.2468204137152169,0.17324336471180443,-0.6973260304192083,9.205758905987302e-06,0.10956310280577955,0.38861671213496674,3.657209982822526e-05,severity_oscillating,False
Slc25a51,0.24677114787679377,0.17333194581188777,-0.5218787371148932,0.002187756065490546,0.18400551774897025,0.3886168478520585,0.004530955619190936,severity_oscillating,False
Prkd3,0.24634236750155936,0.17410425925968268,0.11905789515974834,0.5163304264444619,0.22383136953573368,0.3898642315393333,0.5805160910939388,other,False
Pik3c3,0.2462962393996983,0.17418748962766553,-0.8342169507631338,3.0032538453468993e-09,-0.004537122355454061,0.3898642315393333,1.0012809062166361e-07,severity_oscillating,False
Six1,0.24627380744555308,0.17422797448762728,-0.4581077451624024,0.008372612054184846,0.20400246442671224,0.3898642315393333,0.015118121801202441,severity_oscillating,False
Ogdh,0.24570202845615802,0.17526216477162376,-0.641684624966064,7.55230631166478e-05,0.07477849808063175,0.3915954018835098,0.00022714808075354978,severity_oscillating,False
Gtf2a1,0.24560813731517497,0.17543240244576622,-0.25852225209809004,0.15310257288858972,0.20181792403334545,0.39176219067364243,0.2019432569479622,other,False
Slc2a4,0.24557615653295828,0.17549041475970847,0.20852819815481505,0.25207356038852813,0.33742746999080575,0.39176219067364243,0.31300565519520007,other,True
Nelfb,0.24527871014214261,0.1760306253931238,-0.046142003755801735,0.8019941393279355,0.27743662995757984,0.3923373793426571,0.8355743677924427,other,False
Klhl3,0.2452640959159672,0.17605719747321516,-0.5858628903579399,0.0004266305194989282,0.1275435506588753,0.3923373793426571,0.001048173958773424,severity_oscillating,False
Gcat,0.2452434279861114,0.17609478144631519,-0.7229314037918397,2.963683335571752e-06,0.10368164790056132,0.3923373793426571,1.4439110501195327e-05,severity_oscillating,False
Zp3,0.24518904179917428,0.17619370811684815,-0.018730143440178645,0.9189575194385919,0.16131990597169996,0.3923373793426571,0.9340956484706925,other,False
Tubg2,0.24513806548135397,0.17628646803633996,-0.8325284270096542,3.454716005886982e-09,0.024366027464475516,0.3923373793426571,1.1144672333770044e-07,severity_oscillating,False
Gabrg1,0.24488853229969912,0.17674103372806618,-0.7139866951960656,4.4641134609675e-06,0.03377635531282468,0.39300610856445756,2.025929071565411e-05,severity_oscillating,False
Irx2,0.2446758014244204,0.17712921189205538,-0.666000881491985,3.17617566759596e-05,0.04856401336023051,0.3933569222054934,0.00010534247126402464,severity_oscillating,False
Hrh3,0.2441750949323723,0.1780452476591674,-0.7538872749556046,6.305220288793157e-07,0.07293004082470603,0.39460642645763006,4.193341420226062e-06,severity_oscillating,False
Twist2,0.24416538063565407,0.17806305285539933,-0.08172913578039241,0.6565504323695102,0.24366027464475515,0.39460642645763006,0.7086465839011578,other,False
Bhlha15,0.24400047438152384,0.17836549907116359,0.20630418508905723,0.25728131718103253,0.22349528639829264,0.39460642645763006,0.31846445011901164,other,False
Camk2a,0.24397134803011436,0.1784189559049832,-0.7088459456697014,5.610649371137082e-06,0.07074550043133926,0.39460642645763006,2.409084380654062e-05,severity_oscillating,False
Sall3,0.2439600812726123,0.178439637298861,-0.3175330250809191,0.07657283922985268,0.20719525423240215,0.39460642645763006,0.10990378528741658,severity_oscillating,False
Agtr1b,0.24390338091133076,0.17854374284732605,0.11540196983294694,0.5293842409623076,0.2394592354267421,0.39460642645763006,0.5931010351743314,other,False
Opn1mw,0.2437111181258307,0.17889706900159438,-0.5294460338422137,0.0018330857281749766,0.1278796337963163,0.3952160887731195,0.0038622760427181146,severity_oscillating,False
Sec1,0.24363783962197363,0.17903186454079922,-0.10775037909021191,0.5572099184444692,0.18770243226082173,0.3953426584513493,0.6180317012361899,other,False
Pias2,0.243123888882225,0.1799792895084666,-0.47711830171103525,0.005759901242606049,0.16619311146459506,0.39664257087216653,0.010849799201821808,severity_oscillating,False
Map2k5,0.24311704125530673,0.17999193634866104,-0.3903477363765469,0.027192281034573062,0.16972198440772598,0.39664257087216653,0.0433191210360266,severity_oscillating,False
Phlda2,0.24286312372123442,0.18046133756339935,-0.29658068642494956,0.09929358343037026,0.2999542001661296,0.39729803822535176,0.1386522225782422,other,False
Sept3,0.24254852815873826,0.18104410619223738,-0.6816522386279519,1.7428914486288283e-05,0.05326917728440509,0.3983659272352007,6.287474737946006e-05,severity_oscillating,False
Dsc3,0.242339226631812,0.18143255782223214,-0.4370735337865528,0.012372488237068525,0.26886650995283323,0.39857341836830584,0.02150325809106867,severity_oscillating,False
Cfc1,0.24229431259621131,0.18151599212429512,0.06123585695882782,0.7391848277572644,0.2266880762039825,0.398585052012927,0.7830907178379658,other,False
Ntn4,0.241946834850843,0.18216239531775863,-0.5565652960759466,0.0009392683584744943,0.17005806754516706,0.39931687946535743,0.002120003494061237,severity_oscillating,False
Atg7,0.24183260576668086,0.1823752458721783,0.5317048746309301,0.0017374349604530454,0.1956003859906862,0.39953584019494187,0.003692773222196243,severity_oscillating,False
Thbs4,0.24166871527583147,0.18268093934594964,-0.3706755034553053,0.03675409295748433,0.30012224173485014,0.3998334197071526,0.056761316432372866,severity_oscillating,False
Rora,0.24130140412547665,0.18336736785286822,-0.46268314989974535,0.007666233548531777,0.15006112086742507,0.4008252827354228,0.013951286953642736,severity_oscillating,False
Npepps,0.24128367226035483,0.1834005508536516,-0.5952595302131297,0.00032591574414887254,0.09494348632709425,0.4008252827354228,0.0008250601542944907,severity_oscillating,False
Htr3a,0.24047350524462308,0.18492118400575808,-0.5534930208835078,0.0010160746328819483,0.11628476555460038,0.403556859498382,0.0022712518415121904,severity_oscillating,False
Usp47,0.2404492439700525,0.18496685699024057,-0.31562808680742716,0.07845498721503559,0.18165293578688296,0.403556859498382,0.11228255815016788,severity_oscillating,False
P2rx7,0.24035886880213497,0.18513706216606549,0.5349798930734606,0.0016064890716838878,0.193919970303481,0.4037319846052441,0.0034480752599754033,severity_oscillating,False
Vldlr,0.24013609367231004,0.1855570879880874,-0.6604596408125837,3.8956652398794795e-05,0.16720136087691817,0.40432580342897645,0.0001256118102947233,severity_oscillating,False
Slc12a7,0.2398445796997568,0.1861077250628502,0.609179882669536,0.00021531233865331486,0.3006263664410117,0.4048638396190012,0.00057322977007858,severity_oscillating,False
Tek,0.23984257512979712,0.18611151543260135,-0.6065477320004036,0.00023321340349553008,0.12804767536503686,0.4048638396190012,0.0006147915096799478,severity_oscillating,False
Cry2,0.23975602440162125,0.1862752227508981,-0.631882948499702,0.00010488216811233356,0.1230064283034212,0.4050212911478656,0.0003026040382019307,severity_oscillating,False
Rbbp7,0.2397150971883704,0.1863526701282181,0.16723457029653369,0.36027088140150265,0.2977696597727628,0.4050212911478656,0.4270838405830967,other,False
Mfap5,0.2395318910629826,0.18669963145764176,-0.2763273184144001,0.12578507021542615,0.2029942150143891,0.40542989359958737,0.17037430779843038,other,False
Pou2af1,0.23944064378347324,0.18687260715287915,0.3174115439903489,0.07669181426606037,0.2776046715263003,0.4056328379092921,0.11004358497079436,severity_oscillating,False
Cacna1h,0.23938289294997042,0.18698214230913748,-0.396408308837016,0.024695973918453712,0.25996030681064564,0.40569796168392613,0.039739483582975514,severity_oscillating,False
Fundc1,0.23914906256260104,0.18742610485709357,-0.6557055681962906,4.6263195537667764e-05,0.12939200791480102,0.4062593293727011,0.00014703337098918585,severity_oscillating,False
Trmt2a,0.23903611469980296,0.18764081783188433,-0.2075502292054587,0.25435491782639397,0.12351055300958277,0.40633118736352014,0.31514802910673684,other,False
Crbn,0.23901957426522938,0.18767227552018298,-0.5649990397444797,0.0007540054748093802,0.11410022516123362,0.40633118736352014,0.0017395666788795332,severity_oscillating,False
Neo1,0.23893490407713397,0.18783336471167023,-0.7475656330213732,8.804096643695482e-07,0.05528567610905134,0.4065074218897878,5.565018213071951e-06,severity_oscillating,False
Patz1,0.23870767529021297,0.18826615719280254,-0.18172983480958482,0.3195226704416716,0.20232204873950704,0.407201167808001,0.385680345935392,other,False
Cd248,0.2386828008795615,0.18831357672202986,0.0973198589804989,0.5961939197744612,0.2944088283983524,0.407201167808001,0.6545814000795365,other,False
Serpinb3b,0.2385180145618049,0.1886279295812194,-0.6533648224440346,5.029448265294923e-05,0.08217232710433467,0.40753539550775103,0.00015817025648131566,severity_oscillating,False
Pcdh8,0.23845620634136538,0.18874593201771322,-0.7187988890997129,3.5880472525536623e-06,0.1083868118247359,0.4076176965378303,1.6915553637039032e-05,severity_oscillating,False
Hps5,0.23841138731806402,0.18883153148045156,0.423274206628913,0.01578565170446864,0.21475712482482556,0.40762997972144877,0.026592655049191883,severity_oscillating,False
Tsc2,0.23816666648194315,0.18929940074247922,-0.7301095998798948,2.1090127517011174e-06,0.005881454905218227,0.40837713474519033,1.098565781997728e-05,severity_oscillating,False
Trim24,0.2381466202811229,0.18933776194322194,-0.6736393333751655,2.3802878888006155e-05,0.17661168872526734,0.40837713474519033,8.265383608422015e-05,severity_oscillating,False
Fap,0.23808585337813412,0.18945408110483336,0.4643638704911661,0.007419803038854291,0.30365111467798106,0.40845531179871297,0.013556022672348046,severity_oscillating,False
Adcyap1r1,0.23772942644049047,0.19013735481469451,-0.7581212613306452,5.013838884749719e-07,0.14754049733661725,0.40940930642032786,3.5228088362408147e-06,severity_oscillating,False
Mapre2,0.23760387469221322,0.19037844832347178,-0.8165185971265977,1.2126058963308575e-08,0.04654751453558426,0.40958265073725414,2.3608788844212614e-07,severity_oscillating,False
Kdm5b,0.23727412695245423,0.1910126706834113,-0.7224588360220948,3.029703398655278e-06,0.021005196090065098,0.41060077250572313,1.4718587653848165e-05,severity_oscillating,False
Prkar1a,0.2371999264599781,0.1911555877815195,-0.8389077405203242,2.0184531358591514e-09,0.0021845403933667706,0.41063386631005677,8.043851129701197e-08,severity_oscillating,False
Slc12a5,0.23718254995905452,0.1911890673370682,-0.8047069424758688,2.840607839091097e-08,0.08217232710433467,0.41063386631005677,4.0816734048461086e-07,severity_oscillating,False
Edil3,0.23701915769698575,0.19150407783518675,-0.7921323303460074,6.615814541621501e-08,0.0937671953460506,0.41096436728535446,7.541137794357379e-07,severity_oscillating,False
Pcm1,0.23693176022650764,0.19167272356941842,-0.6414664863427897,7.608648598412034e-05,0.022517570208549786,0.41115330652969023,0.00022843859035020475,severity_oscillating,False
Prpf19,0.23665269303975153,0.19221191686491176,-0.5711586874632388,0.0006398296175629073,0.06738466905692884,0.4119634403058466,0.0014978296829685133,severity_oscillating,False
Ptar1,0.23651532549843515,0.1924777166774979,-0.5638580367837348,0.0007770194620471451,0.10368164790056132,0.4123598625669537,0.0017878106792523624,severity_oscillating,False
Scn4a,0.23636167720818838,0.1927753225937854,-0.13632241437151157,0.45690158728874697,0.4180874229766557,0.4125265617533521,0.523037476831216,other,False
Tbck,0.2363499027222994,0.19279814217212143,-0.453448532696417,0.009147915971365685,0.10889093653089747,0.4125265617533521,0.01639617686926787,severity_oscillating,False
Pdx1,0.23627223658211183,0.19294871045899079,0.24169485900066642,0.1826321511375935,0.2579438079859994,0.4126756276944704,0.23596925100123214,other,False
Ccdc130,0.23556328469838042,0.19432691804474694,-0.26224524591668325,0.1470643293795167,0.1656889867584335,0.41488199082612737,0.19485068679608172,other,False
Hoxc10,0.23542631799870312,0.19459397036050594,-0.48083821005718896,0.005340216937284192,0.055621759246492375,0.41488199082612737,0.01013646635052787,severity_oscillating,False
Ovol1,0.23542005655391043,0.19460618478449185,-0.18238055490089428,0.31776336603008964,0.2318973648343187,0.41488199082612737,0.3842842413749377,other,False
Pard3,0.2354112786620235,0.19462330903029004,-0.6648318298760345,3.317145379754086e-05,0.0751145812180728,0.41488199082612737,0.00010916618440081027,severity_oscillating,False
Myh3,0.23483292838874284,0.19575388914184608,-0.4414885128371964,0.011421124325270697,0.157454949891128,0.416405583199565,0.01997228494453405,severity_oscillating,False
Dscaml1,0.2341981023366071,0.19700011948206383,-0.5724610388108524,0.0006177425215919811,0.08234036867305519,0.4184565133634332,0.0014521219367007814,severity_oscillating,False
Glmp,0.23413990062716497,0.19711465074087706,0.5834255958495456,0.00045688401613219395,0.14569204008069153,0.4184565133634332,0.001112972954293372,severity_oscillating,True
Smarcb1,0.2341330114919655,0.19712821047095275,-0.13801778104405632,0.4512697020184213,0.2456767734694014,0.4184565133634332,0.517635878119174,other,False
Mrnip,0.23397670677058516,0.19743603568179438,-0.5801951286313148,0.0004999003599604332,0.10317752319439977,0.41876451655180563,0.001202826290640646,severity_oscillating,False
Txnip,0.23393530512025926,0.19751762763399935,0.7369882795027007,1.5069308203345618e-06,0.2964253272229987,0.41876451655180563,8.36436791569815e-06,severity_oscillating,True
Wdr82,0.23393430969215037,0.19751958965372365,-0.365655876830303,0.03958539169582288,0.14216316713756058,0.41876451655180563,0.060747618243198714,severity_oscillating,False
Hikeshi,0.23342968514176884,0.19851596336266214,-0.5814053036250254,0.0004833839130321637,0.1035136063318408,0.4204152280037273,0.0011702616708006962,severity_oscillating,False
Klf1,0.23341478368042734,0.19854543898470478,-0.2289718619134408,0.20746951833917662,0.16501682048355143,0.4204152280037273,0.26417923441041935,other,False
Vwf,0.2332258871779595,0.1989193462253244,0.4474856013127621,0.010228084181202649,0.24248398366371152,0.42103219298563477,0.018115783822331498,severity_oscillating,False
Snrk,0.23309150911644252,0.19918563517442248,-0.5323400530707717,0.001711334835518802,0.08065995298584998,0.4214209560450971,0.0036479394049232805,severity_oscillating,False
F8,0.2330424720742077,0.19928287046976143,-0.48801196561393706,0.004604404430925545,0.1534219522418355,0.42144763551050585,0.008833045130557052,severity_oscillating,False
Kremen1,0.23296018699421137,0.1994461070618234,-0.024194767575772772,0.8954272877841806,0.20635504638879953,0.42144763551050585,0.9153456102178568,other,False
Gabrb2,0.23263489258369907,0.20009233139645163,-0.7819067579614122,1.2625669278886594e-07,0.0008402078436026039,0.4224737616310149,1.20380446713272e-06,severity_oscillating,False
Sdha,0.2323637726298538,0.20063204094614237,-0.7201461736164319,3.372480519418819e-06,0.052092886303361445,0.42290249622573234,1.6077591709864854e-05,severity_oscillating,False
Igll1,0.23217127806468676,0.20101584497292194,-0.2018059834673732,0.26802946685371654,0.17846014598119309,0.4232391889419802,0.33088536070203484,other,False
Slc6a9,0.2319369159071018,0.20148381216757955,-0.7135419728696862,4.554151152143434e-06,0.12939200791480102,0.42399708162822747,2.0545665897484892e-05,severity_oscillating,False
Whrn,0.23183354555839075,0.20169045831856153,-0.7740526363680871,2.027323447847648e-07,-0.01041857726067229,0.4242569187146319,1.7527757470289581e-06,severity_oscillating,False
Luc7l3,0.2316210968633232,0.2021156216591523,-0.33417123686708017,0.0615822048012569,0.10637031300008967,0.4247711390944176,0.09042338131583519,severity_oscillating,False
Cth,0.23158659176069588,0.2021847335270037,-0.6801193940451166,1.8513361901021954e-05,0.013947450203803226,0.4247711390944176,6.60858355893023e-05,severity_oscillating,False
Itgax,0.23095290089343035,0.20345688941030068,0.6727725907413734,2.4605140652936044e-05,0.2596242236732046,0.4267407865468519,8.520761878521843e-05,severity_oscillating,False
Gprc6a,0.23072622230220918,0.20391329415181264,-0.05287127765640101,0.7738162276943339,0.1582951577347306,0.427346636593425,0.8115206779335521,other,False
Clic6,0.2302384988700928,0.20489769396413976,-0.43522242045230947,0.01279072949223601,0.18417355931769078,0.42917891786455903,0.02212462229226717,severity_oscillating,False
Siglec1,0.23020973080086718,0.20495586040346322,0.6706956427517634,2.6627649258516105e-05,0.23475407150256752,0.42917891786455903,9.072706438066077e-05,severity_oscillating,False
Trim65,0.2301281315595355,0.20512090868338279,0.31247572385680794,0.08164785988379643,0.2208066212987643,0.4293482787008353,0.11620695682679842,severity_oscillating,False
Adcy2,0.23001514369115086,0.20534959710690903,-0.8234956659817231,7.124737904599078e-09,0.0129392007914801,0.4295458582506026,1.7306327643504715e-07,severity_oscillating,False
Tmem119,0.22996198021933173,0.20545726124346883,0.26800030230660477,0.13807321082007235,0.17829210441247256,0.4295458582506026,0.1847132044041933,other,True
Emc1,0.2298223700114606,0.2057401785145481,-0.10901844165835652,0.5525521786799246,0.3779254880524513,0.42993881630590325,0.6146028485491268,other,False
Hdac9,0.22976271853731092,0.20586114288140756,-0.583602545205439,0.0004546253961304311,0.13779408635082704,0.43001543400411957,0.0011080000695945194,severity_oscillating,False
Mia,0.22971783798187873,0.20595218632369494,-0.17308263474079735,0.34347325413908436,0.2520623530807812,0.4300295138915955,0.4105100912285542,other,False
Foxo1,0.22958256829068005,0.20622675851893182,0.09993192147818093,0.5863213109745303,0.14249925027500163,0.43042663469929265,0.6449913753032304,other,False
Faah,0.22923508507604237,0.20693324050784714,-0.8286278643749314,4.746615109825565e-09,0.006889704317541352,0.4317245234480688,1.3377062803989066e-07,severity_oscillating,False
Dcaf7,0.22912898237536924,0.2071492939216079,-0.7217445489653908,3.1320316411099e-06,0.012267034516598017,0.43182204670785534,1.5143595641044172e-05,severity_oscillating,False
Asna1,0.2290545002012193,0.20730105226145953,-0.09331793232008939,0.6114572927720316,0.27911704564478507,0.43183227623417875,0.6680324802806026,other,False
Smarcd3,0.22904347933102895,0.20732351391835008,-0.7739127695849941,2.0441452518508206e-07,0.08637336632234768,0.43183227623417875,1.7583785716173755e-06,severity_oscillating,False
Cyp11a1,0.22876174444433484,0.20789828733659746,-0.3884406927126716,0.028019195158549778,0.14754049733661725,0.432351328581835,0.044483633521245694,severity_oscillating,False
Lama4,0.22855115302753062,0.2083286349098565,-0.15534472685326003,0.3958972627492009,0.23340973895280334,0.4325573028916933,0.4635005593949217,other,False
Creg1,0.2285407112243412,0.20834998886588715,0.5653254847128372,0.0007475324772209412,0.20433854756415326,0.4325573028916933,0.0017269760716956616,severity_oscillating,False
Rims2,0.2274376087981848,0.21061436930941568,-0.7301630296862011,2.103595079971795e-06,0.10771464554985381,0.43603179411098253,1.098407407522609e-05,severity_oscillating,False
Mast3,0.2274363798885367,0.2106169013217886,-0.5381708389613925,0.0014872736778743835,0.08603728318490665,0.43603179411098253,0.0032105725902823656,severity_oscillating,False
Trdn,0.22743395107569148,0.21062190564388572,-0.0571444047511266,0.7560664060470216,0.1351054212512987,0.43603179411098253,0.7973319696600903,other,False
Gpr17,0.22729712295829793,0.21090395791332045,-0.182955412395787,0.31621418797167367,0.09275894593372748,0.43626159339653187,0.38259216623422854,other,False
Dnajc7,0.22721340347667646,0.2110766618336567,-0.548264032763693,0.0011595203896816808,0.16367248793378725,0.43644185326853785,0.002564923463905574,severity_oscillating,False
Cdx2,0.2268505352972451,0.21182634005800507,0.06323330465213155,0.730985827110304,0.19929730050253766,0.4374599840631109,0.7755321763913604,other,False
Cdkn2a,0.22679072481647788,0.21195008234092177,0.7055311150082356,6.485222354153887e-06,0.26416134602865865,0.4375383933715265,2.7227258624311917e-05,severity_oscillating,False
Tdrd1,0.22669858030584464,0.21214081768867823,-0.26642572541404036,0.1404921818901421,0.2895356229054573,0.43775498019010833,0.18716391220204096,other,False
Tox3,0.2266355175707831,0.2122714227621265,-0.7254825223329301,2.629317066810684e-06,0.010250535691951768,0.4378473625190486,1.3085020836879317e-05,severity_oscillating,False
Slitrk1,0.22595348824372796,0.21368745089732566,-0.8177016769581198,1.1098047367034811e-08,0.011426826672995414,0.4402986513549382,2.261279887732794e-07,severity_oscillating,False
Nog,0.22584864664368715,0.2139056949236262,-0.7011027043373045,7.846185066095053e-06,0.06755271062564935,0.44032806691098364,3.191657896503259e-05,severity_oscillating,False
Nr6a1,0.22575006985664295,0.2141110368969256,-0.493825662309032,0.00407367535280704,0.17677973029398789,0.44057297265478723,0.007889072883321455,severity_oscillating,False
Tnfrsf11b,0.22538108136021912,0.21488086177019658,0.14086167229179,0.4419068037029523,0.36784299392922004,0.4417575317562789,0.5081529769361496,other,False
Htra2,0.2253496527138292,0.21494651907843249,0.4334190512539942,0.013209531387705625,0.26718609426562806,0.4417575317562789,0.022794932208621915,severity_oscillating,False
Ctbp2,0.22508750362802837,0.2154947069279681,-0.10886817413801059,0.5531031803038233,0.1930797624598784,0.44234949699781295,0.6150816051296715,other,False
Prrc2b,0.22482975066521851,0.2160346328973541,-0.7135358101495465,4.55541033719965e-06,0.08620532475362716,0.44277765428284105,2.0545665897484892e-05,severity_oscillating,False
Cttnbp2,0.2247827456104623,0.21613319591594105,-0.7111252558092158,5.072888969775039e-06,0.10721052084369227,0.44277765428284105,2.2381858558110956e-05,severity_oscillating,False
Col6a3,0.22478078943626414,0.2161372984050724,0.18524307014278815,0.31009590999575143,0.20937979462576892,0.44277765428284105,0.37581355117327825,other,False
Olfml3,0.2246386523150091,0.216435530794318,0.3708548955418995,0.036656020550758776,0.17745189656886995,0.44321061524761785,0.05662700206826787,severity_oscillating,False
Rnf220,0.22457341002255923,0.21657251636652308,-0.7226787549409428,2.9988151988381817e-06,0.05881454905218227,0.44331316452072,1.4596332375261036e-05,severity_oscillating,False
Vps9d1,0.22408186809309105,0.21760648280779682,-0.2045504169414765,0.26143755053586487,0.26012834837936616,0.44505155494274673,0.3231910560362648,other,False
Ern2,0.22406066439081782,0.21765116078164357,-0.4762879258682726,0.0058573415678663645,0.1430033749811632,0.44505155494274673,0.011008694856650448,severity_oscillating,False
Atn1,0.2240039152572294,0.2177707667392856,-0.5793381964036142,0.0005118954577097905,0.09191873809012487,0.44505155494274673,0.0012282120083620138,severity_oscillating,False
Tmem108,0.22339700404725008,0.21905271294089446,-0.7015847651629341,7.6864201476034e-06,0.012435076085318538,0.4473130058893125,3.139185682379899e-05,severity_oscillating,False
Grin2c,0.22285756666836576,0.2201964459365509,-0.7358699894716986,1.5926820770724987e-06,0.11292393418018996,0.44885615065752704,8.745178982935217e-06,severity_oscillating,False
Fbxl17,0.22284036288424616,0.22023298872829875,-0.47627083170400514,0.005859362190904914,0.09175069652140436,0.44885615065752704,0.011008694856650448,severity_oscillating,False
Micu2,0.22280469410840179,0.22030876641126443,0.5825989323606661,0.0004675677571968909,0.3977543931614727,0.44885615065752704,0.001135744347362543,severity_oscillating,False
Bglap,0.22274685348383355,0.22043168551361553,-0.4124336922759529,0.018988563286646745,0.10452185574416392,0.44887106898401313,0.031305966814862654,severity_oscillating,False
Pik3r1,0.22208399472423457,0.22184368239749835,-0.41635274339625633,0.017773574986546165,0.08234036867305519,0.4510261554043998,0.029455167643395706,severity_oscillating,False
Pou3f4,0.2214329439179486,0.22323649874606286,-0.4279184452114976,0.014558627768673872,0.1915673883413937,0.4535998743272512,0.024795846493490956,severity_oscillating,False
Dlx5,0.22131957061704727,0.22347964783954116,-0.4679712620093015,0.006913549810021122,0.10721052084369227,0.45367518675653096,0.012708097317885813,severity_oscillating,False
Uba6,0.2213089660603973,0.2235024003762326,-0.6032524590526602,0.0002574830867097332,0.07662695533655749,0.45367518675653096,0.0006714832440216508,severity_oscillating,False
Psmd5,0.22115023431615283,0.22384315412856393,-0.7606585716974971,4.3607325373327797e-07,0.11561259927971831,0.45414299850962603,3.182274202136554e-06,severity_oscillating,False
Foxf1,0.22043179974186197,0.22538984460225722,0.08787630765575713,0.632470306892255,0.24197985895754992,0.4557930117785041,0.6876623775452284,other,False
Grin2a,0.22040889216381018,0.225439280281742,-0.7233955021390291,2.90012139727371e-06,0.09141461338396331,0.4557930117785041,1.4224537737974225e-05,severity_oscillating,False
Ptchd1,0.22012107878772197,0.22606102175647477,-0.601746741458596,0.00026930118704664396,0.18770243226082173,0.45678834984234606,0.0006976665084433371,severity_oscillating,False
Hoxd10,0.21893041427000332,0.22864545697938715,-0.11295144533801009,0.5382222746483073,0.1932478040285989,0.46081409563486914,0.6008911847189791,other,False
A2m,0.218784782509132,0.22896292712074554,0.44221294811267897,0.0112710615909332,0.3322181813604696,0.4612716790058938,0.01973015963464319,severity_oscillating,False
Mboat7,0.21857855638729914,0.2294129991368427,-0.24223778979559507,0.18162102977111888,0.32163156253107683,0.461813618230874,0.2347222885387579,other,False
Slc6a3,0.2185181360113434,0.2295449748356928,-0.43598606753246555,0.012616775095536683,0.1922395546162758,0.46185602697130296,0.021845950360601704,severity_oscillating,False
Aldh1a2,0.21846576871604506,0.22965940171614177,0.24982187906504308,0.1679070644116258,0.23794686130825746,0.46185602697130296,0.2190521574331722,other,False
Plcg1,0.2184445885424587,0.22970569308492367,-0.13982981976542072,0.4452916947504161,0.2576077248485584,0.46185602697130296,0.5113536548675984,other,False
Nr0b1,0.2182063088926457,0.23022691089283404,-0.2995599138682522,0.09578380968051711,0.16972198440772598,0.46272162035632247,0.13418263526991173,other,False
Plekha5,0.21813897803508703,0.23037433627155482,-0.6599228438554728,3.972612795310103e-05,0.05125267845975884,0.462761246101918,0.00012776984784916036,severity_oscillating,False
Plagl1,0.21807303447118812,0.2305187857959172,-0.7531763054689651,6.5496739858031e-07,0.08435686749770144,0.462761246101918,4.327705570153059e-06,severity_oscillating,False
Mtnr1b,0.2178057797903413,0.23110483322434974,-0.2895108491007014,0.1080113324198764,0.161655989109141,0.4633906266813711,0.14907083513901231,other,False
Hrg,0.21755188656066066,0.23166251068845797,-0.2831938929120629,0.11627612814796824,0.15207761969207131,0.46432631317164014,0.15905726191546957,other,False
Clic5,0.21699438436133237,0.23289024601499833,-0.702666991009719,7.338426872224658e-06,0.06503208709484154,0.4659888660828973,3.0236926878205152e-05,severity_oscillating,False
Gsc2,0.21694811615235313,0.2329923346265992,-0.00010695090127493173,0.9995364819369661,0.17896427068735463,0.4659888660828973,0.9997324694824439,other,False
Dennd1a,0.21690536732147994,0.23308668466268814,0.22744697628989502,0.21059506946826637,0.18686222441721914,0.4659888660828973,0.267424806910039,other,False
Alkbh5,0.21663494026017427,0.23368413426210927,0.2195253741351559,0.22735156364209386,0.2305530322845545,0.4667277873418244,0.28564540052668,other,False
Tle4,0.21630832424849095,0.23440709326826,-0.35421276662072454,0.046698175595389226,0.15661474204752537,0.46736840399477575,0.07055906211850724,severity_oscillating,False
Lima1,0.21622946989579037,0.23458186109106072,0.526786814633927,0.0019515424328804354,0.16484877891483088,0.46736840399477575,0.004096632901285226,severity_oscillating,False
Ube2r2,0.21603484550132177,0.23501358908155895,-0.15026716266302154,0.4117053781354174,0.18803851539826277,0.46773480995124156,0.47860281081785877,other,False
Faap100,0.21594603788600172,0.23521076492524032,0.38647032873450904,0.02889504742534841,0.19845709265893505,0.4679446614210807,0.04576021015731209,severity_oscillating,False
Cebpa,0.21575794572945786,0.2356287449117383,0.7584830905369149,4.915546753901324e-07,0.18703026598593964,0.46838127590209644,3.477698195790659e-06,severity_oscillating,False
S1pr1,0.2157233437201875,0.2357056920683555,-0.48816832856836406,0.004589389116240765,0.14132295929395797,0.46838127590209644,0.008817504286984612,severity_oscillating,False
Ttc8,0.21552749448534178,0.2361415350891228,-0.592519002402422,0.00035284537830504415,0.07461045651191123,0.4690646302529655,0.0008831522447173848,severity_oscillating,False
Npffr2,0.21538697357151015,0.2364545834801397,-0.6196118001396218,0.00015579038319313258,0.1082187702560154,0.46935388280675605,0.0004297927229140991,severity_oscillating,False
Ublcp1,0.215379528136041,0.2364711779677246,-0.794171396892662,5.7910690353710366e-08,0.11762909810436455,0.46935388280675605,6.873113334104504e-07,severity_oscillating,False
Efcab14,0.21477315207104694,0.23782530099342275,-0.6634412774994595,3.492141171152556e-05,0.027558817270165407,0.47130802656078064,0.00011433512268324256,severity_oscillating,False
Efna5,0.21458215310924925,0.2382529024883367,-0.7400523701379932,1.2930619033599762e-06,0.1317445898768883,0.4717888414569121,7.353298516208739e-06,severity_oscillating,False
Cdk5r1,0.21433210197128125,0.23881348585613157,-0.7999396188228859,3.941326690354028e-08,0.032432022763060515,0.4725320369868608,5.16830525642568e-07,severity_oscillating,False
Pou3f1,0.21399808358244915,0.2395636900001949,0.009812795556527509,0.9574911002849873,0.3844791092325516,0.4734542286778438,0.9669693333109722,other,False
C4b,0.21381950700978555,0.2399654185141282,0.5177470910920258,0.002405484957129835,0.4140544253273632,0.47379500823521187,0.0049397660089852205,severity_oscillating,False
Tec,0.21380011201034838,0.24000907690252646,0.7453738493220424,9.862195851695002e-07,0.17761993813759047,0.47379500823521187,6.083078723034607e-06,severity_oscillating,False
Tead1,0.21353691000321928,0.24060207318024265,-0.23664817890112017,0.19222064744228262,0.1260311765403906,0.47459828897618633,0.24654702605056164,other,False
Kcnq3,0.21335393273559103,0.24101489907503845,-0.7923454757972347,6.524822634231725e-08,-0.015627865891008435,0.47522883656040626,7.462583017313011e-07,severity_oscillating,False
Ick,0.21321222555205796,0.24133493811145915,-0.6301226656135164,0.0001111223285872753,0.05461350983416925,0.47540710835033245,0.0003179108234008364,severity_oscillating,False
Bhlhe22,0.21319011161240142,0.24138490700399157,-0.4104073057409209,0.019643315591049856,0.1406507930190759,0.47540710835033245,0.03227070944603714,severity_oscillating,False
Fgf21,0.21293277342880773,0.24196689926298856,0.12284581190243898,0.5029745362521156,0.16064773969681787,0.4763694145659995,0.5673757429062454,other,False
Ryr1,0.2128274093726123,0.24220545915224145,-0.20268279518444843,0.2659117621840464,0.1285518000711984,0.47656616340428004,0.32842999973385484,other,False
Sap18,0.21258595693350307,0.24275273532775124,-0.5391004854303988,0.0014540289009938809,0.14317141654988372,0.4769960334772184,0.003141466083849973,severity_oscillating,False
Cln3,0.21234697857255933,0.24329521553577432,0.7499359973627775,7.777116461702506e-07,0.18887872324186536,0.47757255195440845,5.015306077262261e-06,severity_oscillating,False
Cdc73,0.21228818586895798,0.24342879861292166,-0.14881221037441342,0.41629971511988384,0.14417966596220685,0.47757255195440845,0.4831728889252623,other,False
Pkia,0.21188304565001514,0.24435064845419818,-0.6421159649483996,7.44199624853823e-05,0.08250841024177571,0.4785240308916557,0.00022417493133819816,severity_oscillating,False
Kdm4c,0.21184784611814736,0.2444308505878384,-0.24733037714269465,0.17232832452077387,0.15459824322287913,0.4785240308916557,0.22396096391859047,other,False
Myo9a,0.21183134168859863,0.24446846196895797,-0.704216257090094,6.865066989639276e-06,0.0048732054928951034,0.4785240308916557,2.8540103271515852e-05,severity_oscillating,False
Myh1,0.21173541276725497,0.2446871474361353,-0.08396954704167701,0.6477332474411082,0.16283228009018463,0.4787683694176164,0.7010581997023324,other,True
Acvr1c,0.2115937501346628,0.24501032847941098,-0.7128164389860229,4.704583764537699e-06,-0.01478765804740583,0.4791939989235194,2.1106492333251364e-05,severity_oscillating,False
Chrnd,0.21151373913566016,0.24519298653866714,-0.043111055873644784,0.8147683913803034,0.06923312631285457,0.4792066759899391,0.8471531929129489,other,False
Gabrg3,0.211392334122308,0.2454703165768892,-0.6362511104441176,9.07292139893626e-05,0.12149405418493654,0.47956495015653455,0.0002666495957618571,severity_oscillating,False
Impact,0.21120801998184346,0.24589175122015822,-0.842257101890604,1.5080451759413912e-09,-0.055117634540330813,0.4802043732672385,6.868337895068783e-08,severity_oscillating,False
Ncr1,0.21107640505994354,0.24619298341436688,0.4708342745234925,0.00653299171380563,0.2765964221139772,0.4806086522758077,0.012082955305338115,severity_oscillating,False
Sorl1,0.21064828349339093,0.2471745390864337,-0.5108916693480987,0.0028083339605604165,0.09158265495268383,0.48197145408252995,0.005646555590389706,severity_oscillating,False
Nbn,0.20997870285029094,0.24871489638293345,-0.48022443476179366,0.005407603119618418,0.12048580477261339,0.48423461314860444,0.010246724930599386,severity_oscillating,False
Axl,0.20969764607767943,0.24936335593533945,0.6541613700215331,4.888857298026542e-05,0.16283228009018463,0.4849471623226728,0.0001544152388683182,severity_oscillating,False
Pacsin3,0.20969646365534544,0.24936608640901212,-0.8029147331769423,3.216106763872561e-08,0.04705163924174582,0.4849471623226728,4.442327842828236e-07,severity_oscillating,False
Foxj2,0.20961059415170677,0.24956443101949702,-0.2668572379606138,0.1398262091801138,0.16686527773947715,0.4849729268963083,0.1863253639048486,other,False
Gpr50,0.20949080538261025,0.24984129833543034,-0.7591155315187639,4.747957466853505e-07,0.0727619992559855,0.48506512280918185,3.396820622499261e-06,severity_oscillating,False
Cox8b,0.2093414554175816,0.250186775419791,-0.38414486347898746,0.029957379581960163,0.08872594828443497,0.4852481906526061,0.047266499612613304,severity_oscillating,False
Nts,0.2092351286914734,0.25043292376833426,-0.3720288841565807,0.03601941779681246,0.22920869973479033,0.48535651373186667,0.05577870375881614,severity_oscillating,False
Sqstm1,0.20917437216778234,0.2505736482652639,0.03250271578293392,0.85982700165039,0.2844943758438417,0.4853798839576291,0.8856982098987559,other,False
Ehhadh,0.2088860934652544,0.2512420744171414,-0.5973270737306412,0.0003068223649729051,0.03495264629386833,0.48600144922329863,0.0007822159535502035,severity_oscillating,False
Bace1,0.20827839879489987,0.2526549882728445,-0.8497111922902818,7.688854504405617e-10,-0.036633061981073536,0.48817920271961357,4.843883041963213e-08,severity_oscillating,False
Kdm2a,0.20765306624938573,0.2541143854883611,-0.06373957119576733,0.7289123190597431,0.1851818087300139,0.49081313153204476,0.7738141736806805,other,False
Unc5c,0.20760505601637896,0.25422666108575215,-0.7093705140137662,5.482503266572798e-06,0.06956920945029561,0.49084413255050025,2.368014323690757e-05,severity_oscillating,False
Sgpl1,0.20740860893650065,0.2546864087662423,0.7883809463833112,8.420180757641998e-08,0.13325696399537298,0.49154573254506323,9.042387798890912e-07,severity_oscillating,False
Fam214a,0.206994162996473,0.25565814108888096,-0.5936387835450123,0.00034161244329994887,0.04721968081046634,0.4928617451603862,0.0008584064400359799,severity_oscillating,False
Prmt7,0.20685600114594194,0.25598262544906275,-0.4458744810322952,0.01053775677217148,0.07797128788632166,0.49330085848721916,0.01858682479074921,severity_oscillating,False
C3ar1,0.20655470998249637,0.2566911735128209,0.7684208103124165,2.814885571652588e-07,0.15174153655463027,0.4940092686138892,2.261217527716512e-06,severity_oscillating,False
Frzb,0.2065349813772042,0.2567376144080416,-0.7433727933124913,1.0928110673781892e-06,0.11628476555460038,0.4940092686138892,6.535087051226428e-06,severity_oscillating,False
Ucp1,0.2064450581384169,0.25694936272071806,-0.08324136880901337,0.6505939400735856,0.18450964245513182,0.4942302787475048,0.70340815776078,other,False
Pifo,0.2059736523263342,0.258061295543748,-0.6558580787619933,4.601090596574284e-05,0.08234036867305519,0.4956544000542831,0.00014632271280003379,severity_oscillating,False
Trpc5,0.20596639735950997,0.2580784329629829,-0.7904405709600326,7.380363697991767e-08,0.060326923170666964,0.4956544000542831,8.17130420606163e-07,severity_oscillating,False
Crocc,0.20582842119026917,0.2584044978041701,-0.13067084111346955,0.4759434640514004,0.2562633922987942,0.495861620421149,0.5411920664570204,other,False
Cdk8,0.2058145305689247,0.2584373390827336,-0.18765402665755898,0.3037287393192562,0.1705621922513286,0.495861620421149,0.3694135191386566,other,False
Zswim5,0.2056330358148567,0.25886669526685185,-0.877149238059683,4.5274599522452355e-11,-0.03764131139339665,0.4962201294923263,1.7563388887121595e-08,severity_oscillating,False
Amer1,0.20555082810841344,0.259061325578482,-0.6745514575193395,2.2984146588656932e-05,-0.01898869726541885,0.49623425526693077,8.024786567333267e-05,severity_oscillating,False
Ccr10,0.2054559321510419,0.25928611545986474,-0.2786924190793055,0.12244710335425728,0.25895205739832255,0.49647819378569513,0.1665607131226844,other,False
Apod,0.2054149077259461,0.2593833339421442,0.7234679415460662,2.890312785307132e-06,0.3619615390240018,0.49647819378569513,1.4190072683206621e-05,severity_oscillating,False
Ly6h,0.20525574374195035,0.2597607428400073,-0.7027546353988845,7.310879089892004e-06,0.10637031300008967,0.4970140844811992,3.0160322477622147e-05,severity_oscillating,False
Ryr2,0.20465752092655268,0.26118247089370394,-0.744666337146288,1.022772627905586e-06,0.06553621180100311,0.4990761037280174,6.248099610714245e-06,severity_oscillating,False
Snu13,0.2046425142622148,0.26121820103598026,-0.7208802201491904,3.2600480894865624e-06,0.04906813806639207,0.4990761037280174,1.5629234308713303e-05,severity_oscillating,False
Vhl,0.2045674851901614,0.2613968897268137,0.49332117927894475,0.004117541854492091,0.22282312012341057,0.4992083618481754,0.007967974582611592,severity_oscillating,False
Vcp,0.20430933004264626,0.26201232260349283,-0.19803299572612315,0.2772672855133058,0.23979531856418315,0.49982231024697715,0.3408049213020176,other,False
Mta1,0.20404674701979814,0.2626392851474109,-0.025039402447079837,0.8917976339094525,0.23576232091489066,0.5008310256212871,0.9121836235356161,other,False
Th,0.20316939562427117,0.2647412383242523,-0.4732084467431759,0.006231104530355247,0.05898259062090279,0.503146444371092,0.011596083257695044,severity_oscillating,False
Smad7,0.20296122787423507,0.2652415755174085,-0.08874651662125906,0.6290904266848734,0.20333029815183015,0.5039096002660338,0.6842196730318847,other,False
Dcx,0.20225808739013307,0.2669361614236713,-0.4232392361905376,0.01579520832436881,0.08620532475362716,0.5061368288163857,0.026592655049191883,severity_oscillating,False
Tenm1,0.20202280399450792,0.26750477437618325,-0.7301610905155461,2.103791486276395e-06,0.052092886303361445,0.5068877615501155,1.098407407522609e-05,severity_oscillating,False
Sox10,0.2019368084043835,0.2677127982387123,-0.7298814686279514,2.1322878567380633e-06,0.06637641964460571,0.5070935699278394,1.1064903720468832e-05,severity_oscillating,False
Metrnl,0.2016914756218917,0.2683068394443078,0.5677280784971521,0.0007013781389470221,0.19358388716603997,0.5080301366018611,0.0016293002428080796,severity_oscillating,False
Zfand2a,0.20132577795959497,0.26919392219420973,0.18537440408590852,0.3097469281442049,0.3362511790097621,0.5090789416539249,0.37554939482127375,other,False
Chtop,0.20129859121610422,0.26925994600711417,-0.2382944936507807,0.1890549134717799,0.270378884071318,0.5090789416539249,0.24309783554815967,other,False
Cort,0.2008097740420538,0.27044885247557865,0.2287699921552757,0.207881445439854,0.28146962760687233,0.511020072660162,0.26450952825752894,other,False
Cpt1a,0.2007578160129183,0.27057542583257654,0.6039221816953344,0.00025237634017671824,0.13594562909490132,0.511020072660162,0.000659852235387719,severity_oscillating,False
Map3k11,0.20069123316396809,0.27073768258225456,0.36920700026739334,0.037564910124108536,0.25979226524192517,0.511020072660162,0.057908312645233495,severity_oscillating,False
E2f3,0.20067077794707294,0.2707875429132362,0.048557148057866165,0.7918509226848993,0.18114881108072142,0.511020072660162,0.8270334882505469,other,False
Gnaq,0.20058289206661328,0.27100183587022875,-0.4045739870408705,0.021633322011220132,0.35187904490077054,0.5112353420022326,0.035233580963995495,severity_oscillating,False
Vipas39,0.2004306968219985,0.27137319569340423,-0.1251228053421878,0.49503029720381486,0.19358388716603997,0.5115802971116293,0.5597760022249301,other,False
Brpf3,0.20041946664691182,0.2714006106707822,-0.10320425257115699,0.5740557702210701,0.20316225658310963,0.5115802971116293,0.6339594033119027,other,False
Yeats2,0.20038467115908185,0.2714855644542601,-0.25964246772768174,0.15126721189686684,0.1221662204598186,0.5115802971116293,0.19990001240567817,other,False
Gnai1,0.20034093899777192,0.271592361788755,-0.7476431189147043,8.768659857803484e-07,0.09595173573941737,0.5115925544624961,5.54949552539151e-06,severity_oscillating,False
Prpf8,0.2001996536100528,0.2719375782392989,-0.529465433125523,0.0018322451240911774,0.13275283928921142,0.5117033045577506,0.0038621001561938415,severity_oscillating,False
Lifr,0.2001937131767497,0.27195209932485037,-0.6415026192217069,7.59929001226989e-05,0.03327223060666312,0.5117033045577506,0.00022829198087508072,severity_oscillating,False
Bbs4,0.2000980578523552,0.2721859932376165,-0.6529053083283971,5.112194230002038e-05,0.11594868241715935,0.5119545543897794,0.00016017999242776655,severity_oscillating,False
Rnf2,0.19999609213145916,0.27243546099347676,0.07020076549383436,0.7026189901812725,0.24853348013765028,0.5120461630536938,0.7512176627362547,other,False
Mrm3,0.1999503689121784,0.2725473749148147,-0.7550259650412806,5.930997062148087e-07,-0.0003360831374410416,0.5120678303648138,3.991294988656648e-06,severity_oscillating,False
Gpi1,0.19987825256424163,0.27272395033936014,-0.1153235872021389,0.5296658464105042,0.1430033749811632,0.5122109244039308,0.5932862280500618,other,False
Mef2a,0.19956443122941905,0.2734932001268038,0.451444269038164,0.00949965956419721,0.27273146603340526,0.5134666226892992,0.016955130663740367,severity_oscillating,False
Thumpd1,0.19942968705219713,0.27382392123534466,-0.532362471396746,0.0017104199246707837,0.055117634540330813,0.51370938662063,0.0036475133928702626,severity_oscillating,False
Tmprss2,0.19933998313729281,0.2740442375969729,-0.32659242046751275,0.06809555612888683,0.05427742669672821,0.5139174260233844,0.0987594693215508,severity_oscillating,False
Tlr5,0.1989115961725291,0.27509795759800304,-0.06566160897984635,0.7210574914904753,0.14451574909964787,0.5146613602259349,0.7673929196939108,other,False
E2f5,0.1989033419781375,0.27511828649462555,-0.5315494690493752,0.001743873325143379,0.07830737102376269,0.5146613602259349,0.0037049137157669208,severity_oscillating,False
Myod1,0.19870947438747885,0.2755960343775328,-0.3283742294198177,0.06651795560367338,0.019492821971580414,0.5149203346000503,0.09674321845433291,severity_oscillating,False
Cops8,0.1986964538689845,0.2756281400767526,-0.7230846070485631,2.9425623539090905e-06,0.07477849808063175,0.5149203346000503,1.4377404757940873e-05,severity_oscillating,False
Csde1,0.1986751256717739,0.2756807358934988,-0.05584906254300762,0.7614345963889451,0.13157654830816778,0.5149203346000503,0.80210022733306,other,False
Fgf5,0.19843252901406758,0.2762794419967359,-0.7521475936954418,6.918705976099822e-07,0.05915063218962332,0.5158497194821925,4.53046459359245e-06,severity_oscillating,False
Hecw2,0.19818797780238345,0.2768838226053717,-0.6049698549254402,0.0002445681117655154,0.08754965730339134,0.5164336547620166,0.0006417396801007685,severity_oscillating,False
Prr5l,0.1981830896868281,0.27689591173772116,-0.8128652541319027,1.587877197167406e-08,0.01058661882939281,0.5164336547620166,2.819909606053925e-07,severity_oscillating,False
Phc1,0.19747194209412028,0.27865833673119855,-0.7105023923868626,5.214993893758042e-06,0.06520012866356206,0.5193409483616529,2.2834063392325984e-05,severity_oscillating,False
Sema4g,0.1973082412403488,0.27906505685361416,-0.6486064069064239,5.9476073564993226e-05,0.07326612396214707,0.519909004751748,0.000182763524852428,severity_oscillating,False
Trappc10,0.1970358572075584,0.27974265252880415,-0.7345893525337688,1.6963226255636695e-06,0.04402689100477645,0.5206554665513372,9.264391555674816e-06,severity_oscillating,False
Atr,0.19702409618121375,0.2797719337026496,0.10445991466550439,0.5693800543933061,0.14905287145510196,0.5206554665513372,0.6294771689337352,other,False
Dusp3,0.19691352974097684,0.28004730522489113,-0.26493557845900584,0.14280979048129203,0.1406507930190759,0.5209778643151604,0.1898052999596328,other,False
Mov10l1,0.19679868499813066,0.2803335170531908,-0.18085383607345526,0.32190057381250164,0.1277115922275958,0.5213201861058426,0.3881831742358324,other,False
Agtr1a,0.19669044213183323,0.2806034484719918,-0.5900056597891514,0.00037925778765852605,0.1349373796825782,0.5216319936791656,0.000941866589506398,severity_oscillating,False
Gsk3b,0.19644525449136546,0.28121550611333407,-0.6733355080139464,2.408137632344816e-05,0.08637336632234768,0.5223890373940703,8.356401403123066e-05,severity_oscillating,False
Vps72,0.19613558434051417,0.2819897581661042,-0.3974412730925576,0.02428991129057393,0.15375803537927651,0.5236366058992711,0.03912309361958245,severity_oscillating,False
Prkaca,0.196071455862221,0.28215026654516745,-0.7609305057823436,4.295559824457599e-07,-0.021005196090065098,0.5237439991437043,3.1432619258831215e-06,severity_oscillating,False
Anapc16,0.1957168422901958,0.283038896766951,-0.1952168961402103,0.28429477102797146,0.16249619695274362,0.5248272492035924,0.3485190163455137,other,False
Mstn,0.19559811149529113,0.2833368272884604,-0.43694366165244,0.012401451939482337,0.14417966596220685,0.5249913389024469,0.02153891942230146,severity_oscillating,False
Kif21b,0.19493068766271354,0.2850153404004417,0.12422968291417517,0.49813872160751405,0.19106326363523216,0.5279096773357491,0.5630413514114623,other,False
Mtor,0.1946131775558014,0.2858160861069329,-0.5669073284610283,0.0007168543687183589,0.08519707534130404,0.5290086557443631,0.0016606149567812663,severity_oscillating,False
Med12,0.19453110530225828,0.2860233029290698,0.5527777350548896,0.001034728108505649,0.2839902511376801,0.529200169837209,0.0023099116330360246,severity_oscillating,False
Adora1,0.19426104677193481,0.2867058291021985,-0.7096362193514141,5.418612332375049e-06,0.030415523938414263,0.5302706433104839,2.3483722606155585e-05,severity_oscillating,False
Dlg5,0.193658861592105,0.2882315026598109,-0.33136309497884353,0.06393592622444198,0.13594562909490132,0.5325131818427002,0.09358311611789914,severity_oscillating,False
Trpc4,0.19349524645679883,0.28864692748199333,-0.5139805096979071,0.002620119925452228,0.017812406284375203,0.533050362978086,0.005305768852612868,severity_oscillating,False
Dao,0.19327928617318269,0.28919584457272707,-0.786344029780899,9.579010925106923e-08,-0.01445157490996479,0.5337149070786833,9.811753961640647e-07,severity_oscillating,False
Pinlyp,0.1931511457482466,0.28952186074284764,0.029186339771259787,0.8740095173326412,0.12485488555934696,0.5340263199958455,0.8975885943051747,other,False
Nt5c1b,0.19313067432059616,0.2895739661063534,-0.4194097545697982,0.016871328176220245,0.12502292712806748,0.5340263199958455,0.02820735661320861,severity_oscillating,False
Prkd1,0.19289017288210353,0.29018655652919106,-0.5497315087026821,0.0011175752231871096,0.06570425336972363,0.5349626399911108,0.0024785874841206285,severity_oscillating,False
Zbtb4,0.19267425879758987,0.29073722407879266,-0.5408134684742751,0.001394468972560762,0.1519095781233508,0.5351380931548563,0.0030204612437505084,severity_oscillating,False
Hoxc11,0.19254942108662146,0.2910559144458317,-0.10242358950590563,0.5769713999378205,0.05679805022753602,0.5353394336541226,0.6364902921891917,other,False
Lmx1b,0.192522142833222,0.2911255810540161,-0.7682716717328699,2.839105141074259e-07,0.04805988865406895,0.5353394336541226,2.2709317315352e-06,severity_oscillating,False
Srr,0.19210443136957484,0.29219371358513385,-0.5925559942559937,0.0003524691332969625,0.06318362983891582,0.536723130355696,0.0008826436175492419,severity_oscillating,False
Foxj3,0.1918597663818817,0.2928205065037279,-0.6802924358523468,1.8387962637101524e-05,0.04083410119908656,0.5374740337667704,6.577128270999986e-05,severity_oscillating,False
Adarb1,0.19174728454331633,0.29310895434160245,-0.7986554160688041,4.298435117417012e-08,-0.0030247482369693745,0.5376299087006523,5.489837037561351e-07,severity_oscillating,False
Gabra1,0.19134733047793667,0.29413605964537204,-0.7576118480628955,5.15526597540602e-07,-0.0048732054928951034,0.5389488944637585,3.5974024268872926e-06,severity_oscillating,False
Tbx2,0.1913438471300852,0.29414501513175917,-0.16761059811840598,0.35917631973659836,0.23324169738408285,0.5389488944637585,0.4260833504596252,other,False
Hoxc12,0.19084417416469363,0.2954314428071903,-0.11656073202195225,0.5252296028072073,-0.03226398119433999,0.5400130206768268,0.589352442569196,other,False
Clcnkb,0.19077000216672288,0.2956227058007052,-0.4459099398607032,0.010530857090530544,0.08099603612329102,0.5400130206768268,0.01858682479074921,severity_oscillating,False
Mycl,0.19075164762759586,0.2956700477176506,-0.3799682428810614,0.0319452429905562,0.11258785104274893,0.5400130206768268,0.05006226866200528,severity_oscillating,False
Hoxa10,0.19074698030912102,0.29568208691408315,-0.4687677778369733,0.006805825799813498,0.1382982110569886,0.5400130206768268,0.01252399617779533,severity_oscillating,False
Grin2b,0.19070730895455307,0.2957844304589402,-0.4849434372835225,0.004907726756951875,0.12468684399062643,0.5400130206768268,0.009365624462106814,severity_oscillating,False
Acvr1,0.1902617430895229,0.2969354398869349,-0.037010503946141915,0.8406188139592443,0.2197983718864412,0.5410113487207403,0.8687189161276552,other,False
Sart3,0.19022793433749952,0.2970228923049291,0.014477045029621504,0.9373187664015208,0.2197983718864412,0.5410113487207403,0.9499827195339077,other,False
Hoxd11,0.19022622775356174,0.2970273071244808,-0.09630407072593276,0.6000525218899966,0.11578064084843882,0.5410113487207403,0.6576854134423877,other,False
Sh3gl2,0.19016951439450341,0.29717404450904267,-0.8604399317848324,2.7292857730863366e-10,-0.05461350983416925,0.5410113487207403,3.261698143133259e-08,severity_oscillating,False
Sh3gl3,0.19016731760844366,0.2971797292914163,-0.8765745280281125,4.836447115122275e-11,-0.03999389335548395,0.5410113487207403,1.7563388887121595e-08,severity_oscillating,False
Cpsf6,0.19005499497016218,0.29747048666284825,-0.1406862168575363,0.44248137972056056,0.13124046517072674,0.5412088163040737,0.5086990123855262,other,False
Tnks2,0.1899615197338609,0.29771259332468747,-0.4285315562750869,0.01440277029894376,0.14283533341244267,0.5412088163040737,0.024571415148800037,severity_oscillating,False
Atp6v1b2,0.18984547262044926,0.29801333634544264,-0.5556896251740022,0.0009606222663286265,0.14014666831291434,0.5413696683397803,0.002163431767986847,severity_oscillating,False
Dcc,0.1897872177891717,0.29816437979575117,-0.7657832362505703,3.27237326749328e-07,0.02890314981992958,0.5414512286714583,2.552351076067771e-06,severity_oscillating,False
Dvl1,0.1895210046995044,0.2988552359688101,-0.15404972926367055,0.3998955750343408,0.161655989109141,0.5421267989604909,0.4672165204420917,other,False
Cyp24a1,0.18935599758215896,0.2992839585916875,0.5320201141444232,0.0017244383945055626,0.19291172089115788,0.5425186470420035,0.0036712688857983614,severity_oscillating,False
Mfn2,0.18918184306071417,0.29973687022254936,-0.6068034360023256,0.00023141814119891497,0.17577148088166475,0.5428950828474155,0.0006110061792213588,severity_oscillating,False
Hjv,0.18911515026127992,0.29991042837900844,-0.5120253122108278,0.0027379403150247852,0.06956920945029561,0.5428950828474155,0.005518069358728341,severity_oscillating,False
Gnb1,0.1890678303401263,0.30003361004016493,-0.5723751114240149,0.0006191787946825413,0.15661474204752537,0.5428950828474155,0.0014548277437474175,severity_oscillating,False
Cpn1,0.1890527859366664,0.3000727798414535,-0.11334718979523248,0.5367902449316457,0.1268713843839932,0.5428950828474155,0.5996861671914859,other,False
Efnb3,0.18894755241861155,0.3003468576336169,-0.7136910934847849,4.523778499648225e-06,0.09931256711382778,0.5428950828474155,2.043914448778175e-05,severity_oscillating,False
Cfap65,0.1889149912232927,0.3004316944332576,-0.589901628809987,0.0003803878148580938,0.13107242360200622,0.5428950828474155,0.0009442132572219642,severity_oscillating,False
Slc8a3,0.18887244617922197,0.3005425665594077,-0.7926765818001277,6.385746806743587e-08,0.0015123741184846873,0.5428950828474155,7.336417671441225e-07,severity_oscillating,False
Celf6,0.18871258651043557,0.30095939111857345,-0.7523542187351326,6.843095151139537e-07,0.0003360831374410416,0.5432391557310131,4.504081079479068e-06,severity_oscillating,False
Nfu1,0.18818591385220731,0.3023352425647838,-0.3653705888996902,0.03975143620841895,0.06536817023228259,0.5455295621941854,0.060984083037336864,severity_oscillating,False
Fryl,0.18813584251322996,0.3024662526058396,-0.4305441016721697,0.01390094188536659,0.11628476555460038,0.5455729683671809,0.02380285483627223,severity_oscillating,False
Nr2c2,0.18795759556228922,0.3029329207877671,-0.38837041262569283,0.02805005777900406,0.11023526908066163,0.5460285614623323,0.04451877558515859,severity_oscillating,False
Nfyc,0.18789359009592535,0.3031006042302405,0.17002063753198043,0.35220824197571776,0.16619311146459506,0.5461378248599282,0.41927986985254057,other,False
Grik4,0.1876722340983264,0.3036809706330242,-0.6537285365455684,4.9648082940638545e-05,0.0615032141517106,0.5468816014584997,0.00015652340610642599,severity_oscillating,False
Adgre1,0.18765437950422395,0.30372781355262296,0.6393835824331305,8.165907250118112e-05,0.12014972163517236,0.5468816014584997,0.0002431657494620694,severity_oscillating,False
Ubac1,0.18757711202548377,0.30393058331754114,-0.8026837398467134,3.267685249990781e-08,-0.07091354200005977,0.5470536010948402,4.49284702431347e-07,severity_oscillating,False
Arid1a,0.18742456582179037,0.30433115430382846,-0.20772577045434723,0.25394442349778584,0.07881149572992426,0.547351094953502,0.31479234611475226,other,False
Eps15,0.18730624807972512,0.30464207374551244,-0.7996712674236698,4.013617025839576e-08,-0.08351665965409884,0.5474683116960548,5.219879254784308e-07,severity_oscillating,False
Kcnh1,0.187239332121314,0.30481800635628414,-0.7585881370042022,4.88734191081819e-07,0.0477238055166279,0.5474683116960548,3.4735941442172627e-06,severity_oscillating,False
Selenof,0.18720283301629362,0.30491399522535106,0.5691110659170998,0.0006759653269254706,0.2502138958248555,0.5474683116960548,0.00157663426275575,severity_oscillating,False
Pafah1b2,0.18720282595323673,0.3049140138023015,-0.7581288437451081,5.011760820998475e-07,-0.0018484572559257287,0.5474683116960548,3.5228088362408147e-06,severity_oscillating,False
Hoxa11,0.18713075963211778,0.3051035966667061,-0.09262733295253099,0.6141077678598588,-0.017308281578213642,0.5474683116960548,0.6702104672343046,other,False
Il31,0.18712189631165682,0.30512691828109856,-0.13314309212478578,0.4675633263711263,0.1730828157821364,0.5474683116960548,0.5333274883316447,other,False
Sptb,0.18701790426395484,0.3054006312196018,-0.8651699665243685,1.681830245207724e-10,-0.04133822590524811,0.547754272914283,2.9582814071740003e-08,severity_oscillating,False
Col18a1,0.18656079103296047,0.3066056111143435,0.518194471241504,0.002381035174600893,0.17392302362573903,0.5488828506421076,0.004895469740281804,severity_oscillating,False
Snx6,0.18649619779512105,0.3067761237366494,-0.026532342433561357,0.885387318619413,0.23727469503337534,0.5488828506421076,0.907037361321263,other,False
Epas1,0.1864516233003087,0.3068938258227638,-0.6122625382457431,0.0001959100046047735,0.0250381937393576,0.5489009135771101,0.0005265210397728923,severity_oscillating,False
Ilf2,0.18639218841066377,0.3070508119751079,-0.8308285452060723,3.971628918988032e-09,-0.03159181491945791,0.5489892015019368,1.1861170551568186e-07,severity_oscillating,False
Irf3,0.1863199744186305,0.30724161963326896,0.6186812376121515,0.0001604275818973403,0.19123130520395265,0.5491378772772617,0.0004402050001389634,severity_oscillating,False
Tenm4,0.18617512147268628,0.3076245823541398,-0.6486494804692158,5.938662953893488e-05,0.12939200791480102,0.5496297704337888,0.0001825986722592567,severity_oscillating,False
Ephb1,0.18595407834419728,0.3082095545073449,-0.7112043021667059,5.055108139822866e-06,0.04100214276780707,0.5501643007720435,2.23449797411061e-05,severity_oscillating,False
C7,0.1859398175425976,0.3082473184878456,0.4737612283741217,0.006162551147410066,0.21475712482482556,0.5501643007720435,0.011485266131873858,severity_oscillating,False
Zp1,0.18564202225169224,0.3090365727305467,-0.2984902015494926,0.09703300553001837,0.15224566126079184,0.5510059117049293,0.13579296603803118,other,False
Cited2,0.18563963087582286,0.30904291577882825,0.36465805651203353,0.0401685971756906,0.26382526289121766,0.5510059117049293,0.061550019283027266,severity_oscillating,False
Tctn1,0.18546782703165965,0.3094988336693431,-0.06827906303777406,0.7104055840768482,0.26937063465899486,0.551625978528064,0.7581127373171553,other,False
Gdpd1,0.18529044610536752,0.3099699937246483,-0.36475241032584094,0.0401131550850691,0.14417966596220685,0.5522403531098145,0.06148353488249324,severity_oscillating,False
Cab39l,0.18447674184204782,0.3121371153680657,-0.631354243034912,0.00010672263794611182,0.07645891376783696,0.5547775001716039,0.0003075662012220997,severity_oscillating,False
Setdb1,0.18427581699914225,0.31267368927925915,0.02515496593456051,0.8913011879446652,0.14451574909964787,0.5554602221822769,0.9120415967313413,other,False
Inha,0.18412480650491286,0.3130773451291019,-0.4127670708101349,0.018882598425175413,0.09964865025126883,0.555674160578827,0.031161479963383944,severity_oscillating,False
Ada,0.18377318502917186,0.31401850149203314,0.6609998092697469,3.819590012528533e-05,0.24315614993859358,0.5565699708515848,0.00012339283504691608,severity_oscillating,False
Mdm4,0.18317335061318288,0.3156281003032279,-0.19631454718194902,0.2815421395890309,0.12115797104749548,0.558562012474477,0.3453935675910646,other,False
Ncam2,0.18287694520175843,0.3164253707607501,-0.7188083150004048,3.586496618859649e-06,-0.01260311765403906,0.5592812946121227,1.6915553637039032e-05,severity_oscillating,False
Ncor1,0.18255773238188805,0.31728538975577625,-0.2611487817440078,0.14882441210870495,0.1640085710712283,0.560394359011715,0.1968758625950477,other,False
Mllt10,0.1825209098899397,0.3173846899009693,0.15920718051028573,0.38410885098045144,0.13712192007594495,0.560394359011715,0.45104494678896934,other,False
Polr2j,0.18192122216201828,0.31900460389277097,-0.3957504235131415,0.0249574868113525,0.07141766670622134,0.5620872139747926,0.04012232594538579,severity_oscillating,False
Sh3bp4,0.1818056903036302,0.3193172747039456,-0.12762557943090447,0.48637232731630686,0.1695539428390055,0.5624438598980754,0.5514525987198226,other,False
Pax8,0.1816232628920983,0.31981137631003975,-0.7547208156685844,6.029241019458472e-07,0.04167430904268916,0.5629254073697422,4.052063035607071e-06,severity_oscillating,False
Nhlh1,0.18137008235250696,0.32049789740214213,-0.5831337005441182,0.0004606315272030875,0.10418577260672289,0.5637447498787335,0.0011199625454065534,severity_oscillating,False
Ndufa12,0.18121529721183374,0.3209180606747038,-0.6933882517004705,1.0847177464610545e-05,0.024702110601916554,0.564289220097092,4.2045176479466865e-05,severity_oscillating,False
Uhrf2,0.18105520185287052,0.32135299759901753,-0.20455123629949803,0.2614355985266872,0.015795907459728954,0.564681792013508,0.3231910560362648,other,False
Arc,0.18105162414155931,0.3213627214693616,-0.8205926273308645,8.913825350006643e-09,-0.019828905109021452,0.564681792013508,1.985564327964362e-07,severity_oscillating,False
Lamtor5,0.18094916736337008,0.32164126637669993,-0.4378730224534575,0.012195437498424671,0.17358694048829798,0.5649766183841413,0.021246218128232325,severity_oscillating,False
Mpp3,0.18044764820098005,0.3230068824600809,-0.7915407097079908,6.874508797675347e-08,-0.015795907459728954,0.5665949475340002,7.775359063623491e-07,severity_oscillating,False
Frs2,0.18022493668228934,0.3236144652324815,-0.669603218165672,2.7750473608913962e-05,0.08956615612803757,0.5672705797769375,9.36831011774124e-05,severity_oscillating,False
Cyfip1,0.18013491754814817,0.32386024824725734,0.2036366698752229,0.2636203802987388,0.15527040949776122,0.5674244929862824,0.3257576453255491,other,False
Foxn1,0.17996946006116815,0.32431230464357474,-0.14155835438208117,0.43962933506914603,0.15812711616601005,0.5677134749440201,0.5059903515766503,other,False
Slc24a4,0.17980135830908986,0.3247719846802939,0.022996567383724548,0.9005798686975047,0.12317446987214174,0.5681435230525101,0.9195071898600071,other,False
Gria2,0.17968915925935575,0.3250790206633506,-0.6394416798577882,8.149881359345062e-05,0.0880537820095529,0.5682755601109497,0.0002428302851286166,severity_oscillating,False
Plxnc1,0.17953854766903443,0.3254914553495938,0.49997002634981486,0.003570838575684246,0.17627560558782632,0.5688016148469606,0.007008406146427603,severity_oscillating,False
Arnt,0.1790916754001207,0.3267170696835896,0.5122001118704395,0.00272722328785969,0.26869846838411277,0.5700430558572623,0.005498642684336869,severity_oscillating,False
Parp2,0.17908401005798422,0.3267381178207771,0.48593923176444814,0.004807468031802316,0.18249314363048558,0.5700430558572623,0.009201836559183343,severity_oscillating,False
Rab1a,0.17907581746575246,0.326760614649409,0.2670325997560496,0.1395562251770746,0.15695082518496642,0.5700430558572623,0.1861107269800904,other,False
Prkacb,0.1789378891590413,0.32713950862502295,-0.7969363173555224,4.822991422950388e-08,0.036465020412353014,0.5705089345286297,5.985907359725044e-07,severity_oscillating,False
Cxcl14,0.1786488942211122,0.32793426543806115,-0.18754018190410957,0.30402752759773377,0.13981058517547332,0.57150416399028,0.3696006716577788,other,False
Chrnb4,0.178412816003078,0.32858437885899794,-0.4294673038679039,0.014167588361821883,0.06469600395740051,0.5719570776375575,0.02422342298259561,severity_oscillating,False
Ppp2r1a,0.178307229105075,0.32887540107040525,-0.6648926370959414,3.309676407102646e-05,0.02386190275831395,0.5719570776375575,0.00010905579614996711,severity_oscillating,False
Med24,0.17830307335860746,0.3288868585225345,-0.49384724898055204,0.0040718073275174994,0.11527651614227725,0.5719570776375575,0.00788845012444617,severity_oscillating,False
Cyp3a13,0.17824897505763224,0.3290360307088176,-0.4405340476699329,0.011621401422671825,0.10485793888160498,0.5719570776375575,0.020294682867870242,severity_oscillating,False
Epha5,0.17821041001261456,0.3291423964562078,-0.7635639827143784,3.7088825134915737e-07,0.032432022763060515,0.5719570776375575,2.802816252047484e-06,severity_oscillating,False
Myog,0.17818833544766885,0.3292032895400645,-0.5573312056784717,0.0009209340207883179,0.01092270196683385,0.5719570776375575,0.002083230350350869,severity_oscillating,False
Cdkn1b,0.1778555987964859,0.3301219886056981,-0.36585635972305935,0.0394690402444146,0.11510847457355673,0.5727728788699544,0.06060553109173957,severity_oscillating,False
Chmp4c,0.1774276761984222,0.33130581266592485,0.08289476747676149,0.6519573055754797,0.22988086600967245,0.5744360810363299,0.7044342757340653,other,False
Ash1l,0.176833091127508,0.3329550173464806,-0.40948396591023023,0.01994780173769787,0.08771769887211185,0.5769033775422546,0.03273929751093849,severity_oscillating,False
Cbx2,0.1767042529976417,0.3333130383195336,-0.16792074513142147,0.3582750216491317,0.11460434986739516,0.5771539005021106,0.42521193239465355,other,False
Alox12e,0.17634260491456033,0.3343192607129064,-0.13099180658245593,0.47485110083285376,0.13376108870153455,0.5780918708953801,0.540190781745849,other,False
Polg,0.17627098460285157,0.3345187518893036,0.2608564831965712,0.14929618536727707,0.18400551774897025,0.5780918708953801,0.1974487533208401,other,False
Smurf2,0.17616717262372705,0.3348080389402047,-0.10551432121658257,0.5654671346016622,0.14384358282476578,0.5781244822046144,0.6258294323287218,other,False
Cyct,0.17614583039351178,0.33486753109377876,-0.0023911208553746145,0.9896373178518986,0.15106937027974818,0.5781244822046144,0.9928260286634475,other,False
Synpo,0.17605057779865407,0.33513312955872276,0.2528383273132742,0.1626631751644694,0.18316530990536767,0.5781244822046144,0.21280965799280802,other,False
Sall4,0.1759079567303388,0.33553104901715824,-0.5758608163424096,0.0005632219251073308,0.04453101571093801,0.5784196961934858,0.0013375209683298393,severity_oscillating,False
Hspb3,0.1757939614774578,0.33584930860557805,0.003287953251035747,0.9857509483123195,0.16417661263994882,0.5787727443233289,0.9898259030199097,other,False
Coro2b,0.17572465547937158,0.33604289183747316,-0.6927787520588119,1.1123645295582853e-05,0.0961197773081379,0.5789044785701967,4.292111547108028e-05,severity_oscillating,False
Etv4,0.17512468478925983,0.33772155740261434,-0.26774930371736294,0.13845675703516214,0.18014056166839829,0.5812137868794655,0.18515355709002257,other,False
Pla2g10,0.1748346279821825,0.33853494090751957,-0.14174420468935373,0.4390228686504095,0.0379773945308377,0.5820245141790554,0.505406376209826,other,False
Mst1r,0.17444479103590438,0.33963000793410025,0.29694088036544736,0.09886414585415099,0.20097771618974286,0.5835138667806822,0.1380903636369179,other,False
Lhx2,0.17424904237928168,0.34018068537934787,-0.08501720543365286,0.6436261122073823,0.1665291946020361,0.5840795815613142,0.6969086814625042,other,False
Akap9,0.1742463426459063,0.34018828402639967,-0.31173547543216623,0.08241192112290975,0.12048580477261339,0.5840795815613142,0.11716365932217465,severity_oscillating,False
Pcdh11x,0.17398011725417345,0.3409381067156382,-0.6059696221965994,0.00023731796823515578,0.009410327848349163,0.5851700142518406,0.0006243693558717266,severity_oscillating,False
Rtn4,0.17381734288122794,0.3413970543990269,0.36676750998009267,0.03894371391683843,0.25559122602391215,0.5855794234925193,0.059870971877574695,severity_oscillating,False
Ncoa3,0.1737655443981005,0.34154318059102995,0.059355240334312005,0.7469300875941889,0.10468989731288446,0.5855794234925193,0.7889472745141806,other,False
Kcnj10,0.17373374240639428,0.3416329144661534,-0.7845835586717705,1.0696393015102178e-07,-0.09359915377733008,0.5855794234925193,1.0677553966738985e-06,severity_oscillating,False
Epx,0.17373262323435548,0.34163607263113527,-0.6693598495220928,2.8006350361223136e-05,0.05730217493369758,0.5855794234925193,9.435957278243012e-05,severity_oscillating,False
Zfp536,0.17314273434101227,0.3433031328486845,-0.7066607480512443,6.174209525452434e-06,0.04133822590524811,0.5867852368826108,2.613663302019325e-05,severity_oscillating,False
Gnao1,0.17312569102215378,0.34335137143066374,-0.759188546939624,4.728949050133026e-07,-0.05074855375359728,0.5867852368826108,3.3914463532187625e-06,severity_oscillating,False
Zbtb8b,0.17309463159054925,0.3434392911038211,-0.552811620701612,0.0010338376944921705,0.1875343906921012,0.5867852368826108,0.002308934360597444,severity_oscillating,False
Gad1,0.1730768425681709,0.34348965248607644,-0.7839545297852212,1.1123752416827891e-07,0.01260311765403906,0.5867852368826108,1.093299828097092e-06,severity_oscillating,True
Tubg1,0.17293603833148674,0.34388843241731215,-0.36598219369192114,0.039396152528147196,0.06755271062564935,0.5872698003885869,0.060548289860222614,severity_oscillating,False
Pf4,0.17283829746259918,0.34416541492403685,0.33749514044210305,0.05888473378332103,0.2725634244646847,0.5872744488422054,0.08701362312535359,severity_oscillating,False
Stk38l,0.1727725985031497,0.3443516715324517,-0.5045894895861923,0.0032289443212079575,0.06822487690053144,0.5872744488422054,0.006408889098241942,severity_oscillating,False
Sp7,0.1726766057228055,0.3446239208760935,-0.773983353720557,2.035640190034765e-07,-0.023021694914711347,0.5875423196487142,1.7569882587761992e-06,severity_oscillating,False
Zfp24,0.1725244767390179,0.3450556473870522,-0.24719855668721494,0.17256452381565804,0.10032081652615091,0.5878853898868915,0.22421080896170956,other,False
Zcchc12,0.1721683994029695,0.3460674373106921,-0.7438061693190624,1.0688737863694584e-06,0.08990223926547862,0.58921562006737,6.4448288230149024e-06,severity_oscillating,False
Vsir,0.17199828623319757,0.34655144445569597,0.5717281108418264,0.0006300883065915427,0.15073328714230716,0.5892529727228351,0.0014790982291410307,severity_oscillating,False
Grb10,0.1719423510335359,0.34671068097483204,-0.7706736573531238,2.4712778747744313e-07,0.020669112952624056,0.5893272854557208,2.046462806377947e-06,severity_oscillating,False
Dkk1,0.17185412544918194,0.3469619316975008,-0.5302766313593874,0.0017973938114318436,0.12468684399062643,0.5894682331534731,0.00379962943726226,severity_oscillating,False
Fopnl,0.17175077564133318,0.34725639332783953,-0.3049710287130651,0.08965110968843477,0.10401773103800237,0.5896654002547634,0.12643359428274975,severity_oscillating,False
Ndel1,0.1715435720418799,0.34784720686082193,-0.09079185189411125,0.6211754459066279,0.11023526908066163,0.5902360604723269,0.6767654740644402,other,False
Gcm2,0.1714789794981979,0.34803150785390813,-0.16983439499608782,0.3527438051825116,0.13292088085793194,0.5902360604723269,0.41981944709192526,other,False
Slc25a17,0.17132748493564462,0.3484639962112931,-0.5002813846090264,0.003546851266584035,0.09964865025126883,0.5902360604723269,0.0069640062782313945,severity_oscillating,False
Sept10,0.17107352287276992,0.34918973658033947,-0.2276933918540749,0.21008781551860578,0.08065995298584998,0.5909391131855412,0.26684709834671516,other,False
Hoxb7,0.17086256071008132,0.34979328929695896,-0.7314794936537252,1.9740421766335677e-06,0.1253590102655085,0.5914138444493827,1.0467348381505019e-05,severity_oscillating,False
Acvrl1,0.170746867549727,0.3501245484871075,0.013613999952260744,0.9410488258784444,0.11914147222284924,0.5914426473937177,0.9531950081028485,other,False
Adgrb1,0.1706124652930779,0.35050961365928335,-0.7554571834270289,5.794654788275103e-07,0.06755271062564935,0.5914949767857013,3.925436132136958e-06,severity_oscillating,False
Fabp7,0.17052389331708542,0.3507635134055723,-0.003848144849097845,0.9833235487852303,0.16316836322762568,0.5916658569996344,0.987971916949667,other,False
Pdgfrb,0.1704866652380889,0.3508702641489696,0.32524764685935176,0.06930541884686425,0.2554231844551916,0.5916658569996344,0.10034826611917529,severity_oscillating,False
Spon1,0.1704419942318707,0.3509983831228334,0.6546121207384028,4.8108732036188395e-05,0.19660863540300932,0.5916863028121524,0.00015223488965049442,severity_oscillating,False
Mpc2,0.16986237548131558,0.35266331267883333,-0.7860942898180503,9.730723997640978e-08,0.03629697884363249,0.5931202627035063,9.887733687642754e-07,severity_oscillating,False
Lhcgr,0.16975606213460934,0.35296920689831635,-0.5444668814656153,0.001274521104872184,0.18114881108072142,0.5932441266518326,0.002783584944242322,severity_oscillating,False
Zeb2,0.1692767152325115,0.3543504032901108,-0.04757644702462051,0.7959657777148594,0.1947601781470836,0.5951733313081512,0.8306508658190462,other,False
Shoc2,0.1691614999170808,0.3546828684167903,-0.45760550073270284,0.008453410668306427,0.12317446987214174,0.5955356523351045,0.015258615647215529,severity_oscillating,False
Nodal,0.16906749852003408,0.3549542570935673,-0.7435910670954641,1.0806944529241852e-06,-0.07175374984366238,0.5957952173196074,6.4930770369449574e-06,severity_oscillating,False
Fndc5,0.16886423599176345,0.3555415155037216,-0.5004120456427912,0.003536826512727088,0.13947450203803224,0.5962881509502802,0.006946997320531719,severity_oscillating,False
Grik3,0.16884630648453233,0.3555933446572035,-0.7691441496909468,2.7000753949624647e-07,-0.043354724729894364,0.5962881509502802,2.1931663359400532e-06,severity_oscillating,False
Prkdc,0.16881726094674324,0.35567731672022984,-0.4080522701149652,0.020427647075730342,0.08301253494793727,0.5962881509502802,0.03343003777135081,severity_oscillating,False
Foxp1,0.1688040496114746,0.3557155152600868,0.24968357490341078,0.16815035020762914,0.1372899616446655,0.5962881509502802,0.2193134585551307,other,False
Sfrp1,0.16788980369154277,0.3583648778809604,0.5617424501624212,0.0008213310257971113,0.19375192873476046,0.5991679300683082,0.0018804351717195086,severity_oscillating,False
Esr2,0.16786415914606956,0.358439361732637,-0.36328975917404865,0.040979558040894384,0.07729912161143956,0.5991679300683082,0.06264211134749843,severity_oscillating,False
Atp5o,0.16777828665702885,0.35868884319338434,-0.6951379512220099,1.0087696179863391e-05,0.033608313744104154,0.5992947147489109,3.9521765140924086e-05,severity_oscillating,False
Fgfr1,0.16773954791155568,0.3588014230235589,-0.1814149972325739,0.32037604014649296,0.24366027464475515,0.5992947147489109,0.3866189214069696,other,False
Ppargc1b,0.16761935988668905,0.35915083918653823,-0.24810381648482388,0.1709470780736321,0.1534219522418355,0.5995773172456995,0.2224492462381626,other,False
Adgrf5,0.1675658802734387,0.3593063827986104,-0.5466035214176508,0.0012086409397706126,0.0008402078436026039,0.5995773172456995,0.0026610812386976,severity_oscillating,False
Prps1,0.16736740805091405,0.35988398348354866,-0.6850208226797959,1.5244529166465066e-05,0.05142072002847936,0.5998763426742518,5.5863752354984414e-05,severity_oscillating,False
Mafa,0.16721377406709154,0.3603314740881247,-0.672528672298348,2.4835264937943744e-05,0.09309502907116853,0.6000392500318911,8.594619162038741e-05,severity_oscillating,False
Nr1i2,0.16717749296876408,0.36043719861046586,-0.21110992503586457,0.24611624165672,0.09477544475837373,0.6000392500318911,0.30605532635078714,other,False
Kdm8,0.16714183357779464,0.36054112945456696,-0.48527747294439627,0.004873897287055019,0.08603728318490665,0.6000392500318911,0.009304547178618134,severity_oscillating,False
Polb,0.1669182880657818,0.36119306909218274,-0.6297001147403556,0.00011266879199702617,-0.019660863540300933,0.600330803915118,0.0003217936774786285,severity_oscillating,False
Col24a1,0.16691084813183726,0.3612147786882173,-0.40997788237331956,0.019784442394231466,0.218117956199236,0.600330803915118,0.032492092933990566,severity_oscillating,False
Dst,0.16688001499928584,0.36130475750233526,-0.5881509344175332,0.00039985731796572535,0.018484572559257288,0.600330803915118,0.0009867789931994025,severity_oscillating,False
Fabp12,0.16666899373912952,0.361920928392538,-0.16663068787220398,0.3620328464636561,0.09880844240766622,0.6011587937904058,0.42867445445940333,other,False
Dyrk1a,0.16653908360396288,0.3623005696552748,-0.2688040138891521,0.1368503014979849,0.017308281578213642,0.601282242452774,0.18331759137111897,other,False
Rfx5,0.1663945990381848,0.3627230802431165,0.08551121487407437,0.6416930157626959,0.1640085710712283,0.6015118440572618,0.695110654789873,other,False
Gla,0.1663452678623682,0.36286740449214594,0.7513525000580055,7.216820439212612e-07,0.17526735617550318,0.6015556159617929,4.689554275213189e-06,severity_oscillating,False
Vwc2l,0.16629468276691778,0.36301543265323,-0.7012481923169285,7.797653397864534e-06,0.02571036001423968,0.6016054977141411,3.1795227803762585e-05,severity_oscillating,False
Gpr4,0.1661741012010532,0.36336843748950387,-0.44738135544802954,0.010247886026438432,0.043858849436055926,0.6017994804006361,0.018144556272427087,severity_oscillating,False
Ncstn,0.1660183796658381,0.3638246166991509,0.8119120868902346,1.7019714858596586e-08,0.20736329580112264,0.6023594189491622,2.933025861273689e-07,severity_oscillating,False
Rab39,0.16578541551153253,0.3645077088965102,-0.0834448539887475,0.6497940419814223,0.21374887541250243,0.6030988722287053,0.7026922637581589,other,False
Adcyap1,0.16559015838352162,0.3650808228635445,-0.6227920844853849,0.00014083132708581016,0.052933094146964045,0.6038512572720299,0.0003951488445900537,severity_oscillating,False
Pias1,0.1653185659495134,0.3658788818247012,-0.24001256748707098,0.18579027530559492,0.18551789186745496,0.6043873627551168,0.2394432022066295,other,False
Epo,0.16519012535392713,0.36625665674163443,-0.37632728190025466,0.033764467190026626,0.14922091302382245,0.6046198077796366,0.05263830902699444,severity_oscillating,False
Phex,0.16466600148372534,0.3678006240177323,-0.14098211573963534,0.44151261395422126,0.2818057107443134,0.6061527570762976,0.5078141699617773,other,False
Jam3,0.16458348865036368,0.3680440407445412,-0.8211520809175163,8.539833949338386e-09,-0.07091354200005977,0.6061527570762976,1.9106005691041715e-07,severity_oscillating,False
Wdr83,0.16453546008081274,0.368185771090185,-0.5035816190434711,0.003301022300523412,0.03915368551188134,0.6061527570762976,0.006534153960019373,severity_oscillating,False
Agrn,0.16444081853340914,0.36846514877409886,-0.007455564830738655,0.9676964581003406,0.14938895459254298,0.6063034593215092,0.9753447209582765,other,False
Epcam,0.1639046486780559,0.37005026094393256,0.5097054657013438,0.0028836639560198374,0.2360984040523317,0.6087153760319252,0.005784337333722843,severity_oscillating,False
Selenos,0.16377099267082598,0.3704460215145482,-0.013166920199830526,0.9429815810668425,0.2112282518816946,0.6089736241526621,0.9547735301750623,other,False
Trpm7,0.1634223839692872,0.3714794383352621,-0.026770506072833943,0.8843653503045164,0.11258785104274893,0.6102791030428895,0.9062168846732297,other,False
Cebpg,0.1632039013786279,0.3721279730258765,0.37495629276664433,0.03447089618423054,0.17509931460678269,0.6109510107515276,0.05365762631545926,severity_oscillating,False
Trim7,0.16308008087889195,0.37249581217363814,-0.13257197883587313,0.4694922940235813,0.17879622911863413,0.6111615110639202,0.5346908220170324,other,False
Chka,0.16298296394696013,0.37278447138115256,0.042876530610315045,0.8157588185402289,0.18551789186745496,0.6114384528987972,0.8478373539881231,other,False
Il1rl1,0.1625461289413326,0.37408449466234683,0.7109277552389008,5.117563302315668e-06,0.24147573425138835,0.612727678830318,2.2527609017108326e-05,severity_oscillating,False
Dync2h1,0.1625170634834083,0.3741710879350011,-0.6258269420594417,0.00012776583747903933,0.046043389829422694,0.612727678830318,0.00036167232906802424,severity_oscillating,False
Sgta,0.1624217707122951,0.3744550714564764,-0.4270162583278239,0.014790533429952353,0.20097771618974286,0.6129959305197323,0.025148837008728983,severity_oscillating,False
Ndufs4,0.16208438474765985,0.3754615369138965,-0.5307558642312692,0.0017770772838372683,0.12972809105224206,0.6142708687211669,0.0037613573547111644,severity_oscillating,False
Hoxc5,0.1620799676109582,0.3754747243035872,-0.565225439442853,0.0007495110312972242,0.07494653964935227,0.6142708687211669,0.0017307631374590949,severity_oscillating,False
Cntnap4,0.16187948887627412,0.3760735405926442,-0.714812173998167,4.301258251787288e-06,0.022013445502388224,0.6148561315907302,1.9642541040615002e-05,severity_oscillating,False
Zfp750,0.16164648772240645,0.3767702015493354,-0.5629653182669242,0.0007954543234930797,0.06738466905692884,0.6156005118844201,0.0018244660540189745,severity_oscillating,False
Rnf144a,0.16160022965507265,0.37690860050293196,-0.6783187982058545,1.9864766934423363e-05,0.05780629963985916,0.6156294496207031,7.046604738003726e-05,severity_oscillating,False
Trpm5,0.16146212564447243,0.37732196919919003,-0.5838237063206375,0.0004518163378610467,-0.007561870592423435,0.6160111295000078,0.0011016802769738046,severity_oscillating,False
Smarca1,0.16144134501732724,0.3773841920825003,-0.7944770649921847,5.675905588729746e-08,-0.027390775701444887,0.6160111295000078,6.764671590680009e-07,severity_oscillating,False
Leprot,0.16136811878729745,0.37760349928407577,0.18372975980252496,0.31413485662165486,0.09359915377733008,0.6160111295000078,0.38028513511131296,other,False
Dpysl2,0.161273086651795,0.3778882246750369,-0.8250242659317408,6.321618902017659e-09,-0.05679805022753602,0.6160111295000078,1.5807146087839256e-07,severity_oscillating,True
Gckr,0.16124159257586468,0.3779826116296139,0.29486492539577525,0.10135859109705009,0.3253284770429283,0.6160111295000078,0.14107235284749045,other,False
Hspa1b,0.16123992249673288,0.3779876171995735,-0.25440337604548263,0.1599891159535522,0.22820045032246725,0.6160111295000078,0.2099034157610776,other,False
Utp25,0.16076621969855645,0.3794089654751155,-0.39904257313576885,0.02367129629896166,0.02890314981992958,0.6177354397984565,0.03818699633807825,severity_oscillating,False
Arhgap17,0.16054784940961553,0.3800652359390203,0.261399337807966,0.14842087212477717,0.14586008164941205,0.6180335976428839,0.19639296205148854,other,False
Gck,0.16046204079700302,0.3803232985240871,-0.5821357428117668,0.0004736500560210984,0.08536511691002456,0.6180335976428839,0.00114942385145748,severity_oscillating,False
Foxo4,0.16043263695719423,0.38041175173409414,-0.2956783314733036,0.10037560648322978,-0.0067216627488208315,0.6180335976428839,0.1398950734073648,other,False
Pithd1,0.16037274067300733,0.3805919700118564,-0.0720068206792858,0.6953278698356968,0.17761993813759047,0.6180335976428839,0.7440460381858379,other,False
Washc5,0.16036807269827788,0.38060601728653787,0.5941151712439205,0.0003369305790421882,0.16081578126553842,0.6180335976428839,0.0008483133680622912,severity_oscillating,False
Cdk7,0.16034265034642484,0.3806825257388632,-0.1424872173638529,0.43660283274857437,0.07242591611854446,0.6180335976428839,0.5029609417006499,other,False
Rb1cc1,0.15994971141223702,0.3818662133470212,-0.5197359183878125,0.002298437932502242,0.043018641592453326,0.6197580509968676,0.004740934853899691,severity_oscillating,False
Rnaset2a,0.15985315982332565,0.38215739248796154,0.5922532678439454,0.00035555865254878076,0.14972503772998402,0.6200180896273583,0.0008895069576514618,severity_oscillating,False
Cpeb4,0.1597543483249959,0.38245552076969547,-0.3740151952433672,0.034962712446838254,0.01915673883413937,0.6200180896273583,0.05434027915640522,severity_oscillating,False
Sod1,0.15973542502552268,0.38251263047584716,-0.788315283263454,8.4554375521158e-08,-0.01445157490996479,0.6200180896273583,9.061173729693843e-07,severity_oscillating,False
Adcy1,0.1594215190035907,0.38346070885824224,-0.7131387732917699,4.637202976429322e-06,0.06604033650716466,0.6207974553970055,2.0859234905437365e-05,severity_oscillating,False
Ppp6c,0.15933174666643493,0.3837320956973157,-0.34369280274600345,0.054104317730840505,0.0961197773081379,0.6207974553970055,0.08065053323933882,severity_oscillating,False
Ldah,0.1592942912147062,0.383845358620301,-0.5258737618814773,0.001993723860023295,0.05058051218487676,0.6207974553970055,0.004178301318808064,severity_oscillating,False
Cxcl13,0.1591575087284497,0.38425914513827597,0.418042637614394,0.017269989268902802,0.18652614127977807,0.6208999553522856,0.02877015521249941,severity_oscillating,True
Dapk1,0.15915263321207304,0.3842738990486504,0.11120204289465671,0.5445743197225856,0.07662695533655749,0.6208999553522856,0.6066550785990193,other,False
Slc4a1,0.15904030867851218,0.38461389792391754,-0.2624228865242798,0.14678060220900369,0.13913841890059123,0.6210123517641513,0.1945758450800748,other,False
Mitf,0.15894163375041834,0.384912724355185,0.6119360335371444,0.00019788855014749113,0.20215400717078652,0.6211451461359692,0.0005312786812117643,severity_oscillating,False
Vdac1,0.15837641397385527,0.3866270257691594,-0.8555838479426727,4.40657690649322e-10,-0.06990529258773666,0.6233342811659299,4.407440941180768e-08,severity_oscillating,False
Fras1,0.1582867339908814,0.38689942932658317,-0.5559707049290715,0.0009537219357694098,0.1712343585262107,0.6233651260249212,0.002150723074429602,severity_oscillating,False
Atg16l1,0.15789598279747166,0.38808763482894126,-0.12307029618648423,0.5021884996853894,0.1302322157584036,0.6246876065832847,0.5666143633919866,other,False
Cep164,0.15775889316191294,0.3885049996195531,0.43660230309354864,0.012477852449736917,0.1771158134314289,0.6248750522847643,0.021646858924757022,severity_oscillating,False
Adam18,0.15765720961823415,0.3888147392317862,-0.4806516540213819,0.0053606223640781945,0.16115186440297943,0.6248750522847643,0.01016525452756984,severity_oscillating,False
Cacna1a,0.1576566027955846,0.38881658811053554,-0.646878402573873,6.31655864158632e-05,0.019660863540300933,0.6248750522847643,0.00019305431773955552,severity_oscillating,False
Myl2,0.1574240229190055,0.3895255908440648,-0.1660875427079183,0.3636219647508847,0.24853348013765028,0.6257801188550725,0.4302564700056281,other,False
Chek2,0.15735118596656977,0.3897477823176956,0.6009433283469225,0.00027580214736783323,0.10334556476312029,0.6257801188550725,0.0007126984568000594,severity_oscillating,False
Ufl1,0.15718713241923676,0.39024850077429374,-0.4843836749872196,0.004964868303355269,0.11645280712332091,0.6260049162555859,0.009471126856924167,severity_oscillating,False
Dvl3,0.15700136172407878,0.39081595125680957,-0.08282990445208246,0.6522125688377027,0.1656889867584335,0.6260049162555859,0.7045412161617257,other,False
Sry,0.1569838173545869,0.3908695664132603,-0.14997431184323795,0.41262781785577496,0.12435076085318539,0.6260049162555859,0.4794566056679518,other,False
Sec23a,0.1565602071216591,0.3921653952562112,-0.7257845201595091,2.592094747315941e-06,-0.01898869726541885,0.6274363258276561,1.2944908134465314e-05,severity_oscillating,False
Prorp,0.1562075083933643,0.39324618878095585,0.020742484030256678,0.9102836498251438,0.14165904243139904,0.628607380852359,0.9268177440634846,other,False
Il15,0.1561610737030269,0.393388608517683,0.01283831329019925,0.9444023741454206,0.2490376048438118,0.628607380852359,0.9558326409753553,other,False
Huwe1,0.15539051002071727,0.39575632772457225,-0.3170444942302577,0.0770521608724267,0.09830431770150466,0.631254855448106,0.11046741782187985,severity_oscillating,False
Dock5,0.15449392597379916,0.39852152657410045,-0.6681542675527511,2.9305508893490615e-05,0.0751145812180728,0.6344807522875662,9.80888457123987e-05,severity_oscillating,False
Hdac6,0.1544150070014145,0.3987654519435111,-0.625765809328881,0.00012801794978734753,0.09679194358301998,0.6346653885690641,0.0003619842360672172,severity_oscillating,False
Galnt17,0.15403773933040912,0.3999327013204286,-0.691949243744133,1.1510147037905956e-05,0.01092270196683385,0.635584021432359,4.4112141277504344e-05,severity_oscillating,False
Arhgef28,0.15366635103368453,0.4010836620091789,-0.8506417090980432,7.050859339265742e-10,-0.08670944945978873,0.6360459709803842,4.731193748300496e-08,severity_oscillating,False
Pdgfa,0.15349933226689158,0.4016018805591487,0.392412568486766,0.026319584526553357,0.1715704416636517,0.6363322861347517,0.04207339413035057,severity_oscillating,False
Myo1d,0.15343292693409818,0.40180802602781607,-0.8565900698148128,3.995910062427562e-10,-0.07830737102376269,0.6363322861347517,4.1849089215558356e-08,severity_oscillating,False
Kmt2e,0.15343270260285893,0.4018087225328436,-0.269749080956323,0.13542247447540925,0.047891847085348424,0.6363322861347517,0.18173902717681206,other,False
Frmpd1,0.15337261248228243,0.4019953154663093,-0.5888065784452668,0.00039246490892466907,0.06906508474413404,0.6364301999359541,0.000970413718092456,severity_oscillating,False
Scn2a,0.15320389939958562,0.40251946998824506,-0.7042923740746344,6.842539986802562e-06,0.052597011009523006,0.6368836692432641,2.8492895079738668e-05,severity_oscillating,False
Crh,0.15320004331296364,0.40253145454622297,-0.23304469431125346,0.19927846329573304,0.07461045651191123,0.6368836692432641,0.25457536721050195,other,False
Gja3,0.15306569601312534,0.40294912713669406,-0.42123090337536945,0.016352195646265322,0.10771464554985381,0.6372801869594021,0.02742029914253761,severity_oscillating,False
Htr4,0.15303907078623435,0.4030319316077301,-0.7105448165113676,5.20520155645945e-06,-0.003864956080571978,0.6372801869594021,2.281076730197565e-05,severity_oscillating,False
Cfap299,0.15276502483616303,0.40388477679964674,-0.7290885692181371,2.215012241531596e-06,0.01260311765403906,0.6381963416328539,1.1409647194834832e-05,severity_oscillating,False
Vdac2,0.15251670731004982,0.4046584383163192,0.04772980151121493,0.7953219700445937,0.30365111467798106,0.6386641998303045,0.8301488375685435,other,False
Dlx2,0.15233044997036746,0.40523929588707297,-0.22910163305954429,0.20720500959641835,0.0468835976730253,0.639383126606854,0.263974214273559,other,False
Plxna1,0.1520643074512791,0.4060701014901268,0.6647093943566933,3.332230220134753e-05,0.17829210441247256,0.639988001295348,0.00010952356373149992,severity_oscillating,False
Dact2,0.1519367245321724,0.40646871354758607,-0.47241949471005673,0.006330073830894405,0.2070272126636816,0.6403325842514628,0.011745982761510499,severity_oscillating,False
Nosip,0.151776881302782,0.4069684303149703,0.2955497230469413,0.10053054537209485,0.12485488555934696,0.6407326748650277,0.14007274295084837,other,False
Zc3hc1,0.15168277822135726,0.40726278667574745,-0.28796837955286975,0.1099874547328493,0.09074244710908122,0.6407919416511374,0.15159308473176553,other,False
Npy4r,0.15149991524401346,0.4078351301942862,-0.37771603118314995,0.03306090590312276,0.09931256711382778,0.6413827804026386,0.05163615462701445,severity_oscillating,False
Nf1,0.15148246406134397,0.4078897744807214,-0.6512943750568865,5.412023707891549e-05,0.018820655696698326,0.6413827804026386,0.00016823115742812183,severity_oscillating,False
Pde10a,0.15136924034513863,0.40824440855313726,-0.659223048380183,4.0749768548452844e-05,0.03999389335548395,0.6417425972356097,0.00013081470696391312,severity_oscillating,False
Bmp2,0.15121561803033662,0.40872585577871245,-0.3879997973143393,0.028213268941031343,0.19509626128452462,0.6423014757631583,0.04474996420031122,severity_oscillating,False
Smpd3,0.15096972580443768,0.4094971410312981,-0.7457671395623534,9.664194068547243e-07,-0.020164988246462495,0.643315342285387,5.989921499837118e-06,severity_oscillating,False
Ppargc1a,0.1508358622746321,0.4099173731986373,-0.7939383478670484,5.8803079276890844e-08,-0.0020164988246462495,0.6435791076288855,6.945305909065647e-07,severity_oscillating,False
Elavl1,0.1507620266947947,0.4101492662037848,-0.39292288509084994,0.02610747668769452,0.09763215142662258,0.6437450482786172,0.041773600559576456,severity_oscillating,False
Nmt1,0.15056060007198913,0.4107822563563577,0.008599828987162758,0.9627417733200954,0.06956920945029561,0.6438079313316633,0.9710027933022763,other,False
Gpm6a,0.15016556623581412,0.41202526127537564,-0.7615127879406023,4.158989768629154e-07,-0.037305228255955614,0.6452724770920081,3.068114150765925e-06,severity_oscillating,False
Wwtr1,0.15005101379415087,0.41238610500447936,0.4993184771854437,0.003621487659207079,0.14602812321813258,0.6454337101741912,0.0070996189660320185,severity_oscillating,False
Rnd2,0.14987713828921972,0.4129341577867226,-0.7752150156583596,1.892346383598133e-07,-0.04621143139814322,0.6456736453644597,1.652886798413369e-06,severity_oscillating,False
Pdcd4,0.14981166964136858,0.4131406199726122,-0.5312742845885573,0.0017553250964236623,0.10939506123705903,0.6456736453644597,0.003721493481652993,severity_oscillating,False
Tab1,0.14978943023070082,0.41321076746591656,-0.09006624115631429,0.6239786947483471,0.11930951379156976,0.6456736453644597,0.6795293172312806,other,False
Rad51b,0.14957128480451004,0.41389919599476077,0.32657478605957385,0.06811131407042065,0.19190347147883474,0.6464481931320498,0.0987594693215508,severity_oscillating,False
Cops2,0.14942753510299545,0.4143531965580236,-0.4239576232838387,0.015599855619170303,0.059486715327064364,0.6467612165368661,0.026331854240035642,severity_oscillating,False
Kmt2a,0.14919137942700184,0.4150996467003468,-0.322380826016474,0.07194050784698869,0.10788268711857434,0.6473216156024778,0.10378069302248,severity_oscillating,False
Enpp6,0.14913778872793235,0.41526914320594255,-0.7102040328962189,5.284334517639714e-06,-0.05679805022753602,0.6473216156024778,2.3078245183630294e-05,severity_oscillating,False
Arid2,0.1491132631054665,0.4153467257139599,-0.17512352413329033,0.33772480976262964,0.10855485339345643,0.6473216156024778,0.4045876596052545,other,False
Miga1,0.14904962729976354,0.4155480643231497,-0.8193290683060599,9.814593588025447e-09,-0.0030247482369693745,0.6473308893742594,2.0918131369585535e-07,severity_oscillating,False
Inhbb,0.14903116695611918,0.41560648161158587,-0.036862165401787876,0.8412495323699689,0.06805683533181092,0.6473308893742594,0.8691946252013797,other,False
Slc9a3,0.14883960131482465,0.4162129578603082,-0.26448984721224367,0.1435084098150667,0.051084636891038315,0.6480776245559927,0.19063447876735815,other,False
Ank2,0.14869087893623528,0.4166841385176381,-0.7738113681323497,2.0564205647211528e-07,-0.0013443325497641664,0.6486133019769521,1.761118281175069e-06,severity_oscillating,False
Csnk1a1,0.148576133612227,0.4170478773929085,-0.27472545559491496,0.12808374445551768,0.0727619992559855,0.6487340881802586,0.1730283846577319,other,False
Angptl3,0.14853668406512385,0.4171729721775942,-0.46344454414147573,0.007553747913413898,0.07410633180574967,0.6487340881802586,0.01376131003797296,severity_oscillating,False
Orm1,0.14839752177509438,0.41761442435545415,0.6274437412349096,0.00012125704326820734,0.16216011381530257,0.6490098330940572,0.0003442026587151506,severity_oscillating,False
Pde1c,0.1483698391758868,0.4177022705445579,-0.7466583331011587,9.228861991777364e-07,-0.01058661882939281,0.6490098330940572,5.78266109606885e-06,severity_oscillating,False
Limk2,0.1481582554459446,0.41837403798609296,-0.7532326419884232,6.529992842869853e-07,0.04436297414221749,0.6496578288484202,4.320297469711948e-06,severity_oscillating,False
Itpr2,0.14785985848245023,0.4193224580036201,0.26924035768423893,0.1361897009966641,0.20534679697647643,0.6507343651586449,0.18257652162522567,other,False
Ppp2r2b,0.14751804487096745,0.42041034561576296,-0.7816311848813082,1.2841380854218276e-07,-0.04453101571093801,0.6513008161398306,1.2152854125671136e-06,severity_oscillating,False
Efna3,0.14709522479836612,0.4217582256444258,-0.860841971345154,2.621057025224396e-10,-0.07192179141238289,0.6531123104253185,3.261698143133259e-08,severity_oscillating,False
Lag3,0.14705735807884368,0.42187905564623107,0.33301230124586717,0.0625452105955837,0.003864956080571978,0.6531123104253185,0.09167905725519324,severity_oscillating,False
Sumo3,0.14687969784598173,0.4224462138764107,0.06089665222710343,0.7405800018278246,0.4140544253273632,0.6535936114599852,0.7842430121078956,other,False
Piwil1,0.1468250720636225,0.4226206850773776,-0.25767614487892754,0.1544994497827377,0.0954476110332558,0.6536652864098554,0.203538660470492,other,False
Kcna4,0.14677156706358854,0.4227916153975373,-0.7758219193487352,1.8251878366587375e-07,-0.0036969145118514574,0.6537314429047704,1.605221233585555e-06,severity_oscillating,False
Sufu,0.1466834548537032,0.4230731877323367,0.052045310655887876,0.7772604392917309,0.1682096102892413,0.6539685850371665,0.8147976779340566,other,False
Braf,0.14637010354198482,0.42407538025560376,-0.5447316284545856,0.0012661910554271284,0.03764131139339665,0.6551206888806284,0.0027720345810016236,severity_oscillating,False
Kcnma1,0.14608898111533555,0.4249756150676852,-0.7408246847063749,1.2437125171362965e-06,-0.008906203142187602,0.6556204878502909,7.168562203290677e-06,severity_oscillating,False
Hoxb5,0.1460684037377373,0.42504155132736954,-0.600286787319675,0.00028121777716889174,0.15476628479159965,0.6556204878502909,0.0007248569385237578,severity_oscillating,False
Rab11a,0.14597696847845362,0.42533460665119294,-0.5196510967832583,0.002302917450412282,0.038817602374440305,0.6556356915134383,0.0047482546138047895,severity_oscillating,False
Crtc1,0.14584512543643047,0.42575736831680566,-0.4406063961249877,0.011606117610228658,0.09007028083419914,0.6559312400434991,0.020274933537594655,severity_oscillating,False
Ddc,0.14580412824696534,0.42588887538549314,-0.5633344397376681,0.0007877857283856741,0.0258784015829602,0.6559357347045291,0.0018093178750541753,severity_oscillating,False
Slc9a1,0.14550761424327394,0.42684067553150795,0.2798544451060215,0.12083135488443206,0.05881454905218227,0.6564106981869828,0.16458230741401547,other,False
Rap1gap,0.1454255764807142,0.42710422167513895,-0.7572776965313033,5.25000365891839e-07,-0.0541093851280077,0.656618033383027,3.643573967910572e-06,severity_oscillating,False
Arfip2,0.14532989497598625,0.42741171195096916,-0.5252192124424121,0.0020244490761028022,0.11073939378682321,0.6568927817601367,0.004232260138196883,severity_oscillating,False
Als2,0.14495716220170682,0.4286107240456686,-0.11906532273021068,0.516304067835334,0.17341889891957746,0.6581406692826476,0.5805160910939388,other,False
Mlycd,0.14485924482374404,0.4289260136930124,-0.1683736919147806,0.3569611706254181,0.20467463070159433,0.6584266012181934,0.4237512058087637,other,False
Plcb4,0.14477126464561124,0.4292094151095348,-0.7126471378250595,4.740329146542632e-06,0.0808279945545705,0.6584408685507619,2.121089383904734e-05,severity_oscillating,False
Pde1b,0.14473615150788222,0.4293225502450174,-0.4629087327626998,0.007632759288359048,0.023021694914711347,0.6584408685507619,0.0138971773615874,severity_oscillating,False
Adgrl2,0.14461804146065724,0.4297032235341174,-0.5219900271484712,0.0021821364483007653,-0.0379773945308377,0.6587863676848467,0.004521152730618279,severity_oscillating,False
Lancl2,0.14455481978321358,0.42990706589681105,-0.7822544810119524,1.2358216656675037e-07,0.05226092787208196,0.6587863676848467,1.1849485557462288e-06,severity_oscillating,False
Nsmf,0.14454607323650132,0.4299352711277895,-0.8503954621717441,7.214763354228265e-10,-0.09729606828918154,0.6587863676848467,4.731193748300496e-08,severity_oscillating,False
Npbwr1,0.14423429138188798,0.43094134856020716,-0.7003129379241486,8.114439509589068e-06,-0.026382526289121765,0.6593179728127835,3.285059995112209e-05,severity_oscillating,False
Casz1,0.1441090953043117,0.43134570354302715,-0.47446606559017634,0.0060760755970507155,0.1754353977442237,0.6595606815866251,0.011357296306542947,severity_oscillating,False
Glra2,0.14396685161586958,0.4318053716519793,-0.7844839899055974,1.0763021748809894e-07,-0.009242286279628644,0.6600115819052494,1.0681356797797522e-06,severity_oscillating,False
Plppr4,0.14373834956421389,0.43254435186411255,-0.7957287210041901,5.225904118455704e-08,-0.08502903377258353,0.6606014188200114,6.346984978152987e-07,severity_oscillating,False
Ero1lb,0.1434220493298826,0.4335684187037172,0.43583308394338977,0.012651463843536187,0.1278796337963163,0.6617691513487917,0.021898580612785233,severity_oscillating,False
Washc2,0.14329207283135179,0.43398962137223684,-0.2626229635166798,0.1464615156060381,-0.056293925521374466,0.662131038364661,0.19420332495617373,other,False
Col7a1,0.143228743792559,0.4341949271377752,0.5464807187917612,0.0012123449474680265,0.24130769268266786,0.662131038364661,0.002667891103120968,severity_oscillating,False
Sdr16c5,0.14275156865977334,0.43574358753755893,-0.077271590702587,0.6742278704613138,0.06856096003797248,0.66389726404692,0.7251183569941306,other,False
Hsph1,0.1426892311289112,0.4359461254878315,-0.6590957018471091,4.0938577271302314e-05,0.02369386118959343,0.6640075204877363,0.00013133816519554281,severity_oscillating,False
Tfap2c,0.1425418893955414,0.43642505130363674,-0.2324971558090016,0.20036639360625536,0.10401773103800237,0.6642874036554309,0.25577301646283995,other,False
Snrpd1,0.14248728515470271,0.4366026122830994,-0.44165678756669774,0.011386118023157518,0.029911399232252698,0.6642874036554309,0.019924730029545968,severity_oscillating,False
Fgf15,0.14247247237483304,0.43665078699405213,-0.2981119279283941,0.09747769377371672,0.14283533341244267,0.6642874036554309,0.1362657484077087,other,False
Npas2,0.14210920949978958,0.4378331140116343,-0.30136474803538266,0.09370388904416946,0.09023832240291967,0.6655618711778308,0.13145861881581639,severity_oscillating,False
C2cd6,0.14194492569496342,0.4383683887680603,-0.06614993529930893,0.7190662437491089,0.11023526908066163,0.6661057941929924,0.765593176657108,other,False
Cox7a1,0.1418603538839785,0.4386440824836497,-0.3956816627660728,0.024984950364424347,0.11712497339820298,0.6663262253570867,0.0401411753728909,severity_oscillating,False
Lmo4,0.14173040409270843,0.4390678870534285,0.0857202227889693,0.6408758442913578,0.20433854756415326,0.666462779365022,0.6945204337646518,other,False
Sfxn1,0.14163252617636274,0.43938724309048593,0.151531432116824,0.40773645298774375,0.06536817023228259,0.666462779365022,0.47466717510064765,other,False
Park7,0.1415424129230396,0.4396813764531823,-0.46041716770091323,0.008009462868015637,0.16131990597169996,0.666710672202046,0.014518930380152013,severity_oscillating,False
Meis3,0.1413486862400092,0.44031407126330246,-0.271563543169311,0.13271180452193768,0.05041247061615624,0.6668844028805283,0.17852397543945253,other,False
Ext2,0.14134721069782313,0.4403188921587178,0.4260631196943278,0.015038882278436713,0.06234342199531322,0.6668844028805283,0.025494628947260112,severity_oscillating,False
Ppp3r2,0.14118582760669227,0.4408463367899861,-0.5429248744799592,0.0013239990256375708,0.039321727080601866,0.667286992274694,0.002877596518865466,severity_oscillating,False
Vtcn1,0.14111342619140016,0.4410830762810152,-0.28052186514879224,0.1199105218550375,0.026046443151680723,0.6673466562270232,0.16345899839191508,other,False
Cpox,0.14101712819250373,0.4413980603517996,-0.8171552312205962,1.1562475503759795e-08,-0.08956615612803757,0.6673466562270232,2.3039135759640123e-07,severity_oscillating,False
Ago3,0.1409946346897976,0.4414716526478867,-0.5237568626856417,0.002094585447983979,0.0250381937393576,0.6673466562270232,0.004362793127875164,severity_oscillating,False
Irs2,0.14084907997756455,0.44194802711843895,-0.5997177488026509,0.0002859878078607009,0.11846930594796716,0.6675679260678582,0.0007364077778381803,severity_oscillating,False
Ube2b,0.14074212510865766,0.44229824910554894,-0.33004882478654746,0.06506145314351383,0.08586924161618613,0.6677854368738269,0.09495807510302262,severity_oscillating,False
Cfap53,0.14063132406171067,0.4426612241911607,-0.5231363635354066,0.0021249781279914413,-0.0003360831374410416,0.6677854368738269,0.0044188803224151415,severity_oscillating,False
Elp2,0.14061199920400846,0.4427245473817417,-0.38285431791954844,0.030560539792505993,0.12939200791480102,0.6677854368738269,0.04811398564246082,severity_oscillating,False
Banp,0.14061035367358796,0.442729939640076,-0.5417757692313458,0.001361954814594205,-0.10771464554985381,0.6677854368738269,0.002954071336276505,severity_oscillating,False
Mtif2,0.14060527311278856,0.4427465884154641,-0.3844686051681748,0.02980760594538011,0.04721968081046634,0.6677854368738269,0.04705929988467469,severity_oscillating,False
Trpc3,0.14010507802972244,0.44438736808061796,-0.7027449378360151,7.313922545543735e-06,-0.012267034516598017,0.6696661638343375,3.0160322477622147e-05,severity_oscillating,False
Rspo2,0.14001892228633273,0.44467031503245025,-0.6622456908443358,3.649195296646103e-05,0.008402078436026039,0.6698946476611131,0.00011861154058793923,severity_oscillating,False
Trp53,0.13966721848110517,0.4458263683240301,0.5073709050997484,0.0030370418155981505,0.20349833972055067,0.6713818002967793,0.006053907894242347,severity_oscillating,False
Fgf7,0.13949476673786276,0.44639381168111014,-0.48943944747376583,0.004468878133417903,0.018316530990536768,0.671564589237538,0.008608665920908129,severity_oscillating,False
Spaca9,0.13944163148661678,0.4465687290126895,0.5539214587961084,0.0010050435543658344,0.15308586910439442,0.671564589237538,0.002250236973568829,severity_oscillating,False
Mecp2,0.13930352517780745,0.4470235379043076,-0.36063507717942395,0.04259044890922609,0.18568593343617548,0.6717016279073211,0.06484700127388465,severity_oscillating,False
Smad6,0.1392303046805347,0.4472647675397473,-0.10857121210212772,0.554192833132432,0.0872135741659503,0.6718190751531952,0.6158905537709227,other,False
Ptpn5,0.13893290543739636,0.44824529020316206,-0.775646509230934,1.8443706438853769e-07,-0.04268255845501228,0.672794615941521,1.6165179818658604e-06,severity_oscillating,False
Psmb6,0.13891331524355938,0.4483099195422917,0.730541430604446,2.0655868379820447e-06,0.26382526289121766,0.672794615941521,1.0840080720726759e-05,severity_oscillating,False
Htr1d,0.13852317461217659,0.4495980645462109,-0.5167340838621471,0.0024616535627365083,0.08217232710433467,0.6745293315441828,0.005032823576560693,severity_oscillating,False
Aldoc,0.13800309205090147,0.45131833711714964,-0.707272008017321,6.011612901040117e-06,0.014115491772523745,0.6762756633937252,2.5566764943061684e-05,severity_oscillating,False
Cdh8,0.13788377313909958,0.4517135050152298,-0.5614611324333747,0.0008273875987900558,0.04352276629861488,0.6762756633937252,0.0018900600722920173,severity_oscillating,False
Ppp1r3a,0.13787865033505334,0.4517304751968788,-0.2722027996956482,0.13176636510030787,-0.12082188791005445,0.6762756633937252,0.17743934223248956,other,False
Zfp106,0.13785081995804432,0.4518226741513067,-0.43600139231657525,0.01261330463377965,0.0018484572559257287,0.6762756633937252,0.021845950360601704,severity_oscillating,False
Ano5,0.1377410591594181,0.45218639793446214,-0.41058537186033756,0.019585040603057827,0.0428506000237328,0.6764231131565077,0.03219571128462713,severity_oscillating,False
Gna14,0.13706277270787232,0.45443757412306784,-0.219309182235023,0.22782115442065823,0.21660558208075129,0.6789043672306867,0.2861649122629346,other,False
Apln,0.13613210294844572,0.4575361183192376,-0.8321269386863728,3.570880552839943e-09,-0.07645891376783696,0.6826240829325624,1.133977451992525e-07,severity_oscillating,False
Cd84,0.13599377129931173,0.45799763430548457,0.7780046254300602,1.6012786326193628e-07,0.09309502907116853,0.6831128457872154,1.440903670157757e-06,severity_oscillating,False
Grb2,0.13571244571951416,0.4589369851723859,0.3739148405499919,0.03501549128497316,0.2013137993271839,0.6836876585086165,0.054405732879880625,severity_oscillating,False
Gabrq,0.1356776702965821,0.45905317200392304,-0.6806381465046595,1.8139727289791505e-05,0.07662695533655749,0.6836876585086165,6.509012623764462e-05,severity_oscillating,False
Baiap2,0.13541354602430883,0.459936137780246,0.17588625310470704,0.3355916284468362,0.20904371148832784,0.6848027550545928,0.40269416530400176,other,False
Myh2,0.13513535276640357,0.4608671105763531,-0.14981324022450437,0.4131356662962812,0.29474491153579346,0.6855885479877449,0.4799373795894626,other,False
Nkain1,0.13456763957325277,0.4627700583831855,-0.5417719924183484,0.0013620811180008506,0.10519402201904601,0.687341707598891,0.002954071336276505,severity_oscillating,False
Sohlh2,0.1345425955846545,0.4628541002944895,-0.2230440172612431,0.21980066845591775,0.10384968946928186,0.687341707598891,0.2774568695356685,other,False
Sin3b,0.1343086957311857,0.4636394046424812,-0.44428334311227174,0.010851314734057904,0.14401162439348633,0.6881611247973558,0.019100261027753404,severity_oscillating,False
Rxfp3,0.13429788801885262,0.4636757078863971,-0.6905172970428899,1.2206021006324003e-05,-0.013611367066362184,0.6881611247973558,4.638927296218143e-05,severity_oscillating,False
Ugt8a,0.13417486346911622,0.4640890548014097,-0.8387725228217628,2.042064982741765e-09,-0.177787979706311,0.6883740240017421,8.052211302847673e-08,severity_oscillating,False
Cnp,0.134107772059457,0.46431455544889544,-0.8268890066465352,5.454905526207523e-09,-0.11561259927971831,0.6885082986467488,1.4124605629027704e-07,severity_oscillating,False
Camsap2,0.13398826113086734,0.4647163864315035,-0.7761269936648761,1.7922593330429046e-07,-0.04049801806164551,0.6889038904931994,1.5844566478079475e-06,severity_oscillating,False
Dctn4,0.1338195208776639,0.46528405335460854,-0.5122315923285172,0.002725297076903177,0.04083410119908656,0.6893447447464008,0.005496931747442905,severity_oscillating,False
Mtfp1,0.1337173964627504,0.4656277924366675,-0.8424842676793058,1.4781619937018524e-09,-0.09645586044557894,0.6895232640072727,6.792886783669504e-08,severity_oscillating,False
Pax4,0.1337034051551381,0.46567489600177503,-0.12883031366870218,0.4822326145507957,0.09427132005221217,0.6895232640072727,0.5476109899429228,other,False
Itga8,0.13360639330239302,0.4660015681705455,-0.2269351301757349,0.21165140578081545,0.14569204008069153,0.6896857739627679,0.26836535443398946,other,False
Sidt1,0.1333229233099471,0.46695680046226307,-0.14684713156834744,0.4225502236307179,0.13073634046456517,0.6906194952618162,0.48952063159484044,other,False
Gosr1,0.13325987441291598,0.4671694015677136,-0.24231692081547626,0.1814739907184452,0.11830126437924664,0.6907336572164948,0.23459169453998707,other,False
Ccser2,0.13291351439417962,0.4683382367534673,-0.5714918413460808,0.0006341142543803345,-0.0013443325497641664,0.6918602217432483,0.0014871801432616487,severity_oscillating,False
Tex19.1,0.13284534725354524,0.4685684561083041,0.2255469128965102,0.21453465169713115,0.14770853890533778,0.691999911583225,0.27154869933177816,other,False
Cnppd1,0.13267712795305195,0.46913683363354297,0.7302886610939152,2.0909061544112415e-06,0.17493127303806214,0.6924383646888608,1.0947898024025068e-05,severity_oscillating,False
Jup,0.1326127307613387,0.4693545139001377,-0.7439750315030109,1.0596768704365328e-06,0.038817602374440305,0.6924968319172468,6.404516251299471e-06,severity_oscillating,False
Syn2,0.1325263708225882,0.46964651748490494,-0.7823639446091977,1.2275102308210607e-07,0.005881454905218227,0.6924968319172468,1.1791957980071996e-06,severity_oscillating,False
Sh3gl1,0.13251311522990536,0.4696913462447486,0.6333345119087916,9.997421282423758e-05,0.17913231225607515,0.6924968319172468,0.00029041484032826646,severity_oscillating,False
Gpr183,0.13242474340323848,0.469990266081198,0.7280134430535419,2.3318446226832423e-06,0.07024137572517769,0.6926958530136351,1.1870997425456307e-05,severity_oscillating,False
Gpa33,0.13212734873519696,0.4709969429219695,0.018701790032461668,0.9190797999753785,0.03260006433178103,0.693979031151059,0.9340956484706925,other,False
Myf6,0.13201608484708482,0.4713738596427288,-0.1130729990785838,0.5377822302205733,-0.07175374984366238,0.6943338313709384,0.6005313389569055,other,False
Actl6b,0.13181537401141868,0.47205418521258424,-0.7868142128483085,9.299248403411278e-08,-0.028735108251209056,0.6949024573877441,9.621798398742582e-07,severity_oscillating,False
Gfra3,0.13126516729087553,0.47392178510174043,-0.21342578693150324,0.24085272814853237,0.38145436099558216,0.6966786817878899,0.30016852340231215,other,False
Bach2,0.1310603414375788,0.47461802094033056,0.16682184921121337,0.36147453616841463,0.15291782753567393,0.6973282565067302,0.4283116397201122,other,False
Trpv3,0.13105473886865057,0.4746370724546888,-0.5299735990940213,0.001810344717846181,0.023357778052152393,0.6973282565067302,0.003823837849164956,severity_oscillating,False
Numb,0.1309179794150648,0.4751022460302117,0.24397542879238976,0.17841146562679297,0.2861747915310469,0.6976098321819544,0.23095417722448272,other,False
Grm3,0.13074183314189552,0.47570173960222273,-0.7797606491520266,1.4397126603754955e-07,-0.02369386118959343,0.6980881972701203,1.3377002332559933e-06,severity_oscillating,False
Trhr,0.13054756817402374,0.4763633542628368,-0.5324693731377527,0.0017060630379486183,0.08923007299059654,0.6986571219363803,0.003641266760073599,severity_oscillating,False
Zfp148,0.1298509558509482,0.47873975855995743,-0.4990708243171436,0.0036409011519454256,0.0882218235782734,0.700531126911745,0.00713219538251675,severity_oscillating,False
Ajuba,0.1297399363411916,0.47911905427907486,0.14325633549945474,0.434105471318632,0.24668502288172453,0.7007716182892988,0.500423052925727,other,False
Trpc6,0.1295227627046811,0.47986147313963623,-0.2166312317832362,0.2336923344855799,0.09057440554036071,0.7012194631039569,0.2923159877908149,other,False
Adra1b,0.12949495244693524,0.47995658686981946,-0.6607900435360531,3.8489724476847305e-05,-0.0250381937393576,0.7012194631039569,0.00012426334465594818,severity_oscillating,False
Chrm3,0.12948885873924065,0.4799774292334702,-0.6707247596589117,2.659829040376156e-05,0.04822793022278947,0.7012194631039569,9.072706438066077e-05,severity_oscillating,False
Ubr5,0.1293916721137133,0.48030990082047154,-0.24315066965036844,0.17992983428874082,0.0937671953460506,0.7012194631039569,0.23265452083824256,other,False
Gmnc,0.1293237947814769,0.4805421771087016,-0.35465702426566764,0.04640421305056674,0.13611367066362184,0.701300041158755,0.0701564584383346,severity_oscillating,False
Arhgap31,0.1292378484292435,0.4808363689101446,0.48197714541599107,0.005217077659258753,0.17627560558782632,0.7013858501031306,0.00991552475858401,severity_oscillating,False
Tpsb2,0.12900481970323513,0.48163448743535264,-0.21926372076282094,0.22791998474763014,0.07830737102376269,0.7021484768241594,0.286213775774963,other,False
Cblif,0.1288015992921226,0.48233107104305817,-0.1147989652436176,0.531552515266451,0.11292393418018996,0.7027622945988689,0.5947465190555312,other,False
Klhl41,0.1285296710102542,0.4832639786233378,-0.14650026630102217,0.42365892040939235,0.0016804156872052079,0.7033108255977508,0.4903753467230112,other,False
Sdhb,0.12848639758004482,0.4834125229815681,-0.144720175653364,0.4293740301671244,0.214253000118664,0.7033108255977508,0.4960899043901475,other,False
Mpl,0.12792955958740743,0.4853260729214556,-0.39222841438086303,0.026396472252088226,-0.005209288630336145,0.7055139065181947,0.04216987314685313,severity_oscillating,False
Smcp,0.1277421843119694,0.4859708539430425,-0.22193441659274274,0.22216315634329817,0.15325391067311497,0.7059798352096076,0.2800232914522273,other,False
Rbfox3,0.12731832402955645,0.48743102933949345,-0.577300526825031,0.0005414452045554028,0.06503208709484154,0.7066099804367306,0.0012918203874822775,severity_oscillating,False
Abca3,0.12727159031640545,0.48759216186782395,0.3528304173018468,0.047622388478469446,0.043858849436055926,0.7066099804367306,0.07187035610315759,severity_oscillating,False
St6galnac5,0.1272682068065778,0.48760382888400156,-0.5759484331861892,0.0005618748914637988,-0.0028567066682488535,0.7066099804367306,0.001335471870178122,severity_oscillating,False
Rab3d,0.1262719529428623,0.49104532084661723,0.6481488555030486,6.043368716722177e-05,0.21324475070634086,0.7101849111535566,0.0001854263312567885,severity_oscillating,False
Ighm,0.1261583911429901,0.49143839702626047,0.10787416137949145,0.5567544538909512,0.13040025732712412,0.7103935589742036,0.6177951858380992,other,False
Prkcq,0.12612625122840637,0.4915496733499807,-0.7520105217445229,6.96928475338808e-07,-0.0727619992559855,0.7103935589742036,4.548701580111094e-06,severity_oscillating,False
Edc4,0.12610958428206945,0.4916073834893038,-0.09227137972919162,0.615475766510327,0.14619616478685307,0.7103935589742036,0.6715597614907333,other,False
Ncoa1,0.12605838419698956,0.49178468794216046,-0.6563001436924621,4.528659274118563e-05,-0.02520623530807812,0.7104485112412803,0.000144199069645935,severity_oscillating,False
En2,0.1257069176763874,0.49300268517203205,-0.5856137328280636,0.0004296396769604095,0.11897343065412873,0.7118048958569305,0.0010536499962380042,severity_oscillating,False
Dnmt3b,0.1254084381020581,0.49403826065220025,0.6869542819754401,1.4105555817857702e-05,0.13443325497641662,0.7122920202337121,5.23901966885746e-05,severity_oscillating,False
Gdf2,0.12494236189815155,0.49565751889750254,-0.05432825525759232,0.7677510828414041,0.15493432636032017,0.7140118960051824,0.8069643392262935,other,False
Uri1,0.12488028215317565,0.49587340122901347,-0.3466261194852802,0.051951614109722155,0.016300032165890516,0.7140118960051824,0.07779333271731766,severity_oscillating,False
Dcaf1,0.1248281875165282,0.49605459708272726,-0.5403096770802501,0.0014117601287307025,0.03999389335548395,0.7140118960051824,0.00305661647566015,severity_oscillating,False
C4bp,0.12482347272978078,0.4960709977342417,-0.3048432358528141,0.08979239693559109,0.03192789805689895,0.7140118960051824,0.12659784874749866,severity_oscillating,False
Cdc23,0.12452592743778643,0.4971065809197617,-0.24556502554138654,0.1755106092764422,0.2550871013177506,0.7148104399395708,0.22774856726510598,other,False
Chrna2,0.12450700069155027,0.4971724909361128,-0.5683848047927379,0.0006892075382608811,-0.01663611530333156,0.7148104399395708,0.001605318562862445,severity_oscillating,False
Fbxo11,0.12449486944171434,0.4972147388130105,-0.5116671079778525,0.002760015970615695,0.04234647531757124,0.7148104399395708,0.005555975322064191,severity_oscillating,False
Adipor1,0.12414885157299682,0.4984205325086104,0.756785114420135,5.392559808409385e-07,0.15241370282951236,0.7157272962069764,3.692274843314936e-06,severity_oscillating,False
Cntnap5b,0.12407848893340134,0.49866591074683275,-0.5982895493274893,0.0002982777885660046,0.06402383768251843,0.7157272962069764,0.0007630466396565645,severity_oscillating,False
Ing3,0.12367451152090032,0.5000758946249368,-0.49923118166302743,0.0036283205372311346,0.060831047876828526,0.7175491247487491,0.007110281621366122,severity_oscillating,False
Kcnip3,0.12363347368992592,0.5002192393111992,-0.803324967062199,3.12634399617487e-08,-0.06486404552612103,0.7175529639275665,4.381176023210992e-07,severity_oscillating,False
Dmbx1,0.1235386389140161,0.5005505752389218,-0.6870856401484864,1.4031038748518598e-05,0.008906203142187602,0.7178263942349564,5.224257566145501e-05,severity_oscillating,False
Cit,0.12337170311355602,0.5011340875550878,-0.8273958200310997,5.239029244413655e-09,-0.10116102436975352,0.7184612087179604,1.3816028188322434e-07,severity_oscillating,False
Xrcc2,0.12316869129474312,0.5018441615901337,-0.7043812934989145,6.816308903758433e-06,0.0,0.7190260778140316,2.8406855978816804e-05,severity_oscillating,False
Map2,0.12316232067323007,0.5018664522748979,-0.8621240769608965,2.301819721446911e-10,-0.10737856241241278,0.7190260778140316,3.261698143133259e-08,severity_oscillating,False
Cacna1b,0.12312047073513623,0.5020128967826863,-0.5985791931253847,0.0002957481052045155,0.011426826672995414,0.7190260778140316,0.0007584528290117153,severity_oscillating,False
Cd48,0.1229919962755096,0.5024625984581903,0.6852283198594132,1.5118437523771971e-05,0.16451269577738986,0.7190260778140316,5.556134712446745e-05,severity_oscillating,False
Ptger3,0.12297708818417444,0.5025147946298809,-0.6842159117683139,1.5742695767824122e-05,-0.0371371866872351,0.7190260778140316,5.7464014150566465e-05,severity_oscillating,False
Dglucy,0.12262222486831034,0.503758043871811,0.24333085105808425,0.17959734792474447,0.1712343585262107,0.7199629417649659,0.23228348675560892,other,False
Phykpl,0.12217285006365818,0.5053346181283728,0.1521612445602897,0.405767385421424,0.12569509340294957,0.7217997600366786,0.4726694297864087,other,False
Grm8,0.12214176018668418,0.5054437841307617,-0.7150063776778091,4.263736766026365e-06,-0.03898564394316083,0.7217997600366786,1.954116913162667e-05,severity_oscillating,False
Ubap1,0.12199631780915426,0.5059546329749822,-0.20505329966087427,0.26024129830410964,0.0379773945308377,0.7220284012283793,0.3218940016123335,other,False
Dpf2,0.12142220751564321,0.50797364074437,-0.452874853056968,0.009247450340396299,0.08250841024177571,0.7241970003185582,0.016551313749600532,severity_oscillating,False
Tjp2,0.12135801347089899,0.5081996448369785,-0.6492258110615333,5.820141209152487e-05,-0.05142072002847936,0.7243158391487644,0.00017960399460306616,severity_oscillating,False
Smc5,0.12076077480252874,0.5103047032812417,-0.017803023412024447,0.9229568627579805,0.08838986514699394,0.7261372872687339,0.9373229267074616,other,False
B3gnt2,0.12075311373848577,0.5103317339459735,0.6711803003239853,2.6142746097578702e-05,0.1744271483319006,0.7261372872687339,8.95595351536259e-05,severity_oscillating,False
Kcnmb2,0.12035259326487104,0.5117458861911715,-0.7235297230714735,2.881971125749124e-06,0.0020164988246462495,0.7275809769834464,1.4172095827332944e-05,severity_oscillating,False
Eif2a,0.12034456026043501,0.5117742688525007,-0.2656470247665199,0.14169983773326952,0.07561870592423435,0.7275809769834464,0.18857575587722616,other,False
Lefty2,0.12020418882833973,0.5122703628659995,-0.1496869282364834,0.4135341655126329,0.23828294444569847,0.7280833438226424,0.48029093312384796,other,False
Irx6,0.11971204724745119,0.5140115439680388,-0.6286423414186869,0.00011662475351181714,0.0379773945308377,0.729242553035364,0.0003319770466873768,severity_oscillating,False
Flt3l,0.11965241367399507,0.5142227238928114,0.5782451320052433,0.0005275645539831059,0.18400551774897025,0.729242553035364,0.0012622452110074218,severity_oscillating,False
Syngr3,0.11932593690730786,0.5153796319777875,-0.5994848741211359,0.00028796053338867175,0.13006417418968308,0.7300893404532288,0.0007411133606536906,severity_oscillating,False
Ctcf,0.11931368199825765,0.5154230836181202,-0.035509725748143386,0.8470043633049671,0.15627865891008433,0.7300893404532288,0.8742552119017882,other,False
Smoc2,0.1192803281928919,0.51554135373776,-0.3447718279210158,0.053304379805494115,0.09511152789581477,0.7300893404532288,0.07959767019549926,severity_oscillating,False
Ppfibp1,0.11928003193794014,0.5155424042957323,0.4706465386536267,0.006557386461261015,0.18652614127977807,0.7300893404532288,0.012119285630033493,severity_oscillating,False
Cyp19a1,0.11918402687551062,0.5158829060633766,-0.4711446109359589,0.00649283576381089,-0.020333029815183017,0.7302197598302539,0.01201650354172841,severity_oscillating,False
Ankle2,0.11902424046045453,0.5164498669377733,0.6936654241905118,1.0723520793624316e-05,0.11762909810436455,0.7304233101175137,4.159747495686512e-05,severity_oscillating,False
Dlx1,0.11894136824237712,0.5167440382827878,-0.13017376291744565,0.47763778008508717,0.0339443968815452,0.7305740962529104,0.5429976189467416,other,False
Hoxb8,0.11880710166576061,0.5172208188887759,-0.5964035167154107,0.0003152249614790097,0.08872594828443497,0.7310455519954686,0.0008007781516456317,severity_oscillating,False
Il6st,0.11870550261520292,0.5175817407175662,-0.1988588778916086,0.2752278118995845,0.04839597179150999,0.73135303584496,0.3386244738301448,other,False
Taf4,0.11855091836712654,0.5181311250287799,0.044582057635412425,0.8085626456768433,0.054445468265448736,0.7319265767853244,0.841730215428077,other,False
Gnat3,0.11802497336931747,0.5200024464203675,-0.39093527786486953,0.02694158104004485,0.051593072695824145,0.7341634318268184,0.04297342241565628,severity_oscillating,False
Stxbp1,0.11790374724132252,0.5204342395838224,-0.8127411139375081,1.6023277140039414e-08,-0.019492821971580414,0.7343665438774766,2.828132546647494e-07,severity_oscillating,True
Cers4,0.11785641167023903,0.5206028908915457,-0.3780164367619127,0.03291029304970283,0.09914452554510726,0.7344013679308005,0.05141666304641168,severity_oscillating,False
Cul1,0.11773813462538353,0.52102441544916,-0.5715668450133901,0.0006328337681828365,0.015291782753567393,0.7345897023787079,0.0014848597293011265,severity_oscillating,False
Ddx56,0.11753584011903959,0.5217457540357454,-0.2623317634529014,0.1469260941054291,0.1487167883176609,0.7350302545956597,0.194718110166743,other,False
Map2k4,0.11751695953070786,0.5218131030043459,-0.749551280474759,7.935994077607953e-07,-0.08250841024177571,0.7350302545956597,5.098426421899014e-06,severity_oscillating,False
Thbd,0.11749932591150246,0.5218760077397138,0.15152342247246384,0.40776152936503396,0.20501071383903535,0.7350302545956597,0.47466717510064765,other,False
Ewsr1,0.117488881393345,0.5219132684072691,-0.004391393379157875,0.980969706002799,0.1245188024219059,0.7350302545956597,0.985995363609907,other,False
Rasgrf1,0.11731609386193519,0.5225298737572192,-0.6977040915618701,9.060650991950812e-06,0.10468989731288446,0.7356955247131038,3.610810992964148e-05,severity_oscillating,False
Dll3,0.11715065967670774,0.5231205707626134,-0.4768857317833373,0.005787051344660033,-0.022181487071108744,0.7363239601159192,0.010884863167076264,severity_oscillating,False
Togaram1,0.11691306849406799,0.5239694791836481,-0.3377454371586064,0.058685439134060616,-0.007057745886261873,0.7370606733347118,0.08674425529494152,severity_oscillating,False
C1qtnf5,0.1168431889846403,0.5242192847213638,0.7025521263086465,7.374672711709836e-06,0.22601590992910045,0.7370606733347118,3.0361747782430893e-05,severity_oscillating,False
Alx1,0.11684259943905091,0.5242213924775553,-0.15269132725802723,0.4041143022631517,0.09410327848349163,0.7370606733347118,0.4712384180617555,other,False
Dtnbp1,0.1167909468290012,0.524406078008862,0.23993262426120152,0.18594129815266805,0.05528567610905134,0.7370606733347118,0.23957730787490775,other,False
Srrm1,0.11658919028446776,0.5251277678549517,-0.18202743738332142,0.318717315107833,-0.09275894593372748,0.7374686234267666,0.3850138667093762,other,False
Rtcb,0.11646047279945705,0.5255884464663559,0.40448852180324096,0.021663670500089445,0.14266729184372215,0.7375589175859372,0.03527174695849226,severity_oscillating,False
Plin2,0.1162961248152902,0.5261769312478547,0.7981583346249285,4.44445655433046e-08,0.17509931460678269,0.7379797972787075,5.625601211821259e-07,severity_oscillating,False
Ap3s2,0.11574569915949942,0.528150177728439,-0.653040487521781,5.0877261351427825e-05,0.11090743535554372,0.7398595970087193,0.0001595838078348954,severity_oscillating,False
C3,0.11562441008429043,0.5285854730923485,0.6132434590052648,0.00019007138089625813,0.1922395546162758,0.7398595970087193,0.000512720314094031,severity_oscillating,False
Tmem163,0.11559928875650607,0.5286756528984144,-0.7179811242114046,3.724916733942036e-06,-0.09208677965884539,0.7398595970087193,1.7431926843888374e-05,severity_oscillating,False
Cyren,0.1154773557813563,0.529113469885867,0.43196010004187807,0.013556707418107971,0.17795602127503152,0.7398595970087193,0.023323023453547646,severity_oscillating,False
Gpr22,0.11534575923653782,0.5295861815653131,-0.7424445295239713,1.1457350971571941e-06,0.027390775701444887,0.740013503963284,6.756525700114274e-06,severity_oscillating,False
Mgst3,0.11532136740808052,0.5296738225215546,-0.5446119704464536,0.0012699500772329995,0.11376414202379256,0.740013503963284,0.002777879650070982,severity_oscillating,False
Zc3h11a,0.11522042637206989,0.5300365826555884,0.11284575860434887,0.5386050172078778,-0.017812406284375203,0.7400738420578333,0.6011869130803905,other,False
Rbbp4,0.11515207891196495,0.5302822765578085,-0.414433842949885,0.018360141987483418,0.04184235061140967,0.7400738420578333,0.030328719001992525,severity_oscillating,False
Ppp3r1,0.11497711034537329,0.5309114996118787,-0.7400827721475506,1.2910860411449221e-06,0.0,0.7403356444419041,7.3502565802234915e-06,severity_oscillating,False
Palmd,0.11492493015737525,0.5310992198976394,-0.6378358622597743,8.603366111372185e-05,0.019828905109021452,0.7403356444419041,0.00025500157195880023,severity_oscillating,False
Ehd4,0.11462465585382701,0.5321800891051176,0.7272319358749858,2.4202566520219964e-06,0.24248398366371152,0.7411003643257453,1.2199337136328265e-05,severity_oscillating,False
Arid1b,0.11446300712952072,0.5327623982298659,-0.37741855246453415,0.03321060235877342,0.04503514041709957,0.7413215312013574,0.051854081001562045,severity_oscillating,False
Smad4,0.11445953928972413,0.5327748938216381,-0.05425690091562959,0.7680478076737218,0.020164988246462495,0.7413215312013574,0.8069643392262935,other,False
Spock3,0.11429492810476441,0.53336819555237,-0.8318905459554458,3.640948721923564e-09,-0.07494653964935227,0.7419446865319442,1.133977451992525e-07,severity_oscillating,False
Arap1,0.11412257499781303,0.5339897406578205,0.7721094375109899,2.272777163485445e-07,0.14972503772998402,0.7424043791484171,1.9036841233069385e-06,severity_oscillating,False
Lhx1,0.11379430201367528,0.5351745282174278,-0.6185063349401384,0.0001613127747987451,0.14754049733661725,0.7434437005547656,0.00044215822904266456,severity_oscillating,False
G3bp1,0.11372301428648356,0.5354319826563082,0.4979482050830401,0.003730032814362999,0.14989307929870455,0.7435988411461553,0.007281629309630944,severity_oscillating,False
Cspg5,0.1136679813154146,0.5356307738162993,-0.7494921207763193,7.960686316823374e-07,-0.07629087219911644,0.7436724488941052,5.1014398118236215e-06,severity_oscillating,False
Syt6,0.11322512205060364,0.5372317618185658,-0.580927086006236,0.0004898520532832917,0.015963949028449474,0.7446791350642674,0.0011831133161922685,severity_oscillating,False
Tsc22d3,0.11298956268685331,0.5380842651581561,-0.2844348042941723,0.11461648825767021,0.017812406284375203,0.7456582006443233,0.15708186636280916,other,False
Wee1,0.11287896951775003,0.5384847305415802,-0.33453333352051756,0.06128372413446405,0.12031776320389288,0.7460104862826182,0.0900628858570732,severity_oscillating,False
Sept2,0.11272038693854676,0.5390592162837919,0.45331721328788666,0.00917061969251623,0.24315614993859358,0.7464612454800531,0.016431096259755987,severity_oscillating,False
Vip,0.1124237311070434,0.5401346720722862,-0.11684162735220487,0.5242248679125545,0.09326307063988903,0.7474366011876044,0.5886134825494036,other,False
Gabbr2,0.11239864202271256,0.5402256733300081,-0.7693748828304712,2.6643637888429905e-07,-0.049740304341274154,0.7474366011876044,2.167610795356953e-06,severity_oscillating,False
Hcn1,0.11217272164496518,0.5410454425848146,-0.745069484484368,1.0017958481204998e-06,-0.041170184336527596,0.7482380402990065,6.142224281830315e-06,severity_oscillating,False
Gnal,0.11215234384409964,0.5411194139704049,-0.7989402043487978,4.216773084529958e-08,-0.05058051218487676,0.7482380402990065,5.418075441860784e-07,severity_oscillating,False
Opalin,0.11207046631910406,0.5414166775821222,-0.7869242841346946,9.234846097096313e-08,-0.03814543609955822,0.7484461984678605,9.57458332140006e-07,severity_oscillating,True
Nipbl,0.11197242610948403,0.5417727230197622,-0.07690579849913254,0.6756862705861264,0.11494043300483622,0.7486432413696662,0.7265336564628648,other,False
D1Pas1,0.11187055593759443,0.542142794877039,-0.25041241061591807,0.16687110347064696,0.04957226277255363,0.7488411580470554,0.2179793850969962,other,False
Mlf1,0.11180786891477022,0.5423705824492355,-0.5112988519114733,0.002782871661687546,0.024870152170637077,0.7489199506507038,0.005599774495569299,severity_oscillating,False
Mycbp2,0.11147673013313679,0.5435746014447511,-0.43601492711291356,0.01261024020056342,0.054445468265448736,0.7501228752931915,0.021845950360601704,severity_oscillating,False
Slc16a8,0.11136204916559199,0.543991874941854,-0.3416160298378139,0.05567066932730347,0.07158570827494186,0.7503792736826386,0.0826954234824039,severity_oscillating,False
Dxo,0.11109973450982397,0.5449468903292913,0.7085013763351332,5.696295192098991e-06,0.198121009521494,0.7509248227041504,2.437651155612161e-05,severity_oscillating,False
Apba1,0.11082238693219511,0.5459574949334425,-0.7495225998125569,7.947956155449517e-07,0.050244429047435715,0.7520737730638645,5.099688597351948e-06,severity_oscillating,False
Tpsab1,0.11062607740119912,0.5466733440278133,-0.2660199794565293,0.14112049647278102,0.062175380426592694,0.7528565680037461,0.18790280671042967,other,False
Vwa8,0.11036149547144969,0.5476388479875158,-0.10836026448190757,0.5549674754479932,0.259120098967043,0.7534453510879068,0.6164828162587572,other,False
Peg3,0.10974153840936889,0.5499043045501799,-0.7248620662927187,2.7073192085641626e-06,0.02655056785784228,0.7546574811704244,1.3420831178703394e-05,severity_oscillating,False
Ring1,0.10954645702132165,0.5506180791496303,-0.08354344765041197,0.649406608990226,0.12132601261621599,0.7554337874508511,0.7025711797368277,other,False
Cyfip2,0.10939055211070199,0.5511888235891077,-0.8271036489162106,5.362498814555103e-09,-0.11040331064938215,0.7558979685190738,1.4027746898997734e-07,severity_oscillating,False
Hcrtr2,0.10937308578485197,0.5512527823742314,-0.5902626025679116,0.000376479504473969,0.005041247061615624,0.7558979685190738,0.0009358781444062942,severity_oscillating,False
Mapk7,0.10873015560872669,0.553609492367823,0.7297130667649797,2.14961868076517e-06,0.20585092168263797,0.7585178674639443,1.1132187706175767e-05,severity_oscillating,False
Tbl1xr1,0.10864512325276902,0.5539215352901985,0.08713841209545074,0.635342006198983,0.09309502907116853,0.7587416088924013,0.6901361954048152,other,False
Foxn4,0.1085575665552612,0.5542429271449203,-0.2857404440091739,0.11288943948920166,0.06688054435076728,0.7589780325815405,0.15504820431729072,other,False
Mef2d,0.10829995524252421,0.5551890354477673,0.014164914248901284,0.9386676413345105,0.11124351849298475,0.7593385848437306,0.9511608340181442,other,False
B4galnt2,0.10829447130714856,0.5552091839922065,0.5381290745956286,0.001488782657816533,0.030919648644575824,0.7593385848437306,0.0032124705319467573,severity_oscillating,False
Grin2d,0.10828321994626762,0.5552505237143923,-0.7413233074139383,1.2127694447841627e-06,-0.03327223060666312,0.7593385848437306,7.01671429271825e-06,severity_oscillating,False
Kcnc4,0.10781354033967915,0.5569774912236206,-0.8286800839388698,4.726717830030436e-09,-0.04503514041709957,0.7604787555613503,1.3377062803989066e-07,severity_oscillating,False
Slamf9,0.10780112253615033,0.5570231839859422,0.5539095032956685,0.0010053499436901317,0.17493127303806214,0.7604787555613503,0.002250236973568829,severity_oscillating,True
Rnf14,0.1076051393605344,0.5577445564280982,-0.7571835001083089,5.276995647118301e-07,0.027558817270165407,0.7604796712196608,3.652706185013696e-06,severity_oscillating,False
Nfya,0.10752612833561817,0.5580355011866502,0.5509649760427854,0.0010833537209364926,0.14619616478685307,0.7604796712196608,0.0024106681742039416,severity_oscillating,False
Mecom,0.10748903878142005,0.5581721013617741,-0.17500693548602364,0.33805160873798157,0.028735108251209056,0.7604796712196608,0.4048840704795595,other,False
Chrnb2,0.10734013656948306,0.5587206608445894,-0.7061433285705371,6.314948154851359e-06,0.04436297414221749,0.760820632933329,2.664396239693696e-05,severity_oscillating,False
Trpc7,0.10723784727991224,0.5590976411062232,-0.3812985950318417,0.03130074951458127,0.08368470122281935,0.7611307892401507,0.0491731208111731,severity_oscillating,False
Tgif2,0.10681905920065143,0.5606422770858988,0.6625788850121981,3.604800021225198e-05,0.17089827538876964,0.7626230014440452,0.00011742072099789104,severity_oscillating,False
Rec8,0.10675612622310461,0.5608745651650373,-0.33834318286276865,0.05821164356554073,0.24298810836987308,0.7627355790207558,0.08609382250734221,severity_oscillating,False
Pcsk9,0.10646978226977814,0.5619320297569885,-0.5128593838816498,0.002687129420833318,-0.019828905109021452,0.7634333117018731,0.0054242371094858546,severity_oscillating,False
Kdm1a,0.10645509509480393,0.5619862939503104,-0.010982919752331276,0.9524275384868902,0.02520623530807812,0.7634333117018731,0.9626179658850064,other,False
Aldoa,0.10594734500150144,0.5638637363656506,-0.5373048779889157,0.0015188364068195951,0.07561870592423435,0.7652806300970285,0.0032709589262242,severity_oscillating,False
Meis1,0.10586916315343407,0.5641530738880068,-0.6925079115725352,1.1248530441245349e-05,-0.023021694914711347,0.7652806300970285,4.33047198345604e-05,severity_oscillating,False
Fgf1,0.10580902777238968,0.5643756707008708,-0.8411561767814393,1.6609197080307994e-09,-0.05646196709009498,0.7652806300970285,7.09645934507362e-08,severity_oscillating,False
Tubgcp2,0.10580344442742373,0.5643963400166676,-0.17904075844564968,0.3268568973769922,0.11544455771099776,0.7652806300970285,0.39378767914974894,other,False
Galnt18,0.1055962096208173,0.5651637593071009,-0.371331896624775,0.03639627582230643,0.05747021650241811,0.7654658975198823,0.056259819081692454,severity_oscillating,False
Hif1an,0.10551250569580278,0.5654738614764506,0.04800219354321966,0.7941787492306337,0.04856401336023051,0.7654658975198823,0.8292949436694907,other,False
Lyg1,0.10549666383690828,0.565532560343007,-0.23534582396129852,0.194751033628628,0.016300032165890516,0.7654658975198823,0.24932367320856955,other,False
Fyn,0.1054413096982588,0.5657376859352079,-0.2522127598052,0.16374092471243082,0.043858849436055926,0.7654658975198823,0.21416473255336144,other,False
Abraxas1,0.10542488817904008,0.5657985456091688,0.045357847416148935,0.8052943770799051,0.039321727080601866,0.7654658975198823,0.83849900336489,other,False
Erc2,0.10536147345031782,0.5660335944804933,-0.6703169464566852,2.7012160735810517e-05,0.035120687862588845,0.7654658975198823,9.167600260370555e-05,severity_oscillating,False
Gnaz,0.105160565505675,0.5667785602199928,-0.7319876906174122,1.9260040879877492e-06,0.015795907459728954,0.7662701923355906,1.0287483615524092e-05,severity_oscillating,False
Mesp1,0.10460935026747478,0.5688247512271121,-0.20676489754883254,0.256196738139894,0.1236785945783033,0.7686291539098009,0.31719892263388333,other,False
Crym,0.1044043582001664,0.5695865649936642,0.7937719627138902,5.94478961173317e-08,0.22584786836037993,0.7694547320001804,6.971119956195609e-07,severity_oscillating,True
Nck1,0.10416344685517535,0.5704824559599464,-0.15395055126502766,0.40020273436518294,0.10737856241241278,0.7700531907519679,0.4674683187535604,other,False
Parp1,0.10398785587089174,0.5711358374793841,0.4402575125964292,0.011679976410567975,0.10502598045032549,0.7705178440990471,0.020389993042541833,severity_oscillating,False
Nr1h3,0.1039491673816994,0.5712798444192504,0.6135294789932051,0.00018839838052258387,0.22147878757364642,0.7705178440990471,0.0005092846523824591,severity_oscillating,False
Sfrp4,0.10385059553420291,0.5716468242796393,-0.17884602666327276,0.32739200830276116,0.1505652455735866,0.770809000964959,0.39415308811715477,other,True
Crmp1,0.10342420672496902,0.5732354803477929,-0.7423333174182054,1.1522299544066427e-06,0.017476323146934165,0.7719428546828274,6.779152246168725e-06,severity_oscillating,False
Mcu,0.1033502764311665,0.5735111347166945,-0.7892583001943025,7.961847116510563e-08,-0.04133822590524811,0.7719428546828274,8.622798756118977e-07,severity_oscillating,False
Zfp57,0.10321998258116416,0.5739970897213729,-0.3102000981101244,0.08401421203367128,0.021677362364947182,0.7719428546828274,0.11914275662600977,severity_oscillating,False
Fgf12,0.10315799127621708,0.5742283627149608,-0.8214802971039472,8.327196934782567e-09,-0.03327223060666312,0.7719428546828274,1.9013300438354905e-07,severity_oscillating,False
Kcnj5,0.10309359841969072,0.5744686395797196,-0.4730357003901097,0.006252660801103569,0.035960895706191445,0.7719428546828274,0.011627715182803247,severity_oscillating,False
Dach1,0.1030663429015302,0.5745703549955816,-0.7051210466253345,6.601589554267074e-06,-0.055117634540330813,0.7719428546828274,2.760221993140684e-05,severity_oscillating,False
Inpp4b,0.10303493203482564,0.5746875878700901,0.08651351540917825,0.6377780222067853,0.14367554125604526,0.7719428546828274,0.6919996696156793,other,False
Gfap,0.10300622317175445,0.5747947456124811,0.38578295170896226,0.029205805205243525,0.20467463070159433,0.7719428546828274,0.04620930904216725,severity_oscillating,False
Apobec1,0.10300413896139862,0.5748025254155651,0.7098897410302571,5.358281263007198e-06,0.1381301694882681,0.7719428546828274,2.3321324848634574e-05,severity_oscillating,False
Ireb2,0.10230826226876852,0.5774026862457686,-0.19197967206096975,0.2925132202135717,0.009914452554510726,0.7743253288716194,0.3568787219108895,other,False
Foxi1,0.102298105279181,0.5774406769809991,-0.05971230899079675,0.745457619035353,0.05427742669672821,0.7743253288716194,0.7876096343619171,other,False
Odr4,0.10225185016393042,0.5776137016046436,-0.6279875328586197,0.00011913543444693657,0.026886650995283326,0.7743253288716194,0.0003387457364068135,severity_oscillating,False
Ndrg2,0.10224128043954593,0.5776532425924064,-0.5247685436829064,0.0020458426457189358,0.0048732054928951034,0.7743253288716194,0.004269984998286535,severity_oscillating,True
Vps25,0.10221419960745795,0.5777545566028157,0.31892333067580164,0.07522135946206984,0.08402078436026039,0.7743253288716194,0.10811613260524607,severity_oscillating,False
Cd55,0.10214547376689138,0.5780117073111977,-0.384863503110986,0.02962574045002539,0.16115186440297943,0.7743253288716194,0.04680114649599861,severity_oscillating,False
Gfpt1,0.10183484049404273,0.5791746372382849,-0.5168623249432331,0.002454480603889869,-0.0799877867109679,0.7753674979161113,0.005020170633697763,severity_oscillating,False
Drd1,0.10152863693395396,0.580322002623229,-0.5585608440449459,0.00089215609344538,-0.018148489421816245,0.7765536556613565,0.002024416473605375,severity_oscillating,False
Cldn8,0.10144816121671717,0.5806237181907692,-0.395690399992705,0.024981459275208166,0.08334861808537831,0.7767536287676668,0.0401411753728909,severity_oscillating,False
Gbf1,0.10133012649902227,0.581066374167108,-0.4678336712212151,0.00693230450115114,0.11813322281052613,0.7769260818364111,0.012729188358665215,severity_oscillating,False
Lhx9,0.10117198042495543,0.5816596912873369,-0.18990960310751687,0.29784711456229634,0.3112129852704045,0.7771550703259117,0.3626057592797789,other,False
Pcbp3,0.10098877195970889,0.5823473708801792,-0.678852688484559,1.94550713756287e-05,-0.008402078436026039,0.7776319211674854,6.906076484835213e-05,severity_oscillating,False
Rpa1,0.10077488090969171,0.5831506741410726,-0.00868600552686431,0.9623686803353524,0.1892148063793064,0.7784857702510383,0.9710027933022763,other,False
Hspa1a,0.10073725800085574,0.5832920238971708,-0.18678626803446907,0.30601086617686496,0.0331041890379426,0.7784857702510383,0.37165748294480666,other,False
Nox3,0.10034781113495728,0.5847560704090203,-0.4070140497757842,0.020781556455879917,0.02823098354504749,0.7796238147298518,0.03395379719947045,severity_oscillating,False
Rnf19a,0.09995595287803068,0.5862308163309461,-0.10587142372124939,0.5641447069644279,0.017644364715654684,0.7809776427537624,0.6247725033055898,other,False
Krit1,0.09977704056104907,0.5869046908908505,-0.06268976830432647,0.7332140582818141,-0.006217538042659269,0.7814671960935078,0.777572746631088,other,False
Eif4enif1,0.09964889765782721,0.5873875512586941,-0.27541882885817903,0.1270849795371543,-0.02655056785784228,0.7819060279150832,0.17190678351074626,other,False
Prpf3,0.09954626747719805,0.5877744019069508,0.3423206300754683,0.05513527643963621,0.137458003213386,0.7822168599340872,0.08201955238220598,severity_oscillating,False
Stk32a,0.099369734957203,0.5884400789374397,-0.034231489920535325,0.852450577788251,0.027390775701444887,0.7828984983463432,0.8791650621305839,other,False
Cacna2d1,0.09925857998526723,0.5888593967671403,-0.5559427984612036,0.0009544050702539961,0.10721052084369227,0.7832520946308168,0.002151312533524363,severity_oscillating,False
Nfe2l1,0.09884150556206243,0.5904339220554766,-0.7828438695026371,1.1916709051469512e-07,-0.055117634540330813,0.7844009993738897,1.157850149934209e-06,severity_oscillating,False
F2rl1,0.09863722337569754,0.5912057916556168,0.14340010204699266,0.4336395254636939,0.11107547692426424,0.7844009993738897,0.5001207547207835,other,False
B3gnt6,0.09860718992011414,0.5913193086095174,0.02594977399836715,0.8878878991501213,0.16014361499065632,0.7844009993738897,0.9092784929863018,other,False
Nhsl1,0.09859525181310252,0.5913644335149365,-0.35177331475804813,0.04833894292416982,0.04503514041709957,0.7844009993738897,0.0728850515680587,severity_oscillating,False
Slc26a5,0.09849280968927206,0.5917517166911339,-0.3895046267140159,0.02755536375712096,0.0036969145118514574,0.7844009993738897,0.04381543345544701,severity_oscillating,False
Srsf1,0.09849046935259582,0.5917605656419305,-0.06051817674303377,0.7421376555168466,-0.006217538042659269,0.7844009993738897,0.7856066083883696,other,False
Pou3f3,0.09841927897654322,0.59202976820025,-0.6199093800440121,0.00015433291756627163,-0.007393829023702915,0.7844009993738897,0.0004266276956847151,severity_oscillating,False
a,0.09832162972603978,0.5923991103081085,0.1738176943174304,0.34139606310909243,0.035120687862588845,0.7846865389980944,0.4082187805718426,other,False
Capn2,0.09824015137010132,0.5927073654298147,0.11693097806174058,0.5239054653177185,0.01445157490996479,0.784891036100074,0.5883843634050379,other,False
Trpv5,0.09777321591928981,0.5944752554598149,-0.19361187940437027,0.2883507529821082,0.060663006308107996,0.78661952739313,0.3527283431562911,other,False
Crb1,0.09763540190535852,0.5949974774380513,-0.7061462862740845,6.314135461900518e-06,-0.018148489421816245,0.7867866670235947,2.664396239693696e-05,severity_oscillating,False
Ube2u,0.09762963060393826,0.5950193511060035,-0.16568316764850932,0.3648077577574821,0.03478460472514781,0.7867866670235947,0.43125941421110453,other,False
Taf9,0.09750364778634807,0.5954969222812878,-0.2677094545844289,0.13851772131245774,0.07225787454982394,0.7869507255328625,0.18515355709002257,other,False
Per1,0.09740722381886666,0.5958625548848375,0.34659504179555417,0.051974059576674884,0.20585092168263797,0.7872299643790615,0.07779333271731766,severity_oscillating,True
Prss21,0.0972546053526843,0.5964414713249455,0.055409734906280074,0.7632577605168613,0.07965170357352686,0.787594098398562,0.8032551756543242,other,False
Grpr,0.09721723166237752,0.5965832752468514,-0.6885283709866019,1.3235694014768105e-05,0.047555763947907385,0.787594098398562,4.968011417905232e-05,severity_oscillating,False
Kmt5b,0.09711073731935231,0.5969874178457287,-0.3839335792677145,0.03005545716834958,0.05831042434602071,0.7876960213220544,0.04737728276135699,severity_oscillating,False
Cxadr,0.09702836831652806,0.5973000866001585,-0.27456014717235355,0.12832271433185796,0.07931562043608581,0.787904769006312,0.17325944039354355,other,False
Paxbp1,0.09652041167205287,0.5992298248279017,-0.06433797759922322,0.7264638609902911,0.015627865891008435,0.7889674009389401,0.7716976582489535,other,False
Ntn1,0.09622968778232496,0.6003354958597482,-0.49804693192988214,0.0037221195702805605,0.0036969145118514574,0.7900700114500969,0.007271747195710891,severity_oscillating,False
Uncx,0.09598479538238824,0.6012675408529442,-0.21005934605302432,0.24852904164263828,0.10805072868729487,0.790811299806424,0.3088298761069666,other,False
Il3,0.09585443337671944,0.6017639430815362,0.0037415975219650807,0.9837852247127312,-0.31457381664481493,0.7909577589714603,0.9882411247065068,other,False
Cd93,0.0958246972495841,0.6018771991018117,0.7535534864017279,6.418931041647233e-07,0.1334250055640935,0.7909577589714603,4.26340719315658e-06,severity_oscillating,False
Naip5,0.09576019315955947,0.6021229072473115,0.480715682233657,0.005353611470574899,0.14602812321813258,0.7909577589714603,0.010155735258981984,severity_oscillating,False
Klhl36,0.09571435170160134,0.602297552010772,0.545810892024216,0.0012327239627568513,0.10216927378207663,0.7909577589714603,0.002706898378830262,severity_oscillating,False
Camk2d,0.09570195554167261,0.6023447820739096,-0.44358650864014726,0.010991092748666725,0.0477238055166279,0.7909577589714603,0.019290743914968732,severity_oscillating,False
Kat2a,0.09568599738218801,0.6024055858859289,-0.6375548227119268,8.68501480552445e-05,-0.007393829023702915,0.7909577589714603,0.00025661911381619565,severity_oscillating,False
Hoxd12,0.0956440183263508,0.6025655470988374,-0.15762944881340168,0.38889932657655113,0.06990529258773666,0.7909641934511501,0.45614519771602374,other,False
Nubpl,0.0955240997280692,0.603022596935353,-0.33705308645893645,0.05923801375922094,0.03999389335548395,0.791360500892008,0.0874596550465372,severity_oscillating,False
Cdk5rap2,0.09517449984878747,0.6043558828306055,-0.16573879336507363,0.3646445045714245,0.012435076085318538,0.7927023292154586,0.4311663462723311,other,False
Hoxb6,0.09500129552667763,0.6050169052871186,-0.51384448472582,0.0026281721189789172,0.09124657181524279,0.7933074522719694,0.0053199626900442285,severity_oscillating,False
Ptger1,0.09487266988488346,0.6055079951848924,-0.2235351055719146,0.2187605575621245,0.02386190275831395,0.7933074522719694,0.27628066455172,other,False
Il4,0.09485324365981833,0.6055821788131861,-0.431517629764721,0.013663497693193454,0.008065995298584998,0.7933074522719694,0.02347507636678337,severity_oscillating,False
Bsn,0.0947829635957636,0.6058505920933852,-0.7767512547377989,1.72656718512098e-07,0.028062941976326975,0.7933074522719694,1.542420177110704e-06,severity_oscillating,False
Ino80d,0.09463092185379057,0.6064314420160197,-0.03809734530065776,0.8360006751495126,-0.12250230359725965,0.7935881954139857,0.8653489131367013,other,False
Tspyl2,0.09449954892108609,0.6069335204260666,-0.6089704369046302,0.0002166905908576461,-0.006553621180100311,0.7940415203111992,0.0005765981762988277,severity_oscillating,False
Tpi1,0.09437930556059768,0.6073932184488344,-0.290079338062993,0.10728978319390935,-0.020669112952624056,0.7943139465003639,0.14819528407043908,other,False
Sdccag8,0.0943229019119459,0.6076089039883199,0.05397772960733633,0.7692090426264679,0.08435686749770144,0.7943139465003639,0.8080179832037918,other,False
Ror1,0.09413989531204568,0.6083089378637859,0.6622752869904499,3.645232053209872e-05,0.2690345515215538,0.7948216936585994,0.00011861154058793923,severity_oscillating,False
Primpol,0.09390728383532565,0.6091992113136444,0.06803395337091932,0.711400835466399,0.17106631695749017,0.7955773622403738,0.7588573111070893,other,False
Klc1,0.0936121558147596,0.6103295449906366,-0.81155622415721,1.7464651454502384e-08,-0.041506267473968635,0.7965208489257676,2.9895029217925056e-07,severity_oscillating,False
Khsrp,0.0935963464871525,0.610390119280695,0.015583570812274777,0.9325383091203008,0.0015123741184846873,0.7965208489257676,0.9460775486918565,other,False
Abcb1b,0.09346966377316275,0.6108756023258098,0.680458846333499,1.826809251853738e-05,0.1698900259764465,0.796950498072623,6.543928366366514e-05,severity_oscillating,False
Nlgn3,0.09333115283987604,0.6114066002184935,-0.626477408231298,0.00012511063827708342,-0.029239232957370617,0.7974392911568743,0.00035454964769522364,severity_oscillating,False
Galp,0.0931789812935179,0.611990191223888,0.3714362367811358,0.036339657562373576,0.0371371866872351,0.7977914585882425,0.056189328046580056,severity_oscillating,False
Epb42,0.09313841434438452,0.612145808452143,-0.3769311658779477,0.03345705266724519,-0.02957531609481166,0.7977914585882425,0.05219095585798707,severity_oscillating,False
Sacm1l,0.09273524126070842,0.6136933062145975,-0.8136401214320275,1.500352230995862e-08,-0.07024137572517769,0.7995481411570308,2.728961537266583e-07,severity_oscillating,False
Uts2b,0.09270558541987176,0.6138071987396456,-0.5973246042944649,0.00030684456440971516,-0.007897953729864477,0.7995481411570308,0.0007822159535502035,severity_oscillating,False
Far2,0.09249361354050784,0.6146215289006928,-0.6651208585653904,3.2817787031969775e-05,0.014283533341244267,0.8001381474940101,0.0001084219764573043,severity_oscillating,False
Nmb,0.09237336286193004,0.6150836952388301,-0.36045028537500784,0.042704446916643525,0.08267645181049622,0.8001381474940101,0.06498668965447453,severity_oscillating,False
Daam2,0.09222033573358823,0.6156720428449262,-0.7628937585679795,3.850803171156742e-07,-0.10032081652615091,0.8005462886953781,2.8759805235828025e-06,severity_oscillating,False
Zfyve9,0.09192851607073381,0.616794659711027,-0.8163126518789976,1.2313709812150658e-08,-0.07242591611854446,0.8012233232787622,2.3821297772275147e-07,severity_oscillating,False
Cux1,0.09147812563085564,0.6185289601281379,0.13755140118664175,0.4528152537887543,0.07024137572517769,0.8022161773744295,0.5190585639497608,other,False
Trpm8,0.0912144326565931,0.6195452895736357,-0.3130269868554914,0.08108241466745872,0.17728385500014943,0.8026750657389864,0.11553111654153825,severity_oscillating,False
Nlk,0.09115756593316303,0.6197645567163433,-0.48082676675793157,0.0053414666830462485,0.06368775454507739,0.8026750657389864,0.01013646635052787,severity_oscillating,False
Bdh1,0.09110059196571081,0.6199842695572645,-0.6986804921107215,8.69541521375036e-06,0.06402383768251843,0.8026750657389864,3.49254433112918e-05,severity_oscillating,False
Hoxb4,0.09045991711063427,0.6224571636760747,-0.02162960424988865,0.9064630226992932,0.1925756377537168,0.8046077850707442,0.9242190443312203,other,False
Ccl3,0.09042392645822048,0.6225962017057358,0.706671920764275,6.171202145366433e-06,0.2167736236494718,0.8046077850707442,2.613663302019325e-05,severity_oscillating,False
Anapc2,0.09022031421006875,0.623383031003673,-0.16362287856730356,0.37088488429668165,0.14333945811860424,0.8052359688907915,0.43773340925436677,other,False
Htr3b,0.09008017013819729,0.6239248341381808,-0.24886476590520418,0.16959583249922341,0.01512374118484687,0.8057317921364202,0.2209163282886973,other,False
Mapk8ip1,0.08974645484600233,0.6252157691072902,-0.8743900683066503,6.197627915471255e-11,-0.07645891376783696,0.8067733792000503,1.7563388887121595e-08,severity_oscillating,False
Vgll2,0.08962019244550978,0.6257044839393123,-0.2953815419147101,0.10073343163376353,-0.07242591611854446,0.8067733792000503,0.1403072901923283,other,False
Ndufs1,0.08958047495658804,0.625858247867052,-0.7989020864388767,4.227620114009927e-08,-0.019996946677741975,0.8067733792000503,5.418364372252421e-07,severity_oscillating,False
Sumo1,0.08954472261763169,0.6259966741567926,-0.4988061882333027,0.00366174507637404,0.03680110354979405,0.8067733792000503,0.007167521732380651,severity_oscillating,False
Otc,0.08938968293878503,0.6265971031429753,-0.07620039700211294,0.6785019407052761,0.013443325497641663,0.8073432238273093,0.7289465879396827,other,False
Keap1,0.08929422861434053,0.6269668901671427,0.007106704103255269,0.9692072752717917,0.25811184955471994,0.807411791654278,0.9766744984514836,other,False
Mms19,0.08915944338126715,0.627489195381846,0.5298801368462112,0.0018143554524317374,0.15476628479159965,0.8075656852071975,0.0038307231634330677,severity_oscillating,False
Slc6a8,0.08906074703287814,0.627871765225831,0.16602478266746468,0.3638058526974701,0.17745189656886995,0.8075656852071975,0.4303742241673922,other,False
Adgrl1,0.08903814247725735,0.6279593990674921,-0.7789587341886175,1.5115455872735568e-07,-0.04234647531757124,0.8075656852071975,1.384271820589302e-06,severity_oscillating,False
Mapk10,0.08901831216714597,0.6280362817520001,-0.8137263170888583,1.4908951770203213e-08,-0.05965475689578488,0.8075656852071975,2.728961537266583e-07,severity_oscillating,False
Large2,0.0887446020812231,0.6290978546772812,-0.4596236489575632,0.00813270229280121,-0.06688054435076728,0.808726854009277,0.014716181055544156,severity_oscillating,False
Bag2,0.08827656123422123,0.6309148169760045,-0.7612940466450945,4.2098218370103796e-07,-0.03831347766827874,0.8101767344073788,3.089827509437402e-06,severity_oscillating,False
Ly96,0.08826260242864527,0.6309690384829711,0.767872256251786,2.904910148070027e-07,0.13460129654513714,0.8101767344073788,2.311692147473511e-06,severity_oscillating,False
Bglap2,0.08791395653207044,0.632323927630061,-0.4409754837226888,0.011528409832047762,0.17509931460678269,0.8104232047339047,0.02014608377981351,severity_oscillating,False
Gsx1,0.0878588317763147,0.6325382579559976,-0.16849674625879763,0.35660472822775935,-0.006049496473938749,0.8104942611990816,0.42342661049576363,other,False
Mknk1,0.08775700026154416,0.6329342656582695,0.5760486390999453,0.0005603377989716309,0.10569814672520758,0.8107980133407415,0.0013331544368256946,severity_oscillating,False
Ggps1,0.0877018345745186,0.6331488385697783,-0.5481186570770498,0.0011637498281655539,-0.0015123741184846873,0.8108692507015915,0.0025720484720418066,severity_oscillating,False
Gria3,0.0874826901651509,0.6340015136617438,-0.4705864505657594,0.006565210813083885,0.12065384634133393,0.8112210263142099,0.012129351813669285,severity_oscillating,False
Snai1,0.08746794104790503,0.6340589179942726,0.4294328425950721,0.014176192167402407,0.13359304713281403,0.8112210263142099,0.02422342298259561,severity_oscillating,False
Tectb,0.087391344864547,0.6343570679271775,0.24106048708372063,0.1838185754081363,0.10569814672520758,0.8112210263142099,0.23732183071549054,other,False
Eif2ak3,0.08736183776323536,0.6344719390735929,0.3100190582613293,0.08420470755456343,0.1275435506588753,0.8112210263142099,0.11937971462919067,severity_oscillating,False
Ptprz1,0.08731799034314455,0.6346426525137543,-0.7060300044806977,6.346157889906143e-06,-0.12888788320863945,0.8112210263142099,2.6742362563488657e-05,severity_oscillating,False
Sumf1,0.08731446509250924,0.634656378356399,0.6611495904288199,3.7987333914543735e-05,0.1567827836162459,0.8112210263142099,0.0001227968252839592,severity_oscillating,False
Lbx1,0.08729888611469225,0.634717037768195,-0.6654540914572493,3.241424516601373e-05,0.03411243845026572,0.8112210263142099,0.0001071737895491305,severity_oscillating,False
Cetn3,0.08725916885082671,0.6348716942517446,-0.36927259842690724,0.03752838539063234,-0.053605260421846136,0.8112210263142099,0.05786949633543398,severity_oscillating,False
Brsk2,0.08720236652170753,0.6350929051660623,-0.8136593669824873,1.498235915688575e-08,-0.034616563156427284,0.8112210263142099,2.728961537266583e-07,severity_oscillating,False
Etnk1,0.08699991862750248,0.6358815693247797,-0.6868284635020703,1.4177265385514322e-05,-0.017812406284375203,0.8112210263142099,5.255685372929401e-05,severity_oscillating,False
Rsbn1,0.08687700868181585,0.6363605735403752,-0.43276902659063726,0.013363280768533945,-0.02386190275831395,0.8112210263142099,0.023021308747143414,severity_oscillating,False
Svil,0.08679821124340208,0.636667738578632,0.6111803140151768,0.00020253645511326062,0.16064773969681787,0.8112210263142099,0.0005417611208876468,severity_oscillating,False
Dnm1l,0.08672328538545537,0.6369598665555698,-0.6913249830091381,1.1808979108715058e-05,0.005377330199056666,0.8112210263142099,4.514531644669272e-05,severity_oscillating,False
Dlg4,0.08665401569936886,0.6372299893640395,-0.8420355653299224,1.5377232816446649e-09,-0.0727619992559855,0.8112210263142099,6.899276457290869e-08,severity_oscillating,False
Gdap1,0.08658807927375266,0.6374871563488382,-0.7277107414326729,2.3657347681348654e-06,-0.04990834590999468,0.8113328304729102,1.200757517637408e-05,severity_oscillating,False
Slit3,0.08624550341484778,0.6388239458870968,-0.6687300548216498,2.8678408963442835e-05,0.10284144005695872,0.812617643599007,9.617920060652327e-05,severity_oscillating,False
Irx3,0.08620691688366393,0.6389745870369765,-0.5444599096055623,0.001274741115418558,0.10973114437450009,0.812617643599007,0.002783584944242322,severity_oscillating,False
Dpp4,0.08560323925722937,0.6413331713880153,0.23916304301930136,0.18739954009735305,0.11073939378682321,0.8141962437158452,0.24121247893933834,other,False
Tyk2,0.08503442501713536,0.6435586920674372,0.6721641997351366,2.5182741586336946e-05,0.12569509340294957,0.8161449685487209,8.69128314153618e-05,severity_oscillating,False
Gabrg2,0.0849223417832214,0.643997583436035,-0.5848405657012697,0.0004390974071683312,0.07629087219911644,0.8162489599086612,0.001074777290770469,severity_oscillating,False
Pdk1,0.08477691656205952,0.6445672097327582,0.6290531718228277,0.00011507378402369972,0.15258174439823288,0.8166759405978141,0.0003279281409524538,severity_oscillating,False
Zmpste24,0.08471755522948048,0.6447997832687675,-0.190183165916297,0.2971387190239959,0.10368164790056132,0.8167011732060717,0.36205345721843096,other,False
Gdnf,0.08467264540136846,0.6449757587443633,0.6551340227473403,4.7219765986676394e-05,0.1835013930428087,0.8167011732060717,0.00014988676185316506,severity_oscillating,False
Hpd,0.08458447405524407,0.6453213058203453,-0.29477348905536843,0.10146954321321443,-0.018820655696698326,0.8167011732060717,0.1411882542091126,other,False
T,0.0845711990272901,0.6453733374895434,-0.5950132200200531,0.0003282592030613954,-0.04705163924174582,0.8167011732060717,0.0008297572818712478,severity_oscillating,False
Klk5,0.08453064188840932,0.645532312001839,-0.3465968696180403,0.051972739242118864,0.10267339848823821,0.8167011732060717,0.07779333271731766,severity_oscillating,False
Oxt,0.08437358329430714,0.6461480899732095,-0.22161369544995685,0.22284921665954377,0.0030247482369693745,0.8168179768494671,0.28074928480620714,other,False
Npc1l1,0.08435018879557789,0.6462398322409291,-0.3337874588653617,0.06189980278375773,0.03495264629386833,0.8168179768494671,0.09083742635211398,severity_oscillating,False
Prok1,0.08433979263880045,0.6462806027375905,-0.26221300307527606,0.147115870208155,0.05192484473464093,0.8168179768494671,0.19486835988880777,other,False
Cx3cl1,0.0842540378958347,0.6466169446399085,-0.6461649379002673,6.474787602307196e-05,0.047891847085348424,0.8170406327986558,0.00019765345038521252,severity_oscillating,False
Hoxc6,0.0841188019847263,0.6471474977366022,-0.7160544849209801,4.066313970568248e-06,-0.050244429047435715,0.8175085155904923,1.880531964086005e-05,severity_oscillating,False
Pon1,0.08404512088595659,0.647436632661718,-0.18724715585720472,0.3047974332177321,0.1640085710712283,0.8176712709104786,0.37044834568588314,other,False
Ppp1r16b,0.08385062645202827,0.6482000984621519,-0.8198865140861897,9.40735604479174e-09,-0.09343111220860957,0.8184328470929298,2.0595246001923892e-07,severity_oscillating,False
Nfatc3,0.08370008876922473,0.648791258158697,0.042971347310764005,0.8153583629801029,-0.012098992947877498,0.8189765424072045,0.8475938474753424,other,False
Rgcc,0.08352715275608255,0.6494706350937713,-0.35005889501791215,0.0495192985609391,0.0331041890379426,0.8194463171028361,0.07447144357552388,severity_oscillating,False
Igf1r,0.08352357299933494,0.6494847010481801,-0.6504505094392713,5.5753040661252393e-05,-0.05276505257824353,0.8194463171028361,0.00017288526468878324,severity_oscillating,False
Sema6a,0.08328336329256457,0.6504288288852201,-0.8196754354082301,9.559693534642002e-09,-0.1324167561517704,0.8198974635086185,2.075063690221653e-07,severity_oscillating,False
Hdac3,0.08312101664214103,0.6510672230539855,-0.25429499594781946,0.1601732724573197,-0.031759856488178424,0.8198974635086185,0.21003715912663593,other,False
Prdm14,0.08307789480635154,0.6512368314831141,-0.1289710645519445,0.4817501548123233,-0.005881454905218227,0.8198974635086185,0.5471849342457495,other,False
Mafb,0.08306179611225532,0.6513001558655771,0.7614729375529231,4.1682084032165973e-07,0.22567982679165943,0.8198974635086185,3.068114150765925e-06,severity_oscillating,False
Qrfpr,0.0829845909040758,0.6516038765364791,-0.5905541584971652,0.000373348807626262,-0.029239232957370617,0.8198974635086185,0.0009286003745477162,severity_oscillating,False
Pou6f2,0.0826950809284991,0.6527432797580066,-0.5639021379555272,0.0007761185891720611,0.018652614127977807,0.8209180152972366,0.0017865437379813553,severity_oscillating,False
Snap91,0.08251279912749644,0.6534610677181256,-0.8607978227334593,2.6327450330260876e-10,-0.11292393418018996,0.8216181677175645,3.261698143133259e-08,severity_oscillating,False
Stag2,0.0823516545168936,0.6540958753393724,-0.49641535049118535,0.0038547690657405155,-0.07007333415645717,0.8222136668571066,0.0075078949997489,severity_oscillating,False
Foxa2,0.08215479350449623,0.6548717052448139,-0.3659556394544814,0.03941152469907267,0.08939811455931707,0.8227833912447772,0.06055367093071376,severity_oscillating,False
Sorcs3,0.08200119858712397,0.6554772690685489,-0.7732329422544719,2.127741767708363e-07,-0.049740304341274154,0.8229137938770894,1.8149850764348426e-06,severity_oscillating,False
Arhgef7,0.08197273699756642,0.6555895054504195,0.37225823139057684,0.03589610319002658,0.027894900407606452,0.8229137938770894,0.05560462264571078,severity_oscillating,False
Glg1,0.08179491420594935,0.6562909048314639,-0.7312663113538171,1.9945160923825803e-06,-0.14367554125604526,0.8235522522866661,1.0543032732894861e-05,severity_oscillating,False
Prl3a1,0.08166990576196519,0.6567841569448705,-0.25429491681125616,0.1601734069795361,0.05125267845975884,0.8238201804919791,0.21003715912663593,other,False
Fam92a,0.0815977577939652,0.6570688994409597,-0.7317493713301727,1.948397545047513e-06,0.01663611530333156,0.8238201804919791,1.0396209076660424e-05,severity_oscillating,False
Tfpi,0.08146035710117616,0.6576113020106479,0.5455500619081762,0.0012407403033624076,0.2085395867821663,0.8240289898544667,0.002720987225903543,severity_oscillating,False
Nrip1,0.08145306981947326,0.6576400740438216,0.10688130253000971,0.5604125780244745,0.0307516070758553,0.8240289898544667,0.6211787397876672,other,False
Crygf,0.08126801976127263,0.6583708597478788,-0.2585913573063476,0.15298888795778828,0.0339443968815452,0.8247388501320325,0.20186143752526592,other,False
Olig2,0.08110812237977372,0.6590025639475832,-0.4548544772492633,0.008907810235718891,0.08838986514699394,0.8248009217671458,0.015993924678775806,severity_oscillating,False
Sfrp2,0.08109242131319959,0.6590646063757863,-0.6807803685390807,1.8038486762176718e-05,-0.08670944945978873,0.8248009217671458,6.479881758722776e-05,severity_oscillating,False
Copg1,0.08099706272324322,0.6594414616134082,-0.4707754494833612,0.006540627207376615,0.05780629963985916,0.8250701240348284,0.012092692781742702,severity_oscillating,False
Rif1,0.08089967228764243,0.659826431352616,-0.5759339568418375,0.0005620972564737165,0.0001680415687205208,0.8252174981239175,0.001335471870178122,severity_oscillating,False
Tyrp1,0.07964133622113863,0.6648081026681874,-0.270432470844671,0.13439681865622397,0.17257869107597487,0.8285331374811687,0.1805525867699232,other,False
Ints11,0.0795792567543262,0.665054237448038,-0.12008180226612675,0.5127030897268602,0.11410022516123362,0.8286374365467617,0.5770737998006871,other,False
Tac2,0.07942505158241024,0.6656657835813435,-0.44689182119978454,0.010341308073866753,0.18081272794328035,0.8291276929300269,0.018284579717433035,severity_oscillating,False
Lgr5,0.07926111105715461,0.6663161696247233,-0.6702254499715793,2.710580929014437e-05,0.07645891376783696,0.8291276929300269,9.193266834376758e-05,severity_oscillating,False
Egln2,0.07923419743231712,0.6664229643232915,-0.19437923202332652,0.2864070080363437,0.015291782753567393,0.8291276929300269,0.35060286728903034,other,False
Gdf7,0.07876243395346334,0.668295987435404,-0.1336784632775606,0.4657588723223657,0.22013445502388224,0.8306476198606227,0.5316258688110064,other,False
Gm2a,0.0784079950480829,0.6697044928569739,0.5953682406647599,0.000324886174004327,0.06116713101426957,0.8315477067560973,0.0008228621517358849,severity_oscillating,False
Usp54,0.07837510927323772,0.6698352336915907,-0.6723968444133676,2.4960443470226986e-05,0.006889704317541352,0.8315477067560973,8.620394186975481e-05,severity_oscillating,False
Fshb,0.07833370285322835,0.669999862743526,0.1003931233574341,0.5845856449716029,0.06486404552612103,0.8315497079938506,0.6437762035837967,other,False
Emc3,0.07823438721935817,0.6703947961156376,0.03706885002408953,0.8403707597351713,0.01058661882939281,0.8317891315243416,0.8687189161276552,other,False
Slc44a5,0.0782031827626348,0.6705188999859033,0.0779774410733666,0.6714169557347145,0.12821571693375736,0.8317891315243416,0.7227047670822492,other,False
Rae1,0.07770232972496605,0.6725120182086071,0.09578010245965898,0.6020470644214327,0.06049496473938748,0.8330460915206666,0.6594464409735298,other,False
Mbtd1,0.07760081440523577,0.6729162599176934,0.06784779827106859,0.7121570178686085,0.23340973895280334,0.8330808863811945,0.7592411544617408,other,False
Cnot4,0.077572240551605,0.6730300593563816,-0.31867131856822334,0.07546495276657406,-0.005545371767777186,0.8330808863811945,0.10843569691895613,severity_oscillating,False
Golga2,0.07694367541488359,0.6755352029747639,0.20009694547341647,0.27218871396597355,0.20064163305230182,0.8343595812044239,0.335532776689326,other,False
Ccar2,0.07677375077733616,0.6762130242492386,-0.511711999372434,0.0027572409505636744,0.03948976864932238,0.8349945864670457,0.005552580374585591,severity_oscillating,False
Gtf2e2,0.07652926271413928,0.6771887124089692,-0.3240054902969721,0.07043777865764432,0.04234647531757124,0.8354326719704155,0.10181442588060179,severity_oscillating,False
Ptk2,0.07647143414324431,0.6774195664307363,-0.7661775326414971,3.1999220310830845e-07,-0.014283533341244267,0.8354326719704155,2.503497282293683e-06,severity_oscillating,False
Borcs8,0.07633178467675124,0.6779771713450575,0.6377059576138807,8.641020695273622e-05,0.1744271483319006,0.8354326719704155,0.0002559689115365316,severity_oscillating,False
Tshb,0.07631791549982231,0.6780325585825929,-0.4809224174002462,0.005331028182690388,0.0001680415687205208,0.8354326719704155,0.01012419015633048,severity_oscillating,False
Havcr2,0.07616425886161393,0.6786463043195441,0.7991844414055426,4.1478755387041265e-08,0.17677973029398789,0.8359755610562652,5.356534967830317e-07,severity_oscillating,False
Usp32,0.0760244355513835,0.6792049718730712,-0.6447260431183786,6.804757290132766e-05,-0.022349528639829266,0.8360658659431425,0.0002068597552858596,severity_oscillating,False
Plekha2,0.07602284673031329,0.6792113210092888,0.6793112558632495,1.9109280297603304e-05,0.1478765804740583,0.8360658659431425,6.802263698400171e-05,severity_oscillating,False
Mep1a,0.07570448307228111,0.6804839789465806,-0.0953454434069641,0.6037037902479034,0.05696609179625655,0.8369518966595124,0.6608354150331663,other,False
Itch,0.07535064799167128,0.6818994475378646,-0.5680199712180722,0.0006959455386160775,-0.06318362983891582,0.8379593066467471,0.0016195338469345857,severity_oscillating,False
Ambra1,0.07509638194709425,0.6829172606056972,-0.11258241160457215,0.5395592866348099,0.023021694914711347,0.8383870305955448,0.6019886091697649,other,False
Ctnna1,0.07467639040369956,0.6845996618805428,0.20102042786804003,0.2699360798842815,-0.05747021650241811,0.8400632367699419,0.332916814189971,other,False
Barx1,0.07451691477713951,0.6852388787629086,-0.22137065907677123,0.22337005736204593,0.01327528392892114,0.8404432605360895,0.28133596607501143,other,False
Mpc1,0.07393338947941332,0.6875796097076528,-0.6190513002621325,0.00015856893778226655,-0.02655056785784228,0.8427062924360252,0.00043651384329592097,severity_oscillating,False
Cps1,0.07374631008480048,0.6883306559509804,-0.2548012633385763,0.1593143392207605,0.0003360831374410416,0.8432485832051788,0.20917952235909892,other,False
Mapk9,0.07374082127881965,0.6883526956413183,-0.6937576162603639,1.0682674049191095e-05,-0.045707306691981656,0.8432485832051788,4.1470563413184e-05,severity_oscillating,False
Nup205,0.07368242155082151,0.6885872088061435,0.17809396937058,0.3294636781551963,0.004537122355454061,0.8433333378439707,0.3963980385617499,other,False
Ptprq,0.07360182759855079,0.6889108929756584,0.09424551754682799,0.6079048717883233,0.12334251144086227,0.843527235974276,0.6645783864106809,other,False
Kcnj11,0.07333191191625575,0.6899953309143765,-0.8275536452614541,5.173427082752602e-09,-0.08318057651665779,0.8437607449501093,1.3816028188322434e-07,severity_oscillating,False
Otud7b,0.07274315940757621,0.692362851338157,-0.608906219493101,0.00021711474155292816,-0.060663006308107996,0.8461291098888211,0.0005774255978422766,severity_oscillating,False
Hoxb9,0.071715925671393,0.6965004404802304,-0.757093514572075,5.3028992671018e-07,-0.09242286279628643,0.849963815045372,3.665323734618737e-06,severity_oscillating,False
Dio3,0.07148223827834708,0.6974429115211435,0.49152837977147346,0.004276736988329781,0.12989613262096258,0.8503836800686284,0.00825724276210076,severity_oscillating,False
Mtcl1,0.07146527695260185,0.6975113345240426,-0.6911965452041471,1.1871325175249058e-05,-0.039657810218042905,0.8503836800686284,4.532607014891126e-05,severity_oscillating,False
Galr1,0.07130005390443084,0.6981779762305472,-0.7413156232080885,1.213240934361399e-06,-0.035456771000029884,0.8509333722879221,7.01671429271825e-06,severity_oscillating,False
Chrna6,0.0711313286002127,0.6988589769624536,-0.35874213196130467,0.04376983471404257,-0.00857012000474656,0.8509333722879221,0.06650876582553802,severity_oscillating,False
Saysd1,0.0711167103508249,0.6989179892538935,0.1906981788931726,0.2958079872346964,0.15980753185321525,0.8509333722879221,0.3605535347393516,other,False
Vamp3,0.07110553325821817,0.6989631111324042,-0.07556713063728115,0.6810333119634584,0.023357778052152393,0.8509333722879221,0.7308964705082266,other,False
Ifnar1,0.07093157134168357,0.6996655247043675,0.25408559522216906,0.1605295110483723,0.05394134355928717,0.8513669875084172,0.21045002206572785,other,False
Rho,0.07076136869582349,0.7003529954145407,-0.1754042105772741,0.33693883363467847,0.03344027217538364,0.8513669875084172,0.40393929367487985,other,False
Fam13b,0.07070371921595761,0.7005859020495164,-0.5037201961591707,0.003291030278160442,0.037473269824676136,0.8513669875084172,0.006516904289167864,severity_oscillating,False
Bnc1,0.07069230361749225,0.7006320247787052,-0.2840198327267354,0.11516950594663485,0.09662390201429945,0.8513669875084172,0.15771265767349915,other,False
Amfr,0.07054990333175754,0.7012074562079955,-0.008776213172629761,0.9619781434458676,0.24685306445044503,0.8514253575325643,0.9709241214320085,other,False
Fgf2,0.07042883065922842,0.7016968319533146,0.39964278195240127,0.023442790388682494,0.0630155882701953,0.8514253575325643,0.0378542810296516,severity_oscillating,False
Cd320,0.07042563704486048,0.701709742133166,-0.26685817820413443,0.1398247605812454,0.16535290362099245,0.8514253575325643,0.1863253639048486,other,False
Mest,0.07029502877678855,0.7022377957659388,-0.8014133373105012,3.565181523397625e-08,-0.10334556476312029,0.8514253575325643,4.760730615406096e-07,severity_oscillating,False
Apba3,0.07026192105108495,0.702371673102731,0.2171431256604247,0.23256225937966488,0.14989307929870455,0.8514253575325643,0.2910451631736189,other,False
Arhgap35,0.06983061456429068,0.7041165416776984,-0.6148295216759924,0.00018095826119006632,-0.08872594828443497,0.8526797094965076,0.0004915165550215806,severity_oscillating,False
Nrl,0.06979429320918373,0.7042635488956948,-0.6842061726853799,1.574881234708722e-05,-0.06099908944554904,0.8526797094965076,5.7464014150566465e-05,severity_oscillating,False
Atp6v0a1,0.06978386680550278,0.7043057507067416,-0.5644932409865097,0.0007641323020686429,0.06452796238867999,0.8526797094965076,0.0017621333059910252,severity_oscillating,False
Map2k1,0.06975826265238287,0.7044093894958406,-0.6824985059892019,1.685508979903152e-05,0.0015123741184846873,0.8526797094965076,6.1020449300823125e-05,severity_oscillating,False
Cul3,0.06969321450166803,0.70467271049768,-0.5683262960203104,0.0006902842336604887,-0.06486404552612103,0.8527960845192564,0.0016070925951173678,severity_oscillating,False
Mip,0.06958232086291863,0.7051216957547135,-0.20871270327235214,0.2516446788814513,0.04923617963511259,0.8528714778158677,0.3125491860176,other,False
Bmp3,0.06928556040045682,0.7063236962317037,-0.5479015171201969,0.0011700922881796557,0.07024137572517769,0.8532624863212711,0.0025815920250884185,severity_oscillating,False
Parvb,0.06928194095720455,0.7063383607464806,0.4824610465235222,0.005165500432505111,0.020164988246462495,0.8532624863212711,0.009839140293580496,severity_oscillating,False
Stimate,0.06914487354193949,0.706893778376077,0.24620051534454854,0.17436029747181575,0.04167430904268916,0.8532624863212711,0.22631345481010995,other,False
Trpv6,0.06912803665859456,0.7069620141608572,-0.4881092903382731,0.004595053525425046,-0.026214484720401245,0.8532624863212711,0.008821741826568747,severity_oscillating,False
Igf2r,0.06907796302248745,0.7071649636069577,0.732075755338983,1.9177885953236385e-06,0.09864040083894571,0.8532624863212711,1.0254339229293375e-05,severity_oscillating,False
Fadd,0.06907511160803408,0.7071765210411238,0.5946234491986658,0.0003319981319751039,0.09175069652140436,0.8532624863212711,0.00083738548781421,severity_oscillating,False
Nek7,0.06906126171635653,0.7072326587269818,0.2742016527812505,0.12884208344224893,0.12250230359725965,0.8532624863212711,0.17391465139955326,other,False
Nsf,0.06892478291081022,0.7077859282289596,-0.5820339606160775,0.0004749959304752935,0.08637336632234768,0.8535722119043969,0.0011521418170967533,severity_oscillating,False
Opa1,0.06890251392759528,0.707876218048779,-0.6499706670172233,5.6701085598168945e-05,0.028735108251209056,0.8535722119043969,0.0001753985673961551,severity_oscillating,False
Il17rc,0.06887411194303414,0.7079913798407181,0.4269104697613819,0.014817927336340726,0.15627865891008433,0.8535722119043969,0.025187020107522173,severity_oscillating,False
Shisa3,0.0686933915848511,0.7087242967346348,0.2738374337433055,0.12937133145761484,0.1295600494835215,0.8538504104023079,0.17449052399928433,other,False
Avil,0.0685644776250659,0.7092472676909162,-0.2637076757685281,0.14474035693156828,0.31474185821353545,0.8542787042482559,0.1922209218192996,other,False
Arx,0.06848222792253908,0.709581001667454,-0.5979610163213958,0.0003011703559779093,-0.01092270196683385,0.8544663709890334,0.0007692889263111243,severity_oscillating,False
Dspp,0.06842927332964067,0.7097958966574144,-0.2366708595160094,0.19217678475785652,-0.036633061981073536,0.8544663709890334,0.24654702605056164,other,False
Gpx2,0.06834007052585644,0.7101579400082692,-0.262657801552552,0.14640600675479074,-0.002688665099528333,0.8544663709890334,0.19418019772651782,other,False
Sez6,0.06833865905984118,0.7101636691602164,-0.6874740441649156,1.3812780280688532e-05,-0.043018641592453326,0.8544663709890334,5.1618309312668285e-05,severity_oscillating,False
Sema3e,0.06831356818614392,0.7102655158132543,-0.2722953055516991,0.13162996324181356,0.1285518000711984,0.8544663709890334,0.17730246699141564,other,False
Adad2,0.06818941401446978,0.7107695436758285,-0.4255113887829433,0.015184225987408307,0.024029944327034473,0.8544981009404669,0.025689796604235416,severity_oscillating,False
Stub1,0.06813294173328896,0.710998843552549,-0.3422601711458406,0.05518105604079276,0.07343416553086758,0.8545723612067749,0.0820637221178087,severity_oscillating,False
Cops9,0.06799923577445512,0.7115418417320358,-0.6525103718961754,5.1842861989492774e-05,-0.024029944327034473,0.8547207906981595,0.00016214006070410953,severity_oscillating,False
Shtn1,0.06765241977414621,0.7129509557136587,-0.5076342208502571,0.0030193965609751857,-0.03142377335073739,0.8559102906790711,0.0060257988488006346,severity_oscillating,False
Hip1r,0.06747725058969693,0.7136630222604843,-0.6693332600241452,2.8034434828510173e-05,0.08956615612803757,0.8565635474237012,9.439184954470653e-05,severity_oscillating,False
Hnrnpdl,0.06700357456286476,0.7155897099127309,-0.539880660041281,0.0014266323378253742,-0.022349528639829266,0.8582832311447393,0.0030861965883151967,severity_oscillating,False
Ank1,0.06692787774048216,0.7158977681394163,-0.7129028453408738,4.686434780551637e-06,-0.030415523938414263,0.8582832311447393,2.1062117899201672e-05,severity_oscillating,False
Nfat5,0.06691821372757695,0.7159371002785464,-0.28972732084632585,0.10773614928844137,-0.03814543609955822,0.8582832311447393,0.14873128484988887,other,False
Taar5,0.06678160789043062,0.7164931569635551,-0.32482708376875175,0.06968720800714763,-0.05461350983416925,0.858546298724711,0.10078663114387867,severity_oscillating,False
Elmo1,0.0666422069880124,0.7170607381150725,-0.2713340932956435,0.1330523658915039,-0.1324167561517704,0.8587863988571106,0.17888774865908313,other,True
Timp4,0.06659606406291542,0.7172486451554769,-0.38731609177358567,0.02851639518419856,-0.0742743733744702,0.8587863988571106,0.04518860883336342,severity_oscillating,False
Eif2b1,0.0665427637398503,0.7174657193586803,-0.2499500517156656,0.16768182459383266,-0.11191568476786684,0.8587863988571106,0.21881427148967522,other,False
S1pr2,0.0664080915365962,0.718014290173848,0.7729101474072565,2.1685198502960959e-07,0.16602506989587454,0.8591580797975131,1.8374783648439178e-06,severity_oscillating,False
Il3ra,0.06579880558328428,0.720497863085546,0.6132027696348972,0.0001903104549802245,0.11510847457355673,0.8613162575278919,0.0005130938852294531,severity_oscillating,False
Avpr2,0.06569399077974258,0.7209253925188668,-0.33311991740488023,0.06245529347707567,-0.012267034516598017,0.8613162575278919,0.09159989995013312,severity_oscillating,False
Rab3a,0.06564935678187257,0.7211074754154213,-0.757710117692527,5.127703367378465e-07,-0.03226398119433999,0.8613162575278919,3.583070531095555e-06,severity_oscillating,False
Fgg,0.06545984643815804,0.7218807434925476,-0.34558109102503015,0.05271060397292164,-0.09057440554036071,0.8617630874222995,0.07882638254643017,severity_oscillating,False
Ipmk,0.06524614445480129,0.7227530454887909,-0.024434030203832485,0.8943988891126577,0.004201039218013019,0.8618944538409978,0.9144775973869848,other,False
Vcam1,0.0651635393702603,0.7230903197656392,0.44360685743553563,0.010986989582115698,0.09897648397638675,0.8618944538409978,0.019290743914968732,severity_oscillating,False
Polr2b,0.06514315735103401,0.723173546841692,-0.5313860969374622,0.0017506641553639683,0.06133517258299009,0.8618944538409978,0.0037177926130356385,severity_oscillating,False
Mc4r,0.06502140615776528,0.7236707652096892,-0.47926673271811093,0.0055142029054061695,-0.009578369417069686,0.8621392741632956,0.01042548147534354,severity_oscillating,False
Nptxr,0.06490212228912637,0.7241580146504123,-0.7276008216382683,2.3781516858954404e-06,-0.058478465914741234,0.8624228138590745,1.2046625372147607e-05,severity_oscillating,False
Camk2b,0.06475957272033554,0.7247404386859448,-0.784181641149285,1.0967682396645124e-07,-0.04184235061140967,0.8624228138590745,1.0800414653530266e-06,severity_oscillating,False
P3h1,0.06464733647125097,0.725199116024948,0.5913456929803546,0.00036496540727531067,0.1754353977442237,0.8624934824537278,0.0009090276086481249,severity_oscillating,False
Bsx,0.06460316156070113,0.7253796718805741,-0.13683920963570284,0.4551808724099249,-0.035120687862588845,0.8624934824537278,0.521301668200051,other,False
Il25,0.0645138192017695,0.7257448846607,-0.42559914178170694,0.015161030869254088,-0.11157960163042581,0.8625406935354685,0.02565906385669048,severity_oscillating,False
Cldn9,0.06430581853313602,0.7265953768571144,-0.416045382902158,0.01786646687785826,-0.017308281578213642,0.8633503418001726,0.029576443332633057,severity_oscillating,False
Rybp,0.06411990346511078,0.7273558342124751,-0.1766801003687155,0.333380180920673,0.12082188791005445,0.8636924507457368,0.40013465950031835,other,False
Cers2,0.06402594795580457,0.7277402419646466,-0.6889628049442739,1.3004313650544538e-05,-0.03444852158770676,0.8639057422065772,4.895572245861822e-05,severity_oscillating,False
Fscn2,0.06371277830611782,0.7290220072793463,-0.3118291325442257,0.0823149484302844,-0.07225787454982394,0.8650247171742138,0.11709106300693829,severity_oscillating,False
Xrcc1,0.06351036696703663,0.7298508351396834,0.49285200501752524,0.004158702325496775,0.0339443968815452,0.8656054661817078,0.008038476908813583,severity_oscillating,False
Kremen2,0.06342211669846502,0.7302122935204447,-0.48398053562162124,0.0050063740788322195,0.153589993810556,0.8656316312451287,0.009546734271447907,severity_oscillating,False
Fam107a,0.06310256602267268,0.7315215951372898,-0.106312450477498,0.5625134430068963,-0.007729912161143956,0.866035844147089,0.6231012101581277,other,False
Hnf4a,0.06307232864061288,0.7316455258916472,0.0023652666603109114,0.9897493593404707,0.008065995298584998,0.866035844147089,0.9928260286634475,other,False
Cdk4,0.06304886094929303,0.7317417150115573,0.3909078315137468,0.02695324991547661,0.010754660398113331,0.866035844147089,0.04297859575456273,severity_oscillating,False
Arrdc3,0.0628829614288908,0.7324218162151168,-0.7816611049649034,1.2817797937609422e-07,-0.055621759246492375,0.8666396855748807,1.2152854125671136e-06,severity_oscillating,False
Pdpn,0.06282418886430584,0.7326628008450566,0.5991165385669716,0.00029110545060538525,0.1640085710712283,0.8667237817974569,0.0007484520683155595,severity_oscillating,False
Bcl2l11,0.0625553373187501,0.7337654890870027,0.6703601914306659,2.6968000132645715e-05,0.07578674749295489,0.8671712830979136,9.158706303370558e-05,severity_oscillating,False
Ankrd13d,0.06247750158963251,0.7340848279059602,-0.3154926673613193,0.078590134175261,0.09225482122756591,0.8671946782840241,0.11232509790641816,severity_oscillating,False
Nkx2-5,0.062253626782589264,0.7350035685163865,-0.15380059528864792,0.4006674111636581,-0.08167502713410599,0.8675870106682997,0.4679039524601236,other,False
Creb1,0.06215972438353341,0.7353890337459297,0.037395476396963376,0.8389824092595041,0.07124962513750081,0.8677350640588882,0.868150914838423,other,False
Lrrk1,0.06211832615189899,0.7355589917644839,0.6768797152545379,2.1008141630482637e-05,0.08435686749770144,0.8677350640588882,7.430756282531233e-05,severity_oscillating,False
Inpp1,0.06201511380565716,0.7359827774966099,-0.25627720531635634,0.1568291358685102,0.09494348632709425,0.8679426985220411,0.20628814390543332,other,False
Kcnk18,0.06199258216035353,0.7360753016675847,-0.21549292256794514,0.23621852758604986,0.01260311765403906,0.8679426985220411,0.2951863569858992,other,False
Hoxd1,0.06186478213165536,0.736600169670849,-0.6060662828206749,0.0002366272394793441,-0.09796823456406362,0.8680449328325816,0.0006231469016954746,severity_oscillating,False
Tac1,0.061276707755518564,0.7390168602735788,-0.515090019769841,0.0025552356188345846,0.08502903377258353,0.8697515402893786,0.005195000753955846,severity_oscillating,False
Atf2,0.061055739156371705,0.7399255644269181,-0.7223112980268217,3.050587211538751e-06,-0.09880844240766622,0.8700352227544347,1.4805942308334128e-05,severity_oscillating,False
Gzmk,0.06102130322939544,0.7400672086907454,0.16523805569829894,0.3661156549880562,0.021005196090065098,0.8700352227544347,0.4326050396326325,other,False
Rnf20,0.060810254799691085,0.7409354904374835,-0.12727356545245724,0.48758535127119573,0.11678889026076195,0.8700774389117345,0.5525822876770428,other,False
Atxn10,0.06073311297195062,0.741252940558383,-0.34956734801330486,0.049861919188016336,0.2540788519054274,0.8700774389117345,0.07489565658953809,severity_oscillating,False
Esrrg,0.060708016576909746,0.7413562249789951,-0.8868073841285572,1.417428178228315e-11,-0.12334251144086227,0.8700774389117345,1.7563388887121595e-08,severity_oscillating,False
Ric8a,0.06067682500957195,0.7414846002952464,0.05578783946280561,0.7616885907079676,-0.01445157490996479,0.8700774389117345,0.80210022733306,other,False
Hmcn2,0.060638701316498796,0.7416415154749011,-0.4451904963093331,0.010671596702497557,-0.0003360831374410416,0.8700774389117345,0.01880339025196547,severity_oscillating,False
Atl1,0.06056851880513215,0.7419304097731743,-0.5294739587677652,0.0018318757996921074,0.10065689966359195,0.8700774389117345,0.0038621001561938415,severity_oscillating,False
Map3k1,0.060042718593855085,0.7440958717728502,0.7238996964093023,2.832473906858106e-06,0.09427132005221217,0.8705580371360799,1.3959854491674588e-05,severity_oscillating,False
Yif1a,0.05981076124840894,0.7450517796018119,-0.335014300721008,0.06088901589985846,0.017812406284375203,0.8714765255099387,0.08958606002456822,severity_oscillating,False
Cers1,0.05956624855826195,0.7460598321552163,-0.5734940002691985,0.0006007051990447542,-0.0468835976730253,0.8724555717156713,0.0014146801571224797,severity_oscillating,False
Tbx6,0.05929204589012454,0.7471907783611007,-0.031528865166142964,0.8639874364947584,0.045707306691981656,0.8735778501993983,0.8895586948349945,other,False
Lgi3,0.05896292290886172,0.748548925057575,-0.8188812492797386,1.0153419534300865e-08,-0.1253590102655085,0.874764734643457,2.1172777387048734e-07,severity_oscillating,False
Ppp5c,0.05890292291075668,0.7487965987661658,-0.7277592608578236,2.3602726235432234e-06,-0.07612283063039592,0.874853744916677,1.1991783518619504e-05,severity_oscillating,False
Gnat2,0.05859022399788468,0.7500877847281271,0.08904561364257062,0.6279304341375822,0.1325847977204909,0.8756547747712574,0.683103677657455,other,False
Vps28,0.05857059408213414,0.7501688621349529,-0.3800687069695735,0.03189619918219907,0.0129392007914801,0.8756547747712574,0.05001614264629494,severity_oscillating,False
Drd4,0.05825465084129568,0.7514741617157361,-0.10876542492977245,0.5534800886501947,0.057134133364977066,0.8765766519350492,0.615366593767359,other,False
Slc17a2,0.05807078448382972,0.7522341049753313,-0.4772056455413441,0.005749732939012902,-0.011594868241715935,0.8767884952626567,0.010842657198486066,severity_oscillating,False
Rax,0.05786453186970584,0.7530868448029312,-0.43988791445543124,0.011758651494699481,0.05058051218487676,0.8773773253696533,0.020506284196397283,severity_oscillating,False
Cnpy1,0.05759004735289468,0.7542221289529674,-0.29186306310984556,0.10504931574302198,-0.03125573178201687,0.8779864588123059,0.14533673978984407,other,False
G6pc,0.05757888484506842,0.7542683084292319,-0.6114065863800182,0.00020113472191313634,-0.042010392180130196,0.8779864588123059,0.0005388593573943847,severity_oscillating,False
Coro1c,0.05750449298125487,0.7545760900672709,0.7429429964984624,1.1170321302285491e-06,0.1905591389290706,0.8779864588123059,6.656519738663352e-06,severity_oscillating,False
Col12a1,0.05741641841777097,0.7549405289900615,0.03618290848362967,0.8441388841346728,0.06738466905692884,0.8780523079526662,0.8714738813946499,other,False
Slc16a1,0.05725031613795785,0.7556279753787944,0.3753313553513991,0.03427645829364253,0.06755271062564935,0.8784089112140452,0.05338754618499864,severity_oscillating,False
Lpar6,0.057118946065651904,0.7561718059135294,0.5484810434190553,0.0011532319214319709,0.13359304713281403,0.8784268498024791,0.0025532274441078485,severity_oscillating,False
Wrap73,0.05711659239363993,0.7561815504171228,-0.34308795588706265,0.05455686176572331,0.1430033749811632,0.8784268498024791,0.08127761444712459,severity_oscillating,False
Pdpk1,0.057040587657374395,0.7564962395334387,-0.8250852639558037,6.29137132477637e-09,-0.1292239663460805,0.8784268498024791,1.5807146087839256e-07,severity_oscillating,False
Rab37,0.05703860704804938,0.7565044405375987,-0.8157683136078083,1.2822622128447789e-08,-0.08603728318490665,0.8784268498024791,2.4225257584152656e-07,severity_oscillating,False
Lypd6,0.056778876043993155,0.757580120132853,-0.6949570619860279,1.0163920330555046e-05,-0.04217843374885072,0.8788158304281617,3.9759323317608346e-05,severity_oscillating,False
Fbxl19,0.056744564288082576,0.7577222561202749,-0.34087203818571987,0.05624044535705881,0.06486404552612103,0.8788158304281617,0.08349316407635536,severity_oscillating,False
Agpat3,0.05674175422263092,0.7577338971230827,-0.7867642003148415,9.328646304417547e-08,-0.09074244710908122,0.8788158304281617,9.632677084784192e-07,severity_oscillating,False
Tbp,0.056707584065911386,0.7578754548975154,0.13777228195383198,0.4520829163004766,0.0978001929953431,0.8788158304281617,0.5183355711505352,other,False
Ghrh,0.05662037057638252,0.7582367918628303,0.029838311777001712,0.8712181755373123,0.03209593962561947,0.8788158304281617,0.8949021170793052,other,False
Ecpas,0.056611131325447796,0.758275074233003,-0.1419286330580048,0.43842149341058245,-0.029911399232252698,0.8788158304281617,0.5049419819118043,other,False
Foxl2,0.05658340034650791,0.7583899795225971,-0.4024393865083698,0.02240190533334327,-0.10368164790056132,0.8788158304281617,0.03627686320805842,severity_oscillating,False
Atp2b4,0.05638349531806712,0.759218449980768,-0.37449676307880336,0.034710340566729565,0.030583565507134786,0.8793422500115581,0.0539791067005987,severity_oscillating,False
Prl7a1,0.05637252744305496,0.7592639119666073,-0.2929851711695674,0.1036580471736201,-0.06839291846925197,0.8793422500115581,0.14379341250470032,other,False
Tgfbr2,0.05627577010712431,0.7596650065842281,0.677235045985051,2.0720439228068584e-05,0.16232815538402307,0.8793422500115581,7.339927812665129e-05,severity_oscillating,False
Zdhhc18,0.05618254841694737,0.7600515026846496,0.39370122772351435,0.025786667309323958,0.003864956080571978,0.8793641103047288,0.041325098945919424,severity_oscillating,False
Sost,0.05601786906031389,0.7607344003776684,-0.507734410329294,0.003012706013533205,0.006049496473938749,0.8797338871744471,0.006014799755394473,severity_oscillating,False
Eloc,0.055912647041910686,0.7611708311462284,-0.5770072800236687,0.0005458194779001973,-0.03344027217538364,0.8800390774426362,0.0013016480396301573,severity_oscillating,False
Spast,0.05548164875404941,0.7629592399157332,-0.10976807000214558,0.549807262720859,0.26785826054051015,0.8817070871794642,0.6119499993757587,other,False
Pja2,0.05538920505080329,0.7633429878546318,-0.6113126237676573,0.00020171575809492683,0.10082494123231248,0.8819507544839132,0.00054013232653135,severity_oscillating,False
Hes6,0.05516837026191676,0.7642599300524464,0.7099506793399848,5.343870758593784e-06,0.08133211926073207,0.882610347112866,2.3278466899732618e-05,severity_oscillating,False
Hsd17b3,0.055091045233291926,0.7645810704653254,-0.5162216712202657,0.00249049637498686,-0.09864040083894571,0.8827813581809925,0.00508364226042736,severity_oscillating,False
Gata6,0.05497472503834639,0.7650642349894273,0.6177132769364236,0.00016538138345341267,0.20400246442671224,0.8828203406505598,0.0004518534745558961,severity_oscillating,False
Medag,0.054957922017902366,0.7651340376428396,0.2020276595045115,0.26749303201330205,0.1512374118484687,0.8828203406505598,0.33030306373755836,other,False
Tnr,0.05474999702446441,0.7659979436761652,-0.22733888961608303,0.21081783424322043,-0.0001680415687205208,0.8832177917477665,0.2675650630721407,other,False
Pde7b,0.05440531941641857,0.7674306501944961,-0.3793096279308993,0.03226828153000419,-0.05747021650241811,0.8839940949069319,0.050459995120953824,severity_oscillating,False
Rnase1,0.05440526860471568,0.7674308614570502,-0.651518490246234,5.369387251538365e-05,-0.08150016082945258,0.8839940949069319,0.0001672115040909475,severity_oscillating,False
Ghrl,0.05439561754052522,0.7674709885038684,-0.14033068930873654,0.4436468927162215,-0.060663006308107996,0.8839940949069319,0.5096943242669923,other,False
Cxcr4,0.0543795710717081,0.7675377075755345,0.8377047245798054,2.2376623171517586e-09,0.10267339848823821,0.8839940949069319,8.256573638882929e-08,severity_oscillating,False
Lepr,0.053924634823092066,0.7694299502450318,-0.041321991216419135,0.8223308123664392,0.10384968946928186,0.8855257802630915,0.853276947494143,other,False
Nr4a1,0.05385117877929454,0.7697356027615266,0.055823292351759875,0.7615415054213158,0.05831042434602071,0.8855257802630915,0.80210022733306,other,False
Trp53bp1,0.05362098437031933,0.7706936674379585,-0.30838019656556903,0.085944291054504,0.08906203142187602,0.8859596339030692,0.1215756596419925,severity_oscillating,False
Rln1,0.05350659557280682,0.7711698750105433,-0.1290429031367123,0.4815040057305393,-0.020669112952624056,0.8859596339030692,0.5470271566217108,other,False
Afg3l2,0.053468494350861685,0.771328510912278,0.05557893615488998,0.7625554447460323,0.12670334281527268,0.8859596339030692,0.802844512408371,other,False
Dpy30,0.05311608668264495,0.7727962031517074,-0.7107410531836721,5.160122809120262e-06,-0.00823403686730552,0.8871518131721167,2.269119521493315e-05,severity_oscillating,False
Rock2,0.05276010645663869,0.7742795576061108,-0.5128915351459412,0.002685187261208416,-0.013107242360200623,0.8883052713024205,0.0054224624779984675,severity_oscillating,False
Gatad2b,0.052708408434094335,0.7744950462505295,-0.578335588193241,0.0005262519713571858,-0.05915063218962332,0.8883052713024205,0.001260286998071833,severity_oscillating,False
Prkar2b,0.05250697739684708,0.7753348119231032,-0.6329130296977591,0.0001013776900965085,-0.030583565507134786,0.8883852388471377,0.0002938224983990283,severity_oscillating,False
Odf2,0.05207637966941375,0.7771308084980779,-0.17756485068851818,0.3309260437351742,-0.1488848298863814,0.8896584192107793,0.39771386311632917,other,False
Trpv1,0.052068219941697656,0.7771648531666795,-0.2854121251705253,0.11332188373860318,-0.01058661882939281,0.8896584192107793,0.15555837700500935,other,False
Ly6k,0.05154718788703138,0.779339583089423,0.44268415297554814,0.011174348185015446,0.13107242360200622,0.8913782849769099,0.019581020299472274,severity_oscillating,False
Stk39,0.051451448826052584,0.7797393661571057,-0.8486830086923163,8.455475415077913e-10,-0.09897648397638675,0.8913782849769099,5.0705682354167155e-08,severity_oscillating,False
Tph2,0.05144421190636323,0.7797695880250529,-0.3635212920413125,0.04084141602735953,0.00857012000474656,0.8913782849769099,0.06249943858564643,severity_oscillating,False
Cyp2r1,0.05141935447250695,0.7798733967620458,0.07735121328570171,0.6739105717990991,0.17073023382004912,0.8913782849769099,0.7249299508113042,other,False
Cacng1,0.051115896055609754,0.7811409888932073,-0.1522179797166986,0.405590271728683,0.0258784015829602,0.8919643221417985,0.4726694297864087,other,False
Barhl1,0.051083220534319455,0.7812775125131457,-0.6537061514457538,4.9687649617603885e-05,-0.05915063218962332,0.8919643221417985,0.00015655139017875072,severity_oscillating,False
Meox1,0.05098671091375925,0.7816807826761314,-0.08093363401772728,0.6596921760302038,0.08603728318490665,0.8920049633331637,0.7112850961593891,other,False
Fbln2,0.05087225248053709,0.782159125037875,0.6917121427713254,1.1622831687239463e-05,0.22030249659260276,0.8920049633331637,4.4510558886342715e-05,severity_oscillating,True
Kdf1,0.050491970097906555,0.7837489540366983,-0.21719909207719898,0.23243892945412303,-0.0541093851280077,0.8933862378863012,0.2909622034712838,other,False
Crygb,0.050292864237533326,0.7845816889760567,-0.4401823315444035,0.011695943956985567,-0.0033608313744104158,0.8939359382324917,0.020410882697428457,severity_oscillating,False
Jag2,0.04984017218446831,0.7864758857797778,-0.6206358219362595,0.00015082596359128366,-0.03125573178201687,0.8954640211705486,0.00041927152058808607,severity_oscillating,False
Washc4,0.0497740704639886,0.7867525754835507,-0.28084900468098745,0.11946107961934119,0.023357778052152393,0.8954640211705486,0.1629334136733314,other,False
Rgr,0.04976260344614734,0.7868005769234265,-0.04136476387064632,0.8221498255484866,0.011930951379156975,0.8954640211705486,0.8532627182345534,other,False
Adtrp,0.04964053972434938,0.7873115886384193,0.06238328975701348,0.7344714118165392,0.07948366200480633,0.895645944166944,0.7785824338479149,other,False
Rab28,0.04954993126159905,0.787690971206404,-0.6741331137161427,2.335645047110948e-05,-0.04805988865406895,0.8956528151849172,8.126961381523155e-05,severity_oscillating,False
Map6,0.049413510613659097,0.7882622620480599,-0.7321373839422483,1.912058285612545e-06,-0.0978001929953431,0.8956528151849172,1.0234427402843224e-05,severity_oscillating,False
Slurp2,0.049368254491812896,0.788451805697807,-0.3574901652246529,0.04456413493457801,-0.018652614127977807,0.8956528151849172,0.06761500663333803,severity_oscillating,False
Atxn1,0.04934559468303428,0.788546714956962,0.43652083319611157,0.012496144794316743,0.1035136063318408,0.8956528151849172,0.021666497143375155,severity_oscillating,False
Zdhhc2,0.04905347885008089,0.789770490983185,-0.40744572064240997,0.020633797319556304,0.05125267845975884,0.896643506455648,0.03372412692311974,severity_oscillating,False
Ap2a1,0.04900503235809587,0.7899734980537135,-0.6208761742841529,0.00014968139888368482,0.019492821971580414,0.8966744133449027,0.00041677118761226874,severity_oscillating,False
Xpa,0.04890496752682236,0.7903928461129937,0.2262683455862657,0.2130329431398747,0.12468684399062643,0.8967513140619173,0.26978178822157417,other,False
Elk1,0.04828304157848413,0.793000478029777,-0.30509234084327524,0.08951714469358099,-0.03192789805689895,0.8985107593136145,0.12627957828593933,severity_oscillating,False
Sirt3,0.04812878552060927,0.7936475892972998,-0.7098361584739313,5.3709814070502374e-06,-0.04705163924174582,0.8986744384500979,2.335667191591071e-05,severity_oscillating,False
Alox12b,0.04784319904967751,0.7948459933158389,-0.5095916044353339,0.0028909858746143614,-0.0258784015829602,0.8994483336249215,0.00579219125939036,severity_oscillating,False
Dpp10,0.0477916755803527,0.7950622498166577,-0.7833778175077133,1.1529252719156787e-07,-0.04553926512326113,0.8994483336249215,1.1288045704494966e-06,severity_oscillating,False
Hoxa13,0.04770548503046478,0.795424045868611,-0.10539075200077341,0.5659250669996305,-0.009579169849061812,0.8994586694692496,0.6260645774810486,other,False
Mbnl1,0.047288462775940385,0.7971751394729365,0.2619433612757997,0.1475474111779987,0.05394134355928717,0.9002413961592759,0.1953892379073134,other,False
Oc90,0.047032955432713096,0.7982485047282423,-0.10788188677809618,0.5567260335208195,0.020333029815183017,0.9010545746003018,0.6177951858380992,other,False
Asic3,0.04694451585600317,0.7986201165256208,-0.2847308735613492,0.11422314093286406,-0.05864650748346176,0.9012746049551309,0.15662694674691924,other,False
Cacng3,0.04668658169512418,0.7997041699033238,-0.583035028151019,0.0004619044714555532,0.05831042434602071,0.9018993965679537,0.001122522491136149,severity_oscillating,False
Akt2,0.04612779663894874,0.8020539024515578,0.27492871517649575,0.12779036257695103,-0.015291782753567393,0.9033510612509156,0.17272632935498866,other,False
Acvr2a,0.04593978744948146,0.802844878217248,-0.42728118647620034,0.014722116084844002,-0.0015123741184846873,0.9040423231316075,0.025040851666818693,severity_oscillating,False
Epc2,0.04582445471779057,0.8033301908897954,0.049118282882024585,0.7894989614993029,0.23374582209024444,0.904177099311615,0.8252529103704803,other,False
Cyb5a,0.045594967157687384,0.8042960736136058,0.0438426486639685,0.8116806021421872,-0.06906508474413404,0.9044784549168878,0.8444590559916983,other,False
Megf11,0.045483305224656156,0.8047661465451571,-0.449620380474904,0.009829623337377696,0.11275589261146944,0.9048076071251591,0.017513415523563964,severity_oscillating,False
Hnf1b,0.04506619081948932,0.8065227005187441,-0.4452598297964129,0.010657964781420485,-0.03495264629386833,0.9053856283772257,0.01878585983069312,severity_oscillating,False
Hoxb1,0.044891134949705876,0.8072601730786936,-0.3631254926363197,0.0410777937622176,-0.017980447853095723,0.906014112843656,0.06277346494340083,severity_oscillating,False
Kifap3,0.04459393261524627,0.8085125943886766,-0.3134277423610916,0.08067324579675098,0.16064773969681787,0.9072201372583897,0.1149802254286747,severity_oscillating,False
Pzp,0.04433150269968179,0.8096188707971275,-0.25984007715912577,0.1509451061680319,-0.2804613781945492,0.9079552403228941,0.19952603953436918,other,False
Clk1,0.044140039957196495,0.8104262122169887,-0.28699709919955746,0.11124563482687506,0.0169721984407726,0.908567935938211,0.1530790351367385,other,False
Cbln2,0.04369269554938025,0.8123132752993515,-0.7704982454007213,2.4965860694296133e-07,-0.08486099220386299,0.9095241614344111,2.0574666076885957e-06,severity_oscillating,False
Chuk,0.04368423695265821,0.8123489667702758,0.005460051495447485,0.9763397919886815,-0.02117323765878562,0.9095241614344111,0.983006912629464,other,False
Fgfbp3,0.04346643148187357,0.8132681350478211,-0.3373420047470397,0.059006928158728975,0.10855485339345643,0.9099942656007824,0.08716893731180901,severity_oscillating,False
Ntrk1,0.04339600686739508,0.8135653886492615,-0.29243903547000716,0.10433343872006362,0.0371371866872351,0.9099942656007824,0.14458160035616532,other,False
Dbh,0.04335646328923908,0.8137323083849688,0.03133544280739411,0.8648141954032502,0.06318362983891582,0.9099942656007824,0.8900051520778474,other,False
Skp1a,0.04331116984830429,0.8139235090701896,-0.6661722885396936,3.155966355686444e-05,-0.022013445502388224,0.9099942656007824,0.00010480849205961296,severity_oscillating,False
Adipoq,0.04308172285283259,0.8148922527627684,0.16194500839557302,0.3758777767560282,0.2253437436542184,0.910270050232267,0.4428065910467667,other,False
Ahi1,0.04306139155007671,0.8149781061381618,-0.6086549583826366,0.00021878141000479471,0.021509320796226663,0.910270050232267,0.0005812520689762802,severity_oscillating,False
Igsf8,0.04289089786911412,0.8156981359048087,0.02888165998492579,0.875314480614838,0.1389703773318707,0.9107802483586744,0.8983006008901194,other,False
Cln6,0.04268500308065769,0.8165678686612146,0.8094356129112461,2.0345316959973868e-08,0.16300032165890516,0.9112413927248576,3.305142095949895e-07,severity_oscillating,False
Oxtr,0.0425619097815701,0.8170879370746879,-0.6887189763385918,1.3133723030590658e-05,-0.042514516886291764,0.9112413927248576,4.9377219648926026e-05,severity_oscillating,False
Crxos,0.042409329706848235,0.8177326929992921,-0.10575277419471629,0.5645839349612705,-0.008906203142187602,0.9113512053723812,0.6251232151589843,other,False
P2rx3,0.04227044521705198,0.8183196774065591,-0.3143535776022014,0.07973405759562191,-0.11275589261146944,0.9118061761578982,0.11380062333387447,severity_oscillating,False
Ehmt1,0.04186165198855337,0.8200479698182639,0.4175928331337023,0.017402856484459557,0.11191568476786684,0.9131335284966087,0.02894363864632229,severity_oscillating,False
F11r,0.04127682740713353,0.8225219267786911,0.623357951221489,0.000138308370724374,0.11376414202379256,0.9150892799341555,0.00038871129425070613,severity_oscillating,False
Plekhg2,0.04112377659060788,0.8231696482782256,0.42015566347036987,0.01665706611188301,0.13880233576315015,0.9152516481762571,0.027891759994461314,severity_oscillating,False
Spta1,0.041115152795777994,0.8232061481734302,-0.17780495247745912,0.3302619630770267,-0.12082188791005445,0.9152516481762571,0.3972332642433184,other,False
Mael,0.04103361318229539,0.8235512795271241,-0.17682919147215653,0.3329658504188834,0.016804156872052077,0.9154358415488909,0.3997314198603728,other,False
Plg,0.04091567650477041,0.8240505254096366,-0.3165089333211488,0.07758028812949468,0.056630008658815505,0.9154707063393356,0.11113087608777095,severity_oscillating,False
Tas1r2,0.04088198276082914,0.8241931691388933,-0.05933029224865863,0.7470330005692005,-0.004201039218013019,0.9154707063393356,0.7889472745141806,other,False
Adrb2,0.04063635663407684,0.8252332028109379,0.5833362135689724,0.0004580286795135746,0.08872594828443497,0.9157090640719153,0.0011146967052474924,severity_oscillating,False
Lgals1,0.04058047994469758,0.825469837407027,0.7783023849749031,1.572764651337121e-07,0.11527651614227725,0.9157724316253251,1.4224596607217472e-06,severity_oscillating,True
Jag1,0.040225546332905364,0.8269733116124152,0.14435872971679803,0.4305396477595984,0.15459824322287913,0.9163470945006883,0.49721139760509653,other,False
Myo18a,0.04016708642363182,0.8272210016316492,-0.22520427532299767,0.2152504042071862,0.010754660398113331,0.9163470945006883,0.2723195217908871,other,False
Scn8a,0.04016235039059219,0.8272410685442361,-0.7396542690431483,1.3191903718645112e-06,-0.007057745886261873,0.9163470945006883,7.468579452697971e-06,severity_oscillating,False
Smad1,0.040061758177442175,0.8276673102490602,0.09706685981713742,0.597153965928632,-0.12334251144086227,0.9164689082540192,0.6554746855599007,other,False
Lamtor2,0.03991342482445321,0.828295934451571,0.0662330047870832,0.7187276910096505,0.031087690213296347,0.9166534856011732,0.7653924742881477,other,False
Adm,0.03973296608073414,0.8290608440494097,0.28468221483126943,0.11428771789977632,0.24466852405707828,0.9166534856011732,0.15667338054468127,other,False
Rab3b,0.03971447656134147,0.829139224184241,-0.6394949337639407,8.135216281256752e-05,-0.03007944080097322,0.9166534856011732,0.00024253499854290294,severity_oscillating,False
Tcf3,0.03962905873389392,0.8295013454427016,0.5226016691418954,0.002151474841013418,0.11863734751668767,0.9168551165987476,0.004466696444448289,severity_oscillating,False
Hspa9,0.03952179774166539,0.829956117529303,-0.4307905747723542,0.01384050269801646,0.011930951379156975,0.9171590458225681,0.023739207889234015,severity_oscillating,False
Gabrr2,0.03944947326803139,0.8302627940347519,-0.559171206395501,0.0008781672075698135,-0.03260006433178103,0.9172992229524083,0.0019971158831090584,severity_oscillating,False
Dgcr8,0.03900526002002719,0.8321469221601437,0.234905063644666,0.19561262776390143,0.09275894593372748,0.918783863623137,0.25026837577719113,other,False
Diablo,0.038944898446070006,0.8324030163452317,-0.3763983612018991,0.033728164865757596,-0.06839291846925197,0.9188677313085971,0.05259778935500749,severity_oscillating,False
Epb41l1,0.038853184275442224,0.8327921615290874,-0.852741476056052,5.786456070307909e-10,-0.14922091302382245,0.919098402414512,4.6462202237826954e-08,severity_oscillating,False
Piezo2,0.03880546051616862,0.832994669846422,0.14704737812559043,0.4219109041720781,0.13913841890059123,0.9191230393438458,0.48890675197223316,other,False
Gtf2b,0.0387595662351244,0.8331894249788606,-0.003597297988496391,0.9844104913918441,0.15527040949776122,0.9191391126334706,0.9886745258101589,other,False
Il22ra1,0.03869543807598538,0.8334615729350824,-0.22863991155072133,0.2081471805330076,-0.12737550909015477,0.9192405369820227,0.2646457547105862,other,False
Itga3,0.03862333481246353,0.8337675883639164,-0.4400145653466536,0.011731641698497787,0.02772685883888593,0.9193792624825632,0.020466177942557187,severity_oscillating,False
Hoxd13,0.038466138176665665,0.8344348336855878,-0.25291499276010315,0.1625314433636925,-0.08502903377258353,0.919717391233834,0.21269186572555038,other,False
Cers5,0.03831630347388549,0.8350709354787953,-0.2563140739586424,0.156767415301723,-0.0016804156872052079,0.9202196677203143,0.2062601458483593,other,False
Rsf1,0.038037392191700256,0.8362552858778991,-0.447917298933097,0.01014642532042568,-0.1495569961612635,0.9209279389600958,0.018002405411997005,severity_oscillating,False
Ess2,0.03778950556717413,0.8373081910652616,0.23329300380639376,0.19878643772413457,0.25743968327983785,0.9218884270718538,0.25401042555882025,other,False
Dnajb1,0.037626749032112765,0.8379996544120221,-0.3749328417388901,0.03448308316847485,0.05276505257824353,0.921903142537761,0.05366022185551867,severity_oscillating,False
Mast2,0.03761619990538994,0.838044475974828,-0.6535261493023659,5.000684250001347e-05,-0.01915673883413937,0.921903142537761,0.00015745981703244982,severity_oscillating,False
Mtf2,0.03757077421062262,0.8382374882279161,-0.1775923022158922,0.3308500760132934,-0.008402078436026039,0.9219166510242778,0.39771386311632917,other,False
Chrm4,0.03751032554325547,0.8384943469096915,-0.5049347782989956,0.003204565706394821,0.08065995298584998,0.9220003586088243,0.00636545547831775,severity_oscillating,False
Tcam1,0.03709390984884123,0.8402642242789302,0.11195552521435434,0.541834111964075,-0.010754660398113331,0.9227053460921822,0.6039982091627506,other,False
Ift88,0.03707194887547921,0.8403575856081132,-0.4278070428526208,0.014587097956524315,-0.027894900407606452,0.9227053460921822,0.024836043616899377,severity_oscillating,False
Nos3,0.037043144089999605,0.8404800448436347,-0.1837210064500693,0.3141583139304201,0.01646807373461104,0.9227053460921822,0.38028513511131296,other,False
Kif1c,0.03694508921788019,0.8408969379080422,0.5580475784470715,0.0009040708047604006,0.12031776320389288,0.9227053460921822,0.002046899767014116,severity_oscillating,False
Tsg101,0.03693393720473259,0.8409443548289659,-0.3078951597624617,0.08646438409756312,0.09443936162093268,0.9227053460921822,0.12224357629758022,severity_oscillating,False
Fli1,0.036825532754555954,0.8414053050723046,0.7394226632632583,1.3346116467924321e-06,0.055789800815212905,0.9228141176464901,7.539151727893905e-06,severity_oscillating,False
Add2,0.036722696680282385,0.841842625526956,-0.7270251332430818,2.444156687797787e-06,-0.021509320796226663,0.9228888288889836,1.2295506177965001e-05,severity_oscillating,False
Dlx3,0.03659984595218136,0.8423651209450904,-0.1706141775251165,0.35050470647799603,-0.0033608313744104158,0.9228888288889836,0.4178369964347412,other,False
Fbxw11,0.0364744767602135,0.8428983955320053,-0.5736351263671065,0.0005984100034397667,-0.09091048867780176,0.9228942435764046,0.0014099258325848728,severity_oscillating,False
Galr2,0.03640285144398758,0.8432030940770775,-0.0366424336400106,0.8421839841307989,0.013947450203803226,0.9229720490332903,0.8699839009824231,other,False
Rorc,0.03621308021984227,0.8440105002353895,0.5810796874561798,0.0004877797777681193,0.1947601781470836,0.9232256799903182,0.001179224950898188,severity_oscillating,False
Akap5,0.03618419278290174,0.8441334192265917,-0.5691360950909645,0.0006755129848110455,0.06469600395740051,0.9232256799903182,0.001576299970503725,severity_oscillating,False
Memo1,0.03607433962942423,0.8446008884742622,0.30690055642396663,0.08753841181740314,0.14417966596220685,0.9233410055952018,0.12369347331871841,severity_oscillating,False
Pfkl,0.03555141328118828,0.8468268594022391,0.693972155933437,1.0588164073059461e-05,0.17560343931294423,0.9245494013184558,4.113497710333306e-05,severity_oscillating,False
Rbck1,0.035517803059983914,0.8469699698480149,0.09350928214012508,0.6107237563725372,0.04133822590524811,0.9245494013184558,0.6673740105519093,other,False
Nppb,0.03551662736980907,0.8469749759578796,-0.29947606597382864,0.09588128268552233,-0.068729001606693,0.9245494013184558,0.13421800850133078,other,False
Plod1,0.03500095440399709,0.8491712830679929,-0.17114984561602095,0.34897153552204985,-0.11191568476786684,0.9261540976972059,0.41639855033870793,other,False
Dock3,0.034720265578121766,0.8503672354450207,-0.6537949140810381,4.953092395790508e-05,-0.0035288729431309364,0.9269658550714925,0.00015625061416776366,severity_oscillating,False
Rab6a,0.034381800184303604,0.8518097952427028,-0.8382260324305659,2.1401102630582194e-09,-0.1559425757726433,0.9274454142012866,8.17444255498251e-08,severity_oscillating,False
Esrrb,0.03408312466670629,0.8530831592760113,-0.596439989764544,0.0003148892936412292,0.07024137572517769,0.9280972769842547,0.0008003240093990585,severity_oscillating,False
Rab29,0.03406267674378251,0.8531703496501346,0.7585807630021731,4.889316987939609e-07,0.10637031300008967,0.9280972769842547,3.4735941442172627e-06,severity_oscillating,False
Lrrtm3,0.03400304743073688,0.8534246200143895,-0.6439783542291309,6.98210321837233e-05,-0.07629087219911644,0.9280972769842547,0.00021174618618856873,severity_oscillating,False
Insm1,0.03398533262439328,0.8535001619943421,-0.6139269690747108,0.00018609514887126525,-0.03411243845026572,0.9280972769842547,0.0005041271133257164,severity_oscillating,False
Grhl3,0.03345763673897351,0.855751019138734,-0.32764012841268964,0.06716442727375205,0.08502903377258353,0.9297520657351825,0.09749736582908629,severity_oscillating,False
Cdh4,0.03325175959844952,0.8566294796096856,-0.6947173340197779,1.0265741102468904e-05,-0.07393829023702915,0.9299623357417435,4.0126854684822897e-05,severity_oscillating,False
Oprm1,0.033241721042620354,0.8566723176032484,-0.5922284435800732,0.00035581306199866273,0.0630155882701953,0.9299623357417435,0.0008897070731643032,severity_oscillating,False
Hoxd9,0.03319110647025832,0.8568883136098693,-0.727471052321396,2.3928871302067075e-06,-0.06923312631285457,0.9299623357417435,1.2109243304746442e-05,severity_oscillating,False
Scn5a,0.03315940531892354,0.8570236024017764,-0.5540626528200374,0.0010014313014762325,-0.02352581962087291,0.9299623357417435,0.0022434348128371816,severity_oscillating,False
Stx8,0.0331559351271673,0.8570384121391759,0.6970878933724377,9.298237279187182e-06,0.16518486205227195,0.9299623357417435,3.685338644998742e-05,severity_oscillating,False
Ntsr1,0.0329249499577231,0.858024294711287,-0.5893925146240573,0.0003859611549149277,0.07091354200005977,0.9303901598028305,0.0009566510452969127,severity_oscillating,False
Chrng,0.03276464350625503,0.8587086325693509,0.1943913586569092,0.2863763582007558,0.04957226277255363,0.9305869417327934,0.35060286728903034,other,False
Crhr1,0.0326182461454972,0.8593336814567578,-0.7612408682222741,4.2222651174210477e-07,-0.08402078436026039,0.9306475077007637,3.094507810914478e-06,severity_oscillating,False
Myt1,0.03255295408001833,0.8596124753192967,-0.37173318535770883,0.036178913499280346,-0.1275435506588753,0.9306475077007637,0.05597471572939916,severity_oscillating,False
Fgf17,0.03253649229316147,0.8596827689510655,-0.23937825843337995,0.18699093447842577,0.043018641592453326,0.9306475077007637,0.24080806785520065,other,False
Hamp,0.03247817978406023,0.8599317782343591,-0.1217355723712434,0.5068711149378256,-0.055117634540330813,0.9306475077007637,0.5713921673586404,other,False
Hoxb13,0.032452456048600545,0.8600416293474613,-0.3318787169821983,0.06349854263558323,-0.055621759246492375,0.9306475077007637,0.09296959414010048,severity_oscillating,False
Plin1,0.03180666562550664,0.8628002617082691,0.15141949034742128,0.4080869963217104,0.1399786267441938,0.9324457913080255,0.47493766101689366,other,False
Cndp1,0.0308518864262471,0.8668817073955992,-0.3842257943149287,0.029919880891580843,-0.09729606828918154,0.9362085845383054,0.04722194072647088,severity_oscillating,False
Atp4b,0.030702029832156922,0.8675226160469336,-0.31559024018092185,0.078492739607088,-0.11645280712332091,0.9363590487633111,0.11228255815016788,severity_oscillating,False
Cyp2e1,0.03038954885110233,0.868859304205454,0.12728408441208422,0.48754908097490657,0.15241370282951236,0.9370087337742117,0.5525822876770428,other,False
Itgb6,0.030314007155197067,0.8691824996192848,-0.3634632103678928,0.04087603470967894,-0.17963643696223672,0.9371591482895735,0.06252133524859738,severity_oscillating,False
Ccnt1,0.02986259252371893,0.871114249547283,-0.1281535742460332,0.48455578860286797,-0.06956920945029561,0.9384992113467467,0.5497595813307895,other,False
Fto,0.02985160100228548,0.871161294986639,-0.4482527630798733,0.010083350493710154,0.12435076085318539,0.9384992113467467,0.017915420016863637,severity_oscillating,False
Ptp4a1,0.02957669213424128,0.8723380884637167,-0.1230795538905876,0.5021560968805896,-0.007057745886261873,0.9386475053467157,0.5666143633919866,other,False
Rnf10,0.029230129570457584,0.8738219894301116,0.13139246562436654,0.47348934630513584,-0.07494653964935227,0.9393550690372151,0.5387618013612532,other,False
Ndst1,0.029107688047930888,0.8743463567622194,0.38004606915306505,0.031907244994672374,0.06251146356403374,0.9393550690372151,0.05001808749779465,severity_oscillating,False
Sycp1,0.029036521490600407,0.8746511583164002,0.07893534132011985,0.6676092721609914,0.0541093851280077,0.9393550690372151,0.7190614225703583,other,False
Cisd2,0.028993232047683386,0.874836572710771,-0.3919083636409624,0.026530537270423257,-0.06956920945029561,0.9393550690372151,0.04235751818980565,severity_oscillating,False
Rhbdl3,0.028952557609290247,0.8750107926385455,-0.5950289056781807,0.0003281095212579188,0.0727619992559855,0.9393550690372151,0.0008297572818712478,severity_oscillating,False
Pafah1b1,0.02880471314907108,0.8756440999372032,-0.5281107360472882,0.0018917600515619185,0.10317752319439977,0.9395583832098597,0.003979327019800968,severity_oscillating,False
Rgs3,0.028749650925154958,0.8758799841031175,-0.34395798701098157,0.05390684744105872,-0.177787979706311,0.9396138378359626,0.08037966348928398,severity_oscillating,False
Pyroxd1,0.02829151238986138,0.8778430335022862,0.2773285897510549,0.12436381905166559,0.13191263144560883,0.940928202121278,0.16867318292543104,other,False
Lypd1,0.027455885149423633,0.8814253894373616,-0.7144586928976326,4.3703231831892155e-06,-0.13107242360200622,0.9439745772664249,1.9904480854864456e-05,severity_oscillating,False
Wiz,0.02710907820737176,0.8829128403203226,0.06012170476803947,0.7437704511018645,-0.006385579611379789,0.9449803867303423,0.7864329752696184,other,False
Hspd1,0.027107335845619907,0.8829203142828489,-0.2005238606816605,0.27114583453196844,0.08687749102850925,0.9449803867303423,0.334327991768811,other,False
Mcur1,0.02683271419462666,0.8840984431328506,0.3737319759369371,0.03511182988647199,0.04234647531757124,0.9454809847640301,0.05452220525141358,severity_oscillating,False
Max,0.02679369697212306,0.8842658470911827,0.49845514702129845,0.003689553368212092,0.1835013930428087,0.9454809847640301,0.0072136495711958145,severity_oscillating,False
Slc9a8,0.026739089645002167,0.8845001488519804,-0.06309624060123922,0.7315475199222299,0.030415523938414263,0.9454809847640301,0.7759667080730493,other,False
Frrs1,0.026350777374715292,0.8861665421420422,0.8418887707940607,1.5576841409147205e-09,0.10452185574416392,0.9461682266348642,6.909345045918252e-08,severity_oscillating,False
Prickle3,0.026329937726052424,0.8862559864460657,0.7682293144855367,2.846018459163436e-07,0.14535595694325049,0.9461682266348642,2.2719155180270246e-06,severity_oscillating,False
Chrna7,0.026048618213955224,0.8874635511171585,-0.734123626078951,1.7355100117964017e-06,-0.12115797104749548,0.9464744145795455,9.421459698126269e-06,severity_oscillating,False
Hoxa9,0.026029635878629012,0.8875450417962822,-0.7229748469466606,2.957680206339905e-06,-0.1075466039811333,0.9464744145795455,1.442363932365187e-05,severity_oscillating,False
Rack1,0.026012843988821355,0.8876171298893714,0.5841173881906269,0.000448109900090053,0.09964865025126883,0.9464744145795455,0.0010942118718809766,severity_oscillating,False
Xiap,0.026003774159303134,0.8876560673100462,-0.4113674186318983,0.01933079653548313,-0.033608313744104154,0.9464744145795455,0.03179825641002884,severity_oscillating,False
Pafah1b3,0.025902376298958172,0.8880913930059711,0.23816156231196886,0.1893091677676363,0.18585397500489598,0.9465428741586833,0.243363423584353,other,False
Rab5a,0.02577882122452342,0.8886218883056733,-0.593732971102664,0.0003406822336278943,-0.05881454905218227,0.946910434979578,0.0008564909185489842,severity_oscillating,False
Gadd45a,0.02553946480821386,0.889649722028393,0.5323720744398214,0.0017100281468619535,0.040161934924204466,0.9471504503752833,0.0036475133928702626,severity_oscillating,False
Ihh,0.025497876550695377,0.8898283264802905,-0.6180221139068791,0.00016378621227602702,-0.09847235927022518,0.9471504503752833,0.0004482153802682478,severity_oscillating,False
Pak3,0.025452838467959017,0.8900217524966957,-0.6035729584441925,0.00025502787929591707,0.06587229493844415,0.9471504503752833,0.0006654205689455105,severity_oscillating,False
Idh1,0.025423702947800452,0.8901468847479137,-0.004488453328618115,0.9805491707233485,-0.13040025732712412,0.9471504503752833,0.9857788247212838,other,False
Pou5f1,0.025063430994217897,0.8916944070230657,-0.10265523609705612,0.5761055527510357,-0.051084636891038315,0.9482121741024868,0.6358101308055026,other,False
Ptprn2,0.025046111710056676,0.8917688106713151,-0.5446524817638679,0.0012686763337002175,0.017812406284375203,0.9482121741024868,0.002776283988933852,severity_oscillating,False
Cyp17a1,0.02490307748947138,0.8923833202270288,-0.40766489842970294,0.020559106911579337,-0.03192789805689895,0.9485408036003489,0.03362359870341975,severity_oscillating,False
H2-Eb1,0.024792413104339796,0.8928588032510296,0.6497757336904953,5.7090338486495076e-05,0.0339443968815452,0.9486508551100816,0.00017638874416693603,severity_oscillating,False
Il5ra,0.024711084179862598,0.8932082662022716,0.160747486456385,0.3794652387285654,0.08670944945978873,0.9488245243435626,0.44631131721337614,other,False
Vegfa,0.024662317231493404,0.8934178227611187,-0.6195516953585365,0.00015608624600350492,-0.15392607694799704,0.9488495344377402,0.0004303761842507452,severity_oscillating,False
Slc18a2,0.024454242564128047,0.8943120200344354,-0.31065995388249246,0.08353182615500958,-0.14485183223708892,0.9492063283802861,0.11855755292618361,severity_oscillating,False
Dicer1,0.024130816830431327,0.8957021892067274,-0.0395263497834748,0.8299368163886788,-0.05612588395265395,0.9502863700381691,0.8601194027628303,other,False
Casp2,0.024074849207433215,0.8959427837900202,0.273434189864178,0.12995915330665925,0.039657810218042905,0.950343967584299,0.1751907085140774,other,False
Dctn3,0.023636026626964908,0.897829515008197,-0.6030811276426289,0.0002588041802271171,-0.10653835456881018,0.9519378558537275,0.0006745836092685357,severity_oscillating,False
Rhog,0.023606577755849064,0.897956151082879,0.09416278093732322,0.6082213774871121,-0.06234342199531322,0.9519378558537275,0.6647819255542659,other,False
Zbtb16,0.02359515178959161,0.898005285702438,-0.11956235126023183,0.514541742383267,-0.13073634046456517,0.9519378558537275,0.5787601825572316,other,False
Asic1,0.02330242082073541,0.8992642308746379,-0.6134957525824659,0.00018859496987960842,0.02134127922750614,0.9526967836070817,0.0005095460494469716,severity_oscillating,False
Drd5,0.023188987152678253,0.8997521387712777,-0.7826462952443191,1.2063074553105384e-07,-0.05965475689578488,0.9527511751189887,1.1654118048369424e-06,severity_oscillating,False
Serpinb13,0.02317311419835275,0.8998204153741123,-0.31638367525502364,0.07770421028281652,-0.06822487690053144,0.9527511751189887,0.11127714111528553,severity_oscillating,False
Hipk2,0.022811045438351586,0.9013780235085702,-0.25398567412679973,0.16069969980234355,-0.12821571693375736,0.9537293710676659,0.21056490333720895,other,False
Rb1,0.022114380302922957,0.9043760635479445,0.4615831573565996,0.007831255040123825,-0.06520012866356206,0.9557120986447203,0.01422115769301233,severity_oscillating,False
Pou1f1,0.021950045068787605,0.905083456603205,-0.3147202204812578,0.07936446632218672,0.04453101571093801,0.9560882950159185,0.11330482583528531,severity_oscillating,False
Kit,0.021938089215140174,0.9051349242471034,-0.47705294174366847,0.0057675203069519464,-0.014955699616126349,0.9560882950159185,0.010860140673961564,severity_oscillating,False
Dpysl4,0.021828699795244447,0.9056058421335521,-0.5325822994034922,0.0017014711303160281,-0.047555763947907385,0.9562192922217448,0.003632986285367124,severity_oscillating,False
Ggnbp2,0.02156723339300803,0.9067315738129111,-0.11696301213815541,0.5237909759493047,-0.09931256711382778,0.9567533894465008,0.5883843634050379,other,False
Gba2,0.020668405368468923,0.9106027802141773,-0.8054986526946787,2.6879228117537407e-08,-0.11494043300483622,0.9595093538261761,3.917455503644523e-07,severity_oscillating,False
Sostdc1,0.020416630558441624,0.9116875264692252,-0.23888882269142836,0.18792107748958597,-0.04856401336023051,0.9602556416517691,0.24182275889868265,other,False
Kdr,0.020298898502543832,0.9121948168166525,-0.426751766972456,0.014859102879628721,-0.0736022070995881,0.9605916103595673,0.025248595532640274,severity_oscillating,False
Bcar1,0.019929756269556065,0.9137856164155618,-0.15478139095169427,0.39763374162686826,0.11947755536029027,0.9613021040743959,0.464999934901113,other,False
Apob,0.01992686205717644,0.9137980901791841,-0.3585727547691084,0.04387662645084322,-0.0962878188768584,0.9613021040743959,0.06665118270570318,severity_oscillating,False
Cdk9,0.0198454907197056,0.9141488006784318,0.7395864348191796,1.3236901642076514e-06,0.12115797104749548,0.9613021040743959,7.4857467046820735e-06,severity_oscillating,False
Lrrtm1,0.01983623592854918,0.9141886898382463,-0.7249410430668631,2.697274991059782e-06,-0.04133822590524811,0.9613021040743959,1.338404642937349e-05,severity_oscillating,False
Itga7,0.01940039102539453,0.9160674595774285,0.19485654946726877,0.2852021845046381,0.19896121736509662,0.9618896894410176,0.34946345019412894,other,False
Alg13,0.019158349319188715,0.917111006658966,0.2203338129027154,0.2256013565142641,0.018316530990536768,0.9626083081327267,0.2837959357778696,other,False
Clca3a2,0.019065910209194206,0.917509587734896,0.4858715060474801,0.004814230651328017,0.11578064084843882,0.9626083081327267,0.009211324288231137,severity_oscillating,False
P2ry13,0.01900370870457446,0.9177778006907185,0.7141839221137029,4.42470276255646e-06,0.0952795694645353,0.9626083081327267,2.0116228869697417e-05,severity_oscillating,False
Stx1a,0.018979056550341575,0.9178841032655523,-0.34275036067116427,0.054810748566830755,0.022181487071108744,0.9626083081327267,0.08160818109731573,severity_oscillating,False
Ptger4,0.018805505172430792,0.9186325136315703,0.6351950027084295,9.398448137472056e-05,0.11914147222284924,0.9628258891313124,0.00027489382998420274,severity_oscillating,False
Acp2,0.018776785427487435,0.9187563691900187,0.6749003533148047,2.26777490100947e-05,0.1347693381138577,0.9628258891313124,7.928663310520429e-05,severity_oscillating,False
Med1,0.01875586645412562,0.918846584648349,0.00610721723417286,0.9735363333257683,-0.14014666831291434,0.9628258891313124,0.9804558413217658,other,False
Cbln3,0.018635022618893448,0.9193677568418159,-0.10788376275332288,0.5567191322422204,0.06805683533181092,0.9631741482132066,0.6177951858380992,other,False
Rundc1,0.01854284193646028,0.9197653334390811,-0.06472415128900753,0.7248851857941958,-0.11275589261146944,0.9633928061340356,0.7703415276533735,other,False
Mtf1,0.018182956280836847,0.9213177067588921,-0.5724866911225187,0.0006173143141436824,-0.11057135221810269,0.964424712123355,0.0014517843782604538,severity_oscillating,False
Myo16,0.018031044717698157,0.9219730657792872,-0.6977962570266815,9.0255912711603e-06,-0.037809352962117175,0.9647147914954142,3.6052890426146193e-05,severity_oscillating,False
Rab27b,0.017761780238843446,0.9231348182458718,-0.7976470275376621,4.599393340402337e-08,-0.1688817765641234,0.9655342849850713,5.764497648499341e-07,severity_oscillating,False
Itgb3,0.017569206303546102,0.9239657818577557,0.316350985156084,0.07773657688668416,0.05898259062090279,0.966033356561032,0.11129224774038055,severity_oscillating,False
Eif4ebp2,0.017563423415186925,0.9239907364558468,0.7210807530151904,3.229930772948896e-06,0.08956615612803757,0.966033356561032,1.551073383832391e-05,severity_oscillating,False
Pde6g,0.017468860101324427,0.9243988106725669,-0.4939367199729962,0.004064072719516978,-0.19274367932243736,0.9662619535329433,0.00787645704493013,severity_oscillating,False
Tor2a,0.017218502627132887,0.9254792828082559,0.5868937110186639,0.00041437824370430616,0.03999389335548395,0.9666686393927757,0.0010196543276100654,severity_oscillating,False
Ccn2,0.017193000609115137,0.9255893496670323,0.44476599744285805,0.010755380064937219,0.15879928244089214,0.9666686393927757,0.01894447296659004,severity_oscillating,False
Pou4f2,0.016868621315416173,0.9269894898572977,-0.41884911842367467,0.017033876871667405,0.013947450203803226,0.9673186346985426,0.028423227321679893,severity_oscillating,False
Cd59b,0.01679639432402359,0.9273012774394433,-0.38455410549401425,0.029768152770278597,0.005881454905218227,0.9673186346985426,0.047011562625755766,severity_oscillating,False
Lpin2,0.016795290455330195,0.9273060426731765,0.4726318586030365,0.006303302996533943,0.10149710750719455,0.9673186346985426,0.011704822928765795,severity_oscillating,False
Abitram,0.01671464360037156,0.9276541895983574,-0.27739274776651063,0.12427315710257099,0.042514516886291764,0.9674839544349257,0.16859504637771663,other,False
Vipr2,0.016276812628672553,0.929544503548374,-0.5319802671761532,0.0017260764947258525,-0.07141766670622134,0.9686678863675134,0.0036732232789305685,severity_oscillating,False
Abraxas2,0.01627577786784078,0.9295489715289116,0.5676195117207937,0.0007034082552145427,0.04100214276780707,0.9686678863675134,0.0016324319881025398,severity_oscillating,False
Cygb,0.016133631730681608,0.9301627624855939,-0.3105374682884522,0.08366010435312327,0.20719525423240215,0.9691095284801909,0.11870659034917434,severity_oscillating,False
Ffar1,0.015610565138941504,0.9324217153211589,0.35604767924501346,0.045493567533763664,0.12317446987214174,0.9706700346639249,0.06888177144248396,severity_oscillating,False
Pax7,0.015493749385622205,0.9329262753814698,-0.2730366974598778,0.1305405138986617,-0.014619616478685309,0.9709797032733216,0.1758814478069396,other,False
Eps15l1,0.01545355701570948,0.9330998834436037,-0.03081864573670051,0.8670238644603014,0.03528872943130937,0.9709797032733216,0.8913162501983217,other,False
Gip,0.015289907138444045,0.9338067884624619,-0.05086913152785502,0.7821721691559087,-0.002520623530807812,0.9714904933177257,0.8191049548068754,other,False
Mbp,0.015251743364412932,0.9339716485454082,-0.7365054347819013,1.54342626425863e-06,-0.15795907459728953,0.9714904933177257,8.515026339941747e-06,severity_oscillating,False
Egr4,0.015027820067697388,0.9349390075726343,-0.3722980022894945,0.03587475410124232,-0.05427742669672821,0.9718401572994215,0.055588432767447474,severity_oscillating,False
Ndufaf6,0.014986933473349517,0.9351156494396615,-0.3797240971665525,0.032064683844425325,0.16115186440297943,0.9718401572994215,0.05021859143089149,severity_oscillating,False
Neurod6,0.01495852991487318,0.9352383627802767,-0.8251830580298082,6.243155191288161e-09,-0.11964559692901079,0.9718401572994215,1.5765512193445996e-07,severity_oscillating,False
Esam,0.014919256314791773,0.935408040920151,-0.022783422633478056,0.9014968707941536,0.03024748236969374,0.9718401572994215,0.9202215778955922,other,False
Egr1,0.014909330315934154,0.9354509257675279,0.2872096674238663,0.11096936057422123,0.06099908944554904,0.9718401572994215,0.15278129778383331,other,False
Sema4d,0.014784263520128054,0.9359912866220113,0.14384542242698042,0.4321979896104482,-0.09998473338870986,0.9720056093360911,0.4987877703626462,other,False
Fxr1,0.014391521503650329,0.9376883399797736,0.14721320249505324,0.42138189071757026,-0.004032997649292499,0.9727338992216638,0.48851568739780127,other,False
Ryr3,0.014383775625339816,0.9377218129433278,-0.3305933913076952,0.06459322572947021,-0.043858849436055926,0.9727338992216638,0.0943286700389429,severity_oscillating,False
Sdcbp,0.014348660868369176,0.9378735588233538,0.7871776863764015,9.088131839824238e-08,0.0638557961137979,0.9727338992216638,9.480278223914814e-07,severity_oscillating,False
Slc14a1,0.014163072462295485,0.9386756011250412,0.02897932989489713,0.8748961188489408,0.01932478040285989,0.9727338992216638,0.8982322385365634,other,False
Ldhb,0.014051400004071457,0.9391582353956687,-0.8119588956859624,1.6961971249502704e-08,-0.1695539428390055,0.9727338992216638,2.9329835709733317e-07,severity_oscillating,False
Kat6a,0.014021440375136519,0.9392877207461638,-0.1899251340989841,0.29780686815094976,-0.06452796238867999,0.9727338992216638,0.3626057592797789,other,False
Epb41l2,0.013788633181292123,0.9402939638118508,-0.16663370158293853,0.36202404057346604,0.11981363849773133,0.9727338992216638,0.42867445445940333,other,False
Kif5b,0.013763356648171238,0.9404032199286366,-0.6707698879925759,2.6552844703281632e-05,-0.07393829023702915,0.9727338992216638,9.06600139434e-05,severity_oscillating,True
Rnaseh2b,0.013761287722432337,0.9404121627683454,0.18282086362672667,0.3165763597887403,0.043858849436055926,0.9727338992216638,0.38293953314734747,other,False
Scn10a,0.013723363837231956,0.9405760883416268,-0.2433536947806843,0.179555225679567,0.09225482122756591,0.9727338992216638,0.23228348675560892,other,False
Anp32e,0.01371754274885099,0.9406012501432881,-0.09459484753323032,0.6065692925699959,0.10502598045032549,0.9727338992216638,0.6636432674118948,other,False
Hbegf,0.013707270267939761,0.9406456533389234,0.5767400269644163,0.0005498331610311349,0.07393829023702915,0.9727338992216638,0.001309994840924717,severity_oscillating,False
Apoa1,0.013394683578942473,0.9419969044974326,-0.2972229385605018,0.09852884802112137,-0.24147573425138835,0.9732886793278112,0.13765972439215013,other,False
Dut,0.013296486061569619,0.942421426052312,-0.34481607383637397,0.05327177914057108,-0.06755271062564935,0.9735301122504747,0.07958451172302311,severity_oscillating,False
Vstm5,0.013212489777152786,0.9427845660201137,-0.514424540835223,0.0025939835197154484,-0.10368164790056132,0.9737080524941486,0.005263289552135442,severity_oscillating,False
Cbln1,0.012711931490632376,0.9449488542867454,-0.6547670628733737,4.784325985180318e-05,-0.028567066682488533,0.9747398912351632,0.00015158289969195528,severity_oscillating,False
Map9,0.012587945225020901,0.9454849999339346,-0.78259370956671,1.2102307129251688e-07,-0.07746716318016009,0.9747651358992155,1.1669918462440995e-06,severity_oscillating,False
Hsf2,0.012578021234070506,0.945527914610727,-0.25444833705392533,0.15991276403074442,0.16148794754042048,0.9747651358992155,0.20985721876018198,other,False
Appbp2,0.012170984131049514,0.9472882079362483,-0.6601101329728764,3.94561184935018e-05,-0.09931256711382778,0.975791023562763,0.00012698148923366098,severity_oscillating,False
Pou4f1,0.012000008338010458,0.9480276918425156,-0.39509242603699396,0.02522131513072422,-0.16216011381530257,0.9762198757802141,0.04050816387966758,severity_oscillating,False
Zfp819,0.011774977670635319,0.9490010320459061,-0.32914206412056235,0.06584699001823703,-0.07629087219911644,0.9765693492971893,0.0959124774651705,severity_oscillating,False
Isl2,0.011658017937567636,0.9495069544183807,-0.30249667826537835,0.09241708420224584,-0.2241674526731747,0.9768928952174587,0.12997506107407114,severity_oscillating,False
Dnm1,0.011582519024374818,0.9498335436615309,-0.681817172706562,1.7315714084655274e-05,-0.030415523938414263,0.9770318423507701,6.255485661885733e-05,severity_oscillating,False
Sntn,0.011345610665745033,0.950858401109533,-0.059734994336312505,0.7453640996623213,0.022853653345990828,0.9776917363555186,0.7876096343619171,other,False
Rag2,0.01117493373473414,0.9515967915704886,0.030345660409958727,0.8690470727189707,0.07746716318016009,0.9779730046195843,0.8932115893490771,other,False
Hoxa7,0.011100698355850536,0.951917964455111,-0.7235156237986211,2.8838728619430693e-06,-0.021677362364947182,0.9779730046195843,1.4172095827332944e-05,severity_oscillating,False
Casq1,0.011013826248596906,0.952293818449591,-0.18610254819324495,0.3078165645257918,-0.13611367066362184,0.9779730046195843,0.3735837010816236,other,False
Cdh23,0.010969864887088312,0.9524840220449157,-0.447512223132702,0.010223032460286488,-0.07981974514224738,0.9779730046195843,0.01811312559219221,severity_oscillating,False
Rbfox2,0.01092786896355953,0.9526657243588932,-0.588214417148231,0.00039913619585506786,-0.012098992947877498,0.9779730046195843,0.0009854761544320916,severity_oscillating,False
Rhot2,0.010863660035073544,0.9529435394268047,-0.3568919514636064,0.04494771833508192,0.03629697884363249,0.978061367125982,0.06817672055523427,severity_oscillating,False
Pard6b,0.010804633302968665,0.953198937288464,-0.5919701689374888,0.0003584695572501624,-0.09645586044557894,0.9781266906273296,0.0008959104417114544,severity_oscillating,False
Aqp6,0.010547291496627902,0.9543124611308886,-0.729989108170866,2.121276972062062e-06,-0.09763215142662258,0.9785904309125827,1.1030207782353292e-05,severity_oscillating,False
Tgfb1i1,0.010509265871098971,0.9544770061033501,0.17886401137416627,0.32734256482023427,0.006385579611379789,0.9785904309125827,0.39415308811715477,other,False
Sema5a,0.010350277577767944,0.9551650021449924,-0.7719196802808171,2.2981473615549473e-07,-0.22349528639829264,0.9785904309125827,1.918633337363631e-06,severity_oscillating,False
P2ry2,0.010336524010822955,0.9552245199711612,0.6676695728428228,2.9842941974851023e-05,0.23593036248361116,0.9785904309125827,9.962620877860933e-05,severity_oscillating,False
Prkce,0.010263827866563076,0.9555391125801989,-0.5135232196399762,0.0026472750722753703,0.09225482122756591,0.9785904309125827,0.005354381500268304,severity_oscillating,False
Treh,0.010258895901519665,0.9555604559005854,-0.10557186371334239,0.5652539468221459,0.07629087219911644,0.9785904309125827,0.6257292497265118,other,False
Vipr1,0.010247246964629229,0.955610867365802,0.28631391884352925,0.11213705054237244,0.09007028083419914,0.9785904309125827,0.1541393410985292,other,False
Lypd6b,0.010168195112739108,0.9559529733851009,-0.6522565722760774,5.231095470104706e-05,0.006049496473938749,0.9785904309125827,0.00016330365968790763,severity_oscillating,False
Hist1h2ba,0.009765769930030926,0.9576946329597797,-0.19567117457872307,0.283153466653589,-0.024366027464475516,0.979980004559245,0.34728680774223547,other,False
Trmt13,0.009704568782899792,0.9579595229431724,-0.0727210220692334,0.6924519269222489,-0.0541093851280077,0.980054457788432,0.7414351971516354,other,False
Tmem41b,0.00955227704651096,0.9586186890535976,-0.2370353290157833,0.1914728843564991,-0.023357778052152393,0.9803355919932641,0.24589707530274468,other,False
Klk1b4,0.009388689296010947,0.9593267777367206,-0.4310692464068477,0.013772433138789066,-0.13545282277796175,0.980470024691447,0.023638351763446506,severity_oscillating,False
Epha1,0.009200228685216638,0.9601425661783338,0.0830278933684957,0.6514335204721342,-0.05898259062090279,0.9811072175632373,0.7041666429176429,other,False
Grik2,0.00901797924810131,0.96093150602711,-0.5014355432878035,0.003459142500592193,-0.05427742669672821,0.9813236460949525,0.006810145077391268,severity_oscillating,False
Isl1,0.008757262064148518,0.9620601879595267,-0.3257246297923846,0.06887438604868552,-0.14518791537452996,0.9821885542889168,0.09975248246290315,severity_oscillating,False
Pip4k2c,0.008727709123719113,0.9621881314537613,0.38319658196797,0.030399620665504227,0.16703331930819768,0.9821885542889168,0.047875413712484424,severity_oscillating,False
Cadm3,0.0086570505829963,0.9624940370928206,-0.5956826764078922,0.0003219244526837686,0.005041247061615624,0.9821885542889168,0.0008165771422873712,severity_oscillating,False
Gpr101,0.00855745350603983,0.9629252367072196,-0.7123025529976968,4.813845201181306e-06,-0.05427742669672821,0.9821885542889168,2.146453179302958e-05,severity_oscillating,False
Smap2,0.008511018257126336,0.9631262788773108,-0.40699635601263573,0.020787631573014352,-0.09796823456406362,0.9821885542889168,0.03395379719947045,severity_oscillating,False
Cyp21a1,0.008424777503517831,0.9634996655254198,-0.06542734808866302,0.7220133751745023,0.022853653345990828,0.9823729350080284,0.7681847685577984,other,False
Fbxo4,0.008318178909301765,0.9639612036586953,0.6375441672212353,8.688124084700449e-05,0.1357775875261808,0.9824552767473126,0.00025661911381619565,severity_oscillating,False
Bmf,0.008134790010922793,0.9647552462091736,0.7067733609752258,6.143957983322222e-06,0.15543845106648171,0.9827234469611278,2.605181186444443e-05,severity_oscillating,False
Gnb3,0.007930268095451573,0.9656408301988135,0.14858888473711987,0.4170074479772998,0.02134127922750614,0.9833766969143837,0.4838842111310752,other,False
Prox1,0.007770975059022487,0.9663306001518684,-0.5371735215945229,0.0015236748513684647,-0.1082187702560154,0.9838827128492377,0.0032780537397007754,severity_oscillating,False
Sec22b,0.0074530555316095265,0.9677073247786677,0.13344868766902002,0.4665328747495423,0.10032081652615091,0.9844984171711177,0.5322711237077645,other,False
Gmfb,0.007405029660908807,0.9679153049388085,-0.27007475082782884,0.13493298438816365,-0.04553926512326113,0.9845136531391551,0.1811297772010586,other,False
Baz1b,0.00726312485343046,0.9685298479519797,-0.15589380702715144,0.39420891776791156,-0.190055014222909,0.9847460144315425,0.46184191307627853,other,False
Eno2,0.007211202425097383,0.968754711349143,-0.5313583730034728,0.0017518188312151603,0.05545371767777186,0.984778354442403,0.0037186965701325563,severity_oscillating,False
Tet2,0.007043196357492593,0.9694823207980121,-0.13526889280644,0.460420094577095,-0.13846625262570914,0.9853216414406575,0.5265925790219197,other,False
Itgav,0.006912867603842035,0.9700467720033168,-0.21414448078024884,0.2392346885382031,0.04503514041709957,0.9856682832174182,0.2984436650118303,other,False
Colq,0.006875214149951197,0.9702098510164001,-0.4373310923712132,0.012315216357025744,-0.03864956080571978,0.9856682832174182,0.021418315253047503,severity_oscillating,False
Nrf1,0.006775736846253879,0.970640697919712,-0.12666026718777681,0.48970244468994506,-0.10721052084369227,0.9859096376121965,0.5547351033451942,other,False
Gucy2f,0.006455628231246611,0.972027177353431,-0.2807653656954213,0.11957586810613842,-0.038817602374440305,0.9868273548534251,0.16304637883170597,other,False
Meg3,0.006241959512032996,0.9729526808919534,-0.19301151492396354,0.2898773781995353,0.0033608313744104158,0.9872750398308842,0.3541711392085819,other,False
Kat8,0.006150013396476986,0.973350955113681,-0.49560523639852516,0.0039221317215742185,-0.1292239663460805,0.9874827410570579,0.007630356182971048,severity_oscillating,False
Epha10,0.006104434006816324,0.973548389353659,-0.5918208395381686,0.0003600134988761485,-0.04503514041709957,0.9874866442817686,0.0008993285297586844,severity_oscillating,False
Panx3,0.005895149748210519,0.9744549563533389,-0.2853677335898009,0.11338044888077617,-0.04621143139814322,0.9880132642334291,0.15559689796632747,other,False
Setd1b,0.005682724190696539,0.9753751626955249,0.24445807984913803,0.17752712036154228,0.029407274526091137,0.9885532892727743,0.2299557747496768,other,False
Atrx,0.005357159851476707,0.9767855349293622,0.1003563797807783,0.5847238408847248,0.05226092787208196,0.9891965482776804,0.643789404781563,other,False
Rgs18,0.005236977468555157,0.977306192798642,0.4217931945278011,0.016194626033376593,-0.04923617963511259,0.9895273698820708,0.027182884960925965,severity_oscillating,False
Gata2,0.00506236310458526,0.9780626788888123,-0.15339425793685676,0.40192809592452294,0.015459824322287912,0.9898721262951679,0.469161376959037,other,False
Parva,0.0049067210876309235,0.9787369864178184,-0.5349729200810707,0.0016067584577458406,-0.027390775701444887,0.9899721274477694,0.0034480752599754033,severity_oscillating,False
Wnt3,0.004775164154910889,0.9793069583638878,-0.5549392480067836,0.000979258729187683,-0.07074550043133926,0.9899721274477694,0.0022024685968193877,severity_oscillating,False
Foxh1,0.004772538175730161,0.979318335552308,-0.12037683013135954,0.5116602558613116,-0.06267950513275425,0.9899721274477694,0.5760271386335357,other,False
Golga5,0.004687631852227411,0.9796861986583689,0.31681966496259484,0.0772735299059582,0.1803086032371188,0.9899721274477694,0.11075366003098983,severity_oscillating,False
Pdzd7,0.004542670000658506,0.9803142663430766,-0.2566422684306895,0.1562187658538013,0.05192484473464093,0.9904105907340134,0.20559131182152746,other,False
Cdc42bpb,0.004249169023176968,0.9815859358329393,-0.1546341922874696,0.3980881973448588,0.02823098354504749,0.9911193478706727,0.46531803268930444,other,False
Il18,0.004071579729842644,0.9823554094974907,-0.6913122766446111,1.1815133788734519e-05,-0.09847235927022518,0.9912929009763884,4.514531644669272e-05,severity_oscillating,False
Plgrkt,0.0039884405057716045,0.982715647439572,0.7874204549778994,8.94958052779546e-08,0.07545066435551384,0.9912929009763884,9.412744386038071e-07,severity_oscillating,False
Cdh12,0.003847753198162864,0.9833252458224908,-0.8122467322709314,1.6610833219387336e-08,-0.13359304713281403,0.9912929009763884,2.88694342661194e-07,severity_oscillating,False
Gba,0.003787926684222905,0.9835844770457534,0.6904074011750938,1.2260966192833437e-05,0.006553621180100311,0.9913583120747654,4.653511052800845e-05,severity_oscillating,False
Dcaf11,0.0035471086965588113,0.9846279695860436,-0.0025088705595235983,0.9891270413623225,-0.15174153655463027,0.9918990159460931,0.9926297536866432,other,False
Pkib,0.003528446291416362,0.9847088370366806,0.6528140115744584,5.1287791208207145e-05,0.04234647531757124,0.9918990159460931,0.00016060099628794638,severity_oscillating,False
Cartpt,0.002914260131398901,0.9873702911193821,-0.40335690223062226,0.02206883061331539,-0.047891847085348424,0.9930845317639555,0.03585130731163114,severity_oscillating,False
Nr4a2,0.002898476662723168,0.9874386875331861,-0.28223717427351114,0.11756785897682191,0.015459824322287912,0.9930845317639555,0.16060890429586733,other,False
Tead3,0.0027645462160313943,0.988019068014597,0.463809750080457,0.007500293689573256,0.09796823456406362,0.9932765600990262,0.01368347571906766,severity_oscillating,False
Ntf3,0.002607381126221243,0.9887001422404286,-0.45485559261196506,0.008907621895735096,0.041506267473968635,0.9937204722428603,0.015993924678775806,severity_oscillating,False
Ermn,0.0025727427859392514,0.9888502484032069,-0.8318787371338793,3.6444819037347502e-09,-0.13040025732712412,0.9937204722428603,1.133977451992525e-07,severity_oscillating,False
Pcdha7,0.0024103417725297566,0.989554022397604,-0.5736847465565337,0.0005976048490741394,-0.05074855375359728,0.9940360512505273,0.0014086794524617308,severity_oscillating,False
Cop1,0.0022530866904295326,0.9902355035632522,0.0362760197672115,0.8437426985283926,-0.006049496473938749,0.9941333012549006,0.8712411953832654,other,False
Cntn3,0.00220096787451623,0.9904613673583637,-0.7068499754220852,6.123453678281103e-06,-0.07813932945504216,0.9941643909671415,2.5986470227048175e-05,severity_oscillating,False
Prl3d1,0.0018520512002248267,0.9919734618474767,-0.11106235723027111,0.5450830349867892,-0.035960895706191445,0.9952904462793035,0.607089205560614,other,False
Smyd2,0.0017230146884146846,0.9925326724742581,-0.7183798927950878,3.657593491565544e-06,-0.06469600395740051,0.9954599218032227,1.7164107084154407e-05,severity_oscillating,False
Cyp7a1,0.0014728395312022568,0.9936168761175206,-0.3907140528819609,0.027035753136599585,-0.03024748236969374,0.9963514222676377,0.04309668023431078,severity_oscillating,False
Khdrbs2,0.0010452832574278054,0.995469835032188,-0.502437846433605,0.003384498819698049,0.014955699616126349,0.997583943496743,0.006673493807220621,severity_oscillating,False
Ptf1a,0.0009031948176817298,0.9960856286758247,-0.2150728906386407,0.2371552946222312,0.002688665099528333,0.9978461885065557,0.29606685214586426,other,False
Nrn1,0.0007717012580978758,0.9966555074043604,-0.8453430973749361,1.1459179894308289e-09,-0.1593034071470537,0.998056490377461,5.6205073693140944e-08,severity_oscillating,False
Cap2,0.0006556845686719793,0.9971583124211749,-0.684154873006126,1.578106627809131e-05,-0.06368775454507739,0.9981872243651733,5.754054259081042e-05,severity_oscillating,False
Nhlh2,0.0005765442213480979,0.9975012995938513,-0.6328004034419588,0.00010175569145746769,-0.05864650748346176,0.998284114033399,0.00029475058610138713,severity_oscillating,False
Coro6,0.0002639640825927184,0.9988559976067285,-0.3251344606868563,0.06940800912412168,0.005545371767777186,0.9994437904652652,0.10046829016519429,severity_oscillating,False
Gpr139,7.844806150860913e-07,0.999996600113227,-0.4452795486359925,0.0106540904687266,0.10788268711857434,0.999996600113227,0.0187855221157879,severity_oscillating,False
Fam20a,-2.489996880150086e-05,0.9998920851927979,-0.2946988986773451,0.10156012177996102,-0.13224871458304988,0.999996600113227,0.14127575162246553,other,False
Dll1,-0.0002022366981696815,0.9991235197777242,-0.6415093679592285,7.59754320100754e-05,-0.0946074031896532,0.9995154097639088,0.00022829198087508072,severity_oscillating,False
Tbx20,-0.0006440348363905894,0.9972088012869875,-0.13231859452505865,0.470349449038412,-0.03344027217538364,0.9981872243651733,0.5355474418627097,other,False
Slit1,-0.0007644629544225356,0.9966868774716304,-0.45083343779492535,0.009609106912167868,0.03159181491945791,0.998056490377461,0.01713848054509381,severity_oscillating,False
Cmip,-0.001008723554342177,0.9956282800121385,-0.41888075487708537,0.017024669748795015,-0.0937671953460506,0.997583943496743,0.028417159813024662,severity_oscillating,False
Ctbp1,-0.0010393735607338364,0.9954954468747594,-0.45015792611957556,0.00973138325024022,-0.10536206358776652,0.997583943496743,0.017344439538600757,severity_oscillating,False
Ppp1r1c,-0.001404288434809815,0.9939139633975864,-0.23030677072049766,0.2047597000339901,-0.24315614993859358,0.9964534448292234,0.26092411438255897,other,False
Tlr8,-0.0018069217336686568,0.9921690407866521,0.8297067288858442,4.350795419400359e-09,0.11846930594796716,0.9952909099415365,1.2681947105349273e-07,severity_oscillating,False
Pgk2,-0.0019929448416752035,0.9913628697923925,-0.10420954745436131,0.5703109697051225,0.03579285413747093,0.9948734996677148,0.6303697197109057,other,False
Cntn6,-0.002269339780674732,0.99016506879405,-0.7424562643480246,1.1450517252130747e-06,-0.1334250055640935,0.9941333012549006,6.756525700114274e-06,severity_oscillating,False
Ccnd1,-0.0023356113059298067,0.9898778737322356,0.5513061756728941,0.0010740511950710684,0.007057745886261873,0.9941333012549006,0.0023914164757998773,severity_oscillating,False
Kcnh2,-0.00249018057936717,0.989208035407714,-0.8523821848280533,5.98676585855195e-10,-0.1372899616446655,0.9938842207238032,4.6462202237826954e-08,severity_oscillating,False
Lhx8,-0.0027872121760135044,0.9879208458492077,-0.40680798997488526,0.020852397740052254,-0.055621759246492375,0.9932765600990262,0.03402689727191508,severity_oscillating,False
Gria4,-0.0030666140933806197,0.986710081868699,-0.8185830153694298,1.0384999118769669e-08,-0.11057135221810269,0.992743220436338,2.1523626270817093e-07,severity_oscillating,False
Hdac1,-0.003179893923150528,0.9862192016758674,0.10777370246500477,0.557124085486332,-0.0969599851517405,0.9924450873443678,0.6180317012361899,other,False
Atp6v1a,-0.003256106245371352,0.9858889504287438,-0.20848728872449454,0.2521687196754893,0.1018331906446356,0.9923085114713935,0.3130476123301706,other,False
Slc26a4,-0.0033532674086388468,0.9854679247958518,0.0006940363683861399,0.9969920993338832,0.014619616478685309,0.9920804982008367,0.9979703097924132,other,False
Aqp4,-0.0034397442823179353,0.9850932003103132,-0.0855465780724761,0.6415547250448841,-0.04890009649767155,0.9918990159460931,0.6951084648372884,other,False
Slc8a1,-0.0034779638193670106,0.9849275871220825,-0.6304274519300369,0.00011001867234305698,-0.07931562043608581,0.9918990159460931,0.0003156384969752158,severity_oscillating,False
Dctn2,-0.0036631476441383454,0.9841251560178673,-0.2533948579838673,0.1617086408221442,0.035120687862588845,0.9917073134822483,0.21177811985462325,other,False
Ppp1cc,-0.00385468262979499,0.9832952203623717,-0.09822637650968649,0.5927594864266941,-0.059486715327064364,0.9912929009763884,0.6513714218575111,other,False
Mthfr,-0.003892121029200729,0.9831329989091083,0.47376803741136225,0.006161710754794441,-0.010754660398113331,0.9912929009763884,0.011485266131873858,severity_oscillating,False
Marcks,-0.003903558809190156,0.983083438874736,0.6501007294225439,5.644269691010036e-05,0.10250535691951768,0.9912929009763884,0.00017471204119808782,severity_oscillating,False
Urm1,-0.0039755495948500825,0.9827715033886882,-0.2148426842877945,0.23766976257858244,0.08049191141712946,0.9912929009763884,0.2966365204094321,other,False
Gast,-0.004201380934230295,0.9817929944698116,0.1708729788579737,0.3497634687338306,0.0727619992559855,0.9911193478706727,0.4170508307646727,other,False
Szt2,-0.004244754482308716,0.9816050633286368,0.0980236368545825,0.5935268385495898,0.007729912161143956,0.9911193478706727,0.6519337647376092,other,False
Enah,-0.004392294876600079,0.9809658000277925,-0.6538809971420648,4.9379353805966935e-05,-0.09359915377733008,0.9908725833548059,0.0001558688637154934,severity_oscillating,False
Stk3,-0.004703229283953212,0.9796186212892188,0.01303138257309027,0.9435675825846592,-0.040666059630366035,0.9899721274477694,0.9551772650852048,other,False
Stim1,-0.004737544949034593,0.9794699458677794,0.03127911264843105,0.8650549978439457,0.033608313744104154,0.9899721274477694,0.8900051520778474,other,False
Nmrk1,-0.004917883327642697,0.9786886263529784,0.6291590064965779,0.00011467723457751281,0.11057135221810269,0.9899721274477694,0.0003269807566125729,severity_oscillating,False
Lasp1,-0.00502400645741331,0.9782288548625644,0.7752531887103736,1.888056515760081e-07,0.12502292712806748,0.9898721262951679,1.6519684883176967e-06,severity_oscillating,False
Thrap3,-0.005133213613468264,0.9777557291982288,0.11977404472223205,0.5137920381790683,-0.1309043820332857,0.9897860636317058,0.5781360262502613,other,False
Nfe2l2,-0.0055089060605081125,0.9761281487017905,0.6200918362610225,0.00015344532342055484,0.11678889026076195,0.9887271021699431,0.00042528572262357796,severity_oscillating,False
Smad2,-0.00554306842984634,0.9759801545507234,0.5154191170444129,0.0025362599222731584,0.0630155882701953,0.9887271021699431,0.0051605352467153495,severity_oscillating,False
Itga1,-0.005630410730525948,0.9756017842088356,0.32040610107419126,0.07380043503471438,0.11863734751668767,0.9885865516983057,0.10628346107060364,severity_oscillating,False
Cyp27b1,-0.005724169076822246,0.9751956251010818,0.3093355885937019,0.08492686553046126,0.06133517258299009,0.9885532892727743,0.1202364532530899,severity_oscillating,False
Pax1,-0.005984215324303095,0.9740691426886665,-0.17528145917635107,0.3372824237850387,0.009074244710908123,0.9878184287981884,0.40424756666529194,other,False
Crisp1,-0.006388478267160626,0.9723180328353881,-0.46264540867600845,0.007671846139174479,-0.10401773103800237,0.9868273548534251,0.013956521810245726,severity_oscillating,False
Ctss,-0.0064129743540099465,0.9722119293019723,0.7621560641887695,4.0127335604435926e-07,0.10166514907591508,0.9868273548534251,2.9794692710076805e-06,severity_oscillating,False
Gabra5,-0.006456752590618348,0.972022307297575,-0.7313118153937258,1.990129762863884e-06,-0.11645280712332091,0.9868273548534251,1.0537403398651669e-05,severity_oscillating,False
Abcc9,-0.007277277093876303,0.9684685584549133,-0.7053574485153908,6.534275733496189e-06,-0.16199207224658205,0.9847460144315425,2.7388118748203825e-05,severity_oscillating,False
Lgr6,-0.007632749201817148,0.9669291644978639,-0.6070038980374435,0.00023001933190351043,-0.07007333415645717,0.9839029858574914,0.0006079422860309879,severity_oscillating,False
Cep290,-0.007658736195526877,0.9668166307352337,-0.7419759895975442,1.1733258301645878e-06,-0.11006722751194112,0.9839029858574914,6.847980617470894e-06,severity_oscillating,False
Echdc1,-0.007713085418788041,0.9665812795473748,-0.7314997543432656,1.972106334234427e-06,-0.11342805888635153,0.9839029858574914,1.0467348381505019e-05,severity_oscillating,False
Twf1,-0.008122904646651986,0.9648067089553672,-0.07896595070850544,0.6674877320489502,-0.04990834590999468,0.9827234469611278,0.7190614225703583,other,False
Syne4,-0.008256167563061145,0.9642296984190726,-0.16746963215338173,0.35958641831716076,0.07158570827494186,0.982528104601616,0.4264706625984276,other,False
Supt6,-0.008317157435701855,0.9639656263713585,-0.42542425031301623,0.015207287992429864,-0.10973114437450009,0.9824552767473126,0.025711758717064874,severity_oscillating,False
Cacna1d,-0.008554463451245305,0.9629381821311298,0.5490386171046596,0.0011372115557719206,0.08150016082945258,0.9821885542889168,0.00251994619721658,severity_oscillating,False
Mkln1,-0.008581046753361759,0.9628230902131165,-0.31515162655608975,0.07893128504662848,-0.1221662204598186,0.9821885542889168,0.1127810882416952,severity_oscillating,False
Pin1,-0.009024891885574603,0.9609015812337642,0.21334519452612816,0.241034625703051,0.03948976864932238,0.9813236460949525,0.30030389481432834,other,False
Fbxl16,-0.00907762206269007,0.9606733141291581,-0.45301301481593303,0.009223395644020796,0.05427742669672821,0.9813236460949525,0.016514054468287145,severity_oscillating,False
Psmd11,-0.00944466637094841,0.9590844778198782,0.2287431171728388,0.20793632784016683,0.1495569961612635,0.980418821915671,0.26450952825752894,other,False
Clmp,-0.009495159674003287,0.9588659177946263,-0.3323919319376085,0.06306553323006071,-0.025542318445519158,0.9803918714512706,0.09236212604264706,severity_oscillating,False
Cntnap1,-0.009614466561157428,0.9583495101792616,-0.563629555282802,0.0007817014978701174,0.0379773945308377,0.9802568380638488,0.0017961528561421033,severity_oscillating,False
Lamtor1,-0.010097720986027361,0.9562579648023816,0.5574973151715813,0.0009169994370085955,0.04469905727965853,0.9787062356454551,0.0020752502786960275,severity_oscillating,False
Skp2,-0.010168545954550197,0.9559514550595858,0.6085830666402563,0.00021926037328027888,0.029071191388650094,0.9785904309125827,0.0005822213243637181,severity_oscillating,False
Sytl5,-0.010201868807880987,0.9558072456352238,-0.5399403805926943,0.001424553909198314,-0.05427742669672821,0.9785904309125827,0.003083007845066016,severity_oscillating,False
Limk1,-0.010236998932038196,0.9556552164739223,-0.7556332396799432,5.739816629634882e-07,-0.13527346282001923,0.9785904309125827,3.900725811071627e-06,severity_oscillating,False
Crabp1,-0.01037799866334426,0.9550450413495111,-0.44297660993834276,0.011114674566860732,0.04352276629861488,0.9785904309125827,0.019483146036273744,severity_oscillating,False
Tmem43,-0.011040237770108083,0.9521795473786164,0.6303160313327753,0.0001104209937694184,0.19039109736035006,0.9779730046195843,0.0003162560057645954,severity_oscillating,False
Paip1,-0.011055470256263172,0.9521136435152422,-0.6809745294285605,1.7901096993019417e-05,-0.1221662204598186,0.9779730046195843,6.442243371878436e-05,severity_oscillating,False
Preb,-0.011122349762633215,0.9518242907664313,0.27930043410242994,0.12159969787873602,0.062175380426592694,0.9779730046195843,0.16558463931645287,other,False
Cdc42,-0.011453658867156519,0.9503909786244285,-0.5641409837265412,0.0007712555391476957,0.0006721662748820832,0.9774081415248407,0.0017777562156314486,severity_oscillating,False
Ccna1,-0.011794445214382604,0.9489168249026622,-0.1328180333551244,0.46866071940310083,-0.0744424149431907,0.9765693492971893,0.5339822045287508,other,False
Prdm9,-0.011941982520020865,0.9482786678084612,0.5677258379646358,0.0007014199829850113,0.12199817889109808,0.9762198757802141,0.0016293002428080796,severity_oscillating,False
Dab2,-0.011962856636580135,0.9481883815468445,0.5959138068419996,0.0003197626977428783,0.08670944945978873,0.9762198757802141,0.0008114972742221005,severity_oscillating,False
Pgr,-0.012270559271972657,0.9468575573480817,-0.7574514234021957,5.200552571648654e-07,-0.032768105900501554,0.97554441527622,3.614171480651197e-06,severity_oscillating,False
Myh7,-0.012366382968819608,0.9464431452188986,-0.24537784258181158,0.17585045434010566,0.15963949028449476,0.97531444116396,0.2281315278710272,other,False
Ackr2,-0.0123735259600868,0.9464122542215098,-0.26452938548767824,0.14344633894200892,-0.08318057651665779,0.97531444116396,0.19060166057389621,other,False
Grik1,-0.012672063293571505,0.945121251136859,-0.6152097772825043,0.00017883213592324713,-0.1540941185167176,0.9747398912351632,0.0004860003864381905,severity_oscillating,False
Slc7a10,-0.012729108502658062,0.9448745787253748,-0.7702487219174569,2.532995475703208e-07,-0.0888939898531555,0.9747398912351632,2.084001600251946e-06,severity_oscillating,True
Apc2,-0.01277435972481644,0.9446789089256583,-0.44940195754881823,0.009869780379782724,0.01646807373461104,0.9747398912351632,0.01756655607720575,severity_oscillating,False
Slit2,-0.012928704471652971,0.9440115341455382,-0.7592095598123811,4.7234915707763044e-07,-0.07780324631760112,0.9743834147463355,3.3914463532187625e-06,severity_oscillating,False
Slc11a1,-0.013076153352314617,0.9433740113842519,0.7585467481105598,4.898437087223461e-07,0.05965475689578488,0.9739224513400261,3.475233321547548e-06,severity_oscillating,False
Elavl3,-0.013092726154452576,0.9433023579251513,-0.8236932001090894,7.01592126736422e-09,-0.15896732400961266,0.9739224513400261,1.720587230039658e-07,severity_oscillating,False
Ddit4,-0.013432042860617808,0.9418353992155214,0.16597405447652328,0.3639545274532482,-0.0005041247061615624,0.9732886793278112,0.43045027696244353,other,True
Lhx5,-0.01352812182331339,0.9414200574515732,-0.6202106443161979,0.00015286980916534397,0.007057745886261873,0.9730868719474113,0.00042425946493602806,severity_oscillating,False
Ube3a,-0.0136512337010565,0.9408878766437343,-0.7121023679072536,4.857027497876151e-06,-0.10973114437450009,0.9727338992216638,2.163816355167358e-05,severity_oscillating,False
Mapk8,-0.013676021600366045,0.9407807279877829,-0.5243567070442832,0.0020655645342875393,-0.07208983298110343,0.9727338992216638,0.004307622522240695,severity_oscillating,False
Gucy2e,-0.013906515802181068,0.9397844382157229,-0.17908842239866832,0.3267260019448064,0.1330889224266525,0.9727338992216638,0.3937229709238028,other,False
Adra1a,-0.013906541146076765,0.9397843286739787,-0.6484278389536614,5.984816797635646e-05,-0.043858849436055926,0.9727338992216638,0.00018379621002251312,severity_oscillating,False
Ranbp1,-0.013921129881614052,0.9397212732145019,-0.1224301461988158,0.5044316257689787,-0.04990834590999468,0.9727338992216638,0.5688935934219678,other,False
Nox4,-0.013942465418483952,0.9396290573638204,0.4481310265522199,0.010106201315779,0.06772075219436988,0.9727338992216638,0.017943519983219174,severity_oscillating,False
Cnot2,-0.013945169162809072,0.9396173713718132,0.012428066741138069,0.946176386497002,-0.0961197773081379,0.9727338992216638,0.9572482640859198,other,False
Atoh1,-0.01431092571716142,0.9380366309341208,-0.1452525335371144,0.42766041673425215,-0.20568288011391744,0.9727338992216638,0.49422197230661996,other,False
Kcnj6,-0.014499226323379017,0.9372229162680435,-0.31349299062009556,0.08060677859747989,0.12065384634133393,0.9727338992216638,0.11491760134872693,severity_oscillating,False
Prap1,-0.014689761198251912,0.9363996098541082,0.05591590126637585,0.7611573324745675,-0.07124962513750081,0.9722317137931622,0.80210022733306,other,False
Zmynd19,-0.014817027970055118,0.9358497225436586,-0.33518178826095313,0.06075203640564896,-0.13275283928921142,0.9720056093360911,0.08941031093629986,severity_oscillating,False
Cdc27,-0.015027555321893477,0.934940151341012,-0.33083072502862415,0.06438998953411344,0.08368470122281935,0.9718401572994215,0.09411270390071996,severity_oscillating,False
Ddah1,-0.01572318134023237,0.9319353186992163,-0.3292711347701556,0.06573472420276928,-0.08620532475362716,0.9703617188578694,0.09582703139031432,severity_oscillating,False
Cd72,-0.015960416867837814,0.9309107623186397,0.5949681101121705,0.00032869000604564415,0.100992982801033,0.9694928131048144,0.0008304347304798567,severity_oscillating,False
Wipf1,-0.015992157984443683,0.930773689185993,0.7732381331404272,2.1270917822807359e-07,0.0752826227867933,0.9694928131048144,1.8149850764348426e-06,severity_oscillating,False
Dlk1,-0.01633216720272334,0.9293054918177995,-0.6237889682238874,0.00013641380556471278,-0.04553926512326113,0.9686678863675134,0.0003842334744260629,severity_oscillating,False
Prop1,-0.016394806028897313,0.9290350352128637,0.01133218832732968,0.950916468010223,0.04184235061140967,0.9686678863675134,0.9612811936821537,other,False
Wrnip1,-0.01685542164755366,0.9270464690441604,-0.3528875200912927,0.04758392398375909,0.06772075219436988,0.9673186346985426,0.0718335591125052,severity_oscillating,False
Tmem176a,-0.01692714127935796,0.9267368802118895,0.6926560958712199,1.1180046143194098e-05,0.19123130520395265,0.9673186346985426,4.3106134071378e-05,severity_oscillating,False
Kdm1b,-0.017159160584908895,0.9257354054957282,0.3557982356425209,0.04565585103731715,-0.04234647531757124,0.9666686393927757,0.06910697214876996,severity_oscillating,False
Gal,-0.01736703362271716,0.9248382491287368,0.26707694113596614,0.13948801829527754,0.031087690213296347,0.9663252578463101,0.18606913737557812,other,False
Myh10,-0.01737540074616988,0.9248021394682986,-0.8455064982224456,1.1291899116209474e-09,-0.15325391067311497,0.9663252578463101,5.6205073693140944e-08,severity_oscillating,False
Polr3e,-0.017897026388934447,0.9225512736699786,0.13446198284625932,0.4631246730789087,0.10368164790056132,0.9651218308020019,0.5294484440554714,other,False
Bbs5,-0.018078753943215512,0.921767238807268,-0.6195331216761533,0.00015617777535005049,-0.06637641964460571,0.9646973092236097,0.00043039591143198677,severity_oscillating,False
Prl3c1,-0.018297918954593633,0.9208217819772015,0.0787728440160265,0.6682546355883838,0.013107242360200623,0.9641034297753911,0.7196045801427794,other,False
Pik3cg,-0.01845389716919942,0.9201489715336238,0.6463188545546463,6.440355076626952e-05,0.06183929728915165,0.9635967776212307,0.00019672006734056336,severity_oscillating,False
Nsmce3,-0.018928560757980863,0.9181018505612996,-0.5677353309954313,0.0007012427068455112,-0.1018331906446356,0.9626387543089803,0.0016293002428080796,severity_oscillating,False
Map1b,-0.01905124833232331,0.9175728089625086,-0.8112974150143761,1.7794927291812513e-08,-0.13073634046456517,0.9626083081327267,3.015678542044373e-07,severity_oscillating,False
Hesx1,-0.01915082622897208,0.9171434441542251,0.16295292138759473,0.3728737930549063,-0.031759856488178424,0.9626083081327267,0.4398495524294168,other,False
Asap2,-0.01945885494946192,0.9158154166847363,-0.4305176613505421,0.013907438585016729,-0.11023526908066163,0.9618230266643689,0.02380598799401689,severity_oscillating,False
Kcnk10,-0.019526588127006337,0.9155234233049248,-0.7476646449853798,8.75883840408086e-07,-0.11494043300483622,0.9617143703209269,5.54949552539151e-06,severity_oscillating,False
Cdh6,-0.019567331418047895,0.915347786801104,-0.7070336096498001,6.074559952594471e-06,-0.055789800815212905,0.9617143703209269,2.5800441563850456e-05,severity_oscillating,False
Plin5,-0.019671765814725833,0.9148976081017495,-0.47312322475518725,0.006241731070686667,-0.10620227143136912,0.9614529664044137,0.01161162297285656,severity_oscillating,False
Celsr3,-0.019672557702965023,0.914894194658362,-0.10999132553310798,0.5489910017295598,0.024029944327034473,0.9614529664044137,0.6111748362772773,other,False
Ilkap,-0.019702742856898152,0.9147640823152707,0.04064835305801822,0.8251824006032507,-0.0436908078673354,0.9614529664044137,0.8558876424313098,other,False
Adgre5,-0.01987281087924154,0.9140310490069337,0.6950241500230658,1.0135589808398709e-05,0.0011762909810436454,0.9613021040743959,3.967892832896532e-05,severity_oscillating,False
Fthl17a,-0.019909856275169814,0.9138713837924295,-0.0190786136119874,0.9174548117428285,-0.1275435506588753,0.9613021040743959,0.9329490490073443,other,False
Blk,-0.020198658095918524,0.9126267649598281,0.37300299229901007,0.03549801599430999,0.03209593962561947,0.9608481172466632,0.055038109296952964,severity_oscillating,False
Grid1,-0.02055775550950981,0.911079484557021,-0.7558011451729121,5.687958987512576e-07,-0.06839291846925197,0.9598133933757464,3.884106933775321e-06,severity_oscillating,False
Lipm,-0.020679742753472265,0.9105539379456494,-0.26957815095122417,0.1356799068240994,-0.033608313744104154,0.9595093538261761,0.1820366135480618,other,False
Dmrt1,-0.020852300647006897,0.9098105858492727,-0.2939645460776627,0.10245514432122532,0.011426826672995414,0.9590708407557635,0.14232671328501373,other,False
Lin28b,-0.021056098660023156,0.9089327528054387,-0.4318767230703481,0.013576776809239738,-0.07293004082470603,0.9583435246094549,0.02334180603435521,severity_oscillating,False
Trpv4,-0.021353796927016038,0.907650646728483,0.6802765328484257,1.8399455092564163e-05,0.19274367932243736,0.9571895697667959,6.577128270999986e-05,severity_oscillating,False
Nelfe,-0.02138181149538709,0.9075300072481792,-0.19151302944725992,0.29371025756134345,-0.07948366200480633,0.9571895697667959,0.3581678278317984,other,False
Nf2,-0.02153696213226706,0.9068619168739133,-0.17235016948070217,0.3455507157108856,-0.17946839539351622,0.9567533894465008,0.41241324306065213,other,False
Pmch,-0.021560121509955957,0.9067621961954072,-0.46934546657073534,0.006728594753323418,-0.08855790671571445,0.9567533894465008,0.012395291381980048,severity_oscillating,False
Crhbp,-0.021678309482802666,0.9062533189187172,-0.39433691516723635,0.025527061630173473,0.05326917728440509,0.9567049213171309,0.04093478194766265,severity_oscillating,False
Abi1,-0.021901056074735276,0.9052943471724929,0.16615450042818358,0.36342583837792153,0.04940422120383311,0.9560882950159185,0.4301241766973962,other,False
Grm1,-0.022351092540828784,0.9033572450862148,-0.6335976006668023,9.910699961486577e-05,-0.01663611530333156,0.9548332588447538,0.00028855297091063376,severity_oscillating,False
Mapk8ip2,-0.02243480507516952,0.9029969792191523,-0.7396708140032923,1.3180949752473398e-06,-0.05058051218487676,0.9546502779268178,7.468579452697971e-06,severity_oscillating,False
Kcnc2,-0.022540773973848603,0.9025409578934898,-0.5914191551378288,0.0003641958722792903,-0.029071191388650094,0.9543659672916026,0.0009075540520257254,severity_oscillating,False
Gtf2h1,-0.02264139480936504,0.9021079793992551,0.02410348936582447,0.8958196638470362,-0.016300032165890516,0.9541059097896746,0.9155632348795295,other,False
Smdt1,-0.022736116760393187,0.9017004094657661,-0.5449007256141636,0.0012608955240826453,-0.12401467771574434,0.9538726231200483,0.0027616264784652528,severity_oscillating,False
Meiob,-0.0229807507536566,0.9006479114903789,0.27411936024449424,0.1289615232167446,-0.10317752319439977,0.9531545635917891,0.17401615131061052,other,False
Gmds,-0.023112775035130186,0.9000799672414049,0.0008811626235724977,0.9961811136745713,-0.07461045651191123,0.9527511751189887,0.9973542415807632,other,False
Slc17a8,-0.02311622890358713,0.9000651099831233,-0.4733054594529611,0.006219026579253028,-0.059486715327064364,0.9527511751189887,0.011577830138967043,severity_oscillating,False
Fezf2,-0.02329840206221508,0.8992815159906093,0.15365521532631446,0.4011182015354863,-0.062175380426592694,0.9526967836070817,0.46832317373140664,other,False
Ksr2,-0.023428151060312777,0.8987234744289805,-0.7849624448205744,1.044629227322093e-07,-0.07309808239342654,0.9525012347937314,1.0468867757504903e-06,severity_oscillating,False
Acer1,-0.024400027371180567,0.894545029864628,-0.44357423411390295,0.01099356842987926,-0.1238466361470238,0.9492561259287431,0.019290743914968732,severity_oscillating,False
Dlx6,-0.024516327378966928,0.8940451982270596,0.21299608483118648,0.24182362831329526,-0.08385274279153988,0.9491206152250221,0.30104845494785887,other,False
Ap2b1,-0.024522523720321095,0.8940185688449348,-0.7076001520872407,5.925936222393616e-06,-0.23576232091489066,0.9491206152250221,2.5232220926903035e-05,severity_oscillating,False
Elavl4,-0.024841791825051196,0.8926466370311694,-0.8334336071617429,3.2054695243223943e-09,-0.15241370282951236,0.948623019894999,1.0481474386902905e-07,severity_oscillating,False
Gem,-0.025018307506028764,0.8918882594282949,-0.014707660787824695,0.9363222685403314,-0.06351971297635685,0.9482121741024868,0.9493500083133035,other,False
Trh,-0.025243810614189788,0.8909195500431902,-0.6882106262565344,1.3407274210817237e-05,-0.068729001606693,0.947774895676812,5.0176453227717335e-05,severity_oscillating,False
Tmprss4,-0.025622641957264478,0.8892925263557179,0.38280949967396255,0.03058166286470353,0.10048885809487143,0.9470315609479159,0.04813238576761885,severity_oscillating,False
Cltrn,-0.025668884078692528,0.8890939535635869,-0.6236330314191886,0.00013709654464701267,-0.16216011381530257,0.9470178026994898,0.00038594341845718077,severity_oscillating,False
Star,-0.02566890379475914,0.8890938689003148,0.207235742041599,0.2550914250466954,-0.06906508474413404,0.9470178026994898,0.315983817183874,other,False
Klk8,-0.02593067833289744,0.887969882256849,0.7437303753782583,1.0730254331523687e-06,0.08402078436026039,0.9465428741586833,6.454602281262067e-06,severity_oscillating,False
Prune1,-0.026207381465191006,0.8867820288347587,-0.6882749224415897,1.337239332396303e-05,-0.15896732400961266,0.9463337090138293,5.0082656641362276e-05,severity_oscillating,False
Stau2,-0.026228518152838325,0.886691301454774,-0.7542850912800722,6.172099758316556e-07,-0.10855485339345643,0.9463337090138293,4.126327767650426e-06,severity_oscillating,False
Gnrhr,-0.026362385124085914,0.8861167219821442,-0.1768633426651164,0.33287098722948105,-0.07897953729864476,0.9461682266348642,0.3997116068402973,other,False
Rhoc,-0.026374738536772482,0.8860637019238033,0.6344663104277799,9.629108535814058e-05,0.030583565507134786,0.9461682266348642,0.00028115674093410136,severity_oscillating,False
Slc45a2,-0.026452296778459162,0.8857308379713753,-0.2676469776382668,0.138613342858022,-0.08217232710433467,0.9461682266348642,0.18515355709002257,other,False
Scamp4,-0.02652811863399541,0.885405444725542,0.3341871697472354,0.061569047165889,0.12132601261621599,0.9461682266348642,0.09042338131583519,severity_oscillating,False
Sult2a8,-0.026751882918382697,0.8844452563379113,-0.14592668349082713,0.42549582066715597,-0.0500763874787152,0.9454809847640301,0.49194337743045397,other,False
Crygd,-0.02682921475778163,0.8841134573169575,-0.019964770322845764,0.9136347109728966,-0.06167125572043113,0.9454809847640301,0.9294875669470972,other,False
Pdyn,-0.027042708381126455,0.8831975445498486,-0.4975074817022602,0.0037655351904717278,-0.04167430904268916,0.9450788073733538,0.007339700040732245,severity_oscillating,False
Jmjd6,-0.027180989788108643,0.8826043800300305,-0.014502880280647031,0.9372071268168343,-0.01092270196683385,0.9449803867303423,0.9499827195339077,other,False
Me1,-0.027834728683597973,0.8798009876594233,-0.6550569516377843,4.7350106967666664e-05,-0.09729606828918154,0.9424327673353041,0.00015020702465302714,severity_oscillating,False
Slc30a3,-0.027952769473687526,0.8792949512225384,-0.5709671605689282,0.0006431358444704882,-0.05041247061615624,0.9420885415219846,0.001504878872772459,severity_oscillating,False
Prkab1,-0.027975814785767588,0.879196162287209,0.7731516127627335,2.137949328450682e-07,0.15560649263520224,0.9420885415219846,1.817613254071155e-06,severity_oscillating,False
Kdm7a,-0.02840744643922258,0.8773462070401156,0.2981858659231685,0.09739065297917826,0.01932478040285989,0.940593316963352,0.13618139277598365,other,False
Ffar4,-0.028416468638516126,0.8773075450186831,0.34662477402408415,0.05195258569265587,-0.04469905727965853,0.940593316963352,0.07779333271731766,severity_oscillating,False
Plin4,-0.028578758734512304,0.8766121453447098,0.3508962878526136,0.048939931441975455,-0.03629697884363249,0.9402015461319101,0.07368435368521747,severity_oscillating,True
Irak2,-0.028891935365901514,0.8752704652291479,0.6432762487446455,7.152397798849874e-05,0.018148489421816245,0.9393550690372151,0.00021613969888586022,severity_oscillating,False
Dgkg,-0.02891423413117207,0.8751749480106928,-0.7128242478191348,4.702940962771083e-06,-0.07931562043608581,0.9393550690372151,2.1106492333251364e-05,severity_oscillating,False
Nr5a1,-0.028925477706089126,0.8751267865812944,-0.32641060283397627,0.0682581632351193,-0.07830737102376269,0.9393550690372151,0.09891616211998397,severity_oscillating,False
Atp2a3,-0.029016293455378317,0.8747377968472473,0.6187869423321977,0.00015989470659035607,0.057134133364977066,0.9393550690372151,0.0004394519926279129,severity_oscillating,True
Ppm1h,-0.029118701440314115,0.8742991887270382,0.4711588198076753,0.006491002260465237,-0.021677362364947182,0.9393550690372151,0.01201650354172841,severity_oscillating,False
Psen2,-0.02916829152016421,0.8740868101349081,0.7962562172330023,5.0462536044729266e-08,0.09359915377733008,0.9393550690372151,6.202636056967807e-07,severity_oscillating,False
Tmprss15,-0.029287237732620222,0.8735774363277524,-0.1628738315415025,0.3731090008551434,-0.037305228255955614,0.9393550690372151,0.4398495524294168,other,False
Abcd3,-0.029561524592806688,0.8724030234951536,-0.27060636011733014,0.13413675141217518,0.06570425336972363,0.9386475053467157,0.18025067675276757,other,False
Adgrg1,-0.02960234953595864,0.872228246271921,-0.3744787558535352,0.03471975084976756,-0.04133822590524811,0.9386475053467157,0.0539791067005987,severity_oscillating,True
Impad1,-0.02966047205810682,0.8719794259371885,-0.6488141513075537,5.904579543893289e-05,-0.10065689966359195,0.9386475053467157,0.0001816601945319642,severity_oscillating,False
Chrnb3,-0.029715090171665216,0.8717456187992183,-0.4736748103089015,0.006173225642139288,-0.12653530124655216,0.9386475053467157,0.011500958363970967,severity_oscillating,False
Sfpq,-0.029728258720575787,0.8716892489674705,-0.023896284690550353,0.8967104606295554,-0.1609838228342589,0.9386475053467157,0.9161065611198402,other,False
Ctnnbip1,-0.029943153484681448,0.8707694491917837,-0.755706048856039,5.71727674185119e-07,-0.226183951497821,0.9384734756660232,3.898907574890765e-06,severity_oscillating,False
Pcdh15,-0.030134353262434854,0.8699512088859112,-0.5319181501763921,0.0017286328172131807,-0.06721662748820831,0.9377897541265918,0.003675596498793012,severity_oscillating,False
Eipr1,-0.030559513850721337,0.8681322069504306,-0.5260018325663479,0.0019877597956492556,-0.1317445898768883,0.9364225814451568,0.0041692280911212395,severity_oscillating,False
Cd180,-0.03056539392379246,0.8681070543387952,0.7080057147168397,5.821576033564614e-06,0.0016804156872052079,0.9364225814451568,2.480857088321896e-05,severity_oscillating,False
Bcl2l1,-0.030574043106008402,0.8680700568109179,0.4219870645752107,0.016140592546328523,0.03999389335548395,0.9364225814451568,0.02710110683963851,severity_oscillating,False
Scn1a,-0.03073431903784579,0.8673845141486609,-0.7211675984076037,3.2169663783153704e-06,-0.03999389335548395,0.9363590487633111,1.546630112703742e-05,severity_oscillating,False
Srd5a3,-0.03082045086397848,0.8670161445518436,0.6010611025991152,0.0002748405205123836,0.045707306691981656,0.9362085845383054,0.0007105734896774804,severity_oscillating,False
Cse1l,-0.031150477274236896,0.8656049380932517,-0.3439950139832619,0.053879320659016454,-0.02537427687679864,0.9350806415107321,0.08036210955603594,severity_oscillating,False
Rab10,-0.03133474120299321,0.8648171945768851,-0.5983462392496348,0.0002977811651568193,-0.23307365581536232,0.9344275597408793,0.0007621584161891297,severity_oscillating,False
Elavl2,-0.03197144397682589,0.8620962234128855,-0.7815024659608535,1.2943290546629772e-07,-0.13964254360675277,0.931882355505219,1.2226615755251568e-06,severity_oscillating,False
Prl8a6,-0.031992427217896864,0.8620065770639863,0.0013506984121489395,0.9941462128184653,-0.11510847457355673,0.931882355505219,0.9960989651516384,other,False
Ddx42,-0.03205646037727123,0.8617330197032804,-0.36150145613001466,0.0420592312125301,-0.15039720400486611,0.931882355505219,0.0641195870935792,severity_oscillating,False
Fbxo41,-0.032168261363015434,0.8612554301881264,-0.7195169673236842,3.471645446047639e-06,-0.08939811455931707,0.931565722940974,1.6458051505844803e-05,severity_oscillating,False
Trim32,-0.032404261020666014,0.8602474491991163,-0.2975784992086117,0.09810740222294867,0.06183929728915165,0.9306727971081002,0.13710845444911265,other,False
Retn,-0.03256709581084777,0.8595520894238148,0.23577929545673504,0.19390626751332934,-0.029911399232252698,0.9306475077007637,0.24845914860223386,other,False
Il9,-0.032601752579546735,0.8594041065908509,-0.3036695128637687,0.09109802649946563,-0.053437218853125606,0.9306475077007637,0.12819062984104115,severity_oscillating,False
F2rl2,-0.03284990215447395,0.8583446563481906,-0.46793618444321655,0.006918327044063694,-0.09981669181998935,0.9303901598028305,0.012708097317885813,severity_oscillating,False
Il1rapl2,-0.03286667712740023,0.8582730459629866,-0.7028284222045168,7.287759592653786e-06,-0.10721052084369227,0.9303901598028305,3.0101102576621024e-05,severity_oscillating,False
Ube2g1,-0.03298272848118177,0.8577776667321119,-0.5164340014063717,0.0024785093045014647,-0.10401773103800237,0.9303686748884761,0.005063226256412484,severity_oscillating,False
Ube2n,-0.033019820308600546,0.8576193469827371,-0.3948575432283725,0.02531604569185181,-0.13964254360675277,0.9303686748884761,0.0406219405706625,severity_oscillating,False
Adcy3,-0.0332772701785389,0.8565206189352543,-0.24113301645122154,0.1836826549472485,0.07864345416120373,0.9299623357417435,0.23720638554073786,other,False
Gata1,-0.03347031689258202,0.8556969195223063,0.13673715572055586,0.45552039516778375,-0.0969599851517405,0.9297520657351825,0.5215734086982862,other,False
Ptpn23,-0.033612276859501015,0.855091294214284,0.3813788159512397,0.0312622270855541,0.07813932945504216,0.9294312149556921,0.049127732705918505,severity_oscillating,False
Gramd1a,-0.03371328694750772,0.8546604173413523,0.28476887188474787,0.11417273077558392,-0.11796518124180558,0.9291608671905878,0.15659991924879094,other,False
Cadps2,-0.03407427005437587,0.8531209153204814,-0.6706143602331266,2.6709761778674945e-05,-0.07242591611854446,0.9280972769842547,9.078285368578131e-05,severity_oscillating,False
Gjb1,-0.034319352802310424,0.8520760012925284,-0.8059895611449049,2.597072824005068e-08,-0.19828905109021452,0.9275372775486955,3.8622940161078284e-07,severity_oscillating,False
Emc10,-0.034398465282184536,0.8517387565429988,-0.15767053115524648,0.38877415219995437,0.03999389335548395,0.9274454142012866,0.45614519771602374,other,False
Mkx,-0.03445702472369513,0.8514891429090735,-0.46021654137821927,0.008040470860118991,0.015459824322287912,0.9274454142012866,0.014569961583469616,severity_oscillating,False
Grin1,-0.03446268973244875,0.8514649961695304,-0.5235191353842243,0.002106184602448914,0.011090743535554372,0.9274454142012866,0.004383373177108083,severity_oscillating,False
Snrpn,-0.03461175326792253,0.8508296698820511,-0.7146337907378825,4.335986890269985e-06,-0.05595784238393342,0.9271698667097507,1.9783424979666543e-05,severity_oscillating,False
Kcnc1,-0.03469832491090458,0.8504607335296186,-0.7669136536187185,3.0685713264003467e-07,-0.1130919757489105,0.9269658550714925,2.4230313213573017e-06,severity_oscillating,False
Gdf1,-0.03470895373787898,0.8504154395363726,-0.6662736210108811,3.1440735270323804e-05,-0.15392607694799704,0.9269658550714925,0.00010448155740320633,severity_oscillating,False
Cngb3,-0.03501141349148463,0.8491267255817471,-0.2552915117846275,0.1584857396817822,-0.10468989731288446,0.9261540976972059,0.2082523848832486,other,False
Paxip1,-0.03522515958616499,0.8482162313544941,-0.33446048187982363,0.06134368510796871,-0.16518486205227195,0.925508234468294,0.09012503967043445,severity_oscillating,False
Isca1,-0.03542361105486201,0.8473710596541008,-0.7727350543522589,2.1909368892284245e-07,-0.1347693381138577,0.9247838629216021,1.8442417816927043e-06,severity_oscillating,False
Syn3,-0.03565429299153971,0.8463888331529383,-0.6638974749295228,3.433836032344492e-05,0.0018484572559257287,0.9245030916302225,0.00011249837894020072,severity_oscillating,False
Samd14,-0.03576214906943128,0.845929667616883,-0.3771262649506468,0.033358221966970567,0.03377635531282468,0.9241994505276763,0.05206863226851801,severity_oscillating,False
Hdac4,-0.03595600009607224,0.8451045287841273,-0.40690483953342077,0.020819077011413792,-0.06923312631285457,0.9234957586392102,0.03399427395493654,severity_oscillating,False
Kcnk5,-0.036010568548933655,0.8448722838484772,-0.6180293180304541,0.00016374916664251414,-0.18652614127977807,0.9234397942813547,0.0004482153802682478,severity_oscillating,False
Cbfb,-0.03610505019301399,0.8444701974660805,0.5221943387311556,0.0021718523377387607,0.01714024000949312,0.9233410055952018,0.004505335003987564,severity_oscillating,False
Ccnd3,-0.0363237463761625,0.8435396378343853,0.42221024810424224,0.01607857529059976,0.0048732054928951034,0.9229720490332903,0.027014760394383854,severity_oscillating,False
Cd79a,-0.0363610838058106,0.8433807864896593,0.37101117074258655,0.03657075844622419,0.049740304341274154,0.9229720490332903,0.056512401949163765,severity_oscillating,False
Atp4a,-0.03646804496067437,0.8429257558954065,-0.2273399846135373,0.21081557666169373,-0.1221662204598186,0.9228942435764046,0.2675650630721407,other,False
Cbx1,-0.03655427288309039,0.8425589641513421,0.29444593699404514,0.10186775982273884,0.03864956080571978,0.9228888288889836,0.14158785908877133,other,False
Adgrg7,-0.0365610037200137,0.8425303342385781,-0.04587777469340162,0.8031058149264079,-0.04990834590999468,0.9228888288889836,0.8363909273049421,other,False
Wapl,-0.0365929218555038,0.8423945717265312,-0.114925877505891,0.5310958114892159,-0.08670944945978873,0.9228888288889836,0.5946268073763148,other,False
Cdkn2c,-0.036624008837927546,0.8422623487643883,0.59413270827177,0.0003367593192109318,-0.08418882592898091,0.9228888288889836,0.0008483008826147965,severity_oscillating,False
Snf8,-0.03688638144495604,0.8411465619278145,0.11762408772636992,0.5214310221663115,0.022349528639829266,0.9227287338481249,0.5859924309474235,other,False
Hes2,-0.03699188553206059,0.8406979719921165,-0.21353041026800063,0.2406167295171258,-0.13863429419442966,0.9227053460921822,0.29994768750411993,other,False
Tfrc,-0.037022496268899134,0.8405678282201419,-0.7487221522631164,8.288512287188452e-07,-0.17560343931294423,0.9227053460921822,5.271783189145673e-06,severity_oscillating,False
Scn9a,-0.03729247029439575,0.8394201934746267,-0.15481344638720637,0.39753481422859194,-0.0736022070995881,0.9224218886070812,0.4649908478284906,other,False
Kcnj9,-0.03734641905081035,0.8391909010346179,-0.4152125163421121,0.018120209451845806,-0.015459824322287912,0.9223686244726538,0.029961487330264328,severity_oscillating,False
Dnajb6,-0.03737817924910163,0.8390559202284467,-0.38502040933910936,0.029553730929478935,-0.07897953729864476,0.9223686244726538,0.04670185299605702,severity_oscillating,False
Rph3a,-0.03761999930765541,0.8380283328609945,-0.8294360618020106,4.44713622927331e-09,-0.13107242360200622,0.921903142537761,1.2816294861877488e-07,severity_oscillating,False
Wnt9b,-0.03764469828228333,0.8379233920474085,-0.2513168454753373,0.1652933160996057,-0.1018331906446356,0.921903142537761,0.21608436838136563,other,False
Lnpk,-0.038073106108604024,0.8361036129422172,-0.7290390054158672,2.220278957789795e-06,-0.1277115922275958,0.9209279389600958,1.1413945571641915e-05,severity_oscillating,False
Cacna1c,-0.03809193906970933,0.8360236338307594,-0.5429863593098816,0.0013219944817133387,-0.07847541259248321,0.9209279389600958,0.002874464557212166,severity_oscillating,False
Barhl2,-0.038491918017235255,0.8343253994151655,-0.5849707506966354,0.00043749214288092404,-0.07981974514224738,0.919717391233834,0.001071362179949877,severity_oscillating,False
Sptan1,-0.03908870831296201,0.8317929065156954,-0.721282636547564,3.1998661110024463e-06,-0.06805683533181092,0.918591819903997,1.5413141673487706e-05,severity_oscillating,False
Angpt4,-0.03910259475310151,0.8317339987203645,0.6444748472260544,6.863883179782076e-05,-0.08200428553561415,0.918591819903997,0.00020853286539647628,severity_oscillating,False
Olig3,-0.03976057669282167,0.8289438010984936,-0.2676187336519985,0.13865658637282297,-0.0509165953223178,0.9166534856011732,0.18515372960412826,other,False
Supt20,-0.039781302542767495,0.82885594541237,0.1262217284838397,0.49121914508348763,-0.16300032165890516,0.9166534856011732,0.5562061840334895,other,False
Phtf1,-0.039867019580755364,0.8284926174026072,-0.4346598634562268,0.012920160585908167,-0.08586924161618613,0.9166534856011732,0.022340928524989003,severity_oscillating,False
Cyp11b2,-0.039874739739759676,0.8284598957447306,-0.2207398648055685,0.22472573862167367,-0.09662390201429945,0.9166534856011732,0.2829030767440386,other,False
Lhfpl5,-0.04005059462347892,0.8277146168057765,-0.42819928749932556,0.014487061370285392,0.015795907459728954,0.9164689082540192,0.02470695421257967,severity_oscillating,False
Snx4,-0.04016134732962551,0.8272453185994256,0.5357460826971958,0.0015771280875356128,0.0541093851280077,0.9163470945006883,0.0033901940052756684,severity_oscillating,False
Aifm1,-0.040206147113415636,0.8270555027637334,-0.42654442780135005,0.014913041197294204,-0.08906203142187602,0.9163470945006883,0.025323376547069818,severity_oscillating,False
Frmd7,-0.04021538479784982,0.8270163640617659,-0.5067312673408099,0.0030802769684440596,-0.08956615612803757,0.9163470945006883,0.006130508316829164,severity_oscillating,False
Slc32a1,-0.0403664768137603,0.8263762674927561,-0.610050295308922,0.0002096678186354443,-0.03915368551188134,0.9163470945006883,0.0005590776491685317,severity_oscillating,False
Wt1,-0.04064555227789108,0.8251942612267726,0.41709033604174517,0.017552292825330437,0.053437218853125606,0.9157090640719153,0.029135777970065262,severity_oscillating,False
Jade2,-0.04074517850022051,0.824772391677051,0.6280764722292507,0.00011879161091693364,0.16804156872052078,0.9155960761577011,0.00033795650155453346,severity_oscillating,False
Sncb,-0.04079033109306123,0.824581207784291,-0.7762129355883431,1.783081755552366e-07,-0.09443936162093268,0.9155830955393269,1.579093567308563e-06,severity_oscillating,True
Rad50,-0.04085662629270001,0.8243005203325953,0.4311513628707491,0.013752428580682418,0.037305228255955614,0.9154707063393356,0.02361196169305319,severity_oscillating,False
Scnn1b,-0.04095082952393242,0.8239017096628156,0.17265366685059197,0.34468899810494547,-0.033608313744104154,0.9154707063393356,0.4114810623293534,other,False
Cd79b,-0.04114149620548267,0.8230946517978858,0.3556922244225457,0.045724959984540396,-0.006889704317541352,0.9152516481762571,0.06917052813794204,severity_oscillating,False
Snap25,-0.04131841797500631,0.8223459324701442,-0.7765777169605119,1.7446041180204565e-07,-0.08351665965409884,0.9150892799341555,1.55309347400041e-06,severity_oscillating,False
L3mbtl2,-0.041562766361096994,0.821312121408606,0.011626730185062288,0.9496422963651835,0.036969145118514575,0.9141420753448175,0.9603737814747821,other,False
Cd163,-0.041794537531851764,0.8203317952312805,-0.06329468006360993,0.7307343530753384,-0.08166820239817311,0.9132502155117332,0.775426655926212,other,False
Ticam2,-0.0419915745603424,0.819498593993038,0.7023076207639618,7.452367566387971e-06,0.04654751453558426,0.9127210323053465,3.063217321204274e-05,severity_oscillating,False
Hr,-0.04211380185403878,0.8189818342843274,-0.708241374328992,5.761703779145399e-06,-0.10334556476312029,0.9123446902564651,2.4594519646377136e-05,severity_oscillating,False
Lhb,-0.04242165374159223,0.8176806111124583,-0.21962229008629558,0.22714126504020118,-0.022517570208549786,0.9113512053723812,0.2855218316831114,other,False
Htr1a,-0.04246556467282016,0.8174950478888116,-0.806464990760138,2.511783531096393e-08,-0.14737245576789673,0.9113512053723812,3.76789495335327e-07,severity_oscillating,False
Cyp1a1,-0.042559471023585496,0.817098241584689,-0.21212245770854118,0.2438056132432208,-0.1221662204598186,0.9112413927248576,0.3032558968918969,other,False
Psmd1,-0.042599298773054926,0.8169299607290289,-0.5071633292616409,0.003051014635564306,-0.08754965730339134,0.9112413927248576,0.006079385021880284,severity_oscillating,False
Mmrn1,-0.042807315670169606,0.81605117465848,-0.29609914025809797,0.09986990610360756,-0.17761993813759047,0.9108702498759096,0.13934255772278506,other,False
Ndor1,-0.04286867638097243,0.815791992697664,0.3172771720127889,0.07682358075118326,0.036465020412353014,0.9107802483586744,0.11018453762160745,severity_oscillating,False
Ufd1,-0.04310267653935781,0.814803773443041,-0.2186052137084339,0.2293547880745995,-0.05310113571568456,0.910270050232267,0.2876662832477335,other,False
Pik3cb,-0.04314363552076862,0.8146308259694637,0.48355688235747857,0.005050312160145112,-0.09427132005221217,0.910270050232267,0.009626921647571082,severity_oscillating,False
Plcb2,-0.043288878991057635,0.8140176110441816,0.7016836948674496,7.653999466659931e-06,0.006049496473938749,0.9099942656007824,3.1309584025206344e-05,severity_oscillating,True
Spink8,-0.043324648044448084,0.8138666114241744,-0.08251947982736488,0.6534347551288818,-0.006553621180100311,0.9099942656007824,0.7055822789823086,other,False
Cacna1s,-0.043345168058151105,0.813779988827148,0.5773541672526462,0.0005406484248683662,0.04184235061140967,0.9099942656007824,0.0012905229832725952,severity_oscillating,False
Unc93b1,-0.04374148384958654,0.8121074178570481,0.6578274208981009,4.2862354974479326e-05,0.030583565507134786,0.9095241614344111,0.00013707891706885207,severity_oscillating,False
Dct,-0.043923931210458816,0.8113377084529579,-0.08635816492843579,0.638384198227399,0.09847235927022518,0.9089904789849634,0.6922614360454852,other,False
Tdh,-0.044001934159631766,0.8110086821681113,-0.45744841434002964,0.008478817323819415,-0.1372899616446655,0.9088214603997222,0.015293651757002417,severity_oscillating,False
Rcor1,-0.04400765874207596,0.8109845364039987,0.7178589921965862,3.7457599320525615e-06,0.06251146356403374,0.9088214603997222,1.749736393168509e-05,severity_oscillating,False
Fam104a,-0.04431185671312668,0.8097017032403148,0.4228632971828414,0.015898249029277858,0.03680110354979405,0.9079552403228941,0.02674702120657861,severity_oscillating,False
Mtnr1a,-0.044313067521799455,0.8096965981065115,-0.06393277128964979,0.7281215273873365,-0.011258785104274893,0.9079552403228941,0.7732975038939836,other,False
Smarcc1,-0.045082625780829916,0.8064534719490205,0.13204962636139664,0.47126021803972207,-0.0742743733744702,0.9053856283772257,0.5364647114975725,other,False
Hivep2,-0.045098167184253884,0.8063880086144694,-0.15921977103763088,0.38407076067570145,-0.05730217493369758,0.9053856283772257,0.45104494678896934,other,False
March2,-0.04522049472943961,0.8058727868039235,-0.4946550365087675,0.004002432532087363,-0.10737856241241278,0.9052537074403906,0.007771758030520609,severity_oscillating,False
Aqp5,-0.04523219894074311,0.805823494940622,0.14329861095778368,0.4339684285192926,0.23878706915186004,0.9052537074403906,0.5003781541313091,other,False
Hand2,-0.04524081636431339,0.8057872034403787,-0.03737965881351619,0.8390496321908882,-0.10973114437450009,0.9052537074403906,0.868150914838423,other,False
S1pr3,-0.04542028891330325,0.8050314613614891,0.6419492107524846,7.484469266080643e-05,0.03629697884363249,0.9049064531522599,0.00022524057655620862,severity_oscillating,True
Aida,-0.04569451142708709,0.803877070068683,-0.11647164708262507,0.5255484460433844,-0.17997252009967776,0.9042066007542121,0.5895191993311639,other,False
H2-Aa,-0.045742858210908524,0.8036735871944447,0.6714366051283281,2.5889541112226186e-05,0.013779408635082703,0.904177099311615,8.887116366989621e-05,severity_oscillating,False
Clic3,-0.04574612134846274,0.8036598536930208,-0.3466428889684903,0.051939505759101806,-0.02537427687679864,0.904177099311615,0.07779333271731766,severity_oscillating,False
Acaca,-0.04582903317207006,0.8033109236774085,-0.5545878834326614,0.0009880938374502506,-0.03209593962561947,0.904177099311615,0.0022184272292401974,severity_oscillating,False
Pde3b,-0.04619224219499129,0.8017828170172043,0.4324634079334301,0.013436085119029415,0.021005196090065098,0.9032451743826765,0.02312330303379523,severity_oscillating,False
Khdrbs1,-0.04632633373195393,0.8012188435537484,-0.30961896565355657,0.0846268731796862,-0.08351665965409884,0.9028092160299692,0.1198449972486339,severity_oscillating,False
Pitx2,-0.04645529903344411,0.8006765231716162,-0.45674348389031355,0.008593629417565895,-0.07545066435551384,0.9023974690009753,0.015495264637328962,severity_oscillating,False
Carmil1,-0.046513242402962715,0.8004328914045147,-0.22635074757109203,0.21286187750487795,-0.18165293578688296,0.902322249514791,0.26969906536323457,other,False
H1foo,-0.046574875229936016,0.800173766970882,0.04196332995062961,0.8196180187980093,0.05747021650241811,0.9022295281428978,0.8508082038845433,other,False
Fst,-0.046808273636482337,0.7991926736174619,0.6234261075734544,0.00013800723001683736,0.3054995719339068,0.9015218549585744,0.0003880787653340063,severity_oscillating,False
Hmx3,-0.04688601346585405,0.7988659598897945,0.23369309318697162,0.19799543393690797,0.0047051639241745815,0.9013526346821149,0.25306306903336695,other,False
Eif4ebp1,-0.047181431494273424,0.797624724869052,0.4743837432319306,0.0060861218514552265,0.005881454905218227,0.900549739167117,0.011367743524083892,severity_oscillating,False
Robo3,-0.04734457772640467,0.7969394538682573,-0.38351896316740597,0.030248681818806734,-0.08385274279153988,0.9001745248410054,0.04765241691097379,severity_oscillating,False
Rock1,-0.04742129746424748,0.796617255561131,0.3098624566919317,0.08436975576548497,0.09427132005221217,0.9000098827502391,0.11958047350923558,severity_oscillating,False
Elovl4,-0.047491732267710786,0.796321480924989,-0.6340610543921588,9.759568445006541e-05,-0.027222734132724368,0.8998750275140383,0.00028464012943383855,severity_oscillating,False
Hras,-0.04759887422954013,0.795871616334383,-0.4581979700518172,0.008358166759853071,-0.055789800815212905,0.899565946138198,0.015097382663601458,severity_oscillating,False
Eomes,-0.04760931802818538,0.7958277686541511,0.38094794513321595,0.03146958687238907,-0.0339443968815452,0.899565946138198,0.04942314120568247,severity_oscillating,False
Ccnd2,-0.04772797159424712,0.7953296515619859,0.25469761052503015,0.15948992682343344,-0.06368775454507739,0.8994586694692496,0.20935618032072414,other,False
Tmem120a,-0.047824210469257236,0.7949256912547277,0.5905521959769674,0.0003733698036066195,0.07965170357352686,0.8994483336249215,0.0009286003745477162,severity_oscillating,False
Kdm6a,-0.047979380694220246,0.7942744779803828,-0.4640066842576449,0.007471602703810392,-0.05545371767777186,0.8991553733195589,0.013640889546219328,severity_oscillating,False
Adam17,-0.0481226180207331,0.7936734650495375,0.6738637417337459,2.3599045789740308e-05,0.07830737102376269,0.8986744384500979,8.205775908211677e-05,severity_oscillating,False
Rasd1,-0.04822920922462786,0.7932262918902476,0.05495512056443855,0.7651456755411974,0.054781551402889775,0.8985670253013887,0.8049098970789128,other,False
Ap1b1,-0.048284362847155315,0.7929949358304716,-0.6440073380112952,6.975152040756543e-05,-0.11796518124180558,0.8985107593136145,0.00021166121689410546,severity_oscillating,False
Tmem98,-0.04849316619273156,0.7921192132743793,-0.5740307919578644,0.0005920163242377512,-0.18064468637455985,0.8979111348694686,0.001396151303715566,severity_oscillating,False
Ccl11,-0.048675661987250714,0.7913540284990839,-0.008221042673255574,0.9643817827625374,-0.0872135741659503,0.8972431427814686,0.9723881150171384,other,False
Got2,-0.04868544587700835,0.7913130111078085,-0.4767751418650401,0.0057999998990813425,-0.08536511691002456,0.8972431427814686,0.010905197008925149,severity_oscillating,False
Mmp7,-0.048687872978003185,0.7913028359603842,0.0999572676367501,0.5862258655432184,-0.030415523938414263,0.8972431427814686,0.6449913753032304,other,False
Prkaa1,-0.04892944275488445,0.7902902708907615,-0.31177398160676506,0.0823720411494786,-0.12871984163991892,0.8967513140619173,0.1171396102323642,severity_oscillating,False
Hif3a,-0.049251454688473514,0.7889410465956703,0.02075388856683252,0.9102345203752847,-0.08939811455931707,0.8959012196537209,0.9268177440634846,other,False
Ccdc184,-0.049400897714776064,0.7883150867421076,-0.3649742951364339,0.03998301870331458,0.10116102436975352,0.8956528151849172,0.0613209195446806,severity_oscillating,False
Kmt5c,-0.049458574550593506,0.7880735351368205,0.3796281057726387,0.032111744039077975,-0.0001680415687205208,0.8956528151849172,0.0502336496282327,severity_oscillating,False
Spred1,-0.04946285520461279,0.7880556084530107,-0.6768313584329478,2.1047572212373798e-05,-0.08351665965409884,0.8956528151849172,7.435156915188279e-05,severity_oscillating,False
Smarcd2,-0.04968696256963548,0.7871172322072457,0.5169782487060539,0.002448012207655515,-0.1502291624361456,0.8956245820854696,0.005012355598148249,severity_oscillating,False
Wnt2b,-0.04991801573273336,0.7861500797434361,-0.10017825637095927,0.5853939833724839,-0.036465020412353014,0.8953229642266729,0.6443881547654382,other,False
Cryge,-0.0501277257927968,0.7852725371632976,-0.2834513819107364,0.11593028868395311,-0.016131990597169996,0.8945232720120547,0.1586692789312704,other,False
Akt3,-0.05043230423683499,0.7839984742952115,-0.5418479522591416,0.0013595428522705344,-0.043354724729894364,0.893471004776558,0.00295107578273702,severity_oscillating,False
Hcrt,-0.050505301256491615,0.7836932065447462,0.18992424651604814,0.29780916810618163,-0.056293925521374466,0.8933862378863012,0.3626057592797789,other,False
Marveld2,-0.05086547456130006,0.7821874536344327,0.17049546076668157,0.35084504139037787,-0.005209288630336145,0.8920049633331637,0.41804731514419935,other,False
Irf4,-0.050886509543768874,0.7820995379416571,0.6069280657130891,0.00023054759736159292,0.03260006433178103,0.8920049633331637,0.0006090229384471701,severity_oscillating,False
Kcng2,-0.050964059713975246,0.7817754398966043,-0.5917932391446845,0.0003602995084464019,-0.07662695533655749,0.8920049633331637,0.0008996024437518826,severity_oscillating,False
Nup62,-0.051090081004148545,0.7812488478283846,0.49760865615213384,0.003757359455452168,0.02520623530807812,0.8919643221417985,0.007326563678234522,severity_oscillating,False
Nrcam,-0.051137989037942144,0.78104868446198,-0.02729870400235806,0.8820994886493798,-0.09981669181998935,0.8919643221417985,0.9042583383441491,other,False
Sdhc,-0.051155447766174866,0.7809757440049007,-0.11480942678687582,0.5315148614352974,-0.08452490906642195,0.8919643221417985,0.5947465190555312,other,False
Ubtf,-0.051415266376041616,0.7798904696827973,0.06629638030123945,0.7184694370034379,0.017308281578213642,0.8913782849769099,0.7652772182406633,other,False
Tbpl1,-0.05160723642183813,0.7790888632489416,-0.3155886412079145,0.07849433490756688,-0.10502598045032549,0.8913782849769099,0.11228255815016788,severity_oscillating,False
Dync1h1,-0.05167810960090532,0.7787929754830945,-0.7784261434663549,1.5610506537096772e-07,-0.1340971718389756,0.891322182620432,1.414372892464132e-06,severity_oscillating,False
Grn,-0.05220575012465477,0.7765910930456909,0.8034486601104723,3.099733683189014e-08,0.05797434120857967,0.8894008005446944,4.3558516578366835e-07,severity_oscillating,False
Fcmr,-0.052230137540302125,0.7764893636136612,0.2681744669142963,0.1378075301437372,0.004369080786733541,0.8894008005446944,0.18442532338883771,other,False
Rap1a,-0.05250188988972041,0.7753560249651945,-0.7667762953090811,3.0927005408535403e-07,-0.0952795694645353,0.8883852388471377,2.434547138718196e-06,severity_oscillating,False
Rcc2,-0.052526243356217334,0.7752544813683485,0.5108473298706976,0.002811118777171773,0.0946074031896532,0.8883852388471377,0.005649927849626956,severity_oscillating,False
Suv39h1,-0.05260595659693462,0.7749221365732181,0.13708945536042966,0.4543489035288406,0.06435992081995946,0.8883852388471377,0.5205826048743522,other,False
Trib3,-0.05268571125582986,0.7745896582539045,0.619903582982103,0.0001543611934296277,0.13762604478210652,0.8883052713024205,0.0004266276956847151,severity_oscillating,False
Bap1,-0.05292573668446526,0.773589285861805,-0.7090605338937265,5.557903241796019e-06,-0.15426216008543808,0.8877567935165506,2.3924780115106743e-05,severity_oscillating,False
Wdr62,-0.053094005869363546,0.7728881901072115,0.6946025688584292,1.0314811697106825e-05,0.0477238055166279,0.8871518131721167,4.0287790556617086e-05,severity_oscillating,False
Slc19a2,-0.05322015644050158,0.7723626974166008,-0.7188295353831714,3.5830079282751097e-06,-0.09830431770150466,0.886947798181468,1.6915553637039032e-05,severity_oscillating,False
9630013A20Rik,-0.05355129725930576,0.7709837693985442,-0.003934745879260977,0.9829483052509443,0.10233731535079717,0.8859596339030692,0.9877894612066719,other,True
Cdh3,-0.053563222150308815,0.7709341248583857,-0.5700886998429383,0.0006584940167408546,-0.08099603612329102,0.8859596339030692,0.0015379935803091116,severity_oscillating,False
Sv2a,-0.053576519167254574,0.7708787690676797,-0.4182392048954194,0.017212191053241416,-0.04839597179150999,0.8859596339030692,0.028692609987772698,severity_oscillating,False
Kmt2d,-0.05364788659192178,0.7705816837473345,0.422652109285797,0.015956378808714415,0.06805683533181092,0.8859596339030692,0.026827122051170806,severity_oscillating,False
Eif2s2,-0.053868034755231956,0.7696654616021306,-0.1795601090899074,0.32543239176924676,-0.08872594828443497,0.8855257802630915,0.3923494753994157,other,False
Apc,-0.053907270302657906,0.7695022014011824,-0.6689444418749423,2.84480218533961e-05,-0.13392913027025508,0.8855257802630915,9.553216555245128e-05,severity_oscillating,False
Cacna2d2,-0.05410626577834968,0.7686743251474154,-0.6582756582108621,4.217336145869901e-05,-0.07040941729389821,0.8851033256381413,0.00013512959598041687,severity_oscillating,False
Pja1,-0.05443231496525484,0.7673184116664457,-0.28285572753018207,0.11673149353221614,0.035960895706191445,0.8839940949069319,0.15963735884928537,other,False
Trhr2,-0.05483133864147068,0.7656599450382912,-0.6999346381459339,8.2458522828452e-06,-0.1940880118722015,0.8830276689216195,3.330331947331224e-05,severity_oscillating,False
Hk1,-0.054849287921384875,0.7655853661354701,-0.25850553943102345,0.15313007603895665,0.07797128788632166,0.8830276689216195,0.2019432569479622,other,False
Nos1ap,-0.05497119477937479,0.7650789001455928,-0.525191302151037,0.002025768320758547,-0.10553010515648706,0.8828203406505598,0.004233283164354507,severity_oscillating,False
Slc11a2,-0.05517693676058685,0.7642243546897092,0.7288877969418793,2.2364170212255506e-06,0.08032386984840893,0.882610347112866,1.1465289673639733e-05,severity_oscillating,False
Kndc1,-0.05554056116929477,0.7627147143097404,-0.5161025619434864,0.002497242665771907,-0.13275283928921142,0.8816242369576219,0.005091300894525378,severity_oscillating,False
Cntn2,-0.05609929616860414,0.7603967136577993,-0.7539843446929015,6.272498577812371e-07,-0.15795907459728953,0.8795427746867197,4.1770254889583425e-06,severity_oscillating,False
Brs3,-0.0561781207232666,0.7600698612690745,-0.0760538873582555,0.6790872825229082,-0.07293004082470603,0.8793641103047288,0.7292682585577589,other,False
Sox14,-0.05626583516368612,0.7597061940405678,-0.7312987801271648,1.9913853903744773e-06,-0.14165904243139904,0.8793422500115581,1.0537403398651669e-05,severity_oscillating,False
Dock8,-0.056308882144587374,0.759527738143793,0.7361853904794202,1.5680580614722764e-06,-0.005377330199056666,0.8793422500115581,8.619250184881553e-06,severity_oscillating,False
Anxa2,-0.056934278934949976,0.7569364632030747,0.61450809322074,0.00018277300161031605,0.03444852158770676,0.8785285321499168,0.0004956539506721011,severity_oscillating,False
Kcns3,-0.05698865421203191,0.7567112862042544,-0.7821711091209531,1.2421865294203472e-07,-0.09259090436500696,0.8784670621137692,1.1888167892257395e-06,severity_oscillating,False
Spatc1l,-0.0571799746885165,0.755919152450397,-0.5354893537272327,0.0015869135225487973,-0.06536817023228259,0.8784268498024791,0.003408356159377438,severity_oscillating,False
Hprt,-0.05727575589003697,0.755522676124862,-0.2924873896219519,0.1042735069598104,-0.021509320796226663,0.8784089112140452,0.14453781494619372,other,False
Slco4c1,-0.05740761714480693,0.7549769501431864,-0.3601659009942689,0.042880361581977666,-0.09897648397638675,0.8780523079526662,0.06523493123461618,severity_oscillating,False
Cux2,-0.057540491817337745,0.7544271473739496,-0.5685082737821832,0.0006869402810247889,0.0013443325497641664,0.8779864588123059,0.001600768558020762,severity_oscillating,False
Nyap1,-0.05763282326721302,0.7540451720230813,-0.5341121148826541,0.0016403180944055819,-0.07545066435551384,0.8779864588123059,0.0035171343419768274,severity_oscillating,False
Cnot8,-0.05783896449581121,0.7531925716121763,0.4136417178059954,0.018606920031023495,0.04637947296686374,0.8773773253696533,0.03071647219360869,severity_oscillating,False
Ncor2,-0.05804436621657412,0.7523433138138891,0.07389017314903151,0.6877530794165023,-0.0006721662748820832,0.8767884952626567,0.7370227853158778,other,False
Cfap36,-0.0581286871361723,0.7519947612540615,-0.6762634578978945,2.1515664476948094e-05,-0.08284449337921675,0.8767829204930212,7.563845933625929e-05,severity_oscillating,False
Grxcr2,-0.05816789153459887,0.7518327206169194,-0.012339005904251283,0.9465615423792468,-0.218117956199236,0.8767829204930212,0.9574480324561845,other,False
Sp9,-0.05828932431571844,0.7513308774004783,-0.3941682676340611,0.025595724926475816,-0.08687749102850925,0.8765766519350492,0.04103199021054467,severity_oscillating,False
Emc6,-0.05837862694912795,0.750961881573033,-0.4667694768497721,0.007078831937340607,0.05915063218962332,0.8763799034326335,0.012965573325807698,severity_oscillating,False
Tlr3,-0.058619912877765266,0.7499651657772223,-0.2316108034576781,0.20213623708767964,-0.10048885809487143,0.8756547747712574,0.2579031879400335,other,False
Ptgs1,-0.0586326626973451,0.7499125091975234,0.7941641061809128,5.793841861723067e-08,0.09074244710908122,0.8756547747712574,6.873113334104504e-07,severity_oscillating,False
Cckbr,-0.05911104155305726,0.7479376122556454,-0.710923604762488,5.118505949976191e-06,-0.06889704317541352,0.874250632473888,2.2527609017108326e-05,severity_oscillating,False
Afp,-0.06007165281833149,0.7439766585982336,0.4377468588326914,0.012223234723893604,0.04167430904268916,0.8705580371360799,0.02128010932647825,severity_oscillating,False
Lep,-0.06010324392870915,0.7438465053201359,-0.08786214814710723,0.6325253627606766,-0.09141461338396331,0.8705580371360799,0.6876623775452284,other,False
Pla2g2e,-0.060144903453135036,0.7436748814619267,0.7472467909640402,8.951291671231538e-07,-0.11326001731763101,0.8705580371360799,5.630152751535397e-06,severity_oscillating,False
Nxph4,-0.06023578735908086,0.743300510911399,-0.6689604529607415,2.843088291781585e-05,-0.08486099220386299,0.8704260574286149,9.553216555245128e-05,severity_oscillating,False
Hnrnpk,-0.06031576762633465,0.7429711024550569,-0.2860189913573652,0.11252352018547566,-0.04100214276780707,0.8702400903842126,0.15462889991005155,other,False
Pms1,-0.06033382386054389,0.7428967418353463,-0.7343607212313362,1.7154584586605082e-06,-0.09679194358301998,0.8702400903842126,9.348882048747065e-06,severity_oscillating,False
Onecut1,-0.06033786274401053,0.7428801088957832,-0.525345041678652,0.0020185107424173935,-0.16417661263994882,0.8702400903842126,0.004223307340882332,severity_oscillating,False
Srrm4,-0.06039648854185323,0.7426386888250747,-0.49761801466024297,0.003756603983961983,-0.07124962513750081,0.8702400903842126,0.007326563678234522,severity_oscillating,False
Tnfrsf11a,-0.060515188437404624,0.7421499581856413,0.7493155410384711,8.034804929305609e-07,0.018820655696698326,0.8700774389117345,5.139586875742457e-06,severity_oscillating,False
Acr,-0.060525269148852485,0.7421084567726159,0.0874156784897647,0.6342623434112709,0.15779103302856903,0.8700774389117345,0.6891101626711167,other,False
Gipc1,-0.06066040150899057,0.7415521973371338,0.22426836443561793,0.21721378896045415,0.020333029815183017,0.8700774389117345,0.27439513063082627,other,False
Mettl7b,-0.06066919554626713,0.7415160019615148,0.050707233702828765,0.7828489057616345,-0.15039720400486611,0.8700774389117345,0.8195960050789748,other,False
Mog,-0.06075365239505,0.741168413685328,-0.8267922335281577,5.497045216867256e-09,-0.19728080167789142,0.8700774389117345,1.4161832147090843e-07,severity_oscillating,True
Ly86,-0.06075423011232101,0.7411660362205885,0.6797817064094234,1.876030099892154e-05,0.09275894593372748,0.8700774389117345,6.687372145038349e-05,severity_oscillating,False
Cldn16,-0.061099750217863645,0.7397445472345168,-0.11668628558330715,0.524780394549938,-0.0258784015829602,0.8700352227544347,0.5889779521670481,other,False
Cd2bp2,-0.061176143459430996,0.7394303748450316,0.33121824427212215,0.06405922156883839,-0.02823098354504749,0.8698879940231795,0.09373668652399446,severity_oscillating,False
Ins1,-0.06124581568318456,0.7391438790736045,0.2629109412153455,0.14600312767928442,-0.09679194358301998,0.8697515402893786,0.19374660621540837,other,False
Ccl25,-0.06158884691798423,0.7377338186494984,-0.2964925147149522,0.09939892008799645,0.05310113571568456,0.8684930092155762,0.13876132768715652,other,False
Spata25,-0.061647216268351686,0.7374939694569274,0.49262004596960907,0.004179182436178833,0.15241370282951236,0.8684110660664327,0.008075003638995541,severity_oscillating,False
Sncg,-0.06176431592103954,0.7370128610268399,-0.29016418072376077,0.10718240887424667,-0.1771158134314289,0.8680449328325816,0.14808707141590796,other,False
Cyp26a1,-0.061778835860820704,0.7369532121068143,-0.4728026758600054,0.006281839765479297,-0.10065689966359195,0.8680449328325816,0.01167346617257191,severity_oscillating,False
Rac1,-0.06178837879791122,0.7369140098781422,0.1328505228229831,0.4685509746887139,-0.0727619992559855,0.8680449328325816,0.5339764347379646,other,False
Agl,-0.0618391298204913,0.7367055364293709,-0.5437259800490115,0.0012980884328943707,-0.1722426079385338,0.8680449328325816,0.0028285130697113135,severity_oscillating,False
Scx,-0.06223175956784407,0.735093326819916,-0.5018696073781524,0.003426644199859866,-0.1092270196683385,0.8675870106682997,0.006751375845301343,severity_oscillating,False
Evl,-0.06237356022861997,0.7345113390950544,0.36283682169554093,0.04125088507756244,-0.004537122355454061,0.8673014677601557,0.0630190969693459,severity_oscillating,False
Stra8,-0.06243702855201575,0.7342508950222897,0.37339072471259305,0.03529218529516703,0.031087690213296347,0.8671946782840241,0.05476891913314483,severity_oscillating,False
Cdh7,-0.06252472304969328,0.7338910858917258,-0.8507030483610483,7.010569371826705e-10,-0.16468073734611038,0.8671712830979136,4.731193748300496e-08,severity_oscillating,False
Cgn,-0.0626252197869544,0.733478817566289,-0.451213212638058,0.009540935082047664,-0.012435076085318538,0.8670858513106929,0.017022843600393543,severity_oscillating,False
Fam129a,-0.06263084571282652,0.7334557404538847,0.6572846077928288,4.371025783686501e-05,0.0670485859194878,0.8670858513106929,0.00013947264209236357,severity_oscillating,False
Stxbp5l,-0.06266735713791942,0.7333059789707166,-0.7126112786794511,4.747931810650743e-06,-0.100992982801033,0.8670858513106929,2.1226292871279088e-05,severity_oscillating,False
Gart,-0.06323533038930959,0.7309775266008377,0.34684927063088683,0.05179067186944557,0.03478460472514781,0.8657340058488212,0.07763274087747336,severity_oscillating,False
Spry4,-0.06327698771195928,0.7308068412935071,-0.5158599807068163,0.0025110313816296527,-0.11275589261146944,0.8657328605290711,0.0051173675899691805,severity_oscillating,False
Asap1,-0.06331396304859875,0.7306553503928059,-0.5008215052726903,0.0035055695590392416,0.027894900407606452,0.8657328605290711,0.006890909564801221,severity_oscillating,False
Col10a1,-0.0633719710532914,0.7304177070664549,-0.23080052094929368,0.20376362013853858,-0.05041247061615624,0.8656739599781567,0.2597196967333047,other,False
Ikzf2,-0.06342576187224117,0.7301973623699647,0.053637591345941565,0.7706245383947881,-0.1317445898768883,0.8656316312451287,0.8088386358748588,other,False
Loxl1,-0.0635252476007567,0.7297898921550585,0.6357326969829395,9.231430070032034e-05,0.13073634046456517,0.8656054661817078,0.00027047400796802645,severity_oscillating,False
Ptpn11,-0.06377960402352675,0.7287484372713576,-0.4258637156091923,0.015091277027463565,-0.13527346282001923,0.8649012979342009,0.02556645769415199,severity_oscillating,False
Cpa4,-0.06411124650196406,0.7273912504222084,0.19737053753570627,0.2789102345400377,-0.10317752319439977,0.8636924507457368,0.3425767171655989,other,False
Otx2,-0.06416951471490609,0.7271528819649263,-0.18134212139120387,0.3205737719903232,-0.04318668316117384,0.8636924507457368,0.38676603853420977,other,False
Adgrg2,-0.06456489803718488,0.7255360778688387,-0.046940011633633046,0.7986390438516837,0.056293925521374466,0.8624934824537278,0.8327591501814061,other,False
Cfap45,-0.0646495490752119,0.7251900728428002,-0.019048225858271085,0.9175858417702111,-0.06267950513275425,0.8624934824537278,0.9329490490073443,other,False
Nr5a2,-0.06474491054654787,0.7248003534628215,-0.26559700697858907,0.14177766613180112,-0.21391691698122298,0.8624228138590745,0.18863011865892476,other,False
Arid3b,-0.06480544090417951,0.7245530155542464,0.600782497840015,0.0002771201556053772,0.029071191388650094,0.8624228138590745,0.0007153795110035573,severity_oscillating,False
Uchl1,-0.0648458599992204,0.7243878710636594,-0.6798439086245439,1.8714592602431493e-05,-0.1228383867347007,0.8624228138590745,6.6757438367135e-05,severity_oscillating,True
Adrb3,-0.06501008843213019,0.7237169911717765,-0.08349717865863221,0.6495884161110241,0.04856401336023051,0.8621392741632956,0.7026188529648715,other,False
Pdgfra,-0.06517837038641651,0.7230297613746416,0.2464466506039359,0.17391620190556978,-0.13107242360200622,0.8618944538409978,0.22579448865368068,other,False
Snph,-0.0651856828103107,0.7229999037010204,-0.715953098245292,4.085042099587506e-06,-0.10805072868729487,0.8618944538409978,1.887481861412669e-05,severity_oscillating,False
Mark3,-0.06520727348814093,0.7229117482078696,-0.2934262433786896,0.10311499552021636,-0.15039720400486611,0.8618944538409978,0.14320435397457762,other,False
Thpo,-0.06530756531038713,0.7225022989611073,0.2011618237858363,0.26959224973268814,0.07578674749295489,0.8618944538409978,0.3326536201950755,other,False
Men1,-0.065592953764408,0.721337591091777,-0.37275966938025085,0.03562768123594877,-0.11813322281052613,0.8613162575278919,0.055222364626124176,severity_oscillating,False
Mcph1,-0.06563225606934953,0.721177241174382,0.40587652781301736,0.02117512073189075,-0.011594868241715935,0.8613162575278919,0.034531422907089104,severity_oscillating,False
Cd74,-0.06564698331588743,0.7211171583104938,0.6360091061014759,9.146610225803777e-05,-0.03293614746922208,0.8613162575278919,0.00026845143131084615,severity_oscillating,True
Trp73,-0.06573907412409329,0.720741491769332,0.1440782784863128,0.43144526689172125,-0.05058051218487676,0.8613162575278919,0.4981444785909167,other,False
Cdc5l,-0.06585139815716226,0.7202833743003165,-0.4170191131700992,0.0175735596896574,-0.1357775875261808,0.8613162575278919,0.029161590103104228,severity_oscillating,False
Abcb8,-0.06590738435700963,0.7200550682133198,-0.6648867431740547,3.310399696601978e-05,-0.09275894593372748,0.8613162575278919,0.00010905579614996711,severity_oscillating,False
Dsg1b,-0.0665256768522203,0.7175353130619497,0.33608178058245686,0.060020121822392275,-0.1478765804740583,0.8587863988571106,0.08843607459828463,severity_oscillating,False
Jade3,-0.06661703896483773,0.7171632274091428,0.1300666195515181,0.4780033933166914,-0.013947450203803226,0.8587863988571106,0.5432921812184588,other,False
Eif4g1,-0.06683669365858236,0.7162689121026717,0.35656794388203866,0.04515657676292633,-0.06183929728915165,0.8584792576681692,0.06845280774671239,severity_oscillating,False
Abcc8,-0.06692457886331567,0.7159111943547658,-0.37171045299507494,0.036191198612250924,-0.01445157490996479,0.8582832311447393,0.055976744730470575,severity_oscillating,False
Zfp42,-0.0673309601817905,0.7142578774198602,-0.4261071606193896,0.015027330745656264,-0.09494348632709425,0.8570758486753016,0.02549199006770622,severity_oscillating,False
Suz12,-0.06771036477903153,0.7127154602183068,-0.050680079663313574,0.7829624255537824,-0.15106937027974818,0.8558289930728773,0.8195960050789748,other,False
Kcnab3,-0.06797875866850735,0.7116250143295596,-0.5757184565443579,0.0005654166646143282,-0.03377635531282468,0.8547207906981595,0.0013421081462064626,severity_oscillating,False
Mpi,-0.06799811537150356,0.7115463924287515,-0.7111665211225112,5.06359961149914e-06,-0.1544302016541586,0.8547207906981595,2.236313560022261e-05,severity_oscillating,False
Hfm1,-0.0682191359975189,0.7106488706024912,-0.39980501650727146,0.02338133871837182,-0.1485487467489404,0.8544981009404669,0.037778970162310625,severity_oscillating,False
Ep400,-0.0682784354852595,0.7104081316142895,0.09549266807483563,0.6031424179460603,-0.34095634293393673,0.8544663709890334,0.660504395436422,other,False
Smarcd1,-0.06870905547201858,0.7086607612233273,-0.4769068153105209,0.005784585561813003,0.0006721662748820832,0.8538504104023079,0.010884238639176737,severity_oscillating,False
Sept11,-0.06874878947036679,0.7084996016914658,0.5939685524091326,0.0003383654269391251,0.03814543609955822,0.8538504104023079,0.0008515056945320558,severity_oscillating,False
Slc5a12,-0.06911854254948875,0.7070004924564671,-0.11360849546293571,0.5358456894351242,-0.11762909810436455,0.8532624863212711,0.5988932650763734,other,False
Stim2,-0.06923005867455768,0.7065485780630927,-0.6382783923927681,8.476193109046535e-05,-0.037809352962117175,0.8532624863212711,0.00025167090249852373,severity_oscillating,False
Gpr6,-0.06926832896781483,0.7063935119279887,-0.6713137094240358,2.6010673394206705e-05,-0.14653224792429415,0.8532624863212711,8.916696571495189e-05,severity_oscillating,False
Prmt5,-0.06955394500197738,0.7052365993780298,-0.574870572493654,0.0005786454507829143,-0.11023526908066163,0.8528714778158677,0.0013677805581295856,severity_oscillating,False
Tlr9,-0.06956987302105945,0.7051721005631695,0.5928396728043337,0.00034959563404964993,-0.005713413336497707,0.8528714778158677,0.0008763082699200315,severity_oscillating,False
Gpx5,-0.06984738143498025,0.7040486829078829,-0.07948711400831149,0.665419631308097,-0.1275435506588753,0.8526797094965076,0.7170058173431776,other,False
Mad2l2,-0.07003921193908004,0.70327246699604,0.3404763058176366,0.0565453827417073,0.1485487467489404,0.852314766962889,0.0838726366285109,severity_oscillating,False
Galntl5,-0.07027384818485695,0.7023234424764468,-0.6269552377736197,0.00012319166121386917,-0.15308586910439442,0.8514253575325643,0.0003493055385502761,severity_oscillating,False
Tcf21,-0.0703486694652224,0.7020209081300699,0.18961212422480195,0.29861865540015176,-0.03159181491945791,0.8514253575325643,0.36345830617899644,other,False
Slc25a31,-0.07043698382392195,0.7016638731715397,0.22642473690147089,0.2127083566623486,-0.08687749102850925,0.8514253575325643,0.269571509896805,other,False
Sphk2,-0.07047892224598402,0.7014943475056317,0.6422304382243962,7.41296457504825e-05,0.08838986514699394,0.8514253575325643,0.0002236163944253171,severity_oscillating,False
Noto,-0.07049366176162677,0.7014347700187868,-0.30460501932771805,0.09005622203344897,-0.14149100086267852,0.8514253575325643,0.12693473019967483,severity_oscillating,False
Gnat1,-0.07068674054589771,0.700654501776188,-0.07378681391887404,0.6881680250733802,-0.06721662748820831,0.8513669875084172,0.7373125595251653,other,False
Mplkip,-0.07077081275645908,0.7003148435094314,-0.23770831712084717,0.19017787552090606,-0.06637641964460571,0.8513669875084172,0.24441857975110654,other,False
Mapk14,-0.07088634650115126,0.6998481709788713,0.5096436361049768,0.0028876379520956373,0.07410633180574967,0.8513669875084172,0.005790031915738933,severity_oscillating,False
Maip1,-0.07103155760028859,0.6992617760073703,-0.44663552294445447,0.010390505695572419,-0.10569814672520758,0.8510938485835352,0.01836520081535513,severity_oscillating,False
Atoh7,-0.07118416907273817,0.6986456800956461,-0.1853704231227173,0.3097575027796248,0.03007944080097322,0.8509333722879221,0.37554939482127375,other,False
Srp72,-0.07124542076664664,0.6983984585863567,0.5230131958065176,0.0021310564049508403,0.04133822590524811,0.8509333722879221,0.004429714230502949,severity_oscillating,False
Gabra6,-0.0716154371508229,0.696905660497891,-0.32159628757088093,0.07267502719811997,-0.08099603612329102,0.8500515959348978,0.10475143083854478,severity_oscillating,False
Foxi2,-0.07163775010664125,0.6968156763975839,-0.1164546321496169,0.5256093547457623,-0.15493432636032017,0.8500515959348978,0.5895191993311639,other,False
Cklf,-0.07181489850044401,0.6961014128209395,0.6647088374222436,3.3322989788529285e-05,-0.019828905109021452,0.8496801404162748,0.00010952356373149992,severity_oscillating,False
Olfr17,-0.0721323479600706,0.6948220943886501,-0.1466273026751546,0.4232526825850741,-0.10537086833967993,0.8483215661743666,0.4900163263428196,other,False
Prl3b1,-0.07219094513205626,0.6945860383427407,0.009574004721584905,0.958524643250308,-0.03495264629386833,0.8482363853450611,0.9678214974702734,other,False
Nmur1,-0.07223348602055,0.6944146819126413,-0.163690970083626,0.37068309079598294,0.028062941976326975,0.8482301945489423,0.43759649297623443,other,False
Sez6l2,-0.07253368787182132,0.6932058783747832,-0.6720913982067649,2.525267097296484e-05,-0.1236785945783033,0.846956451638268,8.709524992095582e-05,severity_oscillating,False
Hcn3,-0.07289982907593273,0.6917325639057132,-0.5734051806099443,0.0006021536912689965,-0.11023526908066163,0.8455614206765021,0.001417437000075289,severity_oscillating,False
Nr2e1,-0.07330734444756178,0.6900940654639984,-0.1845909364662963,0.311832413077258,-0.12435076085318539,0.8437607449501093,0.37773857494825297,other,False
Ago2,-0.07332469548721032,0.6900243326044411,0.6369046114465619,8.876582068071357e-05,0.10704247927497174,0.8437607449501093,0.00026154183249398126,severity_oscillating,False
Agr3,-0.07333815330238717,0.689970248116416,-0.09643892821716676,0.5995396315585024,-0.15560649263520224,0.8437607449501093,0.6574057739853657,other,False
Chd7,-0.07336642179889595,0.6898566471133256,0.4439352164031688,0.010920956977928654,-0.08032386984840893,0.8437607449501093,0.019189735289154,severity_oscillating,False
Dkk4,-0.07347984226933658,0.6894009174163493,0.15211919745221705,0.40589867479334796,-0.06469600395740051,0.8437607449501093,0.47271441555270954,other,False
Acp5,-0.07420033891330591,0.6865084248224456,0.7939341436149353,5.881929332907979e-08,0.07141766670622134,0.8415956440805803,6.945305909065647e-07,severity_oscillating,False
Litaf,-0.07433862593156093,0.6859537568186462,0.5438108710440142,0.0012953689345053933,-0.15291782753567393,0.841117815752864,0.00282379356192821,severity_oscillating,False
Lrpprc,-0.07456080442881245,0.6850629370720545,-0.41208274772160747,0.019100643905973453,0.0436908078673354,0.8404295435316378,0.03147040845102409,severity_oscillating,False
Otud5,-0.07505841181756807,0.6830692999715906,0.11247201484004324,0.5399595613965873,-0.23240148954048026,0.8383870305955448,0.6023034600227404,other,False
Hopx,-0.07518510083976278,0.6825620614725796,0.12700914409825398,0.4884975531676842,-0.0952795694645353,0.8381678082743449,0.5534931183270451,other,True
Ccl20,-0.0752610433245751,0.6822580675569223,0.26737158487811724,0.1390354091200753,-0.08687749102850925,0.8379962443072142,0.18551389534959567,other,False
Dio1,-0.0752803990541277,0.6821805953749471,-0.3878313005667077,0.028287727608240262,-0.14619616478685307,0.8379962443072142,0.0448401797792522,severity_oscillating,False
Bbc3,-0.07557527036421022,0.6810007531236648,0.5891975899711527,0.000388114094839531,0.011090743535554372,0.8370565883575456,0.0009615201543353315,severity_oscillating,False
Wnt3a,-0.07559261329027477,0.6809313834453166,-0.21399334255568567,0.23957434966612978,-0.11611672398587985,0.8370565883575456,0.29879431727308753,other,False
Tmem35a,-0.07567861426634981,0.6805874274345535,-0.5089866209444885,0.0029301602113329744,-0.005881454905218227,0.8369518966595124,0.00585917179067405,severity_oscillating,False
Gh,-0.07578029590873112,0.6801808388204402,-0.1283663529510665,0.483824722307565,0.161655989109141,0.8368553928661518,0.5490522599534793,other,False
Fibcd1,-0.07579053681526393,0.6801398939768505,-0.6977657250210857,9.03719201419251e-06,-0.15695082518496642,0.8368553928661518,3.607098314897965e-05,severity_oscillating,False
Aldh1l1,-0.07608258600244508,0.6789726099505994,-0.21664195000347722,0.23366863477216473,-0.12267034516598017,0.8360658659431425,0.2923159877908149,other,False
Gpr83,-0.07631559948241157,0.6780418078724799,-0.4029732969435218,0.022207585719017393,-0.12250230359725965,0.8354326719704155,0.03603081894170093,severity_oscillating,False
Clec10a,-0.07631956363670668,0.678025976580747,0.4174599458607415,0.017442272195903562,-0.02823098354504749,0.8354326719704155,0.028981443150261913,severity_oscillating,False
Atp7a,-0.07639457005269902,0.6777264555335318,0.7665800377486016,3.1274773598255375e-07,-0.0615032141517106,0.8354326719704155,2.450886106045052e-06,severity_oscillating,False
Sel1l,-0.07642022389553513,0.6776240238428748,0.13382240415043908,0.4652743505321224,-0.007393829023702915,0.8354326719704155,0.5311916880179849,other,False
Lbh,-0.07647151994864375,0.6774192238707641,0.6361593956651806,9.100785213398462e-05,0.08586924161618613,0.8354326719704155,0.00026726024970377406,severity_oscillating,False
Camsap3,-0.07703236344269641,0.6751815297551583,-0.5007417100156161,0.003511642127422333,-0.02083715452134458,0.8341247234877847,0.0069001874006091365,severity_oscillating,False
Cryba4,-0.07710748730466051,0.674882001423875,0.5854519559342327,0.0004316035530073728,-0.01663611530333156,0.8339566592207331,0.001057957579957044,severity_oscillating,False
Nkain3,-0.07719799148206369,0.6745212147344402,-0.5980026893770508,0.00030080207218156555,-0.11141156006170529,0.8337127977611773,0.0007687331514018866,severity_oscillating,False
Syce2,-0.07720188869434899,0.6745056804452718,0.5076008599737374,0.003021627215259669,-0.08318057651665779,0.8337127977611773,0.006027892227234873,severity_oscillating,False
Rlim,-0.07724938563248483,0.6743163682189125,-0.03372846454852237,0.8545956780794782,0.005041247061615624,0.8337127977611773,0.8806651624006907,other,False
Six6,-0.07730223333967463,0.6741057520132097,-0.09457132258841938,0.6066591954404363,-0.2245035358106158,0.8337127977611773,0.6636432674118948,other,False
Epb41l3,-0.07735048565514656,0.6739134711821158,-0.7855897808181833,1.0043942048088949e-07,-0.13712192007594495,0.8337127977611773,1.0114915688428104e-06,severity_oscillating,False
Kif5a,-0.07749369117654553,0.673342930030661,-0.8308144405868298,3.976201067081278e-09,-0.18316530990536767,0.8332659597492484,1.1861170551568186e-07,severity_oscillating,False
Spry2,-0.07766091567557085,0.6726769212562171,-0.49904892476880336,0.003642622166701793,-0.056630008658815505,0.8330480639300714,0.007132827513376524,severity_oscillating,False
Thap12,-0.07778347414533207,0.6721889595508285,-0.4439868444750914,0.010910605127506344,-0.11645280712332091,0.8328481619307204,0.019178151879879347,severity_oscillating,False
Pkn1,-0.07778567053510212,0.6721802159063074,0.6998528475833347,8.274516570447019e-06,-0.055789800815212905,0.8328481619307204,3.33926495457676e-05,severity_oscillating,False
Klf4,-0.07787653108072816,0.6718185445408605,-0.04232389007138054,0.8180937854610363,-0.1082187702560154,0.8327937778135917,0.8499178003333495,other,False
Tnnc1,-0.07788035552364313,0.6718033228857452,0.03488487135139724,0.8496658472288628,-0.09326307063988903,0.8327937778135917,0.8766475499017858,other,False
Itsn2,-0.07793248243389406,0.6715958654444822,-0.19249600340974787,0.2911923491585737,-0.14653224792429415,0.8327937778135917,0.35543722734096306,other,False
Plekha1,-0.07852837497780579,0.6692259909040577,0.14617888260698747,0.42468760949409545,-0.17913231225607515,0.8311959531535422,0.49123163175269413,other,False
Gk,-0.07854911031279413,0.669143582231674,-0.22071436239435613,0.2247806645841185,-0.04923617963511259,0.8311959531535422,0.2829030767440386,other,False
Xpo1,-0.0786801025298816,0.6686230658427212,0.4010868428438865,0.022900453775613117,-0.039321727080601866,0.8308517073967652,0.03704891046920473,severity_oscillating,False
Pgam5,-0.0789164822327799,0.6676841596974419,-0.2084345805491891,0.2522913590120051,-0.06940116788157508,0.8300894220367173,0.31312365506575135,other,False
Prl,-0.07911075745997422,0.6669128629004286,-0.24098292653006986,0.18396400252797712,-0.07897953729864476,0.8293326459422443,0.23744948808077207,other,False
Pah,-0.07911488782396144,0.666896468464925,-0.22848849628142007,0.20845679335515116,-0.22349528639829264,0.8293326459422443,0.2649733622986858,other,False
Meaf6,-0.079296551894355,0.6661755482848335,-0.5503871728278222,0.0010992682402254316,-0.157454949891128,0.8291276929300269,0.002444362377240596,severity_oscillating,False
Spink12,-0.07931951320106882,0.6660844488831146,-0.1823243755985637,0.3179150158431757,-0.13695387850722443,0.8291276929300269,0.3842854255488245,other,False
Terf1,-0.07939238619868752,0.6657953549090943,-0.2360735409195014,0.19333428700437558,-0.16501682048355143,0.8291276929300269,0.24778849196214067,other,False
Rhpn2,-0.07967275892402792,0.6646835299368732,-0.632563703795686,0.0001025542253484512,-0.10048885809487143,0.8285331374811687,0.00029655844869753376,severity_oscillating,False
Cryba2,-0.07971322671595396,0.6645231116378829,-0.30034542468121467,0.09487430662565116,-0.1559425757726433,0.8285331374811687,0.13306401927342495,severity_oscillating,False
Mark2,-0.07990140686579993,0.6637773387077779,0.12515071466640693,0.4949333202995234,-0.18484572559257287,0.8278553067844437,0.5597760022249301,other,False
Pkig,-0.08015059690653652,0.6627902649871995,0.24477128599019035,0.17695490308344303,-0.20265813187694806,0.826826398067915,0.22933103674508204,other,False
Snap29,-0.0802934548080222,0.662224636900145,0.4643005430396039,0.007428964534142036,-0.08670944945978873,0.8263228651731016,0.013567901213268358,severity_oscillating,False
Nup98,-0.08046275020202959,0.6615545695660088,0.416284169681406,0.01779426478131394,-0.10872289496217694,0.8256887348559361,0.029479878093368758,severity_oscillating,False
Lig4,-0.08054117892441383,0.6612442376043686,-0.6470047656709831,6.288898816091747e-05,-0.14350749968732476,0.8255033910963985,0.00019232417782304558,severity_oscillating,False
Bcl11b,-0.08060246295992429,0.6610017833202055,-0.08685322762341106,0.6364532696679555,-0.1372899616446655,0.8254027164544353,0.6907549209736682,other,False
Csf1r,-0.08062532523284881,0.6609113433499603,0.6217376951249931,0.00014564221410143986,-0.04637947296686374,0.8254027164544353,0.00040663433723669664,severity_oscillating,False
Praf2,-0.08066994301159554,0.66073485515859,-0.2374622407442693,0.19065068033706986,-0.04268255845501228,0.8254027164544353,0.24490282558534207,other,False
Tnp1,-0.08076266904810649,0.6603681292573674,-0.3546582164629388,0.046403426174042924,-0.11930951379156976,0.8252174981239175,0.0701564584383346,severity_oscillating,False
Prkg2,-0.0807810771802583,0.6602953354060576,-0.7133278502525657,4.598086947402578e-06,-0.059822798464505396,0.8252174981239175,2.070153708623173e-05,severity_oscillating,False
Krt20,-0.08080824714291124,0.6601878989976897,-0.16776786624872808,0.3587191241820695,-0.09948060868254831,0.8252174981239175,0.42563997498319067,other,False
Crebbp,-0.08083035087430467,0.6601005005606337,-0.3016190130994907,0.09341365397141493,-0.14838070518021987,0.8252174981239175,0.1312319055103794,severity_oscillating,False
Csnk2a1,-0.08118681535948712,0.6586916438811803,-0.5031848372630323,0.003329777074873752,-0.09662390201429945,0.8247388501320325,0.00658340808485698,severity_oscillating,False
Psmd12,-0.08121019167186676,0.6585992936352043,0.02154990309182245,0.906806194942832,-0.008065995298584998,0.8247388501320325,0.9243841727424832,other,False
Nlrp9b,-0.08157710325127823,0.657150424313245,-0.00170611294338196,0.9926059204975959,-0.08435686749770144,0.8238201804919791,0.99514205983849,other,False
Grhl2,-0.08161855344591566,0.6569868215135504,-0.07079269407786011,0.700226450593671,-0.08637336632234768,0.8238201804919791,0.7489736054682985,other,False
Cntn4,-0.08196480357951338,0.6556207916715333,-0.7006149768099951,8.01088272819747e-06,-0.10250535691951768,0.8229137938770894,3.2508761174650194e-05,severity_oscillating,False
Grm4,-0.08202051022843374,0.6554011191025255,-0.6454897567463652,6.627790517267782e-05,-0.08318057651665779,0.8229137938770894,0.00020184095181243557,severity_oscillating,False
Elf2,-0.08222194504104467,0.6546070210215799,0.47499534977199603,0.0060118218208407926,-0.05646196709009498,0.8226534649497607,0.011270232674791946,severity_oscillating,False
Serpina3a,-0.08275491423840751,0.6525077350386539,-0.3856577260558483,0.029262711427949766,-0.16148794754042048,0.8208241569499811,0.04627064196961307,severity_oscillating,False
Llgl2,-0.08298294941483389,0.6516103346528013,0.7994279471986943,4.080213997153644e-08,0.17493127303806214,0.8198974635086185,5.28253086281237e-07,severity_oscillating,False
Pla2g2f,-0.08307527198668715,0.6512471482090219,-0.4446950449033054,0.010769437927806642,-0.14350749968732476,0.8198974635086185,0.018962686527353015,severity_oscillating,False
Rfx6,-0.0830769335652444,0.6512406124680863,-0.06913203718699865,0.7069458007918249,-0.08301253494793727,0.8198974635086185,0.7547364022266846,other,False
Mre11a,-0.08316442861938032,0.65089649074264,0.6458259084259331,6.551214539940594e-05,0.011426826672995414,0.8198974635086185,0.00019974743196794366,severity_oscillating,False
Rpn1,-0.08328857531977928,0.6504083377100656,0.4441297413985542,0.010881996243120454,-0.05763825807113863,0.8198974635086185,0.019142713052659657,severity_oscillating,False
Gpat2,-0.08338911796508469,0.6500131016606066,0.19469051822445407,0.2856209037670382,-0.07108158356878029,0.8198974635086185,0.34980845861120335,other,False
Nr1i3,-0.08436334105146112,0.6461882546245334,0.3195508964242515,0.07461740506613038,-0.2572716417111173,0.8168179768494671,0.10733879956072505,severity_oscillating,False
Pvalb,-0.08452670071638942,0.645547761295213,-0.8178907389265613,1.0941399065163358e-08,-0.1698900259764465,0.8167011732060717,2.2501773765544152e-07,severity_oscillating,False
Tbc1d1,-0.08490380133632067,0.6440701947916803,0.4475875934976261,0.010208741703715033,-0.14434770753092735,0.8162489599086612,0.018094090142686023,severity_oscillating,False
Cryaa,-0.08500647027774794,0.6436681451620279,-0.13953138311670257,0.4462732948045849,-0.10771464554985381,0.8161449685487209,0.5122502423038225,other,False
App,-0.08506176179834594,0.6434516656029667,-0.36417115213295925,0.04045568190706337,-0.1324167561517704,0.8161449685487209,0.06197130132370278,severity_oscillating,False
Sprr2f,-0.08531019269698098,0.6424793536382978,0.09048314684376481,0.622367430039807,-0.1430033749811632,0.8152455678878002,0.6779193381663582,other,False
Gfra1,-0.0853786152329474,0.6422116626551574,0.09813148930651508,0.5931185725843161,-0.024366027464475516,0.8151086566817511,0.6516256383270723,other,False
Med6,-0.08575593080109888,0.6407362756877977,-0.21332549917259894,0.2410790921906831,-0.161655989109141,0.8136409614845547,0.30030389481432834,other,False
Crygc,-0.08594630393355579,0.6399923853919447,-0.06685972821816281,0.7161751491838557,-0.11544455771099776,0.8128986946923082,0.7629927811167184,other,False
Taf15,-0.08598204848906335,0.6398527504313973,0.05443441593084546,0.7673096767433849,-0.08486099220386299,0.8128986946923082,0.8066872755704877,other,False
Ms4a2,-0.08607549789597609,0.6394877505214498,-0.14098355212332425,0.44150791408205303,-0.0865414078910682,0.8126624353288279,0.5078141699617773,other,False
Atg5,-0.08610868886485938,0.6393581313081835,0.5369528382338802,0.001531833915835907,0.04032997649292499,0.8126624353288279,0.003294217877183373,severity_oscillating,False
Ipo9,-0.08612956948457429,0.6392765925082204,0.29333259120697724,0.10323012095998624,0.06469600395740051,0.8126624353288279,0.14332521693437392,other,False
Xkr6,-0.0862704984700092,0.638726373171143,-0.5274473150522166,0.0019215147582459938,-0.13426521340769612,0.812617643599007,0.004038585406597781,severity_oscillating,False
Jun,-0.08665137781998554,0.6372402768949302,0.6814127161472038,1.7594497360870433e-05,-0.1238466361470238,0.8112210263142099,6.342723041540641e-05,severity_oscillating,False
Klc3,-0.08667641663059812,0.6371426300935834,0.721756019431857,3.130363887767704e-06,0.24113965111394733,0.8112210263142099,1.5143595641044172e-05,severity_oscillating,False
Lpar2,-0.08677327890243125,0.6367649411849416,0.36167781553652356,0.041951751315665385,0.07763520474888061,0.8112210263142099,0.06397485305267836,severity_oscillating,False
Chrna4,-0.0868159172226792,0.6365987126701087,-0.48916557536514726,0.004494610718555511,-0.05125267845975884,0.8112210263142099,0.00865496763886435,severity_oscillating,False
Ctdspl2,-0.08682711317046181,0.636555067351032,-0.2197837329209264,0.22679124138730206,-0.10032081652615091,0.8112210263142099,0.2851521129693438,other,False
Cntnap3,-0.08699939201715957,0.6358836213206962,-0.4086238889048442,0.020234931355135717,-0.11746105653564404,0.8112210263142099,0.033135918087495116,severity_oscillating,False
Sprr2d,-0.08702188088822362,0.6357959932892967,-0.2878223338885761,0.11017595520928002,-0.09007028083419914,0.8112210263142099,0.15181187129187937,other,False
Htr2c,-0.08704271103870802,0.6357148327894384,-0.5501504766603658,0.0011058465449402363,-0.015459824322287912,0.8112210263142099,0.0024557785048934027,severity_oscillating,False
Slc6a4,-0.08711570829684329,0.635430446399354,0.08946117883233969,0.6263201886430076,-0.0880537820095529,0.8112210263142099,0.6817881524259458,other,False
Dgkq,-0.08764122922698628,0.6333846033995436,-0.11975103394256484,0.5138735038264428,-0.03226398119433999,0.8109675858285823,0.5781360262502613,other,False
Scrt2,-0.08797037004201379,0.6321046168484104,-0.5250721255559114,0.0020314098982316983,-0.04217843374885072,0.8103457277063939,0.004243334107649424,severity_oscillating,False
Eng,-0.08804514614817861,0.6318139677460406,0.239248307298547,0.18723758352494518,-0.14350749968732476,0.8101767344073788,0.2410648444121013,other,False
Rpe65,-0.08805852614838588,0.6317619663851188,-0.29987196699986907,0.0954217097237124,-0.15812711616601005,0.8101767344073788,0.13372146739029037,other,False
Btk,-0.08805886114084593,0.6317606644593546,0.701206309390604,7.811596701794099e-06,-0.0010082494123231248,0.8101767344073788,3.180124084265898e-05,severity_oscillating,False
Agtr2,-0.0881479451833246,0.6314144837685323,-0.6744719186010825,2.3054517338152775e-05,-0.1487167883176609,0.8101767344073788,8.043850406423892e-05,severity_oscillating,False
Rheb,-0.08817260349157086,0.6313186751059152,-0.7311799193809516,2.0028679921800566e-06,-0.19106326363523216,0.8101767344073788,1.0576221147112287e-05,severity_oscillating,False
Hap1,-0.08821592054713512,0.6311503830177256,-0.6085328368161161,0.00021959557214916537,-0.06133517258299009,0.8101767344073788,0.0005824897796763793,severity_oscillating,False
Trim33,-0.08838916755726646,0.6304774785743608,-0.368441530682825,0.03799324466120222,-0.039657810218042905,0.810092095266452,0.05851556190120548,severity_oscillating,False
Klrb1,-0.08845393561016196,0.6302259892124318,0.05140052408416676,0.779952038044355,-0.11426826672995413,0.8099729833642263,0.8171154951867436,other,False
Abcg8,-0.08908710360406816,0.6277695917746983,-0.42256077582601737,0.01598157332582925,-0.19845709265893505,0.8075656852071975,0.02686062785339539,severity_oscillating,False
Setd5,-0.0891151370295489,0.6276609252885533,-0.10470891084709741,0.568454920160957,-0.0759547890616754,0.8075656852071975,0.6285906238328727,other,False
Calb2,-0.08932617310719766,0.6268431283062438,-0.7427048785832236,1.1306607891403423e-06,-0.14182708400011954,0.807411791654278,6.698607067833782e-06,severity_oscillating,False
Bdnf,-0.08959574168822541,0.6257991417839275,-0.34971926092369493,0.04975583133993751,-0.17325085735085693,0.8067733792000503,0.07478034639511527,severity_oscillating,False
Map3k7,-0.08963633931186256,0.625641976710243,-0.14063532728926376,0.44264810713394775,-0.15308586910439442,0.8067733792000503,0.508776023995103,other,False
Emc2,-0.08995872467661699,0.6243945038186731,-0.7596131902597244,4.6197703388081865e-07,-0.13947450203803224,0.8059302540432823,3.3366010280241996e-06,severity_oscillating,False
Sin3a,-0.09002393423077792,0.6241422989322877,0.4092676274415533,0.020019705033392034,-0.08150016082945258,0.8058086223370284,0.03284674023008452,severity_oscillating,False
Spdye4a,-0.09038697113868642,0.6227389797018816,0.08752449539713499,0.6338388168791227,-0.0030247482369693745,0.8046077850707442,0.6887967202599925,other,False
Htr2a,-0.09040049204249784,0.6226867397183926,-0.6847323633101141,1.542139798507082e-05,-0.12250230359725965,0.8046077850707442,5.647132169551059e-05,severity_oscillating,False
Setd6,-0.09051180109226456,0.6222567494947258,0.32386074100502305,0.07057066447548646,-0.028062941976326975,0.8046077850707442,0.10195435142779662,severity_oscillating,False
Sept6,-0.09059039091029256,0.6219532282932401,-0.33088666331833017,0.06434216085095294,-0.1850137671612934,0.8046077850707442,0.09406975136162538,severity_oscillating,False
Ppp1r10,-0.09086954449171039,0.620875604585648,0.10915224269475779,0.5520617716501632,-0.11678889026076195,0.8034212224737166,0.6141912970965067,other,False
Stat6,-0.09102548718257766,0.6202739507761901,0.8171875576552505,1.1534511415352156e-08,0.08469295063514248,0.8028463392309935,2.3039135759640123e-07,severity_oscillating,False
Gtf2a2,-0.09113566250313491,0.6198490206903315,-0.03384930078570086,0.8540802906154004,-0.09746410985790206,0.8026750657389864,0.8803118938026182,other,False
Slc8b1,-0.09116851694380845,0.6197223292308972,0.8244338452960713,6.621390269351928e-09,0.09158265495268383,0.8026750657389864,1.6475956958031312e-07,severity_oscillating,False
Klk6,-0.09126488562451687,0.619350779519978,0.478461806754713,0.005605183626804263,0.016131990597169996,0.8026750657389864,0.01058964506678835,severity_oscillating,False
Dsc1,-0.09137752293349119,0.618916623005624,0.1774750467391376,0.33117463663796887,-0.2917201632988241,0.8025149196623509,0.39786194571132344,other,False
Sstr3,-0.0914819537677272,0.6185142107573898,0.05529912851510155,0.7637169624097112,-0.12351055300958277,0.8022161773744295,0.8035726537235843,other,False
Ywhae,-0.09152959259412292,0.6183306760447906,0.12350769265426209,0.5006587198870542,0.018316530990536768,0.8022161773744295,0.5656390099986408,other,False
Klrb1c,-0.0916747754964656,0.6177714796208309,0.6907059102954912,1.211223773874046e-05,-0.003864956080571978,0.801845373421338,4.60734710703319e-05,severity_oscillating,False
Ly6g,-0.09180014138625657,0.6172887808099777,-0.36335432095919395,0.040941000122492785,-0.06486404552612103,0.8014227719296759,0.06260193094269655,severity_oscillating,False
Cldn6,-0.09186235601927652,0.617049292775679,0.10200376683723622,0.5785420917724479,-0.0872135741659503,0.8013157949207583,0.6379470839021307,other,False
Xcr1,-0.09192166813565998,0.6168210136278571,0.09079624447743558,0.6211584918878197,-0.0509165953223178,0.8012233232787622,0.6767654740644402,other,False
Cd37,-0.09192361926558489,0.6168135047595609,0.7160671299139635,4.0639836640237944e-06,0.037473269824676136,0.8012233232787622,1.880531964086005e-05,severity_oscillating,False
Ms4a1,-0.09211517719540704,0.6160764847393523,0.30822341313953083,0.08611214307509704,-0.015963949028449474,0.8008680297287043,0.12177932958859716,severity_oscillating,False
Six2,-0.09234277025609429,0.6152012967009425,-0.3796241394473924,0.032113689754492615,-0.08956615612803757,0.8001381474940101,0.0502336496282327,severity_oscillating,False
Zfp979,-0.0923827546861001,0.6150475938794919,0.008644890128940047,0.9625466844990301,-0.008906203142187602,0.8001381474940101,0.9710027933022763,other,False
Sema3f,-0.09240489795219772,0.614962480582453,0.05171998827174611,0.7786181509132608,-0.06133517258299009,0.8001381474940101,0.8160532541213362,other,False
Arhgap44,-0.09264313524591328,0.614047066009801,-0.6737314098058014,2.371905342416899e-05,-0.09359915377733008,0.7996563910431439,8.241886343098503e-05,severity_oscillating,False
Sema5b,-0.09319938998020587,0.6119119085698186,-0.2365302602230807,0.1924488062649273,-0.02839902511376801,0.7977914585882425,0.24677761708330673,other,False
Spop,-0.09368152393097466,0.6100637872541119,-0.030817614308091233,0.8670282755310864,-0.22870457502862881,0.7965025284830369,0.8913162501983217,other,False
Piezo1,-0.0939329892978074,0.6091008018199282,0.8114121647512282,1.764778917828104e-08,0.1275435506588753,0.7955773622403738,3.0007124199470527e-07,severity_oscillating,False
Tll1,-0.09420712869074607,0.6080517182058005,-0.5875417636632402,0.00040683597257807074,-0.13208067301432933,0.7946891659153954,0.0010025460367733038,severity_oscillating,False
Rita1,-0.09435394171862178,0.6074902048629034,-0.6220277116295514,0.0001443045414989416,-0.07746716318016009,0.7943139465003639,0.0004035622073388712,severity_oscillating,False
Azin2,-0.09467307910139798,0.6062703636614422,-0.43116139299245243,0.0137499867912574,-0.15426216008543808,0.793580991798054,0.02361196169305319,severity_oscillating,False
Nlgn2,-0.09476849198539998,0.6059058682712395,-0.4746909754216485,0.006048700790129693,-0.14586008164941205,0.7933074522719694,0.011318570333988101,severity_oscillating,False
Nrip3,-0.09479267014103467,0.6058135178950284,-0.697494879393745,9.140693160991174e-06,-0.14333945811860424,0.7933074522719694,3.639865403139421e-05,severity_oscillating,False
Gbx2,-0.09496172640075963,0.6051679613017535,0.7012071843563455,7.811305184952266e-06,-0.011762909810436454,0.7933074522719694,3.180124084265898e-05,severity_oscillating,False
Tcf7l2,-0.09536991452578499,0.6036104656604244,0.30551246757986966,0.08905438044855428,-0.08502903377258353,0.7919282369685763,0.12566151996350633,severity_oscillating,False
Oprl1,-0.09595949797813712,0.6013638564887509,-0.35776051334110487,0.044391645532490975,-0.05763825807113863,0.790811299806424,0.06737333646570559,severity_oscillating,False
Pou4f3,-0.09599045893606972,0.6012459787248994,-0.03729994674132449,0.8393884163856307,-0.14434770753092735,0.790811299806424,0.868150914838423,other,False
Srsf2,-0.09649064109992403,0.5993430069865503,0.28686359603176714,0.11141941161433334,-0.10300948162567924,0.7889674009389401,0.1532768119322315,other,False
Tgs1,-0.09650268734250139,0.5992972083136515,-0.0006310256896617901,0.9972651817422284,-0.21475712482482556,0.7889674009389401,0.9980478108823048,other,False
Hoxc8,-0.09660373144341576,0.5989131074759928,-0.41757489898311256,0.017408171606923505,-0.026046443151680723,0.7889674009389401,0.02894363864632229,severity_oscillating,False
Sox11,-0.0966218197872828,0.5988443590938957,0.4257308415962704,0.015126275148736245,-0.10620227143136912,0.7889674009389401,0.02561724088104369,severity_oscillating,False
Gna13,-0.09666554464856761,0.5986781880079448,0.27410284290546943,0.12898550639196596,-0.1932478040285989,0.7889674009389401,0.17401615131061052,other,False
Sag,-0.09690537495403898,0.5977670949413166,0.467949088545383,0.006916569300036723,-0.08284449337921675,0.7881131949588153,0.012708097317885813,severity_oscillating,False
Miga2,-0.09692560763476812,0.5976902602165228,-0.37312222696676534,0.03543461617972125,-0.030583565507134786,0.7881131949588153,0.054956514786487706,severity_oscillating,False
Immt,-0.09715907699548572,0.5968039556828489,-0.11423672629167185,0.5335780459138735,0.03948976864932238,0.7876576915752167,0.5967510660396117,other,False
Nobox,-0.09721246249956507,0.5966013715373542,-0.19016701259624946,0.297180518599014,-0.053437218853125606,0.787594098398562,0.36205345721843096,other,False
Sstr1,-0.09756704326885529,0.5952565842031923,-0.6126564893908858,0.00019354621387050974,-0.07612283063039592,0.7868369619125378,0.0005209916817696412,severity_oscillating,False
Selenoi,-0.09761777296500265,0.5950642935457808,-0.6919850498694835,1.1493215940896325e-05,-0.12267034516598017,0.7867866670235947,4.4080371815422673e-05,severity_oscillating,False
Dmp1,-0.0979406694716554,0.5938409873354785,-0.7337115082676192,1.7708717975637304e-06,-0.1712343585262107,0.785984140217508,9.579233339737634e-06,severity_oscillating,False
Rnh1,-0.09801035385957863,0.5935771286013077,0.7983961647887486,4.3740336176125904e-08,0.1261992181091111,0.7858388094978642,5.564076180409432e-07,severity_oscillating,True
Nrarp,-0.09843079349009874,0.5919862230733846,-0.6333021439960045,0.00010008137400395439,-0.22349528639829264,0.7844009993738897,0.0002905606652214976,severity_oscillating,False
Htt,-0.09857543704863739,0.5914393347489282,-0.265966593336314,0.14120331942114417,-0.14905287145510196,0.7844009993738897,0.18796402201650741,other,False
Gsdme,-0.09857592543245366,0.5914374885732709,-0.31068871070971066,0.08350173127395072,-0.020501071383903537,0.7844009993738897,0.11854782388767678,severity_oscillating,False
Mbd3,-0.09863818556284197,0.5912021550500008,0.26545053184004197,0.14200576277628263,-0.07948366200480633,0.7844009993738897,0.18888432748939182,other,False
Csta1,-0.09868407166660378,0.5910287389315476,0.03732801957230636,0.8392691008510235,-0.11678889026076195,0.7844009993738897,0.868150914838423,other,False
Kdm2b,-0.09902352074283584,0.5897465583057743,0.39297087925280044,0.02608760072606502,-0.201985965602066,0.7838189666278673,0.04175489529452704,severity_oscillating,False
Rab21,-0.09903243416212351,0.5897129065814901,-0.5132767771849248,0.0026620104001501923,-0.08603728318490665,0.7838189666278673,0.005379918799986581,severity_oscillating,True
Slc5a7,-0.09904439718231703,0.5896677427137809,-0.48577658968116616,0.004823722075872863,0.022181487071108744,0.7838189666278673,0.009226024112871193,severity_oscillating,False
Pard6a,-0.09979520124635961,0.5868362730101475,-0.3023388316533863,0.09259571555771647,-0.01327528392892114,0.7814671960935078,0.130190392794904,severity_oscillating,False
Lamp2,-0.09995832584313039,0.5862218808291331,0.57888935798181,0.0005182790917287874,-0.01663611530333156,0.7809776427537624,0.001242943886651878,severity_oscillating,False
Cyp8b1,-0.10008801673273866,0.585733615417858,-0.3440336763911432,0.053850589933867744,-0.19828905109021452,0.7807230656510304,0.08034274912332827,severity_oscillating,False
Nkx2-1,-0.10039036444519756,0.5845960209892958,-0.19889140721365015,0.2751476818279658,0.029407274526091137,0.779614196880104,0.33860755729902375,other,False
Ptprk,-0.10039996383194986,0.5845599189204853,-0.6374509252021024,8.715374714961939e-05,-0.05242896944080249,0.779614196880104,0.000257178709450468,severity_oscillating,False
Arid5b,-0.1005895504680578,0.5838471095154398,0.3043932666630767,0.09029123493764542,-0.10384968946928186,0.7790227846294163,0.12723082580578157,severity_oscillating,False
Nkx3-2,-0.1010733938890325,0.5820296946412578,0.28158502415647546,0.11845447548185577,-0.06183929728915165,0.7774112260709756,0.1616902005440049,other,False
Amelx,-0.10116508597704962,0.5816855633217665,-0.089334877632159,0.6268094062805221,-0.13762604478210652,0.7771550703259117,0.682029603548836,other,False
Kat14,-0.10129195633198677,0.5812095526931473,0.27766759071408237,0.12388532904868294,-0.15879928244089214,0.7769260818364111,0.16820310446561929,other,False
Tufm,-0.10129451746734033,0.5811999452346182,-0.3647612468295961,0.04010796593008903,-0.32163156253107683,0.7769260818364111,0.06148353488249324,severity_oscillating,False
Homer1,-0.1018057551245211,0.579283578623466,-0.5041411843969562,0.003260835233013011,-0.06973725101901612,0.7753674979161113,0.006459795314540529,severity_oscillating,False
Nppa,-0.10209479401357112,0.5782013679027639,0.12096442354742441,0.5095864264736627,-0.24298810836987308,0.7743253288716194,0.57419932879217,other,False
Lpin3,-0.10209951688130209,0.5781836921782397,0.5563688468570912,0.0009440223031024133,-0.014619616478685309,0.7743253288716194,0.0021297911402589163,severity_oscillating,False
Ppp2r1b,-0.10217350381084825,0.5779068214394611,0.7413818710987875,1.2091815585221552e-06,0.07393829023702915,0.7743253288716194,7.009130829569901e-06,severity_oscillating,False
Spsb1,-0.10293507475094983,0.5750603504792676,0.456151881795278,0.008690998396344709,-0.10149710750719455,0.7719428546828274,0.015648705548801396,severity_oscillating,False
Satb2,-0.10293994446110481,0.5750421695611301,0.6908753533066617,1.2028542414144659e-05,0.009410327848349163,0.7719428546828274,4.585729472215529e-05,severity_oscillating,False
Mtx1,-0.10301082734966727,0.5747775596080873,0.3817323694157275,0.031092908733262148,0.022853653345990828,0.7719428546828274,0.048876711078080184,severity_oscillating,False
Bco1,-0.10314523116948084,0.5742759724590498,-0.19334100006464344,0.28903891522576897,-0.016300032165890516,0.7719428546828274,0.3533159613147969,other,False
Hnrnph1,-0.10330320613490815,0.5736866707344241,-0.41722849506343146,0.017511100109935722,-0.13560954595746028,0.7719428546828274,0.029076862519785845,severity_oscillating,False
Cldn12,-0.10337362201121206,0.5734240826159174,-0.3888119928999109,0.02785660381950268,-0.09309502907116853,0.7719428546828274,0.04426683367080473,severity_oscillating,False
Bcl2l2,-0.10362280106605298,0.5724953025972273,-0.4281185636505705,0.014507601846614935,-0.011426826672995414,0.7715451885200677,0.024733715581411356,severity_oscillating,False
Ebi3,-0.10363463552541587,0.5724512081768183,0.5927464016230596,0.0003505381168162829,-0.032432022763060515,0.7715451885200677,0.0008782391620235064,severity_oscillating,False
Cd8a,-0.10401667217091731,0.5710285876221841,0.6054514967040068,0.00024105110548705336,0.019492821971580414,0.7705178440990471,0.0006331625587484342,severity_oscillating,False
Pmm2,-0.10417889112676482,0.5704250033440107,0.370348412299701,0.03693345710103615,-0.21946228874900017,0.7700531907519679,0.0570038017163042,severity_oscillating,False
Col4a3bp,-0.10421258888453397,0.5702996569308613,-0.3102560007796723,0.0839554565097974,-0.1067063961375307,0.7700531907519679,0.11909254272983218,severity_oscillating,False
Chat,-0.1047029447120552,0.5684770790929595,-0.5033569596508419,0.0033172769105791226,-0.008738161573467082,0.7683628989012153,0.0065637818156959295,severity_oscillating,False
Krt28,-0.10538155947547237,0.5659591401249564,-0.7195693049503887,3.463297023623862e-06,-0.14031470988163486,0.7654658975198823,1.6433747086051463e-05,severity_oscillating,False
Evx1,-0.10560043205812705,0.5651481182854791,-0.41190322298523757,0.01915819018764533,-0.06402383768251843,0.7654658975198823,0.03154161886797914,severity_oscillating,False
Taf5l,-0.10565684773165954,0.5649391586967769,0.2142182104018357,0.23906910898398073,-0.2374427366020959,0.7654658975198823,0.2983100599137196,other,False
Sarm1,-0.1056876709896093,0.5648250064675999,-0.16440118426245431,0.36858218458009606,0.021509320796226663,0.7654658975198823,0.435317833652019,other,False
Crx,-0.10592439799856466,0.563948652227815,-0.05589334526882583,0.7612508972002122,-0.2394592354267421,0.7652806300970285,0.80210022733306,other,False
Ndufv2,-0.10607244172659604,0.5634009161556608,-0.3672298313786574,0.03867932416685303,-0.019660863540300933,0.7649475840590966,0.05950037170540329,severity_oscillating,False
Scgb1b27,-0.10628193302556095,0.562626250919325,-0.23145145996437155,0.20245555258868064,-0.20937979462576892,0.7640991762352176,0.2581169142101625,other,False
Pax5,-0.10652403632315072,0.5617316000337849,0.2709625957318544,0.1336051220861253,-0.011090743535554372,0.7634333117018731,0.1795835909779513,other,False
Tex101,-0.1067118719728737,0.5610379358048958,-0.053937533225121397,0.7693762831650884,-0.1609838228342589,0.7627544004639588,0.8080272638305778,other,False
Bmp8b,-0.10685742053761997,0.5605007055854296,-0.07103301093332237,0.6992559079824583,-0.17745189656886995,0.7626230014440452,0.7480923629652936,other,False
Sfxn3,-0.10710138913555774,0.5596007307455697,-0.017752708185653762,0.923173962708937,-0.20080967462102234,0.7616124139629539,0.9373229267074616,other,False
Sept5,-0.10734716924558742,0.5586947466983225,-0.7670218294774163,3.049689742576478e-07,-0.21996641345516169,0.760820632933329,2.4118554072686224e-06,severity_oscillating,False
Itgae,-0.10749034888940635,0.5581672759942564,0.5068051786937298,0.0030752540232775274,-0.06402383768251843,0.7604796712196608,0.006125291203724586,severity_oscillating,False
Serpinf2,-0.10765116901441915,0.5575750922955205,0.29530474364278086,0.10082618055592221,0.013611367066362184,0.7604787555613503,0.1403696361942574,other,False
Wnt8a,-0.10767658261779538,0.5574815390143368,-0.25862035391502675,0.15294120380846862,-0.16484877891483088,0.7604787555613503,0.2018507323743851,other,False
Six3,-0.10769379722459194,0.5574181722328848,-0.24685491544937466,0.17318134892576603,-0.14569204008069153,0.7604787555613503,0.22489767333766103,other,False
Npas4,-0.10771163721672145,0.5573525069261707,-0.46900675033590883,0.006773786506183512,-0.006385579611379789,0.7604787555613503,0.012474037894600033,severity_oscillating,False
Pnkd,-0.10787746430213983,0.5567423029427154,-0.693990530340193,1.0580104965411526e-05,-0.06671250278204675,0.7604787555613503,4.113497710333306e-05,severity_oscillating,False
Patj,-0.10793928767161376,0.5565148868405221,-0.27198895561792347,0.1320820805466556,-0.14838070518021987,0.7604560508367274,0.17777063136371773,other,False
Cited1,-0.10806348213168294,0.5560581697932765,-0.5872035587307367,0.00041075681900383304,-0.056293925521374466,0.7600355638037254,0.0010112309525765212,severity_oscillating,False
Hs3st2,-0.10820835039631764,0.5555256455646935,-0.7645891203058516,3.5010328780297856e-07,-0.21778187306179494,0.7595112082619945,2.6874383989793794e-06,severity_oscillating,False
Pbx2,-0.10833366616228841,0.5550651854982762,0.390270341044109,0.027225446986005295,-0.05646196709009498,0.7593385848437306,0.04335841557153075,severity_oscillating,False
Lyzl6,-0.10850434832666503,0.5544383160697892,-0.039786722862185715,0.8288329693251035,-0.1285518000711984,0.7590418277702615,0.8591499647484968,other,False
Phf10,-0.10897187850306742,0.5527228893368046,0.2501465000821815,0.16733702084307156,-0.15224566126079184,0.7575065713345083,0.21842020044025282,other,False
Rela,-0.10907975473983042,0.5523274290390219,0.5752238370606123,0.0005731009411880735,0.009074244710908123,0.7571680235227225,0.0013565605109050409,severity_oscillating,False
Riok3,-0.10982156990051095,0.5496116061038916,0.4167444315068557,0.017655779285933693,-0.043354724729894364,0.7544587736103205,0.02926946055818907,severity_oscillating,False
Tnfsf10,-0.10982290790114457,0.5496067132658116,0.133044398025843,0.4678963730615222,-0.054445468265448736,0.7544587736103205,0.5334687972701888,other,False
Pitpnm1,-0.1098284658037148,0.5495863891906134,-0.12087760425708406,0.5098925799538345,0.009914452554510726,0.7544587736103205,0.5744174139453423,other,False
Hmx2,-0.10984405272844383,0.5495293929765077,-0.5253224863077525,0.0020195740951536086,-0.1971127601091709,0.7544587736103205,0.004223799696342172,severity_oscillating,False
Tbpl2,-0.10997583088276451,0.5490476345312612,-0.0774798768698434,0.6733979594603279,-0.0888939898531555,0.7544587736103205,0.7245313206511564,other,False
Slc2a2,-0.11007295883784982,0.5486926779434659,-0.08360445184289911,0.6491669323767151,-0.24382831621347567,0.7542121665830287,0.702460865942644,other,False
Sp3,-0.11013405476033865,0.5484694564332847,0.03917470415685786,0.8314281171855671,-0.10788268711857434,0.7541085437375162,0.8611400661448889,other,False
H2-Ab1,-0.1102052309553775,0.5482094590843556,0.6748252431439239,2.2743397342041125e-05,-0.0048732054928951034,0.7539542870825824,7.946169167243273e-05,severity_oscillating,False
Cemip2,-0.11034701848492016,0.5476917000262612,0.3139932430167792,0.0800985816954638,-0.06604033650716466,0.7534453510879068,0.1142569533636915,severity_oscillating,False
Dusp6,-0.11036192242025236,0.5476372893351942,0.6519956854739715,5.2796070678066455e-05,-0.03260006433178103,0.7534453510879068,0.00016461659934524265,severity_oscillating,False
Shh,-0.11042386877421222,0.5474111652495629,0.07012361125984748,0.7029310495792521,-0.10317752319439977,0.7534453510879068,0.7513938147325576,other,False
Prss1,-0.11109168218914278,0.5449762191042471,0.08150567141484072,0.6574324004333292,-0.1238466361470238,0.7509248227041504,0.7093056962774094,other,False
Plxnd1,-0.11119781033655694,0.5445897308058729,0.7377232205409329,1.4528870223402197e-06,0.08133211926073207,0.7507978964434481,8.117389595791304e-06,severity_oscillating,False
Klc2,-0.11121620572744474,0.5445227532085708,-0.7216986582072925,3.1387120250536862e-06,-0.11157960163042581,0.7507978964434481,1.5161524658900429e-05,severity_oscillating,False
Cyp2c29,-0.11145354675833334,0.5436589433363908,-0.34512552976185334,0.05304421155775827,-0.24575892587880985,0.7501228752931915,0.07927879377560064,severity_oscillating,False
Set,-0.11177405403074125,0.5424934753292199,-0.35572093877923083,0.045706232781412476,-0.12199817889109808,0.7489199506507038,0.06916270940907299,severity_oscillating,False
Crlf2,-0.11195039583717778,0.54185274399859,0.837596060326839,2.258505691547069e-09,0.05780629963985916,0.7486432413696662,8.256573638882929e-08,severity_oscillating,False
Foxa1,-0.11239282731003943,0.5402467650614972,0.11697066037179672,0.523763643063355,-0.10065689966359195,0.7474366011876044,0.5883843634050379,other,False
Cxcl16,-0.11270836761059762,0.5391027697213322,0.717754232481125,3.763722660294666e-06,0.018484572559257288,0.7464612454800531,1.7565186907742994e-05,severity_oscillating,False
Ptgr1,-0.11332581216997556,0.536867554916952,0.7649869639854431,3.423277779581651e-07,0.020501071383903537,0.7443765690762089,2.6538206616483285e-06,severity_oscillating,False
Lhx3,-0.11344067506150177,0.5364522275021897,-0.6199365520840079,0.0001542004442637288,-0.07007333415645717,0.7440029397739721,0.0004266276956847151,severity_oscillating,False
Ascl1,-0.11351302824392445,0.5361906877579191,-0.3292310860308038,0.06576954261860232,-0.21072412717553304,0.7438424526116795,0.09582703139031432,severity_oscillating,False
Adamdec1,-0.1135579919505165,0.5360281852222297,0.11541518829184093,0.5293367580975623,-0.08838986514699394,0.7438193070779635,0.5931010351743314,other,False
Fgf8,-0.11357986206842899,0.5359491533234149,-0.15513366818416777,0.39654733976003254,-0.1278796337963163,0.7438193070779635,0.4641006789792687,other,False
Fshr,-0.1138369368428099,0.5350205815495042,0.020643506664878863,0.9107100467417102,-0.10737856241241278,0.7434323035913977,0.927066842632102,other,False
Spopl,-0.11385554063667419,0.5349534132511912,-0.3091097039762284,0.08516657839825142,-0.17677973029398789,0.7434323035913977,0.12054237414247518,severity_oscillating,False
Neurog3,-0.11416792348795456,0.5338261698841305,-0.4265216950140374,0.014918964966064666,-0.27928508721350553,0.7423793055013493,0.02532500508881726,severity_oscillating,False
Kif5c,-0.11447620398409983,0.5327148475773121,-0.8282432219217526,4.895568520868254e-09,-0.19291172089115788,0.7413215312013574,1.3469805996308115e-07,severity_oscillating,False
Mybbp1a,-0.11469937737786196,0.531911022284269,0.5479143319989817,0.001169717138141282,-0.06469600395740051,0.7409279422916593,0.0025815920250884185,severity_oscillating,False
Yy1,-0.11485782586820475,0.5313406771813,-0.18635578526435437,0.3071469889982654,-0.0033608313744104158,0.7403356444419041,0.37293840587833266,other,False
Serpini1,-0.11486956166752885,0.531298445157195,-0.31554168768784896,0.07854119174640539,-0.019996946677741975,0.7403356444419041,0.11228660849170793,severity_oscillating,False
Pdc,-0.11492850345383394,0.5310863638036046,-0.12570153491066627,0.4930213509104062,-0.04318668316117384,0.7403356444419041,0.5579990927432843,other,False
Lamp3,-0.1150183882113569,0.5307630234965284,-0.05354093106515799,0.7710269256476743,-0.221982912279808,0.7403356444419041,0.809094496549843,other,False
Otx1,-0.11518610487056218,0.5301599539513298,-0.14301991496411057,0.43487230437776636,-0.04167430904268916,0.7400738420578333,0.5011937696861695,other,False
Drd3,-0.11528518902002921,0.5298038260093929,0.13085583824870894,0.4753136914066729,-0.16871373499540288,0.740013503963284,0.5405964637381133,other,False
Vil1,-0.11543298616912008,0.5292728284608395,0.39494651325005153,0.025280128895394396,-0.005713413336497707,0.7398796102983672,0.04057707284311102,severity_oscillating,False
Insrr,-0.11551238988114536,0.5289876572491428,0.40073433567698696,0.023031879187104563,0.050244429047435715,0.7398595970087193,0.03723791306922991,severity_oscillating,False
Usp14,-0.11554845717728697,0.5288581493449721,-0.5704903837128064,0.0006514316983461882,-0.1230064283034212,0.7398595970087193,0.0015228932599742923,severity_oscillating,False
Rhox5,-0.11556343409923846,0.5288043757698022,-0.15764313632289811,0.38885761932170115,-0.1930797624598784,0.7398595970087193,0.45614519771602374,other,False
Dpysl3,-0.11567801188868461,0.5283930797591004,-0.11545219853651599,0.529203822185721,-0.16552094518971297,0.7398595970087193,0.5931010351743314,other,False
Ndn,-0.1157892252282128,0.5279940089326169,-0.5777170753798105,0.0005352849046454462,-0.09023832240291967,0.7398595970087193,0.0012789172358765438,severity_oscillating,False
Agpat4,-0.11587701917728042,0.5276790777352907,-0.7641406353545791,3.590618190780164e-07,-0.14266729184372215,0.7396787511755201,2.739859900407535e-06,severity_oscillating,False
Tfap2d,-0.11625551632534717,0.5263223882571924,-0.3126272289710919,0.08149215545992021,-0.042514516886291764,0.7379797972787075,0.11601771839270247,severity_oscillating,False
Msra,-0.11628605254385797,0.5262130076608145,-0.17486504956405746,0.33844957608590986,-0.17089827538876964,0.7379797972787075,0.4052010682838023,other,False
Brwd3,-0.11651883930321814,0.5253795290203626,-0.16904337656238583,0.35502391893953855,-0.2352581962087291,0.7374686234267666,0.4220407854837068,other,False
Stk38,-0.11654271721954956,0.5252940718728458,0.40921628883571937,0.020036799644284262,-0.18602201657361653,0.7374686234267666,0.032864217037136344,severity_oscillating,False
Tnnt2,-0.11672122480399758,0.5246554214621326,-0.3354160827162338,0.06056082552609077,-0.07931562043608581,0.7370606733347118,0.08918036114566656,severity_oscillating,False
Mmp16,-0.11673896998428925,0.5245919547794538,-0.49003451657515296,0.0044134024026121705,-0.07578674749295489,0.7370606733347118,0.008508225871400106,severity_oscillating,False
Cga,-0.1168125623452618,0.5243287872017133,-0.06595170222722961,0.7198743611972975,-0.10956310280577955,0.7370606733347118,0.7662936386618144,other,False
Fezf1,-0.11778844273180634,0.5208451032861787,-0.3806880790173622,0.031595189474722556,-0.13224871458304988,0.7345399148086253,0.049589865080172234,severity_oscillating,False
Il2,-0.11793256438153711,0.5203315804458415,0.05455248730386319,0.7668188312153715,-0.2777727130950209,0.7343665438774766,0.8063374269283881,other,False
Dek,-0.11822658117631793,0.5192847316504592,0.3126845087569674,0.08143334762173325,-0.11813322281052613,0.733353105246122,0.11596636131168657,severity_oscillating,False
Slc6a5,-0.11901175163725859,0.5164941932158149,-0.5796715888297613,0.000507198832426744,-0.04419493257349697,0.7304233101175137,0.0012179172960685993,severity_oscillating,False
Ndst2,-0.11908530138572897,0.5162331718174988,0.7459129735015683,9.591699839294833e-07,0.04923617963511259,0.7304233101175137,5.962222955202208e-06,severity_oscillating,False
Tcp1,-0.11917334379102065,0.5159208026716791,-0.49422101742663943,0.004039579582768395,-0.1905591389290706,0.7302197598302539,0.007834941236388435,severity_oscillating,False
Rnf219,-0.11947673856997325,0.5148450895751464,-0.15626329157411217,0.39307513550874285,-0.033608313744104154,0.7299123963098448,0.46071059078903764,other,False
Atp2b2,-0.11965045703478909,0.5142296536499127,-0.6428006018332642,7.269871040416654e-05,-0.109058978099618,0.729242553035364,0.0002194296578530494,severity_oscillating,False
Hoxd4,-0.11971694826811108,0.5139941899245729,-0.13285882132339302,0.46852294572135766,-0.08586924161618613,0.729242553035364,0.5339764347379646,other,False
Cwc27,-0.11976940773003197,0.5138084541271567,0.3931656593112913,0.02600706321162841,0.19610451069684778,0.729242553035364,0.041639055066703234,severity_oscillating,False
Fmr1,-0.11998098274240969,0.5130596969361465,-0.6531029702600473,5.0764520367548046e-05,-0.1688817765641234,0.7285961898862148,0.00015935373439683853,severity_oscillating,False
Esd,-0.12002580317149175,0.5129011481393108,0.4125023936965797,0.018966686188783447,0.03898564394316083,0.7285738670728555,0.03128000848657755,severity_oscillating,False
Selenok,-0.12005544700739679,0.5127962986770869,-0.1436499521993213,0.43283041698099123,-0.08435686749770144,0.7285738670728555,0.4994046498575065,other,False
Clcn7,-0.12049620726320946,0.5112385927554481,0.8146339710801527,1.3945832615068628e-08,0.09897648397638675,0.727224780157708,2.6057762699437754e-07,severity_oscillating,False
Phox2b,-0.12092935393462718,0.5097100825112473,0.20801522432893535,0.25326850631694003,-0.13292088085793194,0.7256575860702964,0.3141835240084414,other,False
Adam28,-0.12103072671060759,0.5093526811492223,-0.23546377662028384,0.19452090963655386,-0.15963949028449476,0.7253512078565558,0.24912155662969152,other,False
Irak1,-0.12104597235174445,0.5092989416663816,0.7792082670639061,1.4888492415264951e-07,0.1001527749574304,0.7253512078565558,1.3683999965813787e-06,severity_oscillating,False
Cdh13,-0.12112303557375224,0.5090273440246129,-0.3611938296938348,0.04224723904194575,-0.12418271928446487,0.7252928720306007,0.06434851189995977,severity_oscillating,False
Atp2a2,-0.12142202230987861,0.507974292715115,-0.49341229390739283,0.004109589187051613,-0.10687443770625121,0.7241970003185582,0.007955603204231604,severity_oscillating,False
Osmr,-0.12185105757599056,0.5064650992725285,0.5745766461078651,0.0005832946714072798,-0.018316530990536768,0.7224492369656509,0.001377493573540988,severity_oscillating,False
Krt82,-0.1219752847030333,0.5060285305609599,-0.09914336035305707,0.5892941861156755,-0.06755271062564935,0.7220284012283793,0.6481219584683184,other,False
Actg2,-0.12201553857375108,0.5058871075713505,0.35158445168471625,0.048467863161323385,0.0250381937393576,0.7220284012283793,0.07303827769155409,severity_oscillating,False
Glra1,-0.12258879022220767,0.5038752601648555,-0.7024686332177815,7.401120852314775e-06,-0.1278796337963163,0.7199629417649659,3.044606247391747e-05,severity_oscillating,False
Appl1,-0.12267418804977313,0.5035758967382775,-0.6336285020688431,9.900558300561642e-05,-0.19425605344092203,0.7199385227752112,0.00028842231805348333,severity_oscillating,False
Supt5,-0.12288711990524168,0.5028298490853345,0.25310632913105297,0.162203009324035,-0.11863734751668767,0.7190734679518619,0.2123165385070317,other,False
Rtbdn,-0.1229283419605191,0.5026854837756961,-0.3599424002529769,0.04301902224229159,-0.16014361499065632,0.719068607049867,0.06542636626652636,severity_oscillating,False
Apoa4,-0.12301526969192515,0.5023811190708547,0.3479473908688074,0.051004436618162105,-0.1147723914361157,0.7190260778140316,0.07647666995568632,severity_oscillating,False
Adad1,-0.12304223045429533,0.5022867387101015,0.11273213142975318,0.5390166603657356,-0.10889093653089747,0.7190260778140316,0.6015147636240685,other,False
Notch4,-0.12408816484858037,0.4986321639558836,0.22906085559770567,0.20728810007726248,-0.0799877867109679,0.7157272962069764,0.2640141319585807,other,False
Cd19,-0.12427408351241594,0.4979839573174688,0.36061967457226896,0.042599941436735435,-0.006049496473938749,0.7153523419533676,0.06484700127388465,severity_oscillating,False
Cabp1,-0.12439461735542065,0.4975639427647911,-0.6045305272170967,0.00024781584579520533,-0.10620227143136912,0.714950330153014,0.0006495933347386137,severity_oscillating,False
Bsnd,-0.12446279300480992,0.4973264558607209,0.02012528954132551,0.9129429345484261,-0.20904371148832784,0.7148104399395708,0.9289690622644169,other,False
Rp2,-0.12469780605365267,0.4965082375100962,0.6678314623771178,2.966245866423602e-05,-0.07208983298110343,0.7144396387980256,9.908854069827634e-05,severity_oscillating,False
En1,-0.12505574133188108,0.49526336480681,-0.2995430543448342,0.09580340279416165,-0.1803086032371188,0.7136549219998695,0.13418263526991173,other,False
Maml1,-0.12508454456604257,0.49516325809284556,0.660511685314799,3.888276631951232e-05,-0.027894900407606452,0.7136549219998695,0.00012545287223012799,severity_oscillating,False
Dgka,-0.12543109975174327,0.4939595972903513,0.7114496775316932,5.000272450401363e-06,0.05747021650241811,0.7122920202337121,2.2179469364780307e-05,severity_oscillating,False
Ppif,-0.12551884017213596,0.493655091794007,-0.2926687732877158,0.10404892512601258,-0.03159181491945791,0.7121421445817957,0.14426571543022293,other,False
Il1f5,-0.12556944862942543,0.49347949715202744,-0.2782173808472967,0.1231122163926996,-0.1803086032371188,0.7120902163995734,0.16737617692408335,other,False
Ccl21a,-0.12560175665911344,0.4933674155530099,0.11243209538399494,0.5401043354077495,-0.153589993810556,0.7120902163995734,0.6023332345681963,other,False
Uts2,-0.1259706253414343,0.4920886701229934,0.1526439880647291,0.4042617756201219,-0.14367554125604526,0.710686383436407,0.4712384180617555,other,False
Ybx3,-0.1262921771056034,0.49097533492985024,0.008169485202179354,0.9646050194008362,-0.30281090683437845,0.7101849111535566,0.9724209889256256,other,False
Stac,-0.1265531520896077,0.49007268483640587,-0.07468741982011584,0.6845554612308503,-0.12267034516598017,0.7091803589646827,0.7338528770191318,other,False
Stat5b,-0.12680020640854867,0.4892189642664845,0.5278256196921072,0.0019044981061491573,0.01041857726067229,0.7081458390247837,0.004004470255344951,severity_oscillating,False
Tmco5,-0.12690570033455925,0.48885465132221795,-0.13440427856310572,0.46331840610199326,-0.21106021031297412,0.7078193518009179,0.5295512412113529,other,False
Nfatc1,-0.1270653045950716,0.48830373745815536,0.7690249388927503,2.71869715587412e-07,0.03898564394316083,0.7072224204355623,2.1977930573873038e-06,severity_oscillating,False
Tbx5,-0.12711808387852677,0.4881216265417473,-0.3155429944211753,0.07853988741167771,-0.14132295929395797,0.7071594481651386,0.11228660849170793,severity_oscillating,False
Twf2,-0.12730967872192636,0.4874608353203519,0.6697989679497668,2.7546193354644186e-05,0.0008402078436026039,0.7066099804367306,9.324030013406767e-05,severity_oscillating,False
Neurog2,-0.1273317044298013,0.4873849002651648,-0.6700835782039548,2.725159647302578e-05,-0.2539108103367069,0.7066099804367306,9.230437822636423e-05,severity_oscillating,False
Aicda,-0.12743408481456783,0.4870320168279939,0.14818814788046675,0.4182790944518595,-0.09477544475837373,0.7066099804367306,0.4851390770347738,other,False
Ssrp1,-0.12750411623837685,0.48679070884378817,0.2581344675246071,0.15374164820338768,-0.18534985029873444,0.7066099804367306,0.20269737593318182,other,False
Lmnb2,-0.12751048482924587,0.4867687675674338,-0.027997022328414202,0.879105252942508,-0.1347693381138577,0.7066099804367306,0.9017325347395402,other,False
Tas1r1,-0.12771576884072525,0.48606178813098255,0.2919134528918547,0.10498653894277156,-0.06099908944554904,0.7059798352096076,0.14531967039585253,other,False
Abhd5,-0.12783767131840731,0.4856422166523985,-0.5954501614737794,0.0003241122294281467,-0.1866941828484986,0.7057723496136423,0.0008213097279249758,severity_oscillating,False
Mlec,-0.12831328286488863,0.4840070076444386,0.22696551624214228,0.2115885944388365,-0.258447932692161,0.703796962940217,0.2683524167659137,other,False
Kcnf1,-0.12845077851268194,0.48353480991399966,-0.20807233792346916,0.25313527828998533,-0.11813322281052613,0.7033108255977508,0.3140946374500645,other,False
Mnx1,-0.12846686237958266,0.48347958901250887,0.04733123933881665,0.7969954741735221,-0.26298505504761505,0.7033108255977508,0.8313852584374513,other,False
Nfatc2,-0.12853165688262333,0.4832571622995345,0.5541677720286401,0.0009987493769910856,-0.08318057651665779,0.7033108255977508,0.0022384097416658735,severity_oscillating,False
Ruvbl2,-0.12864539869525274,0.48286683669464037,-0.1071333598933765,0.5594828432591921,-0.12737550909015477,0.7033108255977508,0.6202829783666896,other,False
Rcan1,-0.12891616626752278,0.4819383031094234,0.04665319338941684,0.7998445220925205,-0.18568593343617548,0.7023906526174768,0.833675297751113,other,False
Il6ra,-0.12904691751839203,0.4814902526938396,0.7585870331153076,4.887637533701777e-07,0.07797128788632166,0.7021388733537095,3.4735941442172627e-06,severity_oscillating,False
Pip,-0.1292951959931612,0.4806400595747907,-0.0752987734934577,0.682107053792499,-0.03192789805689895,0.701300041158755,0.7317409214291352,other,False
Myf5,-0.1294116716097469,0.48024147360602853,0.1692454753895133,0.35444053046742363,-0.3122212346827276,0.7012194631039569,0.4216420582822593,other,False
Klf17,-0.1294567025941245,0.4800874209442707,0.2336944666775859,0.19799272222158623,-0.0799877867109679,0.7012194631039569,0.25306306903336695,other,False
Efcab3,-0.12972243313888238,0.47917886778927155,-0.5592247125657304,0.0008769501417014383,-0.20249009030822754,0.7007716182892988,0.00199523758823329,severity_oscillating,False
Grpel1,-0.12992383756400586,0.4784908444365539,-0.07608690300691781,0.678955360895348,-0.0799877867109679,0.7003678041523276,0.7292682585577589,other,False
Erp44,-0.13000187101022073,0.47822440991803283,0.37922709901811186,0.03230894697681946,-0.1381301694882681,0.7001787356463507,0.050508102521837586,severity_oscillating,False
Lyst,-0.13012957830632957,0.4777885369108713,0.8020751293169339,3.4072394742373486e-08,-0.006049496473938749,0.6997414087804635,4.610166726282418e-07,severity_oscillating,False
Limd1,-0.130319915250502,0.477139287823963,0.6572782975139855,4.3720202843695225e-05,0.03125573178201687,0.6989912427311991,0.00013947264209236357,severity_oscillating,False
Pitx1,-0.1304154335199714,0.47681364288122363,-0.09298646565567595,0.6127288402174674,-0.16014361499065632,0.6987148498526634,0.6690103558701734,other,False
Clock,-0.13042008795573368,0.476797777732603,-0.4877243913866134,0.004632129946536739,-0.10065689966359195,0.6987148498526634,0.008882892803490191,severity_oscillating,False
Hira,-0.13049653676393433,0.4765372329462506,-0.19820964055341128,0.27683025108478937,-0.09746410985790206,0.6987112461221111,0.3404318010567769,other,False
Cdx1,-0.1306954588460139,0.4758596346170775,-0.24047262671822767,0.18492283773462492,-0.11779713967308507,0.698119067064053,0.2385060417912318,other,False
Gnai3,-0.13086127299208547,0.4752951968577023,0.7946356329005162,5.616994563845692e-08,0.059318673758343834,0.6976923163082415,6.725889500041519e-07,severity_oscillating,False
Ube2i,-0.13095470097839354,0.47497731799993714,0.3112507326746832,0.08291522941338976,-0.11645280712332091,0.6976098321819544,0.11781353349239586,severity_oscillating,False
Tlx1,-0.13151426644500777,0.473075775710714,-0.1445339486855832,0.429974371188925,-0.23626644562105226,0.6956354949265934,0.496671029763294,other,False
Icosl,-0.1316495076835574,0.47261678973448873,0.5211161834028087,0.002226600867155169,-0.0961197773081379,0.6951609701371474,0.004603928262407182,severity_oscillating,True
Opn3,-0.13174147331181366,0.47230480685420684,-0.03208943736821988,0.8615921441682718,-0.11796518124180558,0.6949024573877441,0.8873372758736834,other,False
Sp5,-0.1317661517851163,0.47222110627901304,0.26877923095197004,0.13688789176990968,-0.19123130520395265,0.6949024573877441,0.18331980465169578,other,False
Ofd1,-0.1318557146375239,0.4719174061937562,-0.10797824219891529,0.5563716154205938,-0.14031470988163486,0.6949024573877441,0.6177735329256527,other,False
Srsf4,-0.13250479827149692,0.46971947430575844,0.12097909830216005,0.5095346874678579,-0.09813627613278414,0.6924968319172468,0.57419932879217,other,False
Adamts18,-0.13270042817536834,0.46905808551416583,-0.48271371854811324,0.005138743144313615,-0.1747632314693416,0.6924383646888608,0.009791829951118323,severity_oscillating,False
Usp7,-0.1330665937825201,0.4678214618354817,0.06540545774078264,0.7221027181404908,-0.145523998511971,0.6912970095083406,0.7681847685577984,other,False
Fgfr1op,-0.1331563191613427,0.4675187007504572,0.31283420130622186,0.08127981599015616,-0.015627865891008435,0.6910498094836517,0.115780045061655,severity_oscillating,False
Cltb,-0.1334711507807919,0.4664571775742341,-0.7057682133465935,6.418790967765881e-06,-0.15039720400486611,0.690080644665362,2.6992788727595844e-05,severity_oscillating,False
Onecut2,-0.1335905111422735,0.4660550603508451,-0.6322248644164583,0.00010370709496015149,-0.218117956199236,0.6896857739627679,0.0002997223180689704,severity_oscillating,False
Myo1c,-0.13383289066162782,0.4652390621049237,0.7462852089566471,9.408902879484789e-07,0.04469905727965853,0.6893447447464008,5.874518187056536e-06,severity_oscillating,False
Tfap2b,-0.1341867762262357,0.4640490209347219,-0.737839005486542,1.4445355821367202e-06,-0.1470363726304557,0.6883740240017421,8.107794986645037e-06,severity_oscillating,False
Igsf9b,-0.13455631831398265,0.4628080489458479,-0.06793471370187934,0.7118039243897761,-0.14821266361149935,0.687341707598891,0.7591285424027281,other,False
Dock2,-0.13457740295392379,0.4627372968933817,0.6909268384893859,1.2003215402679253e-05,-0.0517568031659204,0.687341707598891,4.579536407559227e-05,severity_oscillating,False
Ifngr2,-0.1348296978487266,0.46189113516178515,0.5372978584591184,0.0015190946277641893,-0.12183013732237757,0.6867113612533564,0.0032709589262242,severity_oscillating,False
Apex1,-0.13486110169658322,0.4617858684584002,-0.1629205818820026,0.37296995800106636,-0.15627865891008433,0.6867113612533564,0.4398495524294168,other,False
Krt79,-0.13529994091069955,0.4603161961922865,-0.17273924260703735,0.3444462588859266,-0.13224871458304988,0.6849687621869467,0.4112875389927696,other,False
Mia2,-0.1353276083555795,0.460223621226691,0.033989072143505605,0.8534842153024453,-0.18686222441721914,0.6849687621869467,0.8800531599469928,other,False
Atg9a,-0.13569662843497293,0.4589898297560061,-0.5751416389255151,0.000574386842542609,-0.10737856241241278,0.6836876585086165,0.0013589736937893546,severity_oscillating,False
Fv1,-0.13579324495771164,0.45866709032806585,-0.5033067841777643,0.003320916646866495,-0.1488848298863814,0.6836876585086165,0.006568435756365254,severity_oscillating,False
Map2k2,-0.1358446038336533,0.45849557944821173,0.3976953226245764,0.02419088903658905,-0.09292698750244799,0.6836556418489704,0.03897590807821881,severity_oscillating,False
Sox3,-0.1361447325094329,0.4574939946518831,0.028957777908325676,0.8749884323246783,-0.09326307063988903,0.6826240829325624,0.8982322385365634,other,False
Rtn3,-0.13618815684022592,0.4573491762419256,-0.4799316226480573,0.005440006521905891,-0.13880233576315015,0.6826240829325624,0.010300472631121733,severity_oscillating,False
Zzef1,-0.1366165931779978,0.4559216684229386,0.5066613923586905,0.003085032127534895,0.08133211926073207,0.680812772431326,0.006137577567299337,severity_oscillating,False
Gtpbp2,-0.13704080916780995,0.4545105693183288,0.5311811322057757,0.001759216445925277,-0.031759856488178424,0.6789043672306867,0.0037276396194199724,severity_oscillating,False
Clic4,-0.13735972418425269,0.4534512801025584,0.10845580065470391,0.5546165850889375,-0.2651695954409818,0.6777190096112367,0.6162272273009519,other,False
Mapk1,-0.13741100973253226,0.4532810565515675,-0.5234469687740698,0.002109716777984315,-0.2087076283508868,0.6776631504893159,0.004388933639681073,severity_oscillating,False
Gpr65,-0.13753942913917488,0.4528549656627906,0.8173832795305298,1.1366525258751523e-08,0.07645891376783696,0.6772246203007607,2.291725112446305e-07,severity_oscillating,False
Mta2,-0.13775602993142072,0.4521367787548015,0.8309989905343526,3.916758791792655e-09,0.03428048001898624,0.6764231131565077,1.1822122246706705e-07,severity_oscillating,False
Fubp1,-0.13795903731965098,0.45146421873591247,0.29591909464975863,0.10008603661281007,-0.05276505257824353,0.6762756633937252,0.13956776182666597,other,False
Cxxc1,-0.13817026693089782,0.45076498916055996,0.6178716164741999,0.00016456182320843065,0.0020164988246462495,0.6756838700288029,0.00045009643977812584,severity_oscillating,False
Hoxd3,-0.13832501747848744,0.45025309074926423,-0.3803402750698739,0.03176393349356241,-0.20568288011391744,0.675114937069958,0.04982405435137203,severity_oscillating,False
Retreg3,-0.1383895650271192,0.4500396667062396,0.22162064659611566,0.22283433210254228,-0.1130919757489105,0.6749933372150921,0.28074928480620714,other,False
Stip1,-0.13902972687923992,0.4479259436455123,-0.5455532439409052,0.001240642232587065,-0.10334556476312029,0.6726141414588632,0.002720987225903543,severity_oscillating,False
Eif2ak4,-0.13929400570684944,0.44705489644096363,0.5480428865772069,0.001165959585287723,0.0258784015829602,0.6717016279073211,0.0025758163034008985,severity_oscillating,False
Npy2r,-0.13938476548140458,0.44675596871223444,-0.39974103684641854,0.023405557259632278,-0.13964254360675277,0.6716481569116145,0.03780612652988735,severity_oscillating,False
Washc1,-0.13944799580989878,0.4465477761782285,0.6147944193743211,0.00018115565986699585,-0.06318362983891582,0.671564589237538,0.0004917908573611207,severity_oscillating,False
Ercc1,-0.13952363415588842,0.44629879778663906,0.049582429011679426,0.7875548958537536,-0.1470363726304557,0.671564589237538,0.8233895314101245,other,False
Slc52a3,-0.1396385390160901,0.4459207095482236,0.0016076565630340537,0.993032607492706,-0.16837765185796183,0.6713818002967793,0.9953742053095488,other,False
Tal1,-0.14032348251005933,0.44367053569536263,0.41189006188760835,0.01916241459946429,-0.06049496473938748,0.6687835114013135,0.03154161886797914,severity_oscillating,False
Sh3bp5,-0.14039957602283124,0.4434209340304106,-0.2931084725884672,0.10350602079257429,-0.037305228255955614,0.668604843183306,0.14366917335045482,other,False
Lamp5,-0.14086660648573884,0.4418906512188907,-0.5884211902422277,0.0003967953676380658,-0.15644670047880485,0.6675679260678582,0.0009806459158535725,severity_oscillating,False
Pnoc,-0.1409737805939334,0.441539887231171,-0.19907208984375324,0.2747028781021032,-0.10569814672520758,0.6673466562270232,0.3382233601735043,other,False
Hal,-0.14108540190390234,0.4411747291694651,0.8382061803991483,2.143752205983297e-09,0.08956615612803757,0.6673466562270232,8.17444255498251e-08,severity_oscillating,False
Camk1d,-0.1412201331083558,0.4407341881599588,-0.45562136942969184,0.008779106570517002,-0.11174764319914632,0.667286992274694,0.015785062607052248,severity_oscillating,False
Gata4,-0.1413587511727551,0.4402811878541507,-0.2071524699301607,0.255286677943891,-0.15896732400961266,0.6668844028805283,0.31614890609171836,other,False
Cd8b1,-0.14145118969053272,0.43997924203505756,0.5544935617999105,0.000990477447331037,-0.06015888160194644,0.6668844028805283,0.002222800465831773,severity_oscillating,False
Mtrex,-0.14163904561209512,0.4393659675439924,-0.6422089055634714,7.418417730277037e-05,-0.1351054212512987,0.666462779365022,0.00022364863381881306,severity_oscillating,False
Mas1,-0.14168473061496772,0.4392168947158689,-0.3695877398104632,0.03735331569665308,-0.1826611851992061,0.666462779365022,0.05761695293880476,severity_oscillating,False
Prph2,-0.14179694005309879,0.43885086579952204,-0.4228413675750778,0.015904276955848378,-0.18703026598593964,0.66644187747644,0.026748340505038763,severity_oscillating,False
Gsdma3,-0.14209482957597644,0.4378799528862577,0.07650132839766767,0.6773002237522012,-0.36565845353585325,0.6655618711778308,0.7280617029463864,other,False
Cep152,-0.14223023031237156,0.4374390284701044,0.5169308256744939,0.0024506565615608836,-0.1705621922513286,0.6652881586839602,0.005014359855805082,severity_oscillating,False
Slco1a1,-0.14263664691620778,0.43611701443216644,-0.4518029929367541,0.009435877045162671,-0.1729147742134159,0.6640695195876062,0.01684718544185327,severity_oscillating,False
Itgb1,-0.14296675015920293,0.43504484725255277,0.810194361820249,1.9267939139331422e-08,0.005041247061615624,0.6630307038647361,3.2076219464684554e-07,severity_oscillating,False
Mbl1,-0.1429902864952123,0.43496845699804765,0.006261637811512052,0.9728674431067044,-0.14905287145510196,0.6630307038647361,0.980083282981224,other,False
Kat2b,-0.1432298481837505,0.4341913463670519,-0.23158209284899767,0.20219374580980337,-0.2471891475878861,0.662131038364661,0.257912052357041,other,False
Drd2,-0.14346038079022055,0.4334442443742379,-0.6891756178090905,1.2892308618503252e-05,-0.19593646912812723,0.6617691513487917,4.8605813941600215e-05,severity_oscillating,False
Ager,-0.143785925619803,0.4323904327034801,0.6701495797548818,2.718368575280352e-05,0.21458908325610504,0.6605641201618604,9.213553556481778e-05,severity_oscillating,False
Bex3,-0.14393777578345876,0.431899364908787,-0.5639330892242553,0.0007754868838538269,-0.15291782753567393,0.6600115819052494,0.0017858955280082938,severity_oscillating,False
Arhgef15,-0.14419825334006833,0.43105772188406843,-0.5386957866695793,0.0014684205235222052,-0.18282922676792662,0.6593179728127835,0.003171216380392366,severity_oscillating,False
Sox18,-0.1442488263711881,0.43089441735799483,-0.11540362567325299,0.5293782928006809,-0.1764436471565468,0.6593179728127835,0.5931010351743314,other,False
Ubr7,-0.1442631893301575,0.43084804437862323,0.08094346735983769,0.6596533054374205,-0.08402078436026039,0.6593179728127835,0.7112850961593891,other,False
Smc3,-0.14432941947314323,0.43063424591958277,-0.4728627780573169,0.006274302761594448,-0.18551789186745496,0.6593179728127835,0.011663709324669562,severity_oscillating,False
Opn4,-0.14433303778528625,0.43062256727835513,-0.08087454959673894,0.6599257514452166,-0.1764436471565468,0.6593179728127835,0.7113865718770181,other,False
Tesmin,-0.14481439427187864,0.42907047321728964,0.3482350149002452,0.05080007790558667,0.09208677965884539,0.6584408685507619,0.07621505805776399,severity_oscillating,False
Rab7,-0.14497853029445995,0.4285419367362209,0.44815181229243756,0.010102296589615131,-0.030583565507134786,0.6581406692826476,0.01794283248733523,severity_oscillating,False
Esrra,-0.1452715862954635,0.4275991577100975,-0.5096079064365336,0.0028899365784430114,-0.06251146356403374,0.6569829227347009,0.00579219125939036,severity_oscillating,False
Cd209b,-0.1455337275746341,0.4267568053857064,-0.2757026519079065,0.12667781151950874,-0.13863429419442966,0.6564106981869828,0.17140146327878358,other,False
Onecut3,-0.14563417388352448,0.42643427942903245,0.027909112931465897,0.8794820997388981,-0.21442104168738454,0.6561813753748098,0.9019377142678165,other,False
Synj2bp,-0.14563960897185696,0.4264168315947241,0.04334499364563599,0.8137807250780287,-0.055117634540330813,0.6561813753748098,0.8462987724002088,other,False
Pth,-0.14573219548759173,0.426119669119697,0.31405723738915803,0.08003374963312057,-0.021677362364947182,0.6560930975489208,0.11419640751847497,severity_oscillating,False
Rxfp2,-0.14594502916915034,0.4254370003743345,-0.19725904900844904,0.27918735138241,-0.1915673883413937,0.6556356915134383,0.3427520287368649,other,False
Cbln4,-0.14602526196755586,0.42517980926124355,-0.4471433089717832,0.010293225104125147,-0.12586313497167007,0.655635491850545,0.01821850841642692,severity_oscillating,False
Tceal9,-0.14607118986439066,0.42503262338698933,0.5135874833574597,0.002643444246182835,0.0937671953460506,0.6556204878502909,0.005348754105425879,severity_oscillating,False
Ywhag,-0.14607815605421864,0.42501030119284633,-0.2761493694349319,0.12603891064531303,-0.11981363849773133,0.6556204878502909,0.17062751677328603,other,False
Aldh1a3,-0.1461462861776429,0.42479202187361076,0.018402724783255293,0.920369697143971,-0.08771769887211185,0.6556204878502909,0.9351055723425719,other,False
Pcnt,-0.1465173657487108,0.42360422706844947,0.5839695588055623,0.00044997221778026657,-0.07326612396214707,0.6545910821799942,0.0010982336281804496,severity_oscillating,False
Neat1,-0.1470045120408637,0.42204771577621103,0.6514903885877765,5.374716821145843e-05,-0.004201039218013019,0.6531751814849673,0.00016727535390277575,severity_oscillating,False
Cops5,-0.14750447848319417,0.4204535556848583,0.267673217424735,0.13857317674679628,0.0379773945308377,0.6513008161398306,0.18515355709002257,other,False
Itln1,-0.14752780776222565,0.4203792515296979,0.3691480135145762,0.0375977781561513,-0.1347693381138577,0.6513008161398306,0.057941470203784824,severity_oscillating,False
Tln1,-0.1475755806986202,0.4202271167466851,0.8056110858464659,2.6668614638843847e-08,0.1130919757489105,0.6513008161398306,3.916442663927786e-07,severity_oscillating,False
Emx1,-0.14768422447743446,0.4198812506804611,-0.07495344932514152,0.6834896525210836,-0.09208677965884539,0.6512053085196206,0.732915854006737,other,False
Arhgef6,-0.14781763508185825,0.4194567569930209,0.6294047409518492,0.00011376120443056865,-0.04990834590999468,0.6507448045685521,0.0003247318991607894,severity_oscillating,False
Dbn1,-0.14805782163295195,0.4186931212876851,-0.1947346593654363,0.2855095444161845,-0.11208372633658735,0.6499554509094588,0.34975604852712705,other,False
Nr2e3,-0.14828007900223106,0.4179871807870179,0.2875898291933107,0.11047654745237365,-0.13981058517547332,0.6492547531043175,0.1521849496501642,other,False
Kcng1,-0.14850594968268493,0.41727044566152294,-0.5172098111599063,0.0024351355921092468,-0.11006722751194112,0.6487340881802586,0.004990609343250007,severity_oscillating,False
Ntmt1,-0.14857841826536833,0.41704063338514086,0.037033899347747236,0.8405193482588207,-0.022013445502388224,0.6487340881802586,0.8687189161276552,other,False
Brd7,-0.14920324488535638,0.4150621239102342,0.16531636992864368,0.36588533891469743,-0.2108921687442536,0.6473216156024778,0.4324330662196181,other,False
Scrib,-0.14930510268504396,0.4147400916645537,-0.03885003270248635,0.832805534412028,-0.14165904243139904,0.6471670870544167,0.8622165681014319,other,False
Adamts13,-0.149463772100601,0.4142387239458697,0.29536459551631916,0.10075389217300501,-0.11107547692426424,0.6467612165368661,0.1403072901923283,other,False
Nlrp4e,-0.14976852871953233,0.4132767010615489,0.058511173103278864,0.7504143044608622,-0.15661474204752537,0.6456736453644597,0.7921902663606909,other,False
F2r,-0.1499777433590335,0.41261700232857035,0.533255210701927,0.0016743314343398475,-0.002520623530807812,0.6454337101741912,0.0035795325425681313,severity_oscillating,False
Cldn17,-0.14997888607876528,0.4126134007146919,0.0702183557516792,0.7025478509645147,-0.1527497859669534,0.6454337101741912,0.7512176627362547,other,False
Golga3,-0.15013090370116194,0.4121344305755268,0.31232710060882973,0.08180082497116895,-0.21458908325610504,0.6452724770920081,0.11639219196037177,severity_oscillating,False
Bcl11a,-0.15040148705685233,0.41128266352073817,-0.12915772450155794,0.4811107145487795,-0.19677667697172985,0.6443344184948665,0.5467021062404376,other,False
Nup155,-0.15054847054243067,0.4108203913908183,0.25615292150580043,0.1570373240444801,-0.024534069033196035,0.6438079313316633,0.2065087367751722,other,False
Ptgir,-0.15063814127851502,0.41053851527218266,0.6460323790797838,6.504574420606323e-05,-0.01092270196683385,0.643761748049002,0.0001984439839683783,severity_oscillating,False
Rad23b,-0.15064359938303032,0.4105213614754767,-0.20299991650527222,0.26514853954536344,-0.12014972163517236,0.643761748049002,0.3275666505742066,other,False
Arf6,-0.15067595256686,0.4104196897958816,0.772861382467736,2.1747420158446477e-07,0.14770853890533778,0.643761748049002,1.8396946969856632e-06,severity_oscillating,False
Med15,-0.15088786306465893,0.40975410040851123,0.5548545583985278,0.0009813818925915206,-0.06553621180100311,0.6435208331846723,0.002205299133968875,severity_oscillating,False
Tlr1,-0.15172197472917792,0.4071401645616677,0.5267872456421717,0.0019515227059626822,-0.08637336632234768,0.6407919416511374,0.004096632901285226,severity_oscillating,False
Gar1,-0.1517751321755465,0.40697390052199367,0.17409605236437417,0.34061145260630266,0.02369386118959343,0.6407326748650277,0.40747162751987565,other,False
Ffar3,-0.15204688667761457,0.4061245167992632,-0.3818636331657914,0.03103023629515216,-0.2648335123035408,0.639988001295348,0.04879322914351762,severity_oscillating,False
Kif2b,-0.15210365091159675,0.40594722395542404,-0.22273756941872594,0.22045141974625523,-0.12065384634133393,0.639988001295348,0.27807188232582786,other,False
Csk,-0.15221417194290227,0.40560215732242977,0.5861246903174996,0.00042348878698236493,-0.0969599851517405,0.6397577626783284,0.001041570059014968,severity_oscillating,False
Pim2,-0.15265197545537684,0.40423689076960423,-0.16858617643182572,0.3563458160705444,-0.08939811455931707,0.6381963416328539,0.42334206893017057,other,False
Id1,-0.15267421714694385,0.4041676009871654,0.0603967211577999,0.7426377309642656,-0.18820655696698327,0.6381963416328539,0.7856066083883696,other,False
Cct7,-0.1526899364882405,0.40411863442116547,-0.3015079130434551,0.09354038667901364,-0.06167125572043113,0.6381963416328539,0.13133760320661947,severity_oscillating,False
Rhox13,-0.1527368365088884,0.4039725584395819,-0.025042117733129567,0.8917859689253327,-0.1745951899006211,0.6381963416328539,0.9121836235356161,other,False
Syt4,-0.15360387389649707,0.4012774687197953,-0.4556684110934551,0.008771263369664975,-0.16064773969681787,0.6360833958793275,0.015782086225277263,severity_oscillating,False
Bloc1s6,-0.15365167963121937,0.4011291685245826,0.34176858278227806,0.05555440435121087,-0.08838986514699394,0.6360459709803842,0.0825708090313306,severity_oscillating,False
Cr2,-0.15376529886523763,0.4007768308285442,0.2077593259673903,0.2538660054707695,-0.032432022763060515,0.6358826171248535,0.3147716319655798,other,False
Pax9,-0.15381317330860467,0.4006284231501397,-0.37191415648879156,0.036081232603262736,-0.22131074600492587,0.6358449242342448,0.05585747117124225,severity_oscillating,False
Cnr2,-0.15386790943033044,0.4004587831093711,0.8022025549238948,3.377575924744605e-08,0.021005196090065098,0.6357734991101469,4.594403944565928e-07,severity_oscillating,False
Atp6ap2,-0.1539290272417128,0.40026941313333797,0.14392362685029333,0.43194510814284914,-0.07343416553086758,0.6356706962618794,0.49860873424681457,other,False
Sgk1,-0.15396047099356028,0.4001720064033324,0.5538764745088071,0.001006196814280488,-0.032432022763060515,0.6356706962618794,0.002251144714756478,severity_oscillating,False
Polr2f,-0.15402710363568936,0.3999656359141095,0.17560452686177805,0.3363785925186692,-0.1826611851992061,0.635584021432359,0.4034486716289047,other,False
Krt76,-0.15408151249800178,0.3997971692033483,0.12660058315229186,0.48990872315500056,-0.12317446987214174,0.635584021432359,0.5548455587952171,other,False
Dmap1,-0.1542428035165718,0.3992980002051323,-0.43745857928263815,0.012286950314219893,-0.14838070518021987,0.6351166507784158,0.021376443912972602,severity_oscillating,False
Ido2,-0.1542886852106915,0.3991560690019085,-0.07337478292141193,0.6898230480155085,-0.09443936162093268,0.6350889295005412,0.7389305686533199,other,False
H2-DMb2,-0.1544927826278276,0.3985250598567658,0.5605775033181152,0.0008466677388166438,-0.030919648644575824,0.6344807522875662,0.0019306446739846667,severity_oscillating,False
Ap2a2,-0.15463526750315246,0.3980848766873649,-0.3330821471725212,0.06248684028593627,-0.1472044141991762,0.6341758138607897,0.09161982532295514,severity_oscillating,False
Sh3bp2,-0.15473230072877453,0.39778526797177993,0.8451077639394329,1.1704119301986222e-09,0.02520623530807812,0.6338964860743672,5.669692129775047e-08,severity_oscillating,False
Dmrta2,-0.15496235298601457,0.39707545304748293,0.039364965460628634,0.8306211624534158,-0.1764436471565468,0.6329630893735032,0.8604789905919729,other,False
Trp63,-0.15512344272614403,0.39657885048051156,-0.18535279791515022,0.3098043233499157,-0.15896732400961266,0.6323690891844606,0.37554939482127375,other,False
Ighd,-0.15539275765394317,0.39574940954157856,0.3197971669717677,0.07438142960124525,-0.07393829023702915,0.631254855448106,0.10705972697402708,severity_oscillating,False
Il13ra2,-0.15560491535895665,0.39509670333159586,-0.2946212380767132,0.10165449355648196,-0.059822798464505396,0.6305970850107855,0.14132994593393688,other,False
Tlr12,-0.15571467149116253,0.394759279563511,0.663122281132823,3.5334386967856336e-05,-0.006553621180100311,0.6302557386708825,0.0001154648993741417,severity_oscillating,False
Ncoa2,-0.1559844982197783,0.3939304534447644,-0.11234502637724049,0.5404201683978933,-0.2557592675926326,0.6291293810337331,0.6025537221852795,other,False
Mt1,-0.1561311608246733,0.39348036993953783,0.4558792928843906,0.008736176231643664,-0.06654446121332624,0.628607380852359,0.015724500690760174,severity_oscillating,False
Serpinb5,-0.15636279170598122,0.39277013502431135,0.3619906653615268,0.04176163175902907,-0.11678889026076195,0.6280628397363675,0.06370397236926055,severity_oscillating,False
Dync1i1,-0.1565308368184249,0.3922553309281308,-0.7290235211320877,2.2219266717585613e-06,-0.12334251144086227,0.6274363258276561,1.1413945571641915e-05,severity_oscillating,False
Mprip,-0.15668981142547403,0.39176867185680764,-0.2346618739094189,0.19608914607795558,-0.14031470988163486,0.62705114375324,0.2508151289226809,other,False
Slc25a20,-0.15675137632186287,0.3915803005025845,0.6873026045102052,1.3908737449850412e-05,-0.0005041247061615624,0.6269463631085008,5.193885046243554e-05,severity_oscillating,False
Canx,-0.15699246764765595,0.3908431308031475,-0.060057655405017916,0.7440343292313718,-0.16014361499065632,0.6260049162555859,0.7864329752696184,other,False
Irx4,-0.15702071596064185,0.39075681010965635,-0.30386641955294535,0.09087798578390571,-0.07797128788632166,0.6260049162555859,0.12798691482156352,severity_oscillating,False
Evx2,-0.15705203803171647,0.3906611095307613,-0.6196351038242446,0.0001556758066034721,-0.2562633922987942,0.6260049162555859,0.000429709031106229,severity_oscillating,False
Tmem259,-0.1570727867476899,0.39059772192600806,0.09891093421946599,0.5901716897677429,-0.14132295929395797,0.6260049162555859,0.6488072822209604,other,False
Lmna,-0.15719923404384767,0.3902115519518453,0.5097647950710003,0.0028798551093701286,0.024366027464475516,0.6260049162555859,0.0057789696746251085,severity_oscillating,False
Olfm3,-0.15738576245089364,0.3896422965186206,-0.7207750344843019,3.2759473313475763e-06,-0.17728385500014943,0.6257801188550725,1.5690711114745526e-05,severity_oscillating,False
March5,-0.1576740940159935,0.3887632975654104,-0.2181950687886099,0.23025151741903685,-0.1593034071470537,0.6248750522847643,0.2885072440074937,other,False
Rxfp1,-0.15784045569793972,0.38825665397359743,-0.47121522505816416,0.006483728120702263,-0.17980447853095724,0.6247625211101958,0.012009258222114103,severity_oscillating,False
Zfand2b,-0.158068615006289,0.387562430798459,0.054283793484259,0.7679359719653832,-0.08267645181049622,0.6240391286309783,0.8069643392262935,other,False
Tbr1,-0.15821259655593325,0.3871247061576083,0.3151046167582002,0.07897839950484813,-0.06351971297635685,0.6235311418092706,0.11281680646155987,severity_oscillating,False
Cflar,-0.1582890465394965,0.38689240354916077,0.7127777045819946,4.712740305284122e-06,-0.06604033650716466,0.6233651260249212,2.1124506412350005e-05,severity_oscillating,False
H19,-0.15837349573839474,0.3866358881805533,-0.2778681918812796,0.12360282908314646,-0.23122519855943663,0.6233342811659299,0.16795365773924617,other,True
Fbxo2,-0.15842455983249965,0.3864808282272173,-0.5043228676909037,0.0032478782586783535,-0.1324167561517704,0.6233342811659299,0.006441456841958897,severity_oscillating,False
Arhgef3,-0.15900900249305563,0.3847086907615601,-0.03019759414028034,0.8696805983010432,-0.3557440009813425,0.6210123517641513,0.8935026650420183,other,False
Cd226,-0.15911158027726385,0.3843981433065471,0.546958276020776,0.0011979963415791918,-0.07242591611854446,0.6209040307177633,0.0026397318956351864,severity_oscillating,False
Celsr1,-0.15915719636959172,0.38426009036462005,0.5983954543860726,0.0002973506188516834,0.007729912161143956,0.6208999553522856,0.0007614385074108619,severity_oscillating,False
Cd160,-0.1593531004604785,0.38366753186191926,0.5523286042835526,0.0010465936465598052,0.01915673883413937,0.6207974553970055,0.0023343568828603266,severity_oscillating,False
Dctn1,-0.15938348620257212,0.38357567054173336,-0.5846614957947843,0.000441313967911916,-0.12636725967783163,0.6207974553970055,0.0010786500001526995,severity_oscillating,False
Olig1,-0.15940484763169632,0.3835110989210563,-0.5043261165130085,0.0032476469702091,-0.22114270443620537,0.6207974553970055,0.006441456841958897,severity_oscillating,False
Bax,-0.15962982069062315,0.3828314309059683,0.6893050415170585,1.2824619049550036e-05,-0.0031927898056898947,0.6203377157088134,4.8386377050114445e-05,severity_oscillating,False
Ilk,-0.15978466624481558,0.38236403292840004,0.5747371196558457,0.0005807522896905494,-0.1340971718389756,0.6200180896273583,0.001372124793752428,severity_oscillating,False
Mtch2,-0.16037589624453938,0.3805824741633399,-0.4116066987778425,0.019253555176803626,-0.218454039336677,0.6180335976428839,0.031681414502217835,severity_oscillating,False
Nlrp4f,-0.16054316598118795,0.380079318342347,-0.16288510182817187,0.3730754784666306,-0.13930646046931175,0.6180335976428839,0.4398495524294168,other,False
Cs,-0.1606406738385453,0.3797861888728865,0.002328999988409752,0.98990652456034,-0.09847235927022518,0.6180335976428839,0.9928260286634475,other,False
Zdhhc7,-0.1610724843063776,0.37848966049217014,0.6354013314266512,9.334041435427334e-05,0.03125573178201687,0.6164354272575223,0.0002731666400580312,severity_oscillating,False
Hcfc1,-0.1611226277360961,0.37833927059569605,0.12851043307401527,0.48333001362979156,-0.12972809105224206,0.6163872945731861,0.5486129059914479,other,False
Stmn2,-0.16125656022670232,0.37793775223764514,-0.5699681749609563,0.0006606261807340028,-0.20988391933193043,0.6160111295000078,0.001542267344587711,severity_oscillating,False
Bcl6,-0.16173570806990628,0.37650334829859966,0.6209541781964149,0.00014931161130925043,-0.13880233576315015,0.6153616083534627,0.0004159686123913088,severity_oscillating,False
Wrap53,-0.16198627730796544,0.37575450124460885,-0.6498370303825579,5.696768038902862e-05,-0.2771005468201388,0.6145314879284225,0.00017611644706935452,severity_oscillating,False
Gsk3a,-0.1627085024821233,0.37360095971806473,-0.5525866695241057,0.0010397613457554266,-0.08133211926073207,0.6121871170966425,0.002320132381757844,severity_oscillating,False
Slitrk3,-0.162779077271355,0.3733909083509148,-0.8001345655618448,3.889562049723602e-08,-0.21794991463051544,0.6120395319723704,5.113571138051571e-07,severity_oscillating,False
Ddb1,-0.1627916969352221,0.37335335582636675,0.40908685300825276,0.020079952536190607,-0.10502598045032549,0.6120395319723704,0.03290325662933128,severity_oscillating,False
Gfpt2,-0.16314479632780005,0.3723035324054085,0.5856418994021715,0.00042929856089464436,-0.022685611777270305,0.61104257361647,0.001053319845658288,severity_oscillating,False
Pde6c,-0.16331826811804973,0.3717884084963382,-0.20453259904440077,0.2614800016196167,-0.11023526908066163,0.6105900424146237,0.3231910560362648,other,False
Actr1a,-0.163657196455611,0.37078317298489893,-0.44630457470288926,0.010454324796863151,-0.20971587776320996,0.6093314965837531,0.018465204566758632,severity_oscillating,False
Nlrp6,-0.16380908013259968,0.3703332176739734,-0.461124309161759,0.00790097838089299,-0.19039109736035006,0.6089736241526621,0.014337563401257612,severity_oscillating,False
Rsrp1,-0.16451209463408992,0.36825473322474933,0.3950459735971153,0.025240026735737296,-0.1582951577347306,0.6061527570762976,0.040525456839469925,severity_oscillating,False
Angpt2,-0.1645501127336752,0.36814252829318694,0.3517543228967747,0.048351894629741356,-0.06839291846925197,0.6061527570762976,0.0728850515680587,severity_oscillating,False
Dysf,-0.16483547693703818,0.3673009619701184,0.3278507958270288,0.06697840728573683,-0.04049801806164551,0.6055598600548073,0.09731041172444989,severity_oscillating,False
Plec,-0.1650242307781782,0.3667449344423688,0.4890349083819968,0.004506932770087243,-0.11342805888635153,0.6048386390528688,0.008672147891442862,severity_oscillating,False
Tnfrsf13c,-0.16506452406764757,0.3666263037603289,0.10376873001261543,0.5719516878618516,-0.1682096102892413,0.6048385431699346,0.6320462651177003,other,False
Inpp5d,-0.16508425954077366,0.3665682072675954,0.8165694735537213,1.2080108724212686e-08,0.013611367066362184,0.6048385431699346,2.3608788844212614e-07,severity_oscillating,False
Ascl2,-0.16519085541580056,0.3662545088005059,-0.29949515844177443,0.09585908110982498,-0.010082494123231247,0.6046198077796366,0.13421800850133078,other,False
Mettl14,-0.16534721972140046,0.36579463562991366,-2.5891802526481027e-06,0.9999887786651138,-0.15375803537927651,0.6043873627551168,0.9999887786651139,other,False
Mbl2,-0.16543291118214923,0.365542759017792,-0.1009158281602205,0.5826212682994591,-0.15073328714230716,0.6042234652461947,0.6420287512628086,other,False
Anln,-0.1654370110011284,0.3655307108187519,-0.8030318989930312,3.190231491840361e-08,-0.2045065891328738,0.6042234652461947,4.442327842828236e-07,severity_oscillating,False
Hmga1,-0.16587971958244702,0.36423110107060175,0.26869370083811217,0.1370176802196006,-0.23021694914711346,0.6028367445039389,0.18344545585306632,other,False
Gcnt3,-0.16621514664683856,0.3632482532892165,0.1691103986513539,0.3548303859563521,-0.27390775701444886,0.6017958233284486,0.42190904400078133,other,False
Birc2,-0.16645386456892555,0.36254973695928894,0.4635260002969159,0.007541797409047886,-0.1278796337963163,0.6014199051152302,0.013751315947240808,severity_oscillating,False
Rab8a,-0.1665225595856279,0.36234887537734306,0.6696406111567554,2.7711345971370296e-05,-0.06738466905692884,0.601282242452774,9.367500053012584e-05,severity_oscillating,False
Cic,-0.16652841290885698,0.36233176354448227,0.5075026089304653,0.00302820499272825,-0.10956310280577955,0.601282242452774,0.006038652723966693,severity_oscillating,False
Atg101,-0.16696515064313291,0.3610563427677822,-0.24939968665189832,0.16865051415440946,-0.11695693182948247,0.600330803915118,0.21990957891146287,other,False
Rp1l1,-0.1670415546590979,0.3608334923647488,0.33321884593673456,0.06237272469005831,-0.2518943115120607,0.6003299558227605,0.09150511033764377,severity_oscillating,False
Ceacam1,-0.1672965107638653,0.36009044525947054,-0.054751260110089545,0.7659926948560207,-0.25895205739832255,0.5998763426742518,0.8056347910227962,other,False
Tlr11,-0.1673083460569566,0.3600559744982025,0.2408103331633199,0.1842879075578643,-0.12468684399062643,0.5998763426742518,0.23780739095691014,other,False
Pax2,-0.16745896397799753,0.35961746555967444,-0.580237020026686,0.0004993203986826524,-0.10939506123705903,0.5996759371755147,0.0012025309421350302,severity_oscillating,False
Rhoa,-0.16751968124857522,0.35944078340273455,0.7060205957397997,6.348755354711775e-06,-0.010082494123231247,0.5995773172456995,2.6742362563488657e-05,severity_oscillating,False
Bmp1,-0.16755831632734247,0.3593283855170618,0.7424548940877789,1.1451315025172254e-06,-0.02823098354504749,0.5995773172456995,6.756525700114274e-06,severity_oscillating,False
Cxcr1,-0.16784652171709838,0.35849059450470033,0.32765481775588745,0.06715144346767259,-0.1695539428390055,0.5991679300683082,0.09749736582908629,severity_oscillating,False
Il13,-0.16790681072684893,0.3583154865267921,0.4147732011190727,0.018255253307828782,0.020333029815183017,0.5991679300683082,0.03016522420577733,severity_oscillating,False
Pgk1,-0.16806221944777813,0.35786434112108023,-0.22517025839386473,0.21532155282651155,-0.22736024247886463,0.5989061693105743,0.2723419888341273,other,False
Nox1,-0.16821471952796557,0.3574219693065468,0.17522315230086216,0.337445703831075,-0.08553315847874508,0.5983621481564474,0.40434825821994674,other,False
Eea1,-0.16835975200098602,0.35700156276503614,-0.06044409053863801,0.7424426822554059,0.09796823456406362,0.5978545540592414,0.7856066083883696,other,False
Sec24c,-0.168452603098699,0.35673256995949865,0.58322818882705,0.0004594154701660394,0.019660863540300933,0.5976002756530058,0.0011175385375855828,severity_oscillating,False
Gata5,-0.16847812698481252,0.3566586476286058,-0.2368595730194544,0.19181209710163827,-0.26164072249785086,0.5976002756530058,0.2461467942931967,other,False
Fgf16,-0.16936935231095895,0.35408322540649895,-0.3250581345568024,0.069477256768309,-0.2134127922750614,0.5949204653486664,0.10053999624826786,severity_oscillating,False
Disp2,-0.16982208028549264,0.35277923486423013,-0.3070796731204541,0.08734424161098406,-0.10032081652615091,0.5931202627035063,0.12345330464328891,severity_oscillating,False
Riox2,-0.16986786111756616,0.35264753323789944,0.7164184074226297,3.999730401195783e-06,-0.026718609426562803,0.5931202627035063,1.8547840705908806e-05,severity_oscillating,False
Ache,-0.16987055354695793,0.35263978861579903,-0.46347773145352694,0.007548877031338948,-0.1295600494835215,0.5931202627035063,0.01375734967376205,severity_oscillating,False
Ptk2b,-0.17001897697067242,0.3522130149637128,0.7842375420392554,1.0929576409197963e-07,-0.01512374118484687,0.5929500294818149,1.0800414653530266e-06,severity_oscillating,False
Spink1,-0.17005493601083313,0.352109665790857,-0.2396596163301737,0.1864576937014754,-0.1584631993034511,0.5929500294818149,0.24018199383111768,other,False
Neu1,-0.17031350671895767,0.3513670494124099,0.6642916582306627,3.384163803514543e-05,-0.02083715452134458,0.5919165518668108,0.00011101363062204299,severity_oscillating,False
Iqgap2,-0.17037941240193208,0.3511779186675441,0.6531106214717394,5.07507303029844e-05,-0.12586313497167007,0.5917933806155079,0.00015935373439683853,severity_oscillating,False
Runx1,-0.17060290449051838,0.35053701525645464,0.8114929981108187,1.7544812425391463e-08,0.06133517258299009,0.5914949767857013,2.993180206753239e-07,severity_oscillating,False
Pcsk1,-0.17069465420088425,0.35027411052272517,-0.4190487461859142,0.016975848784514608,-0.17341889891957746,0.5914426473937177,0.028363512823389787,severity_oscillating,False
Ifnar2,-0.17070523727872516,0.35024379281818385,0.8010311800958645,3.659419189103813e-08,-0.02083715452134458,0.5914426473937177,4.851620402245345e-07,severity_oscillating,False
Klrg1,-0.17073097627535852,0.3501700640280446,0.5915128458474326,0.00036321652472224404,-0.04318668316117384,0.5914426473937177,0.0009059987738915241,severity_oscillating,False
Ube2m,-0.17099973116546402,0.34940077974414996,-0.2503570547310904,0.16696801941506362,-0.1399786267441938,0.590946080064625,0.21805014517056825,other,False
Cnot11,-0.17104167456573008,0.34928081283168133,0.12068050085466958,0.5105879705187517,-0.017644364715654684,0.5909391131855412,0.5749468515708945,other,False
Ifnb1,-0.17112837069389178,0.34903292242037387,0.17351788862628667,0.3422423551285647,-0.19728080167789142,0.5909116950767763,0.40913481450921224,other,False
Plvap,-0.1713085283551782,0.3485181364717994,0.21856935367889807,0.2294330972242763,-0.19039109736035006,0.5902360604723269,0.28769376325984103,other,False
Ereg,-0.1713148542961546,0.34850006893150354,0.22221542873735944,0.22156321913442314,-0.14770853890533778,0.5902360604723269,0.2793361297095137,other,False
Mepe,-0.1713340326305965,0.34844529708090244,0.20756982839643653,0.25430906439735196,-0.0615032141517106,0.5902360604723269,0.31514802910673684,other,False
Ubash3b,-0.17140892670389193,0.34823145508111764,0.2588451091770449,0.15257196357256042,-0.12636725967783163,0.5902360604723269,0.20141552437464563,other,False
Sucnr1,-0.17143644883152365,0.3481528921639623,0.3037919157845336,0.09096119505256992,-0.14518791537452996,0.5902360604723269,0.12806874302046897,severity_oscillating,False
Src,-0.17183208312849932,0.34702472145851393,0.6850962410518828,1.5198589561891471e-05,0.014115491772523745,0.5894682331534731,5.573544597786369e-05,severity_oscillating,False
Prdm1,-0.1720044835187424,0.3465338047214378,0.6478145198582606,6.114214432055978e-05,-0.009074244710908123,0.5892529727228351,0.00018731896587337866,severity_oscillating,False
Agxt2,-0.17200652855721643,0.3465279839153519,-0.14619458211704078,0.42463732614423244,-0.20400246442671224,0.5892529727228351,0.49123163175269413,other,False
Angptl8,-0.17205720612106948,0.3463837589132279,-0.3285404633240476,0.06637224239621142,-0.1908952220665116,0.5892529727228351,0.09659480983254622,severity_oscillating,False
Mknk2,-0.17227132711780568,0.345774785208916,0.7818261813583919,1.268839673881381e-07,0.007393829023702915,0.5889139163107447,1.207528204565098e-06,severity_oscillating,False
Prom2,-0.1725974996252786,0.3448483750684357,-0.1316994238325653,0.47244744154542695,-0.15728690832240746,0.5877285536999968,0.537696206899425,other,False
Rhoj,-0.17279871584495451,0.3442776215367602,0.41376057182925896,0.018569717769218924,-0.07864345416120373,0.5872744488422054,0.030664982305207426,severity_oscillating,False
Tiam1,-0.1728680940773886,0.34408096161174695,-0.4593583605609362,0.008174260962977634,-0.19996946677741972,0.5872744488422054,0.014775657396225694,severity_oscillating,False
Nkx2-2,-0.1730823545267095,0.3434740474484129,0.00476483744527815,0.9793516993818462,-0.17627560558782632,0.5867852368826108,0.985145537082784,other,False
S1pr5,-0.17318924096450997,0.34317152366310566,-0.563964459277257,0.0007748470930440364,-0.18131685264944195,0.5867852368826108,0.0017852281037116667,severity_oscillating,True
Lrp8,-0.1732383789356324,0.3430325012626666,-0.358891394483032,0.04367589790011918,-0.1389703773318707,0.5867852368826108,0.06638580309550296,severity_oscillating,False
Neurod2,-0.17347348191268896,0.3423678146372028,-0.7151131638526662,4.243231755859436e-06,-0.13275283928921142,0.586243109252894,1.9482200888063892e-05,severity_oscillating,False
Igf2bp1,-0.17357199292387074,0.34208953535433884,0.0814098703854568,0.6578106462307591,-0.1347693381138577,0.5859633041781338,0.7095563769133226,other,False
Krt71,-0.17369203269180655,0.34175062610022156,-0.35318097245578567,0.047386644861669845,-0.21374887541250243,0.5855794234925193,0.07155691990508521,severity_oscillating,False
Hc,-0.17451296410430442,0.3394383518165177,-0.02180441572626267,0.9057103885371326,-0.21778187306179494,0.5833810756792644,0.9238209741907445,other,False
Cyp2a5,-0.1748586341669038,0.33846757699192365,-0.30616373411917114,0.08834063570499127,-0.11914147222284924,0.5820245141790554,0.12475791326997798,severity_oscillating,False
Cttn,-0.17499713333522895,0.3380790930305486,0.05377786104140903,0.7700407136419507,-0.1922395546162758,0.5816328679759961,0.8083921959842746,other,False
Etv2,-0.17545982581259678,0.33678323284890643,-0.004697122662208478,0.9796450787972024,-0.19375192873476046,0.5797945564503111,0.9852463617792842,other,False
Kcnab2,-0.17568534315881182,0.33615272799939666,-0.7116584783623406,4.954035837281039e-06,-0.16484877891483088,0.5789044785701967,2.2029363382252523e-05,severity_oscillating,False
Amy2a5,-0.17594190030502357,0.3354363186873973,0.44704542490451704,0.010311917476472284,-0.06956920945029561,0.5784196961934858,0.018245262243317767,severity_oscillating,False
Slc39a8,-0.17607706827245836,0.33505925167543305,0.23509973030354375,0.19523176889665977,-0.161655989109141,0.5781244822046144,0.24984376646810375,other,False
Slc17a6,-0.17609122122298543,0.33501978533994625,-0.6883989239217723,1.3305353625888275e-05,-0.21660558208075129,0.5781244822046144,4.986819165735201e-05,severity_oscillating,True
Fbxw7,-0.17626063723098853,0.33454757947131186,-0.6572835983967397,4.371184850966457e-05,-0.16938590127028497,0.5780918708953801,0.00013947264209236357,severity_oscillating,False
Ppp4r3a,-0.17632516561075856,0.33436782943534893,0.7113500289713885,5.02247618661855e-06,0.036969145118514575,0.5780918708953801,2.2219992218509298e-05,severity_oscillating,False
Dgcr2,-0.176471306838372,0.33396095739700693,-0.5777654929572432,0.0005345728930163503,-0.15459824322287913,0.577861208847399,0.0012778145863525789,severity_oscillating,False
Ctsq,-0.17655454310768054,0.3337293546532626,-0.25169620671363613,0.16463470178667397,-0.17509931460678269,0.5776564092590066,0.21527854750418454,other,False
Cyld,-0.17669962791008031,0.33332589509492605,-0.5009546279360618,0.003495458842306819,-0.311044943701684,0.5771539005021106,0.006873683714189315,severity_oscillating,False
Cd209a,-0.1771113606406084,0.3321825542508964,0.11186300181859407,0.5421702420889154,-0.24584481503812192,0.5757605196173369,0.6042408575257937,other,False
Axin1,-0.17761106213885366,0.3307981670783986,0.742750294793439,1.128049762097814e-06,0.10788268711857434,0.5737509181458386,6.698607067833782e-06,severity_oscillating,False
Pdlim1,-0.17798611718035245,0.32976143461763574,-0.24402214986015405,0.17832572448168393,-0.25038193739357595,0.5723419795796393,0.23093158684464832,other,False
Pik3ca,-0.17799325068197547,0.32974173546374075,-0.01603531130738843,0.9305873358828224,-0.10384968946928186,0.5723419795796393,0.9444739356025222,other,False
Hhex,-0.17814758193581146,0.32931572703302125,0.7986330469820545,4.3049104391776916e-08,-0.002688665099528333,0.5719576178397826,5.489837037561351e-07,severity_oscillating,False
Apmap,-0.17837292580009692,0.3286943069685345,-0.18693123965712563,0.30562885538387213,-0.13392913027025508,0.5719570776375575,0.3712819221988883,other,False
Kcnq1,-0.1785115426694503,0.3283124084463317,-0.28901841509298326,0.10863929014975625,-0.22181487071108744,0.5717724805342226,0.1498969486215598,other,False
Mt2,-0.17852625302031366,0.3282718965043916,0.5173892002183424,0.0024252006528639454,-0.041506267473968635,0.5717724805342226,0.004972246193833997,severity_oscillating,False
Nxph2,-0.17879349480751766,0.3275364549760813,-0.7088042021469353,5.620962573133225e-06,-0.18081272794328035,0.5710059661083359,2.4114827658160286e-05,severity_oscillating,False
Sigmar1,-0.17930657375459044,0.32612732402698086,0.2356575954875033,0.19414318298204405,-0.06251146356403374,0.5695225881073706,0.24870024520125736,other,False
Prl8a1,-0.17936220960109892,0.325974749616324,0.015377230861684537,0.9334295771038729,-0.21290866756889984,0.5694510951345441,0.9466052232220389,other,False
Rln3,-0.1797574532899243,0.32489211071244306,0.36243537332392795,0.04149257311493908,-0.07746716318016009,0.5681435230525101,0.06333142293815207,severity_oscillating,False
Rala,-0.1797902695615468,0.3248023213837693,-0.6594643534924726,4.0394146564330096e-05,-0.26785826054051015,0.5681435230525101,0.00012983651016045862,severity_oscillating,False
Chil4,-0.18007057988297975,0.3240359827620154,0.28656905032394026,0.11180353110335339,-0.06435992081995946,0.5674244929862824,0.15372232133644356,other,False
Cdipt,-0.1800971101607928,0.32396350974273436,0.2784439942169411,0.12279459617441467,-0.02772685883888593,0.5674244929862824,0.16698886565867482,other,False
Scrt1,-0.18040055171814645,0.323135308227552,-0.8160612327576818,1.2546412897327814e-08,-0.23391386365896494,0.5666253720415065,2.396975737425812e-07,severity_oscillating,False
Mmp12,-0.1805282724245742,0.3227871043734233,0.7855747007222935,1.0053444920668592e-07,0.11124351849298475,0.5664042034430107,1.0114915688428104e-06,severity_oscillating,False
Ccnb3,-0.18062071028235246,0.32253523674480566,0.13257908683748104,0.46946826071511805,-0.20400246442671224,0.5661570002186007,0.5346908220170324,other,False
Med21,-0.1808098120564959,0.3220203657527811,-0.6926099354120566,1.1201338941504732e-05,-0.24685306445044503,0.5654478091927492,4.3155611737625104e-05,severity_oscillating,False
Sesn2,-0.1813848247690667,0.3204578970113005,0.40918363338121755,0.020047679469073255,-0.07124962513750081,0.5637447498787335,0.03287059918924796,severity_oscillating,False
Mapre1,-0.18174464800078438,0.3194825539656877,0.6802349912490506,1.8429506109221263e-05,0.02318973648343187,0.5625407344766907,6.583257049239332e-05,severity_oscillating,False
Capn10,-0.18192391815677258,0.3189973098316397,-0.5185888188771446,0.0023596628456335573,-0.1221662204598186,0.5620872139747926,0.004857401200797731,severity_oscillating,False
Tead2,-0.18206109332162365,0.31862631675579284,0.49473542289200817,0.003995584758189185,-0.024870152170637077,0.561808794252091,0.007761415785043044,severity_oscillating,False
Cav3,-0.1821212378365313,0.31846373925082505,0.14036156722310572,0.44354560083943895,-0.14367554125604526,0.5617162980354282,0.5096927483401618,other,False
Wdr5,-0.1822772691270951,0.31804220923504406,0.7290734613177876,2.216616422286085e-06,0.05797434120857967,0.5611668313068003,1.1409647194834832e-05,severity_oscillating,False
Cmklr1,-0.18238603466909895,0.31774857641043713,0.7629345650530054,3.842022526318709e-07,-0.0129392007914801,0.5608427295050658,2.8759805235828025e-06,severity_oscillating,False
Cd53,-0.18254987120299593,0.3173065875725849,0.8018572797625608,3.458507352217357e-08,-0.05377330199056665,0.560394359011715,4.6671550274234764e-07,severity_oscillating,False
Kdm4a,-0.18288342274582456,0.3164079340886183,0.3881033756375055,0.02816757727254785,-0.07746716318016009,0.5592812946121227,0.0446913877658683,severity_oscillating,False
Plcg2,-0.18299670478850555,0.3161030908973138,0.681757575501797,1.7356541053043972e-05,-0.08990223926547862,0.5590991215905678,6.265797304428683e-05,severity_oscillating,False
Bmp15,-0.1831503509061683,0.3156899200086095,-0.03498960579706856,0.8492196305751645,-0.2939047036921909,0.558562012474477,0.8763644215180891,other,False
Nell1,-0.18348252842247587,0.31479780996752565,-0.6863278919659027,1.4465837013881893e-05,-0.21391691698122298,0.5573702286165735,5.339380217641935e-05,severity_oscillating,False
Wap,-0.18355169291652262,0.314612256853579,0.00529482876534052,0.9770555664472437,-0.21526124953098716,0.5572351118785093,0.98322360316579,other,False
Spata4,-0.18366960828714096,0.3142960732218057,-0.3058666646431217,0.08866565939174592,-0.1285518000711984,0.5568684506788575,0.12518226641497257,severity_oscillating,False
Smarca2,-0.18391766831137407,0.3136315614223047,-0.34996921415315785,0.04958166825576759,-0.18400551774897025,0.5560773704606105,0.0745405510676895,severity_oscillating,False
Pak2,-0.1839784842841458,0.31346877949631463,0.7091305844144538,5.540782306446861e-06,0.012435076085318538,0.5559820042457235,2.389140367302235e-05,severity_oscillating,False
Frmd4a,-0.18400099756000904,0.31340853314574746,0.6369764510182688,8.855232188714322e-05,-0.07242591611854446,0.5559820042457235,0.0002611013837839986,severity_oscillating,False
Tjp3,-0.18417324088599893,0.31294784303967565,0.7216417082302751,3.1470203135937832e-06,-0.08838986514699394,0.5556376426541544,1.5187275893700937e-05,severity_oscillating,False
Hps6,-0.18425136680329365,0.3127390233498332,0.42565926731269155,0.0151451554122645,-0.022685611777270305,0.5554602221822769,0.025640702873535086,severity_oscillating,False
Adgrf1,-0.1846497058193689,0.3116756730150976,0.08940469302166083,0.6265389626585669,-0.0888939898531555,0.5541504384977388,0.681880786968498,other,False
Grxcr1,-0.18467882815860656,0.31159802091474775,-0.07547003809675895,0.6814217247864562,-0.2003055499148608,0.5541504384977388,0.7311594905628341,other,False
Ikbkg,-0.1847420820960791,0.3114294016773269,0.7810299066285926,1.3323809772080574e-07,0.17677973029398789,0.5540988412821921,1.2516529216829284e-06,severity_oscillating,False
Dsg1a,-0.18499998366626363,0.31074249150483296,0.1777430734837405,0.3304330314834324,-0.4725328912421045,0.5530695914745823,0.3973453308809497,other,False
Lhx6,-0.18521583052118165,0.3101683222230187,0.2848476621092727,0.11406825733587835,-0.11611672398587985,0.5522403531098145,0.15649870378437747,other,False
Sirt7,-0.1852528100157465,0.31007002065457956,0.6870450535759288,1.405402470228399e-05,-0.0727619992559855,0.5522403531098145,5.228999271068609e-05,severity_oscillating,False
Pcna,-0.18582642672021688,0.3085476916960348,0.6245819525588289,0.00013298862289360368,-0.15140545341718922,0.5505077913051674,0.0003749999808625054,severity_oscillating,False
Tyr,-0.18602773295314792,0.3080145562247427,0.14283663609326314,0.4354672820328995,-0.22147878757364642,0.5501338414924414,0.5017661182854801,other,False
Arrdc2,-0.1865118869253521,0.30673470223827576,0.011335933744220343,0.9509002647915283,-0.09309502907116853,0.5488828506421076,0.9612811936821537,other,False
Egr2,-0.1865631523814115,0.3065993787780733,0.47530387210442865,0.0059746364986307055,-0.08166820239817311,0.5488828506421076,0.011208760860432229,severity_oscillating,False
Mlh1,-0.1867107514546134,0.3062099767989338,0.15485123240957538,0.3974182195505591,-0.2535747271992659,0.5486396528455783,0.4649610866805968,other,False
Elac2,-0.18676780845998564,0.306059530049909,-0.47598728284185676,0.005892966227592552,-0.19761688481533243,0.5485627768041412,0.011063680797552303,severity_oscillating,False
Sf3a1,-0.18697976300934388,0.30550105987867776,-0.15923037927105235,0.38403866913618745,-0.1924075961849963,0.547754272914283,0.45104494678896934,other,False
Pdia3,-0.18739159644119718,0.30441777227662914,0.6409885022333328,7.733424350060648e-05,-0.09561565260197633,0.547351094953502,0.00023204822123329037,severity_oscillating,False
Rgs20,-0.18739928150042584,0.3043975805106325,0.22237488703729258,0.22122327943080888,-0.024197985895754996,0.547351094953502,0.2789765014527951,other,False
Ccr6,-0.18805630416524702,0.30267443578517067,0.45983005557007317,0.008100491921578681,-0.09292698750244799,0.5457554955603237,0.014663097690551047,severity_oscillating,False
Ptges,-0.1887594317542719,0.30083720710265466,0.43722119947869503,0.01233962532885893,-0.0339443968815452,0.5432108295329704,0.02145345221626087,severity_oscillating,False
Muc2,-0.18886732527745528,0.30055591334269777,-0.15028956814298616,0.4116348518072299,-0.10502598045032549,0.5428950828474155,0.47860281081785877,other,False
Mep1b,-0.18893937254167498,0.30036816852729126,-0.12865630672328054,0.4828294123652921,-0.2224870369859695,0.5428950828474155,0.5481666664757078,other,False
Ina,-0.18904172103027303,0.3001015906379664,-0.5500015881581342,0.0011100021415516787,-0.17593952245038527,0.5428950828474155,0.0024628625159004405,severity_oscillating,False
Cnga2,-0.1893909201434477,0.2991931900843841,0.15119954480481781,0.408776247261199,-0.038817602374440305,0.5425186470420035,0.4755228363236889,other,False
Rprml,-0.18953092437845676,0.298829474993175,-0.3635485133373414,0.04082519930944032,-0.1347693381138577,0.5421267989604909,0.06249943858564643,severity_oscillating,False
Mfrp,-0.18964893368037752,0.2985231178625016,0.19711653313792737,0.2795418486861255,-0.2959212025168371,0.5419097595076942,0.3430221241635618,other,False
Dbx1,-0.18988985233309427,0.29789830093709635,-0.04046604747752628,0.8259544993331921,-0.1996333836399787,0.5413534852440786,0.856514312075343,other,False
Gabpb1,-0.18999635379514584,0.2976223563434891,0.041968464922512085,0.8195963066425033,-0.3628017468676044,0.5412088163040737,0.8508082038845433,other,False
Fbxo5,-0.19003759433735692,0.29751554591940943,0.3822086158705859,0.030866013073364704,-0.3280171421424566,0.5412088163040737,0.048564939138566736,severity_oscillating,False
Tlr13,-0.19020456571828584,0.2970833489926622,0.8109932405687035,1.819042698316612e-08,-0.06772075219436988,0.5410113487207403,3.072495630501006e-07,severity_oscillating,False
Smurf1,-0.19044626231233344,0.2964584356998444,0.40979471362430797,0.019844894404045736,-0.04721968081046634,0.5408563950303671,0.03258088392502005,severity_oscillating,False
Eno1,-0.19058310186072888,0.2961050034987028,0.22818417490585854,0.20908002517118884,-0.2497097711186939,0.5404048740060404,0.2656331776832464,other,False
Noct,-0.19077585364860852,0.29560761406873565,-0.40440839214735613,0.021692156257012166,-0.17241064950725432,0.5400130206768268,0.035306856753994594,severity_oscillating,False
Tcof1,-0.19078073273757776,0.29559503063869064,0.6139927958649117,0.00018571615043959188,-0.10956310280577955,0.5400130206768268,0.0005033677382531127,severity_oscillating,False
Prkcd,-0.19082753319131654,0.2954743470681968,0.743923508965777,1.0624753213318486e-06,-0.034616563156427284,0.5400130206768268,6.413830312560662e-06,severity_oscillating,False
Hnrnpa1,-0.1909604581685328,0.2951317463672191,0.23533278576253372,0.19477648259873548,-0.30180265742205536,0.5400130206768268,0.24932367320856955,other,False
Picalm,-0.1910553988818285,0.29488720092187015,0.44617280009396015,0.010479827736395754,-0.16232815538402307,0.5400130206768268,0.01850384260413802,severity_oscillating,False
Fstl5,-0.1914753663639492,0.29380700714988417,-0.5306422544237114,0.001781875452453243,-0.12132601261621599,0.538716586438375,0.0037699488523284916,severity_oscillating,False
Mrtfa,-0.1918215036641716,0.29291860691464844,0.5134326847766001,0.002652680111887875,-0.12267034516598017,0.5374740337667704,0.005363187178256065,severity_oscillating,False
Fkbp5,-0.19196351915961382,0.2925546038123952,0.6037702596247176,0.00025352680876337936,-0.08956615612803757,0.5371925968491821,0.0006618425033275323,severity_oscillating,False
Brd2,-0.19216938211511986,0.29202746383649403,0.5876837035024863,0.00040520034573480486,0.01663611530333156,0.5366109845208775,0.0009989980491025808,severity_oscillating,False
Calu,-0.1923346548923897,0.2916046990252726,0.7414654547345709,1.204077580152286e-06,-0.02537427687679864,0.5360272323343839,6.987485479359284e-06,severity_oscillating,False
Polr2a,-0.19264720380998518,0.2908062721476694,0.34428213877116354,0.05366624251673508,-0.12989613262096258,0.5351380931548563,0.08011457508863497,severity_oscillating,False
Creld1,-0.1926709899059949,0.2907455661862127,-0.1360223163357601,0.4579023791875214,-0.2078674205072842,0.5351380931548563,0.523947966854093,other,False
She,-0.192682909901502,0.2907151474738849,-0.17388134558118887,0.3412165519400743,-0.2070272126636816,0.5351380931548563,0.40809979635318144,other,False
Nr1h2,-0.19283790705756887,0.2903197942052947,0.613154978983219,0.00019059159531865862,0.03999389335548395,0.5350149097692226,0.0005135804161228091,severity_oscillating,False
Inpp5b,-0.19346205081153234,0.28873125914692244,0.45562283821451655,0.008778861591910722,-0.24483656562579878,0.533050362978086,0.015785062607052248,severity_oscillating,False
Hand1,-0.19405325556262798,0.2872316951946715,-0.10295041238769316,0.5750030887414335,-0.1925756377537168,0.530858288836239,0.634730741326564,other,False
Ncl,-0.1940545503748822,0.28722841644663033,0.20594885504690563,0.25811987387122526,-0.2692025930902743,0.530858288836239,0.3194249094170597,other,False
Smgc,-0.19474714872162607,0.28547804130133736,-0.06475457224978175,0.7247608721800956,-0.28079746133199024,0.5285747690301713,0.7703415276533735,other,False
Cptp,-0.19564377102069025,0.28322223025049953,-0.4701012650878469,0.0066286813181108935,-0.2045065891328738,0.5249696934984732,0.012233322504950676,severity_oscillating,False
Thbs1,-0.195715408195561,0.2830424941303828,0.61609931969855,0.0001739451392031348,-0.06671250278204675,0.5248272492035924,0.0004734760699440718,severity_oscillating,False
Car7,-0.19573565220051128,0.28299171565420805,-0.3386634886964826,0.05795900080761061,-0.13981058517547332,0.5248272492035924,0.08579479486930403,severity_oscillating,False
Gpr143,-0.1965773651824075,0.28088561374570753,0.5461334598241633,0.0012228729248938315,-0.07259395768726498,0.5219663080935716,0.0026875806936163013,severity_oscillating,False
C5ar2,-0.1972602310707297,0.27918441230667845,0.8359653287043808,2.5935766199260334e-09,-0.0010082494123231248,0.5199414703090057,8.879083448485031e-08,severity_oscillating,False
Chic2,-0.19761968482346148,0.27829159381669405,0.3659204492748523,0.0394319036340135,-0.05276505257824353,0.5188470102554665,0.06056673906567385,severity_oscillating,False
Ppp1r7,-0.19829830943371551,0.27661104471252634,-0.6881270463077945,1.3452739505407098e-05,-0.29625728565427817,0.5162798898933761,5.0309695173813495e-05,severity_oscillating,False
Dffb,-0.19879279283447293,0.2753906469622494,0.5946131132504741,0.000332097792951999,0.044867098848379056,0.5149203346000503,0.00083738548781421,severity_oscillating,False
Mmp14,-0.1988951317777852,0.2751385080055135,0.7884524703634671,8.381930406432667e-08,0.06251146356403374,0.5146613602259349,9.020301055530176e-07,severity_oscillating,False
Cd24a,-0.1991440740417397,0.2745257975833205,0.3612957508009194,0.042184874750758404,-0.1793003538247957,0.5140807978974001,0.06429191697150242,severity_oscillating,False
Dpp9,-0.19915216337064717,0.2745059025276229,0.15444488132131334,0.3986731053759832,-0.1764436471565468,0.5140807978974001,0.4658949623191044,other,False
Cmah,-0.19926151276574255,0.2742370581524509,0.4040886479607406,0.02180613204758993,-0.15224566126079184,0.5139174260233844,0.03545842511149386,severity_oscillating,False
Cd2ap,-0.19927651658289317,0.27420018337018714,-0.1551192350579979,0.3965918172261581,-0.17963643696223672,0.5139174260233844,0.4641006789792687,other,False
Id2,-0.19951739488197506,0.27360861843065293,0.534000525941438,0.0016447130013897673,-0.10452185574416392,0.5134943203144814,0.003522116297266668,severity_oscillating,False
Vps54,-0.20002296483105314,0.27236970025866414,0.4715722671291179,0.006437844360360112,-0.18400551774897025,0.5120461630536938,0.011932937529868072,severity_oscillating,False
Neurod1,-0.2002728078576639,0.27175879771686606,-0.26634633825673115,0.14061495530624465,-0.2253437436542184,0.5117033045577506,0.18727856057889136,other,False
Il10,-0.20071863442127827,0.270670900383754,0.5175022101506668,0.0024189600036389008,-0.04049801806164551,0.511020072660162,0.004961445508066761,severity_oscillating,False
Il1f10,-0.20156335484262428,0.26861740838447673,0.6668118790833503,3.0815748627998604e-05,-0.16753744401435924,0.5082408754336853,0.00010247140401005272,severity_oscillating,False
Sec61a1,-0.2015884959591974,0.26855644703310194,0.6307025951802063,0.00010903078372289354,-0.13124046517072674,0.5082408754336853,0.00031386344682306997,severity_oscillating,False
Npas1,-0.20222782434967296,0.2670092543314828,-0.11411332682964978,0.5340231014981187,-0.12031776320389288,0.5061368288163857,0.5970199111463185,other,False
Arrb2,-0.20234884740434625,0.2667170313183422,0.8603664044480482,2.749520097132526e-10,0.02839902511376801,0.5059589352007673,3.261698143133259e-08,severity_oscillating,False
Sv2c,-0.20252562645012614,0.26629055489055115,-0.3019864031930285,0.09299549980472747,-0.1485487467489404,0.5053378424466894,0.1306804530313815,severity_oscillating,False
Slc25a28,-0.20253871456182174,0.26625899776103296,0.2576843257445154,0.1544858997877468,-0.06284754670147479,0.5053378424466894,0.203538660470492,other,False
Shox2,-0.20265734755939677,0.265973069664857,-0.7704973896418291,2.496710115975771e-07,-0.2713871334836411,0.5051111795831852,2.0574666076885957e-06,severity_oscillating,False
Virma,-0.20328766895252995,0.2644572401202269,0.18423038601025934,0.31279509353090434,-0.17728385500014943,0.5027940297626827,0.37881476070777376,other,False
Slc5a2,-0.2034878139964665,0.26397710548305253,-0.06520885311423284,0.7229052986762492,-0.1875343906921012,0.5020683128519952,0.7688782169615404,other,False
Mag,-0.20354816409187398,0.26383244163805464,-0.5464019381744707,0.0012147263815956897,-0.16501682048355143,0.501980337484415,0.002670827272637764,severity_oscillating,False
Slc25a22,-0.2037190884380549,0.26342300440676103,-0.4233481609473436,0.015765457568928543,-0.18417355931769078,0.5013883378652567,0.026567426184045093,severity_oscillating,False
Klhl18,-0.20374674027662026,0.26335680549492113,0.32012832331981045,0.07406502939761932,-0.15863124087217162,0.5013883378652567,0.10663441009236696,severity_oscillating,False
Vstm2a,-0.20376014472829276,0.2633247189593225,-0.767757639177699,2.924049488546194e-07,-0.18282922676792662,0.5013883378652567,2.319685294101732e-06,severity_oscillating,False
Kcna10,-0.20394608733375652,0.26287988804243134,0.04900468444000533,0.7899749559962886,-0.3789337374647744,0.5009153189781256,0.8255812846828658,other,False
Tubb1,-0.2039584302789008,0.26285037742068074,0.4306163228710542,0.013883209232644272,-0.036465020412353014,0.5009153189781256,0.023787094896937023,severity_oscillating,False
Syp,-0.2043599098647569,0.2618916673059659,-0.5585279392241885,0.0008929157701154457,-0.15426216008543808,0.4997790478592339,0.0020252393701017733,severity_oscillating,False
Siah2,-0.20437184620575596,0.2618631991553593,-0.7090373732566599,5.563574438612407e-06,-0.30180265742205536,0.4997790478592339,2.3928999335043748e-05,severity_oscillating,False
Sorbs1,-0.2046376440430338,0.26122979748163233,0.08279942898457329,0.6523325159638954,-0.1470363726304557,0.4990761037280174,0.7045412161617257,other,False
Shank3,-0.20503908439927537,0.26027506397131245,-0.5161408122357276,0.0024950744622105,-0.23324169738408285,0.49781143656455373,0.005088914366947524,severity_oscillating,False
Ap1g1,-0.20559502643732896,0.2589566721640017,-0.09639707946957932,0.5996987706538105,-0.1835013930428087,0.4962201294923263,0.6574389488727891,other,False
Myh9,-0.20574460923301624,0.25860269418986903,0.696614486452826,9.484581869510988e-06,-0.16434465420866934,0.49591441468515857,3.7359731363996565e-05,severity_oscillating,False
Evpl,-0.20579735315433725,0.2584779550479975,-0.021286792515841882,0.9079391968436152,-0.1786281875499136,0.495861620421149,0.9249845901935851,other,False
Msr1,-0.2060244943692467,0.2579412193264945,0.8282025838286369,4.911554431118035e-09,0.010250535691951768,0.4956544000542831,1.3469805996308115e-07,severity_oscillating,False
Col20a1,-0.20606786399206461,0.2578388201638154,0.5570184042299804,0.0009283835260994242,-0.07141766670622134,0.4956544000542831,0.002099150871734558,severity_oscillating,False
Panx2,-0.2065355181715717,0.25673635072742546,-0.7870444750244543,9.164989811595069e-08,-0.2297128244409519,0.4940092686138892,9.540941434478866e-07,severity_oscillating,False
Traf6,-0.20673916625831054,0.25625723347752016,0.2701579760549756,0.1348081031577358,-0.21526124953098716,0.49364356041118973,0.1810097747321954,other,False
Spdef,-0.20717273836834119,0.25523914429901523,0.1754016391242608,0.3369460291289186,0.04957226277255363,0.4922400283815791,0.40393929367487985,other,False
Tnfrsf13b,-0.20719950277739946,0.2551763852159353,0.7428535932212031,1.1221314704042105e-06,-0.06099908944554904,0.4922400283815791,6.678033534848853e-06,severity_oscillating,False
Fbxo31,-0.2083236675632508,0.25254955587919653,-0.5319184855061446,0.0017286190084145256,-0.20719525423240215,0.4881603958089358,0.003675596498793012,severity_oscillating,False
Taf12,-0.2084256249828794,0.2523122003964671,-0.013330474979561616,0.9422744854598611,-0.20265813187694806,0.48788647999332024,0.954247002249504,other,False
Ptk6,-0.20900497700004741,0.25096627861393594,0.04199913018177223,0.8194666477348339,-0.23845098601441897,0.4856521195787888,0.8508082038845433,other,False
Cer1,-0.2090445414730999,0.25087453817774913,-0.16114711905288168,0.3782658290684314,-0.24063552640778577,0.4856521195787888,0.4453113302741908,other,False
Elf3,-0.2091477660234727,0.2506352900106636,0.24842277271714067,0.1703797676551205,-0.24802935543148869,0.4853798839576291,0.22182419469340728,other,False
Psmb11,-0.20925331706197672,0.2503908059801729,0.2191504362661507,0.2281663840758959,-0.08418882592898091,0.48535651373186667,0.2863869894614038,other,False
Bach1,-0.20940059326121463,0.2500499396239398,0.819608533041722,9.608449037716475e-09,-0.04352276629861488,0.4851672658888234,2.0768092602284632e-07,severity_oscillating,False
Adrb1,-0.20946446587826828,0.24990220402715743,0.3057307627712844,0.08881465408500902,-0.12199817889109808,0.48506512280918185,0.12535792763907885,severity_oscillating,False
Chrm2,-0.2095335619992709,0.24974245177480683,-0.7377303934715111,1.4523683721669973e-06,-0.20097771618974286,0.48506512280918185,8.117389595791304e-06,severity_oscillating,False
Slc2a1,-0.2096084075574119,0.2495694830626954,-0.23300510327301577,0.19935699096281098,-0.3417965507775393,0.4849729268963083,0.25461192060623405,other,False
Nrg1,-0.2098462438177612,0.24902036883532727,-0.5761628545731238,0.0005585903373855694,-0.21660558208075129,0.4846443729221688,0.0013301671880619169,severity_oscillating,False
Siglech,-0.21000351644588988,0.2486576997913058,0.04656388933469873,0.8002199537167469,-0.22752828404758513,0.48423461314860444,0.8338962173460932,other,True
Acan,-0.21051552246974903,0.24747944820241521,-0.46979416368869564,0.00666912519754344,-0.19375192873476046,0.4821973511384721,0.012299062773922302,severity_oscillating,False
Slamf6,-0.21053623774118943,0.24743185548118285,0.5952041464119837,0.0003264413826574703,-0.0517568031659204,0.4821973511384721,0.0008259808992736884,severity_oscillating,False
Mindy1,-0.21086553908282188,0.24667611201600712,0.32778613840375836,0.06703545714436736,-0.18064468637455985,0.48118349804728583,0.09736556574413949,severity_oscillating,False
Il5,-0.21098259692717314,0.24640783548911743,-0.10112518253832667,0.5818353145830812,-0.24870152170637078,0.48084405846594797,0.6413011969940141,other,False
Wnt9a,-0.21155772522921776,0.24509255894755186,0.11344581064164724,0.536433661579212,-0.11594868241715935,0.4791939989235194,0.599419081646344,other,False
Lamb3,-0.212096582673419,0.24386448014753928,0.3504112107960311,0.04927488026129585,-0.068729001606693,0.47789193746930386,0.0741667643000502,severity_oscillating,False
Aldh1l2,-0.21220940350155837,0.243607876923225,0.1853971053988412,0.30968663095441157,-0.2335777805215239,0.47757255195440845,0.37554939482127375,other,False
Cxcr3,-0.21221569334710788,0.2435935764010121,0.589499320318107,0.0003847859798129856,-0.18383747618024973,0.47757255195440845,0.0009542018877131938,severity_oscillating,False
Cybc1,-0.21223793858474532,0.2435430043683988,0.5430506383711329,0.001319901678804805,-0.20517875540775588,0.47757255195440845,0.002871137937562179,severity_oscillating,False
Egr3,-0.2124268544529977,0.2431138076438409,0.24742035485038738,0.17216723197144554,-0.15157349498590977,0.4775215759688997,0.2238086264746034,other,False
Mettl21c,-0.21269962617527852,0.24249498990247462,-0.22444658556514668,0.21683897193039636,-0.26886650995283323,0.476673195950876,0.2741253025568654,other,False
Padi6,-0.21270232262636293,0.24248887790803844,-0.15135918024143305,0.40827592677144864,-0.1521284732697147,0.476673195950876,0.47504915658329366,other,False
Smg9,-0.21280611676377512,0.24225368784695123,0.6318972688815507,0.00010483271491197625,0.004032997649292499,0.47656616340428004,0.0003026040382019307,severity_oscillating,False
Tet3,-0.21322120716654758,0.24131464513347242,0.3543215502952818,0.04662605702914798,-0.3157501076258586,0.47540710835033245,0.07047096797205447,severity_oscillating,False
Mdm2,-0.21355351569737588,0.24056463149598242,0.6106148650925909,0.0002060774500128939,0.027894900407606452,0.47459828897618633,0.0005506553549061141,severity_oscillating,False
Hspa5,-0.21395933675821124,0.23965081718215894,0.3731325629468472,0.03542912462112496,-0.259120098967043,0.4734542286778438,0.054956514786487706,severity_oscillating,False
Spib,-0.21396038960133276,0.23964844944979824,0.48024733439029454,0.0054050759652663595,-0.08301253494793727,0.4734542286778438,0.01024574228867473,severity_oscillating,False
Clec9a,-0.21420115783204804,0.23910739826197866,0.2535009937799242,0.1615270584196996,-0.23424994679640596,0.47293014289815943,0.21159463918820948,other,False
Vax1,-0.21440357445150007,0.23865316344281423,-0.08772469568926317,0.633059914233796,-0.19761688481533243,0.4723980546068279,0.6880968724710406,other,False
Izumo1r,-0.21461645168443955,0.238176078180285,0.5833886066839326,0.000457357406153706,-0.09746410985790206,0.4717888414569121,0.0011135943335513385,severity_oscillating,False
G6pc2,-0.21490866109858012,0.23752224039381978,-0.03981740235856463,0.8287029252202653,-0.3538955437254168,0.4708903801977748,0.8591499647484968,other,False
Ghrhr,-0.2149999288926085,0.23731826952394927,0.07637421009064602,0.6778077536294618,-0.1690498181328439,0.47066893189800363,0.7283541923875889,other,False
Pmaip1,-0.2150672384526657,0.23716791724703568,0.6796624486862248,1.8848217642774892e-05,0.0371371866872351,0.4705536934566818,6.714019427080638e-05,severity_oscillating,False
Rangap1,-0.2157485224336619,0.2356496985499306,0.03030099048237853,0.8692381918734378,-0.18820655696698327,0.46838127590209644,0.8932280452752631,other,False
Mfsd2a,-0.21604654372128893,0.23498762429147238,-0.39658625983386064,0.024625625672289545,-0.28096550290071076,0.46773480995124156,0.039638787173982004,severity_oscillating,False
Nae1,-0.21620043131546815,0.23464624242905716,-0.651325676700662,5.4060505706982855e-05,-0.17879622911863413,0.46736840399477575,0.0001681479509825119,severity_oscillating,False
Fgf18,-0.21625008110075752,0.23453617126292142,-0.5312880963228207,0.00175474876397658,-0.21694166521819236,0.46736840399477575,0.003721493481652993,severity_oscillating,False
Muc1,-0.21627973154289357,0.23447045422381516,0.5589015031683396,0.0008843245791049935,-0.05797434120857967,0.46736840399477575,0.0020075387975142735,severity_oscillating,False
Cd27,-0.21642779603910808,0.23414247030601543,0.5145915079983827,0.002584214199296356,-0.08586924161618613,0.4672772852233899,0.0052476419707845195,severity_oscillating,False
Mei4,-0.21649668535225403,0.23398997587734216,-0.09294787158351767,0.6128769639249795,-0.18165293578688296,0.4671557209198913,0.6690103558701734,other,False
Traf3,-0.2168136639881503,0.23328916787015092,0.33007904897442647,0.06503539646052854,-0.26785826054051015,0.4661214435196396,0.09494721160422327,severity_oscillating,False
Ghsr,-0.21688508346615637,0.23313146172192784,-0.16646828704282277,0.3625075607146858,-0.26869846838411277,0.4659888660828973,0.42913693831645683,other,False
Ido1,-0.21693377732437258,0.2330239786837582,0.40276870569892415,0.022281882841222813,-0.08855790671571445,0.4659888660828973,0.03610542705625082,severity_oscillating,False
Eif3i,-0.21710577648456542,0.2326445880857778,0.309742368138185,0.08449648972040541,-0.18316530990536767,0.46592856059110815,0.11969358346675589,severity_oscillating,False
Fut4,-0.21746394995455176,0.23185587502675709,0.7178722705229312,3.7434887174810138e-06,-0.03612893727491197,0.4645313505543943,1.749736393168509e-05,severity_oscillating,False
Glp1r,-0.21784929357901314,0.2310093459478503,-0.1788746931570591,0.3273132006905738,-0.25559122602391215,0.46338131092409923,0.39415308811715477,other,False
Sptbn2,-0.21801039309362613,0.23065605844248618,-0.554303473172866,0.0009952965331034365,-0.17745189656886995,0.4628546633025657,0.0022316516990596178,severity_oscillating,False
Phb2,-0.2181023357979801,0.23045459363388865,0.5802980811741612,0.0004984761087978375,-0.05461350983416925,0.462761246101918,0.0012010990226630934,severity_oscillating,False
Cdh9,-0.21872162374486415,0.229100702666625,-0.4492044724960862,0.009906207241650415,-0.2473571891566066,0.46136702893898707,0.017619094539629974,severity_oscillating,False
G6pdx,-0.2189489702134358,0.22860502729967144,0.7087383042225445,5.637278376916189e-06,-0.07645891376783696,0.46081409563486914,2.4164501681218047e-05,severity_oscillating,False
Actr1b,-0.21943889808705078,0.2275393197764065,-0.46112966468000954,0.00790016156289996,-0.22164682914236689,0.45894743779337666,0.014337563401257612,severity_oscillating,False
B2m,-0.21983521148445992,0.22667970768867757,0.6898632875402556,1.253631784814023e-05,-0.137458003213386,0.457394457642383,4.7403823086258947e-05,severity_oscillating,True
Ap3b2,-0.21989756931721371,0.22654465264363868,-0.6389359214931892,8.290342067266191e-05,-0.19274367932243736,0.45730283859723025,0.00024643959723266224,severity_oscillating,False
Shc1,-0.22005671083720663,0.22620022970040504,0.788515072233032,8.348582272691254e-08,0.04083410119908656,0.45678834984234606,9.003407647568305e-07,severity_oscillating,False
Eif4g3,-0.22006142891898406,0.22619002397968388,0.21089187124236822,0.2466157462962626,-0.20517875540775588,0.45678834984234606,0.30660173576827576,other,False
Eif4a3,-0.22051530976036982,0.2252096880790456,-0.07823074403860969,0.6704092850427934,-0.20215400717078652,0.45569005112701766,0.7217724278183388,other,False
Blmh,-0.2205214002308987,0.22519655290003163,-0.09538800815190018,0.6035414666348822,-0.26634588642202545,0.45569005112701766,0.660799532368434,other,False
H2-D1,-0.22064907416687488,0.22492132094641326,0.727441740416904,2.396226999961437e-06,-0.07410633180574967,0.45546790716461055,1.2114126785731703e-05,severity_oscillating,True
Lmx1a,-0.22071919505564885,0.22477025551364713,0.12228484708531946,0.5049414602743783,-0.16535290362099245,0.45534276146747976,0.5693427031077815,other,False
Nsun2,-0.2208958056168387,0.22439007815808254,0.4757193787878459,0.005924867371413162,-0.033608313744104154,0.4547531937562094,0.01111948067019078,severity_oscillating,False
Gjd2,-0.22094164148098236,0.22429148178107988,-0.7688420848435673,2.747488833009558e-07,-0.23845098601441897,0.4547340415601306,2.217553882465468e-06,severity_oscillating,False
Rras2,-0.2211186833057287,0.223910927514548,0.5093108696741762,0.0029091074805232737,-0.24853348013765028,0.45414299850962603,0.005823923570702205,severity_oscillating,False
Pfkfb1,-0.2214091797191473,0.22328745038928205,0.7443584823643602,1.0390598021683603e-06,0.015627865891008435,0.4535998743272512,6.317334983147564e-06,severity_oscillating,False
Gpr107,-0.22237975401416496,0.2212129093928212,0.5638335887024567,0.0007775192694828208,-0.034616563156427284,0.4499230665122731,0.0017881540999241969,severity_oscillating,False
Dot1l,-0.2226214012934606,0.2206984486613614,0.6331400049300162,0.00010061971959144518,-0.157454949891128,0.4490557585247725,0.0002917914665355099,severity_oscillating,False
Bmp10,-0.2226598324991041,0.22061670472501002,-0.12332336014621366,0.5013031308214055,-0.26701805269690754,0.4490557585247725,0.5661162874297078,other,False
Cyp1a2,-0.22279170513497337,0.22033636566289896,-0.18360604065058464,0.3144665017267048,-0.36565845353585325,0.44885615065752704,0.38056788263533126,other,False
Vav1,-0.22291405206139597,0.22007649356962336,0.8189861579414023,1.0073093319056084e-08,-0.022685611777270305,0.44885615065752704,2.1172777387048734e-07,severity_oscillating,False
Pde6b,-0.2230544184889689,0.21977860411105726,0.35005630193006576,0.04952110107982297,0.09864040083894571,0.4486157101122461,0.07447144357552388,severity_oscillating,False
Flnb,-0.22373078537250513,0.21834704960538995,0.14014469386746853,0.444257297117417,-0.16249619695274362,0.4460505807116917,0.5102806738563261,other,False
Tlx3,-0.22404417095627552,0.21768591815455093,-0.5847370887077261,0.00044037706008684526,-0.3204552715500331,0.44505155494274673,0.0010768760227722904,severity_oscillating,False
Wnt2,-0.2248516859528894,0.21598864818104585,0.4176629560042043,0.01738208720891477,-0.0946074031896532,0.44277765428284105,0.028919121608830475,severity_oscillating,False
Hdgfl2,-0.22485804495555706,0.2159753185403394,-0.48683483387628046,0.004718803172078242,-0.222318995417249,0.44277765428284105,0.009042304650928291,severity_oscillating,False
Akt1,-0.22516092858896092,0.21534106952934376,0.6901124007513441,1.240956649279685e-05,0.013947450203803226,0.4422120755512007,4.698479107435517e-05,severity_oscillating,False
Lamtor4,-0.2252166072217804,0.21522461520910247,0.5466006071516037,0.001208728725752272,-0.09998473338870986,0.44215093120484555,0.0026610812386976,severity_oscillating,False
Lect2,-0.2255430531296072,0.21454270547543405,-0.026501034841249407,0.8855216740599666,-0.32213568723723834,0.4412832018670118,0.907037361321263,other,False
Aif1,-0.22589696728343125,0.21380508908178433,0.7187614847690735,3.5942065576874877e-06,-0.1035136063318408,0.4402986513549382,1.6928945199227956e-05,severity_oscillating,False
Tnpo1,-0.22590171960157504,0.21379519628199703,0.11506066043810083,0.530610991404055,-0.17846014598119309,0.4402986513549382,0.594214416498811,other,False
Timm50,-0.22622089135261758,0.21313150034074924,0.11588452289373351,0.5276521648987422,-0.18148489421816244,0.43944372806716325,0.5916803018572179,other,False
Csnk2a2,-0.22685473772570494,0.21181764749027218,0.4423254313874996,0.011247910913284906,0.0028567066682488535,0.4374599840631109,0.019696393260784862,severity_oscillating,False
Usp3,-0.22685647185115113,0.21181406058726693,0.6644474648837186,3.364709121545204e-05,0.039321727080601866,0.4374599840631109,0.00011051758679331672,severity_oscillating,False
Cdcp1,-0.2273053387674607,0.21088701484572953,0.280476115214834,0.11997347563097911,-0.10468989731288446,0.43626159339653187,0.16350112187914093,other,False
Disc1,-0.22757165417325495,0.21033831126449032,0.7428338454765802,1.1232606886689504e-06,-0.12233426202853914,0.4359755082324929,6.678033534848853e-06,severity_oscillating,False
Lhx4,-0.22772589939618673,0.21002096046023483,-0.7267858865304307,2.472073841074065e-06,-0.26298505504761505,0.4354946826453894,1.2423693264353503e-05,severity_oscillating,False
Fhod1,-0.22779089745782047,0.20988732917410594,0.8084083216400619,2.189227575922768e-08,0.030583565507134786,0.43539457751814326,3.457352899313325e-07,severity_oscillating,False
Ptx3,-0.22792118564379027,0.20961964204670175,0.6303247170227934,0.00011038958396941616,-0.1971127601091709,0.4350161896176671,0.0003162560057645954,severity_oscillating,True
Cd38,-0.2285434361961589,0.20834441603107529,0.8375621075704526,2.2650549075628156e-09,0.10200123221335612,0.4325573028916933,8.256573638882929e-08,severity_oscillating,False
Orai1,-0.22868017377161834,0.20806490591684298,0.7134183978885915,4.579460774962496e-06,-0.06973725101901612,0.4324935147032666,2.0635891707671106e-05,severity_oscillating,False
Chd4,-0.2287551545844012,0.20791174456209396,0.4539812326876798,0.00905630521999358,-0.11611672398587985,0.432351328581835,0.01624339413754826,severity_oscillating,False
Trim27,-0.22886885713792782,0.20767963537046527,0.6872749883769168,1.392425078654329e-05,-0.06654446121332624,0.4322210608016088,5.195874415666227e-05,severity_oscillating,False
Ttbk1,-0.22889343144916868,0.20762949351058935,-0.7831621844142849,1.1684314927445155e-07,-0.22383136953573368,0.4322210608016088,1.1414310980742263e-06,severity_oscillating,False
Gars,-0.22915108653187813,0.20710427115658445,-0.33940828187882005,0.057374883538448565,-0.16434465420866934,0.43182204670785534,0.08497946600744082,severity_oscillating,False
Ube2g2,-0.22995671476634527,0.20546792670681638,0.5944119327125142,0.0003340429019796248,-0.07343416553086758,0.4295458582506026,0.000841873934287582,severity_oscillating,False
Cdk5r2,-0.23075678362480137,0.20385171943022845,-0.7831364200717711,1.1702969305877678e-07,-0.254246893474148,0.427346636593425,1.1414310980742263e-06,severity_oscillating,False
Rgs9,-0.23113181192855234,0.20309716064035352,-0.26360408167938854,0.14490409598048815,-0.1221662204598186,0.42616150408327574,0.1923882856836205,other,False
Dmrta1,-0.2312211107644056,0.20291777582065254,-0.4426509549171995,0.011181139020441445,-0.20013750834614025,0.4259603187082916,0.019586191670079606,severity_oscillating,False
Odam,-0.23134679442373193,0.20266548619563177,-0.008582335191408297,0.9628175119629316,-0.22164682914236689,0.4256058645878623,0.9710027933022763,other,False
Dnttip1,-0.23175333303219206,0.20185091101213842,0.04709693896324781,0.7979796811479739,-0.26449742916609975,0.4244194134678146,0.8322417406534073,other,False
Nectin2,-0.2321588264453148,0.20104068904262265,0.576983494806062,0.0005461756392083321,-0.24282006680115253,0.4232391889419802,0.0013018887549540662,severity_oscillating,False
Sphk1,-0.23220101654979458,0.20095651791757815,0.5901102824678797,0.00037812433379876307,0.08872594828443497,0.4232391889419802,0.0009395091216305361,severity_oscillating,False
Kcnn4,-0.23247516725549666,0.20041016946022847,0.818860674342162,1.0169242226675044e-08,-0.021509320796226663,0.4226094561457732,2.1172777387048734e-07,severity_oscillating,False
Vsig1,-0.2324930762730931,0.2003745148391335,-0.30000913281628194,0.09526287482196272,-0.2681943436779512,0.4226094561457732,0.133572271706111,severity_oscillating,False
Cd300ld,-0.23252003765441936,0.20032084637734268,0.7362511454835676,1.56296829675141e-06,-0.07494653964935227,0.4226094561457732,8.60054075698915e-06,severity_oscillating,False
Erg,-0.23263236664715656,0.20009735504813408,0.01974942921214146,0.9145628462309286,-0.3115490684078456,0.4224737616310149,0.9302462768941112,other,False
Irf8,-0.2329739261662099,0.1994188449398941,0.7582824348349662,4.96983602772635e-07,-0.11359610045507204,0.42144763551050585,3.5063808544166125e-06,severity_oscillating,False
Agtrap,-0.23346439690244358,0.19844731403521854,0.7773990047094024,1.6607391742659843e-07,0.036465020412353014,0.4204152280037273,1.4914490366075327e-06,severity_oscillating,False
Tpr,-0.23413395961092873,0.19712634427124345,-0.06195194251104178,0.7362421939094206,-0.1850137671612934,0.4184565133634332,0.78029740933554,other,False
Kdm5c,-0.2347446093268456,0.1959269396085948,0.21285009044799477,0.24215409256981668,-0.09275894593372748,0.41659996621235607,0.30134862800649787,other,False
Il22ra2,-0.23485607007136583,0.19570856340864168,0.4600687320629968,0.0080633808287003,-0.1640085710712283,0.416405583199565,0.014601102451970261,severity_oscillating,False
Prl8a2,-0.23487689076749274,0.19566778984132352,-0.5380396442448495,0.0014920183467117382,-0.2777727130950209,0.416405583199565,0.0032180911571148313,severity_oscillating,False
Nkx3-1,-0.23503626590080834,0.19535587816847327,-0.3338723252555908,0.061829460542787484,-0.1940880118722015,0.4160794716231241,0.09076031028165726,severity_oscillating,False
Dync1li1,-0.23507834433575694,0.19527358458753508,-0.17572082167625766,0.33605360227870684,-0.1971127601091709,0.41607792605723326,0.4031536747939049,other,False
Rictor,-0.23540734920114195,0.19463097511211974,-0.42763510849308417,0.014631129176501636,-0.2875191240808111,0.41488199082612737,0.02490269934245407,severity_oscillating,False
Btla,-0.23555184144921504,0.19434921986936177,0.5041570356720618,0.00325970300400854,-0.218454039336677,0.41488199082612737,0.006459795314540529,severity_oscillating,False
Brcc3,-0.23595405058143828,0.19356642098258423,-0.44945392760778796,0.009860213141314174,-0.18635809971105755,0.4136499008932393,0.017559268786412726,severity_oscillating,False
Oprd1,-0.2360733776096865,0.19333460413402467,-0.6753010050834272,2.233044606942607e-05,-0.30314698997181955,0.4133276679327996,7.828701402071642e-05,severity_oscillating,False
Slc6a14,-0.2363657429530224,0.1927674434020385,-0.33262870616810836,0.06286654441719669,-0.23643448718977272,0.4125265617533521,0.09209714045724306,severity_oscillating,False
Arr3,-0.23665993393230184,0.19219791318232096,0.33843731531464094,0.05813730624946785,-0.2288726165973493,0.4119634403058466,0.08600881646709267,severity_oscillating,False
Avpr1b,-0.23707365616349402,0.19139896781292165,0.38998039339750457,0.027349991769863944,-0.2658417617158639,0.4109116729013945,0.0435295812848911,severity_oscillating,False
Psmd13,-0.2373278370620777,0.19090926654871473,0.3667924449850188,0.03892941717242288,-0.04100214276780707,0.41055150449620315,0.059867035573267745,severity_oscillating,False
Gsx2,-0.23767496895724943,0.19024190177781405,0.0044857187768727385,0.9805610187484404,-0.2394592354267421,0.40946157846777614,0.9857788247212838,other,False
Atf1,-0.2377411313431628,0.19011488909657728,0.7465888891501007,9.262130505653248e-07,0.008906203142187602,0.40940930642032786,5.789966631046228e-06,severity_oscillating,False
Sinhcaf,-0.23796357925435896,0.18968828795515397,0.4537692463878971,0.009092667934971273,-0.20484267227031483,0.4087874764931307,0.01630288194597134,severity_oscillating,False
Nploc4,-0.2386313881202733,0.18841161433886833,-0.27531493438111826,0.12723426623226286,-0.3722120747159535,0.40724052743329126,0.1720630943930999,other,False
Cenps,-0.23912080805262623,0.18747980030255604,0.3900315396236241,0.02732798849323262,-0.23509015464000857,0.4062593293727011,0.043508136486885014,severity_oscillating,False
Il7r,-0.23930909367114545,0.18712218179165485,0.8197579072752474,9.499904794787417e-09,-0.08872594828443497,0.4058291876357277,2.0708980494961802e-07,severity_oscillating,False
Cyp2g1,-0.23956060936087978,0.18664521396631448,-0.10541449619890315,0.565837060793198,-0.1769477718627084,0.40542989359958737,0.6260645774810486,other,False
Mmp3,-0.23983730184926758,0.18612148674898213,0.4983623314514042,0.003696936263963908,-0.22719220091014408,0.4048638396190012,0.007225314897501875,severity_oscillating,False
Bcor,-0.23999452551113368,0.18582435135490538,0.08642459075278712,0.6381249772256151,-0.2586159742608815,0.40473527594422387,0.6921274737035643,other,False
Smarca5,-0.24032258908401635,0.18520541932489146,-0.225327838234778,0.2149920995798347,-0.24954172954997336,0.4037319846052441,0.27206020837428346,other,False
Lyve1,-0.24052602264150777,0.18482234467006853,-0.3349229374568372,0.06096383949942779,-0.27676446368269775,0.403556859498382,0.08964443507828802,severity_oscillating,False
Rtn2,-0.24076987334098718,0.18436389621174046,-0.3296452252067241,0.06541018534193793,-0.2164375405120308,0.40275813043943814,0.09543440466405002,severity_oscillating,False
Ext1,-0.24157499523529186,0.18285591068318804,0.515118024985831,0.0025536160641141887,-0.25979226524192517,0.399977701713097,0.005193778127211514,severity_oscillating,False
Gabrp,-0.24165230580571212,0.18271156662171587,-0.1572049981194039,0.3901939537181097,-0.3046593640903042,0.3998334197071526,0.4574533114033734,other,False
Epn3,-0.24180917266185872,0.18241893193766315,-0.4954180525938631,0.003937839830997691,-0.14149100086267852,0.39953584019494187,0.007657995035424789,severity_oscillating,False
Bhlhe40,-0.24198022309225634,0.1821002138460847,0.6433550676184259,7.133096653241378e-05,-0.17241064950725432,0.39931687946535743,0.0002158121353984832,severity_oscillating,True
Adora2a,-0.24207422654510005,0.1819252242772108,0.5221716020116672,0.002172994713046168,-0.14518791537452996,0.3991400296937859,0.00450587237042622,severity_oscillating,False
Rspo1,-0.2421012659410411,0.18187491175298098,-0.24871193185317086,0.16986661370609607,-0.3012985327158938,0.3991400296937859,0.22121255974337403,other,False
Rbl1,-0.24243215743752702,0.18126001119641263,0.5544291574048789,0.0009921079145096554,-0.19778492638405298,0.3983659272352007,0.0022254804186076305,severity_oscillating,False
Amigo3,-0.2424425786618121,0.1812406690944433,0.3638026837970989,0.040674030399332345,-0.18249314363048558,0.3983659272352007,0.06228706966886649,severity_oscillating,False
Neurod4,-0.24248612884080528,0.18115985439896565,0.261804999387861,0.14776920479637254,-0.26432938759737923,0.3983659272352007,0.195632160307889,other,False
Ep300,-0.24286245925044966,0.1804625670590355,0.5424656500614646,0.0013390550585049453,-0.1334250055640935,0.39729803822535176,0.002907841572343008,severity_oscillating,False
Clgn,-0.24310762834955946,0.18000932200922673,-0.6027241771196287,0.00026157590138851055,-0.2305530322845545,0.39664257087216653,0.0006811121352643146,severity_oscillating,False
Pwp1,-0.24339923269778432,0.1794712777004469,0.5333795013736172,0.0016693601031999043,-0.21660558208075129,0.3959701503243857,0.003570400790952919,severity_oscillating,False
Tepsin,-0.24346643189555958,0.17934744828503085,0.6112774479317179,0.00020193365891517932,-0.100992982801033,0.39586816689828747,0.0005404321060473923,severity_oscillating,False
Trpm6,-0.24390936446623718,0.17853275462839005,0.11321084786155271,0.5372834026172875,-0.11645280712332091,0.39460642645763006,0.6001056791659258,other,False
Klrd1,-0.24405959703308788,0.17825702352715952,0.4793078192848604,0.005509592999478852,-0.21542929109970763,0.39460642645763006,0.010420628064642798,severity_oscillating,False
Il23r,-0.2440850495898046,0.17821033868440528,0.6115409255912263,0.0002003065974795853,-0.18955088951674745,0.39460642645763006,0.0005369227292398132,severity_oscillating,False
Slc1a1,-0.24453720446758068,0.17738243902931783,-0.8178390701024304,1.0984006405842959e-08,-0.2505499789622965,0.3935745200037191,2.2501773765544152e-07,severity_oscillating,False
Dnmt1,-0.24463307179711796,0.1772072548967308,0.5675260768062651,0.0007051595597842791,-0.20215400717078652,0.3933569222054934,0.001635752121173082,severity_oscillating,False
Pcdha2,-0.24466846073122103,0.17714261748269733,-0.4026947956675841,0.022308773560334907,-0.2233272448295721,0.3933569222054934,0.03613752109598868,severity_oscillating,False
Chrna1,-0.24471929221474423,0.17704980362068462,0.2151130830249857,0.23706554881607517,-0.1551023679290407,0.3933569222054934,0.2960272618141492,other,False
Flna,-0.24495382868889426,0.17662200564983085,0.8168557519781331,1.1824520647256265e-08,0.0169721984407726,0.39291271296109337,2.3358157185597014e-07,severity_oscillating,False
Mbd2,-0.24514753889803906,0.17626922696064184,0.4300573724799467,0.014020945032308586,-0.20568288011391744,0.3923373793426571,0.023984185315159657,severity_oscillating,False
Cacng2,-0.2451691818557194,0.17622984249268264,-0.8318743315207862,3.6458008650612453e-09,-0.27273146603340526,0.3923373793426571,1.133977451992525e-07,severity_oscillating,False
Xist,-0.24599133049051847,0.17473835546803496,-0.15287600336330637,0.4035392824337457,-0.0517568031659204,0.3905961223674173,0.47071892972662627,other,True
Muc5ac,-0.24619251474588588,0.17437474621759236,0.08616946952651237,0.6391207943877644,-0.3006263664410117,0.389954222032415,0.6929128952544072,other,False
Fasn,-0.24625713087445028,0.1742580764378906,-0.7648974678470022,3.4406301451125305e-07,-0.2592881405357636,0.3898642315393333,2.6591900560937905e-06,severity_oscillating,False
H2-K1,-0.24673564867028186,0.1733957941014086,0.6790752363070778,1.9286556273270073e-05,-0.1364497538010629,0.3886168478520585,6.857992176324926e-05,severity_oscillating,False
Tuba3a,-0.2471840005881524,0.17259061988746843,0.09686777189843278,0.5979099059367237,-0.29625728565427817,0.38732281216277015,0.6560418219365944,other,False
H2afy,-0.24718815955270787,0.17258316343938337,0.44944289392124753,0.009862243692035378,-0.3444852158770676,0.38732281216277015,0.017559268786412726,severity_oscillating,False
Capn1,-0.2474066155381537,0.1721918233778286,0.7814063543642262,1.3019866628807007e-07,0.04721968081046634,0.38677441424908543,1.227621805425962e-06,severity_oscillating,False
Plagl2,-0.24746979158771468,0.17207876789758916,0.63997776118632,8.003329834700136e-05,-0.1925756377537168,0.38677441424908543,0.00023916218797191208,severity_oscillating,False
Gnai2,-0.24748052830744768,0.17205955944818654,0.7510782879064247,7.322321001969709e-07,-0.04654751453558426,0.38677441424908543,4.7520559072579495e-06,severity_oscillating,False
Ccl21b,-0.24791711008612463,0.17127978496206972,0.2775964890578836,0.12398557381984882,-0.14569204008069153,0.3857387121816855,0.1682496440689143,other,False
Ptpn6,-0.24849561445415191,0.17025039592415794,0.776006954856584,1.8051504169210688e-07,-0.08973419769675811,0.38358978339625865,1.5930920893969502e-06,severity_oscillating,False
Pa2g4,-0.24935329030954753,0.1687323574062211,0.18196171579011558,0.31889505857893236,-0.21946228874900017,0.38097665601083297,0.38501389202630387,other,False
Pnpla3,-0.24937537781304986,0.1686933914746089,-0.5501264095065529,0.0011065173527930283,-0.1905591389290706,0.38097665601083297,0.002456198875803846,severity_oscillating,False
Cd207,-0.24971319090214655,0.16809823267041463,0.43827834195279,0.012106493993320987,0.2070272126636816,0.37991541198572665,0.0210984714246431,severity_oscillating,False
Eif2s1,-0.24972953590976388,0.16806947403946007,0.13383700214756383,0.4652252268236884,-0.10250535691951768,0.37991541198572665,0.5311916880179849,other,False
Zfand4,-0.24977453137473726,0.16799032375344697,0.2271849234056949,0.2111354351480159,-0.10788268711857434,0.37991541198572665,0.26784428119622705,other,False
Pxn,-0.24978745895791826,0.16796758810896698,0.700093914869207,8.190290096040664e-06,-0.10536206358776652,0.37991541198572665,3.3105126608481324e-05,severity_oscillating,False
Has2,-0.2499606777250562,0.16766316101058995,0.6710016653112346,2.632053787883969e-05,-0.09107853024652227,0.37991541198572665,8.998730812329842e-05,severity_oscillating,False
Egfl7,-0.2501853925800261,0.16726881719228678,0.1360720678553745,0.4577363830089586,-0.19896121736509662,0.37955437566630557,0.5238755417834188,other,False
Tigar,-0.25024712271975114,0.16716060510873712,0.08220342853033681,0.6546800015125515,-0.14098687615651695,0.37947763536255813,0.7067772884054021,other,False
Lamtor3,-0.2504534296278952,0.16679931411071588,0.290835047331292,0.10633622261036088,-0.23172932326559814,0.3789632609581835,0.1469577544122056,other,False
Lfng,-0.2507916710362303,0.16620818096261028,0.2675014512467926,0.13883625940705185,-0.1925756377537168,0.3778199336409425,0.185296640302295,other,False
Dusp1,-0.25100148962964863,0.16584224017787483,0.46881667798032384,0.006799259217560258,-0.14031470988163486,0.37732438320577144,0.012516427740445644,severity_oscillating,False
Rbms1,-0.2513313714497592,0.1652680627635777,0.6968509994516843,9.391066273870772e-06,-0.002688665099528333,0.3763537447129508,3.71059868807241e-05,severity_oscillating,False
Zfp281,-0.25157625170013903,0.16484275430121184,0.2821612511335186,0.11767082371267217,-0.09175069652140436,0.37619454750318354,0.16070652523650353,other,False
Plp2,-0.25162546912038586,0.16475736785460648,0.7260676628933344,2.5576321121118023e-06,-0.12821571693375736,0.37619454750318354,1.2815797056858844e-05,severity_oscillating,False
Gsta1,-0.2519381465964297,0.16421564711558037,-0.07246123568134327,0.6934975492554407,-0.26785826054051015,0.37619454750318354,0.7422431806026024,other,False
Tgfb1,-0.2520093349989707,0.16409248975264407,0.6767713863294864,2.1096566719361075e-05,-0.1527497859669534,0.37619454750318354,7.442156765937817e-05,severity_oscillating,False
Ifngr1,-0.2521762964109843,0.16380390222386768,0.7497722579164472,7.844378369707617e-07,-0.13443325497641662,0.37619454750318354,5.0459235893919985e-06,severity_oscillating,False
Yipf1,-0.2523595027988011,0.16348765356437894,0.6065770543274777,0.0002330069086523875,-0.0873816157346708,0.37593168057790155,0.0006145647575159403,severity_oscillating,False
Emx2,-0.2529080405384955,0.16254338599555707,-0.2364445132434635,0.19261483519244776,-0.29541707781067555,0.3746650754466049,0.2469284429044172,other,False
Mixl1,-0.25296969904386446,0.16243748999579077,-0.14821547299699053,0.4181923156959324,-0.3063397797775094,0.374590251568051,0.4851390770347738,other,False
Wdtc1,-0.25330376904428803,0.16186459687477933,-0.49856524320193496,0.0036808123928057206,-0.32768105900501554,0.37377605643198253,0.007200430640037966,severity_oscillating,False
Elob,-0.2537586156134683,0.16108691390430624,0.19310423962237025,0.28964125848339184,-0.27407579858316944,0.37282411425855994,0.35396743160608096,other,False
Cxcr5,-0.2537630014767443,0.16107942814702977,0.43168374921398484,0.013623322406580712,-0.08150016082945258,0.37282411425855994,0.023413937869261527,severity_oscillating,False
Ly6m,-0.2542038243090397,0.16032830653012858,0.30903364999723343,0.08524740495891504,-0.26012834837936616,0.3715741443026742,0.12062330449248977,severity_oscillating,False
Bclaf1,-0.2543073697388732,0.1601522395639507,-0.013954821533020967,0.9395756524681809,-0.27676446368269775,0.3715036716760857,0.9518918377835532,other,False
Tcf7,-0.25453563854764133,0.15976458497729387,0.6383384299013012,8.459070027102566e-05,-0.08351665965409884,0.37094180608519617,0.00025130877232527773,severity_oscillating,True
Bad,-0.25475958969192575,0.15938491758452564,0.4747961641233158,0.0060359339968710565,-0.19072718049779108,0.37022880901578564,0.011307124244597597,severity_oscillating,False
Omp,-0.2550442425216692,0.1589032771004828,-0.025672190106421265,0.8890797570811099,-0.17812406284375204,0.36927818518886685,0.9101336224906164,other,False
Prph,-0.2551163368157885,0.15878145760860982,0.05386802364264429,0.7696655078432889,-0.4377482865169567,0.36925259455054443,0.8081646264941574,other,False
Ecscr,-0.25581733348142166,0.15760046139764392,0.46574742759152,0.007222030883957181,-0.18938284794802693,0.3670867367988044,0.01320888473971516,severity_oscillating,False
Traf2,-0.2560403484929148,0.15722606692906071,0.7212035499715062,3.211613329661259e-06,-0.08838986514699394,0.3667170404230173,1.545513169302083e-05,severity_oscillating,False
Slc45a1,-0.2569044709426299,0.1557814307236061,-0.2273170424474195,0.21086288052342786,-0.24702110601916555,0.3643471243104606,0.2675650630721407,other,False
Atf6b,-0.2570214849417513,0.1555865444645978,0.762436315758324,3.950497190396829e-07,-0.07024137572517769,0.36405824005225385,2.9461237088032495e-06,severity_oscillating,False
Sept9,-0.2576150498162903,0.15460066882888834,0.7929648309019084,6.266891116301066e-08,-0.026886650995283326,0.3620835682718822,7.265320814602668e-07,severity_oscillating,False
Atf6,-0.25819004909600857,0.15364993092650495,0.3286175651120646,0.06630474315547698,-0.2233272448295721,0.36055184016533104,0.09652411382308448,severity_oscillating,False
Gpd1,-0.25855122007577064,0.15305491026851067,0.000986683998516141,0.9957237966490352,-0.15963949028449476,0.3597848374560705,0.9972878630879105,other,False
Cdc6,-0.2595563144701691,0.15140779815563596,0.5810029978601116,0.0004888202255303053,-0.16417661263994882,0.35706480739338836,0.0011811804691757874,severity_oscillating,False
Tph1,-0.25976413231111156,0.15106883844746435,-0.09093141410930354,0.6206368720962454,-0.2997861585974091,0.3567602522780165,0.6764676676416554,other,False
Ankrd13a,-0.2602392445692305,0.15029597180331397,0.5294951998674151,0.0018309559333334817,-0.3562481256875041,0.355593577072683,0.0038621001561938415,severity_oscillating,True
Ppp6r3,-0.26058998388786175,0.14972726127956468,0.6083234973841823,0.00022099747325107023,-0.10788268711857434,0.3552632589663749,0.000585614603144784,severity_oscillating,False
Gkn2,-0.2608122522447267,0.14936766886327593,-0.09703773585772155,0.5972645243055124,-0.33440272175383634,0.35504402556923137,0.6554746855599007,other,False
Ret,-0.26097703570451114,0.1491014811782193,-0.05036203770547517,0.7842923531611607,-0.3253284770429283,0.3547419102099331,0.8206513422512987,other,False
Brca2,-0.2610069510349254,0.14905319346262255,0.43260573884032166,0.013402137854554932,-0.12821571693375736,0.3547419102099331,0.02307609811047952,severity_oscillating,False
Top2b,-0.2611193657061515,0.148871841002561,-0.0922263578339759,0.6156488850750905,-0.25340668563054536,0.3546522160536077,0.6716049963148069,other,False
Ywhaz,-0.26157247760147684,0.14814248072768413,-0.5776044740218825,0.0005369440202052134,-0.2540788519054274,0.35332453827406624,0.0012822806400125438,severity_oscillating,False
Pdk4,-0.2625761681617037,0.14653610057775557,-0.19222453888776844,0.2918863303763891,-0.2855026252561648,0.35027209421140165,0.35619908403109113,other,False
Psmd9,-0.2634451807014554,0.14515551374895186,0.19875719729748523,0.27547838100994904,-0.0477238055166279,0.34784786462558837,0.3388510300293586,other,False
Upk3b,-0.2639421037908004,0.14437032068457228,-0.06949475812283024,0.705476287946692,-0.33389859704767477,0.3465567086174133,0.7534829448944883,other,False
Psmd10,-0.26403177071561196,0.14422896670851282,0.2598970881810216,0.1508522697736074,-0.20971587776320996,0.3463803950942203,0.19945500987951564,other,False
Fgf9,-0.26444670662641656,0.14357615822840042,-0.6023510106184155,0.00026450171321514736,-0.23979531856418315,0.345463199586354,0.0006876774919013591,severity_oscillating,False
Mageb4,-0.2649183007169782,0.1428368246178911,-0.4601860841800784,0.008045187101340091,-0.27441188172061043,0.3440088018771778,0.014573330754238568,severity_oscillating,False
Bmpr2,-0.264954898359197,0.14277956543368153,-0.6021187606937534,0.00026633731577026585,-0.2544149350428685,0.3440088018771778,0.0006910410212330245,severity_oscillating,False
Kiss1,-0.2649700727040348,0.1427558291731468,-0.45035467078351077,0.009695634928805897,-0.2535747271992659,0.3440088018771778,0.017286764687815058,severity_oscillating,False
Plk4,-0.2650419886900618,0.14264337466196544,0.28585165636979754,0.11274323658631127,-0.2288726165973493,0.3440088018771778,0.15488910579767676,other,False
Emilin1,-0.2655204682362675,0.14189682182913346,0.7655585022604543,3.314335412910939e-07,-0.09410327848349163,0.3427157614348531,2.5811335788181222e-06,severity_oscillating,False
Iqgap1,-0.2655397400346021,0.14186681257476805,0.8130527670113071,1.566276746145857e-08,-0.0857012000474656,0.3427157614348531,2.793558630101405e-07,severity_oscillating,False
Glyat,-0.26554465624647194,0.14185915799171728,-0.00936756457716898,0.9594182181981323,-0.29323253741730876,0.3427157614348531,0.9685320267224764,other,False
Cyp7b1,-0.2659455772461858,0.14123593339565574,0.5015997394030465,0.003446818023313254,-0.20232204873950704,0.34176683882886144,0.006788501442826605,severity_oscillating,False
Camk4,-0.26605202254390403,0.14107080201183783,-0.686368530065497,1.4442213417394414e-05,-0.30499544722774524,0.34169143450255685,5.334520683716793e-05,severity_oscillating,False
Dpm1,-0.2662899266650157,0.1407022442331073,-0.2512012348267031,0.1654944028988777,-0.2550871013177506,0.34096064030075074,0.2162918137809826,other,False
Muc20,-0.26709026337432207,0.1394675304935207,0.1461376898700682,0.4248195598050223,-0.35204708646949107,0.33886398868964435,0.4912728575301335,other,False
Tacr1,-0.26710693669271696,0.13944189228035256,-0.22347495749882823,0.218887768845937,-0.26416134602865865,0.33886398868964435,0.2763728982383972,other,False
Cmtm6,-0.2671139383395862,0.1394311270206581,0.7629671631250124,3.8350212957131695e-07,-0.13006417418968308,0.33886398868964435,2.8759805235828025e-06,severity_oscillating,False
A1cf,-0.2671631473732024,0.13935548365641548,-0.33617472914856933,0.05994492878852142,-0.347509964114037,0.33886398868964435,0.0883754571532508,severity_oscillating,False
Selenoh,-0.26755906860497425,0.1387479701393539,0.5760248388026546,0.0005607025432433024,-0.23038499071583401,0.3379911154158759,0.0013334003137921145,severity_oscillating,False
Cyb561,-0.2684472182432489,0.13739221123989054,-0.41113995607024517,0.019404461054232915,-0.3038191562467016,0.3354828956471345,0.031909141146886554,severity_oscillating,False
Pms2,-0.26959601666548316,0.1356529830598341,0.21023263085327648,0.24812999191162308,-0.1764436471565468,0.33251603392033335,0.30840913468352565,other,False
Sirt6,-0.2701424533332357,0.1348313889006286,0.16466175259324786,0.36781315611986776,-0.38397498452639,0.33097926601641314,0.4345101689132574,other,False
Gpr141b,-0.27027408348203924,0.13463402312029615,0.31965600074298106,0.07451662365172071,-0.31877485586282794,0.3306539007879782,0.10722406128277216,severity_oscillating,False
Tnfsf11,-0.27084623553802045,0.13377860219027957,0.7750685778041203,1.908885855372367e-07,-0.07091354200005977,0.3292595716097694,1.6634157842067168e-06,severity_oscillating,False
Hgs,-0.27143376442817047,0.13290435007432796,-0.3856691603986658,0.029257511574436245,-0.2902077891803394,0.3276679989024393,0.04627064196961307,severity_oscillating,False
Tpbpa,-0.27143393903018154,0.13290409088918564,-0.16156814451705392,0.3770046131131237,-0.21206845972529723,0.3276679989024393,0.44392902388966854,other,False
Gtse1,-0.2714383333644536,0.13289756791273227,0.5617517260403513,0.0008211319884950035,-0.3749007398154819,0.3276679989024393,0.0018804351717195086,severity_oscillating,False
Havcr1,-0.27177762696536756,0.13239462822577294,0.3296278480621985,0.06542523291711094,-0.226183951497821,0.32688528488851293,0.09543440466405002,severity_oscillating,False
Fgf23,-0.2719223025529584,0.13218059948080854,0.17025051986413228,0.3515478611628169,-0.13040025732712412,0.32667308040290904,0.418659358194155,other,False
Lsm14a,-0.2723933648996337,0.13148548604811894,0.24698633258140212,0.17294527495714826,-0.20988391933193043,0.3251126826618782,0.22464829324074695,other,False
Rapgef1,-0.27335750662949787,0.13007115921434134,0.43060057264452545,0.013887074809464509,-0.21022000246937153,0.3228676317043091,0.023787094896937023,severity_oscillating,False
Padi4,-0.27353153359574034,0.12981707237712278,0.4853953588344876,0.004862006245607417,-0.161655989109141,0.3225508456871424,0.009285321549548272,severity_oscillating,False
Atp2b3,-0.27379840970285113,0.12942813230453068,-0.6966163921335693,9.48382502119357e-06,-0.2125725844314588,0.3217411807433777,3.7359731363996565e-05,severity_oscillating,False
Gpbar1,-0.27380484018687273,0.1294187712473081,0.24499108208366283,0.17655412224254752,-0.15392607694799704,0.3217411807433777,0.22886977828697203,other,False
Cdk1,-0.27397175835831716,0.12917595773823107,0.6502850027285928,5.607841941007783e-05,-0.3782615711898923,0.32142759045010566,0.00017378858894945748,severity_oscillating,False
Hmga2,-0.27421544612826926,0.12882207169634952,0.37827618063481444,0.032780516183740456,-0.11023526908066163,0.3210167990830869,0.051229599587395855,severity_oscillating,False
Ccn1,-0.2748535440914826,0.12789880557183395,0.7150232104942077,4.260498581151024e-06,-0.015291782753567393,0.31887185103710897,1.954116913162667e-05,severity_oscillating,False
Ccr9,-0.2751276208329443,0.12750374543154883,0.4478370302142288,0.010161566948945234,-0.13527346282001923,0.31819794787002476,0.018023001740810025,severity_oscillating,False
Pfkp,-0.27565877209401696,0.1267406977505571,-0.022750074504889,0.9016403541113841,-0.30919648644575826,0.3170692982960234,0.9202215778955922,other,False
Amh,-0.2758933747491554,0.12640474538932117,-0.43061592262047227,0.013883307454952936,-0.2560953507300737,0.3163840069827906,0.023787094896937023,severity_oscillating,False
Ndufa9,-0.2761921399467202,0.12597786488839072,-0.6581235822714899,4.2405995929484964e-05,-0.2797892119196671,0.31577795180649293,0.00013570450767647603,severity_oscillating,False
Fcgr3,-0.2762304898891816,0.12592314713226857,0.8400032418849579,1.836228457627211e-09,0.02571036001423968,0.31577795180649293,7.553710776093875e-08,severity_oscillating,False
Foxg1,-0.27655250898601663,0.12546438261925635,-0.28152323763704223,0.11853873327257561,-0.3591048323557529,0.31511266161537504,0.16176192574194975,other,False
Jak3,-0.27664433093066976,0.125333795209646,0.7423480213007496,1.1513693183353475e-06,-0.1340971718389756,0.3150949676512589,6.779152246168725e-06,severity_oscillating,False
Scarb1,-0.276710585858134,0.12523963116966155,0.3484391433054382,0.05065543851607076,-0.32969755782966176,0.31501349043217136,0.07602041537819268,severity_oscillating,False
Trpv2,-0.27678715151102484,0.1251308783118197,0.7792843924590068,1.4819875964327826e-07,-0.08704553259722976,0.31489521966876777,1.364552117220871e-06,severity_oscillating,False
Gys2,-0.2768404957731922,0.12505515011072338,-0.3745812917358486,0.034666194878027946,-0.39960285041739846,0.31485998060947673,0.053928716094181324,severity_oscillating,False
Fscn1,-0.2780103452953971,0.12340292818860212,-0.1547182741223888,0.39782856983596127,-0.2594561821044841,0.311931782304291,0.46512114020931433,other,False
Insr,-0.278572943657387,0.12261413259547496,-0.020224666337908426,0.9125146899131997,-0.3196150637064305,0.3110167530430223,0.9287185621004054,other,False
Klb,-0.27908313956566677,0.12190204547463278,-0.30389325769758474,0.09084802593086315,-0.2571036001423968,0.3094173588816214,0.12798005530884643,severity_oscillating,False
Cd34,-0.2793258413710372,0.1215643821048844,0.4583608571812268,0.008332141546677064,-0.2253437436542184,0.3088146977674379,0.015055704580091997,severity_oscillating,False
Il27ra,-0.28069746243762417,0.11966912072171126,0.5813312334681137,0.00048438078147817814,-0.16350444636506672,0.30513048121299186,0.0011715629996776609,severity_oscillating,False
Cblc,-0.2812980448223188,0.11884620437938184,0.33780564218705345,0.05863758124109393,-0.11662084869204142,0.3034206649345479,0.08669863823502032,severity_oscillating,False
Tespa1,-0.2817697897328522,0.11820277798712593,0.353736926360187,0.04701468317785309,-0.24248398366371152,0.30253505795902125,0.071016256704243,severity_oscillating,False
Fosb,-0.28181912158538225,0.11813564288498317,0.33543899883584516,0.06054214880333916,-0.004537122355454061,0.30253505795902125,0.08917860266989115,severity_oscillating,False
Hba-x,-0.2831195333744738,0.1163761451522261,-0.02133831408164369,0.9077173215634984,-0.23693861189593432,0.298759293619278,0.9249432795236527,other,False
Slco3a1,-0.283401740777338,0.11599690308625547,-0.7016414353726202,7.667833325160305e-06,-0.32633672645525136,0.29793565087763807,3.1341039897149614e-05,severity_oscillating,False
Gja8,-0.28354899919931204,0.11579937735890596,-0.08515138922398469,0.6431008137478958,-0.29239232957370614,0.29786347101860455,0.6964877390505344,other,False
Yars,-0.28518925122378197,0.1136161463148456,-0.3754699400474411,0.034204839318019334,-0.2576077248485584,0.29306064940559295,0.05329226797838015,severity_oscillating,False
Wnt1,-0.2852771714053185,0.11349999635013623,-0.21752175540095822,0.23172875403723653,-0.2095478361944894,0.2929977132500228,0.29021565783057784,other,False
Ranbp2,-0.28537217197760334,0.11337459236513489,0.3835566169532931,0.030231092230413193,-0.22517570208549786,0.2928221750149636,0.04763941966862456,severity_oscillating,False
Etv3,-0.2859150945442883,0.11265990242502498,0.7859479500692858,9.820642841013653e-08,-0.07377024866830863,0.2914189463844079,9.952724529169789e-07,severity_oscillating,False
Ruvbl1,-0.2860453312552961,0.11248896422034275,-0.632578355910318,0.00010250463247364843,-0.2942407868296319,0.2911244071476248,0.00029655844869753376,severity_oscillating,False
Map4k4,-0.2860896538657235,0.11243083420717111,0.48833882927642586,0.004573064121195429,-0.24029944327034472,0.2911216676602943,0.00878944991794193,severity_oscillating,False
Armc12,-0.28638622421866305,0.1120424541775951,0.4616091537998313,0.007827320501679658,0.059822798464505396,0.29041085302841085,0.014219074743257813,severity_oscillating,False
Ap1s1,-0.28648041198405855,0.11191931888623116,0.10204597134447982,0.5783841049250137,-0.2167736236494718,0.29032956713801045,0.6379107717237826,other,False
Sap130,-0.2869863154135299,0.11125966419505784,-0.1771475523135323,0.3320821686767139,-0.34566150685811126,0.289263785453104,0.3988582864186291,other,False
Slc2a3,-0.2871733976834379,0.11101646384071694,-0.09668955567708501,0.598586945419472,-0.34566150685811126,0.28921269162893465,0.6566434427063929,other,False
Nphs1,-0.2872190781071518,0.11095714142988475,-0.5320639605662746,0.0017226374441692304,-0.3960739774742675,0.28921269162893465,0.0036697874900313014,severity_oscillating,False
Pom121,-0.2879791204147006,0.1099736011022985,0.15960433769831822,0.3829083825940075,-0.27693250525141827,0.2870907570229399,0.44994601695739056,other,False
Dnajc5,-0.28803077273268163,0.10990699789274176,-0.3398144972457889,0.057058264888256036,-0.2784448793699029,0.2870907570229399,0.08455961917344394,severity_oscillating,False
Mfsd2b,-0.28851697587123365,0.10928154345493533,0.21991194084843577,0.22651353440208774,-0.21307670913762036,0.2863097859083848,0.2848731604992726,other,False
Kmt2b,-0.288536863845214,0.10925601642179272,0.7415174252563975,1.2009139389387168e-06,-0.046043389829422694,0.2863097859083848,6.977063784198626e-06,severity_oscillating,False
Casr,-0.2885688037937244,0.10921502954472947,0.06781258098987437,0.7123001045669773,-0.3441491327396266,0.2863097859083848,0.7592411544617408,other,False
Mafk,-0.28860244685138114,0.10917186963205605,0.6690602171548151,2.8324300504740207e-05,-0.12653530124655216,0.2863097859083848,9.530491878277032e-05,severity_oscillating,False
P4hb,-0.28926962514615634,0.10831860257387854,0.7908997901396035,7.165200427742496e-08,-0.10737856241241278,0.28510484609357817,7.997743409609293e-07,severity_oscillating,False
Krt78,-0.28970762820465407,0.1077611611615989,-0.058169403167383664,0.7518264729048771,-0.28768716564953156,0.28378403876371505,0.7935168297719384,other,False
Eya3,-0.28983018673100713,0.10760556891310992,0.6762664172142723,2.1513201120664775e-05,-0.14602812321813258,0.2835206647860401,7.563845933625929e-05,severity_oscillating,False
Sertad1,-0.2899328496450938,0.10747536478995746,0.6809641019591579,1.7908451482696767e-05,-0.021677362364947182,0.2833239461465494,6.442243371878436e-05,severity_oscillating,False
Serpinc1,-0.2905265523707354,0.10672471122739163,0.19179859458503765,0.29297735270037134,-0.2708830087774795,0.28163618829328746,0.3573595112684348,other,False
Cry1,-0.2907052273563752,0.10649957545095096,0.22296383498944378,0.21997081144313702,-0.2592881405357636,0.2813331612508031,0.2776029463561212,other,False
Aim2,-0.2908486993031051,0.10631905525380758,0.7292030501595671,2.2028907436632536e-06,-0.09477544475837373,0.2810018139117474,1.1369297848471751e-05,severity_oscillating,False
Cybb,-0.2909955305091556,0.10613454676098537,0.7917764756941874,6.770325402150086e-08,-0.05595784238393342,0.2806595764788939,7.67453997252613e-07,severity_oscillating,False
Ap3b1,-0.291143123385893,0.10594932403141558,0.718078973823174,3.7082936425509028e-06,-0.07729912161143956,0.2804735597362888,1.7370069670020344e-05,severity_oscillating,False
Csf1,-0.29124222902919444,0.10582508726645633,0.6681717294642885,2.928631070961736e-05,-0.1898869726541885,0.28042273773828247,9.80888457123987e-05,severity_oscillating,False
Ackr4,-0.2914929177665012,0.10551131851619741,0.6103154674887876,0.00020797458617765257,-0.16854569342668235,0.2798820778736989,0.0005551430476672976,severity_oscillating,False
Ros1,-0.29166953653387645,0.1052906785886763,-0.34118939718177904,0.055996839491270156,-0.27827683780118245,0.2796037743567547,0.08315571419067512,severity_oscillating,False
Parpbp,-0.2921383532311129,0.10470669711295454,0.6803711596059082,1.833116752787392e-05,-0.27962117035094664,0.2786170380663438,6.561914776118236e-05,severity_oscillating,False
Naip1,-0.2922609411226865,0.10455439871825761,0.7421952906484989,1.1603374509780955e-06,-0.04419493257349697,0.27835698740179127,6.81573163077536e-06,severity_oscillating,False
Pdap1,-0.29350942827701176,0.1030128186183758,-0.2826309962717372,0.11703484540918072,-0.2902077891803394,0.27498209665940965,0.15992358597166645,other,False
Dio2,-0.29353818212645116,0.10297751772900389,-0.1685703998785766,0.35639148310481183,-0.2523984362182222,0.27498209665940965,0.42334206893017057,other,False
Npy1r,-0.2935720975037424,0.10293589180277256,0.16913950820090115,0.354746348912117,-0.19694471854045037,0.27498209665940965,0.421907466962161,other,False
Cd33,-0.2945126008158788,0.1017866187475025,0.7907150777276856,7.251044868239223e-08,0.0033608313744104158,0.272696188146539,8.075890801940672e-07,severity_oscillating,False
Slc2a5,-0.2946498422685443,0.10161972654966457,-0.406860625978119,0.02083428305463589,-0.25895205739832255,0.27253534444260724,0.03400821691574326,severity_oscillating,False
Flot2,-0.2950615837023271,0.1011202695387246,0.010658883365200416,0.9538295900660085,-0.2851665421187238,0.2714813131142286,0.9636531469452783,other,False
Erg28,-0.29602686100290726,0.09995662916204168,-0.30202863777801664,0.09294752096118504,-0.31726248174434324,0.26892339944914273,0.13064902298787678,severity_oscillating,False
Mapkapk2,-0.2969759385140978,0.09882242337002936,0.7632971392923512,3.764804145339647e-07,-0.18014056166839829,0.26643402833536983,2.840867743399044e-06,severity_oscillating,False
Fgfr4,-0.2970877431175211,0.09868945448724256,0.4761350043958212,0.00587543890503649,-0.20097771618974286,0.26635709383038325,0.011034835734385543,severity_oscillating,False
Tnfrsf1b,-0.2973773124762522,0.0983457005683116,0.8028871174978903,3.222233487250436e-08,-0.10721052084369227,0.26585130821354397,4.442327842828236e-07,severity_oscillating,False
Cdc25a,-0.29742599899851757,0.0982879929739004,0.0751828017835969,0.6825712652403346,-0.2925603711424267,0.2658361888440434,0.7320849503765658,other,False
Sdc1,-0.2975245868767825,0.09817121644729887,0.8064933364464345,2.5067806645765476e-08,0.013443325497641663,0.26566120694836687,3.76789495335327e-07,severity_oscillating,False
Ern1,-0.29807356295531384,0.09752288077184094,0.8703916107210387,9.644620557194456e-11,0.022349528639829266,0.2647494490777864,2.0498837275937048e-08,severity_oscillating,False
Lipe,-0.2984673343138214,0.09705984384961092,0.0019672291758774624,0.991474313658931,-0.2870149993746495,0.26391378650152736,0.9942029632345601,other,False
Selplg,-0.29868125541897056,0.09680899355260764,0.7727348468942338,2.1909635751926658e-07,-0.15527040949776122,0.2634860215227318,1.8442417816927043e-06,severity_oscillating,True
Ahr,-0.2989613108746869,0.09648133610100132,0.6858995642107408,1.4716962591194141e-05,-0.21576537423714867,0.2629360045512692,5.424221544630153e-05,severity_oscillating,False
Nes,-0.2991136987714712,0.09630340030083652,0.5371989498861947,0.0015227371641920793,-0.17946839539351622,0.2629360045512692,0.0032774186812421086,severity_oscillating,False
Wdr37,-0.2994433040126362,0.09591938885903159,-0.5472277154784124,0.0011899666222997718,-0.26113659779168935,0.2622105051285746,0.0026243059837229295,severity_oscillating,False
Fstl4,-0.2996718894958312,0.09565375563482154,-0.41264203848635,0.01892228250143808,-0.2508860620997375,0.2617649181830604,0.031216870323362112,severity_oscillating,False
Setx,-0.2998416132103755,0.0954568858972165,-0.04775219989127635,0.795227948973264,-0.32919343312350025,0.2613663848425665,0.8301488375685435,other,False
Psmd14,-0.3001994633675677,0.09504280927151053,0.17936338126407567,0.32597153694939474,-0.14098687615651695,0.26062172797571215,0.39290661861504317,accrual_down,False
Pdcd1,-0.3002241760264962,0.09501426416363455,0.7106144494414409,5.189165024710233e-06,-0.201985965602066,0.26062172797571215,2.2760043672439294e-05,accrual_down,False
Ncan,-0.3009590317683557,0.09416842102352842,-0.4606494224095699,0.007973693400046498,-0.43489157984870774,0.2595499382260755,0.014464370566727308,accrual_down,False
Cd36,-0.30132924971459035,0.09374446372026367,0.753393829788183,6.473979634914526e-07,-0.2564314338675147,0.25876109818022996,4.294378428829519e-06,accrual_down,True
Ikzf1,-0.30133134657988436,0.09374206662611567,0.7873140602811268,9.010061390923989e-08,-0.1270394259527137,0.25876109818022996,9.437438019528391e-07,accrual_down,False
Gch1,-0.3017728117791789,0.09323843036281605,0.740725528945544,1.2499508957935373e-06,-0.11208372633658735,0.25778278226597545,7.1963877194614376e-06,accrual_down,False
Yeats4,-0.30226802253939095,0.0926759340003812,0.7998011771459278,3.9784704816941526e-08,-0.07309808239342654,0.2565056643168445,5.203635365928685e-07,accrual_down,False
Zdhhc6,-0.30245047514705237,0.09246934399990293,0.7297791968442404,2.1427977846875604e-06,-0.13880233576315015,0.25621190860592336,1.1108141767978908e-05,accrual_down,False
Nod1,-0.30260587871629624,0.09229365831779622,0.3062862792784597,0.08820682486052722,-0.396242019042988,0.25621190860592336,0.12460343772183588,accrual_down,False
Rab43,-0.30280997085755695,0.09206331610163956,0.7741246896152301,2.0187071065318377e-07,-0.05814238277730019,0.2559209675392171,1.750055063958896e-06,accrual_down,False
Otp,-0.30288981390994385,0.09197332306688953,-0.5061922349115608,0.0031171240982042015,-0.3078521538959941,0.2558102077231208,0.00619900585767627,accrual_down,False
Tecr,-0.3037560657971412,0.0910012546918951,-0.7232920959484079,2.914175456388294e-06,-0.2937366621234703,0.2533828603620944,1.4279739676308058e-05,accrual_down,False
Cd3eap,-0.30380110711841624,0.09095092660199236,0.2827443599297212,0.11688174896892528,-0.26449742916609975,0.25338103582564886,0.1597571815355005,accrual_down,False
Msln,-0.303874633669333,0.09086881543305875,0.14682134394324442,0.4226325939117187,-0.24920564641253234,0.2532906161333512,0.48952063159484044,accrual_down,False
Gcm1,-0.3040673987258563,0.09065381255970968,-0.44697172534153945,0.010326010370686095,-0.2873510825120905,0.2528294684893817,0.018263862309594234,accrual_down,False
Caprin1,-0.3041116872539515,0.0906044696978451,0.2615693442515715,0.14814751547428542,-0.2997861585974091,0.2528294684893817,0.19608211635556044,accrual_down,False
Nkx6-2,-0.30451535356426296,0.09015568016169759,-0.5169660101681799,0.0024486944031729928,-0.26937063465899486,0.2521575018163044,0.005012355598148249,accrual_down,False
Csf3r,-0.3049721414419408,0.08964988020632549,0.7097378756941165,5.394347378877708e-06,-0.24382831621347567,0.2516808139419187,2.3418354025238458e-05,accrual_down,False
Zbtb7b,-0.30506675758086377,0.08954538355883614,0.7391859280617926,1.3505439734700023e-06,-0.100992982801033,0.25152588190177483,7.620713283927524e-06,accrual_down,False
Krt2,-0.3063314240110525,0.08815756903076986,-0.0677988142466905,0.7123560410221312,-0.31608619076329963,0.24822392480722316,0.7592411544617408,accrual_down,False
Ripk2,-0.3064951570687068,0.08797910217570265,0.5889781330017253,0.00039055071833143647,-0.25172626994334013,0.2479839651421239,0.0009669224295074714,accrual_down,False
Myh8,-0.3065787736880751,0.08788806786845815,-0.36221006875568545,0.04162871304454725,-0.2937366621234703,0.24796296139214882,0.06352021096028583,accrual_down,False
Crybb3,-0.3067105235995785,0.08774477660581849,-0.061134962121961706,0.7395997307662239,-0.17526735617550318,0.24783283802119607,0.7833675719764344,accrual_down,False
Map2k3,-0.30739511871472214,0.08700308688826953,0.5813656738659887,0.00048391704175418745,-0.11863734751668767,0.24587409762718168,0.0011709965986660864,accrual_down,False
Hist1h4h,-0.3074402304493954,0.08695438202251,0.334942834885759,0.060947537987850214,-0.3401161350903341,0.24587267333526802,0.08964443507828802,accrual_down,False
Iqgap3,-0.3078699851819805,0.08649144386182621,0.7571818008005279,5.277483745059977e-07,-0.21593341580586922,0.2449100012636889,3.652706185013696e-06,accrual_down,False
Cldn2,-0.3080714253006324,0.08627510068880681,-0.06005734968632951,0.7440355888357535,-0.2804613781945492,0.24462995476020208,0.7864329752696184,accrual_down,False
Atf4,-0.30864825119248046,0.08565789343685584,0.38976621990460525,0.027442287459477115,-0.12351055300958277,0.2435568084846163,0.043649238643839336,accrual_down,False
Fus,-0.3088386505424813,0.08545490997299703,0.41223394744565933,0.0190522884104106,-0.1737549820570185,0.2432508346943403,0.03140087986478335,accrual_down,False
Abcc1,-0.3096005392427258,0.08464635523023738,0.6389805375104386,8.277864561967285e-05,-0.16720136087691817,0.24175871110271047,0.0002462121698576975,accrual_down,False
Wdr36,-0.3102063578588419,0.0840076312645193,0.26773146549826987,0.13848404489333813,-0.299113992322527,0.24033815315777504,0.18515355709002257,accrual_down,False
Slc18a3,-0.3105822538577149,0.08361318323922515,-0.15865371687662225,0.3857854192879724,-0.30919648644575826,0.23934391004673822,0.4529094185933135,accrual_down,False
Acsl1,-0.3113262709301522,0.0828366430108503,0.3307558738812429,0.0644540327474745,-0.10536206358776652,0.23805617802723794,0.0941716128709089,accrual_down,False
Il21r,-0.3114190245760585,0.08274022488304507,0.6922372700346829,1.1374589040865475e-05,-0.1478765804740583,0.23801754667228509,4.3658223248649196e-05,accrual_down,True
Etv5,-0.31148907191101033,0.0826674673507183,-0.0637027389785895,0.7290631089412567,-0.27945312878222606,0.23797220708578667,0.7738141736806805,accrual_down,False
Pcp2,-0.3117732267968544,0.08237282274635042,-0.2899104763585508,0.10750373002718763,-0.307179987621112,0.23725791577026173,0.1484506028339697,accrual_down,False
Ciita,-0.3122048901613415,0.08192677080772823,0.6626464548286471,3.595856407594107e-05,-0.21190041815657673,0.23638489477813276,0.00011720423984113445,accrual_down,True
Camta2,-0.3127610794850814,0.08135478525548988,-0.06821267552162616,0.710675099945337,-0.32448826919932566,0.23525553264640242,0.7582417244972106,accrual_down,False
Gfi1b,-0.312828348603039,0.08128581460433812,0.2650776895655849,0.1425875734298267,-0.20249009030822754,0.23518941593688528,0.18955934638142977,accrual_down,False
Nptx2,-0.3132141847051629,0.08089108836553259,-0.12502552388388458,0.4953683976987715,-0.36498628726097115,0.23431314125643485,0.5600341747919844,accrual_down,True
Apcs,-0.3133135687193998,0.08078965396751842,-0.3407233424998713,0.05635487229215598,-0.3508707954884474,0.23415228686835876,0.08363869757413082,accrual_down,False
Aebp2,-0.31472981360299246,0.07935481383008192,0.1780844900421618,0.329489841894103,-0.2828139601566365,0.23104389574614603,0.3963980385617499,accrual_down,False
Shmt1,-0.31649811693503566,0.07759098312717418,0.7629624783461518,3.836026748460812e-07,-0.2288726165973493,0.22720528411694343,2.8759805235828025e-06,accrual_down,False
Derl2,-0.31660251408352413,0.07748780514993793,0.6335566895017458,9.924141065674611e-05,-0.18383747618024973,0.2270334830958262,0.0002887399030286567,accrual_down,False
Gdf5,-0.3166233693304575,0.07746720616828684,0.3424696154528757,0.055022592663972913,-0.17392302362573903,0.2270334830958262,0.08187580081065514,accrual_down,False
Setd1a,-0.31670861025067343,0.07738305666958967,0.29159648293986884,0.1053818981828892,-0.2295447828722314,0.22698733299113105,0.14575733802356775,accrual_down,False
Tlr6,-0.31706490789618097,0.07703208569005286,0.8387153660443133,2.0521220728684523e-09,-0.032432022763060515,0.22621800178754153,8.052211302847673e-08,accrual_down,False
Bcr,-0.317119585915052,0.07697833422281532,-0.46631602433480346,0.0071420637694654945,-0.2515582283746196,0.22619037031715492,0.01306731251364544,accrual_down,False
Arhgef1,-0.3173617967909845,0.07674057646577925,0.8090449186552993,2.092140842563768e-08,-0.06839291846925197,0.22582848123174049,3.3559781251313777e-07,accrual_down,False
Mad2l1,-0.3173948313368757,0.07670819333335235,0.48952541820991374,0.004460826611337586,-0.31054081899552244,0.22582848123174049,0.00859640217016737,accrual_down,False
Cbl,-0.3175172842707998,0.07658824726356633,0.7956605693183888,5.249537749032e-08,-0.11040331064938215,0.22569419369812357,6.35255941205817e-07,accrual_down,False
Furin,-0.3175352371726531,0.07657067409612207,0.7450688379775335,1.0018291712375656e-06,-0.17560343931294423,0.22569419369812357,6.142224281830315e-06,accrual_down,False
Hao1,-0.31773888862221317,0.07637154852319723,0.4261498663996553,0.015016136489437537,-0.0028567066682488535,0.22532132046117992,0.025481474461949725,accrual_down,False
Cdk6,-0.3178321025804009,0.07628053988814389,0.7649187055947452,3.436505109672901e-07,-0.20467463070159433,0.22530806830887204,2.6591900560937905e-06,accrual_down,False
Fermt3,-0.31801297421547564,0.07610418686219478,0.8684480065227074,1.1895183676724816e-10,-0.014283533341244267,0.22491741435924423,2.4270932773989313e-08,accrual_down,False
Plod3,-0.31823730116166465,0.07588590268603665,0.7924975065958754,6.46062329068712e-08,-0.09175069652140436,0.2244023128124481,7.405761664223595e-07,accrual_down,False
Cdk2,-0.3185129126858067,0.07561837926568168,0.8504803359225916,7.157877861711088e-10,-0.07830737102376269,0.2241194014984917,4.731193748300496e-08,accrual_down,False
Mal,-0.3186612106677031,0.0754747357257213,-0.7865515835103618,9.454577718250862e-08,-0.30919648644575826,0.22407682836920398,9.737145212830654e-07,accrual_down,True
Psmd3,-0.31954943034930605,0.07461881158859963,-0.10369749906620174,0.5722170084046249,-0.3461656315642728,0.22168349325186182,0.6320656041299245,accrual_down,False
H2-DMa,-0.32078847592471826,0.0734374078066328,0.7898127667070214,7.684104532605993e-08,-0.10048885809487143,0.21881717626206681,8.393279918805819e-07,accrual_down,False
Nras,-0.3218023292830088,0.07248156044098401,0.40291448927060186,0.022228920712228446,-0.20265813187694806,0.2167224148941732,0.03605396647156671,accrual_down,False
Sgms2,-0.32226794052359925,0.07204583940519307,0.5843751302376116,0.00044487923357699907,-0.05394134355928717,0.21605280823391526,0.0010868433766648815,accrual_down,False
Lrrc15,-0.3225453893282739,0.07178717101947991,0.4195203723990359,0.016839409096342996,-0.3128934009576097,0.21553052346696117,0.028163221573916597,accrual_down,False
Ptpn22,-0.32272438157851807,0.0716206781291889,0.6656605322667482,3.216649350801542e-05,-0.19173542991011422,0.21528407727577642,0.00010654628791193939,accrual_down,False
Itga2b,-0.3228871952283107,0.07146949490093679,0.5444863373766388,0.001273907311688462,-0.14535595694325049,0.21495630512363123,0.002783584944242322,accrual_down,False
Slc39a5,-0.32304943062601515,0.07131909553213131,-0.1277045341742895,0.48610046566125853,-0.30499544722774524,0.21472994768692805,0.5512668909155357,accrual_down,False
Epha2,-0.32355807680793136,0.07084915306781035,0.48673627973832123,0.004728490812197273,-0.25895205739832255,0.21359428475112327,0.0090549921904313,accrual_down,False
Fgf3,-0.3239510593537395,0.07048772564138527,-0.32924633081760707,0.06575628708539537,-0.2861747915310469,0.21269786387716702,0.09582703139031432,accrual_down,False
Rab32,-0.324237574293192,0.07022512252266952,0.8220145564792389,7.991464236923946e-09,-0.03898564394316083,0.2123404564245034,1.8529299578431384e-07,accrual_down,False
Sf3b6,-0.32466862472662805,0.06983148200304672,-0.12076645026271261,0.5102846789151216,-0.34515738215194974,0.2115263596778749,0.5747322029467952,accrual_down,False
Grk2,-0.32467915365568184,0.06982188840136529,0.6207932831754815,0.00015007525017547184,-0.16669723617075663,0.2115263596778749,0.0004176398533251947,accrual_down,False
Ankrd11,-0.3257423642613751,0.06885840041600617,-0.006236975667211517,0.9729742687741458,-0.3806141531519796,0.20948886087475338,0.980083282981224,accrual_down,False
Cd59a,-0.32655484242801086,0.06812913894026607,-0.4190161565950296,0.016985310719810836,-0.3175985648817843,0.20809984295466896,0.028370029463574024,accrual_down,False
Leo1,-0.3272269393988948,0.06753044585305017,0.1746633502494717,0.33901580148051924,-0.3528872943130936,0.20681579842467362,0.4056578942885594,accrual_down,False
Tor1a,-0.327927567240838,0.06691071801359814,0.7036036416751533,7.0488332376497034e-06,-0.17341889891957746,0.2052384681824198,2.9185144760755794e-05,accrual_down,False
Srf,-0.32809404597132236,0.06676411746357995,0.49799568782930026,0.0037262251258901847,-0.323311978218282,0.20491201154134855,0.007276980998149246,accrual_down,False
Piwil2,-0.32823268121948107,0.06664222736287287,0.24832716103595615,0.17054968637149243,-0.1803086032371188,0.20490093627121,0.22198875993390735,accrual_down,False
Egln3,-0.32835378504542057,0.06653589347579424,0.4370139168525824,0.012385776767087846,-0.1075466039811333,0.20482775656006422,0.02151902155616999,accrual_down,False
Il23a,-0.329750682379985,0.065318923755178,0.021718948936601264,0.9060783476594108,-0.30348307310926054,0.20193444246979578,0.9240115256718621,accrual_down,False
Ets1,-0.3305974635430304,0.06458973431889181,0.5914735098113602,0.0003636274190797223,-0.27525208956421304,0.1999224725489485,0.00090658038354138,accrual_down,False
Psmd6,-0.33085801725044894,0.06436665050221493,-0.015393348316552143,0.9333599562538673,-0.2715551750523616,0.1993529351619905,0.9466052232220389,accrual_down,False
Eif4e,-0.33139106571026816,0.06391213927415676,-0.6374448486714076,8.717153276609668e-05,-0.3231439366495615,0.19806550573358056,0.000257178709450468,accrual_down,False
Scnn1g,-0.33167874589820706,0.06366789164502985,-0.39923379639679163,0.02359829744334212,-0.47723805516627904,0.19766884679324243,0.03808475547232682,accrual_down,False
Stk11,-0.3319672639102443,0.06342366799766111,0.8753867013507077,5.537816127961011e-11,0.018652614127977807,0.19703053011940885,1.7563388887121595e-08,accrual_down,False
Ndrg4,-0.3329039199287887,0.06263586965508677,-0.45467501558212753,0.008938158077246601,-0.27441188172061043,0.19565558549332374,0.01604276718931559,accrual_down,False
Slc17a7,-0.3330843228491901,0.06248502275749974,-0.44352060235840735,0.011004391071685691,-0.6187290560289576,0.19530398350858222,0.019303094517423906,accrual_down,False
Cd209d,-0.3334765595245201,0.06215803123857009,0.47274749669535304,0.006288766209347763,-0.28382220956895965,0.19452031739137793,0.01168208173120282,accrual_down,False
Rai14,-0.33387038882766173,0.06183106486777404,0.8233560001745597,7.202611056364646e-09,-0.06335167140763634,0.19373480460105366,1.7330433489866069e-07,accrual_down,False
Rph3al,-0.3342636420291705,0.06150592582164331,-0.17093984395843645,0.34957211272277766,-0.3564161672562246,0.19283449761290875,0.41701762090713024,accrual_down,False
Htr1f,-0.33429875939219306,0.06147695647020504,-0.23697984534854008,0.19157992372918278,-0.4313627069055769,0.19283449761290875,0.24597261287252994,accrual_down,False
Bnip3,-0.3348543181698706,0.061020084009656674,-0.5502208816700074,0.0011038862391782992,-0.37607703079652555,0.1916646850574253,0.00245356152768998,accrual_down,False
Gnrh1,-0.3368080559132675,0.05943455449353536,0.5676848146775505,0.0007021865200627852,-0.0517568031659204,0.18795763327434833,0.0016303383881840089,accrual_down,False
Fgb,-0.3368396179743108,0.05940920957880519,0.4365901719830283,0.012480574808412156,-0.31138102683912505,0.18795763327434833,0.021646858924757022,accrual_down,False
Bcl2a1a,-0.33705981802139434,0.059232621556535726,0.8131155293840957,1.55910740550351e-08,-0.11443630829867465,0.18759703303152217,2.793558630101405e-07,accrual_down,False
Qsox1,-0.33723324906101865,0.05909383078516553,0.597891430289182,0.0003017862117098503,-0.27105105034620003,0.18757786610773453,0.0007700907783551508,accrual_down,False
Magoh,-0.3373223506335737,0.05902262557501873,0.06041445206410239,0.7425647201429375,-0.22299116169213107,0.18757786610773453,0.7856066083883696,accrual_down,False
Pakap,-0.33757152955377157,0.05882385377189421,0.2129827209001823,0.24185386559034025,-0.2918882048675446,0.1871868235124344,0.30104845494785887,accrual_down,False
Rel,-0.3378460079511578,0.05860551110391048,0.6979085825324077,8.983028711955626e-06,-0.20769937893856372,0.18663705171826653,3.5939160360537765e-05,accrual_down,False
Lpp,-0.33788900347717166,0.05857136685161628,0.7902428807035824,7.474800417419241e-08,-0.16804156872052078,0.18663705171826653,8.253020980358343e-07,accrual_down,False
Sept7,-0.33796944950560237,0.05850752394359872,-0.6500996173300355,5.6444901763271657e-05,-0.34482129901450864,0.18663705171826653,0.00017471204119808782,accrual_down,False
Cd244a,-0.3380710035947649,0.05842700774797769,0.7164470146037406,3.994538599240924e-06,-0.177787979706311,0.18663705171826653,1.854062001340123e-05,accrual_down,False
Hat1,-0.33843367362662957,0.05814018073386853,0.19898444118426112,0.27491859297002075,-0.3342346801851159,0.18597752426588754,0.3384072738272384,accrual_down,False
Stat5a,-0.33883266875294926,0.057825908563961984,0.7140334361575126,4.45474479915413e-06,-0.21290866756889984,0.18516632742295674,2.0234775797404467e-05,accrual_down,False
Rtf1,-0.3388572706568246,0.05780657458133241,-0.3401058970467833,0.056831988134094236,-0.2813015860381518,0.18516632742295674,0.08424875660331725,accrual_down,False
Ch25h,-0.3389558977400704,0.0577291173503959,0.6056273148710605,0.00023977850921576125,-0.18803851539826277,0.18508876656465714,0.0006304691626338135,accrual_down,False
Spry1,-0.3390562352243872,0.05765040086142362,0.4479834725435572,0.010133956879062609,-0.16081578126553842,0.18495263823529676,0.01798653933197577,accrual_down,False
Cd5,-0.3392783038036313,0.05747648523036383,0.6806250009154126,1.8149110798276568e-05,-0.12821571693375736,0.18451073074895272,6.509012623764462e-05,accrual_down,False
Ren1,-0.3394632179623503,0.057331983541128666,-0.2540024537714896,0.16067111114940613,-0.23206540640303921,0.18443916749415906,0.21056490333720895,accrual_down,False
Tardbp,-0.3398349075168398,0.05704239285671862,0.5555608711654846,0.0009637977080608944,-0.24702110601916555,0.18392128723828027,0.0021696081680576446,accrual_down,False
Rad54l,-0.33989406040519093,0.05699641234106389,0.7411802754295358,1.2215730609407595e-06,-0.18417355931769078,0.18392128723828027,7.0515336254428615e-06,accrual_down,False
Pik3cd,-0.34108360056165626,0.056077956530400264,0.8168472512257575,1.1832037892713646e-08,-0.047891847085348424,0.18185229260112634,2.3358157185597014e-07,accrual_down,False
Agrp,-0.3417165174386339,0.0555940632488485,-0.03938782385254551,0.8305242246079906,-0.3564161672562246,0.18062759021170458,0.8604789905919729,accrual_down,False
Syt2,-0.3419967075835009,0.055380902094493166,-0.4178894103810844,0.017315155778463508,-0.26500155387226126,0.18016452907143474,0.02882656972126056,accrual_down,False
Fcgr2b,-0.3421912458236983,0.05523328307035343,0.8563211726386791,4.102047560827128e-10,-0.006553621180100311,0.17979896422582822,4.1849089215558356e-08,accrual_down,True
Diras1,-0.3427483982477183,0.05481222712519911,-0.620518701549148,0.00015138651860284984,-0.31406969193865336,0.17901760275195724,0.00042060056176096785,accrual_down,False
Mc3r,-0.34279800330463994,0.05477486262314554,-0.0251714179043454,0.8912305156697642,-0.26164072249785086,0.17901760275195724,0.9120415967313413,accrual_down,False
Clcnka,-0.3432111715282203,0.05446443021204892,-0.13397659234383927,0.46475563016878507,-0.35927287392447343,0.1784348481128205,0.5309559842085044,accrual_down,False
Hcrtr1,-0.34331487739196687,0.054386730220916835,-0.027816698374224808,0.8798782870257683,-0.36145741431784023,0.17829480132191308,0.9021626416318481,accrual_down,False
Ptprc,-0.34360651234305584,0.05416869749960314,0.7449501493786211,1.0079639233665696e-06,-0.24097160954522678,0.17780857525448882,6.165016754308e-06,accrual_down,False
Mybl2,-0.3456495300180843,0.05266063015274806,0.514352544797668,0.0025982059085173873,-0.2236633279670132,0.17330443510268892,0.005267666271600633,accrual_down,False
B9d2,-0.3459849874651126,0.05241622390764175,0.5516931719639275,0.001063584911521445,-0.13359304713281403,0.17261146426912885,0.002370182015583613,accrual_down,False
Gata3,-0.34627274480817655,0.05220728851766,0.6869995722610355,1.4079823183665791e-05,-0.1722426079385338,0.17224234668987431,5.2347797419737025e-05,accrual_down,False
Gimap4,-0.3475168494527931,0.051311558988324096,0.7005859806191587,8.0207721474183e-06,-0.18047664480583933,0.1696307598181732,3.252301965340282e-05,accrual_down,False
Smc1a,-0.3475993392059765,0.05125260230060726,-0.06384138550019867,0.7284955464523312,-0.47656588889139695,0.16962846198973486,0.7735336766139345,accrual_down,False
Rest,-0.3480024657649256,0.050965255080931034,0.6304953315216844,0.00010977421321543577,-0.2266880762039825,0.16901658288811128,0.00031546944316165513,accrual_down,False
Ackr3,-0.34843799999652225,0.05065624771872333,-0.09319654795595662,0.6119228096170488,-0.2045065891328738,0.16822755183151542,0.668397912603119,accrual_down,False
Zup1,-0.3484969365509657,0.050614547427246206,0.4212541590579593,0.016345653525054356,-0.218454039336677,0.16822755183151542,0.027418342200362468,accrual_down,False
Phc2,-0.3485457708146033,0.05058001563904115,0.31129700142440697,0.08286708681150591,-0.33742746999080575,0.16822755183151542,0.11777793530941533,accrual_down,False
Cr1l,-0.3502140467323345,0.049411543786223394,0.8310184628712843,3.910534842547672e-09,-0.07881149572992426,0.16489446978525318,1.1822122246706705e-07,accrual_down,False
Cd200,-0.3510433814830081,0.04883872139757723,0.04224937208249845,0.8184087498116944,-0.3135655672324918,0.16336151990101078,0.8500718861310229,accrual_down,False
Sct,-0.35111737049740155,0.04878787516228316,-0.04876644505317233,0.7909734561023076,-0.3102047358580814,0.16329852441129028,0.8262862174027997,accrual_down,False
Ldha,-0.35119526089478104,0.04873439340755459,0.59876332500938,0.0002941498592466801,-0.26298505504761505,0.16329852441129028,0.0007547577625841626,accrual_down,False
Pde12,-0.3512959233656221,0.0486653448825611,0.3514001047334339,0.04859396468482442,-0.17997252009967776,0.16320968063507177,0.07320667863475765,accrual_down,False
Prm1,-0.3518067293718714,0.048316162177096014,0.14339774967990737,0.4336471472515243,-0.32583260174908985,0.1622519705499452,0.5001207547207835,accrual_down,False
Scn4b,-0.3527531201978221,0.047674495379793035,-0.4043867781610415,0.021699845231961563,-0.28348612643151855,0.16020263566029266,0.035308105431654205,accrual_down,False
Adamts6,-0.35340685112116477,0.04723523832839662,-0.34539285792124763,0.052848244832343544,-0.4244730025880355,0.15893598332002054,0.0790090553604292,accrual_down,False
Klra8,-0.3534668841633955,0.047195063155942116,0.28280761936283,0.1167963826550817,-0.3142377335073739,0.15890562188677276,0.159683288106023,accrual_down,False
Kif24,-0.35362193903967837,0.04709142383380665,0.4968715591544645,0.0038172748900815513,-0.18131685264944195,0.15887126519593103,0.00743770787406646,accrual_down,False
Tubb2b,-0.35363302547455966,0.047084020577362065,0.19911625899834823,0.2745942135826622,-0.36565845353585325,0.15887126519593103,0.33817119350197006,accrual_down,False
Raf1,-0.3538636954364448,0.04693019527159489,0.6890263657778674,1.2970769344286153e-05,-0.1083868118247359,0.1587472984618074,4.886550548390226e-05,accrual_down,False
Phb,-0.3544502516649422,0.04654084881662781,-0.19344461677368952,0.28877555564718044,-0.375572906090364,0.15788662252104874,0.35307864557916285,accrual_down,False
Sass6,-0.3548909983032944,0.04624998906704184,-0.4189226544839305,0.017012482127338885,-0.2515582283746196,0.15723428064553877,0.028406111728823454,accrual_down,False
Ptbp1,-0.35502921654043623,0.04615907506301283,0.833276210777088,3.247583512044267e-09,-0.0872135741659503,0.15723268537970533,1.0551543627348921e-07,accrual_down,False
Tnfrsf1a,-0.355766012254113,0.045676848697174734,0.763948645741091,3.629604615208258e-07,-0.13560954595746028,0.15593229458461452,2.759256802112865e-06,accrual_down,False
Naa15,-0.35625386252802543,0.045359776832682226,0.33115297740480665,0.06411483684888022,-0.3123892762514482,0.15528873934463894,0.09379116225011128,accrual_down,False
Tnfsf13b,-0.3562564592366691,0.04535809385731733,0.7216211240130442,3.150028205282463e-06,-0.1915673883413937,0.15528873934463894,1.5187423322444089e-05,accrual_down,False
Vsx2,-0.35790630424748704,0.04429884905830121,-0.3699968348604468,0.0371270364131582,-0.3480140888201986,0.1525782775465189,0.057285242814131866,accrual_down,False
Cd28,-0.3579183691945124,0.044291176636125806,0.62261028274144,0.00014165057745482024,-0.24197985895754992,0.1525782775465189,0.00039713280892350134,accrual_down,False
Prep,-0.35802761582682685,0.04422175220365982,0.5798465777464721,0.0005047489693474121,-0.19929730050253766,0.1525782775465189,0.0012128214957519217,accrual_down,False
Ifi27,-0.358160088728886,0.04413768477312757,0.5241803674937415,0.0020740594524531974,-0.28483045898128273,0.1525322100878043,0.004321804439119183,accrual_down,False
Actn1,-0.35832505653372104,0.044033175007762604,0.7592624230741769,4.7097873090021915e-07,-0.2280324087537467,0.1525322100878043,3.388522575912578e-06,accrual_down,False
Arrb1,-0.3583477763068518,0.04401879720439236,-0.06510614133607456,0.7233247044185752,-0.3854873586448747,0.1525322100878043,0.7691639185405779,accrual_down,False
Ly75,-0.3583522912180159,0.04401594047121954,0.6867040300474953,1.424850935566357e-05,-0.2095478361944894,0.1525322100878043,5.275251856436674e-05,accrual_down,False
Cct3,-0.3588323124053306,0.0437130612578336,0.1849148053952746,0.31096925529965525,-0.41035751081551175,0.15199749521213987,0.37678246348777705,accrual_down,False
Stk4,-0.3588878635366538,0.04367811819762285,0.756921093046495,5.352857829319426e-07,-0.19375192873476046,0.15197959135475728,3.6749566335610214e-06,accrual_down,False
Brd4,-0.3589283946827422,0.04365263720994985,0.2834603649051193,0.11591823727796388,-0.26533763700970237,0.15197959135475728,0.1586692789312704,accrual_down,False
Igfbp1,-0.35923919662374215,0.04345763886282264,0.3962774510410054,0.02474781039941586,-0.28079746133199024,0.15172992186123085,0.039810337700227155,accrual_down,False
Atp5f1,-0.3592931092247606,0.04342388504559666,-0.6603375341467485,3.913049958715606e-05,-0.3565842088249451,0.15172992186123085,0.0001260130545417191,accrual_down,False
Ikbkb,-0.3594442953263077,0.04332934190910897,0.8475020094208148,9.422722821278583e-10,-0.08939811455931707,0.1516892690150985,5.340589901260228e-08,accrual_down,False
Myb,-0.3602806268590964,0.04280932458532106,0.3910399674236974,0.026897110027544895,-0.24399635778219617,0.1507041854449432,0.0429159081171431,accrual_down,False
Il15ra,-0.3604944135024849,0.04267720206912665,0.6074079599807546,0.00022722265472362,-0.15493432636032017,0.15044672270533177,0.000601485605472333,accrual_down,False
Rab8b,-0.3605211405369335,0.042660707493160685,0.6611602076983593,3.797258860566634e-05,-0.23492211307128807,0.15044672270533177,0.0001227968252839592,accrual_down,False
Slc4a9,-0.3607391662747147,0.04252634394352935,-0.2912990311403154,0.10575393076837267,-0.254582976611589,0.1502263715068859,0.14623225829478692,accrual_down,False
Nefl,-0.36209606569525526,0.041697735776927966,-0.6489626522192318,5.873993602798249e-05,-0.32919343312350025,0.14801680598337477,0.00018093744787363447,accrual_down,False
Tbk1,-0.3622091489972382,0.041629269541488385,0.5934713107075128,0.0003432719926682176,-0.14333945811860424,0.14797263911934974,0.0008621518634173205,accrual_down,False
Mapk11,-0.3629269652638158,0.04119677086183553,0.06137063916670762,0.7386306844218502,-0.35238316960693206,0.1468269680403671,0.7826662071532734,accrual_down,False
Pgf,-0.3640033836477528,0.040554981651356806,-0.09754404714507442,0.5953437597581435,-0.3322181813604696,0.14476624310956687,0.6537887015126566,accrual_down,False
Actr2,-0.3640411921320644,0.04053258626365031,0.803811068812335,3.022960494143937e-08,-0.14014666831291434,0.14476624310956687,4.260622393434674e-07,accrual_down,False
Pdzk1,-0.3645526666093419,0.04023059692430698,0.404729553652941,0.02157817080503832,-0.25811184955471994,0.14405414953542486,0.035154982202651064,accrual_down,False
Nfkb1,-0.36495403164847223,0.039994889208739115,0.7287921966184305,2.2466751447777385e-06,-0.2087076283508868,0.14336888956695587,1.1506315174208077e-05,accrual_down,False
Cd44,-0.36498286695082116,0.03997799812269831,0.8046400230961758,2.8538717700634473e-08,-0.12737550909015477,0.14336888956695587,4.0892134548015857e-07,accrual_down,False
Lck,-0.36512719738259053,0.039893538793557025,0.6694875793587037,2.787179198716768e-05,-0.23139324012815712,0.14330770520136224,9.403043050697244e-05,accrual_down,False
Myrf,-0.3652689894483222,0.039810704773258314,-0.5443257938816778,0.0012789798715836201,-0.2886954150618547,0.14327549004997198,0.00279164583865984,accrual_down,False
Rad51,-0.36557741575449515,0.03963100217493833,0.5460455359855587,0.001225551211142438,-0.30281090683437845,0.14276676701579127,0.002692306945752617,accrual_down,False
Lacc1,-0.3659076876402078,0.03943929610255653,0.7493023540798435,8.040365275127389e-07,-0.13157654830816778,0.14227712122994404,5.139586875742457e-06,accrual_down,False
Lin28a,-0.36668988522387924,0.03898824796719661,0.17023064755760817,0.3516049187421604,-0.2391231522893011,0.14134971775456284,0.418659358194155,accrual_down,False
Asb9,-0.3668329791484264,0.03890618551439938,-0.1369880417240033,0.4546859660294331,-0.40296368179180886,0.1411525265355272,0.5208518106256766,accrual_down,False
Tiparp,-0.36687023521327333,0.03888484251300746,0.5340265791063753,0.0016436859847347306,-0.17257869107597487,0.1411525265355272,0.003521876429410616,accrual_down,False
Cnot9,-0.36697746832641326,0.0388234641933187,0.4279372223367888,0.014553833631875403,-0.27609229740781566,0.1410530561610532,0.024795846493490956,accrual_down,False
Slc9a3r1,-0.367296161364606,0.03864151072032722,0.542799909409452,0.0013280813641170913,-0.2391231522893011,0.14049205002451115,0.002885239794872778,accrual_down,False
Ung,-0.3682859636246465,0.03808077536765865,0.7241299876582062,2.802055573355704e-06,-0.3281851837111771,0.13855209354524023,1.3836675198148546e-05,accrual_down,False
H2afz,-0.3685847514034804,0.03791280426847428,0.5711833618480766,0.0006394047684189033,-0.33120993194814646,0.13803941083046917,0.0014975223708470274,accrual_down,False
Phyhd1,-0.36872557087834634,0.0378338465792672,0.27306235539276746,0.13050292967088087,-0.2613046393604098,0.13797571783633894,0.17587726400294934,accrual_down,False
Ppp2r5c,-0.3691705157763263,0.03758523692438697,-0.12411507808845228,0.49853830442648006,-0.3826306519766258,0.13733688649806444,0.5633681636861929,accrual_down,False
Il10ra,-0.36942393633236054,0.03744423054336311,0.7620343025754971,4.04005160716293e-07,-0.22836849189118774,0.13691972759978152,2.9910454641709876e-06,accrual_down,True
Acss2,-0.3696525976860181,0.037317367318874715,-0.7273259817539406,2.4094582851209e-06,-0.327513017436295,0.13665175211312272,1.2156920585956194e-05,accrual_down,True
Foxp4,-0.3696793618596886,0.037302541048902786,0.7058803939014339,6.387575103260617e-06,-0.08217232710433467,0.13665175211312272,2.6883680364465687e-05,accrual_down,False
Defa5,-0.3698225180100714,0.03722331907135299,0.07569733074784357,0.6805125802817518,-0.41875958925153783,0.13660154718199397,0.7306110513355148,accrual_down,False
Tnc,-0.37036482244521113,0.03692444159525593,0.7080822928813126,5.802058825132981e-06,-0.19660863540300932,0.13560228695277213,2.474607196237737e-05,accrual_down,False
Psmc2,-0.37050513229154836,0.036847429881684386,-0.05678493376770868,0.7575550269015522,-0.36901928491026365,0.1355145925208883,0.7987367077769363,accrual_down,False
Serpina3n,-0.37067179989529536,0.03675611989954764,0.7532978347372539,6.507285141817149e-07,-0.17896427068735463,0.1353739838321968,4.310865130962244e-06,accrual_down,False
Ezr,-0.37073196279238396,0.03672320419338148,0.7881767306120632,8.530275585170577e-08,-0.16249619695274362,0.13535048019540385,9.12220875470757e-07,accrual_down,False
Crtc2,-0.3708385236827444,0.036664962153369986,0.7601935715781952,4.4742720812408695e-07,-0.12502292712806748,0.13523352996698504,3.2534890612279585e-06,accrual_down,False
Tigit,-0.3710770390430137,0.03653486944662534,0.6257178857139262,0.0001282158980967553,-0.226183951497821,0.13502860324170748,0.0003621424674371809,accrual_down,False
Tubb3,-0.3711471750363297,0.03649668645127854,-0.16035438455745826,0.38064721057028017,-0.42094412964490463,0.13500333400142991,0.4474951419956209,accrual_down,False
Dhfr,-0.37218226746744787,0.03593690932023353,0.387967935016981,0.02822733658512204,-0.34902233823252166,0.13322251049601108,0.044758359938050205,accrual_down,False
Rab20,-0.372245351016941,0.035903019600158924,0.7642007414664254,3.5784916083671234e-07,-0.15392607694799704,0.13319367489484413,2.7367144968936575e-06,accrual_down,False
Spi1,-0.37225680883813267,0.03589686700902809,0.8040963018668584,2.9637683003556568e-08,-0.19022305579162954,0.13319367489484413,4.199495027809502e-07,accrual_down,False
Exosc9,-0.372492917060547,0.03577027198702592,0.22685001528545934,0.21182741570014538,-0.3522151280382116,0.13299136837158834,0.26852178118450337,accrual_down,False
Alk,-0.37250838370562706,0.03576199180083083,-0.24887533387623534,0.1695771202295567,-0.36095328961167866,0.13299136837158834,0.2209163282886973,accrual_down,False
Lyn,-0.3743014884018236,0.03481249830731326,0.8072146101853092,2.382517644559544e-08,-0.2028261734456686,0.13050147802599088,3.64217224207557e-07,accrual_down,False
Samd11,-0.3747029385617203,0.03460274381501791,0.1604523811150306,0.3803523556468228,-0.3782615711898923,0.13001637890110998,0.4472515827926332,accrual_down,False
Apaf1,-0.374740754288372,0.03458303829299837,0.8089553438163631,2.105558360424432e-08,-0.15812711616601005,0.13001637890110998,3.366913227750792e-07,accrual_down,False
Cenpu,-0.3749646747132704,0.03446654111748042,0.6571935208096205,4.385400836131814e-05,-0.26970671779643585,0.1298477298672582,0.00013981206040692738,accrual_down,False
Mmp13,-0.375087590203428,0.034402728254735865,0.12342944303494202,0.5009322230536586,-0.21442104168738454,0.1298477298672582,0.5658226903889975,accrual_down,False
Tirap,-0.3756411113591937,0.03411654746923916,0.6439395004122707,6.991431267855457e-05,-0.1940880118722015,0.12929309705838704,0.0002119030950524699,accrual_down,False
Cd200r1,-0.3757471650923498,0.03406193668518948,0.8284515271879992,4.814376251705404e-09,-0.08603728318490665,0.12918211080383013,1.3419744950791948e-07,accrual_down,False
Kras,-0.3768134318287452,0.0335168076927141,-0.44772034417355056,0.010183612247928128,-0.3491903798012422,0.12749383746497733,0.018055824149002912,accrual_down,False
Prf1,-0.37721926028665537,0.033311197083919726,0.6378598866075825,8.59641845625445e-05,-0.25004585425613496,0.12690172105832753,0.00025494378224042997,accrual_down,False
Ddx6,-0.37790670776488977,0.032965242603489764,0.25666920683648853,0.15617379382317947,-0.4343874551425463,0.12586504679670754,0.2055851670431067,accrual_down,False
Diaph1,-0.3790444738253679,0.032399082124172224,0.8021338184540782,3.3935475855527915e-08,-0.1221662204598186,0.12435494199804552,4.6038527217831887e-07,accrual_down,False
Pycard,-0.37924804352874436,0.03229862279857331,0.8569818809985854,3.8457884156088545e-10,-0.11678889026076195,0.12415619811267706,4.1739078102171846e-08,accrual_down,False
Il1rap,-0.37973007640910733,0.0320617543511628,-0.5591198115734339,0.0008793376457210267,-0.299113992322527,0.12343170486436333,0.0019976263804766356,accrual_down,False
Tbx21,-0.38016138784534625,0.03185100924096217,0.7232262255513457,2.9231602175903225e-06,-0.1956003859906862,0.12299167156559278,1.4310019452906175e-05,accrual_down,False
Arid3a,-0.3801862540001313,0.03183889370360412,0.8124763061662883,1.6335573291766922e-08,-0.1228383867347007,0.12299167156559278,2.863496885268147e-07,accrual_down,False
Nefh,-0.3804269318636442,0.03172182181225784,-0.6276643158453447,0.00012039243349232478,-0.3591048323557529,0.1227716335844668,0.0003421291382976873,accrual_down,False
Ptafr,-0.381234038387345,0.031331777938958034,0.829508676180695,4.42109904997586e-09,-0.15493432636032017,0.12153870666663492,1.2813651280640264e-07,accrual_down,False
Azi2,-0.3814470159531529,0.031229507508998236,0.06936813851428707,0.7059891513546294,-0.3740605319718793,0.12151236479606321,0.7538728618505264,accrual_down,False
Batf3,-0.3818275590312625,0.031047449786694544,0.7518013965304028,7.047100954772937e-07,-0.17089827538876964,0.12108030685162757,4.585482204772275e-06,accrual_down,False
Adamts5,-0.3819897726641413,0.030970107399752495,0.517905770960335,0.002396788119174867,-0.22299116169213107,0.12096364306748657,0.004925872762252617,accrual_down,False
Ddx21,-0.3829797744155916,0.030501474693273786,0.6023081783465564,0.000264839393056124,-0.2895356229054573,0.11940753830421304,0.0006878542484619595,accrual_down,False
Ascc2,-0.383869508023005,0.030085250550617504,0.7468964717872173,9.11560250307213e-07,-0.10973114437450009,0.1179591568475787,5.719395863243657e-06,accrual_down,False
Entpd1,-0.38419551538240465,0.029933905921992684,0.83755687344436,2.2660660839906097e-09,-0.14199512556884006,0.1175464619769705,8.256573638882929e-08,accrual_down,True
Notch1,-0.38456624345732066,0.02976255529606011,0.6526995041957911,5.149648731095984e-05,-0.2619768056352919,0.11705381230933123,0.00016115557164000374,accrual_down,False
Med14,-0.38507241333459696,0.0295298960869148,-0.21526645419497664,0.23672329474846213,-0.37540486452164346,0.11649806646508307,0.2956722640822491,accrual_down,False
Tsc22d4,-0.38618115095855665,0.029025451767188765,0.4854339525748992,0.00485811874238298,-0.2855026252561648,0.11495250734815986,0.009281372174118195,accrual_down,False
Foxp3,-0.38640607545403766,0.028923980936652684,0.6957091328135263,9.850390851315882e-06,-0.14922091302382245,0.1147287921911861,3.8681173004282e-05,accrual_down,False
Bdkrb2,-0.38670069128006207,0.02879150845253152,0.42035974198840015,0.016598841096370425,-0.20585092168263797,0.11458626204111212,0.027806465823509208,accrual_down,False
Flot1,-0.38682629657198536,0.028735181556037197,0.36350778191077576,0.04084946642708198,-0.19190347147883474,0.11453441884160451,0.06249943858564643,accrual_down,False
Ccl19,-0.38727742560825623,0.02853361732105589,0.6523362494934514,5.21635958040807e-05,-0.06368775454507739,0.1139780594790181,0.00016294335713203654,accrual_down,False
Pbrm1,-0.3877329979174859,0.02833124165510859,0.4867313630984319,0.004728974553089391,-0.3303697241045439,0.11356901748024473,0.0090549921904313,accrual_down,False
Cd3e,-0.3891281978832329,0.02771874764562448,0.6680929236764291,2.937304218942969e-05,-0.16518486205227195,0.11144925363945012,9.825041849723333e-05,accrual_down,False
Adam10,-0.38924832226410916,0.027666523402642224,0.6132905647578755,0.00018979494093635606,-0.2700428009338769,0.1113866897212928,0.0005122454993208213,accrual_down,False
Hapln1,-0.38931947488687413,0.027635627678509155,-0.524504298772098,0.0020584777846581514,-0.33826767783440836,0.11135018703639431,0.004294599255436086,accrual_down,False
Tnfrsf14,-0.38968478338620594,0.027477448437045995,0.7899051975563129,7.638677462785226e-08,-0.18165293578688296,0.11088802569412312,8.379547040358588e-07,accrual_down,False
Gpr39,-0.38995171111906596,0.02736233732565991,0.8079407265941273,2.263157503554868e-08,-0.09796823456406362,0.11064131402125167,3.541216694979565e-07,accrual_down,False
Fos,-0.3909270409652403,0.026945082541136624,0.5880591490078851,0.00040090197992283884,-0.19912925893381714,0.10951941517317762,0.000988878626492457,accrual_down,False
F13a1,-0.3913279982629656,0.02677506773712827,0.8364695460093922,2.4853808653113553e-09,-0.12031776320389288,0.10900209140230752,8.683512187639194e-08,accrual_down,True
Grifin,-0.39163974541100355,0.026643488087493093,0.24342831177041874,0.17941768566422187,-0.3851512755074336,0.1085530612893788,0.2321688519972592,accrual_down,False
Nlrc4,-0.3918772379086241,0.026543605142883092,0.7225390329801752,3.018406195030571e-06,-0.13006417418968308,0.10825893588548216,1.467768350891415e-05,accrual_down,False
Trim34a,-0.39287224698661033,0.026128461052659105,0.6188800291492058,0.00015942674802277594,-0.3142377335073739,0.10708116285768052,0.00043840207097799465,accrual_down,False
Grk5,-0.3930148604987353,0.026069397541464,0.5021824297167288,0.0034033869682401382,-0.19593646912812723,0.10698310286324043,0.006708144097756161,accrual_down,False
Cdkn1a,-0.39333901564060353,0.025935555562710388,0.3943576423824139,0.025518633175360954,-0.20921175305704837,0.1066053738318982,0.04093413453695479,accrual_down,False
Exoc3l2,-0.39343223971914554,0.02589716834208294,-0.04086921785810685,0.8242472112731798,-0.28382220956895965,0.10653343202658475,0.8550915242433376,accrual_down,False
Ntng2,-0.39372868313032,0.025775410338423357,-0.2769687366039456,0.12487323649110989,-0.45472048495772927,0.1062038514832775,0.1692291124710817,accrual_down,False
Smap1,-0.39438805137177047,0.02550627188517033,-0.2772550620141661,0.12446778158061599,-0.4122059680714375,0.1054395077919222,0.1687244628867186,accrual_down,False
Adamts1,-0.39453408910224197,0.02544697582374739,0.4022395395480798,0.02247500042074592,-0.14014666831291434,0.10536122051699305,0.03638368046532051,accrual_down,False
Steap1,-0.3945827747183115,0.025427233047284725,0.5678043589950893,0.0006999548406652511,-0.3224717703746794,0.10536122051699305,0.001628121131889396,accrual_down,False
Aatf,-0.3946546554370235,0.025398107279916347,0.7091101991277701,5.5457597016619424e-06,-0.24248398366371152,0.10532987417467746,2.3892669120082405e-05,accrual_down,False
Ssr2,-0.395003838984185,0.025257008923841917,0.3494406705442207,0.049950521465650655,-0.3480140888201986,0.10491531149879284,0.07498458210602825,accrual_down,False
Cd82,-0.39610095605898415,0.02481786662986028,0.6177428801053947,0.00016522788239485816,-0.2278643671850262,0.10334362259503452,0.00045167600648240704,accrual_down,False
Lox,-0.39620806897463595,0.02477533084619897,0.6941956146627786,1.0490529772367137e-05,-0.17425910676318007,0.10325078647586679,4.091146205569172e-05,accrual_down,False
Becn1,-0.39632639278923293,0.02472841273113474,0.0258047716199737,0.8885104639139197,-0.4291781665122101,0.10322392253806736,0.9097334155810727,accrual_down,False
Mta3,-0.3964426744175187,0.02468237553980281,-0.614674580448756,0.0001818310236129416,-0.3468377978391549,0.10311613237390183,0.0004933617294944761,accrual_down,False
Abcf1,-0.3965354679553033,0.02464568809083013,0.4665019414590541,0.007116080578876406,-0.3599450401993555,0.10304725815682335,0.013024444575833708,accrual_down,False
Haspin,-0.3965665826629505,0.02463339641696646,0.8274819825057671,5.2031203739387226e-09,-0.14938895459254298,0.10304725815682335,1.3816028188322434e-07,accrual_down,False
Ezh2,-0.3966618017733343,0.024595811987260578,0.34950466093257226,0.04990574890065619,-0.4696761845738556,0.1030075837003417,0.07493942453407336,accrual_down,False
Itgam,-0.3969614284979728,0.02447785211274118,0.8363418906837343,2.5123730097399163e-09,-0.0759547890616754,0.10268217403543811,8.718105253526063e-08,accrual_down,False
Fosl1,-0.3973426702488137,0.024328433917993164,0.6477789875140443,6.121787364510225e-05,-0.1745951899006211,0.102139375650768,0.0001874383994379751,accrual_down,False
Cd300lf,-0.3976650120184228,0.02420268589556513,0.8405134962039688,1.7566394077044523e-09,-0.11645280712332091,0.10169514065344129,7.344768539918371e-08,accrual_down,False
Emd,-0.39775065170947715,0.024169367203051028,0.6533266059136624,5.0362838707335004e-05,-0.11762909810436455,0.10163886405833743,0.00015828764032416257,accrual_down,False
Katna1,-0.39862858747013136,0.023829970782046996,0.3417053262505192,0.0556025906540388,-0.3895203562941672,0.10062639152253454,0.0826183556441165,accrual_down,False
Traf3ip3,-0.39872034899778486,0.02379472469010546,0.7284967495874443,2.2786483001270286e-06,-0.24231594209499097,0.10056080417914494,1.1646678335619212e-05,accrual_down,False
Grm6,-0.40013259399068607,0.02325766222399058,0.39225128799529463,0.02638691209646938,-0.45488852652644973,0.09869994592726786,0.04216780658022879,accrual_down,False
Irf5,-0.4002307839937251,0.02322069582711882,0.8522476704733112,6.063391323964592e-10,-0.10569814672520758,0.09862512024490684,4.6462202237826954e-08,accrual_down,True
Gpsm2,-0.4002982033909305,0.023195341922999782,-0.725426471273272,2.636278777880104e-06,-0.4019554323794857,0.09859953262435157,1.3106879187101764e-05,accrual_down,False
S100a10,-0.4013358956247912,0.02280797234110183,0.6942336476425208,1.0473993621133567e-05,-0.18635809971105755,0.09760357962412788,4.087822606075159e-05,accrual_down,False
Csnk1d,-0.4014551616810915,0.022763794070917987,0.3957681420321952,0.02495041392259837,-0.27962117035094664,0.097496317007349,0.04012232594538579,accrual_down,False
Ccne1,-0.40155978774699985,0.022725096808104653,-0.3418513272114917,0.05549142278191986,-0.37456465667804084,0.09741236875474103,0.0825012380094938,accrual_down,False
Cd96,-0.4019629059257573,0.02257650505088239,0.6728890714271187,2.449592674615901e-05,-0.26365722132249714,0.09693834365702951,8.488703962782412e-05,accrual_down,False
Sh2d1a,-0.4024137767916604,0.022411261257444647,0.6023281148404105,0.0002646821706710728,-0.26113659779168935,0.09639109921941412,0.0006877961042247286,accrual_down,False
Ace2,-0.4024681443806185,0.022391403142025854,-0.31480704718352687,0.07927713525616992,-0.3888481900192851,0.09638695985440834,0.1132118328504263,accrual_down,False
Elovl1,-0.40319323406312935,0.02212794380674651,0.10860363019358318,0.5540738318764142,-0.35523987627518094,0.09565647572729996,0.6158905537709227,accrual_down,False
Bcl10,-0.40330278790229185,0.02208836103375959,0.7281123830597327,2.3208635102443204e-06,-0.16837765185796183,0.0955663525302864,1.1836710373808234e-05,accrual_down,False
Crk,-0.40361158739137026,0.021977103339827875,-0.1582042872959204,0.3871499597215523,-0.3822945688391848,0.09532755453780782,0.4544067980993185,accrual_down,False
Ntf5,-0.4044474777330931,0.021678257634325553,0.4696751601846801,0.0066848538859957006,-0.3137336088012123,0.09460998180167857,0.012323613904034718,accrual_down,False
Sh3bp1,-0.40516128960066267,0.02142572043835949,0.7435063344581033,1.0853834398524037e-06,-0.14686833106173516,0.0938939862165565,6.50592353312234e-06,accrual_down,False
Rab5c,-0.4065103276285071,0.020955083461581165,0.7083910965673931,5.723955559782725e-06,-0.20904371148832784,0.0921065316424321,2.4453850343761877e-05,accrual_down,False
Racgap1,-0.4066921091113911,0.020892324042331156,0.48886067517703435,0.0045234083100236305,-0.4340513720051052,0.0919514624158164,0.008700567793902918,accrual_down,False
Lvrn,-0.40680042368194,0.020855002750565545,0.519003707615799,0.0023373572377482776,-0.16770548558307977,0.09186646721125634,0.004817316876668269,accrual_down,False
Itgb2,-0.4068182225199969,0.02084887518944287,0.8647482448003917,1.7573082045276083e-10,-0.03612893727491197,0.09186646721125634,2.9880097170984435e-08,accrual_down,False
Riox1,-0.4073672315543743,0.020660598984991264,0.7396580953947909,1.3189369658998634e-06,-0.18450964245513182,0.09132557662256538,7.468579452697971e-06,accrual_down,False
Msrb1,-0.40835974421417454,0.020323797327695285,0.8189219166703854,1.0122211770633377e-08,-0.13275283928921142,0.09038508297172942,2.1172777387048734e-07,accrual_down,False
Ece1,-0.40875469337531456,0.02019104411487958,0.27905378599598557,0.12194293128151933,-0.2700428009338769,0.09003017135489574,0.16591914976447855,accrual_down,False
Inhba,-0.40937937581665806,0.019982537059405243,0.5345378725106132,0.0016236437055820222,-0.20904371148832784,0.08933472527609654,0.003482845476103404,accrual_down,False
Def6,-0.409423634920688,0.019967832101212044,0.81766716692872,1.112686241562304e-08,-0.15695082518496642,0.08933472527609654,2.261279887732794e-07,accrual_down,False
Klrc1,-0.41001261974331954,0.019772995086018045,0.6697568532699698,2.7590028598585856e-05,-0.2550871013177506,0.08870892518362185,9.332674793195389e-05,accrual_down,False
Flt4,-0.41015385975003205,0.01972650751877345,-0.14907532861721623,0.41546674082192736,-0.4100214276780707,0.08865631264604702,0.48231585000743094,accrual_down,False
Madcam1,-0.41038349336909863,0.019651119448738052,0.4021803483896301,0.022496687611200026,-0.24214790052627047,0.08848416193875225,0.03640723461444522,accrual_down,False
Cxcl2,-0.4105221223908036,0.019605723579539703,0.44156943756507827,0.011404278208303217,-0.26718609426562806,0.08842510696660656,0.01994966500019023,accrual_down,False
Apobec3,-0.4109391753063645,0.019469677753145512,0.7750506246072245,1.9109226613313784e-07,-0.29054387231778045,0.0878892267422967,1.6634157842067168e-06,accrual_down,False
E2f1,-0.4114059245221465,0.01931834924390082,0.7640194612727724,3.6151796424476795e-07,-0.250718020531017,0.08728334764671222,2.7523927397202407e-06,accrual_down,False
Pou2f3,-0.41153734235918227,0.019275917550447375,0.5501650100816527,0.0011054416371743636,-0.14132295929395797,0.08716884346173055,0.0024557785048934027,accrual_down,False
Il11,-0.41157680516829787,0.019263191041481498,0.05804898077946908,0.7523242376189877,-0.4508555288771573,0.08716884346173055,0.7938779346492463,accrual_down,False
Cgas,-0.4120343133302756,0.019116155312586876,0.7153861682940098,4.19121584892748e-06,-0.25693555857367634,0.0867540108981367,1.9295480185360178e-05,accrual_down,False
Knstrn,-0.4122229482215827,0.019055802667609357,0.6884570520522678,1.3274032136505329e-05,-0.3308738488107055,0.08663426863411348,4.9787380829642415e-05,accrual_down,False
Anapc4,-0.412898764198735,0.01884087486770808,-0.343272576447947,0.05441841293806143,-0.44211736730369017,0.08588677631830109,0.08109504072364926,accrual_down,False
Ccl1,-0.41318429959599023,0.018750673193254866,0.6343071566440837,9.680156026819297e-05,-0.26012834837936616,0.0855758936693866,0.0002824855600274899,accrual_down,True
Hnrnpm,-0.4146293627072725,0.018299649901706405,0.6119969967643358,0.00019751778123494216,-0.26449742916609975,0.0838033584434789,0.0005305625076774302,accrual_down,False
Ptger2,-0.414655243094113,0.018291655156197777,0.8136132698003053,1.503309531409351e-08,-0.23761077817081638,0.0838033584434789,2.728961537266583e-07,accrual_down,False
Anxa6,-0.41570736173918127,0.017969090645299047,0.5286867325042298,0.0018662526038878509,-0.31255731782016866,0.08302566248339713,0.003927291473775548,accrual_down,False
Trbc1,-0.416119802722655,0.017843938446073897,0.71945972857818,3.480796570055464e-06,-0.18686222441721914,0.08259703268005712,1.648611263124691e-05,accrual_down,False
Spdl1,-0.41612804935905057,0.017841443470845847,0.7601434634577943,4.486666798561619e-07,-0.31457381664481493,0.08259703268005712,3.255545851986176e-06,accrual_down,False
Wnt10b,-0.4166406834448791,0.017686916953718573,0.403272765095552,0.022099202724198935,-0.22483961894805682,0.08216845480957964,0.03588921779565068,accrual_down,False
Syncrip,-0.4172978653317702,0.01749044739636707,0.637591987436944,8.674177910260704e-05,-0.3599450401993555,0.08155280819823439,0.00025661911381619565,accrual_down,False
Cd86,-0.4177283131975182,0.01736274801736981,0.8365656119415261,2.4652446117559784e-09,-0.15879928244089214,0.08103145254949992,8.672560527287757e-08,accrual_down,False
Rbpj,-0.418142866329411,0.017240498093442035,0.7978105568492012,4.549309815216981e-08,-0.1487167883176609,0.08072637981733038,5.715770780153158e-07,accrual_down,False
Acvr1b,-0.41853531922163517,0.01712542613813663,0.39329584587599453,0.025953347537244684,-0.2900397476116189,0.08036504023057493,0.04157915382772774,accrual_down,False
Polr1e,-0.41895228094345865,0.017003868862494075,0.10509398538021104,0.5670255373899077,-0.363978037848648,0.07986808017272769,0.6271459814019772,accrual_down,False
Nefm,-0.41910694436952706,0.016958962663036422,-0.20144527532213813,0.2689038443426436,-0.4461503649529827,0.07973057008677308,0.33188446890680495,accrual_down,False
Pml,-0.41924543011575094,0.016918837429849693,0.6555841587798383,4.646492409116409e-05,-0.3562481256875041,0.07968476996130248,0.00014758255154983065,accrual_down,False
Cblb,-0.42036206770043205,0.016598178532891323,0.7698967874592391,2.5851739608044144e-07,-0.16216011381530257,0.07868066015697307,2.1166889846008537e-06,accrual_down,False
Serpine1,-0.42055988433291397,0.016541903852091845,0.7570304033745154,5.321135924452016e-07,-0.15644670047880485,0.07849325725536792,3.667988425760775e-06,accrual_down,False
Phf6,-0.4216725333151676,0.0162283315630789,-0.2888794556151099,0.10881698771195321,-0.46799576888665045,0.07722082024558347,0.15010152902073373,accrual_down,False
Diaph3,-0.4218703585228353,0.01617310163369847,0.6047494331779195,0.00024619282016501214,-0.3671708276543379,0.07717398637370992,0.0006456707329880343,accrual_down,False
Gmnn,-0.4222912542382726,0.016056114862960293,0.6620429938813505,3.676442958223614e-05,-0.3740605319718793,0.0767593644948083,0.00011929729980851561,accrual_down,False
Cks1b,-0.4223935981885063,0.01602777554769776,0.7374098787255969,1.4757089747183126e-06,-0.23576232091489066,0.07669576272871133,8.199990718995766e-06,accrual_down,False
Mc1r,-0.4230258311300903,0.015853631692954978,0.0013604134373330849,0.9941041096290646,-0.4108616355216733,0.07621995783766573,0.9960989651516384,accrual_down,False
Tyw5,-0.42366323635938347,0.01567966370268192,-0.10188193296731987,0.5789982682825868,-0.550168095990985,0.07559680358111404,0.6383121172486439,accrual_down,False
Aire,-0.4237183947604516,0.015664684418737612,0.46763103348641893,0.006960004505863585,-0.45371223554540613,0.0755965517691396,0.012770857188636743,accrual_down,False
Jarid2,-0.42390795954301097,0.015613295602126324,0.6332363864013553,0.00010029939563867403,-0.1947601781470836,0.07541990612352877,0.0002910279961051628,accrual_down,False
Casp1,-0.4239746574185301,0.015595248072280663,0.8204916246584048,8.982929073640562e-09,-0.16770548558307977,0.07540413309640158,1.9922574436800218e-07,accrual_down,False
Cd70,-0.42409767332915804,0.015562007320663134,0.44921775937546576,0.009903752867559802,-0.3086923617395967,0.07538016972598394,0.017619094539629974,accrual_down,False
Rab24,-0.424183476321325,0.015538857083567947,0.436038311119547,0.012604947266120678,-0.44329365828473377,0.07534573192327006,0.021845950360601704,accrual_down,False
Kif20b,-0.42446002652742154,0.015464437467567045,0.6432895537696742,7.149136387150718e-05,-0.28096550290071076,0.07512771002100904,0.00021613969888586022,accrual_down,False
Cd3g,-0.4246757728554489,0.015406586965140722,0.6696170180630511,2.7736027749271922e-05,-0.23307365581536232,0.074918017263282,9.36831011774124e-05,accrual_down,False
Misp,-0.42488301517040145,0.015351186979981323,0.47253210552132385,0.006315865923230506,-0.2928964542798677,0.07471985189397398,0.011723883578747749,accrual_down,False
Slc4a7,-0.425203058273223,0.01526595992778,0.41603389455269674,0.017869946745966495,-0.36212958059272227,0.07451833645129739,0.029576443332633057,accrual_down,False
Krt40,-0.42526034051527906,0.015250747511788012,-0.10373290084674062,0.5720851371582494,-0.4226245453321098,0.07451538607052745,0.6320568084566234,accrual_down,False
Nek2,-0.42652287147361945,0.014918658352931057,0.6575988270436273,4.3217611770911446e-05,-0.4340513720051052,0.07310285903775343,0.00013812846970139052,accrual_down,False
Slc30a8,-0.4265798861682141,0.014903805288007055,-0.30978582850199754,0.08445060750596521,-0.4375802449482361,0.07310029882127307,0.11966181913553571,accrual_down,False
Il13ra1,-0.4266669363383024,0.014881151432407966,0.8629380806442055,2.1182001004044548e-10,-0.08939811455931707,0.07305943547325604,3.261698143133259e-08,accrual_down,False
Sod2,-0.42731940554128106,0.014712267933730221,-0.05796032666124621,0.7526907510058483,-0.44480603240321853,0.07229988316951623,0.7941004179691483,accrual_down,False
Nr0b2,-0.4281445509278107,0.014500986632835817,0.12515447572681482,0.4949202524289832,-0.3671708276543379,0.07160651772903727,0.5597760022249301,accrual_down,False
Rad9a,-0.4286821445104214,0.014364703885783415,0.7530078837501846,6.608835271319502e-07,-0.21005196090065098,0.07107114890531639,4.361147311643051e-06,accrual_down,False
Tnfrsf18,-0.4294401793851811,0.014174360054621856,0.7331088870798944,1.8237609496065325e-06,-0.24702110601916555,0.07019748605691853,9.802955325545756e-06,accrual_down,False
Srebf2,-0.4295254687802118,0.014153076478220589,-0.42945604412366145,0.014170399055481652,-0.41119771865911436,0.07016019739106241,0.02422342298259561,accrual_down,True
Mad1l1,-0.42967901042198436,0.014114828284519971,0.20574399822304798,0.2586041394576859,-0.3950657280619444,0.07010685402077545,0.3199465717617404,accrual_down,False
Mymk,-0.43028265683664246,0.013965293776787955,0.588233054455441,0.00039892470709811866,-0.4353957045548693,0.06956590560400183,0.0009854309592772412,accrual_down,False
Runx2,-0.43050798299291143,0.013909817307490479,0.7695062464594643,2.6442255043983834e-07,-0.18686222441721914,0.06949459166063558,2.154663625868395e-06,accrual_down,False
Snai3,-0.4317429621254051,0.013609025962666246,0.6724811219937915,2.4880351435486173e-05,-0.16266423852146414,0.0681252614676747,8.599903798375111e-05,accrual_down,False
Klf10,-0.43212764378288604,0.013516453689472744,0.6530276883454511,5.090038332628403e-05,-0.1771158134314289,0.06782234005647621,0.0001595838078348954,accrual_down,False
Cdhr1,-0.43418122506570794,0.013031147608844964,0.6085437359534274,0.00021952280018496057,-0.20080967462102234,0.06600981524599618,0.0005824897796763793,accrual_down,False
Map3k5,-0.4343783080668265,0.012985351381848422,0.514358292382716,0.0025978686082151455,-0.2777727130950209,0.06590873373015801,0.005267666271600633,accrual_down,False
Cct5,-0.43612374694346767,0.012585624852467373,-0.6987514106031685,8.66941370777489e-06,-0.3424687170524214,0.06405212580882785,3.4848447063325225e-05,accrual_down,False
Arf2,-0.436197528846122,0.012568958143468364,0.41499846308974014,0.018185904592263446,-0.30348307310926054,0.06405020528454757,0.03006036919155406,accrual_down,False
Edn1,-0.43622416628045535,0.01256294552721728,0.5631873462551279,0.0007908338022043819,-0.32499239390548723,0.06405020528454757,0.0018155010013701856,accrual_down,False
Ocstamp,-0.4362992453323625,0.012546011638879832,0.43440856192025906,0.012978333255760368,-0.2708830087774795,0.06405020528454757,0.022433913228611872,accrual_down,False
Hk2,-0.4368336852727114,0.012426023066436667,0.8202740074348874,9.133495416781282e-09,-0.2253437436542184,0.06351216799788921,2.0168813905195375e-07,accrual_down,False
Ero1l,-0.43756635694364066,0.012263096693136065,0.469982733695659,0.006644266519610106,-0.3441491327396266,0.06280527734105128,0.012257650458058284,accrual_down,False
Fbl,-0.4376432373892363,0.012246105110172024,0.6020366108106059,0.0002669892974222688,-0.35120687862588845,0.06280527734105128,0.00069202866166209,accrual_down,False
Il2rg,-0.437828364224191,0.012205270822000399,0.7859267932981485,9.833705474811944e-08,-0.1954323444219657,0.06269797226890637,9.952724529169789e-07,accrual_down,False
Ripk1,-0.43816033677073285,0.012132332659135242,0.7609071962776373,4.301111202247439e-07,-0.2715551750523616,0.06238611783694443,3.1432619258831215e-06,accrual_down,False
Col4a1,-0.4384804249151986,0.01206235291361461,0.6479834247663683,6.078330898008101e-05,-0.32146352096235625,0.062214420841605785,0.00018633152590588536,accrual_down,True
B4galnt1,-0.43935417138791943,0.011873053987177827,0.7582222289384482,4.986231742410101e-07,-0.25827989112344046,0.06136215642208115,3.513089519065459e-06,accrual_down,False
Nr4a3,-0.43980477260508877,0.01177641090205087,0.4819865931672673,0.005216066451015499,-0.3680110354979405,0.060986266001382225,0.00991552475858401,accrual_down,False
Ncf1,-0.4406943005376954,0.01158757032343972,0.821177486877405,8.523197910550626e-09,-0.22820045032246725,0.060314485938638786,1.9106005691041715e-07,accrual_down,False
Itga4,-0.4409068021349506,0.011542836811658876,0.8032080796415795,3.1516827665433356e-08,-0.18215706049304453,0.06016013848015837,4.4045846005856316e-07,accrual_down,True
Bpifb1,-0.44159377512928194,0.011399215946371371,-0.17754773757459946,0.33097340696506905,-0.45522460966389083,0.059699589879302226,0.39771386311632917,accrual_down,False
Cers6,-0.4426100558304782,0.011189509920412044,0.7583758623881509,4.944490587641854e-07,-0.1809807695120009,0.058721903399199415,3.4933305384433647e-06,accrual_down,False
Cct8,-0.44405631832042375,0.010896688107819246,-0.4869537516272317,0.004707136522647413,-0.428506000237328,0.05765975730081533,0.009023338369794985,accrual_down,False
Actl6a,-0.44423414461564587,0.010861134046801873,0.8255505509890035,6.06499106493427e-09,-0.1534219522418355,0.05759110683236627,1.5391800707576973e-07,accrual_down,False
Ttk,-0.4443119267913754,0.010845613280370777,0.7020442264332979,7.5368934661356e-06,-0.4053162637538961,0.05756865072130212,3.085529179033523e-05,accrual_down,False
Zc3h12a,-0.4447855717075711,0.01075150453015827,0.7997337880201362,3.996666923238622e-08,-0.2068591710949611,0.057367598962695956,5.214065978373455e-07,accrual_down,False
Gen1,-0.4453768607203148,0.010634988202506367,0.4235685598230074,0.015705402730697957,-0.40229151551692677,0.056996405843913765,0.026474970036117082,accrual_down,False
Chd1,-0.44606203288139507,0.010501305607364817,0.7197504963583558,3.4345356390523866e-06,-0.29541707781067555,0.0564117912237785,1.632764799143171e-05,accrual_down,False
Il2ra,-0.4463830145314983,0.010439168859082542,0.7084008415974309,5.721506416026582e-06,-0.28768716564953156,0.056230412196599834,2.4453850343761877e-05,accrual_down,True
Plk3,-0.447080508208915,0.01030521452252424,0.7955178960974231,5.2993317000755694e-08,-0.2374427366020959,0.05556754680697267,6.375445991057897e-07,accrual_down,False
Syk,-0.4477914655668501,0.0101701706013398,0.8509313043610682,6.86250052960652e-10,-0.1357775875261808,0.054897397076650076,4.731193748300496e-08,accrual_down,True
Gja5,-0.44782468444411627,0.010163897506769916,0.053168898266200214,0.772576206480145,-0.5000917085122699,0.054897397076650076,0.8105535230882805,accrual_down,False
Hmga1b,-0.44900116900545495,0.009943825936661821,0.6359632182087366,9.160643068390838e-05,-0.294912953104514,0.05401859009894776,0.0002687086848295668,accrual_down,False
Fen1,-0.44957155935631155,0.009838587094179892,0.6763230765399854,2.146608651725282e-05,-0.24651698131300398,0.053560974138112734,7.556832803623646e-05,accrual_down,False
Eed,-0.4503513836879592,0.009696231277801826,0.6731759284166798,2.4228826222614674e-05,-0.351374920194609,0.05284238861972983,8.401851975632729e-05,accrual_down,False
Cd6,-0.45038879891104366,0.009689445193049432,0.7335112705280621,1.788288788254027e-06,-0.23593036248361116,0.05284238861972983,9.642770728206967e-06,accrual_down,False
Clec1b,-0.45061426048069103,0.00964863764974956,0.6750658351648502,2.2533715864330266e-05,-0.08418882592898091,0.05275209073030279,7.889120427175613e-05,accrual_down,False
Tlr2,-0.4509916356355718,0.009580659580455026,0.8064032930427825,2.5227045725673977e-08,-0.1673694024456387,0.05249295866799258,3.76789495335327e-07,accrual_down,True
Nfkb2,-0.45107145388757924,0.009566333615492128,0.7352801831184675,1.6396762459539176e-06,-0.23677057032721377,0.05247082556196274,8.974236620827181e-06,accrual_down,False
Abca7,-0.4512607097522577,0.009532437917398285,0.6104162922316433,0.00020733398009965568,-0.21475712482482556,0.052341190330084664,0.0005537228442347348,accrual_down,False
Relb,-0.4516140061452431,0.009469434335233364,0.7286476919288873,2.262262051592104e-06,-0.2471891475878861,0.05210742669258402,1.1574522292047466e-05,accrual_down,False
Itpa,-0.4517968431215492,0.009436967446549429,0.1252151364653338,0.4947095097974301,-0.48765663242695134,0.05198484983244993,0.5597760022249301,accrual_down,False
Il18r1,-0.4521298585709275,0.009378074862029961,0.670662192648531,2.6661413351619386e-05,-0.30701194605239146,0.051752653241289866,9.072706438066077e-05,accrual_down,False
Cxcl5,-0.4522413496679336,0.009358427673047147,0.5013604817749071,0.0034647892350826003,-0.30432328095286315,0.051752653241289866,0.0068186303580850096,accrual_down,False
Arntl,-0.45232426131539416,0.009343839403014753,0.3195005733977227,0.07466569570739955,-0.3081882370334352,0.051751275564362924,0.10737440293392073,accrual_down,False
Hmox1,-0.45254611514546933,0.009304898909377596,0.8621413170988916,2.297782991481507e-10,-0.08486099220386299,0.05161478117910633,3.261698143133259e-08,accrual_down,False
Cplx3,-0.45283843405102975,0.00925379991813703,0.16109456073735243,0.37842344467981504,-0.387839940606962,0.051420079937273405,0.4453940912117528,accrual_down,False
Ltbr,-0.45318833198962327,0.009192948251403767,0.8092852048235226,2.056535084637535e-08,-0.15006112086742507,0.0511376543406877,3.330281100551132e-07,accrual_down,False
Sra1,-0.45369138213442234,0.009106055255124415,0.6827676091479523,1.6676227837243583e-05,-0.30213874055949635,0.05070959372968301,6.0501734137823275e-05,accrual_down,False
Dnm2,-0.4543164882697802,0.008999049100800153,0.6544369333627212,4.841048501267915e-05,-0.37641311393396654,0.05033349721840086,0.0001530947824238539,accrual_down,False
Myc,-0.45488796017124244,0.008902157783534745,0.7655036957441108,3.3246431478573606e-07,-0.2728995076021258,0.04995589312850465,2.585214130673841e-06,accrual_down,False
Marcksl1,-0.45514984153024535,0.008858052752465316,0.6806127478819096,1.815786113235999e-05,-0.3335625139102338,0.049763135562032566,6.509012623764462e-05,accrual_down,False
Casp3,-0.4565764881179002,0.008621020307304383,0.7970898430989742,4.773862756006576e-08,-0.20736329580112264,0.04864582365880493,5.942744170099465e-07,accrual_down,False
Pkm,-0.4568661124301066,0.00857356272087012,0.41676588871431103,0.017649345074104903,-0.343308924896024,0.0484316095671744,0.029268305989274743,accrual_down,False
Card9,-0.45723010777486583,0.008514233049927218,0.8820441242852675,2.545165728963277e-11,-0.05461350983416925,0.0482567808751986,1.7563388887121595e-08,accrual_down,False
Zap70,-0.4575252093360348,0.0084663886653271,0.6956422546292667,9.877912782984683e-06,-0.2660098032845844,0.04803898618668915,3.875941008154221e-05,accrual_down,False
Plk1,-0.457554037868664,0.00846172698754388,0.7047971374410842,6.694840854455672e-06,-0.39237706296241603,0.04803898618668915,2.7923453146834326e-05,accrual_down,False
Pnpla2,-0.4576838946009296,0.008440755663887418,0.7489451557761957,8.192321144800791e-07,-0.28651087466848796,0.048000328474347514,5.230166478051168e-06,accrual_down,False
Bdkrb1,-0.4588780412822215,0.00824996393483755,0.7100334379478114,5.324356530949975e-06,-0.30751607075855303,0.04733753209404538,2.3223715691318957e-05,accrual_down,False
Clspn,-0.4593633073832987,0.008173484373989733,0.7488886643545197,8.216591595545335e-07,-0.30516348879646576,0.047014560871235865,5.239104216109594e-06,accrual_down,False
Tnfsf9,-0.45954695568907494,0.008144698180070704,0.68137606190424,1.7619961483144663e-05,-0.27743662995757984,0.046997856806041474,6.347416915644133e-05,accrual_down,False
Casp8,-0.45969854363303864,0.008121002208573232,0.8489754097632662,8.230581900090067e-10,-0.20517875540775588,0.046914192826650124,4.9981188419475514e-08,accrual_down,False
Anxa8,-0.4599607520631665,0.008080152395081155,0.2923109753276919,0.10449228616617176,-0.3253284770429283,0.046731130801937616,0.1447407566993447,accrual_down,False
Chek1,-0.46074400668275917,0.00795916543248256,0.5581494782423015,0.0009016942887492754,-0.33389859704767477,0.04629384591914885,0.0020433329928520897,accrual_down,False
Fanci,-0.46192802078991846,0.007779196745767845,0.7111087256460614,5.076614458289429e-06,-0.32465631076804613,0.045454390149097114,2.2381858558110956e-05,accrual_down,False
Slc3a1,-0.4623558581206124,0.00771502222249924,0.012524031636005064,0.945761386427969,-0.444974073971939,0.04528691410468196,0.9570182170539714,accrual_down,False
Hdc,-0.46241451245688187,0.007706259390859317,0.4083548977563826,0.020325430829358317,-0.30751607075855303,0.04528691410468196,0.03327343474343927,accrual_down,False
Adamts3,-0.46274143970097553,0.007657571986324798,-0.4605443718742713,0.007989855357034045,-0.42077608807618405,0.04510539803954134,0.014488536145122882,accrual_down,False
Fn1,-0.46288651450189794,0.007636050731946858,0.8149760615346319,1.3597927561296334e-08,-0.17005806754516706,0.04503062980770049,2.5501113415504635e-07,accrual_down,False
Stat3,-0.4631848755471973,0.007591951659914159,0.667195942882349,3.0376663423169148e-05,-0.26298505504761505,0.04487432840929563,0.00010127539877227832,accrual_down,False
Cysltr1,-0.46329453691572176,0.007575797738010502,0.7795855227894001,1.455127687829136e-07,-0.1487167883176609,0.04483079380695078,1.3471154874076993e-06,accrual_down,False
Phox2a,-0.46477443659125867,0.0073606398218568625,0.05662351743932576,0.758223753123395,-0.41523071630840686,0.04401714388193652,0.7992765787729774,accrual_down,False
Was,-0.4649838913015473,0.007330612000120537,0.8471794102405394,9.704133802555315e-10,-0.16518486205227195,0.043940601424929324,5.439646871080732e-08,accrual_down,False
Sidt2,-0.46509445980377534,0.00731480276866148,0.8347148909336536,2.8808929719446695e-09,-0.14199512556884006,0.043897422262284956,9.796956699926505e-08,accrual_down,False
Msn,-0.46520075701305225,0.007299631613087926,0.8306098672531521,4.043062698619948e-09,-0.1922395546162758,0.043857975098187875,1.1990501642825787e-07,accrual_down,False
Smarca4,-0.46538697205991747,0.007273118805091829,0.2762151006814993,0.12594510236658818,-0.4323709563179,0.04380186425593084,0.17054578369311557,accrual_down,False
Fga,-0.46584192975728933,0.007208687593423948,0.05312055508295573,0.7727775885110953,-0.45724110848853705,0.04356814622518431,0.8105980832809165,accrual_down,False
Fcgr1,-0.4663980325520546,0.007130592620976509,0.860842437172983,2.6209339567254183e-10,-0.18282922676792662,0.04319851895439569,3.261698143133259e-08,accrual_down,False
Tlr4,-0.4672965278363305,0.007005936757376621,0.7648357325387862,3.452646781799626e-07,-0.23794686130825746,0.04259509344383569,2.66041559425376e-06,accrual_down,False
Odc1,-0.46758633598060967,0.006966127203758374,0.7092098961814418,5.52145557726943e-06,-0.21055608560681255,0.042505041706185964,2.382821057500115e-05,accrual_down,False
Kdm6b,-0.46799191578286886,0.0069107382753788305,0.5220853197085017,0.002177334602068141,-0.32986559939838234,0.04235044089668383,0.0045130368976633835,accrual_down,False
Cd3d,-0.46820564311045787,0.006881701379820808,0.6973314374556152,9.203668831676498e-06,-0.3011304911471732,0.04229344426321198,3.657209982822526e-05,accrual_down,False
Irak3,-0.4687531112376222,0.0068077963653482496,0.6306814204506799,0.00010910652789117065,-0.31944702213771003,0.04199101482423388,0.0003139043422294763,accrual_down,False
Cyp1b1,-0.4695622052003625,0.006699812385713859,0.7726050662800308,2.207716048146873e-07,-0.2280324087537467,0.04142514300548653,1.8552816411198023e-06,accrual_down,False
Jpt1,-0.46997212609940453,0.006645662790370517,0.8159889327338891,1.2614075314035095e-08,-0.23206540640303921,0.04119018942123938,2.4009103797348144e-07,accrual_down,False
Plaur,-0.470384851308758,0.006591520196766932,0.7790296878230473,1.5050599639631967e-07,-0.25491905974903,0.041004078687448924,1.380811308664796e-06,accrual_down,False
Ctps,-0.4705949885266732,0.006564098560059725,0.40494774263976785,0.02150101448000442,-0.3144057750760944,0.04094836718401003,0.03504047120207749,accrual_down,False
Mlx,-0.47184420152301615,0.006403083977889991,0.5253985246630731,0.0020159912818984087,-0.36011308176807605,0.04032361897681092,0.00421976673326376,accrual_down,False
C5ar1,-0.47199874765538785,0.006383400376657958,0.7935738835573143,6.022399315307497e-08,-0.22769632561630568,0.0402493514478767,7.014572676052871e-07,accrual_down,True
Prpf31,-0.47218924417588853,0.006359209063845177,0.5847484829175311,0.00044023599159475734,-0.3428048001898624,0.040146442369646346,0.0010768760227722904,accrual_down,False
Cxcr6,-0.4725542413333089,0.006313076290331326,0.6770717190817446,2.0852236618679938e-05,-0.3175985648817843,0.03990458755511783,7.381489173621538e-05,accrual_down,False
Cldn23,-0.4733547494828228,0.006212897699002086,0.16163311426031007,0.37681021039212614,-0.4295142496496511,0.03936893312125421,0.4438025590418461,accrual_down,False
Gfi1,-0.4744741402210276,0.00607509096833311,0.7759155709700403,1.8150210437841807e-07,-0.1826611851992061,0.038687938863254924,1.599036674325234e-06,accrual_down,False
Itk,-0.47470065284848756,0.006047525274357328,0.6872359113470542,1.3946228984337175e-05,-0.34851821352636014,0.03860879402314985,5.2002714948175384e-05,accrual_down,False
Acly,-0.4748387076089624,0.006030777019911214,-0.2531092131102417,0.16219806253423733,-0.4884968402705539,0.03856100187703252,0.2123165385070317,accrual_down,False
Sharpin,-0.4753587868876082,0.005968038423119824,0.5264304852432068,0.001967910869416745,-0.3863275664884773,0.03834126447901035,0.0041292938481673445,accrual_down,False
Tssc4,-0.4764227129709283,0.00584142985603725,0.6402530374471928,7.928997206620812e-05,-0.31138102683912505,0.03757941304767141,0.00023707980510535032,accrual_down,False
Kif2c,-0.4782851969647278,0.005625316722406804,0.733674600671563,1.7740704266187321e-06,-0.3695234096164252,0.036507303563609546,9.58636996417601e-06,accrual_down,False
Fam107b,-0.48013493896765946,0.005417489390579216,0.6992557757047421,8.486514512286906e-06,-0.32919343312350025,0.03524823135375584,3.416709591726559e-05,accrual_down,False
Bid,-0.48015594364276676,0.005415167692784269,0.8506381930932148,7.053175245803903e-10,-0.0952795694645353,0.03524823135375584,4.731193748300496e-08,accrual_down,False
Ets2,-0.4802330034101757,0.0054066573833618506,0.1685823410715872,0.3563569176365302,-0.4199358802325815,0.03524823135375584,0.42334206893017057,accrual_down,False
Tnfrsf4,-0.480499106652612,0.005377357522107606,0.6706663641049012,2.6657200634394673e-05,-0.31558206605713807,0.03516653938496269,9.072706438066077e-05,accrual_down,False
Cxcl3,-0.4809796652420552,0.00532478899962545,0.32257246980726223,0.07176196232554385,-0.30197069899077583,0.0348741262463962,0.10355241013369143,accrual_down,False
Ly6g6e,-0.4810176531108822,0.005320652326488843,-0.4997374475642437,0.0035888478305401627,-0.47169268339850184,0.0348741262463962,0.007038336325869039,accrual_down,False
Sgo2a,-0.48169862411557446,0.005246963805200542,0.6085165966070205,0.00021970404550036341,-0.3565842088249451,0.034624530880113795,0.0005824897796763793,accrual_down,False
Ccnb1,-0.4818787595922847,0.005227618040378363,0.6316501481299309,0.00010568903956666083,-0.45035140417099573,0.03454155391705962,0.00030475963302969863,accrual_down,False
Fas,-0.4822775549380755,0.005185006452720485,0.6900991277458088,1.2416290603456336e-05,-0.29945007545996805,0.03430443309380959,4.698479107435517e-05,accrual_down,False
Ccl24,-0.483678082651534,0.005037708560561196,0.42602149428251046,0.015049807062597401,-0.2750840479954925,0.03341658175217511,0.02550467303199646,accrual_down,False
Osm,-0.4857320853018335,0.004828177940746636,0.7804047215735789,1.3842970017757278e-07,-0.22164682914236689,0.032110216004887344,1.2909138950745862e-06,accrual_down,False
Lrrk2,-0.4866141654262516,0.004740518039182942,0.6871794495546992,1.3978040305571058e-05,-0.3046593640903042,0.0316510242380526,5.208326048116725e-05,accrual_down,False
Nuak2,-0.48677662598731036,0.004724522808862107,0.8480006139631796,9.002551055288579e-10,-0.25979226524192517,0.031585571229365145,5.256488291795463e-08,accrual_down,False
Fbn1,-0.48710737239739127,0.004692101929324239,0.7420571312488958,1.1685047559097237e-06,-0.26315309661633557,0.031492647291424924,6.835484816393923e-06,accrual_down,False
Il1r1,-0.48736077729827976,0.00466739172517425,0.618999450820967,0.00015882818984753593,-0.32700889273013345,0.031368070079201386,0.0004369916917002593,accrual_down,False
Plekhg4,-0.487565674959914,0.004647493369097864,0.48216809046409975,0.0051966730735069425,-0.3596089570619145,0.03127554574639605,0.0098939936841915,accrual_down,False
Dgat1,-0.487679573368872,0.004636463813043941,0.4815932491586894,0.005258309024116931,-0.2680263021092307,0.031242538851171918,0.009989807944886579,accrual_down,False
Itga5,-0.48778137111458375,0.00462662507530401,0.837360436024018,2.3043177493955947e-09,-0.1924075961849963,0.031217479509425602,8.293411068494915e-08,accrual_down,False
Il12b,-0.48832704022054235,0.004574191285022584,0.5257983227009286,0.0019972442352325826,-0.3584326660808708,0.03102785870332473,0.004183282803515084,accrual_down,False
Ccl5,-0.4889497093916758,0.00451498275741673,0.6548972178454281,4.762127495180986e-05,-0.33322643077279274,0.03079000941922826,0.00015097335210017532,accrual_down,True
Ngf,-0.4890834969942668,0.004502347421122521,0.4519617234275325,0.00940776997291623,-0.190055014222909,0.03078615843853348,0.016807486145845138,accrual_down,False
Il21,-0.49083532214789316,0.004339681628670449,0.4155603358023135,0.01801388054770289,-0.41825546454537627,0.029874110644869042,0.02979533225480948,accrual_down,False
Fzd5,-0.49214632068684916,0.004221278236463985,0.21851183896341037,0.22955873237108884,-0.4777421798724406,0.02913767291502407,0.28778055881664394,accrual_down,False
Kif4,-0.4926654207466172,0.004175169397598496,0.7402975724549922,1.2772040831743002e-06,-0.35372750215669624,0.028936873773301536,7.2874922016466504e-06,accrual_down,False
Mcm2,-0.4939094804041661,0.004066426191679864,0.7001652747381731,8.1655070161589e-06,-0.34851821352636014,0.028298553893259193,3.30311271129473e-05,accrual_down,False
Fam49b,-0.4943259219344636,0.004030573872623803,0.6390169205461915,8.26770198008283e-05,-0.2576077248485584,0.028159759845840678,0.00024605337106419205,accrual_down,False
Mllt6,-0.4944323072754297,0.004021458693653282,0.545469492762476,0.0012432257203732267,-0.363978037848648,0.028139178047085583,0.0027252661794687706,accrual_down,False
Cdca8,-0.49456309379383584,0.0040102771255219995,0.7316235123262993,1.960319110335184e-06,-0.40632451316621926,0.02809948299077983,1.0431812630573576e-05,accrual_down,False
Epb41,-0.494925973070354,0.0039793928805856174,0.08707949699284648,0.6355715138439784,-0.5489918050099414,0.02795989405491355,0.6902385122670074,accrual_down,False
Chil3,-0.49524616271418437,0.003952312191280384,0.8041933248764555,2.9438776856776812e-08,-0.20467463070159433,0.02780792343133964,4.194614545989344e-07,accrual_down,False
Ccna2,-0.49553555231291013,0.0039279731606512705,0.6969162182020406,9.365426424039035e-06,-0.42934620808093066,0.027713127375493956,3.703336448761482e-05,accrual_down,False
Alox5,-0.49600271353554476,0.0038889550670571918,0.8076165671529637,2.3157476757582674e-08,-0.1850137671612934,0.027590486504949562,3.5952098627575656e-07,accrual_down,False
Lbr,-0.4964808371233386,0.0038493675264537662,0.5227394517889332,0.0021446197175594758,-0.3350748880287185,0.027398545003032886,0.004454277353123325,accrual_down,False
Saa2,-0.4967130326591229,0.003830267838446732,0.33074047228915066,0.06446721665265906,-0.4564009006449345,0.0273261485928906,0.0941716128709089,accrual_down,False
Eln,-0.49729317752750085,0.0037829033914452644,0.45943178523737166,0.008162740642704409,-0.4280018755311664,0.027140070604447668,0.014760063813695564,accrual_down,True
Batf,-0.4982464431037187,0.003706172330192297,0.8083499626913658,2.198331774178714e-08,-0.2490376048438118,0.02670223878010015,3.461015549409142e-07,accrual_down,False
Naaa,-0.49932742707327726,0.003620787752683634,0.7828534782337272,1.1909632432094088e-07,-0.14182708400011954,0.02623528171369207,1.157850149934209e-06,accrual_down,False
Tnfaip3,-0.499977428303989,0.003570266703074689,0.7927687851932945,6.347505025271798e-08,-0.25323864406182484,0.02597992931866475,7.325480347038788e-07,accrual_down,False
Pip5k1c,-0.5009724813207076,0.0034941047865245404,0.6429407500326534,7.235079431865062e-05,-0.3044913225215837,0.0254984671188293,0.0002185088228652675,accrual_down,False
Csf3,-0.5010016590439779,0.003491892832272262,0.13393041936350547,0.4649109334134074,-0.48782467399567186,0.0254984671188293,0.5310144808199264,accrual_down,False
Birc5,-0.5015759155501057,0.003448603875673497,0.7762127903814969,1.7830972255826942e-07,-0.3345707633225569,0.02534773540318517,1.579093567308563e-06,accrual_down,False
Cd2,-0.5015885534348853,0.0034476564317309204,0.69303620054286,1.1006099095875234e-05,-0.3700275343225868,0.02534773540318517,4.253190264246937e-05,accrual_down,False
Cd247,-0.501997056467029,0.003417152304630649,0.6885509439304951,1.322358059526401e-05,-0.33658726214720314,0.025225606231434064,4.967119633022217e-05,accrual_down,False
Atg3,-0.5021095440342931,0.003408793548415834,-0.1464392050680884,0.4238542594636956,-0.48681642458334873,0.025225606231434064,0.4904901491661323,accrual_down,False
Scin,-0.5035838155937802,0.0033008637153995033,0.5816824925579355,0.0004796694586343102,-0.3543996684315784,0.024580592426646522,0.0011629248614513385,accrual_down,False
Jaml,-0.5048857341585519,0.0032080186765171843,0.8101451467719126,1.933619914541159e-08,-0.21996641345516169,0.024029520218669834,3.2076219464684554e-07,accrual_down,False
Cxcl9,-0.5053394876073823,0.003176194393536087,0.7517998667486416,7.047673100453761e-07,-0.2781087962324619,0.023896412391486106,4.585482204772275e-06,accrual_down,False
Maff,-0.5062510063411261,0.0031130881854258626,0.7684891338195609,2.8038532955061645e-07,-0.28718304094337005,0.023560627349936684,2.2594716683059943e-06,accrual_down,False
Cdca5,-0.506598290785506,0.003089331792780854,0.7444997476740309,1.031556985734384e-06,-0.38683169119463884,0.023450418861570142,6.2792030838079875e-06,accrual_down,False
Fasl,-0.5068673035668699,0.00307103755606293,0.7570445771718151,5.31703527571416e-07,-0.2960892440855576,0.0233462929560015,3.667988425760775e-06,accrual_down,False
Hcar2,-0.50853568008356,0.0029596578822947456,0.709608038862634,5.425356398824612e-06,-0.26785826054051015,0.022702578733211274,2.3492990653993505e-05,accrual_down,False
Panx1,-0.5087614975885898,0.002944854385860839,0.7097593909861664,5.389224418050918e-06,-0.2660098032845844,0.022623045515476115,2.341604238200829e-05,accrual_down,False
Ddx19b,-0.5109026458895916,0.002807644929128414,0.06992037231476968,0.7037533007557519,-0.47723805516627904,0.021765648607118604,0.751957600996039,accrual_down,False
Stat4,-0.5110589909123155,0.0027978465492471236,0.692964883864735,1.1038547947875767e-05,-0.3207913546874742,0.021722702051308336,4.2625006118178866e-05,accrual_down,False
Itgb7,-0.5145043180152227,0.0025893117355853153,0.8059284133085324,2.608233317863567e-08,-0.23004890757839294,0.02035143168446948,3.867615742564551e-07,accrual_down,False
Pygl,-0.5146700855741015,0.002579627641227699,0.8768139166882097,4.705446380958151e-11,-0.09074244710908122,0.020306605860960638,1.7563388887121595e-08,accrual_down,False
Aurkb,-0.5146705643562728,0.002579599716451742,0.7543934267468794,6.136294722522575e-07,-0.35876874921831187,0.020306605860960638,4.10777419679628e-06,accrual_down,False
Fam83d,-0.5149631854743608,0.002562581662169025,0.31948124036127856,0.07468425438336615,-0.5042927477302829,0.020234874703907425,0.10737440293392073,accrual_down,False
Igfbp3,-0.5153216974508261,0.002541864344536816,0.47982880771147335,0.00545142366994093,-0.3380996362656878,0.02014683562822318,0.010318260534459623,accrual_down,True
Ccr3,-0.5159413120612597,0.0025064010334036554,0.5531961468591821,0.0010237804887286005,-0.4100214276780707,0.020039422682432674,0.0022874744954028,accrual_down,False
Ska1,-0.5160268226197673,0.002501540743770776,0.7441881997912264,1.0481698601622963e-06,-0.38414302609511053,0.02003196127782532,6.350017169463032e-06,accrual_down,False
Dusp4,-0.5163162281136264,0.0024851519820577863,0.6669532168882287,3.065350250084734e-05,-0.31474185821353545,0.019963401985002786,0.00010199837981527872,accrual_down,False
Map3k14,-0.5165899727398912,0.0024697358831832074,0.8477575695820199,9.205155632866587e-10,-0.2250076605167773,0.019902247614719655,5.275898750927243e-08,accrual_down,False
Lta,-0.5167941051463546,0.002458294107689735,0.6869433589367078,1.4111768329759166e-05,-0.3695234096164252,0.019841389625514776,5.23901966885746e-05,accrual_down,False
Tgm2,-0.5168418121388617,0.002455626734773694,0.710373326954326,5.244887596977858e-06,-0.20769937893856372,0.019841389625514776,2.2945258689694728e-05,accrual_down,False
Timp1,-0.51694763974987,0.0024497187090694377,0.7809722887508362,1.3370899417322292e-07,-0.28012529505710815,0.01983494465867175,1.2535387100897348e-06,accrual_down,False
Lcp2,-0.5177710906988593,0.0024041678446686324,0.7979228126382468,4.5152198042130634e-08,-0.3392759272467315,0.019528121298813206,5.696430206624339e-07,accrual_down,False
Angptl4,-0.5181974577425763,0.00238087268684682,0.7556248967716477,5.742404556611911e-07,-0.25559122602391215,0.019400689417900366,3.900725811071627e-06,accrual_down,False
Sf1,-0.5187650278067175,0.0023501668736397585,0.21836306330030808,0.22988393335872281,-0.5301711493132432,0.019181121955898255,0.288117430973672,accrual_down,False
Cenpf,-0.5188531916313477,0.002345428154507526,0.6515321183811627,5.366804340896029e-05,-0.480430844971969,0.01917312342330591,0.0001672115040909475,accrual_down,False
Lat,-0.5192421138149712,0.0023246228485847096,0.7807851135979481,1.352492657605502e-07,-0.23408190522768546,0.019064149759856274,1.2635650268215506e-06,accrual_down,False
Smn1,-0.5202067148776927,0.0022737119863300076,0.7106892153750846,5.171996252811188e-06,-0.3039871978154221,0.01876452756515292,2.272381816157612e-05,accrual_down,False
Rhbdf2,-0.5212330775523195,0.0022206076189503327,0.8498440627859132,7.594606778199744e-10,-0.2344179883651265,0.01838850562380787,4.843883041963213e-08,accrual_down,False
Eme1,-0.5221095230128612,0.0021761164473821097,0.7718337221320213,2.3097248300058436e-07,-0.36901928491026365,0.018078778498527917,1.9251480976895114e-06,accrual_down,False
Birc3,-0.5226356878346182,0.002149780534727708,0.7918944447992788,6.718740855721683e-08,-0.2352581962087291,0.01788911991459386,7.633028308471338e-07,accrual_down,False
Gsdmd,-0.5230483253626237,0.002129321236844282,0.8722873828152071,7.834738593319836e-11,-0.1818209773556035,0.01774782292343576,1.9770879523892035e-08,accrual_down,False
Ncaph,-0.5233217027980309,0.0021158601189680505,0.7847903025548749,1.0559250757939402e-07,-0.35372750215669624,0.01769344666697709,1.056132119926449e-06,accrual_down,False
Cenpa,-0.5237834828322803,0.002093290066941579,0.7757410008813308,1.834014259545109e-07,-0.35204708646949107,0.017555680466051358,1.6102077001617213e-06,accrual_down,False
Mtmr12,-0.5244306766521267,0.0020620101688637884,0.8075284672557477,2.3302333186926857e-08,-0.2460128566068424,0.01741442693936123,3.6019758056519366e-07,accrual_down,False
Ly6g5b,-0.5253234337497122,0.0020195294190473913,0.639759978754368,8.062579072662085e-05,-0.36011308176807605,0.017112324861396584,0.0002406507656503762,accrual_down,False
Csf2,-0.5255589767455974,0.0020084491635531583,0.7116414391964916,4.957794385968613e-06,-0.16333640479634623,0.017046754048726555,2.2029363382252523e-05,accrual_down,False
Hells,-0.5255949338464381,0.002006762356298421,0.5161825643275743,0.0024927096247282393,-0.4135503006212017,0.017046754048726555,0.0050861247182954995,accrual_down,False
Fstl1,-0.5256995524820656,0.0020018615316523465,0.3737837753744108,0.03508451861621137,-0.4799267202658074,0.017046754048726555,0.0544963853414416,accrual_down,False
Cdkn2d,-0.5261479336095923,0.001980975048380932,-0.1729211303219875,0.3439306706794979,-0.505300997142606,0.016897915922727647,0.41078951846413786,accrual_down,False
Ccl17,-0.5261556337703481,0.0019806180224727485,0.6559559829281899,4.584960088232879e-05,-0.35036667078228584,0.016897915922727647,0.00014590069500983104,accrual_down,False
Tnfsf4,-0.5262837139918839,0.001974687657908296,0.7006367576218218,8.003461444087945e-06,-0.2520623530807812,0.016897915922727647,3.250450384258965e-05,accrual_down,False
H2-T23,-0.5266218884651998,0.0019591037307822097,0.8468933630224694,9.960121857967365e-10,-0.2318973648343187,0.01686614926757166,5.522454521466471e-08,accrual_down,False
Cd4,-0.5267463980409598,0.001953393040918188,0.7421720958492848,1.161704970248753e-06,-0.24954172954997336,0.01686614926757166,6.81573163077536e-06,accrual_down,True
Ercc6l,-0.5270754573037397,0.0019383702812890192,0.8284646857597454,4.809289225202099e-09,-0.2648335123035408,0.016787142283285716,1.3419744950791948e-07,accrual_down,False
Cenpe,-0.5274509474424286,0.0019213507411045304,0.6660014798560744,3.1761049168424746e-05,-0.44816686377762893,0.01666804443941192,0.00010534247126402464,accrual_down,False
Pecam1,-0.5276708426720158,0.0019114442573063678,0.6231445245852817,0.00013925516912795594,-0.3611213311803992,0.016610352907188725,0.00039115672782032114,accrual_down,False
Sgo1,-0.527891730729496,0.0019015378518547968,0.7169466101237799,3.904849736214267e-06,-0.408172970422145,0.016580759969762937,1.8157373294830423e-05,accrual_down,False
Lgals9,-0.5289018514047962,0.0018568033952870383,0.8673799670734476,1.3329500207392484e-10,-0.2450046071945193,0.016302158553113913,2.5182881688114465e-08,accrual_down,False
Dtl,-0.5296960306389313,0.0018222786329695516,0.7199179757672063,3.408143924564646e-06,-0.3743966151093203,0.01608208184563613,1.6232438990853647e-05,accrual_down,False
Cdc20,-0.5314476204013059,0.0017481041303646788,0.754507872198347,6.098676303769525e-07,-0.3742285735405998,0.015534981130644995,4.087956350266537e-06,accrual_down,False
Ccl12,-0.5317622397534135,0.0017350635983831748,0.511713050840215,0.002757175981688666,-0.42749775082500485,0.015446002470074301,0.005552580374585591,accrual_down,True
Marco,-0.5322498297963655,0.0017150212398299289,0.6864862786765812,1.4373960872393338e-05,-0.33877180254056993,0.015347523111968254,5.3131575659477115e-05,accrual_down,False
Hist2h2bb,-0.5327795713973004,0.0016934753383759955,0.7021677064905772,7.497159948495039e-06,-0.38027807001453856,0.015208481868056256,3.074197178237395e-05,accrual_down,False
Il17f,-0.5328901925809948,0.0016890060170959176,0.36267934242188477,0.04134555872671855,-0.5405897265739154,0.015195096460681262,0.06312824154822305,accrual_down,False
Il2rb,-0.5334072692537446,0.001668251215309104,0.7289431433015714,2.2304977217048794e-06,-0.34062025979649563,0.01503489301995007,1.1446447563799385e-05,accrual_down,False
Mcl1,-0.5335259591822865,0.001663518668232878,0.8513880813655148,6.574817319121186e-10,-0.21139629345041516,0.015018776507355596,4.731193748300496e-08,accrual_down,False
Adgrg5,-0.5335624585408946,0.0016620656785404908,0.7376190301398718,1.4604397154893673e-06,-0.36313783000504546,0.015018776507355596,8.150659725067027e-06,accrual_down,False
Vcan,-0.5338337205539269,0.0016513017525083978,0.685199616189956,1.5135823805832617e-05,-0.3710357837349099,0.01496143914661694,5.558519599247817e-05,accrual_down,False
Brpf1,-0.5340017534156963,0.0016446646017481113,0.8273589171082585,5.254478471935997e-09,-0.20013750834614025,0.014927818742913017,1.3816028188322434e-07,accrual_down,False
Flt3,-0.5340146572341663,0.001644155875888561,0.423134198413251,0.01582394176774952,-0.46278648025631425,0.014927818742913017,0.026630790814018576,accrual_down,False
Ect2,-0.5349886082045828,0.0016061524373829268,0.7148475170449476,4.294407508108782e-06,-0.42901012494348956,0.014662690804979414,1.9629416586640243e-05,accrual_down,False
Lipg,-0.5365694952977106,0.0015460975243859758,0.2405700888387943,0.18473943937252704,-0.45472048495772927,0.01428739759400881,0.23832976232657066,accrual_down,False
Ibsp,-0.537220685689671,0.001521936039804775,0.32385650424943047,0.07057455692835715,-0.47505351477291224,0.014166780545701016,0.10195435142779662,accrual_down,False
Dnmt3l,-0.5378141985717023,0.001500202497229936,0.6003358170723384,0.00028081010531565034,-0.4579132747634192,0.013990005371791413,0.0007241720663372763,accrual_down,False
Kif20a,-0.5385219461701946,0.0014746406334595606,0.7403642890845198,1.2729201239316354e-06,-0.4056523468913372,0.013827466675141946,7.2755017791175985e-06,accrual_down,False
Orc1,-0.5393800806013285,0.0014441582596482036,0.6982987510348367,8.836593154817011e-06,-0.37305228255955614,0.013667256553739307,3.5399595836844474e-05,accrual_down,False
Runx3,-0.5401050096826926,0.00141883809165332,0.8172403695481549,1.148896005814167e-08,-0.2818057107443134,0.013545143126668569,2.3039135759640123e-07,accrual_down,False
Jak1,-0.5401441378678723,0.0014174825380188765,0.624755653043802,0.00013224868250420415,-0.40010697512356,0.013545143126668569,0.0003731197618661202,accrual_down,False
Knl1,-0.5405129929842816,0.0014047594832967616,0.5672918017473144,0.0007095676126981123,-0.4335472472989436,0.013469319782512746,0.0016452292692604867,accrual_down,False
Trpm2,-0.5406084080148496,0.00140148459509629,0.8375754830916919,2.262472790148806e-09,-0.19274367932243736,0.013469319782512746,8.256573638882929e-08,accrual_down,False
Psmb8,-0.5412402812694587,0.0013799650487509893,0.8240157311757849,6.841528650544019e-09,-0.3209593962561947,0.013343408021825574,1.694108623612866e-07,accrual_down,False
Rnf31,-0.5427251218260922,0.0013305297758216931,0.675433422536513,2.2216719670650478e-05,-0.3937213955121802,0.01300197775185145,7.795405483963832e-05,accrual_down,False
Prss42,-0.5428867647815644,0.0013252428220137452,0.545240321409835,0.001250319102465192,-0.4338833304363847,0.01300197775185145,0.0027396382051868323,accrual_down,False
Ccr7,-0.5432885020585194,0.0013121824796411335,0.772964420799474,2.1616139840655666e-07,-0.28819129035569313,0.012946697927755168,1.8346743648450009e-06,accrual_down,False
Tagln,-0.5434556556920446,0.001306781634873139,0.8213249054775354,8.427253820647027e-09,-0.27121909191492055,0.012919435208379727,1.9105520772942435e-07,accrual_down,True
Serpina3i,-0.5442222211035324,0.0012822617477900786,0.8085095524768076,2.173517314266886e-08,-0.27928508721350553,0.0127501309463493,3.4539289159113355e-07,accrual_down,False
Col4a2,-0.5448747513124059,0.001261707685960616,0.7880262040036863,8.61226887283826e-08,-0.30499544722774524,0.012587726257327177,9.171437060615442e-07,accrual_down,True
Espl1,-0.5449966763952934,0.0012578993107915156,0.8456950634533164,1.1101656405709845e-09,-0.24937368798125287,0.012581459577152001,5.6205073693140944e-08,accrual_down,False
Spn,-0.5453053785615003,0.0012483018412304495,0.7579795365903474,5.052825538694565e-07,-0.3175985648817843,0.012534621441174258,3.545318166833697e-06,accrual_down,False
Uhrf1,-0.5460241576098855,0.0012262032028701683,0.7591698998440709,4.733796909413368e-07,-0.3666667029481763,0.012361388414704997,3.3914463532187625e-06,accrual_down,False
Rara,-0.5468085262521398,0.0012024796052007905,0.705363030557003,6.5326938295426285e-06,-0.3060036966400684,0.012218821645675762,2.7388118748203825e-05,accrual_down,False
Pirb,-0.5474522831347466,0.0011833102129375002,0.8785109590148275,3.8667496152700355e-11,-0.1067063961375307,0.012072130792388377,1.7563388887121595e-08,accrual_down,True
Bub1b,-0.5479415693455099,0.0011689201265822093,0.7912345618113642,7.011986913455767e-08,-0.36565845353585325,0.011973215995373192,7.895837802546991e-07,accrual_down,False
Podxl,-0.5482642714783,0.0011595134558095195,-0.06258373477868583,0.7336489929139459,-0.4483349053463494,0.011948844723402746,0.7778722745487504,accrual_down,False
Ptpn2,-0.548475085007133,0.0011534041826536435,0.7921154427308991,6.623073381439141e-08,-0.3162542323320201,0.011909948857725172,7.541137794357379e-07,accrual_down,False
E2f4,-0.5485254868876733,0.0011519477454312,0.7809452711293952,1.3393032679845235e-07,-0.28903149819929574,0.011909948857725172,1.2535387100897348e-06,accrual_down,False
Casp4,-0.5488755393770401,0.0011418768459427575,0.7631725444690521,3.7911780375406435e-07,-0.29121603859266254,0.011838849169012206,2.8565434519194715e-06,accrual_down,False
Themis,-0.549093329475978,0.0011356501035282435,0.6962222614770442,9.64152392756698e-06,-0.39103273041265185,0.011820578054913215,3.789014911750321e-05,accrual_down,False
Nlrp12,-0.5491043603294521,0.0011353355185029503,0.4563151125236529,0.008664040077937975,-0.4535441939766856,0.011820578054913215,0.015605673883319777,accrual_down,False
Isg20,-0.5492161663564216,0.0011321512692919434,0.5911101463804627,0.0003674425455831014,-0.39960285041739846,0.011820578054913215,0.0009147508174814058,accrual_down,False
Cd80,-0.5509447153257689,0.0010839083280130548,0.7898335606322155,7.673863390595927e-08,-0.28012529505710815,0.01147098834272737,8.393279918805819e-07,accrual_down,False
Agps,-0.551187893029358,0.001077268109494728,0.3867288185282658,0.02877888713702296,-0.4925298379198464,0.011424417102978394,0.04559040474719071,accrual_down,False
Chil1,-0.5529635539175948,0.0010298536004627527,0.8310644294343406,3.895878639077519e-09,-0.2965933687917192,0.011106307010487319,1.1822122246706705e-07,accrual_down,False
Malt1,-0.554031043148311,0.001002238999567513,0.8161951071446673,1.2422005895756106e-08,-0.2224870369859695,0.010919345666803693,2.3821297772275147e-07,accrual_down,False
Cldn14,-0.5556660672428403,0.0009612025846426428,-0.29305369068160964,0.10357354421627978,-0.41976783866386086,0.010567013759185605,0.14372378918586592,accrual_down,False
Mcub,-0.5559234142279706,0.0009548798381254755,0.814271684041795,1.4323183408959538e-08,-0.21391691698122298,0.010520177223062746,2.6568203116037313e-07,accrual_down,False
Cd1d1,-0.5560111863774996,0.0009527317360917466,0.5548731612116997,0.0009809151751689052,-0.3337305554789543,0.010519230705203463,0.002205221819540143,accrual_down,False
Cldn11,-0.5562653703540225,0.0009465348541993853,-0.3796270527858999,0.032112260581554156,-0.4900092143890386,0.010473480024449163,0.0502336496282327,accrual_down,False
Ndc80,-0.5573505491660292,0.0009204750759946433,0.7935721082996247,6.02309906314675e-08,-0.28583870839360587,0.010229506236707354,7.014572676052871e-07,accrual_down,False
Il12rb2,-0.5578200156805032,0.0009093979215856312,0.7552173375044293,5.870131772198418e-07,-0.2960892440855576,0.010128468991284507,3.960786001320652e-06,accrual_down,False
Kpna2,-0.5600957729699508,0.0008573442232077673,0.5782978483124591,0.0005267992523094584,-0.4866483830146282,0.009675470979165532,0.0012610056246037294,accrual_down,False
Ncf4,-0.5606280098582298,0.0008455551731725098,0.8617011203716106,2.4029290035481876e-10,-0.27693250525141827,0.00966123427017018,3.261698143133259e-08,accrual_down,False
Olr1,-0.5609749434972612,0.0008379475470566843,0.6633459211274899,3.504440337067507e-05,-0.3822945688391848,0.009608764656061395,0.00011466420884785988,accrual_down,False
Ccr4,-0.5616183711997613,0.0008239975352094369,0.6320586389109255,0.0001042768884764205,-0.4300183743558127,0.009531091671436141,0.0003011984190929903,accrual_down,False
Aqp3,-0.5617488061744053,0.0008211946369905256,0.758989097530548,4.781037652205902e-07,-0.3722120747159535,0.00952025873474698,3.4156965075493423e-06,accrual_down,False
Bub1,-0.5627420894938706,0.0008001237616664571,0.7187329444031094,3.5989127053748114e-06,-0.42564929356907916,0.009335226357374948,1.6935473902321875e-05,accrual_down,False
Pla2g4a,-0.5638285749184687,0.0007776218043619059,0.45649743416892863,0.00863401264042243,-0.4742133069293097,0.009097818403784591,0.015562578967772021,accrual_down,False
Mybph,-0.5640068694395199,0.0007739828782465715,0.5749132837494214,0.0005779725886119586,-0.4834555932089383,0.009076061291806348,0.001366823446689662,accrual_down,False
Serpina3f,-0.564914225847545,0.0007556952827187297,0.7280950029330149,2.3227890774714845e-06,-0.3165903154694612,0.008902544196647207,1.1836710373808234e-05,accrual_down,False
Gak,-0.5658367555305471,0.0007374929060072866,0.7427074041061574,1.1305154496275922e-06,-0.32919343312350025,0.008748723984984113,6.698607067833782e-06,accrual_down,False
Ptgs2,-0.5660996275826032,0.0007323773816397818,0.42502021228289877,0.01531460305014682,-0.3831347766827874,0.008708291430639923,0.025867480185032758,accrual_down,False
Etv6,-0.5661226550529431,0.0007319307560927936,0.8026262548094095,3.2806385306145953e-08,-0.323311978218282,0.008708291430639923,4.498531490501358e-07,accrual_down,False
Rab4b,-0.5664769252220696,0.0007250897309573608,-0.07466352693649528,0.6846512138274943,-0.5190804057776888,0.008702782864972934,0.7338528770191318,accrual_down,False
Ctla4,-0.5666269534374477,0.0007222096715317948,0.7602297069380822,4.465353074417439e-07,-0.30751607075855303,0.008702782864972934,3.2534890612279585e-06,accrual_down,False
Slk,-0.5677740882952604,0.0007005193490929891,0.5660110121104726,0.0007340983481045662,-0.43875653592927977,0.008467652132045825,0.0016982474710573207,accrual_down,False
Klrk1,-0.5682241635652169,0.0006921672565480911,0.8097535363221923,1.9887322302654234e-08,-0.2666819695594665,0.008386568113187203,3.261144249405554e-07,accrual_down,False
Supt16,-0.568774426616828,0.0006820752644744274,0.6403555147035024,7.901483723859863e-05,-0.4236327947444329,0.008316403355296384,0.00023639570953319156,accrual_down,False
Brca1,-0.5688986703398125,0.0006798146226355806,0.722137449533883,3.075363039461858e-06,-0.41035751081551175,0.008315909808307187,1.491200272271382e-05,accrual_down,False
Aurka,-0.5702056700297661,0.0006564305403642485,0.7400254995967441,1.2948105437688299e-06,-0.44077303475392604,0.008049163909610652,7.355042966330514e-06,accrual_down,False
Top2a,-0.5708141256114575,0.0006457884227732008,0.7739291755059776,2.0421655194563406e-07,-0.3330583892040722,0.007976190664808952,1.7583785716173755e-06,accrual_down,False
Il22,-0.5711567267314663,0.0006398633885595244,0.2386721848242915,0.1883338172681324,-0.41254205120887855,0.00794146750618524,0.24229276213991005,accrual_down,False
Rtkn2,-0.5711904067352045,0.0006392835136153312,0.34641204514088886,0.052106382706500164,-0.5190804057776888,0.00794146750618524,0.07794564756183499,accrual_down,False
Pdcd1lg2,-0.5714820475895868,0.0006342816250049849,0.7738023159023923,2.0575196689425849e-07,-0.32700889273013345,0.007910685988142856,1.761118281175069e-06,accrual_down,False
Nfkbib,-0.5719769469887899,0.0006258726154446,0.5257876864100991,0.001997741013401832,-0.44984727946483416,0.007844167595535391,0.004183282803515084,accrual_down,False
Csf2rb2,-0.5721430877777476,0.0006230717866264435,0.8343126952112848,2.9793608275953513e-09,-0.3046593640903042,0.007844167595535391,9.998499724713084e-08,accrual_down,False
Ripk3,-0.5722771919649055,0.0006208191048668792,0.7970813653609007,4.776563634073281e-08,-0.29760161820404235,0.00783860953942067,5.942744170099465e-07,accrual_down,False
Brip1,-0.5733743133485768,0.000602657803008257,0.7035457908181252,7.0664149891813445e-06,-0.379773945308377,0.007647157843644575,2.921052095608917e-05,accrual_down,False
Scimp,-0.5742383051529429,0.0005886872155280777,0.8028925447324974,3.221028573656799e-08,-0.3488542966638012,0.007488512434934474,4.442327842828236e-07,accrual_down,False
Ccr5,-0.5748873724138972,0.0005783807067034949,0.7636658577542088,3.6877337962224815e-07,-0.34566150685811126,0.007375799962236318,2.7951159130060742e-06,accrual_down,False
Slc31a1,-0.575447497283531,0.0005696148725368287,0.7697686969944121,2.6044075597186883e-07,-0.3749007398154819,0.007299466669908886,2.1290197054687545e-06,accrual_down,False
Lif,-0.5761080446542628,0.0005594283108941299,0.5242088510310133,0.002072685242541461,-0.47572568104779434,0.007206171247148881,0.0043207059346971775,accrual_down,False
Fcgr4,-0.5763036751110157,0.0005564424508730138,0.8411006596701086,1.6689945427741684e-09,-0.2450046071945193,0.007193536458722194,7.09645934507362e-08,accrual_down,False
Kif3b,-0.576457990554899,0.0005540971081565935,0.5522596116427516,0.0010484268915553184,-0.3859914833510362,0.00719198307558978,0.0023374237647830766,accrual_down,False
Il4ra,-0.5764980059433624,0.0005534903665767623,0.8548584277498731,4.726431774499271e-10,-0.21358083384378193,0.00719198307558978,4.468911583096216e-08,accrual_down,False
Topbp1,-0.576593055023664,0.0005520515163762612,0.7186599643233317,3.610972173158734e-06,-0.3982585178676343,0.00719198307558978,1.697656134127438e-05,accrual_down,False
F2rl3,-0.5770083993386212,0.0005458027222636486,0.5629767969847064,0.0007952148643024636,-0.4328750810240616,0.007157171429991957,0.0018244660540189745,accrual_down,False
Sptlc2,-0.5773359370655912,0.0005409191014474487,0.7315249877385425,1.969697781020754e-06,-0.4053162637538961,0.007111413238359371,1.0466071230194651e-05,accrual_down,False
Jak2,-0.5775902061485686,0.0005371545729074273,0.6495019257321047,5.7641142671847826e-05,-0.4249771272941971,0.007080169189666115,0.00017798272927911364,accrual_down,False
Nfkbie,-0.5776132308739667,0.0005368148303998773,0.7911509737602967,7.049958341654837e-08,-0.2999542001661296,0.007080169189666115,7.921109581669895e-07,accrual_down,False
Baz1a,-0.5778957659925259,0.000532661295872532,0.8192924597916951,9.841896743188646e-09,-0.28987170604289836,0.00705741628635269,2.0918131369585535e-07,accrual_down,False
Itgal,-0.578149945454808,0.0005289488995278139,0.8313724715559067,3.7989587340982095e-09,-0.28146962760687233,0.007026480042946298,1.1744538486445434e-07,accrual_down,False
Mybpc3,-0.5790556522218252,0.0005159058058289089,0.5551536669916185,0.0009739012764675417,-0.5135350340099115,0.00692535661982438,0.0021913852718398455,accrual_down,False
Ccl7,-0.5791791371248264,0.000514149695616567,0.6240497646389374,0.00013527874047509467,-0.2955851193793961,0.006919993660527991,0.0003812468813057779,accrual_down,False
Abca13,-0.5793679878683305,0.0005114742161585166,0.5582970967346563,0.0008982612531234017,-0.4011152245358831,0.0069042856987147645,0.002036458067636654,accrual_down,False
Trem1,-0.5795144321413853,0.0005094079924303218,0.5183464432200494,0.002372778982190405,-0.4377482865169567,0.0069042856987147645,0.004880461930706958,accrual_down,False
Nos2,-0.5799832393857294,0.0005028429708066736,0.608863249581166,0.00021739896669708295,-0.4723648496733839,0.006840005317559579,0.0005778802131953205,accrual_down,False
Ptpn1,-0.581049603584568,0.0004881876920701901,0.8405471529823758,1.7515031107245153e-09,-0.27441188172061043,0.006694208110887203,7.344768539918371e-08,accrual_down,False
Cd40lg,-0.581207898714376,0.00048604470746564784,0.7152123830576645,4.2242600005786236e-06,-0.32633672645525136,0.006689274113153692,1.9412567804460866e-05,accrual_down,False
Hif1a,-0.5812777840320208,0.00048510125578831174,0.7277840708747891,2.3574840330519564e-06,-0.36229762216144284,0.006689274113153692,1.198955738045666e-05,accrual_down,False
Casp7,-0.5815502566009766,0.00048143831922259654,0.8540011274250968,5.13200751309054e-10,-0.2713871334836411,0.0066734153977023505,4.592696548118394e-08,accrual_down,False
Zyx,-0.5821323493841216,0.0004736948732015076,0.5031466304949392,0.003332557301897839,-0.489169006545436,0.006583971520983352,0.006586352110414908,accrual_down,False
Erap1,-0.5826106799739073,0.0004674143976492096,0.8311829183397471,3.858331959526606e-09,-0.21946228874900017,0.006514428531171088,1.1822122246706705e-07,accrual_down,False
Daxx,-0.5827330204594658,0.0004658199421989179,0.730854852668022,2.034579508452129e-06,-0.3570883335311067,0.006509993219607343,1.0721477347742056e-05,accrual_down,False
Mxd1,-0.583126846067116,0.0004607198544552736,0.6201092090751654,0.00015336104786400293,-0.4814390943842921,0.006492077286122516,0.00042528572262357796,accrual_down,False
Icos,-0.5836325089906923,0.00045424391129329837,0.7170631580775153,3.884191470597551e-06,-0.36750691079177894,0.006418554547111122,1.808168190998832e-05,accrual_down,False
Il12a,-0.5836615630566891,0.0004538742790005558,0.6973056677342426,9.213633898636539e-06,-0.35608008411878356,0.006418554547111122,3.657490001318675e-05,accrual_down,False
Kpnb1,-0.583969887861237,0.00044996806482729113,0.15738061529586758,0.3896579983944364,-0.5681485438440808,0.0064114164767709834,0.45692998846207356,accrual_down,False
Il12rb1,-0.5842466835488284,0.0004464866629194832,0.7273430094003772,2.4075078572918577e-06,-0.43741220337951564,0.006397551875146864,1.2156920585956194e-05,accrual_down,False
Map3k8,-0.5846349948403071,0.00044164284126829,0.842004786605642,1.5418888769479692e-09,-0.2960892440855576,0.0063650127244804485,6.899276457290869e-08,accrual_down,False
Nlrc5,-0.5853632874709179,0.0004326833026631158,0.8069275974363764,2.4312709890607052e-08,-0.37305228255955614,0.006306050076813011,3.69104562952341e-07,accrual_down,False
Cxcr2,-0.5861379340246525,0.0004233304013686509,0.606587916306561,0.00023293045728441133,-0.42783383396244595,0.006220072357973523,0.0006145647575159403,accrual_down,False
Usp25,-0.5874178649379056,0.0004082684805735946,0.6614266091184023,3.760429017623203e-05,-0.40548430532261664,0.006071654575527423,0.00012179014869140291,accrual_down,False
Cd177,-0.5883170914950248,0.0003979723202507985,0.7240134891692777,2.8174061316727053e-06,-0.3142377335073739,0.005970755310586245,1.389902193197531e-05,accrual_down,False
H2afx,-0.5914363512225247,0.0003640159467116013,0.5208059112742336,0.0022425769563129286,-0.4910174638013618,0.0055929076631803555,0.00463508308515083,accrual_down,False
Tdg,-0.5918684473927726,0.0003595206345293463,0.2941829495818933,0.1021883362788734,-0.5263061932326711,0.005557317444649077,0.1419947434918369,accrual_down,False
Nt5e,-0.5935076572493927,0.0003429112154044825,0.7042466403877641,6.856066935148581e-06,-0.42968229121837165,0.005382123414702354,2.852593591859128e-05,accrual_down,False
Bak1,-0.5937389651713931,0.0003406231114487511,0.8278291202656862,5.060730880776081e-09,-0.3060036966400684,0.005379314215170524,1.378580802551581e-07,accrual_down,False
Timeless,-0.5940026493213035,0.00033803126351059375,0.7527064909036046,6.715923552382313e-07,-0.37204403314723306,0.005379314215170524,4.4260886357496346e-06,accrual_down,False
Dusp5,-0.5944163960518911,0.0003339996389352739,0.7257591925118948,2.595197968970246e-06,-0.42010392180130196,0.00536270838657245,1.2944908134465314e-05,accrual_down,False
Foxm1,-0.5944242501557011,0.00033392352135678405,0.7367484446738292,1.5249591720983527e-06,-0.38431106766383105,0.00536270838657245,8.436894508539802e-06,accrual_down,False
Abracl,-0.5963165511519547,0.00031602660213533444,0.7770473412959484,1.6961864842565894e-07,-0.37086774216618934,0.005166832363757503,1.517938115121555e-06,accrual_down,False
Tacstd2,-0.5969615267347275,0.00031012406966740303,0.6219256799184157,0.00014477389721924885,-0.45959369045062437,0.0051361781797838405,0.00040443135252759497,accrual_down,False
Serpina3c,-0.5971529175692114,0.00030839147208358146,0.7257519395828766,2.596087242022744e-06,-0.436908078673354,0.005124120192502766,1.2944908134465314e-05,accrual_down,False
Dbnl,-0.5973516364891248,0.00030660163126683865,0.7684392841624952,2.811898669735977e-07,-0.4130461759150401,0.005111029153895895,2.261217527716512e-06,accrual_down,False
Rassf5,-0.5984040525570794,0.0002972754566381567,0.7787479354691403,1.5309651730192741e-07,-0.36095328961167866,0.004988164816813281,1.3970176235284744e-06,accrual_down,False
Matn1,-0.5991247379781277,0.00029103511198030495,-0.08702643563791015,0.6357782462668664,-0.5787351626734736,0.00489957130762883,0.6903160566639602,accrual_down,False
Bard1,-0.5995638567379024,0.0002872901067867683,0.510005519687981,0.0028644456339193204,-0.4854720920335846,0.004880272696926208,0.005752573692371045,accrual_down,False
Arg1,-0.5997214801973115,0.0002859562964437666,0.8097119983199921,1.9946618424123363e-08,-0.35204708646949107,0.004880272696926208,3.261144249405554e-07,accrual_down,False
Il27,-0.5999269202920944,0.00028422611731581505,0.7148468528994104,4.294536151870322e-06,-0.41271009277759907,0.004880272696926208,1.9629416586640243e-05,accrual_down,False
E2f2,-0.6004815258399937,0.00027960166427648406,0.8410976878804094,1.6694278012327671e-09,-0.28583870839360587,0.004818405707683599,7.09645934507362e-08,accrual_down,False
Saa1,-0.6008610664881031,0.00027647558712564393,0.1928698843981548,0.29023827192948226,-0.40834101199086553,0.004780684643823423,0.3544422851597532,accrual_down,False
Ccl2,-0.6034861126680948,0.0002556911033461088,0.7245524247917259,2.747027994411213e-06,-0.2984418260476449,0.0044514686626911295,1.3591260717256643e-05,accrual_down,False
Map3k15,-0.6035809333158602,0.0002549670534945615,0.8289233171752651,4.6350461041300496e-09,-0.27827683780118245,0.0044514686626911295,1.32827922343637e-07,accrual_down,False
Dnttip2,-0.6042837025096928,0.00024965727177308545,0.09432372386346533,0.6076057606422248,-0.6130156426924599,0.004391385321774168,0.6643937802863856,accrual_down,False
Lsr,-0.6043629396253163,0.00024906480517372306,0.47783887813557296,0.0056764719479092274,-0.501436041062034,0.004391385321774168,0.01071242449363114,accrual_down,False
Vasp,-0.6050603952362185,0.00024390351436247306,0.8479212645137616,9.068240926837888e-10,-0.2928964542798677,0.004319971620704775,5.256488291795463e-08,accrual_down,False
Socs2,-0.6053633030331874,0.00024169172255111444,0.7210649847754761,3.2322897608583252e-06,-0.44194932573496964,0.004295712462485138,1.551073383832391e-05,accrual_down,False
Lss,-0.605821682923533,0.00023837860246149958,-0.4158677657788116,0.017920330826806847,-0.557225841877247,0.004266558775986348,0.029650213281719663,accrual_down,True
Clec4n,-0.6062495693979789,0.00023532239651949182,0.8392252475059787,1.9639952610948623e-09,-0.28230983545047494,0.004241623832671123,7.888456556570782e-08,accrual_down,False
Slc16a3,-0.6067152492218505,0.00023203589478504725,0.8257037615398727,5.992104735554124e-09,-0.339780051952893,0.00421215337828657,1.5311672037051248e-07,accrual_down,False
Ackr1,-0.6068798440019738,0.0002308840819662589,0.5615245108000536,0.0008260196901195797,-0.4715246418297813,0.00421215337828657,0.00188862682173912,accrual_down,True
Tnf,-0.6090302583000782,0.0002162961390528415,0.7899089825618978,7.636822500220779e-08,-0.3322181813604696,0.003983128539020016,8.379547040358588e-07,accrual_down,False
Irf9,-0.609429457535016,0.00021368020888585707,0.698873969781557,8.624644567390245e-06,-0.5007638747871519,0.003963573620097298,3.469582960430413e-05,accrual_down,True
Msmo1,-0.6096939680551898,0.00021196243323791833,-0.6020978168404156,0.0002665034019373967,-0.5689887516876834,0.003946059751630005,0.0006911204134634776,accrual_down,True
Traf3ip2,-0.6097433643570925,0.0002116430108504395,0.7276295354640497,2.3749023686158976e-06,-0.40010697512356,0.003946059751630005,1.2042124236888363e-05,accrual_down,False
Herc6,-0.6100785274565371,0.00020948696305718133,0.6535024884390122,5.004893632186902e-05,-0.4644668959435194,0.003942057570558317,0.00015749514138053912,accrual_down,False
Socs3,-0.6100828189280186,0.00020945948398568725,0.7475126806595509,8.828388510556775e-07,-0.2939047036921909,0.003942057570558317,5.5734665584591724e-06,accrual_down,False
Ccr1,-0.612450677890669,0.00019477793848509203,0.7904312952844523,7.38477012153384e-08,-0.3014665742846143,0.0037212069820691178,8.17130420606163e-07,accrual_down,False
Ramp3,-0.6128297782422842,0.00019251451296294954,0.6362926298056821,9.060332553994786e-05,-0.44967923789611364,0.0036917914685112995,0.00026653262028793196,accrual_down,False
Cish,-0.6130155427135802,0.00019141397918720802,0.7251580366194654,2.6698520025626266e-06,-0.3975863515927522,0.0036917914685112995,1.3260871533663057e-05,accrual_down,False
Mki67,-0.613232733779643,0.00019013437195286554,0.7600028959737007,4.5216050574398755e-07,-0.4058203884600577,0.003687739282629533,3.2762368463069327e-06,accrual_down,False
Cxcl1,-0.6137636444458568,0.0001870384695013205,0.41978184038125277,0.01676416161821389,-0.41875958925153783,0.003641539056970366,0.02805577047720113,accrual_down,False
Irf7,-0.6138472194543969,0.00018655523111464346,0.5197799009551873,0.002296118147755205,-0.5100061610667806,0.003641539056970366,0.004738065805703601,accrual_down,False
Acod1,-0.6146477789183616,0.00018198237283161854,0.7207037759493055,3.2867583334718846e-06,-0.39876264257379584,0.003570354168515716,1.571298431025312e-05,accrual_down,False
Hck,-0.6152469381782479,0.0001786255568830369,0.8528353744524753,5.735135608549112e-10,-0.3727161994221151,0.0035316626575983383,4.6462202237826954e-08,accrual_down,False
Cd40,-0.6155569529669667,0.00017691044128541973,0.7702176981514485,2.5375561091611725e-07,-0.35675225039366565,0.003511362494151463,2.084391902227237e-06,accrual_down,False
Mmp9,-0.6156238312844421,0.0001765423762455618,0.6790670594050492,1.929272451093172e-05,-0.4350596214174283,0.003511362494151463,6.857992176324926e-05,accrual_down,True
Ifi208,-0.6163057092199025,0.00017282842755719425,0.6895178817349702,1.2714000241101907e-05,-0.4231286700382713,0.003484576320036553,4.8004526446973224e-05,accrual_down,False
Ifih1,-0.6177443922611543,0.00016522004483795797,0.6835574761553824,1.6161087941801953e-05,-0.44211736730369017,0.0033846885490699742,5.8800078167711676e-05,accrual_down,False
Cd14,-0.6179585343568521,0.00016411348039807654,0.7466369223351933,9.239107612813395e-07,-0.36229762216144284,0.0033846885490699742,5.78266109606885e-06,accrual_down,False
Gzma,-0.6180184622923924,0.0001638049927606388,0.6940881577847772,1.0537378060132404e-05,-0.4994195422373878,0.0033846885490699742,4.103142403414916e-05,accrual_down,False
Adar,-0.6216467663689593,0.00014606388666413547,0.04340139709634172,0.8135426362573084,-0.7081271705882746,0.0031174555894299375,0.8462236924038602,accrual_down,False
Nlrp3,-0.6221963209693768,0.0001435318979923691,0.770007055407566,2.568720653662997e-07,-0.3670027860856174,0.003076286603609558,2.1065987225618887e-06,accrual_down,False
Trip13,-0.6233758787564708,0.00013822910324749437,0.8302999989337304,4.146311994336541e-09,-0.37322032412827666,0.0029877400663791054,1.222562860295416e-07,accrual_down,False
Psma4,-0.6257802225469224,0.00012795846946067634,0.6756961090575337,2.1992656425682025e-05,-0.46547514535584256,0.0028013568786219314,7.726208018416254e-05,accrual_down,False
Cfb,-0.6268808035587531,0.00012348885115676307,0.8025104962059803,3.306865911599188e-08,-0.412037926502717,0.0027170781670087167,4.510246795472583e-07,accrual_down,False
Il17a,-0.6312046214604247,0.00010724869991315596,0.6043744433158663,0.00024897889451272253,-0.43875653592927977,0.00244064958899254,0.0006519719409185819,accrual_down,False
Htr7,-0.6315362134836365,0.00010608594935591861,-0.09833070576520304,0.5923647774660714,-0.5908341556213511,0.0024266566262983896,0.6510779422224585,accrual_down,False
Pclaf,-0.6325367296965859,0.00010264558045293755,0.779697118283203,1.4452874291406867e-07,-0.41102967709039384,0.0023799777540474292,1.3404383956448442e-06,accrual_down,False
Ly6i,-0.6325615279315029,0.00010256159180534684,0.7124652087588772,4.779015212630279e-06,-0.4780782630098817,0.0023799777540474292,2.1346546934874827e-05,accrual_down,False
Fosl2,-0.6344619128044158,9.630515801283806e-05,0.7440412595494618,1.0560895554246452e-06,-0.34078830136521615,0.0022955729487078827,6.3904066693014414e-06,accrual_down,False
Fgr,-0.6346160288428658,9.581307390278926e-05,0.8493442185131617,7.95479038991852e-10,-0.3495264629386832,0.0022955729487078827,4.948461680362728e-08,accrual_down,False
Cd47,-0.6351262763571592,9.419989597527073e-05,0.4177413182883077,0.01735890194713829,-0.5189123642089682,0.002277315968577516,0.028889970255253646,accrual_down,False
Nod2,-0.636645381926927,8.954005730391262e-05,0.7577627458277617,5.112997642908796e-07,-0.4226245453321098,0.002212632651180822,3.5796380587898516e-06,accrual_down,False
Vax2,-0.6369055204717656,8.876311628825901e-05,0.7788805814554393,1.5187188574630856e-07,-0.3350748880287185,0.002212632651180822,1.3883485469389246e-06,accrual_down,False
Lmnb1,-0.6377533288545588,8.627272453820176e-05,0.8185357493189371,1.0422144067617765e-08,-0.35540791784390147,0.002200385839346836,2.1523626270817093e-07,accrual_down,False
Icam1,-0.6382661595276908,8.479685804454888e-05,0.8287449160972117,4.702121599393112e-09,-0.3281851837111771,0.0021736119240464515,1.3377062803989066e-07,accrual_down,False
Nfe2,-0.6383200932727552,8.46429646245602e-05,0.6654501696912634,3.241896829529668e-05,-0.38431106766383105,0.0021736119240464515,0.0001071737895491305,accrual_down,False
Hmgcr,-0.6383424348107728,8.457928904115546e-05,-0.6472911694177776,6.226609217272674e-05,-0.589825906209028,0.0021736119240464515,0.00019053349500484652,accrual_down,True
Bcl3,-0.6395783062656949,8.112304598864042e-05,0.76533560731167,3.356439366358961e-07,-0.3144057750760944,0.002153255716520405,2.605966089466828e-06,accrual_down,False
Vdr,-0.6409729139834072,7.737524287790409e-05,0.7595687819750532,4.631079254736587e-07,-0.3612893727491197,0.0020664456226187895,3.3366010280241996e-06,accrual_down,False
Tnfsf14,-0.6410862050951406,7.7077713707033e-05,0.7766749019167509,1.7344819097649143e-07,-0.38347085982022844,0.0020664456226187895,1.5467818569424525e-06,accrual_down,False
Lyar,-0.641379049647063,7.63133786081832e-05,0.5080362275244668,0.0029926284228834203,-0.5689887516876834,0.0020596536734409656,0.005977054653534975,accrual_down,False
Il17ra,-0.6420256718692992,7.464967396049104e-05,0.8194990234747266,9.688748550806081e-09,-0.30213874055949635,0.0020359035001191322,2.079965970811183e-07,accrual_down,False
Ltb4r1,-0.6423622911775085,7.379651037465535e-05,0.6853170325066296,1.5064816791669396e-05,-0.39338531237473917,0.0020238494592533167,5.540878094969712e-05,accrual_down,False
Mlkl,-0.6424497169139793,7.357636374383636e-05,0.7374232549337,1.4747281007961336e-06,-0.3337305554789543,0.0020238494592533167,8.199990718995766e-06,accrual_down,False
Il1rn,-0.6426013204081189,7.319600607643528e-05,0.7185678889050201,3.6262393641265257e-06,-0.4427895335785723,0.0020238494592533167,1.703263995986133e-05,accrual_down,False
Gja4,-0.643106776148113,7.19405683192067e-05,0.4376363916165154,0.012247617312548078,-0.5510083038345877,0.0020163123021773263,0.021315283490722533,accrual_down,False
Myd88,-0.6438573147087535,7.011199283862793e-05,0.8228562630831813,7.48770703773956e-09,-0.32230372880595887,0.0019979959523454805,1.7848034392294155e-07,accrual_down,False
Acsl4,-0.6451689005822078,6.701629859818875e-05,0.7404658654480449,1.2664229055233434e-06,-0.4453101571093801,0.0019230083671251737,7.258453079859073e-06,accrual_down,False
Gzmb,-0.6458019477581742,6.556646444549465e-05,0.6908057918365126,1.2062838397674642e-05,-0.46547514535584256,0.001900309858729933,4.591980497502862e-05,accrual_down,False
Gpr84,-0.6463295464660008,6.437969312659483e-05,0.7181078301412107,3.703404290313455e-06,-0.49488241988193377,0.0018765760836500585,1.7363111475081742e-05,accrual_down,False
Tmem173,-0.6467462117071057,6.345610858468158e-05,0.8464195983910809,1.03978379107932e-09,-0.34398109117090603,0.0018602851143129928,5.583091703469065e-08,accrual_down,True
Ifit3,-0.6467618957950907,6.342157636445359e-05,0.5509544129332898,0.0010836428393353535,-0.6943477619531919,0.0018602851143129928,0.0024106681742039416,accrual_down,True
Fpr1,-0.6470404611688607,6.281105075699415e-05,0.7345534781225911,1.6993123098720954e-06,-0.3782615711898923,0.0018602851143129928,9.270793681986694e-06,accrual_down,False
Trex1,-0.6488490212664131,5.897384754057042e-05,0.7597578970256025,4.5830943843482463e-07,-0.4231286700382713,0.0017988606294965257,3.316080064476653e-06,accrual_down,False
Selp,-0.6498974872897072,5.6846934483364724e-05,0.5873271841598492,0.00040931975374200176,-0.481103011246851,0.0017938049164804093,0.001008179654195051,accrual_down,False
Ifng,-0.6508461629558179,5.498206086534511e-05,0.7356189855239322,1.6125294376689131e-06,-0.31894289743154847,0.001763921336315254,8.84463727048293e-06,accrual_down,False
Socs1,-0.6523069160052805,5.221780316544432e-05,0.7680846859150502,2.8697400955164743e-07,-0.3844791092325516,0.0016895455637460622,2.287272535504615e-06,accrual_down,False
Irf1,-0.6545742923158687,4.817374651101782e-05,0.778718667696776,1.5336794141853475e-07,-0.3562481256875041,0.0016166729010046177,1.3970176235284744e-06,accrual_down,False
Nde1,-0.6570066251122444,4.4150292179732654e-05,0.24751162947440314,0.1720039267256943,-0.5930186960147179,0.0015014042693921085,0.2236533342410825,accrual_down,False
Idi1,-0.6582754902164906,4.217361780976968e-05,-0.593213829856142,0.00034583741013843617,-0.598227984645054,0.001463453227534933,0.00086764598839617,accrual_down,True
Sele,-0.6603014050827959,3.91820712800783e-05,0.482153990854029,0.0051981774306279595,-0.553696968934116,0.001387970455553329,0.0098939936841915,accrual_down,False
Pim1,-0.6646166682792528,3.3436957213592064e-05,0.7798951403538098,1.4279760877574426e-07,-0.37204403314723306,0.0012096589982023625,1.329216427673488e-06,accrual_down,False
Psen1,-0.6679884079146643,2.948842616407143e-05,0.5664344453227622,0.0007259070436700886,-0.5358845626497408,0.0011142256434290988,0.0016800598138662077,accrual_down,False
Arg2,-0.6709600117862019,2.6362151095141538e-05,0.8359883571961753,2.588542067018816e-09,-0.30213874055949635,0.0010321285508147298,8.879083448485031e-08,accrual_down,False
Irgm2,-0.6716937537407093,2.5637725408222323e-05,0.7542409358838552,6.186747793998689e-07,-0.3960739774742675,0.0010137832349406363,4.130706871359596e-06,accrual_down,False
Sema4a,-0.6718085241031954,2.5526049313694163e-05,0.7794188440542795,1.4699393330779766e-07,-0.4283379586686075,0.0010137832349406363,1.3559060647433559e-06,accrual_down,False
Ldlr,-0.6719521056301497,2.5386956151820802e-05,-0.27674410664162447,0.1251920100853108,-0.6247785525028964,0.0010137832349406363,0.16961605403590185,accrual_down,True
Rab27a,-0.6759065310038097,2.181464539390953e-05,0.8235580719578115,7.090193368935784e-09,-0.3564161672562246,0.000897391178663972,1.7304821232029395e-07,accrual_down,False
Eif2ak2,-0.6787890384720839,1.9503511403733078e-05,0.7127268963153817,4.723458764208671e-06,-0.4693401014364146,0.0008154705874626429,2.1153962384748406e-05,accrual_down,False
Gpr35,-0.6788893657971687,1.9427207898253634e-05,0.8735028762517211,6.845382826047338e-11,-0.3337305554789543,0.0008154705874626429,1.8378051471403932e-08,accrual_down,False
Ddx58,-0.6817957042338149,1.733041102648759e-05,0.6138263700690919,0.00018667567993401222,-0.562099047370142,0.0007620898848802862,0.0005051632060177169,accrual_down,False
Nampt,-0.6841137190484013,1.5806984344099433e-05,0.827383925424006,5.244004291120533e-09,-0.34515738215194974,0.0007135524525597452,1.3816028188322434e-07,accrual_down,False
Csf2rb,-0.686346634841177,1.4454937137901367e-05,0.8719416830395997,8.139354440339791e-11,-0.2875191240808111,0.0006642759850489627,1.9770879523892035e-08,accrual_down,True
Nfil3,-0.6869631052543305,1.4100539355127066e-05,0.8108843155469289,1.8334008308553717e-08,-0.3912007719813724,0.0006598793692706712,3.0865272733311063e-07,accrual_down,False
Tnfrsf9,-0.6875147968119911,1.3790058634439518e-05,0.8095623751515854,2.016155654682384e-08,-0.42380083631315346,0.0006513248990210738,3.2857539918641663e-07,accrual_down,False
Hsd17b7,-0.6882543823196703,1.3383527481083993e-05,-0.31074282031150197,0.08344512654207233,-0.6190651391663986,0.0006467966918596269,0.11850044278705761,accrual_down,True
Cd274,-0.6889807586968908,1.2994830599528365e-05,0.8431768949056165,1.3903845605638466e-09,-0.339780051952893,0.0006435595231863513,6.476554311628335e-08,accrual_down,False
Il1a,-0.6897165149420327,1.2611543971571709e-05,0.8194774977519501,9.704605000060018e-09,-0.36498628726097115,0.000630700841166542,2.079965970811183e-07,accrual_down,False
Ccr2,-0.6906668305967942,1.2131615473168527e-05,0.7863104656497796,9.599273752487474e-08,-0.40766884571598344,0.0006250845507942693,9.812804691671063e-07,accrual_down,True
Clec4e,-0.6920042468451644,1.1484147836185121e-05,0.7403524969951649,1.273676355371891e-06,-0.45505656809517026,0.0006102149803372948,7.2755017791175985e-06,accrual_down,False
Ifit1,-0.6924821483227022,1.1260475725210438e-05,0.4746114535953664,0.006058367690574208,-0.5972197352327309,0.0006102149803372948,0.011332502233083621,accrual_down,True
Stat1,-0.6948618050747257,1.0204269333396918e-05,0.7696516895853037,2.622091228570136e-07,-0.42766579239372543,0.0005783553096628631,2.1400459771098022e-06,accrual_down,False
Cd69,-0.7017362816272766,7.636816492158058e-06,0.7585126771467211,4.90758778979256e-07,-0.4906813806639207,0.0004809308756357809,3.4768896271849787e-06,accrual_down,False
Gbp2,-0.7024105461473289,7.419571763556524e-06,0.7819385770574743,1.2600976985424158e-07,-0.4019554323794857,0.00047309044457377283,1.20370006746533e-06,accrual_down,False
Ifi204,-0.7036431595168118,7.036845959092176e-06,0.8053385849149208,2.7181708126985807e-08,-0.41287813434631954,0.0004646918874629902,3.9370542194415847e-07,accrual_down,False
Cercam,-0.7042480227094188,6.855657722102275e-06,0.74513486114905,9.984313286274877e-07,-0.45858544103830123,0.0004646918874629902,6.142224281830315e-06,accrual_down,False
Cxcl10,-0.7047147578104141,6.718746994167357e-06,0.7367943313334561,1.5214947624046245e-06,-0.42632145984396125,0.0004631395732060499,8.426867299702487e-06,accrual_down,False
Il18rap,-0.7051852029407334,6.583259634667586e-06,0.8165979026730937,1.2054502069828094e-08,-0.41875958925153783,0.0004631395732060499,2.3608788844212614e-07,accrual_down,False
Tap1,-0.707882267629484,5.8531638978214e-06,0.8302036044508498,4.178922648049123e-09,-0.4316987900430179,0.00042052097243361916,1.2250968061895734e-07,accrual_down,True
Trim21,-0.7123200568426175,4.810086022347895e-06,0.7877733011103458,8.751655252981931e-08,-0.41254205120887855,0.0003662126686566659,9.281121298432606e-07,accrual_down,False
Mmp25,-0.7154957002278632,4.170509760909724e-06,0.7499390222819137,7.775878830371648e-07,-0.47387722379186864,0.0003404073782984555,5.015306077262261e-06,accrual_down,False
Gbp2b,-0.7163122361686076,4.019052590226351e-06,0.7857972062693355,9.914063198552616e-08,-0.4157348410145684,0.00033608503709417405,1.001418542095384e-06,accrual_down,False
Zbp1,-0.7170835041554454,3.8805952927389295e-06,0.7956437050657729,5.2554010427142667e-08,-0.3742285735405998,0.00032991527647102133,6.35255941205817e-07,accrual_down,False
Psmb9,-0.7198365670062039,3.420949374556667e-06,0.8106495876371654,1.864696524601137e-08,-0.45320811083924456,0.00030086659930368204,3.128887161838947e-07,accrual_down,False
Rmdn3,-0.721872992300308,3.113402570931609e-06,0.015627650247259345,0.9323479220933613,-0.6709899839010395,0.00028359761632718104,0.9460725583048012,accrual_down,False
Samhd1,-0.7236324558326906,2.8681487050023874e-06,0.8282487654256043,4.8933915747188974e-09,-0.46278648025631425,0.00026600775534940327,1.3469805996308115e-07,accrual_down,False
Igtp,-0.7249999393023724,2.6898066634113863e-06,0.7853647129860871,1.0186629556113883e-07,-0.4325389978866205,0.0002638596882704131,1.022873963892459e-06,accrual_down,False
Dhx58,-0.7349935972534519,1.6629632019270077e-06,0.797897953034496,4.522748938801916e-08,-0.5221051540146581,0.00018440815854412317,5.696430206624339e-07,accrual_down,False
Fpr2,-0.7364868817888407,1.5448444957526889e-06,0.7869976256271669,9.192161414319679e-08,-0.49925150066866725,0.00017637322050349826,9.54973836546735e-07,accrual_down,False
Gbp3,-0.7390814379389397,1.3576311209642053e-06,0.7786617122909559,1.5389739879486533e-07,-0.45035140417099573,0.00017313190870096027,1.399341588685576e-06,accrual_down,False
Ffar2,-0.7434963789460686,1.0859355794705345e-06,0.8154215943492755,1.3156781902646812e-08,-0.4760617641852354,0.00015387103863553323,2.476485036361675e-07,accrual_down,False
Mctp2,-0.745920249676858,9.588095861003087e-07,0.7481350189876174,8.546714725499322e-07,-0.5589062575644521,0.00013973964853421927,5.4292393293614e-06,accrual_down,False
Sell,-0.747839827580269,8.679282027060631e-07,0.7959166990855219,5.161222017650652e-08,-0.5649557540383909,0.00013835318006261336,6.288692711902475e-07,accrual_down,True
Gbp7,-0.7533911056009304,6.474922643897735e-07,0.7896825668359655,7.748514125921711e-08,-0.4372441618107951,0.0001179592157375798,8.437301383052986e-07,accrual_down,False
Ifi44,-0.7632252788073501,3.7799948424191134e-07,0.5781958881136242,0.0005282803323872071,-0.6288115501521888,7.71270147647196e-05,0.0012633652018317597,accrual_down,False
Isg15,-0.7669800725859847,3.0569655889101164e-07,0.6845507902572275,1.553367778429157e-05,-0.6219218458346474,6.749917933891157e-05,5.6800925001914906e-05,accrual_down,False
Oasl2,-0.7685509988288897,2.7938979974124274e-07,0.7577528005736001,5.115773661748288e-07,-0.5736939156118579,6.47803349309127e-05,3.5796380587898516e-06,accrual_down,False
Ifnlr1,-0.7707805915368556,2.455964892641348e-07,0.8217094090720435,8.181663516377523e-09,-0.4995875838061083,5.965655674935007e-05,1.8799398917586373e-07,accrual_down,False
Irgm1,-0.7723092603283823,2.2463383440707472e-07,0.8200663282224484,9.279346950818443e-09,-0.4557287343700524,5.729285946552441e-05,2.040256413626072e-07,accrual_down,False
Plac8,-0.7735498553894772,2.0883902869810558e-07,0.8015190910973815,3.539499660203451e-08,-0.5231134034269812,5.729285946552441e-05,4.738841933516484e-07,accrual_down,False
Usp18,-0.7735821104390096,2.084422701395211e-07,0.5803097782281863,0.0004983145182121397,-0.6323404230953197,5.729285946552441e-05,0.0012010990226630934,accrual_down,False
Ifi209,-0.7807600402141264,1.3545682494320426e-07,0.8130762368801566,1.5635922460621073e-08,-0.5054690387113265,5.456530253335972e-05,2.793558630101405e-07,accrual_down,False
Stat2,-0.7873394724617641,8.995581699108825e-08,0.7727976395253725,2.1828999262495555e-07,-0.5636114214886268,4.67334462411102e-05,1.8435384973177123e-06,accrual_down,False
