gene,region_slope,p,q,mono_rho,amplitude,floor_drift
2610035D17Rik,0.0011432172610196666,0.9030122307705915,0.9371581171646822,-0.0452531386607424,-0.114661118837791,0.042852975330933
9630013A20Rik,-0.03840379876409323,0.020766659046638863,0.09466552975594712,0.3856462530923714,-0.0817876140636887,-0.2261761385549897
A1cf,0.0003897692191173113,0.29332909250132166,0.477127455627947,-0.5994797654453304,0.0007499480660929,-0.0001453981492842
A2m,-0.03802228711890963,0.2663310942411684,0.4471101137591073,0.5915231696368483,0.2008907282190279,0.1378195168277067
Aatf,-0.028011219573061838,0.0016920761381232963,0.019616546319470306,0.1735532460725179,0.0617463235108739,-0.0136515673961253
Abca1,-0.08182206348663797,0.10566947095935479,0.2544947929006935,0.7392174793317989,0.3212997903930883,0.0915068594815597
Abca13,-0.0007765187700292472,0.3654645636152576,0.5451682507153254,-0.2342222891121946,0.0048313694917464,-0.0018696492009896
Abca3,0.007848933306944791,0.2515068729192714,0.4321874416436093,0.322242130243529,0.0241688731551084,-0.0328714220716728
Abca4,0.024886598001520783,2.698705827199656e-06,0.00024151049867623587,-0.0246157182824917,-0.0246634244770718,0.0494713358619893
Abca7,0.002082472346224849,0.8901849999063167,0.93084251528528,-0.0278480853296876,0.093087136040955,-0.0620665708606258
Abca8a,-0.056216546715438964,0.05052524944142729,0.16291358874887524,0.0716093622763397,-0.2553580332918301,0.2026252909295368
Abca8b,-0.02368652781074776,0.12403172725609689,0.2808192812842211,-0.1757910386436535,-0.1027572289971542,0.0721945738823479
Abcb1a,0.01424134109886513,0.4877436326197552,0.6510554134057486,-0.2299953475889385,-0.1542026490786592,0.1089044770191927
Abcb1b,-0.015390729120125717,0.001352621841374317,0.017379657463099222,0.5892853770657126,0.0395263909624963,0.0130541660169645
Abcb4,-0.0004250926157406845,0.8635415040668186,0.9161658095351168,-0.2098552144487179,-0.0159234389866933,0.0182988924986589
Abcb8,0.013980710229811483,0.03898172959799212,0.13967060874386836,-0.4672013601293139,-0.0387057732606791,-0.0070559593256951
Abcc1,-0.008434260507900906,0.1640129826663566,0.3333948646476875,0.1839962780711508,0.0701029250096147,-0.0557012046103979
Abcc6,0.012916979581153697,0.021239335305439314,0.09596266553857037,-0.1526671820752521,-0.0509457322218136,0.0016493348514912
Abcc8,0.02548484585108341,0.013158876899929159,0.0708800750438634,-0.2071201346395521,-0.0692222336378256,0.0389312373982206
Abcc9,0.01648443850894286,0.007788964745049858,0.050742668153894416,-0.5495023980233017,-0.0355415710263481,0.017811954272577
Abcd2,-0.0055321640541389685,0.4473107921054028,0.6178533307689303,0.2769889915827864,-0.0120006100221188,0.0513188632232733
Abcd3,0.011533604013311641,0.18611490556314253,0.3589209322021783,-0.2344709327312097,-0.0300417216008879,-0.0753173300836711
Abcf1,-0.014269842037973855,0.06285679685195524,0.18673996548737545,0.000248643619015,0.0491190164126549,-0.0197524280096954
Abcg2,-0.015429116898208053,0.2992291454022721,0.48256967141858675,0.1402350011244987,-0.1063982495423896,0.1042190076002265
Abcg8,4.644406185838683e-05,0.8503988009164342,0.9094097030345348,-0.4440775035609126,0.0004145385032813,-8.034490650824606e-05
Abhd17c,-0.009657779534124611,0.13481668496472207,0.29603956521956404,0.5062384083146797,-0.0306998864471191,-0.0192312288344927
Abhd4,-0.008626247604392937,0.6125386325420945,0.7496544060933839,0.3058316513885343,-0.1250222396291267,0.1442450772495915
Abhd5,0.007022727597945103,0.35484226440434297,0.535517867078862,-0.5604427172599646,-0.0506759519343297,0.050683859893667
Abi1,-0.01903726646869037,0.15723201137371287,0.3243188394732347,0.0514692291361192,0.0451534741979779,-0.0289738466949556
Abi3bp,-0.028631770600750783,0.0006811472284061482,0.011208167780966973,0.2071201346395521,-0.0364751393425902,0.0963007006915409
Abitram,-0.00714631894975708,0.2815420711441462,0.4620804713340701,-0.1384944957913932,-0.0200701748369609,-0.0051886789424063
Abl1,0.007907675558808197,0.5053757145783071,0.6661295917477893,0.1591319161696439,-0.094429574073195,0.0493317526156362
Abracl,-0.0072365310291686085,0.06096273129243382,0.18292405430747347,0.0952305060827712,0.0604878684202847,-0.0495880946980138
Abraxas1,-0.005360114912051755,0.05406436783765761,0.16950358963730272,0.0156645479979493,-0.0010615813237332,0.0174630277179802
Abraxas2,-0.006124983904869527,0.18577225723619348,0.3585411593499141,0.3928569180438084,0.0312987600582379,-0.0299176346503713
Acaa2,-0.017396007999146753,0.0537306498906148,0.16908084212956578,0.2613244435848371,-0.04762408025528,0.0896637554785994
Acaca,0.018625112884208414,0.24850569899933728,0.42870710242891685,-0.3632683273810153,-0.0866274114873382,0.0949978194961465
Acacb,-0.010375947385183316,0.2138036430351126,0.3897828388570798,0.1024411710342082,-0.0677204393705803,0.0769019977928764
Acan,0.005777077118826991,0.1513543338455678,0.31654713281928715,-0.4836118389843084,-0.0241243793738435,-0.0076019446888903
Ace,-0.025702782059709474,0.028660017042965603,0.11502340435575731,0.1203435116032932,-0.0153084334364113,0.2179835969430363
Ace2,0.008565347286182934,0.06532056137571916,0.1899658971365698,-0.6608947393420525,-0.0049152439780393,-0.0187427074635596
Acer1,-0.00014096212351244526,0.5206712141813916,0.676730655640744,-0.467450003748329,-0.0005117899669617,0.0008016182505504
Ache,0.026538458760969105,0.13588534055005988,0.29641669318896036,-0.4341317588003098,-0.0982290259820449,0.0613296048234022
Ackr1,0.008628164206814762,0.6683606703214271,0.7877328510419592,-0.1603751342647192,0.3112792976272709,0.0454691349822462
Ackr2,0.00041108372313760104,0.1661813328096397,0.3355530774252526,-0.3520793645253371,0.0002120618199908,-0.0006964208161052
Ackr3,-0.02504033085815796,0.018625672670564274,0.0882168582103513,-0.4152348437551645,0.0126626986600698,0.0320494779237841
Ackr4,-0.021308432162687175,6.234099526174815e-05,0.0021257669948958704,0.0755876601805808,0.0316492909989982,0.012469571457066
Acly,0.010971261585803284,0.33748461497512816,0.5189957856461045,-0.6539327180096305,-0.0195794161149498,-0.0481086900991645
Acod1,-0.008129568316059151,0.9267393917814105,0.9538534377475737,0.0569393887544507,0.8260642237098015,-0.4684373461472945
Acot6,-0.006723005180969043,0.3947027892222277,0.5716099584825266,-0.1002033784630726,-0.0905539312851526,0.0664668130045073
Acox1,-0.001583313339881137,0.8498033269842387,0.9089776067727049,0.2382005870164357,-0.0367675257284396,0.0545140857130403
Acp2,-0.01967854333651384,0.09303687884754412,0.2349411480204567,0.485600987936429,0.1136817631221338,-0.0779309941187851
Acp5,-0.032122206687584,0.5228376193738593,0.6784426659765549,0.4851037006983988,0.4896743107014393,-0.3278200469581503
Acr,0.0018555775442237374,0.042593042804876635,0.14650513239897217,-0.0982142295109521,0.0022620692992995,0.0095147031482377
Acsl1,0.023542402990616326,0.08757554344669505,0.2270865910012481,-0.3458632740499605,0.0543326395466101,-0.0118824027108532
Acsl4,0.004287503493524584,0.7373807696109864,0.8345638575073534,-0.1315324744589713,0.1222585820273747,-0.0734205690305258
Acsl6,0.06596493818450279,0.009202747535048456,0.056286828748539776,-0.4030513064234262,-0.2695778099830441,0.0327380407136073
Acss1,-0.006831761144546852,0.37143797746524587,0.5509465318552542,0.2337250018741645,-0.0103384122699698,-0.072899878792626
Acss2,0.05717376753030643,0.00797903574184787,0.05119630354612074,-0.6792943671491676,-0.1289717402168413,0.0032790756916343
Actc1,-0.000519774058710693,0.5167974046279027,0.6746471232563931,0.1287973946498055,-0.0026305855231441,0.0059829265208378
Actg2,-0.011520964040929164,0.0016387033149038992,0.019284804435977076,0.2195523155903056,0.0116014497079653,0.0018523633632174
Actl6a,-0.014104365792442659,0.07779519867091814,0.2125513167757651,0.268037821298244,0.0868957117525464,-0.0274376258810283
Actl6b,0.04020682199601554,0.0065716267711331934,0.04642918027638562,-0.4042945245185015,-0.1456000888240147,0.0592403029831367
Actn1,-0.0392481322455219,0.02240606507684481,0.09912691930354327,0.2299953475889385,0.2034748681200964,0.0003902532900807
Actn2,0.040665109327886174,0.0006900022497627889,0.011209240369554096,-0.1118896285567808,-0.1057108753195265,0.0884068040270044
Actr1a,0.011977890604806953,0.09587120804165519,0.24019598832047306,-0.5350810681204277,0.0028210948811603,-0.015653197647188
Actr1b,-0.006408268352322676,0.4406274216095257,0.6129371359776904,-0.5005196050773332,-0.0100306634487736,-0.0143080226030454
Actr2,-0.02503452060349585,0.07122322940179904,0.20139118247149496,0.2978750555800522,0.1277141426975951,-0.0856935534041278
Acvr1,-0.007639200335380779,0.20376369988593984,0.3788127100847958,0.3028479279603536,-0.0238500787016087,0.0483533684151068
Acvr1b,0.0004609661162211257,0.9433870699243059,0.9643722332031832,-0.1951852409268288,0.0331276219508689,0.0200743762232302
Acvr1c,0.013731265758861766,0.01226538295150264,0.06756557066481098,-0.4555151100356058,-0.0251791988959195,0.0099897596058168
Acvr2a,0.011590958648499435,0.3184587318690538,0.5018405904430162,-0.3553117315725331,-0.0456980291611014,0.0751182584765151
Acvr2b,0.010714743169722653,0.13156981618346864,0.292358572080252,0.1817584855000151,-0.0708450324305108,0.0660173692481024
Acvrl1,-0.021926084350191687,0.0643625056752733,0.18890284318157022,0.0987115167489822,-0.0114990893857149,0.1546600659672394
Ada,-0.00931970540516362,0.11917725452819929,0.2739626747851936,0.677802505435077,0.038831848256505,0.0356824665603408
Adad1,-0.0003084007002546742,0.38808598852530396,0.5651232165194334,-0.2098552144487179,0.0004331807707746,0.0002271379973638
Adad2,-0.00021479586278311735,0.3652416542973216,0.5450841657608652,-0.3195070504343631,-0.0005441714009751,-0.0004571572058152
Adam10,-0.03812353810185499,1.4011572769391974e-06,0.00015882896154815213,0.1745478205485781,0.0626782286970035,-0.0699182008033119
Adam17,-0.017466413592967238,0.2516362873321936,0.4321874416436093,0.4716769452715851,0.0893396066673705,-0.1204045052059858
Adam18,0.0017775128643077581,0.015809890096084786,0.07990954938656374,-0.1434673681716946,-0.0038044321428489,-0.0054408851179739
Adam28,-0.0006367911111016489,0.17568299331691384,0.34682282838180634,-0.2553569967284754,-0.0008913360417839,0.0003083751108363
Adamdec1,-0.0006810746747456433,0.03498380779355066,0.13066703263479307,-0.1598778470266891,0.0007966320809134,0.0002383396012299
Adamts1,-0.022038819373336967,0.42573064634360025,0.5992417293042784,-0.0377938300902904,0.2172742297845913,0.188439192350885
Adamts13,-0.000667947917648229,0.18778260103127833,0.3610550500793633,0.0191455586641602,0.0023715535710732,-0.0055436124098748
Adamts14,-0.011793958442076041,0.004099636978659942,0.03497684842734633,0.5611886481170099,0.0270616303037632,0.0055994856001761
Adamts18,0.00039302380969750256,0.6571262611206801,0.780284689263541,-0.449050375941214,-0.0032647773630881,0.0014979031355531
Adamts20,-0.05945967206604604,0.002973620141575325,0.02829932153390995,0.0300858779008233,-0.2047153546283991,0.1529723350297679
Adamts3,0.006387468162041413,0.1968632106233043,0.3715128514204496,-0.710374819526051,-0.0149048206206239,-0.0044892717465453
Adamts5,-0.042379385098221325,0.02930246738137816,0.11635717725941784,-0.0144213299028739,0.1431229132955467,0.0268926096886977
Adamts6,-0.01682302471093634,0.004039561946121583,0.034865999132260905,-0.5718803237346578,-0.0052439724769537,-0.0404783147826853
Adar,0.019763773542460117,0.08406281946925649,0.22160436284892887,-0.6467220530581935,0.0232403361755246,-0.0392405605149042
Adarb1,0.04522182363049866,0.005746323531565145,0.04297287075748513,-0.4281643119439481,-0.168376817909339,0.087467541242268
Adcy1,0.052015871432791926,0.0183246094550077,0.08752231538388977,-0.329701438813981,-0.2022165545613206,0.1333223720830039
Adcy2,0.006049747166042955,0.6917357463449376,0.8035033391095111,-0.438358700323566,-0.1243599057533971,0.0973090969401659
Adcy3,0.020682468885083672,0.020082220604251282,0.09297470599652283,-0.1151219956039767,-0.0440642856057745,0.0036630643073084
Adcy8,0.02980536514914632,0.023241305328787487,0.10103922232630937,-0.2600812254897617,-0.120143195650906,0.0911176551813227
Adcyap1,-0.007863686144814142,0.7068651251712443,0.8148392946399581,-0.376943726426844,-0.083630418802352,0.1115195444923848
Adcyap1r1,0.0043106639931196206,0.8429036405141228,0.9040478280619304,-0.2889238852955097,-0.1866679606584933,0.1040049345857574
Add2,0.04400842936458908,0.04972142031424099,0.16121757879022486,-0.4142402692791043,-0.2313605972843107,0.0767707225744702
Adgra2,-0.026137305110275726,0.014039299287706352,0.07421188151978249,0.2906643906286152,-0.0181040209419923,0.1320340796947959
Adgra3,-0.001128531878518036,0.7157070109544843,0.8207782065824696,-0.1009493093201178,-0.0316128570644281,0.0236014280095693
Adgrb1,0.08246422849362582,0.0001674656884056772,0.0041311596828813415,-0.3669979816662412,-0.2540208357067477,0.1139101682086585
Adgre1,-0.07707325347657738,0.0331686012459741,0.12664149323032478,0.5273731159309606,0.2864163521452727,-0.2928965355819752
Adgre5,-0.040995053992924184,0.07844450496394484,0.21375289520356977,0.3192584068153481,0.2337977931363654,0.0008353523675592
Adgrf1,-5.7273630220049357e-05,0.8746752892050195,0.9215974089833264,-0.1394890702674535,0.0010808872500005,0.0007417332971545
Adgrf5,0.010862504929478621,0.6329446148459608,0.7627333995580547,-0.3697330614754071,-0.1220325302980067,0.1132737836349395
Adgrg1,0.01519222692318603,0.24362081761679671,0.4231221622959755,-0.3776896572838892,-0.021352891325663,0.0017298485546903
Adgrg2,-0.001193992627812674,0.6358159658038258,0.7643877543165958,-0.1879745759753918,-0.0025838648500287,0.0103906911082282
Adgrg5,0.000424909086329922,0.9747473090787876,0.9844555237640519,0.1444619426477548,0.1430012298337394,-0.139348168547102
Adgrg6,-0.028644620948073296,0.0036092580246863313,0.03235645902271525,0.1914555866416028,-0.072564424959104,0.0991987693984395
Adgrg7,-0.00017502873007732976,0.3827054412212021,0.5614554085905528,-0.0641500537058877,0.0004222903707304,-0.0002090703083568
Adgrl1,0.04582732577438256,0.0199945734441617,0.09287246324297024,-0.4652122111771934,-0.1480687756362586,0.0753911118744095
Adgrl2,0.005749139210994754,0.670030492124964,0.788425730179802,-0.3602846039528344,-0.1036616704737135,0.1143253623401533
Adgrl3,0.03735101106646722,0.043800704810762106,0.1491504641119476,-0.2618217308228672,-0.1332574138832756,0.0837035091270139
Adgrv1,-0.0008555368177806296,0.6241183231288545,0.7563155631969568,0.1046789636053438,-0.0177335978326297,0.0197492559901795
Adh5,-0.0045777739942797786,0.6554864430507701,0.7792751840246165,0.1417268628385891,-0.0223527167951596,0.0461418235729227
Adipoq,-0.0011356357442970039,0.08040243764423632,0.21631478608821175,0.1153706392229918,0.0070670589355381,0.0011960029774891
Adipor1,-0.01835289374179099,0.07265815177100873,0.2040639603768847,0.4898279294596852,0.0774597863125983,-0.0408838720886886
Adm,0.022606331672203907,0.023297825246416413,0.10105629811392017,0.3135396035780016,0.0035317800618064,0.1246565179419347
Adora1,0.04539886329637095,0.012611766356558363,0.06895243320986517,-0.2486436190150686,-0.2006950337054345,0.129421977992963
Adora2a,0.0057728661923138955,0.3515469222031723,0.5316456715559982,0.2787294969158919,0.0377372619957867,-0.0494950927683531
Adora2b,0.001997284128306858,0.783336828748376,0.8646723157050512,-0.0773281655136863,-0.0596159508959863,0.0550148754806031
Adprhl1,0.001914654675937558,0.16577976570374536,0.3351734383094749,-0.0614149738967219,-0.0137160506374328,0.0100546426272931
Adra1a,0.02511795877731417,0.028180510756103953,0.1143001725375714,-0.4239373704206919,-0.0788521050121824,0.0571167176881026
Adra1b,0.010529829985518012,0.13448886888461775,0.29570160352604963,-0.3563063060485933,-0.0486589700626725,0.0229169729699924
Adra2a,-0.01808659522877653,0.03185945612404994,0.1232876833115495,0.1810125546429699,-0.0999561081687085,0.0938359183119414
Adrb1,-0.0017621664888922783,0.7826730990379028,0.86453345131926,-0.1544076874083576,0.0314939546504935,0.0164840530034981
Adrb2,-0.011676976834443836,0.005051291259742282,0.03984673033424078,0.398575721281155,0.0143533523312437,-0.0273505489006694
Adrb3,-0.0008243978666335353,0.2562423592078581,0.43671642977590514,-0.097965585891937,-0.0002095968736637,0.0027090976641618
Adtrp,-0.0004274210140670491,0.43774000009989156,0.6102519104972798,0.0962250805588315,0.0003372925725464,-0.0011358495418784
Aebp2,-0.010752702259426237,0.03794303829741549,0.1378543008227325,-0.3272150026238303,0.052973661463078,-0.0707944895619021
Afap1l2,-0.060145217268879864,1.0528733888950634e-05,0.0006713383945942148,0.4935575837449111,-0.0376230322748973,0.0663431535281688
Afdn,0.00821399459958538,0.5142352278532847,0.6727658110488857,-0.2386978742544659,-0.1055682030939677,0.1321474707434751
Afg3l2,-0.005353004862516845,0.4971555475516485,0.6593805170912826,-0.0029837234281808,-0.0359569937722863,0.0611192605786388
Afp,-0.0004410597570106926,0.5656827757536556,0.713587522831593,0.4781416793659769,0.0019549451600705,-0.0043934955376807
Ager,-0.0035408094849231657,0.26719090791522204,0.447787714455513,0.6166361751573701,0.0250560774436422,0.0006936407288358
Agl,-0.0031730262074335515,0.7410121282490384,0.835707023258533,-0.4970385944111221,-0.0173193901912762,-0.0687994242701111
Ago1,0.01504876455481038,0.029228164153751877,0.11635717725941784,-0.0629068356108123,-0.0741043331687278,0.0022248998383906
Ago2,-0.016172109261991544,0.052522336131210406,0.16688502424023707,0.4831145517462783,0.0315060745037927,0.0061879155036621
Ago3,0.00854661544016484,0.6525366920957478,0.7781489115819757,-0.1872286451183467,-0.1282125062888954,0.0242336528200644
Agpat3,0.011357697594323708,0.36054746974877117,0.5406092425598124,-0.4739147378427208,-0.1107140932282515,-0.0268893496040378
Agpat4,0.03784452974794337,0.06563987179747076,0.1903518965542344,-0.5184219456464181,-0.1124585823815258,0.0259150168317274
Agps,-0.014660827372636217,0.02626400618604886,0.10909828628260199,-0.2772376352018015,0.0478686138113231,-0.0491790686020359
Agr3,-0.01613131009356655,0.0012532395133847468,0.016604609760456086,-0.3369121037654179,-0.0055437451889861,0.0055643084359403
Agrn,-0.00795532518096044,0.4209854812158783,0.5945312679075845,0.2260170496846974,-0.0275939324046632,0.0518246087009093
Agrp,-0.00015951670867816884,0.7173182821259347,0.8219642889574618,-0.467450003748329,0.0002596609991216,0.0002808776086066
Agt,0.0014351602689897287,0.9697710631593055,0.980465591979417,0.1501807458851014,-0.2417464438619148,0.3146269117200353
Agtr1a,0.0007773193021868972,0.33577255597340694,0.5177761360391463,-0.2531192041573398,-0.0035009582549473,0.0049681979213662
Agtr1b,-0.0004963813813703939,0.33779852561234824,0.5190091202254784,0.177780187595774,-0.0022522448423234,0.006019544254358
Agtr2,0.006598054106988573,0.010428040476612804,0.06107168136762563,-0.5268758286929305,-0.0116153172934038,0.0038713576876076
Agtrap,-0.007527986825974465,0.5204586208642115,0.676730655640744,0.3938514925198687,0.0820523047255491,-0.0322332472835177
Agxt2,0.00023975994000976106,0.17443415021474704,0.34501302840070747,-0.210103858067733,0.0001464427986182,-0.0001025325956067
Ahi1,0.048812246460397,0.029272078852277433,0.11635717725941784,-0.3466092049070057,-0.1583627994249787,0.1254360668445944
Ahr,-0.048145021302705315,5.0358217201402414e-05,0.001959757469137948,0.1981689643550097,0.1235837987883395,-0.0345464981238543
Aicda,-0.0015742210391502833,0.04606600994736346,0.1544538791525103,0.2322331401600741,-0.0019748764053402,-0.0080527612054147
Aida,-0.008839731585532199,0.39489384310770903,0.5716099584825266,-0.2978750555800522,-0.0265745583407512,0.0277439114974794
Aif1,-0.05341779433829614,0.11574191877561331,0.26922003085928115,0.358792742238744,0.3803977544686547,-0.3665786668865856
Aif1l,-0.005025434739645027,0.6520081357706071,0.7778048411052074,-0.3500902155732166,-0.1252262605434685,0.0288970106723773
Aifm1,0.00889553333953614,0.004381920500304167,0.03631481135880423,-0.3165233270061824,-0.0077152713273135,-0.0107391699101593
Aim2,-0.035747940924753155,0.006685962188352661,0.046978316611560884,0.3466092049070057,0.1701474006390257,-0.1484190750180817
Aip,0.0019715216368397658,0.805234809079094,0.8786102162807397,-0.2205468900663658,-0.0655215186775006,0.0640523093649704
Aire,0.0008094025545396296,0.29752765141294907,0.48113306549497414,-0.0641500537058877,0.0071331316888846,-0.0040084531452709
Ajuba,-0.020005609748317627,7.618934134999218e-05,0.0023990236433722844,0.2242765443515919,0.018602528956765,0.0061805165129396
Ak4,0.014170484214538277,0.001950788183391981,0.021411453104212788,0.0845388304651233,-0.057949284906441,0.0575455696803934
Akap5,0.004576287791260158,0.36066123966055996,0.5406209178690909,-0.2332277146361344,-0.040111009107379,0.0108827052534785
Akap9,0.007555759946247359,0.24152969616611156,0.4206360464811659,-0.0363019683762,-0.064560835080258,0.0480253393681262
Akip1,-0.014060947524324787,7.78007863064276e-05,0.0024052230966611346,0.5301081957401264,-0.0022175876944392,0.0224240715023188
Akr1b3,-0.035900521717552716,0.0006509120771981117,0.01081531760842856,0.7479200059973263,-0.005935777908391,0.0656930081074262
Akt1,-0.02392925976939993,0.14412388439859314,0.3073444004633617,0.3652574763331357,0.0999209310980602,-0.0206883419877947
Akt1s1,0.0020638046389061886,0.7457423100622345,0.8393714747633402,0.2454112519678727,-0.083434153788918,0.0946490158812026
Akt2,-0.007590921772672155,0.15343788668022842,0.3194639428391205,0.2568488584425659,0.0151895659726258,0.0514228740654013
Akt3,0.001237451326360608,0.7668070089032759,0.8542220031482005,-0.4229427959446317,-0.0140498288720473,0.0090049507477837
Aldh1a2,0.19272009776466087,1.1824306825186559e-06,0.0001436090217030396,0.4343804024193248,0.0068039082810265,0.2799427285651403
Aldh1a3,-0.042724823669157884,6.468713386471334e-05,0.0021566605872150504,-0.0293399470437781,-0.0105776578031956,0.0027944329749786
Aldh1l1,0.04197103882852782,2.2823110762310092e-05,0.0011759665454398362,-0.2498868371101439,0.0198455933715199,0.0531978905084057
Aldh1l2,0.01730161160031973,0.2441597252615001,0.4236254280812626,0.0745930857045205,0.0479380810663017,-0.0590705386165376
Aldh2,0.003884611388693907,0.6177644571407732,0.7519012503460496,0.3635169710000303,-0.0567614517551188,0.0965292859750489
Aldh3a1,-0.006003532005705263,0.0024128922784708382,0.02446950996516848,-0.1223326605554137,-0.005996268996641,0.0206765296180931
Aldh4a1,0.009308295449081698,0.31595384194635306,0.5002112190466627,0.4706823707955248,-0.0706095406210213,0.113206944293945
Aldh9a1,-0.011023211964618295,0.1447336168919379,0.3078758047396894,0.217563166638185,-0.0682862139790324,0.0915326963895964
Aldoa,0.03606344049283011,0.0018516232297391838,0.02089630551968933,-0.2670432468221836,-0.0631742670793262,-0.0042832427368497
Aldoc,0.08701388457470959,0.0012136275333151784,0.016377550390054826,-0.3508361464302618,-0.2623654270609772,0.0639427798584622
Alg13,-0.012073805495136222,0.007919777513294887,0.0510730532178473,0.2349682199692398,0.003963812897264,0.00719263624364
Alk,0.012700657364889577,0.17743555360333427,0.3489201075291473,-0.5052438338386195,-0.0179950230801978,0.0328531889117302
Alkbh5,-0.004335424088654098,0.4502192654539079,0.6202524099645467,0.1820071291190302,0.0110951927466714,-0.0156931196272589
Alox12,-0.0003292541818321192,0.8620408404348985,0.9153352054659486,0.025610292758552,-0.007335591465338,0.0143646303246423
Alox12b,0.0009713896273016321,0.06588889468604532,0.19064052852723606,-0.3247285664336796,-0.0016796227999107,0.0005952554474372
Alox12e,0.0005416278456362947,0.03005425218123901,0.11832743634732776,-0.003729654285226,-0.0003947155427186,0.0007891949524545
Alox15,0.022932807956709867,8.65826834157416e-07,0.00011213130974263696,0.4808767591751427,-0.0016469479007778,0.0152748823200671
Alox5,0.0032561506133611472,0.6596205596569116,0.7812223066658709,0.2287521294938631,0.1050017844666095,0.0013457067646483
Alpl,-0.009038535853030561,0.5029428502750217,0.664468137594635,-0.3978297904241097,-0.1498200050546804,0.1135702902157348
Als2,-0.006469352218760088,0.20548162450109891,0.38125016730230893,0.1785261184528193,-0.0391902568549875,0.0246421121006313
Alx1,0.00024091839935439126,0.39460981723008004,0.5716099584825266,-0.105424894462389,0.000267096525004,0.000971303998232
Alx4,-0.0012376597729975034,0.19178166116323367,0.36543827179441724,0.3617764656669248,-0.0049917151297754,0.0030823927394719
Ambra1,-0.001980043088552346,0.821379953117398,0.8895666965715174,-0.1370026340773028,-0.0206684076232843,0.0205276855344553
Amd1,0.02459077735430157,0.010934355374989968,0.0628109760898917,-0.2439193902537823,-0.127194351690338,0.0951928505314625
Amelx,5.2297474011203557e-05,0.8669884490993164,0.9175327964430732,-0.2700269702503645,-7.523137184977952e-05,-0.0003656857379824
Amer1,0.003103932029526273,0.5354955635178382,0.6889473730575664,-0.3784355881409344,-0.0390132378858915,-0.0022874683842321
Amfr,-0.00550794909164196,0.35111215453815736,0.5311456406581081,0.2670432468221836,-0.0306195739297803,0.0259840914667939
Amh,0.004003718488115956,0.006895949400860346,0.047793801486125845,-0.478390322984992,-0.0055595613598241,0.0011969580804585
Amhr2,0.0009508362896919189,0.15252607261702167,0.31808483091554685,0.1300406127448808,-0.004005183864452,0.0031681248559957
Amigo3,-0.004228746496492675,0.04507569474854835,0.15197033635977866,-0.0266048672346123,0.0060214106746358,0.0016645947912962
Amy1,0.009694764433962895,0.5302930317046297,0.6846430662428034,-0.0136753990458287,-0.1413164267759862,0.2811583516884599
Amy2a5,-0.00925361873627864,0.21270467177540517,0.388334477711647,0.2563515712045358,0.0228664822231016,-0.0160466257563574
Anapc11,0.0015720119958230387,0.8189592465040293,0.8880763427757341,0.1283001074117754,-0.0945510842894444,0.0748460068080182
Anapc15,0.0029317280294347227,0.06540802225944872,0.19000359996893393,-0.0479882184699082,-0.0257220587291213,0.0154005710996463
Anapc16,-0.0070517843047534804,0.3753704501231888,0.5542641393414669,-0.0009945744760602,-0.0398750630281656,0.0643494430218585
Anapc2,-0.0006199006969178633,0.9011131984292258,0.9361666853742322,0.163110214073885,-0.0266466243468794,-0.01234525433631
Anapc4,-0.003428526897934603,0.46850092121626585,0.6353597298782774,-0.6074363612538127,0.0036781714009097,0.0036582618021641
Anapc5,-0.0023025300674010154,0.7549580390414061,0.8451502391154362,0.1263109584596548,-0.0243416853385576,0.0898275992555406
Ang,-0.007116513411028085,0.01847957524419073,0.08799936668620444,0.7700492880896675,-0.0008199092724103,0.0141171036371339
Angpt1,-0.008228408950284547,0.06136409605847705,0.18369615844735415,0.5529834086895127,-0.0129103677870801,0.0345696686210997
Angpt2,-0.03856982496484098,9.722812651097456e-05,0.0028340609904713215,0.0360533247571849,0.0319680564907983,0.0502501796913363
Angpt4,-0.012830867871973317,0.0647042817983828,0.18936118270427466,0.2474004009199933,0.0494609683280949,-0.0181544473898491
Angptl3,-9.397859513895572e-05,0.7676311826633185,0.8547667895144265,-0.2715188319644549,-0.0006009761363827,0.0013054948132619
Angptl4,-0.04514090702436382,0.19426484001001465,0.3682441281646543,0.0937386443686808,0.3964749622764938,-0.0251604908177101
Angptl8,0.0001624482628568063,0.4015078463386882,0.5782668567179428,-0.2058769165444768,-0.0003686206872968,-0.0002385775904455
Ank,0.04074993916249948,0.022490994501837686,0.09933035753582167,-0.1690776609302466,-0.2154355378998369,0.0604939458213573
Ank1,0.07091868961423918,0.00086683251294639,0.012966899262579282,-0.4047918117565317,-0.2019546319581404,0.0872046971114786
Ank2,0.01650076959920252,0.4177963827927088,0.5911731896326234,-0.463720349463103,-0.1840065675849613,0.0940657551435886
Ankle2,-0.011252340247125181,0.09052649902591713,0.23056636020964,0.485352344317414,0.0327502837369231,-0.0366551642017816
Ankrd11,-0.012653861468277433,0.03909676493034758,0.13985455673892216,-0.3592900294767742,0.0604002878493679,-0.0152667267543207
Ankrd13a,0.015188578140847522,0.12423322166865082,0.28115069375855717,0.0405289098994561,0.060820948959547,0.0167539801995095
Ankrd13b,0.005537287050349275,0.6867474240484595,0.7996116434766473,-0.4065323170896371,-0.1328753698009873,0.095507032801414
Ankrd13d,0.0060234147876304855,0.34228202852437606,0.5230619015886286,-0.1285487510307904,-0.0493317827917633,0.0391681554836267
Anks6,-0.0034962358046458438,0.3556998111853943,0.5366532791649501,0.1688290173112316,-0.0276884935588686,0.0300704117013004
Anln,0.08865031674331714,0.0051957801734189395,0.04058755691364473,-0.5574589938317839,-0.2322072363479688,0.0348064254177036
Ano1,-0.02324974983481046,0.0192258225129031,0.08980853538307575,-0.0915008517975452,-0.1026778197683489,0.1243240881231404
Ano5,0.004192533931193672,0.056081951314451484,0.17475506026574036,-0.1399863575054836,-0.0184691295037909,0.0230426468687017
Anp32e,-0.017294501238290756,0.017446104583888657,0.08487921835204747,-0.0430153460896068,0.0125185056209304,0.00246494796681
Anxa2,-0.1314037570744471,0.0015675438256645751,0.01877004942421361,0.2309899220649987,0.3027466407626002,0.1052675665899225
Anxa6,-0.03807974587333104,0.004514946263600795,0.03702691461515701,-0.1399863575054836,0.0919534928323904,-0.058937908063092
Anxa8,-0.00501948305832246,0.290290401505833,0.47308988437100774,-0.4400992056566715,0.0151547739589855,0.0045500556502646
Aox3,0.005998597671928586,0.5670315875312569,0.7141797846906028,0.6686026915315195,-0.1110321767377077,0.1125199152709601
Ap1b1,0.009321994501992925,0.43469391544575786,0.6079539198520426,-0.4689418654624194,-0.0397566027937832,0.020446193313891
Ap1g1,0.0014328944475986444,0.8712097982983013,0.9197105093376727,-0.3185124759583029,0.0106846078221867,-0.008845893025746
Ap1s1,-0.0018272497716583674,0.804119556285308,0.8780578347769641,-0.300858779008233,0.0600328439190295,-0.0636983241601208
Ap2a1,0.016213143062555103,0.17568911753354,0.34682282838180634,-0.4187158544213755,-0.0712139864257705,0.0538225597589854
Ap2a2,-0.0028171943325332933,0.7078505097147109,0.8156190309588299,-0.3781869445219193,-0.0138586925934476,0.0584923301885367
Ap2b1,0.011412175693827511,0.19265460159509207,0.36620563351285534,-0.6203658294425962,-0.0444396271385003,-0.0253078611436476
Ap3b1,-0.025641264271958487,0.04222331649725109,0.14617392040640162,0.3431281942407947,0.0919983626839381,-0.0429333474456534
Ap3b2,0.03405909353959115,0.04473077744420149,0.15133741555697142,-0.5345837808823976,-0.112589127978353,-0.0193209435943815
Ap3m2,0.01673114548244005,0.2633220255288126,0.44330219545296146,-0.3650088327141207,-0.1040839224955325,0.0774012102906485
Ap3s2,-0.0018583541717773868,0.777900297684391,0.861986159478085,-0.333182449480192,-0.0795560463060996,0.0364572324306514
Ap4s1,0.008511947849706977,0.5127829211636681,0.671899738211115,-0.3314419441470865,-0.0947096350862706,0.0634003905803088
Ap5z1,0.0023143626658625746,0.6585609062521174,0.781074620913571,0.0248643619015068,-0.0251803149354484,0.0109457020107509
Apaf1,-0.027485594919441827,0.10599582318167894,0.25497988790985265,0.2968804811039919,0.2126116824328279,-0.0983173893147877
Apba1,0.000560574366361414,0.9541615228239263,0.9699437879483555,-0.3677439125232865,-0.1041904490254448,-0.0183793856732485
Apba3,0.003061442133025067,0.5844477267347841,0.7285839074887128,0.3023506407223234,-0.0274519708714516,0.0532359188486919
Apc,0.007879632413973664,0.6304997919807207,0.7606435358834214,-0.4664554292722688,-0.0799968909328991,0.0116027620305978
Apc2,0.03968330810095322,0.02890937887342726,0.11553242714382102,-0.3063289386265645,-0.1322010071772945,0.0625570225899121
Apcs,0.00015298328039734283,0.6213787076240047,0.7543016252384525,-0.5373188606915634,-0.0011378219166549,-0.0010041566531872
Apex1,-0.0020496738156570125,0.213493223974588,0.38955139703828817,-0.2334763582551494,0.0033189074191878,0.0062777129709865
Aph1c,-0.004512416211405414,0.09784551518703234,0.24299414458084323,0.5311027702161866,0.0123859678264595,-0.0010403542264576
Apip,-0.005206932093241022,0.19988808551586862,0.3756923818041436,0.0631554792298274,-0.0362860253317605,0.0383922226243315
Apln,0.044096758932673244,0.01136296805199032,0.06430806850940682,-0.5388107224056538,-0.1676736525519088,0.052171810146289
Aplnr,-0.0690179489123028,0.047702362986779115,0.15698693780358727,-0.0258589363775671,-0.2688401055555786,0.2696596467469889
Aplp1,0.08558604153724841,0.00890908605071207,0.0550851490238573,-0.340641758050644,-0.3651235444285738,0.1533122405073363
Aplp2,0.01965749232654375,0.17709544160698992,0.34878913036187476,-0.2379519433974206,-0.1182125216574134,0.1035759389515145
Apmap,0.011852153649780674,0.14001535276317645,0.3017398878094479,-0.3652574763331357,0.0042813019079257,0.0158934577307428
Apoa1,-0.002675026788523232,0.41615485861483303,0.5901601150387165,-0.5358269989774729,0.0004953433727881,0.0017830194167483
Apoa4,-0.01152371004395455,0.31098348428634304,0.4949537451933341,0.0997060912250425,0.02321574656644,-0.0097792056303028
Apob,-0.00020343470723040063,0.8353677179352571,0.8991793055893114,-0.3600359603338193,-0.000131079432499,0.0014427517807211
Apobec1,-0.05926921460532345,0.031249284352681737,0.12196067290208841,0.5109626370759661,0.2815159249474336,-0.0414478512755109
Apobec3,-0.042765281788992804,0.15458805015395005,0.32081108374096795,0.2033904803543261,0.2772691826645412,-0.2864209922079008
Apod,0.024432697700376864,0.3928613989905356,0.569957717692055,0.6439869732490279,0.1525662537479646,0.1322054650465736
App,0.027074268936389274,0.017625945066521823,0.0850648321152013,-0.4684445782243893,-0.0140907806197185,-0.0160013171221091
Appbp2,0.023045442201099477,0.2381186074486504,0.41668714119916495,-0.4264238066108426,-0.1368586328348546,0.0709706106783842
Appl1,-0.001987700822964989,0.8877777132743528,0.9298879087089269,-0.5206597382175536,-0.0510822939433208,-0.0138168861422935
Appl2,-0.03497689693763248,0.19089721803289392,0.36446534601856584,0.1029384582722384,-0.2771461793434984,0.2395954752348004
Aqp2,-0.002138532682528046,0.008989165649369964,0.05551299513006802,0.1193489371272329,-0.0028570173420622,0.0044826663833954
Aqp3,-0.0020013263734045593,0.36806774931924746,0.5473800551829392,0.1101491232236754,0.0188303686434906,-0.0128441026762687
Aqp4,-0.08019065492154939,6.775508908172828e-06,0.00046705231000796746,0.1623642832168398,-0.0240932976134096,-0.0742371643455754
Aqp5,-0.0008234814438755186,0.470155391451512,0.6363127226835136,0.1529158256942671,0.0034260477756008,0.0011434346894115
Aqp6,0.006959323073150272,0.10311279619420763,0.25153420506825397,-0.5181733020274031,-0.0242944459020761,0.0102281124035388
Ar,0.009042127002765195,0.41520752169990904,0.5895088967794948,-0.3533225826204125,-0.1239070847111418,0.0561760065249475
Araf,0.0274334548882259,0.11420353493550925,0.26745593703810505,-0.3558090188105632,-0.1500172053953532,0.0710652984485222
Arap1,-0.04822537697650693,0.030261995285762948,0.11901807089643546,0.5042492593625593,0.1656981529702001,-0.0800674599005593
Arc,0.015829693640667993,0.3386925782399156,0.5193703420530349,-0.5000223178393031,-0.1345832041449249,0.0059789731509206
Arf2,-0.010155040428101256,0.08329846097969919,0.22061549816066747,-0.1519212512182069,0.0628173579709779,0.0255519121346604
Arf6,-0.024480252904136114,0.00010662228428994896,0.0030384372746537973,0.5524861214514825,0.0556068976917725,-0.0054956541876369
Arfip2,0.006497648133876281,0.45845047394967153,0.6279688151496441,-0.2814645767250576,-0.0639911200823959,0.0715278627278237
Arg1,-0.022313675638461723,0.852773762734246,0.9106183299407667,0.0919981390355754,1.4505015049751293,-0.7176823335811052
Arg2,-0.001002757069732827,0.9252120689702303,0.9526658788488382,0.1501807458851014,0.1811608457179236,-0.055288747097475
Arhgap17,-0.04227033263035947,0.0005830862433981082,0.010054197896490034,0.4301534608960687,0.0380945795740641,-0.0468944607131043
Arhgap31,-0.030028495747615642,0.00024484186290754645,0.005477799748646467,0.3945974233769139,0.0019925253408872,0.037663600183404
Arhgap35,0.019898679988928813,0.33437460971480226,0.5167995385407959,-0.3945974233769139,-0.1288820761535898,-0.0089528444574926
Arhgap44,0.03547254060544688,0.02371888182090516,0.10203538036983512,-0.5174273711703579,-0.1416875339075978,0.0575362318649732
Arhgef1,-0.02464075072624188,0.13562242882467782,0.29641669318896036,0.3993216521382002,0.1606148580773081,-0.12535767958433
Arhgef11,0.004445707531737335,0.6066494861883066,0.7442325707182665,-0.094235931606711,-0.0757018318564095,0.0811773706511771
Arhgef12,0.016179629845610055,0.1909665439064801,0.36446534601856584,-0.2068714910205371,-0.1338983923699661,0.1100192617930981
Arhgef15,0.0034365243819884012,0.7294215270801485,0.8307165013699124,-0.5221515999316442,-0.0313571033952889,0.0706298791824394
Arhgef28,0.013818431393787444,0.3661973444570886,0.545552761120213,-0.5206597382175536,-0.1576730317023483,0.051007657643793
Arhgef3,0.012202348275258712,0.060287735369809324,0.18182348983345067,-0.1810125546429699,-0.0111154629427907,-0.037374011563775
Arhgef6,-0.019373994182696308,0.03328780375526703,0.1268118647913496,0.3694844178563919,0.0968154485345771,-0.1164763500770298
Arhgef7,-0.011208529593185728,0.0955491008385661,0.23986021819760123,0.376943726426844,0.0182974173337484,-0.0020180865368111
Arid1a,-0.01041286492248808,0.4415278590400974,0.6138548947842837,-0.0248643619015068,-0.0496680500360922,0.0388554377901231
Arid1b,0.0017010045176833113,0.8172107228817953,0.8869344462595825,-0.1946879536887987,-0.0204363948930098,0.0075105959195089
Arid2,-0.010854480321310162,0.32468250400325804,0.5078822546575276,-0.0094484575225726,-0.0484412085452692,0.0341894574604465
Arid3a,-0.019695223754843966,0.01067291242803568,0.06174827926009221,0.3364148165273878,0.1017159884366,-0.05991187875072
Arid3b,-0.0072400598436532255,0.20751741944009305,0.38339237832811107,0.4219482214685714,0.0219327274770797,-0.0546460762166606
Arid5b,0.009490623552384857,0.28566763135322326,0.46749778233326655,0.1964284590219042,-0.0355462031987132,0.0977448173179464
Arl13b,0.0020073748645326192,0.7972965817304307,0.873545075044782,-0.0358046811381698,-0.0545400631941557,0.0550462625601601
Armc12,-0.0009765355124828993,0.007136111913607767,0.04865171019004254,0.2339736454931796,0.0036469810857939,-0.0003077249381282
Arnt,-0.004995283644810246,0.46224879792015305,0.6308001921323436,0.4813740464131729,0.0127193161206142,0.0495965561512687
Arnt2,0.03487974803640516,0.09130111266064397,0.23170496302584323,-0.2556056403474905,-0.1986249084055082,0.145173805869484
Arntl,0.0078113506183828275,0.12878312451717808,0.28837696144079256,-0.3886299765205522,0.0568772666025165,-0.0686457999132909
Arr3,0.00011828230760281361,0.7099214428849896,0.8162651406420791,-0.1673371555971411,0.0012318644465482,-0.0014709532598584
Arrb1,0.012250575458506432,0.1105989553938853,0.2624024518438181,-0.4950494454590016,0.0255849246436987,-0.0028512474363218
Arrb2,-0.030579743331619225,0.10402382150808466,0.2526755882340484,0.471179658033555,0.2295057373306377,-0.0734011054084469
Arrdc2,0.06324598892523042,0.0005821161080698777,0.010054197896490034,0.0392856918043808,-0.1216154506211233,0.2166526290973316
Arrdc3,0.033343831213236044,0.05659588843829464,0.1758195048256644,-0.4851037006983988,-0.1890304501031485,0.0637122089905088
Arx,-0.0009656355443231344,0.040187716571006636,0.14216195716276342,-0.3229880611005741,-0.0022542803000085,-0.0009770499615184
Asap1,0.0051077003008798815,0.4153797890409716,0.5895526722031152,-0.3088153748167152,-0.0301683947252324,-0.0365836084793711
Asap2,0.007903425820732514,0.5558427356358742,0.7032127466464767,-0.3316905877661015,-0.0777512556360999,0.1176193445520847
Asb9,0.00016971065920822238,0.6130013873335293,0.7500332751851329,-0.3739600029986631,-0.0004590344395916,-0.0006146849352665
Ascc2,-0.014628786828727177,0.15873552958726947,0.3258837049293784,0.2561029275855206,0.0810006666682138,-0.0174533075780976
Ascl1,-0.0006818771939897671,0.7614696354152948,0.8499467418497634,-0.3396471835745838,0.0057777830242292,-0.010934474915508
Ascl2,-0.003330024782046521,0.01547500014451335,0.0794353819621739,-0.290167103390585,-0.003644330107995,0.0004338020588239
Asf1a,0.0062770102843903415,0.41777433596929037,0.5911731896326234,-0.3058316513885343,-0.0694659992416831,0.01681406951154
Ash1l,-0.001339519051236316,0.9167378719086896,0.9462322712679535,-0.2469031136819631,-0.0741756258423269,0.0672390908334796
Ash2l,0.004297672513871546,0.41296984031775075,0.5877676215013522,0.0116862500937082,-0.0441837263907811,0.0276287580004126
Asic1,0.03112370391829168,0.006508370061468892,0.046174124733731316,-0.3906191254726728,-0.0905496131026994,0.0196234387105047
Asic3,-0.00675591537522096,0.30534123457629286,0.48902359429232106,-0.4047918117565317,-0.0080879224021976,-0.0092209025979936
Asna1,0.011645276029421612,0.08778871513560335,0.2270865910012481,0.0584312504685411,-0.0139409185512608,0.0457155932661788
Aspa,0.04177057534906392,0.12506539872591171,0.28228256588534323,-0.1720613843584275,-0.3525054586490159,0.0949163463949829
Asxl3,0.0007431416661078101,0.8412963406507414,0.9029647617591973,-0.242924815777722,-0.0309993680930943,0.0271664811238882
Atad3a,-0.007147594085375024,0.23448964073442366,0.4131715569555423,0.1864827142613014,-0.0417377768237862,0.0831495622340037
Atf1,-0.02703661939384977,0.0010015049581294695,0.014151459256006716,0.4281643119439481,0.0813762334067155,-0.0155978413632588
Atf2,0.004263072373622238,0.5135939239036865,0.6726168436027484,-0.5022601104104386,-0.0491958594879261,0.0287834073475315
Atf4,-0.02316201309597578,0.06245759851713819,0.1858787689824515,-0.1024411710342082,0.0788705060662275,0.0372247297754331
Atf5,-0.0017107841743001337,0.9294673424982641,0.9558897004200897,0.3714735668085125,-0.0030916900173469,0.2066202080024239
Atf6,-0.010896704073234974,0.0625218688069967,0.1859615468131138,-0.0258589363775671,0.0420476318151714,-0.0020020714708119
Atf6b,-0.015023177905406325,0.06337701856835891,0.1874858038977803,0.3575495241436687,0.0617154512112827,-0.0411777956627146
Atg101,0.009207478301342465,0.10029132476057086,0.24702368305343889,-0.2421788849206768,-0.0141622452825798,-0.0105032578419776
Atg13,0.030078534360760252,0.0282628679459915,0.1143001725375714,-0.2317358529220439,-0.135938249591341,0.0800358666798075
Atg14,0.00026654512684019636,0.9678765470115078,0.9799798067299923,0.1519212512182069,-0.0450613408631644,0.0538975424755752
Atg16l1,-0.001146826932742612,0.8257091433747494,0.8921716459128568,0.0626581919917973,-0.0658972549948984,0.071232764520572
Atg3,-0.0043128957182922475,0.3343137153502427,0.5167995385407959,-0.7265366547620306,0.0116261905058511,-0.0110610088426421
Atg5,-0.01774999503166393,0.023273682652357502,0.10103922232630937,0.3699817050944221,0.055991154699148,-0.046475520018737
Atg7,-0.025090330393649527,0.005103120397114503,0.03998620145265911,0.5015141795533934,0.077139286569263,0.0282764345123531
Atg9a,0.030700423301032464,0.012459328388208792,0.06833874635296026,-0.4898279294596852,-0.087903777332738,0.026928618635331
Atl1,0.0365021119519816,0.02397807936109098,0.10259984716369168,-0.2324817837790891,-0.1792176962898009,0.0618052409454541
Atm,-0.011006453492906252,0.004799911751593279,0.03867985757484568,0.4391046311806112,-0.0153540609666176,0.0308346043343546
Atn1,0.01637863830389475,0.3528671187044985,0.533325977040488,-0.2943940449138412,-0.1032931265204704,0.0846001436463836
Atoh1,0.00030467701825032405,0.27488939491124587,0.45631648706338096,-0.2543624222524152,0.0004079095886689,0.0009915730853817
Atoh7,-0.0010662142467956332,0.2247840197666621,0.402889418422257,-0.2643081670130179,-0.0019803691456998,0.0062898030806193
Atp1b2,0.06674923564634122,0.007356972149609324,0.04912030750675021,-0.1745478205485781,-0.2448533840827278,0.1480219534003448
Atp2a2,0.0401570005028774,0.0006038480489308202,0.010336338582537293,-0.3948460669959289,-0.1155033886644565,0.0510943087833379
Atp2a3,-0.03410800695903026,0.09405201964462963,0.23700537947731967,0.5211570254555837,0.1360095388000776,-0.2470470705896887
Atp2b2,0.08836572121757828,0.0005799076794229879,0.010054197896490034,-0.4405964928947016,-0.2050711144721511,0.0250091016336431
Atp2b3,0.040759914512596626,0.022911679262455655,0.10048511251217972,-0.5532320523085277,-0.0899631615954102,0.0476533438520114
Atp2b4,-0.00609931940458476,0.5712623228175022,0.7177362336679997,-0.2474004009199933,-0.0127838119677134,0.0954293850166367
Atp4a,0.0024490279354991806,0.02416168944490003,0.10305081760738716,-0.2819618639630878,0.0004795779769026,0.0010988664956874
Atp4b,0.00016104587714071782,0.4789811799817496,0.6443256854132132,-0.3145341780540618,-0.0004865412123546,0.0009048332561052
Atp5f1,0.03254326386695639,0.0065316644831491626,0.046275028511866496,-0.6608947393420525,-0.0436557620456758,-0.0603294496012722
Atp5o,0.03275155753940051,0.02293757730661579,0.10048511251217972,-0.395094710614944,-0.1476095450335544,0.0509281028878692
Atp6ap2,0.015363012939102428,0.18789111167574135,0.3611275661861178,-0.181261198261985,0.0487457258311136,-0.1173944757345639
Atp6v0a1,0.0306778074063834,0.02533313041760814,0.10635744712775239,-0.3458632740499605,-0.0908200747642504,0.0546068695331221
Atp6v0d2,-0.05876500808710623,0.16430548678763895,0.3337802820006955,0.6957048460041619,0.2968579204867574,0.0097577210155371
Atp6v1a,0.018137574423821117,0.0992375770117485,0.24544974808368675,-0.210352501686748,-0.0252460802972982,-0.0112266157028173
Atp6v1b2,0.03202818502133375,0.02982793559568126,0.11776493767304189,-0.2916589651046755,-0.125680887830188,0.0796838041996226
Atp7a,-0.017294468257827014,0.23014364236114293,0.40886053244489695,0.3794301626169947,0.1267476244867207,-0.0322026152602706
Atp7b,0.010787562581954766,0.07793356978984002,0.2128153851702216,0.1178570754131425,-0.0697498568495511,0.0604662352721925
Atr,-0.011610222408680277,0.005864064783680157,0.043414505749713325,0.235714150826285,-0.0175496691515786,0.0264708113405425
Atraid,0.000738856133355362,0.968700800432319,0.9804251553581863,0.0,-0.0760038427299192,0.0679818591571312
Atrx,-0.0069115932230966156,0.2411162409032097,0.4200594073931942,0.141229575600559,0.0088450670403963,0.0116397357784157
Atxn1,-0.024750285015607713,0.000911768674624674,0.013403262274525827,0.4042945245185015,-0.0067362392465859,0.0196452576863708
Atxn10,0.013097159382787979,0.18486269233321542,0.35728267314359474,-0.0551988834213452,-0.080389975356053,0.0284310681450583
Atxn3,-0.005081958459071109,0.43921618514531746,0.611307438042637,0.2474004009199933,-0.0140660561374714,0.004660194587863
Aurka,-0.004214991192868992,0.5915354054504223,0.7332739011427956,-0.0106916756176479,0.0659344221083111,-0.0443752021150191
Aurkb,-0.008473418605685677,0.41233244088792564,0.5877676215013522,0.1136301338898863,0.0917312146430946,-0.0564833526882556
Avil,-0.033532674358307785,0.16509452876041159,0.3346135077553391,0.2869347363433892,-0.0506044605108939,-0.0532704790664121
Avpr1b,-0.0004599862567198211,0.25702629650693815,0.4370999214932182,-0.0785713836087616,0.0015296120237193,-0.000408645591996
Avpr2,0.00031992462428451294,0.14016660511659398,0.3018108284929278,-0.1914555866416028,-0.0003403608219941,0.0005569300947186
Axin1,-0.015456894635562886,0.005700961014995887,0.042905675023620825,0.3990730085191851,0.0352732646528087,-0.0030280721851453
Axin2,0.014898724644971285,0.06583673008265846,0.19064052852723606,0.2536164913953699,-0.1016425472750007,0.0896812855096392
Axl,-0.047560632008068524,0.13613111210450518,0.2966586663753449,0.5455241001190605,0.196172304348011,-0.1784553182225625
Azi2,0.0021353063128158626,0.6644759308176583,0.7851498084551483,-0.5156868658372523,0.0184670477304078,-0.0120119745086874
Azin2,-0.0018768199731729917,0.38449985087346783,0.5632361050721229,-0.4870928496505193,-0.0047789511441943,0.0073215903300905
B2m,-0.08518469077732795,0.042377773656447196,0.14620430299482037,0.3177665451012577,0.2996094657377437,-0.65390047498239
B3glct,-0.0058778235313112805,0.13171779796468436,0.2925087015314997,0.3714735668085125,-0.0088085034147302,0.028223332984396
B3gnt2,-0.011900721138444146,0.17884601682392307,0.3504777302415795,0.5758586216388989,0.0295513273299239,-0.0224787719356227
B3gnt6,-0.002546035671938841,0.0016407773231158695,0.019284804435977076,0.1146247083659466,0.0003510563249218,0.0069146529581268
B4galnt1,0.000356464113377093,0.9844921306056205,0.9893736663367988,0.2297467039699234,0.1840351021804573,-0.1673125232046479
B4galnt2,-0.00072367579415668,0.15556539204270067,0.3220632909839305,0.3936028489008536,0.002338628236855,-0.0009041858276652
B9d2,-0.004150453381722098,0.33764052727019367,0.5190091202254784,0.1452078735048,0.0249017685211414,-0.0015261516561352
Babam2,-0.005804489966932905,0.44167159176660364,0.613887408610748,0.025361649139537,-0.0042927338485408,0.0550538564681419
Bace1,0.018985419554394943,0.3021317345694101,0.4855620598735227,-0.4587474770828016,-0.1879262537556649,0.0501499477366511
Bace2,-0.03938524624618567,0.0012198018979768948,0.01638719800095353,0.4100133277558481,-0.1238772481308124,0.1290626247500798
Bach1,-0.05171467767097887,0.00015756562543666023,0.003979386271202317,0.4028026628044112,0.1697446593209715,-0.0410650670302823
Bach2,-0.008721745753205513,0.21715994240430764,0.39379056743845475,0.3438741250978399,-0.0111268319256702,-0.0714590401013552
Bad,-0.012360267248554147,0.1445929034243084,0.30770479781702004,0.0716093622763397,0.071272716715987,-0.00236318803345
Bag2,0.0034712528616167924,0.35994446006464786,0.5400225561146379,-0.4032999500424413,-0.0374882921286834,-0.0020863588643275
Baiap2,-0.022884812281909868,0.02189442825704407,0.09788210213775794,0.3461119176689755,-0.0120665171539351,0.0720986589727312
Bak1,-0.019948620492808267,0.2537360413988837,0.43418569177313177,0.1857367834042562,0.1918332382997769,-0.1182890794672093
Banp,0.017878034932433385,0.0037329713412632215,0.033174018835860096,-0.4234400831826618,-0.0861203791984294,-0.0086193556566405
Bap1,0.01372311595563373,0.06282648431807243,0.18673996548737545,-0.474660668699766,-0.0495173737499915,0.0205560356151108
Bard1,-0.004297011796626259,0.26076906501955266,0.4408389137359728,-0.2307412784459837,0.0251509613618676,-0.0234965663981841
Barhl1,0.0010556534063999978,0.17102812735487383,0.3413155920669054,-0.3742086466176783,-0.0059320764839916,0.000833386231392
Barhl2,-0.0002460286708628902,0.8812841473270172,0.9261290555243334,-0.340641758050644,-0.0099999007003858,0.0065190946520542
Barx1,-0.00011390161748193155,0.654644701149748,0.7791228315879487,-0.105424894462389,0.000119184429267,0.0011217173525927
Batf,-0.01082653947325063,0.4938054812455819,0.6561348684120117,0.2334763582551494,0.1740628031592919,-0.1364529272699979
Batf3,-0.032640383505126505,0.008794405447378893,0.05470763681351187,0.278978140534907,0.1118221973022769,-0.123788073578277
Bax,-0.033944871156455066,0.18390941162448052,0.35611488816758785,0.3520793645253371,0.186123491530789,-0.0918203322199557
Baz1a,-0.036432396436789284,0.11486396782924274,0.26801418308495534,0.2033904803543261,0.2671041460350506,-0.2501469898246574
Baz1b,0.0011247761816667683,0.7765526208440177,0.861986159478085,-0.0390370481853657,-0.0061288800981229,0.0393868693194354
Bbc3,-0.008038721201156306,0.1150396175700425,0.26807541764494597,0.4159807746122098,0.0333976637006878,-0.0369449480650907
Bbox1,-0.021150142561896405,0.173042171516517,0.34319133627750903,-0.2436707466347672,-0.1072413590008193,0.0523161539896308
Bbs1,0.016678769511915763,0.06776592149421486,0.19410988315550176,-0.1156192828420069,-0.0683100590166102,0.0980970610686363
Bbs2,0.003418864896020428,0.766439500814409,0.8539991030262779,-0.0549502398023301,-0.1156734538519201,0.113319184880008
Bbs4,0.009062995231766374,0.3263129997006545,0.5089741980336717,-0.3045884332934591,-0.0892550562015498,0.0994235932958708
Bbs5,0.0019852748674391335,0.6618798455292685,0.7829891215317251,-0.4308993917531139,-0.021247869572521,0.010906751180457
Bbs7,-0.00018464811180556251,0.9805219574880986,0.9875751485480236,-0.3341770239562522,-0.044820738426372,0.0294770331937053
Bbs9,0.00462796502074343,0.7692999218760239,0.8560481503944631,-0.1541590437893425,-0.1618215302802824,0.1266223122947807
Bcam,-0.011810854097905669,0.42741897512221605,0.6007077085451253,-0.2170658794001549,-0.1296509235424872,0.1666389513368846
Bcar1,-0.0010139989048804307,0.9154120311956953,0.945665108601019,0.0972196550348918,-0.0820266170186541,0.0369082173903014
Bcl10,-0.008134649214855365,0.13385582349243105,0.29520041315818885,0.2613244435848371,0.0553229105487929,-0.0659927728255784
Bcl11a,0.01946716221600634,0.06906062169908632,0.1966935964751755,-0.1193489371272329,-0.0160825950036729,-0.0692875370414429
Bcl11b,0.0031670720516716135,0.43816706963039465,0.6105096466696153,-0.1287973946498055,0.0016233227802288,-0.0093652458059036
Bcl2,-0.026680928094240643,3.806164471803396e-05,0.0016179370808890934,0.4933089401258961,-0.0137431179248392,-0.0004270861288115
Bcl2a1a,-0.04151134026976168,0.41977343014560664,0.5931479964467422,0.3573008805246536,0.5218290948918263,-0.3307847081196375
Bcl2l1,0.0239391132735784,0.1779620420930665,0.34914783719874315,0.340890401669659,0.0125178263543808,0.0757665829913907
Bcl2l11,-0.04525946897118597,0.003470163402628876,0.03132974073771663,0.485352344317414,0.1557005045834111,-0.0607778195978516
Bcl2l12,-0.016460800446013984,0.004406757151754523,0.03631481135880423,0.6285710688700935,0.0150663833225146,0.0487665156611889
Bcl2l2,0.007400140490418155,0.2599572741184501,0.44029053314501565,-0.3605332475718495,-0.0434809896331118,0.0350203873811826
Bcl3,-0.008595360731919474,0.7002786197488631,0.8107401814205516,0.1208407988413233,0.2731819931497357,-0.0655274921839892
Bcl6,-0.002657264623683471,0.8667617502732196,0.9174832305755743,0.2369573689213604,0.1099496960020156,0.0840029508472421
Bcl7a,0.007062900274608597,0.5476746597211346,0.6966804087874084,0.1049276072243589,-0.1186268971093896,0.0730876913748689
Bcl7b,0.010235074613520875,0.18663062628458693,0.3595111996279498,-0.2173145230191699,-0.0566333190538246,0.0615058040746068
Bcl7c,-0.021006080627762398,0.0005834233635289257,0.010054197896490034,0.30806944395967,-0.0101399341271178,0.0337653212597801
Bclaf1,-0.018394349654690962,0.05747008051363793,0.17710778427985102,-0.3724681412845728,0.0330149107378467,0.0049746223834827
Bco1,4.865447838530455e-05,0.8599123041854296,0.9144194102796133,-0.0820523942749726,-0.000475550706575,0.0004290681218608
Bcor,-0.016895625736533415,0.0036547282847216585,0.0327066122462547,-0.2844483001532384,0.0498046835456782,-0.0859245431461003
Bcr,0.013171888300591626,0.13978737456249601,0.3013759077106053,-0.4967899507921071,-0.0098698112937143,0.0491167239357914
Bdh1,0.01288687702944688,0.3807193058224122,0.5601526331122367,-0.3205016249104235,-0.1193758057847083,0.0203268358113919
Bdkrb1,-0.001823745273760398,0.29989718774181845,0.48318874121004923,0.1312838308399562,0.0281803009643919,-0.0043282566608885
Bdkrb2,-0.005807095179346882,0.5970933855004437,0.7358717949837553,-0.1807639110239549,0.075429698090475,0.0572735864043877
Bdnf,0.0004900224781165033,0.9500476489301702,0.9668476048661108,-0.4005648702332756,-0.0387450900837053,0.0718210859469544
Becn1,-0.0022989204492283506,0.7323263549734126,0.832751509607763,-0.4296561736580385,0.0333737027726113,-0.0147198898044067
Bex3,0.016240439491338167,0.25767807810909776,0.4376151425154343,-0.4987790997442277,-0.0862118412894701,0.0271324074885903
Bfsp1,-0.0037493057164765305,0.008223217719112113,0.05217242983232698,0.3294527951949659,-0.008115504687339,0.0100610499996784
Bglap,-0.0071057613052941055,0.07339328395329127,0.2054689653708897,-0.0895117028454247,-0.0527144159667426,-0.0053431222431033
Bglap2,-0.018044445767402998,0.1032543414657791,0.25164854076299054,0.0206374203782506,-0.1241230482312035,-0.0593213804905956
Bhlha15,-0.004827055682933333,0.0012867741725926468,0.016960814094044162,0.5937609622079838,0.0023541377265597,-0.0150438216053835
Bhlhe22,-0.004102214216051809,0.0824641796588614,0.21943128870101825,0.0559448142783904,-0.012235879413828,0.0143885652305834
Bhlhe40,-0.02083010558752218,0.3220503203433114,0.5053148828272013,0.1457051607428302,0.2205507944292715,0.005368355193003
Bhmt,-0.004844665590211147,0.0016795705713975094,0.019528483033593134,-0.1447105862667699,-0.005610629955909,0.0001001544986732
Bicd2,0.029920412403505462,0.004726237300067976,0.038328356864303255,0.0273507980916575,-0.2180460910046575,0.0719529915965808
Bid,-0.0216064904863284,0.039166176332772376,0.14000467096949676,0.3461119176689755,0.1113480595497476,-0.0715901757559557
Bin1,0.05157845095263893,0.02561329491471063,0.1072688155664523,-0.2202982464473508,-0.2600909689141892,0.1645072366519691
Birc2,-0.007075264987020068,0.091200745280451,0.2316491115765889,0.2227846826375015,0.0146085688882989,-0.0254690461059321
Birc3,-0.024077433387858466,0.3474325932718477,0.527875988205819,0.242924815777722,0.2532070090041435,-0.1932891057896664
Birc5,-0.008681852468606177,0.4597210415667776,0.6289879876686701,0.1263109584596548,0.0843358676407312,-0.0504788233682406
Blk,-0.006325319589378477,0.2866607794129953,0.4685218313956069,0.4985304561252126,0.0042754426657547,-0.0594325287072928
Blmh,-0.005449818049192835,0.3067660321419661,0.49038343151243163,-0.4301534608960687,-0.0004256412738843,-0.0173301075096173
Blnk,-0.06613115391449435,0.008398750718290876,0.052972402214529944,0.6832726650534087,0.0484449441328427,-0.1816314114842501
Bloc1s5,0.0006248439618280873,0.8384870700902483,0.9012057615951025,-0.0164104788549945,-0.0400946664701364,0.021561995522632
Bloc1s6,-0.008016328903673417,0.023168084664675872,0.10103922232630937,0.0750903729425507,0.0063325934390583,-0.0111249182510322
Bmf,-0.024713837779333617,0.0004805602839408189,0.008817762620079557,0.5159355094562674,0.0621277062500527,-0.0187724826901874
Bmi1,0.006624200500328307,0.515913039010474,0.6744419302902173,-0.2374546561593905,-0.0530020206779988,0.0128937589555666
Bmp1,-0.053404387644913204,0.02216847477664744,0.09867486024055723,0.3610305348098797,0.2513854260729424,-0.0123412710157997
Bmp10,-0.0007845780052772437,0.010569630964212873,0.06157748089807497,-0.152418538456237,-0.0009293589084541,-0.000946465489324
Bmp15,-0.0003021745876352847,0.5021873649674377,0.6639859379727577,-0.3610305348098797,0.0011193123094195,0.0013010899984316
Bmp2,0.0015682228745362776,0.7274798535434457,0.8293947490075629,-0.2590866510137015,-0.0156804328295213,0.0225021392027328
Bmp3,0.009030392404690274,0.004100402932670674,0.03497684842734633,-0.3262204281477701,-0.0097783263134944,0.0093854633634455
Bmp4,-0.015562619476274245,0.19457689897248742,0.36861739473459143,0.333182449480192,-0.0832975311623566,0.0660307053572915
Bmp5,0.010564745801221471,0.03475674051503984,0.13026754839619267,0.2188063847332604,-0.0364292838124468,0.0573604049073175
Bmp6,0.04508433662173259,0.1244001323861712,0.28127884543522136,0.3259717845287549,-0.2891323297668475,0.3246524448164837
Bmp7,0.02076806177347172,0.04992467717737629,0.16158996083870333,0.2401897359685563,-0.1139835071609368,0.1721195046759492
Bmp8b,-0.001748570165533703,0.0027218734774550383,0.026803622796328475,-0.3403931144316289,-0.0014559985210379,0.0018515757559025
Bmpr1a,-0.006488836895763423,0.42137297139953045,0.5945846548019377,-0.0813064634179274,-0.029794407600417,0.0374620087258898
Bmpr1b,-0.00231089249653854,0.8279422229377298,0.8939718056624634,0.0191455586641602,-0.0972946596829051,0.0707730350085057
Bmpr2,0.015987611794356052,0.07930508468770166,0.2149496477109278,-0.5569617065937538,-0.0350228571967825,0.0669108143125192
Bnc1,-0.00046046968949864164,0.40283403196388146,0.5791590747034271,-0.1733046024535028,-0.0002548305574062,-1.7875260177545836e-05
Bnc2,-0.006198293171875797,0.6235231923121909,0.7558440598822447,-0.2220387517804563,-0.0770413205500239,0.0931080334419496
Bnip3,0.01417770817532311,0.3178614100574758,0.5016016140545303,-0.626830563536988,-0.0530238838371642,-0.0826825242376013
Boc,-0.02733781990712268,0.0011827261955325613,0.016002881494460466,-0.2675405340602138,-0.0289821478209501,0.0648445175029295
Borcs8,-0.02202041902019568,0.059607003768054674,0.18066270126015857,0.5495023980233017,0.089233194120919,-0.0482469280669163
Bpifb1,0.00021428587790237714,0.6426444580708119,0.7703659311565699,-0.427667024705918,0.0004838183959899,-0.0019598422647621
Braf,0.0137260629841435,0.30820207317386716,0.49186055085664987,-0.3217448430054988,-0.0868972970872815,0.0703573470170082
Brca1,-0.004946087623269405,0.3286979894369788,0.5111855012554967,0.0072106649514369,0.043232034415205,-0.0321026761048729
Brca2,-0.007551785574742713,0.013681402123682535,0.07284846788403404,0.0937386443686808,0.0117293187329519,-0.0014156617347353
Brcc3,-0.003750601798704796,0.4223563740073095,0.5958074844610857,-0.4475585142271235,-0.0229076150392426,0.0011973930351841
Brd2,-0.02365748700115615,0.07867582585038252,0.214040206753494,0.3538198698584426,0.045018349407174,0.0066884861536304
Brd4,0.005696251181394786,0.30089226887837545,0.48448594177670234,-0.2277575550178029,0.0197628761498565,-0.0139736665929623
Brd7,-0.00996009955864207,0.1103951932320309,0.2621628867209449,0.0191455586641602,-0.0073372259224437,0.0147732405523923
Brd8,-0.0061458004504400315,0.17372399917329645,0.3441421824399943,0.2414329540636316,-0.0200837167643834,0.0806818697484701
Brip1,-0.005688935113671976,0.358629514507373,0.539245170196779,0.0895117028454247,0.0440575070685031,-0.0336397088652884
Brpf1,-0.01412849059776235,0.17149314422245307,0.34144673250536034,0.2483949753960535,0.119104639292344,-0.0168057868292694
Brpf3,-0.005551053928091329,0.36098446148125696,0.5406288132753645,0.1029384582722384,-0.0103063333915681,0.0513858809584302
Brs3,6.34838704494787e-06,0.9698940162964396,0.980465591979417,-0.224773831589622,5.210897928869607e-05,0.0003920967955013
Brsk2,0.05820650427046338,0.007423978783806526,0.04938121469682355,-0.4393532747996262,-0.2179264360071957,0.0828849059478422
Brwd3,-0.001099725413795837,0.8696321519474572,0.9193769133852807,-0.3617764656669248,-0.0024472964011312,-0.0069904446756037
Bsn,0.04698740716133787,0.0014388195321141603,0.018035966296556478,-0.3669979816662412,-0.1503433275540752,0.0392031772849407
Bsnd,-0.0006791594903086704,0.17117353008440975,0.3413155920669054,-0.2978750555800522,0.0013567996530506,-0.0011144053633384
Bsx,5.037336818750631e-05,0.8529571418265013,0.9106183299407667,-0.0009945744760602,-0.0004130923507689,0.0008063811869547
Btbd2,0.007307489939188967,0.44729011962445153,0.6178533307689303,-0.1767856131197138,-0.0590776517640394,0.0362042684916118
Btbd9,-0.0008655263335820016,0.8488711311676533,0.908347312793413,0.4254292321347824,-0.0315501161919536,0.0391285884827294
Btc,-0.004255527381238275,0.009620087839283186,0.05787651741039261,-0.0430153460896068,-0.0105434648731079,0.0052245183498451
Btk,-0.037474514068906783,0.016504991368259454,0.08246029477912975,0.4343804024193248,0.1429809135008961,-0.1444147791823864
Btla,-0.011015401017581587,0.39152550507673745,0.5688326976349865,0.2889238852955097,0.0511386091614493,-0.1585771481699893
Btrc,0.017950139869389193,0.21199865034712462,0.38746152469390277,-0.2205468900663658,-0.1365219334629899,0.1036348527439973
Bub1,-0.004431368039999036,0.3736409811994099,0.552767588485554,0.0420207716135466,0.0344496655962651,-0.0304046874559093
Bub1b,-0.019034986982651898,0.26838724867778346,0.44901389160556693,0.1071653997954945,0.1520083835458822,-0.0911325203891397
C030029H02Rik,0.015025867522517175,0.1587573038128809,0.3258837049293784,-0.1183543626511726,-0.1413991135019578,0.1278593558902445
C1ql1,0.03544178909588118,0.19616940674499406,0.3707521836999684,-0.1718127407394124,-0.2763615779620925,0.1516268187761651
C1qtnf12,-0.020124637590561715,0.00114760536492766,0.015652232530737952,0.6310575050602443,-0.0129917119817986,0.044518437189779
C1qtnf5,-0.021951535987678128,0.1444199376382794,0.30759336195944187,0.5855557227804866,0.1658513482228153,0.0114024285405859
C2,-0.02232637592743798,0.16861441142469524,0.3382234025471374,0.7762653785650443,0.0141431916611893,0.1164896541413965
C2cd6,-0.000697932939976679,0.08181572030197572,0.21860567704997075,0.0295885906627931,-0.0006283424112473,0.0031199499109807
C3,-0.06990814369804217,0.0970939655104301,0.24183413968198436,0.5591994991648894,0.2699340170605069,-0.2033243045710437
C3ar1,-0.08731229781962768,0.07293534975273781,0.2046442349222858,0.5683993130684468,0.4148612707143579,-0.1670456603326793
C4b,0.037219317160601166,0.052589210264233605,0.1668998651820556,0.7317581707613469,0.0531956579044954,0.0897128695301114
C4bp,-0.000998192692434226,0.1740929712831762,0.3446054507238967,-0.199412182450085,-0.0004247025759545,0.0009952543234232
C5ar1,-0.021509285949969804,0.4063077803420936,0.5831671321117106,0.1949365973078138,0.3127719501634926,-0.0333519265696305
C5ar2,-0.004743503548300366,0.07882983733519633,0.21423068739842113,0.4410937801327317,0.0258370120406802,0.01424757018335
C6,-0.01960385163647871,0.14840736324255777,0.3132089201076902,0.9053114168338648,0.0350170967163083,0.0797711939833701
C7,-0.0004381123703719509,0.6963464880127046,0.807287144398365,0.5599454300219345,0.001751739905398,0.0045741393558318
Cab39l,-0.003130049727993038,0.7519800514907877,0.8434067392021937,-0.3016047098652782,-0.0875604476889754,0.0718968517014319
Cabp1,0.042937162835715685,0.023779722854863454,0.10203538036983512,-0.4530286738454551,-0.1923159532897003,0.0541342767251324
Cacna1a,0.030247265394934,0.08981600083234599,0.22941983988272252,-0.3635169710000303,-0.1268551524574462,0.1063055909742825
Cacna1b,0.031370358897534235,0.13761519882383144,0.2988399868881925,-0.3709762795704824,-0.1385772191290262,0.1439635035439194
Cacna1c,0.020326691568664172,0.12267966345942817,0.2788829351250675,-0.3933542052818385,-0.0678086854358841,0.0941387664685681
Cacna1d,-0.007402949904510218,0.3099697702979328,0.49380256036532016,0.4028026628044112,0.0604036019080875,0.072641443998537
Cacna1g,0.042231037618459345,0.009398351327254702,0.05705450537640859,-0.0375451864712753,-0.1382847400846951,0.1504107160730377
Cacna1h,0.02810450285797283,0.011383356732967824,0.06430806850940682,-0.058182606849526,-0.0681060563897718,0.0855299474560619
Cacna1s,-0.001511661799499086,0.7705509081331143,0.8568956142112527,0.4686932218434044,0.0112384463979578,-0.0229891757702858
Cacna2d1,0.03152442113079994,0.08824364375906804,0.227568668763906,-0.2643081670130179,-0.0973249712576628,0.1205125917426893
Cacna2d2,0.05007828036087266,0.004135549779440442,0.035100564766931276,-0.4731688069856755,-0.1244469797553449,0.0740301034481711
Cacnb1,0.00603065611847165,0.5875716302124377,0.7306686703348719,-0.2337250018741645,-0.1305565150680512,0.0964529896553392
Cacng1,0.0008757408912284121,0.15388631594410984,0.3200057470978004,-0.1332729797920767,-0.003595727878616,0.0046530624669965
Cacng2,0.04740920667679294,0.004357339650312101,0.036199982990622194,-0.634041228488425,-0.1332862616647704,-0.0226659594175544
Cacng3,0.021078963120292386,0.003110198431090358,0.029110315957783333,-0.3100585929117905,-0.0516442721884983,0.0207181192285341
Cadm1,-0.007071420732163064,0.5762383433101141,0.7211461700748019,-0.0106916756176479,-0.1126074883803593,0.1171858243955694
Cadm3,-0.024823651887889778,0.08323501124821896,0.22056197006605968,-0.3448686995739002,-0.0980926581736728,0.0639797403510945
Cadps2,0.03725904858056662,0.002651494365192044,0.026313760227324158,-0.4632230622250728,-0.0514430789600733,0.038931918613915
Calb1,0.03624950869907929,0.033432241507497185,0.12717215803858548,-0.239195161492496,-0.1292692594690114,0.1339681498686704
Calb2,0.024042105167920866,0.34096321084108205,0.5216716672166646,-0.5440322384049702,-0.2050317937247039,0.0321498580578505
Calcr,0.000911586349926872,0.013480502447207967,0.07207970962600403,0.4686932218434044,-1.7593449941971477e-05,4.9461770371098286e-05
Calcrl,-0.035247728140690215,3.628904370658191e-05,0.001568732304637918,0.5761072652579141,0.0015664426186292,0.0504073606119607
Calu,-0.04209353797872897,0.0040326713692909865,0.03486551975381919,0.2722647628215001,0.1281696755850496,-0.0163595780549603
Camk1d,0.01957300562846148,0.0157223746730227,0.07964233684914479,-0.3018533534842932,-0.056661041560778,-0.0003052559283556
Camk2a,0.07007754523276404,0.01002397290394962,0.05938709150179677,-0.2889238852955097,-0.1569015065328187,0.152783863939159
Camk2b,0.0874288072072548,0.004122884530063481,0.03505138997975636,-0.4562610408926509,-0.2435208222644593,0.1596160400491584
Camk2d,-0.009481131157067637,0.42779714849044437,0.6007077085451253,-0.3468578485260207,-0.0270274498209386,0.0641930973787325
Camk2g,0.01966873456326096,0.5161110647597047,0.6744427140237395,-0.1031871018912534,-0.3384531991415449,0.2715862461257032
Camk4,0.017129471267030585,0.05239258826796154,0.16688502424023707,-0.6405059625828169,-0.0385124043140662,-0.010588311651045
Camkv,0.07631010703602595,0.006397708893117075,0.04575664490857899,-0.3538198698584426,-0.1938612551840959,0.1811156608309339
Camsap1,0.010850648705188108,0.12656427498988573,0.2850350404959855,-0.2394438051115111,-0.0950869040365733,0.0530511243053493
Camsap2,0.017339036329749813,0.16498677833036204,0.3346135077553391,-0.4035485936614563,-0.1093349050109422,0.0269265091285209
Camsap3,0.021581359317808795,0.03972019407655991,0.14093057639824658,-0.3607818911908645,-0.0725703600378218,0.0205404951426464
Camta2,0.019934985249978943,0.03945264026393085,0.14083129320245713,-0.3468578485260207,0.0166772642241319,-0.0449868101606723
Canx,0.003697227036819278,0.6652229152446789,0.7854865950609045,-0.2981236991990673,0.0704703804956685,-0.0588424980352253
Cap2,0.029729234023505465,0.030063194962975253,0.11832743634732776,-0.4488017323221989,-0.1194189327643719,0.0033793378318593
Capn1,-0.05875258823229046,0.00113205822962227,0.015562412059112261,0.3881326892825221,0.1179931292603636,-0.0205458231650136
Capn10,0.008741003458077991,0.2575351323866538,0.43760383421196575,-0.431148035372129,-0.0612274640000383,0.018415273016731
Capn2,0.006732500512618032,0.45918219345427014,0.6285872634533929,0.2033904803543261,-0.008338829021087,0.090707599563232
Caprin1,-0.02379143143569864,0.015424478920516151,0.07939482035676376,-0.1153706392229918,0.0895237731158604,-0.0838439289834673
Car2,0.10360697690864305,0.0029559451277289266,0.02829932153390995,-0.1138787775089014,-0.3441695849710768,0.0466436539768029
Car4,0.023869970385685942,0.16053159367898198,0.3284683751931356,-0.3065775822455796,-0.1336405731221095,0.0118338424313434
Car7,0.004889870649398192,0.06429140497305755,0.18880279606653227,-0.4463152961320482,-0.008192082431513,-0.0027717275013108
Card9,-0.02027995327198789,0.2765844007574098,0.4575941201245247,0.4003162266142605,0.2104906803294433,-0.0833185151019657
Carm1,0.0033076414578152597,0.5462696462182528,0.6962822252272133,0.0783227399897466,-0.0578242689669228,0.0725236143439977
Carmil1,-0.0018303786588326663,0.824844968838099,0.8918046176437352,-0.3955919978529741,-0.0242363857341542,0.0149616017307799
Carns1,0.012501418517989749,0.6144832732223162,0.7507669579596052,-0.293399470437781,-0.2579230849186362,0.1057441364789903
Cartpt,-0.0917153204935478,2.58644151627856e-05,0.00125651792138447,-0.3548144443345029,-0.0544286892537294,0.0655134813637819
Casc4,-0.001373399845492103,0.9121685221874117,0.9432959505525896,-0.373214072141618,-0.0955564764604273,0.0304563874360476
Caskin1,0.06227381204511684,0.026380241806183147,0.10931406454373699,-0.2919076087236905,-0.3068348061612553,0.1555144737940332
Casp1,-0.04208302061056721,0.008333182027840997,0.052673558270157274,0.286686092724374,0.1605085659716481,-0.0901113866979053
Casp12,-0.03196414993543324,0.001475027103741495,0.018174186609143397,0.6352844465835004,0.0100715984459633,0.1024602947637952
Casp2,-0.006444479487808873,0.08889176345761864,0.2283166593138533,0.2650540978700632,0.0027703327542335,0.0191963163879976
Casp3,-0.02290336666599203,0.0801147092498604,0.21601429753427578,0.2670432468221836,0.1499212270952653,-0.1344606559725911
Casp4,-0.03459166016207958,0.04762011408273315,0.15698693780358727,0.1489375277900261,0.1852266647483944,-0.0638070141239083
Casp7,-0.01939025127436618,0.03760353512816831,0.1370111662062761,0.1636075013119151,0.0945085608942383,-0.0337766154298246
Casp8,-0.03653828302550843,0.11739473397099888,0.2718250285910419,0.2740052681546056,0.2626804164936397,-0.1783325574728187
Casp9,-0.018279105317018617,0.003177482310913537,0.029558863330206943,0.3306960132900413,0.003095846622611,0.0376636175425232
Casq1,0.002503293067482801,0.32443919124124476,0.5076577651906716,-0.2879293108194494,-0.0158052593754294,0.0247786014926338
Casq2,0.013610165154453919,2.574224386897734e-05,0.00125651792138447,-0.1695749481682767,-0.0132749354848758,-0.01180998124114
Casr,-0.00527948025527273,7.854339809552532e-05,0.00240613730660158,-0.0049728723803013,-0.0041231178163995,-0.0178117623667124
Casz1,0.0021901645550450833,0.6714218261281419,0.7891332569794349,-0.1854881397852412,-0.0237086601327627,0.0088394510247495
Cat,-0.03708110438200781,0.12668159607832027,0.28504375383276565,-0.0069620213324219,-0.1705977141381915,0.0098314640742569
Cav1,-0.03951375515793343,0.007881029087794585,0.050952001745044585,-0.1230785914124589,-0.0840480135008279,0.0278566030780089
Cav2,-0.01042065298506948,0.5216491546727553,0.6775992711957537,-0.1325270489350316,-0.0962994779320425,0.0654241421684636
Cav3,0.0006820459227130888,0.2260036772877006,0.4042232671264238,-0.1066681125574644,-0.0001368266679968,0.0008202395676578
Cavin1,-0.07804335850123446,3.218627798612499e-05,0.0014399900627779425,0.3913650563297179,0.0070712956605314,0.1816265521823905
Cbfb,-0.027224753585524775,0.00042083485471262476,0.008012055043586956,0.3476037793830659,0.0290227696991994,-0.0457355542253632
Cbl,-0.03273910376962298,0.015624735207299711,0.07954052672286487,0.3219934866245139,0.1318270164178501,-0.0935521326604298
Cblb,-0.01796389164074393,0.03597798718557792,0.1327957399664493,0.3068262258645947,0.0817130128924759,-0.0432527056218146
Cblc,0.0014090966439367619,0.018171823180334713,0.08687391756596755,0.1454565171238151,0.0027416068393857,-0.0017021136316988
Cblif,-9.90868501998664e-05,0.5148320018307555,0.6733738567535087,-0.0880198411313342,0.0004803836646404,-0.0007860399088371
Cbln1,0.03642031899682966,0.025477182456541216,0.10687426620955325,-0.4189644980403906,-0.0769004923090853,0.0447607455400456
Cbln2,0.036451150048871686,0.03824355983973334,0.1387485055067424,-0.4749093123187811,-0.0790433646692499,0.0489785966565141
Cbln3,2.7008979283081766e-05,0.9546316053687152,0.9702282962713321,-0.2096065708297028,0.0003877084445388,0.0011247582514594
Cbln4,0.006543534303888415,0.5690654633325168,0.7157324569312296,-0.4124997639459988,-0.0538455074875551,0.0347433286001011
Cbr2,0.001092769379179724,0.9363104703043661,0.9593282978706761,0.5261298978358853,0.0496115616960458,0.0496258005626069
Cbs,0.045887975568620495,0.003324040650112445,0.03038697375667309,-0.2436707466347672,-0.1060727974199706,0.1265379204245724
Cbx1,-0.0021166962536652467,0.6264389568277052,0.7584773602606514,0.2394438051115111,0.0093468900944967,0.0143794458523687
Cbx2,-0.0010150157705148609,0.12490658452528543,0.2820489099882607,0.0447558514227123,-0.0011118386436093,0.0029313424629598
Cbx3,0.0016614820802300385,0.9188104809399923,0.9476414353096614,0.0556961706593753,-0.1110095022374355,0.042089057279754
Cbx5,0.011330556403099558,0.3867447452589484,0.5647824064030621,-0.1444619426477548,-0.0920449777002343,0.0694018216712296
Cbx7,0.029551860316904814,0.053344681651123146,0.16826491259094495,0.0166591224740095,-0.1355773418993063,0.1406821745197206
Ccar2,0.008532946875092281,0.1960201714494123,0.3706074479479066,-0.3234853483386042,-0.040212128179742,0.0592465602188816
Ccdc130,-0.005666994199675913,0.16765513996247342,0.33656389962557137,0.0492314365649835,-0.0263992165574437,0.0337951952418081
Ccdc184,0.03095174898770064,0.00570287366712366,0.042905675023620825,-0.1509266767421466,-0.0860749024424929,0.0331216918299192
Cckbr,0.02750468336162131,0.01575229945998077,0.07971476145373205,-0.4644662803201482,-0.0942027495088479,0.0079997066839221
Ccl1,0.01004446035320576,0.7147334938588199,0.8202149723675681,0.1245704531265493,0.1605168183057526,-0.1569195896688213
Ccl11,-0.018490813223891414,0.00045771915906878753,0.008467304832776072,0.011188962855678,-0.0025431053929131,0.013026003320521
Ccl12,0.02409027493845539,0.48237570563543564,0.648053397129163,-0.0542043089452849,0.1856076944308541,0.0137296530316926
Ccl17,0.006260764723081485,0.8250311516206565,0.8918168901074315,0.0778254527517164,0.215675221883838,-0.1018299514111707
Ccl19,-0.01066738822587096,0.20317697754382805,0.37825027826681273,0.3451173431929152,0.0511130333500958,-0.0265718863331355
Ccl2,-0.03551039844158882,0.597076492702556,0.7358717949837553,0.0842901868461082,0.7256292413633357,-0.1530389636589035
Ccl20,-4.352925380216762e-06,0.9857780280804443,0.9900479860677981,0.0228752129493863,0.0003108033350717,-0.0003888104205505
Ccl21a,-0.015337537812629884,0.1778471438371377,0.34914783719874315,0.0447558514227123,0.0216366261690766,-0.0191069604493027
Ccl21b,-0.003218338412676885,0.05385003951224383,0.1692477212273295,0.069122926086189,0.0100038374253749,-0.0021880032941306
Ccl24,-0.004964673831345209,0.3885443148331452,0.5654677745973963,-0.3761977955697988,0.0385381108326556,-0.0009332112042794
Ccl25,0.00046644661872525704,0.8856481660119276,0.9286107491935957,-0.2551083531094604,-0.0086589408549409,0.0162405885469561
Ccl3,-0.04712414078579154,0.05635138826311205,0.17527343385983812,0.626581919917973,0.2100290825323508,-0.0530515527354915
Ccl5,0.017507125820724823,0.7434002747606632,0.8372896448562912,0.1660939375020658,0.5360680932049182,-1.1780942877530365
Ccl7,-0.037587234603862374,0.11034036403702864,0.26215472610753754,0.0350587502811246,0.2156536413854625,-0.0120115129379224
Ccl8,-0.032160610413560824,0.46465974457444315,0.6329050352668183,0.6618893138181128,0.3180641682638329,-0.1707413188076819
Ccn1,-0.03352853857563443,0.2780821851719289,0.4592408514670914,0.3463605612879906,0.2669416821799641,0.0484549424403293
Ccn2,-0.00610303758893297,0.8793493261373101,0.9246672670843988,0.3314419441470865,0.0798502036600488,0.3093289628148296
Ccna1,0.0008554988584942701,0.17354498280948094,0.3440151810648973,-0.0091998139035575,-0.0001514328534325,-0.0006296450269981
Ccna2,-0.012928576995489114,0.5300637032840984,0.6846430662428034,0.0380424737093055,0.1924358666391264,-0.1410831649262117
Ccnb1,-0.0037512748839653278,0.5289736666291476,0.6841087880536448,0.0067133777134068,0.0473418064006177,-0.0447528995142911
Ccnb3,-0.0003306208852083244,0.2605075066507691,0.4408389137359728,-0.0599231121826315,0.0003410421638128,0.0004569656398944
Ccnd1,-0.013502928162867545,0.5497900549885764,0.6983264617770737,0.4042945245185015,0.2326781954210333,-0.1202311599170622
Ccnd2,-0.030307414225733624,0.026943442315490417,0.11049611659795433,0.2941454012948262,0.0335665423261675,-0.0660572619920338
Ccnd3,-0.01761833882446301,0.3066769933429947,0.49038343151243163,0.3177665451012577,0.0423556350409368,0.0948047367591711
Ccne1,0.009886600516537706,0.023266195728493037,0.10103922232630937,-0.5646696587832208,-0.0073630183705993,-0.0096638714179283
Ccnt1,-0.006134224384450103,0.33387362479940175,0.5167995385407959,-0.1240731658885192,-0.0043223267348234,0.023219264944206
Ccp110,0.01995976728317179,0.5419838313601073,0.6938653637996666,-0.2307412784459837,-0.3581227477278661,0.184158302908135
Ccr1,-0.019187390881384308,0.6091348329442619,0.746743185559226,0.1374999213153329,0.4530003590231088,-0.051478219981659
Ccr10,-0.0009183160710773041,0.23682860048048496,0.41562737728709154,0.2871833799624043,-0.0086400008465482,-0.0050344416715983
Ccr2,-0.036379032871176595,0.01785391802203312,0.08583679154608008,0.0382911173283205,0.1768716404727469,-0.0903709639286211
Ccr3,-0.0008819274911914194,0.15621533687696254,0.3231364287953714,-0.1099004796046603,0.0067049159951585,-0.0033098283888556
Ccr4,-0.005876711912559018,0.3613992078945689,0.541091094649309,0.0681283516101288,0.0537077918388854,-0.0584069502732217
Ccr5,-0.022602608237174134,0.18144088429221197,0.3537255140416072,0.1069167561764795,0.2247107273006875,-0.1010085066848522
Ccr6,-0.01954187051447151,0.1834018829335748,0.3557458567916905,0.3679925561423016,0.0480640194901599,-0.2219557563629567
Ccr7,-0.0049029256336936295,0.8033891961188548,0.8780578347769641,0.170320879025322,0.2489296105663824,-0.2292510907635696
Ccr9,0.00299091910590613,0.2332270507158368,0.4123712948705316,0.3003614917702029,0.0331206076172047,-0.0447811934221936
Ccser2,-0.011412824754829649,0.36013577553752085,0.5401507177350466,-0.3418849761457194,-0.0882004733029183,0.0243018415388002
Cct3,-0.015576226747512016,0.28813766802734814,0.47033287827440096,-0.257346145680596,0.0736447491785781,-0.0797102304856727
Cct5,0.0020158571666040385,0.7335041591930898,0.8329013744176521,-0.6273278507750181,-0.0407279991601781,-0.0355370598287017
Cct7,0.007686417351931823,0.32737924127820595,0.5103782577359826,-0.2242765443515919,-0.0549047497285328,0.011021088058047
Cct8,0.004908284034118252,0.5867249504862491,0.7304793206426696,-0.721066495143699,-0.0367196286723126,-0.0151684413043704
Cd109,-0.009075462717093776,0.3591491783656503,0.5394178186084858,0.8866631454077347,0.0819716535100415,0.0675817684554946
Cd14,-0.018634937534328457,0.6558679557551226,0.7792751840246165,0.0330696013290041,0.5213071605063089,0.0476372219547434
Cd151,-0.0478430675249621,1.3842115792990104e-05,0.0008310978873943372,0.7978973734193552,0.0025669181610599,0.1309626459280157
Cd160,-0.002779941031800077,0.096753783274982,0.24134036600766906,0.4077755351847125,0.009874208213084,-0.0105417209665164
Cd163,0.08960179715732941,2.0363465385635457e-07,4.1549614772850585e-05,0.0261075799965822,-0.0270993365470479,0.1067695294334678
Cd177,-0.01386981212933496,0.09141741312088907,0.23188474606148937,0.0778254527517164,0.0708400642764851,-0.0121128685173328
Cd180,-0.08142641447697686,0.006570979260961939,0.04642918027638562,0.4537746047025003,0.2624633254658338,-0.2818272484260696
Cd19,-0.016146189454753383,0.22437404380589887,0.4022959569257962,0.4420883546087921,0.0108321997105306,-0.1388798484320932
Cd1d1,-0.0023363588343698048,0.5757510577550031,0.720890070105123,-0.1902123685465274,0.0504700978076038,-0.0345333179324122
Cd2,-0.033037842113348724,0.14665796289781757,0.31132012848180085,0.1457051607428302,0.2314449403757831,-0.3050531278070282
Cd200,-0.020151305563420752,0.07875663629687482,0.2141458431505109,-0.2978750555800522,-0.0062560081496134,0.1219747389814671
Cd200r1,-0.01638977783705658,0.03246685608921882,0.12518022139917248,0.3863921839494166,0.093129901062009,-0.0656153245517889
Cd207,-0.001783285023568071,0.07610485170814157,0.2095935160469035,0.2058769165444768,0.0071805724975386,0.0024343575657105
Cd209a,0.00045512052023561397,0.8951757220380904,0.9337744110775961,0.1571427672175233,0.0034935161535645,-0.0575174779848774
Cd209b,-0.0001323749203971215,0.8593757869248709,0.9144088212565221,-0.4008135138522906,0.0001037481943815,-0.000407187089659
Cd209d,-0.0028528519686901654,0.1200042855403944,0.27511993732204576,0.2043850548303863,0.0185683144688902,-0.0334565338916506
Cd22,-0.04852986344527005,0.0984538679244405,0.243911209462152,0.6603974521040222,0.1213565970392105,-0.1662880142275055
Cd226,-0.007879071029910013,0.13448647411755604,0.29570160352604963,0.3548144443345029,0.0383575486341164,-0.0361472571847115
Cd244a,0.001412763882231605,0.890711591477415,0.9310491451078471,0.2662973159651385,0.1262666217891671,-0.0184178203440896
Cd247,-0.017144766924801363,0.15938682412391184,0.3270443241577129,0.1539104001703274,0.1208342572754027,-0.1528580722054345
Cd248,0.0066943796116333085,0.5280813903631384,0.6831709795187342,0.2349682199692398,0.0142802347616451,0.0547998633001848
Cd24a,-0.09266020506172379,0.0006091528883655267,0.010371965323982168,-0.1141274211279165,0.1669734641137704,-0.0701656866498866
Cd27,-0.0013939504047371222,0.3619660869953374,0.5417808127239484,0.3533225826204125,0.0132525417887586,-0.0236841697565234
Cd274,-0.04538379028349463,0.4851350417784641,0.6500172641884764,0.1002033784630726,0.634453253756197,-0.360000393296816
Cd276,-0.0045044797226753575,0.0020217162436042234,0.02198885833395553,0.228503485874848,0.0030544136081427,0.0066984047436812
Cd28,-0.00954646962415136,0.06458907665654172,0.18924117175474975,0.2409356668256015,0.0394944975313027,-0.0634941783570398
Cd2ap,-0.010131140566816257,0.25907808039657954,0.43925699450336003,-0.3277122898618604,0.0025614732548374,-0.0742046620178931
Cd2bp2,-0.0013250032891872277,0.7439444780562378,0.8377176120452249,0.184990852547211,0.0119686187268898,7.583064726868205e-05
Cd300a,-0.03754371316697951,0.0424042540936206,0.14620430299482037,0.6516949254384948,0.1128822408241626,-0.0522961172631856
Cd300lb,-0.03216869812013881,0.001664606976945833,0.01947513804908416,0.6479652711532689,0.0799772129007851,-0.0407776985035686
Cd300ld,-0.008227810579541906,0.0845868905323929,0.22246656933176245,0.2956372630089166,0.0611388559569291,0.0070703854339277
Cd300lf,-0.07228644502742888,0.2709060128635727,0.4521896503982606,0.351582077287307,0.6684109297277898,-0.2092437121594861
Cd320,0.0009647854151670081,0.39751360054798823,0.5742613640315174,0.0576853196114959,-0.0061208501719168,0.0103473559875578
Cd33,-0.02770979046795164,0.08448442461086253,0.22237102680083062,0.4333858279432646,0.2405825168014852,-0.0991436028098853
Cd34,-0.003091643571710281,0.7698957761084014,0.8563537623046131,-0.0181509841881,0.1303769464833436,-0.0735468681491258
Cd36,-0.06744470843610109,0.029296468249887343,0.11635717725941784,0.1452078735048,0.2895713750310169,-0.1131753816758305
Cd37,-0.036381638320194566,0.21682126190479742,0.3933162364780838,0.4724228761286304,0.2539327578506127,-0.2986344076830493
Cd38,-0.024235770181175446,0.38196301674775923,0.5607870146786326,0.4766498176518865,0.2416133555696742,-0.03094253498536
Cd3d,-0.020205225738579455,0.40349247990892334,0.5799422767020056,0.1832503472141055,0.2285011088832513,-0.3346006424311261
Cd3e,-0.013502721714325263,0.4577228754678281,0.6273090778509917,0.2968804811039919,0.17087876662065,-0.2215528762769664
Cd3eap,-0.005384429720659169,0.058953103879604486,0.1799568322351583,-0.0544529525643,0.0226098141877234,-0.0069365143705038
Cd3g,-0.024949453312096016,0.14415362764530112,0.3073444004633617,0.2287521294938631,0.1547382467476901,-0.240530182110257
Cd4,-0.020601842633444927,0.45553243935086385,0.6249787447898754,0.2125902942578836,0.2621276531482027,-0.3444462106922661
Cd40,-0.015449238457082721,0.34271221700193244,0.5232490329023817,0.097965585891937,0.1832994020607836,-0.1558960212814015
Cd40lg,-0.005977589569465848,0.1773003798613989,0.3489201075291473,0.1511753203611617,0.0432900423949327,-0.0454465108121714
Cd44,-0.04841706791953584,0.04258903765876737,0.14650513239897217,0.2909130342476302,0.3007599488411364,0.0063423930717143
Cd47,0.0005062152511246952,0.9595663931662943,0.9738854300718798,-0.5766045524959442,0.0745766428105874,-0.0911135598579242
Cd48,-0.0682247657603981,0.006685631805630888,0.046978316611560884,0.5582049246888291,0.204588684040163,-0.1644726017122714
Cd5,-0.010587610273074718,0.3337897331041676,0.5167995385407959,0.3398958271935988,0.1099008120367701,-0.1249375958691207
Cd53,-0.05619644392702499,0.11250500842667241,0.26556596389840625,0.4080241788037276,0.3814227516856665,-0.2376613769895544
Cd55,-0.07904716137884447,0.0016797421361623474,0.019528483033593134,-0.0417721279945315,-0.1022274438174728,-0.0660397124239229
Cd59a,-0.028957941714828878,0.01107818806048808,0.06333120706999815,-0.5102167062189208,0.0008737566779525,-0.0133178469617735
Cd59b,-0.01107435694013839,0.010016504192683453,0.05938709150179677,-0.0900089900834548,-0.0155605643104286,0.025541847676418
Cd5l,-0.00699686166265118,0.32860041987927435,0.5111855012554967,0.7573684635198991,0.028324435792186,0.0100594837094194
Cd6,-0.013505256465143257,0.5455162839441812,0.695669641099817,0.2404383795875713,0.2318804064190628,-0.2706307423047167
Cd68,-0.10468351371618989,0.026342768507535985,0.10924753020889517,0.6427437551539524,0.4093800112648704,0.0211972963929381
Cd69,-0.006584523200617673,0.23100496659841957,0.40957814898107,0.0007459308570452,0.0458185885819029,-0.0467111137551032
Cd70,0.0004409623509774115,0.6106258081909632,0.7483907370451954,-0.1315324744589713,0.0027937786444538,-0.0026090238784543
Cd72,-0.013120935002034676,0.6698698756373649,0.7884233428823371,0.5320973446922469,0.26632689145826,-0.3547580868603042
Cd74,-0.10416422664870734,0.09773462780532632,0.2428369880345687,0.4137429820410742,0.3731896195474924,-0.8154947332879292
Cd79a,-0.05695989049822342,0.15093780021536438,0.316423966592153,0.4833631953652935,0.0330053525757557,-0.468474220371585
Cd79b,-0.06045321834258639,0.14219412868846995,0.3048895546195398,0.4430829290848523,0.0557939602636661,-0.5310343085866824
Cd80,-0.010796432705374899,0.25286957610112154,0.4332844164231847,0.2083633527346275,0.1071044864318544,-0.0999438694774494
Cd81,0.018670351759157496,0.16950200360133338,0.33973662882923444,-0.0820523942749726,-0.1669829942286846,0.0853639791930804
Cd82,-0.023730105147945327,0.0389905796610995,0.13967060874386836,0.1402350011244987,0.0410457533944612,-0.0778125359618826
Cd83,0.012705856336351863,0.3384774830290145,0.5193703420530349,0.41697534908827,-0.0459463382244536,-0.0793305335709821
Cd84,-0.076256519768525,0.016846511388310087,0.08340517199347003,0.5189192328844482,0.3202397676700257,-0.1694461445197421
Cd86,-0.04182942344536084,0.006953536484553377,0.047993870906177405,0.3127936727209563,0.1923661767615092,-0.1316992190738339
Cd8a,-0.007590735426817358,0.38352568603965353,0.562335304538164,0.4343804024193248,0.0770743538690194,-0.0852732010185682
Cd8b1,-0.0011409018322858654,0.9158176115446058,0.945665108601019,0.3945974233769139,0.0816782673153254,-0.1287940409712794
Cd9,-0.0799715370865149,0.00042337420015570247,0.008012055043586956,0.5089734881238455,0.1423010730705116,0.0318880904341618
Cd93,-0.030781287335646057,0.24790522262202258,0.42823045736367665,0.5032546848864988,0.2295614737927482,-0.0507424066962201
Cd96,-0.007076792678391574,0.1009167980733632,0.24787820143020026,0.206622847401522,0.0346332719323666,-0.0424375675355656
Cdc16,-0.0027806629851979546,0.5959932593860499,0.7354536820495945,0.0656419154199781,-0.0510103827380397,0.0713056521228165
Cdc20,-0.014512441113577437,0.33860225264950516,0.5193703420530349,0.0892630592264096,0.1268599964012998,-0.0805869369517802
Cdc23,0.001810842436185937,0.6849101567106939,0.7983836173174701,0.231984496541059,-0.0404160667460364,0.0206763724940648
Cdc25a,-0.006079157414534641,0.06722098952713271,0.19317986905797405,-0.3321878750041316,0.0060711550098088,-0.0104043402772437
Cdc27,-0.0035931547023799093,0.38896463272057535,0.5659180238184982,-0.2053796293064466,-0.0166986552293467,-0.0064839943567809
Cdc37,0.009585362039313676,0.05898460266174435,0.1799568322351583,0.1889691504514521,-0.0635215200756791,0.0785538363572653
Cdc42,0.025314856015464304,0.05974098572389583,0.18074660034258164,-0.3341770239562522,-0.0810462384874231,0.0212484668854124
Cdc42bpb,0.0003523869854549289,0.9505538859872815,0.9670473419268295,-0.2516273424432494,-0.0097855477408528,0.0424711141841147
Cdc42ep4,-0.0017433608492791943,0.8253671089147316,0.8919910217317895,0.1641047885499452,-0.1040435559792211,0.0440776007635086
Cdc5l,0.0005558030769396586,0.8964659015102459,0.9343834416844635,-0.3742086466176783,-0.0212249882755481,0.0067782793885832
Cdc6,-0.004392647953339834,0.015649509263201244,0.07954052672286487,0.1742991769295631,0.009403402817843,0.0003218510279525
Cdc73,-0.014484570690867562,0.04881961867817015,0.15932749512306202,0.0959764369398164,-0.0476128641825772,0.0705419092578834
Cdca5,-0.007152066439660257,0.40753075448211973,0.5842012911653178,0.1143760647469315,0.0742649081307178,-0.0552528054868402
Cdca8,-0.013320149121498625,0.28389603944327474,0.4653450183805092,0.0875225538933041,0.1121951460904668,-0.0791684832552338
Cdcp1,-0.0005100038675826419,0.43565502206815954,0.6085093832337574,0.101446596558148,0.001756193039519,-0.006122766609739
Cdh1,-0.0708098032774387,0.006162425701841676,0.0450997611263908,0.0216319948543109,-0.0595222874557143,0.0955767301046076
Cdh10,0.05455488257813484,0.00044481989287546253,0.008311451551493532,-0.4299048172770536,-0.155901743352175,0.0284492235840821
Cdh11,-0.03713705398441767,0.0074058239382911945,0.04938121469682355,-0.0778254527517164,-0.1165445347130222,0.0029042610817507
Cdh12,0.045645247173948765,6.938942248178299e-05,0.0022544932743921975,-0.5186705892654332,-0.0889538463295674,0.0235984770415935
Cdh13,0.007857524345946361,0.461655236912896,0.6305672195805846,-0.2588380073946864,-0.0229400749675406,0.0206444750563279
Cdh2,0.003249053530287743,0.8147909853038438,0.8851172552830853,-0.2715188319644549,-0.0614122738381508,0.0781794062206377
Cdh20,0.033067797928839654,0.11877485865957038,0.2736294149958303,-0.3200043376723933,-0.1866776518268019,0.0300343854948836
Cdh23,0.00210150397973618,0.3050446305268456,0.48877978987035753,-0.2170658794001549,-0.0168161156764038,0.0118769897479817
Cdh26,-0.0021449464817265254,0.002783458254390726,0.027304654914705948,0.2222873953994713,0.000380021864313,0.0021392287863693
Cdh3,0.01468472498552167,0.0003845573597544079,0.007515812613437681,-0.3426309070027645,-0.016071085718656,0.0160733932143639
Cdh4,-0.003508058164238151,0.6380220252011268,0.7663174830588528,-0.3941001361388838,-0.0659200329092232,0.0324795816814004
Cdh5,-0.024308359448497747,0.08657773832015066,0.22592508369216316,0.2488922626340837,-0.0199336877408979,0.1651126547618493
Cdh6,0.016373712606171216,0.009249165238607592,0.056435396988202546,-0.4657094984152235,-0.0450327349936153,0.0222306452006832
Cdh7,0.03334614455177836,0.0021624572030654573,0.02281686824822777,-0.5412971585958045,-0.0836905465847351,0.0092688784554151
Cdh8,0.012183985300325977,0.06877010568186459,0.19630459377906617,-0.2968804811039919,-0.0403748518335278,0.0417182769791407
Cdh9,0.006090153164934921,0.020965706417934844,0.09514774772053883,-0.5251353233598249,-0.0109280083097228,-0.0027967018710828
Cdhr1,-0.017145838714455887,0.04756859475435297,0.15698693780358727,0.0681283516101288,0.0420797380980696,-0.0196645721243466
Cdipt,-0.008630146358756911,0.3232146144200805,0.5063629447656114,0.1683317300732014,0.0511349765903226,-0.0707805028003025
Cdk1,-0.011403891029230355,0.2316490866813152,0.4101499448668479,0.1007006657011028,0.0638502222923887,-0.0328619249798025
Cdk2,-0.026462358785430587,0.005054074598363808,0.03984673033424078,0.3722194976655577,0.1070588029832896,-0.0642550050453533
Cdk4,-0.001783790992803462,0.18682069514286492,0.35961221355613354,0.286686092724374,0.0058877878923635,0.0043221652891983
Cdk5,0.029367580166543946,0.057531385718822416,0.17710778427985102,-0.3423822633837495,-0.1201241828246804,0.0994059512036298
Cdk5r1,0.04467035851488465,0.0733339823123927,0.2054689653708897,-0.3719708540465427,-0.1799890479869563,0.1239541345507913
Cdk5r2,0.05388612054264409,0.015036011255001135,0.07786669381904648,-0.6129065208721441,-0.1784725579865596,-0.0586438932733961
Cdk5rap2,-0.002370043892015561,0.7940279361961079,0.8715320197162411,-0.0084538830465123,-0.0066600140300614,0.0595279195837079
Cdk6,-0.02677668983767319,0.002222694008745107,0.023226491750816248,0.2812159331060426,0.0793927765942706,-0.0577720357207615
Cdk7,-0.00933551911798288,0.08430166957767025,0.22211922340686777,0.0512205855171041,-0.0306403508610244,0.0438198115579707
Cdk8,-0.0007810913370085218,0.934586796143579,0.9586421168567054,0.0962250805588315,-0.0469845235751171,0.0306722816008091
Cdk9,-0.008365908412752586,0.27941010247755016,0.4596165536078631,0.5286163340260359,0.0862524649369358,-0.0004392095028284
Cdkn1a,-0.015168191755576306,0.07894492567544034,0.21431509625887238,-0.0534583780882397,0.057486707819126,0.0823225171927325
Cdkn1b,-0.023971306698496175,0.20247906304482668,0.3780547952385289,-0.105176250843374,-0.0899476756732673,-0.0127550373585543
Cdkn1c,0.008598954906722437,0.6575869073762233,0.780626207709126,-0.1471970224569206,-0.1919772519145007,0.1118197168228408
Cdkn2a,-0.011858616844014161,0.08460794834417157,0.22246656933176245,0.6056958559207072,0.0442924574651374,-0.0136510405089941
Cdkn2b,-0.0037038069287853134,0.03675764927381439,0.13489263952930014,0.4194617852784207,-0.0015498837144702,0.0049974286716214
Cdkn2c,-0.019222460349172816,0.05043557016408836,0.16287381014410307,0.3642629018570755,0.0654875547093227,-0.0601080269075306
Cdkn2d,0.014013681218512992,0.04204750501617968,0.1459077027806344,-0.6395113881067566,0.0276171929096129,0.006496634119486
Cdx1,-0.00038041149920652,0.359437576337577,0.5394207345978171,-0.1802666237859247,-0.0007804659238143,-0.0018525802355619
Cdx2,-0.0005022987063220207,0.11831320906866881,0.2730840178548776,0.0559448142783904,0.000208828903797,0.0021927518611089
Ceacam1,-0.006645305271610403,0.18831973333653215,0.36154270220159973,-0.3560576624295782,0.0047941009640342,-0.0200276134708085
Cebpa,-0.03238158178306552,0.11343793073180315,0.26690354458622134,0.579588275924125,0.1736368850707593,-0.0903587317291474
Cebpg,-0.015606081141016605,0.05458905734387378,0.17072886665303502,0.4515368121313646,0.0014601651025625,0.0340760720463588
Celf6,0.005110604284857284,0.6160969694354124,0.7513054365503319,-0.4134943384220591,-0.0546923388229396,0.0463837380346565
Celsr1,-0.039613824124601967,1.6232688269774887e-06,0.00017250613096692023,0.2265143369227275,0.0501678060379486,-0.0263178800881958
Celsr2,0.05383307145511953,0.016171470649220167,0.08111177166339437,-0.4368668386094755,-0.1944113288065967,0.1035694366307915
Celsr3,0.038426402958707036,0.017561118561476068,0.0849092566654876,-0.0579339632305109,-0.0576516134777093,0.1247541208522817
Cemip,-0.13270908794466948,6.776569292949759e-07,0.00010474933322223248,0.6695972660075797,-0.1089653586682359,0.3894907198832975
Cemip2,-0.07101023864104898,6.602419329348436e-06,0.0004613553561507723,0.0962250805588315,0.0129251937541283,0.1145492065422666
Cenpa,-0.021075821390462327,0.14928075487295178,0.31427203079113786,0.1136301338898863,0.1389257306892856,-0.0977427002694759
Cenpe,-0.010016234111827903,0.20610961948181206,0.3818979909105424,-0.0223779257113561,0.0553591182148969,-0.042991271394321
Cenpf,-0.007867247877741403,0.48497731712309,0.6499919323817347,-0.0385397609473356,0.09828605255584,-0.1019492928191265
Cenps,-0.002875226595464761,0.1209946282469662,0.27639659591929,-0.0387884045663507,0.0019292539584344,0.0012969474057565
Cenpu,-0.0038576442163358315,0.06501996051983848,0.18960931078134152,0.1036843891292836,0.0098901689189268,-0.0037730445287449
Cep104,0.004160174497123824,0.7365726024869174,0.8340192775329113,-0.2053796293064466,-0.1061654006879107,0.1038975816535237
Cep152,-0.004974700448789139,0.19312996014938522,0.36671241649158365,0.2145794432100042,0.014661171428108,0.0016367099314227
Cep164,-0.008027791551844259,0.08109572739070313,0.2177206870631456,0.3936028489008536,0.017615914172699,0.03236328644997
Cep250,0.0056996746438010976,0.18528451682064773,0.3577351704398653,-0.0967223677968616,-0.054413491701806,0.0535716979698839
Cep290,0.006787025502183741,0.11075880959599833,0.2626595480005521,-0.4542718919405304,-0.0406752858613142,0.0243756318815482
Cer1,0.0002488326769178905,0.32511053310418114,0.5078822546575276,-0.3754518647127536,-9.992570424740502e-05,-0.0002329062021176
Cercam,0.0031780764492013807,0.7571626857150893,0.8459099023545228,-0.1611210651217645,0.1106228050871064,-0.0975689129519609
Cers1,0.014579434572623277,0.3123582844702061,0.49640770738630463,-0.2841996565342234,-0.0969361346473567,0.0662016326660471
Cers2,0.02489370405166957,0.08379694823231097,0.2213762761379632,-0.4562610408926509,-0.1093260022087831,0.0303053549072664
Cers4,0.015201279740589017,0.17113585362325434,0.3413155920669054,-0.1041816763673137,-0.0652749524705104,0.0640095679876717
Cers5,-0.015469566279077541,0.18975370664251814,0.3633384600538607,-0.2004067569261453,-0.0184996529850998,0.0210916173602081
Cers6,-0.012394503141108645,0.2466650125941069,0.4268107968936701,0.2488922626340837,0.098879460585638,-0.0686468287892167
Cetn2,-0.004705828814164399,0.5035603833962469,0.6647333043169845,-0.0174050533310548,-0.0585399078848157,0.0411608358170785
Cetn3,-0.005664575808627661,0.2525375972580241,0.4331520792243379,-0.3098099492927755,0.002474741732549,0.0039789614538505
Cfap299,-0.004253344597696023,0.2599794326274823,0.44029053314501565,-0.4152348437551645,-0.0187828694910761,0.0025534538419837
Cfap36,0.004707275275477764,0.7228622183522035,0.8256426725961913,-0.4749093123187811,-0.0871500934318851,0.0410331841480036
Cfap44,-0.006080852726919982,0.45484541628609054,0.6247082575324038,0.0104430319986328,-0.058678834662329,0.0802654103647464
Cfap45,-0.004715239906579999,0.1269710523651984,0.28544704191929354,-0.319009763196333,0.0074817819508051,0.0018376646701358
Cfap52,-0.002930137277978795,0.28469408588556094,0.4663534142910233,0.0094484575225726,-0.0184962579799829,0.0131176937445037
Cfap53,-0.0007956637028649889,0.46996686899734597,0.6362263797121714,-0.3177665451012577,-0.0055960075878298,0.0101439257646222
Cfap57,0.0006925400158595883,0.6284878051359458,0.7597968706522144,-0.4050404553755468,-0.0127342647576837,0.0049532751005229
Cfap61,-0.002144638566401456,0.2456450685699625,0.42547894559435606,-0.2909130342476302,-0.0129986354510132,0.0147449649946644
Cfap65,-0.00010459706007489249,0.9681016310439765,0.9800131811778774,-0.2799727150109672,-0.0159639850097995,0.0168260405430545
Cfap69,0.011213679030038384,0.03792243452708977,0.1378543008227325,-0.1081599742715548,-0.0571000005450158,0.0369022325490868
Cfb,-0.013134561150839608,0.8228688226360065,0.8902341175538216,0.0740957984664904,0.6699498437086451,-0.4342533185947706
Cfc1,8.840791922389424e-06,0.9799818435450914,0.9875751485480236,0.3694844178563919,-0.0011785136548325,0.0018253876118266
Cflar,-0.036980733575236735,0.00393697808570127,0.03421213835632398,0.3403931144316289,0.1292983205209372,0.0015066509163488
Cftr,0.00022620333667874049,0.7772747152896815,0.861986159478085,-0.2160713049240946,-0.0029621883881082,0.0009315289571444
Cga,0.0001529338209322595,0.6713648541665801,0.7891332569794349,-0.1086572615095849,-6.660556376740165e-07,-0.0010439187002478
Cgas,-0.0029824618497009776,0.2715912792143602,0.45288889024924855,0.1765369695006987,0.0193081098435012,-0.0075779139588118
Cgn,0.019342662209744656,0.002833212637542533,0.02752803364591326,-0.2590866510137015,-0.0356230773195747,0.0261474968069609
Ch25h,-0.012653679475932792,0.25908333331161476,0.43925699450336003,0.2086119963536425,0.1123585103372437,0.0368999151611265
Champ1,0.0005368696703646917,0.8917707044811849,0.9317743473081778,0.1989148952120548,-0.0618254767570425,0.0579831273653841
Chat,-0.007832624823201155,0.15659512604943532,0.32352844794579566,-0.358792742238744,-0.0319954849642154,0.0147317075769708
Chchd3,-0.001634568547588099,0.7095973223318244,0.8162651406420791,0.0601717558016466,-0.0370328143297984,0.0625466380702046
Chd1,-0.020867017194520363,0.005738516970368367,0.04297287075748513,0.1417268628385891,0.0738048773147006,-0.0607669357345562
Chd4,-0.023093930600865252,0.06669544898048034,0.1922110086154973,0.0907549209405,0.1328677055078722,-0.1099621698540387
Chd6,0.001846881430352288,0.8645341068309562,0.9166265894320013,-0.1260623148406398,-0.0879622577257863,0.0564745661684499
Chd7,-0.009002046849912017,0.32853713092354997,0.5111855012554967,0.3013560662462631,0.0573563062183478,0.0339998883425576
Chek1,-0.0036964819573372994,0.2421042052538753,0.42134887444558783,0.0042269415232561,0.0133476768104094,-0.0036352636125639
Chek2,-0.005371795241754874,0.4775376273054467,0.6432319611526495,0.5109626370759661,0.041786704851035,-0.0451833467964754
Chia1,-0.004839469552497688,0.009393462701202995,0.05705450537640859,-0.1877259323563768,-0.0092566809102004,0.0099119396669627
Chic2,-0.014295378707029417,0.0050950702558799675,0.0399845436542211,0.1810125546429699,0.0135038356817875,-0.0236028791630545
Chil1,-0.03349608683740381,0.672266559399509,0.7895997512081269,0.1626129268358548,1.062808752336025,-0.6017259906922627
Chil3,-0.030757641100809745,0.7407638761862427,0.835707023258533,0.2533678477763549,1.007346222589404,-0.4470861417702509
Chil4,-0.00013403014148852854,0.5868965858060298,0.7304793206426696,-0.1285487510307904,0.0010042464624107,0.0003464422790438
Chka,-0.0036844692260213398,0.5599364104783282,0.7071640578979828,0.1332729797920767,-0.069100977833552,0.1102236195253153
Chmp3,0.008702364926846347,0.5174701926628911,0.6750934661824571,-0.0586798940875562,-0.1190713545370408,0.1170500718302202
Chmp4c,-0.0008731068726565527,0.36891766646070134,0.5484841202611592,0.087273910274289,-0.0004534303772276,0.0061880738205394
Chrd,-0.00472801484899971,0.20138458437555193,0.3767568137542517,0.1802666237859247,-0.0404880906028339,0.0537823941142135
Chrm1,-0.0017964759574857208,0.511535869661017,0.6707826403961048,-0.0574366759924808,-0.0201533246902005,0.0287888574490924
Chrm2,0.017669658475057626,0.11730470943493197,0.2717399286228828,-0.5900313079227579,-0.0740493033672035,0.0235352443073768
Chrm3,0.016958006688032438,0.0018971242418071178,0.021268639027380458,-0.3359175292893577,-0.0350271066558272,0.0333506959221187
Chrm4,0.011465336780549873,0.003502955528035182,0.03156992252386477,-0.1516726075991918,-0.0176600468685493,0.0222311511336146
Chrm5,-0.004432729596336723,0.23424377278848063,0.41295301379914195,-0.1752937514056234,-0.02114000802988,0.0177184054054926
Chrna1,-0.0005069087243562937,0.2675025069371701,0.44786757442513925,-0.1621156395978247,0.0012849678590466,0.0018116421588341
Chrna2,0.0027749000636419687,0.4772197136184746,0.6430756781988919,-0.2819618639630878,-0.0143674174278627,-0.0040687973562974
Chrna4,0.030834728705233044,0.0012328965195023691,0.016463364256496294,-0.224525187970607,-0.0772109862415467,0.0382652835574919
Chrna6,-0.008313019375516258,0.04886915254046108,0.15938717845837083,-0.4110079022319084,-0.0081663708388225,-0.0046593362585987
Chrna7,0.014905995679937735,0.08839988305118404,0.22780277942196858,-0.5082275572668002,-0.0665170308292247,0.018839983834426
Chrnb1,-0.00017907315274490315,0.9204071963771853,0.9488676452546528,0.5751126907818537,0.0108749434071706,0.0151843598921759
Chrnb2,0.01810460218656894,0.20338794037345745,0.3783668431236347,-0.3739600029986631,-0.1293348589159262,0.0510020866063407
Chrnb3,-0.0029337802393608874,0.003898376499751757,0.03393450260278791,-0.3923596308057783,-0.0024026648626908,-0.0025815119543448
Chrnb4,0.0013333557120773264,0.3930819938915212,0.569957717692055,-0.2461571828249179,-0.0040417915180537,-0.0051703416978363
Chrnd,-4.950886545664262e-05,0.8645023651442163,0.9166265894320013,0.0077079521894671,0.0002686061759357,0.0005209429390141
Chrng,-0.000546803065764846,0.30662615337732685,0.49038343151243163,0.2436707466347672,0.0005309323746039,0.0009540961024873
Chst10,0.02845346912450168,0.014230004711864223,0.0748383118791163,-0.239195161492496,-0.143333004302702,0.0455925745129192
Chst8,0.008184439624953513,0.5788012095641705,0.7238207820511973,-0.2240279007325768,-0.1526304068437419,0.0703698900642323
Chtop,-0.0010735521922715248,0.9044541902721142,0.9373469521993366,0.0639014100868726,-0.0362224194140865,0.0298245079519121
Chuk,-0.01226403285355332,0.08384610184249067,0.2213762761379632,0.0121835373317383,-0.0362329676746042,0.0401799207888442
Ciart,0.0012152582250474376,0.8887379592139932,0.9301297353201845,0.0922467826545904,-0.1477093306655827,0.1404939022263786
Cib2,0.036887354352124146,0.004265011222591013,0.03569622152743058,-0.4415910673707618,-0.1305529222654463,0.0361253326416075
Cic,-0.025366806241671473,0.006394302625975839,0.04575664490857899,0.235714150826285,0.0871986134476405,0.0420574356714482
Cidea,0.013712411756655225,0.10607083359041507,0.25497988790985265,-0.3289555079569358,-0.0839027589801826,0.0748225197908135
Cideb,0.019239016508356955,0.07580789573022696,0.20954584530741743,-0.1183543626511726,-0.0920623237946081,0.0768688026307687
Ciita,-0.06560794102084785,0.05840792347870382,0.17915743696023342,0.2814645767250576,0.2609546948310883,-0.4450993991468869
Cisd2,0.0039535583364698115,0.8036005852810999,0.8780578347769641,-0.340890401669659,-0.0773372038534798,0.0566808798868265
Cish,-0.004452441184931298,0.7978133534371614,0.8736644221633975,0.0559448142783904,0.1499587803904254,-0.066409934007513
Cit,0.05224400788622017,0.008632242643563083,0.05409468025161583,-0.4865955624124892,-0.1941887389075902,0.070403026205057
Cited1,0.006234916571785916,0.1724670491842938,0.34231689412026567,-0.3749545774747235,-0.0336718747636557,-0.0031185854711929
Cited2,-0.006756932667180831,0.2947444482518113,0.47877136971882944,0.4264238066108426,0.0058099856057678,0.057684787189
Cited4,-0.005013325919952534,0.03839886057915924,0.13877270540699524,0.5596967864029195,0.0082045970933281,0.0124240089529602
Ckb,0.06452096590656557,0.0049988299105171476,0.0395947692135838,-0.1646020757879754,-0.2697814965825191,0.106763379876984
Cklf,-0.005870715634904257,0.0005505404762353997,0.009785041704797121,0.3737113593796481,0.0130780256676718,0.0007887842813224
Cks1b,-0.014543751886411414,0.04193901335430863,0.1459077027806344,0.1944393100697836,0.0501388374359388,-0.0174687727343036
Clca3a2,-0.0031383123209016888,5.549980241598838e-05,0.002051481826985194,0.3903704818536577,0.0024099201423088,0.0008540438530054
Clcn4,0.00715042117438983,0.5224289733826725,0.678094196749367,0.0922467826545904,-0.1397650179516186,0.1412642156322868
Clcn7,-0.020691800920454147,0.37024437338937766,0.5499756985029748,0.5127031424090716,0.2110425070012906,-0.0828740211054448
Clcnka,0.00027437190510536986,0.42271467747036984,0.5961480701621114,-0.4244346576587221,3.764760237679951e-07,-0.0019363470400855
Clcnkb,-0.00023474901231010365,0.6119486820962117,0.7494582515770783,-0.0477395748508931,-0.0022248693140276,0.0008738726750285
Cldn1,-0.055012550013919664,1.5722623080238163e-06,0.00017250613096692023,0.3471064921450358,-0.0351227011821338,0.004596108519505
Cldn10,0.05364617282360079,0.12268443568332711,0.2788829351250675,-0.2797240713919521,-0.2704719815638333,0.1029498919213836
Cldn11,0.07030706990621452,0.0032715685650075666,0.030123233303436095,-0.5311027702161866,-0.088287287030798,-0.0948879090952865
Cldn12,0.011209291682911675,0.16703148332651052,0.3359730269907453,-0.2635622361559727,-0.0406148363821783,0.0652243107211695
Cldn14,-0.009236973448334379,0.024267727621082917,0.1032549272701767,-0.2924048959617207,-0.0053248316461699,-0.0238545069895458
Cldn16,-0.00028137285392276974,0.3077724509892344,0.49183811794990123,-0.0790686708467918,-0.0006410781562864,-0.0019633458923708
Cldn17,-0.00010730035953918248,0.5789822460975569,0.7238697150352053,-0.116116570080037,0.0002424598849851,-0.0008121105684376
Cldn19,-0.03360250891278381,0.00010578453862228606,0.003031499615237535,0.0089511702845424,-0.0521428499471546,0.0439460425474244
Cldn2,-0.0013069569036198052,0.10133215449863116,0.24838794814873502,-0.3461119176689755,0.000123614080156,0.0040527856330462
Cldn23,0.0001812928039677429,0.6546403124669229,0.7791228315879487,-0.2700269702503645,0.000507458952557,-0.0024938927499352
Cldn6,-0.0030158531698737568,0.05901125783411276,0.1799568322351583,-0.1347648415061672,-0.0025265298846837,0.0057754368459064
Cldn7,-0.003680420956429488,0.04202666263453026,0.1459077027806344,0.6760620001019716,0.0123264023658218,0.0036754835416224
Cldn8,-3.459754617306686e-05,0.9068263349349608,0.9388634352267268,-0.2735079809165754,-4.2352243123985195e-05,0.0009617811853899
Cldn9,0.002633128654331062,0.00040885100200507146,0.00796011053903767,-0.1143760647469315,-0.0024627885275668,0.0001809520035622
Clec10a,-0.004352830455187149,0.5367604507422709,0.6893290682870906,0.3871381148064618,0.0509694467501637,-0.1336998219781842
Clec14a,-0.02466492425230637,0.2203587922373015,0.39775307827405343,0.2953886193899014,0.0300549890615885,0.0124224361358268
Clec1b,0.0006326925700119466,0.9088398934463546,0.9405543307912062,0.311550454625881,0.0506277225228988,-0.0132853814597416
Clec4e,-0.009254568184103674,0.8235845971657263,0.890819556858009,0.0116862500937082,0.4558270940323563,-0.3380458347458024
Clec4n,-0.03948957958470577,0.08282903461917294,0.2200577633293756,0.1636075013119151,0.3360572126709608,-0.1417888456450399
Clec9a,-0.003446132122142241,0.08975573046429268,0.22941983988272252,0.2486436190150686,0.0060978504415818,-0.0577487521628775
Clgn,0.014778203734694205,0.16398551860712093,0.3333948646476875,-0.5233948180267195,-0.0916291941699617,-0.0483609103847131
Clic3,-0.00042071272817361186,0.4640388176524507,0.6325660098463792,-0.2382005870164357,-0.0033792359085339,0.0046397893072607
Clic4,-0.0109490689815112,0.5000886158165283,0.6618972572081242,-0.2068714910205371,0.034318785812494,0.0924710614214709
Clic5,0.013083793592682625,0.06494677596560938,0.18960931078134152,-0.3896245509966125,-0.0622755946212219,0.0580822946252896
Clic6,-0.0024861205108639268,0.29576122501042135,0.47909749405467106,0.0283453725677178,-0.0189295912200341,0.0104794978444266
Clk1,-0.0171715478394353,0.31273369156289516,0.49650001888027645,-0.1200948679842781,-0.0676665011393167,-0.0230005779395525
Clmp,-0.0266005341157161,1.2693867009149268e-06,0.0001471623082128873,-0.3518307209063221,-0.006046144721301,0.0074332722762475
Cln3,-0.016458972125445486,0.16607604173585097,0.33550649065131716,0.6047012814446469,0.091610321718712,-0.0247365277680262
Cln6,-0.02944114041813745,0.04581492435481855,0.15385248790910427,0.5263785414549003,0.1371539476331517,-0.0508221917870189
Cln8,-0.013208612930232077,0.08395289827239573,0.2214290248642661,0.5059897646956647,0.0092651725670322,-0.0116744813770801
Clock,0.0004921039211487756,0.9496923507558475,0.9667492878079381,-0.3471064921450358,-0.0278077516683761,0.026289390424572
Clspn,-0.013798743314798514,0.05939245755316263,0.1804412900409068,0.1693263045492617,0.0620720430640729,-0.043499159139008
Cltb,0.0050000258960103796,0.6544660312095261,0.7791228315879487,-0.521405669074599,-0.0689607740588882,0.0404859059169209
Cltc,0.011267893460493592,0.25779915766690453,0.4376151425154343,-0.0027350798091657,-0.0783049853710573,0.104329122552043
Cltrn,-0.0012486437071422692,0.2443873843694993,0.4238762487823243,-0.460239338796892,-0.0056464432678294,-0.0003964036521388
Cmah,-0.010810769338613647,0.03503672704925229,0.13066703263479307,0.3209989121484536,0.0179349765233487,-0.063219722831034
Cmip,0.035549740950432965,0.009030550983354032,0.055661439198487796,-0.3416363325267043,-0.0577074138706121,0.0478505536192637
Cmklr1,-0.03541027029700727,0.18728254785704382,0.3602974741414788,0.4209536469925111,0.2945310221782615,-0.061255905517454
Cmtm6,-0.051346267561704684,0.00023719048848216406,0.0053773719188778615,0.3214961993864837,0.1704730258688089,-0.1169239177549699
Cndp1,-0.0015083555794725967,0.0028109207258521546,0.027415882643540803,-0.4244346576587221,-0.0007538974923857,0.0010336225441995
Cnga2,-0.001072037894498458,0.08216225639159283,0.21897056941144985,-0.1939420228317535,0.0003332128221299,0.0017915519275555
Cngb3,0.00017958597123529259,0.6353406536277912,0.7643567627724913,-0.1089059051286,-0.0011603734370532,-0.0022640799993669
Cnksr3,-0.003681522909423891,0.6091351490123387,0.746743185559226,0.3145341780540618,-0.0656423944884302,-0.0031778001557979
Cnmd,-0.0020642797586401937,0.08799030007195317,0.22718453345368333,-0.0673824207530836,-0.0022322468064072,0.0011625838920371
Cnn1,-0.0011881608450859092,0.7904001370441232,0.8702419812350685,0.3610305348098797,-0.0004278930832009,0.009130612668854
Cnot11,-0.008033646768305052,0.006504047919681518,0.046174124733731316,0.1792720493098644,-0.0118342002269052,-0.0056804045620975
Cnot2,-0.006200320422588042,0.3208568224570927,0.5043730820812419,-0.0154159043789342,-0.0128183474819739,0.003625459275793
Cnot4,-0.002329933091640395,0.8392039207618315,0.9015962931352364,-0.2250224752086371,-0.0305725418203767,0.0116598194649525
Cnot8,-0.003745951856460126,0.4671393206345543,0.6344189761865979,0.4182185671833454,0.0272474789976416,-0.0348275528076251
Cnot9,-0.008552614833049853,0.12324930472567,0.279673870810394,-0.278978140534907,0.0468409421228315,-0.0184295130571761
Cnp,0.03311478769903075,0.2961645096497292,0.4794462595123035,-0.5169300839323278,-0.3630014299824573,-0.1119202198019646
Cnppd1,-0.022959462481667525,0.00910978630054046,0.055856156161944406,0.5467673182141359,0.0872120926634962,0.016960192694198
Cnpy1,0.00010323055846121575,0.7301216797474148,0.8311427557222859,-0.2444166774918124,9.89120401862398e-05,0.000473608978279
Cnr2,-0.025857326441086757,0.11087175835997146,0.2626831581022826,0.4587474770828016,0.1390755423293776,-0.1038549208302583
Cntf,-0.028850876324872595,0.0004427920653947389,0.008303979138156482,0.3528252953823824,-0.0323211345007249,0.0660830130893204
Cntn1,0.020307605260173767,0.4276535046024721,0.6007077085451253,-0.3498415719542015,-0.2172264097912828,0.0407122154835459
Cntn2,0.08128794006243922,0.0004113853263699139,0.007978998288262096,-0.5467673182141359,-0.1971411148955679,0.0203009551816624
Cntn3,0.030567074287108854,0.00014597295042293351,0.0037990205107519583,-0.4639689930821181,-0.049521555391235,0.0186511896236484
Cntn4,0.024047184860960847,0.01120994372480246,0.06367697432095473,-0.5328432755492921,-0.0665747723171255,0.0459773556719725
Cntn6,0.027463922936308227,0.06570831303556325,0.19044210499682282,-0.5064870519336949,-0.1007731011760151,0.0390463460732202
Cntnap1,0.04581712316117112,0.004421382781570892,0.03631799286440116,-0.3438741250978399,-0.1310059458309839,0.0610325489435823
Cntnap3,-0.0015856974983740823,0.250161289490254,0.43049681240413995,-0.4124997639459988,-0.0045132699214655,0.0005064047809644
Cntnap4,0.011427028413977473,0.45232575985522727,0.6222528859281322,-0.3809220243310851,-0.1246381899446483,0.095718376836023
Cntnap5b,0.004134781806087235,0.659583631678845,0.7812223066658709,-0.3162746833871673,-0.0598508301499398,0.0513759937997801
Cntrob,-0.006458217547372175,0.0038658677006545763,0.03381795551919056,0.6623866010561429,-0.0051431747467634,0.0176309057143796
Coa7,0.006466270104899261,0.05367875633206355,0.16902181237645442,0.0696202133242192,-0.0230162780342591,0.0333544211438761
Col10a1,-0.00032194701809601107,0.27710070172262224,0.45818174375594684,-0.0743444420855055,-0.0003935827032997,-8.52789009090386e-05
Col12a1,-0.10387152652570394,8.483082267247303e-08,1.8814001150099343e-05,-0.1407322883625288,0.053349733908481,0.0805851318848687
Col13a1,0.03255066612508225,0.0008261342244347574,0.012467783073496146,0.7767626658030744,-0.0116239573939045,0.1067339140369486
Col14a1,-0.05742717748536106,0.00021287476051455077,0.0049134577076231836,0.1690776609302466,-0.0553042832732673,0.0776099278046382
Col15a1,-0.06730857812799215,0.004564259338193182,0.03737124700501352,0.6661162553413688,-0.117081518165097,0.1350757985584649
Col18a1,-0.10782461686122613,0.0011449089012251406,0.015652232530737952,0.5527347650704976,0.0482801885007824,-0.1569343629345452
Col1a1,-0.21523542989917135,1.1293032499720452e-06,0.0001405018506855464,0.4423369982278071,-0.1527284877669643,-0.0134088117580739
Col1a2,-0.18509361028867943,1.95577125360137e-05,0.001039207204647978,0.6290683561081236,0.0229430571455568,-0.008884615321254
Col20a1,0.0220516869382632,0.23622735671407277,0.41537254277783014,0.3577981677626837,0.1234254429547528,-0.2744604742181324
Col23a1,-0.07042032785731868,3.2463998670743653e-05,0.0014399900627779425,0.1695749481682767,-0.1406204593266732,0.1414543227747516
Col24a1,-0.014836101383680184,0.0009986750104568442,0.014151459256006716,-0.0825496815130027,-0.0174849728978689,0.0171039619157148
Col26a1,-0.019962914565750334,0.0015739590777131566,0.018802728935397688,0.1867313578803165,-0.0478200944302975,0.0150609087492696
Col4a1,-0.13977127202463216,0.002616454850571776,0.026067453501497324,0.0482368620889233,0.367856754992125,-0.3950989730809309
Col4a2,-0.10528266035151763,0.00042408446613771385,0.008012055043586956,0.1402350011244987,0.227635654283167,-0.2325609041071208
Col4a3,0.0034556013401451312,0.25420346750686407,0.4344705999614829,0.0203887767592356,-0.0207131119915131,0.0323055765645213
Col4a3bp,-0.00902244580038548,0.13748274611656083,0.2986795093443683,-0.4142402692791043,0.0182337624035684,-0.0485509327204346
Col4a5,0.009052829325345551,0.5189110416312397,0.6757633963137487,0.6226036220137319,-0.0574746222158406,0.0166148998900133
Col5a1,-0.12324295993235744,1.3800187690284763e-08,3.9573494480130486e-06,0.6912292608618907,-0.0347251831001118,0.0442372992986637
Col6a1,-0.11295273795221712,1.5948800290060375e-06,0.00017250613096692023,0.6255873454419126,-0.0145562341952338,0.1203857114562452
Col6a2,-0.2261447376731937,3.7711784457638827e-06,0.00029668881299658447,0.4736660942237056,-0.0056263903278632,0.0917405310780998
Col6a3,-0.13775796952273311,5.087716225488486e-08,1.179656384828035e-05,0.2342222891121946,0.0302547982467267,-0.0829412104861047
Col7a1,0.0010650717186063254,0.9590493464036149,0.973692995379496,0.5785937014480647,0.1011684420069856,-0.1130721669268345
Col9a2,0.009057170976894856,0.3057978193346269,0.4894492238550147,-0.1670885119781261,-0.0698908334156847,0.038360684247086
Col9a3,-0.011259911609831438,0.5000459828138784,0.6618972572081242,0.3684898433803317,-0.1492664593348025,-0.0664111225883682
Colgalt2,0.006329994826414673,0.22718347997047744,0.40530166961683284,-0.3006101353892179,-0.0484534144004464,0.0048333642074676
Colq,-8.052213481417347e-05,0.9804615992441688,0.9875751485480236,-0.0440099205656671,-0.0337006434168602,-0.047456532068544
Commd1,-0.006122590741318712,0.3115453912308369,0.4954454013542176,0.0320750268529438,-0.0295016665504175,0.0340321152469837
Commd10,-0.005699644452035729,0.26197729852205526,0.4419134258468928,-0.0621609047537671,-0.0136222287666251,0.0031655896562475
Comt,-0.0024333925826209653,0.6131422774989226,0.7500332751851329,0.7203205642866538,-0.0337296912141491,0.0722508884209922
Cop1,-0.0019162083734870065,0.6419453690291993,0.7699085216178035,0.0072106649514369,-0.0166076084274408,0.0027323056026859
Copg1,0.009390153321044684,0.23417525525854194,0.41295301379914195,-0.3025992843413385,-0.0565851771988057,0.087201910226456
Coprs,0.027142334092286845,0.039690223307056946,0.14093057639824658,-0.4860982751744591,-0.1373182780976314,0.0361972349931941
Cops2,-0.006905696781955789,0.24943263570741997,0.4294147400416974,-0.0892630592264096,-0.0564900332986995,0.0539120243003632
Cops5,-0.011427660512931705,0.17991506149373784,0.35192109028278284,0.0179023405690849,0.0304491434048476,0.0091768699124006
Cops8,0.0019268505618201344,0.8329005754265604,0.8974706031370691,-0.3724681412845728,-0.092608147907657,0.0802354131451985
Cops9,0.029144875745749522,0.007283220791323045,0.04897597321094813,-0.36252239652397,-0.06673249413916,-0.0059462028506769
Coq8a,0.01173783279688732,0.23428465436869572,0.41295301379914195,0.239195161492496,-0.1204781285584476,0.1148267900907475
Coro1c,-0.027443356492442166,0.08070133520011111,0.21689015324329122,0.5654155896402661,0.1485770345965433,0.0038072748017572
Coro2b,0.03208307143334771,0.06587755460689196,0.19064052852723606,-0.3142855344350467,-0.1938050991047006,0.0370854942653258
Coro6,0.04101385448986941,0.0057538660512374724,0.04297287075748513,-0.27176747558347,-0.0888725467420343,0.0832407012281085
Cort,0.0012252014401636247,0.2607861959140979,0.4408389137359728,0.4714283016525701,-0.0001220920814961,-0.0012872006894942
Cox7a1,0.00016613189236462514,0.6740227138319299,0.791115937242677,-0.0338155321860493,-0.0011110293870378,0.0015006782189665
Cox8b,0.00022113050106592437,0.6585420924827075,0.781074620913571,-0.1576400544555535,-0.0018152688537975,0.0015515438459162
Cpa4,-0.0022480581691058216,0.10929708668824237,0.2604037548793668,-0.1176084317941274,0.0021178370650326,0.0027251987609795
Cpeb2,-0.009000144549965863,0.6298821884725063,0.7603002942258056,-0.1588832725506288,-0.1314893004167918,0.0833824373989431
Cpeb4,0.005911092946440705,0.698858798778201,0.8094638357328799,-0.2774862788208165,-0.0568604009578439,0.0697023485959535
Cplx3,-0.0007586017453349294,0.1188026300146422,0.2736294149958303,-0.2561029275855206,-0.0003299101195829,-0.0005129506963905
Cpn1,7.438611886072247e-05,0.9325516406145368,0.9579029236356731,0.119597580746248,-5.83554898098311e-05,-0.0010737014468558
Cpne4,0.03257667023536929,0.02357681382375111,0.10172284633048571,-0.4100133277558481,-0.1011224773259471,0.042022519577543
Cpox,0.02974634719973565,0.3538303453564968,0.534465084887027,-0.4719255888906002,-0.2667192927524906,-0.0075228132606672
Cps1,-0.0007412719409214959,0.49125093335208636,0.653762330036262,-0.2009040441641754,0.0003202792371737,0.0016241093948775
Cpsf6,-0.02025242739147418,0.013366380280215773,0.07184605459365717,0.1173597881751124,-0.040166164498566,0.0640252061859847
Cpt1a,-0.027369340224337093,0.033881204117006715,0.12824153029587904,0.3784355881409344,0.0872455657137494,-0.0291794625037702
Cpt1c,0.02161914103651345,0.020992804670110943,0.09518604144198749,0.1820071291190302,-0.1165493595675057,0.1067087948048277
Cpt2,0.0019468155430987896,0.6457538090934007,0.7730556630334281,0.3391498963365535,-0.0178552378050537,0.0317359060691915
Cptp,0.003056199171226672,0.5688423307903134,0.7157324569312296,-0.5246380361217947,-0.0380270776775882,0.0093988252532879
Cr1l,-0.02406714915722575,0.006996645982206185,0.04809958376716139,0.3466092049070057,0.0927344335736748,-0.0221096904121368
Cr2,-0.020724955864061364,0.1713762202435278,0.341347168864598,0.3903704818536577,-0.0054944605745212,-0.1664911248718757
Crabp1,0.0041519964432428745,0.6230975887322224,0.7555076777093099,-0.1573914108365384,-0.0616519124049032,0.0307728570466369
Crabp2,-0.0024818633263798255,0.9536136122609111,0.9697733325643755,0.0353073939001397,-0.1033551396351236,0.3787551937528288
Crb1,0.003998126062827665,0.0009338762286191791,0.01361057897767552,-0.3615278220479098,-0.0109960408635799,-0.0028128446146154
Crb2,-0.0033377259360510385,0.5684176113792758,0.715395567640189,0.4587474770828016,-0.0782656198800895,0.0537175978739586
Crbn,0.006289377772653967,0.5824371691128072,0.7273457927309636,-0.2324817837790891,-0.0777203934191032,0.0517301000382552
Creb1,-0.009748995324541843,0.04029671429948533,0.14235009670476084,0.0957277933208014,-0.0030291219566703,-0.0220546008480994
Crebbp,-0.011429681574039,0.0973954114088937,0.24223766818419948,-0.2416815976826467,-0.0097617743140006,0.0089116101305506
Crebrf,0.020393490098650772,0.030782198179900095,0.12050651797058355,0.0614149738967219,-0.0741546509178872,0.0522447865636677
Creg1,-0.013960596915957453,0.06340223796207556,0.1874858038977803,0.5708857492585976,0.0583480176344098,-0.0564469558772436
Creld1,0.0111292943122836,0.15010724208963827,0.3156041874563826,-0.268037821298244,-0.0137963920389734,0.0158683279608751
Crh,-0.0026308880153329507,0.11113694067738597,0.2630183955569679,-0.0422694152325616,-0.0053470863099608,0.005402167683028
Crhbp,-0.009976319144812744,0.05528963104021649,0.1726024528372976,-0.3326851622421618,-0.0095781679518608,0.0080043079993115
Crhr1,0.01268376454499587,0.07266618482650362,0.2040639603768847,-0.4676986473673441,-0.0466595620589459,0.0325599804867619
Crhr2,0.0015307429862642002,0.0033214034773440507,0.03038697375667309,-0.0397829790424109,-0.0036606659742575,0.004997152211259
Crisp1,0.0006760951721772224,0.07482996010907142,0.20778858275251677,-0.275745773487711,-0.0012326508737579,0.0003655263434552
Crk,0.0009656330383433313,0.8843186096129545,0.9280004707067124,-0.4577529026067414,0.0121723167635159,-0.0217704470900235
Crlf2,-0.05084405591665238,0.06527219855201108,0.189933533835601,0.4935575837449111,0.2816314471864267,-0.0887514722442732
Crmp1,0.03776352827978365,0.04634359217035085,0.154711167317382,-0.3898731946156276,-0.1284430171149567,0.0877012834743716
Crocc,0.007629736449945776,0.295424065618057,0.47909749405467106,0.2369573689213604,-0.0490755080408726,0.0618917694692331
Crtc1,-0.0003612987072957525,0.29941206970811135,0.4827021100502856,-0.2449139647298426,-0.0019322781531725,0.0020307439948118
Crtc2,-0.01939915344615998,0.017486156295305807,0.08487921835204747,0.2575947892996111,0.0839604307466844,-0.0211803696565214
Crx,-0.0017695137943574972,0.03652871068618192,0.13434243201889978,-0.5353297117394428,0.0002297248403095,-0.0003140646917114
Crxos,0.0003559510707440215,0.7118701510288713,0.817664859355612,-0.0313290959958986,-0.0029506478777047,0.0055186119661375
Cry1,0.004066184779853538,0.18924592947310406,0.36263842458388573,-0.221044177304396,0.0108069194951222,0.0552563340359379
Cry2,0.011500046168816868,0.40233189064921615,0.5789266499863616,-0.2829564384391481,-0.1306833492860799,0.1463370714541931
Cryaa,-0.001444355586956179,0.056815908421633594,0.17599375053814528,-0.420207716135466,0.0006230464229574,-7.922101427285458e-06
Cryab,0.030361346375319405,0.14346356350566722,0.30670898467829355,0.1345161978871521,-0.2974291450925079,0.1433790145225471
Cryba2,-0.002776796799111921,0.0013376210105386886,0.017379657463099222,-0.5243893925027798,-0.0005323527965683,-0.002235339380838
Cryba4,-0.005613799153044407,0.1358843175052602,0.29641669318896036,0.4256778757537974,0.0199532012676421,-0.0450380459476429
Crybb3,-0.0032279466707958123,0.169625382593828,0.33974395236928534,-0.1320297616970014,-0.0001906429121146,0.0060878084997313
Crygb,0.00021764130845302538,0.39957605723283685,0.5762357457099373,-0.3311933005280714,-0.0002702676256709,-0.0002293855005276
Crygc,-0.0005686522424969697,0.33779305684982774,0.5190091202254784,-0.2630649489179426,-6.107712931040406e-05,0.0012936599026417
Crygd,-0.0005327484399845894,0.0925512204828977,0.233946370507067,-0.1084086178905699,8.153773219357445e-05,0.0010474750491465
Cryge,-0.00013647778033115327,0.5505745693088039,0.698800915164023,-0.2406870232065864,-0.0002205105367467,-0.0002137297290593
Crygf,5.62398672065448e-05,0.8046330580759689,0.8781414696716981,-0.1459538043618452,-0.000341386541454,0.0013886843431802
Crygs,-0.004751507714210984,7.923969125657306e-07,0.00011213130974263696,0.8093349798940485,-0.0005708416512836,0.004054109467059
Crym,0.0035768915000847622,0.8976767589091738,0.9348814102073695,0.6034580633495716,0.3108978660908494,-0.0449097202507687
Cs,-0.0051151488919205105,0.6715380161690355,0.7891332569794349,-0.2018986186402357,0.0061088360138861,-0.0314232578380766
Csde1,0.004676307622061632,0.7424576809649202,0.8365974443565403,0.0467450003748328,-0.0481497660374592,0.0560888350075639
Cse1l,-0.0010731901053369411,0.874670135034839,0.9215974089833264,-0.1914555866416028,-0.0302264751245889,0.0058910871198863
Csf1,-0.00541781463349214,0.7047998583465189,0.8134335886294923,0.210352501686748,0.1250736736487794,-0.0011558639994841
Csf1r,-0.031439936510781134,0.13422388258761636,0.2956181004564408,0.3863921839494166,0.1735062899618213,-0.3080555928716739
Csf2,-0.0009590380297347557,0.42942562044404564,0.6021165722608787,0.1576400544555535,0.0088059296245426,-0.0011092910442482
Csf2rb,-0.028929846377112385,0.44401359358698933,0.6151312712893081,0.1563968363604781,0.4423798274733639,-0.1810603358608146
Csf2rb2,-0.028831511065839685,0.4328206961482376,0.6062104258792311,0.1745478205485781,0.5082477450115331,-0.2384505904473307
Csf3,-0.004972303323153258,0.4482114289358715,0.6185948319810283,-0.2086119963536425,0.0208654442399688,0.005035861213002
Csf3r,-0.046786885209111825,0.059722669274836895,0.18074660034258164,0.2483949753960535,0.2812392506762484,-0.2649261017033446
Csk,-0.023855831902128335,0.029518772862821837,0.11680524750945494,0.3219934866245139,0.0917325744766841,-0.1032556547988602
Csnk1a1,-0.022226678740483036,0.09436903730064093,0.23748221966974317,-0.1019438837961781,-0.0647342916902258,0.0576632328950712
Csnk1d,-0.020741325029317602,0.0077222933174426545,0.050546343237555455,-0.1121382721757959,0.093332562313146,-0.08795455142986
Csnk1e,-0.0007461860483197662,0.898439640836884,0.9350997683464621,0.2073687782585672,-0.0437730827969362,0.081597891579537
Csnk2a1,0.00031484460164361974,0.9819642870871852,0.9883582929028674,-0.3508361464302618,-0.0505426401598934,-0.0568289263719226
Csnk2a2,-0.0011441147387737485,0.7871619229978895,0.8674516016497016,0.2108497889247781,0.0124624254233889,-0.014570963943733
Cspg4,-0.01045542422496395,0.23035976676075945,0.40886053244489695,0.0594258249446014,0.0087865263223502,-0.002820526300326
Cspg5,0.04698130411358192,0.023402751974591542,0.10142518081766479,-0.3945974233769139,-0.1294721063549482,0.0396306747110883
Cst7,-0.02894981462531865,0.477295533750442,0.6430756781988919,0.6173821060144155,0.2251000161124638,-0.3357496510527686
Csta1,-0.0003134748667780025,0.2583072448836699,0.4383317552067865,-0.0295885906627931,0.0003543423208778,-0.0007083714803735
Ctbp1,0.0024756864271402446,0.8547410205441076,0.9115688784853634,-0.4105106149938782,-0.0449218494376271,0.0081302601587593
Ctbp2,-0.003946568415356228,0.6727535128287859,0.7898079790424941,0.0442585641846822,-0.034731032309459,0.0971992985040351
Ctcf,-0.005729076480165226,0.3367397685299771,0.5185793683794429,0.0126808245697685,-0.0029563834283354,0.0095549694561885
Ctdsp1,-0.03356474285499042,0.004093316120432822,0.03497684842734633,0.3264690717667851,0.0439951659676869,0.0598533248403898
Ctdspl2,-0.008925515913955706,0.23414773347839177,0.41295301379914195,-0.2516273424432494,-0.0063705841121142,-0.0180169834451546
Cth,0.010452446071163097,0.04700762022389369,0.15633269324352048,-0.3376580346224632,-0.0316577598656348,0.0251935087008758
Ctla4,-0.00758370194130913,0.4903232133626345,0.653031080648094,0.1834989908331206,0.1349410005940913,-0.143286674575455
Ctnna1,-0.03535249444972571,0.001421188924456801,0.01796198422734371,-0.0636527664678575,0.040559485851866,0.073625192509386
Ctnna3,-0.03541167701094145,0.02327408081423515,0.10103922232630937,-0.2471517573009782,-0.105709558003516,0.0742494553694098
Ctnnal1,-0.03555471382751319,0.07552241271579095,0.20914214292250252,-0.1897150813084973,-0.1447155931538241,0.0935796258601732
Ctnnb1,-0.01924230785161959,0.10822816081022008,0.25858166196390286,0.6283224252510785,0.0083471924792468,0.0282551831637998
Ctnnbip1,0.0030800644893778702,0.7403950080284121,0.835707023258533,-0.6034580633495716,-0.058114746571975,-0.0029858845295002
Ctnnd1,-0.029690453790169408,1.9816791847554267e-06,0.00019585634793473046,0.3811706679501002,-0.0163106972470912,0.0472569036046375
Ctps,-0.007902321405594251,0.47811178856128755,0.6434990450206524,-0.1034357455102685,0.0825538320713263,0.0107898544692588
Ctr9,-0.000900365838544196,0.9456253499608163,0.9651130272409211,-0.2630649489179426,-0.1237706586737437,0.0489695572551509
Ctsk,-0.0853323699989239,7.475969917197606e-06,0.0005084656339683332,0.6551759361047058,0.0347273873992955,0.0388902284277365
Ctsl,-0.04986544941908241,0.04105070216478787,0.1442146224122472,0.6952075587661318,0.1859572151215485,0.0571291882828677
Ctsq,0.0002743992603427731,0.16966403222526358,0.33974395236928534,-0.3021019971033084,7.984535176381083e-05,7.46573597335703e-06
Ctss,-0.052892140055766736,0.33453677244887436,0.5167995385407959,0.503751972124529,0.4592656457469219,-0.3770227555593739
Cttn,-0.018775558769742434,0.022949452279296095,0.10048511251217972,-0.1186030062701877,0.0272017377034738,0.0475699142475969
Cttnbp2,0.06234645902239773,0.017791921400121882,0.08570027484610172,-0.3160260397681522,-0.1957580696058602,0.1802688666004821
Cubn,-0.000705519104092403,0.7049970388808049,0.8134335886294923,0.0079565958084821,-0.0116414911143377,0.0207242732515642
Cul1,0.005833292707454442,0.7013758607488667,0.8114579872261214,-0.3403931144316289,-0.0913071616763003,0.0543855319147805
Cul3,0.017295278833687144,0.11372678626810846,0.2671651474646765,-0.3771923700458591,-0.0988647356020844,0.0640253363926888
Cul4a,-0.014823217214633198,0.011148736992898875,0.06347065558122451,0.4440775035609126,-0.0128221568711559,0.0559853451299954
Cux1,-0.02650239791044569,0.004844062074943384,0.03881222728522287,0.2016499750212206,0.0436050914606471,-0.0177050069759532
Cux2,0.005448558460009287,0.1480752227724142,0.3127667541871987,-0.3898731946156276,-0.0202158954169578,0.0088353397415135
Cwc27,-0.01201775200682163,0.006343879445091329,0.04575664490857899,0.2851942310102837,0.0194315798352315,0.0446438809041391
Cx3cl1,0.035194665043783685,0.020438947747134385,0.09397206079254736,-0.4127484075650139,-0.0804767026747609,0.1050912592234238
Cx3cr1,-0.05048253598821596,0.0020609192717097134,0.02213210358945526,0.6661162553413688,-0.0476661171861723,-0.0846740698228418
Cxadr,0.009845246882554318,0.6032110867965503,0.7414409045178803,-0.083295612370048,-0.0556302398062712,0.1751614747003538
Cxcl1,-0.00032615949041108654,0.9846508236611764,0.9893736663367988,-0.1044303199863288,0.1351255739681715,-0.0169388869168944
Cxcl10,-0.040036713910542095,0.5862927641036212,0.7303246372875632,0.0054701596183315,0.6875971271652708,-0.320560827721506
Cxcl12,-0.07324498139928137,0.0009533938052678414,0.013776945610966738,0.4972872380301373,-0.0908540198811376,0.3281201278983363
Cxcl13,0.018217183022315904,0.6985353339510426,0.8092729362898634,0.5771018397339743,0.1052636222863929,-0.317890327939313
Cxcl14,0.04361896969939802,0.0005910894262203437,0.010152010650336609,0.0233725001874164,-0.0203102974346924,0.0813282889062376
Cxcl16,-0.02657367869723593,0.553432450223796,0.7017017796937493,0.4415910673707618,0.4205466868431304,-0.293693672264506
Cxcl2,0.0016161891931438135,0.6655565761140534,0.7855770073130537,0.0091998139035575,0.023340958500461,0.0013336414808242
Cxcl3,-0.00024390052422024408,0.8448895096437644,0.9055694212823379,-0.2227846826375015,0.0070245894053814,-8.038679872158106e-05
Cxcl5,-0.006116510058686571,0.26721540929280174,0.447787714455513,0.0338155321860493,0.0366537506172301,-0.0005463304779281
Cxcl9,0.007639725600248769,0.8595585802946597,0.9144125793708152,0.192201517498648,0.3991313914079559,-0.324719133115491
Cxcr1,-0.0008551875761804963,0.33699551250623005,0.5187127668359323,0.0867766230362589,0.0049926629896849,0.0020146301146244
Cxcr2,-0.028705618802264986,0.4442292796697008,0.6152157144202693,-0.0547015961833151,0.4368167461428062,-0.0656634426603377
Cxcr3,-0.015612093903544266,0.0847994812781643,0.2227405530380618,0.3068262258645947,0.0719260738981698,-0.1068391530600544
Cxcr4,-0.0715067425157265,0.05308965270709016,0.1681007563369751,0.5139463605041469,0.447464853642048,-0.2105580937761808
Cxcr5,-0.00966661730942313,0.14999279199298263,0.31552392968260284,0.3580468113816988,0.012221361949946,-0.0744306583599592
Cxcr6,-0.025650329021349904,0.21071794552443116,0.3865056598777861,0.1372512776963178,0.1777375224849033,-0.1363550866015137
Cxxc1,-0.02408306584206476,0.0344472579977247,0.12939282993107049,0.3306960132900413,0.06888798721569,0.0257506391087191
Cxxc5,0.019218429478472663,0.3124809151965152,0.49640770738630463,-0.2469031136819631,-0.1515063593130567,0.0710578746642691
Cyb561,0.00810528520664509,0.3705007818725542,0.5500362305971767,-0.5485078235472414,-0.0451909530318564,0.0499797062062793
Cyb5a,-0.009834232442328502,0.10845826743650783,0.25882581461152926,0.0121835373317383,0.0201394947477342,0.0067297828931358
Cyb5r3,-0.05930544155541614,6.0358860218115646e-05,0.0021257669948958704,0.5390593660246689,0.1275843919230832,0.0921607996507722
Cybb,-0.07324591761646349,0.23695850496418785,0.41562737728709154,0.3714735668085125,0.5454949934264315,-0.5413107591996325
Cybc1,-0.007984548467318301,0.44482245831821465,0.6155831144550225,0.2198009592093207,0.0579099779975214,-0.1139683222134443
Cyct,-0.0010975954011526044,0.17384940161976511,0.34425690903044326,0.170320879025322,-0.0018164524558166,0.0038174093114051
Cyfip1,-0.03322715127656501,0.008907763528721989,0.0550851490238573,0.159629203407674,0.0671287570340604,0.0243726445401497
Cyfip2,0.049919594321549604,0.01994982654391699,0.0927981633693496,-0.4843577698413537,-0.1784866274185397,0.0148424711418284
Cygb,-0.03186419822619002,0.0030982641504098962,0.029065975616809635,-0.1834989908331206,-0.0378733454790803,0.0657827494511805
Cyld,0.011524681076298667,0.1274985792222658,0.2862545125936522,-0.4483044450841688,-0.0480896983495833,-0.0686795535729383
Cyp11a1,-0.0006639813192039057,0.31297736279306937,0.4966131052082355,-0.1021925274151931,-0.0015518290412686,0.0020408156828745
Cyp11b2,-0.00014008674621489317,0.6040020496246715,0.7418768252192269,-0.1099004796046603,-0.0005523924545751,-0.0009915181560007
Cyp17a1,-0.00024095735314036645,0.3609032424066101,0.5406288132753645,-0.3975811468050947,-6.355927091245429e-05,-2.806279895138999e-05
Cyp19a1,-0.00021527108525120722,0.511117714936693,0.670406650525089,-0.3098099492927755,-0.0012394497175059,0.0015626364034817
Cyp1a1,-0.00010538237737171352,0.5745756379220122,0.7201253879705611,-0.3563063060485933,0.0004877143650625,0.0009667847559996
Cyp1a2,-0.001324678692535003,0.04025863401812555,0.14231413175776744,-0.5524861214514825,0.0006613470221177,-0.0014927822753393
Cyp1b1,0.00867208587709058,0.8004712710317596,0.8758481238809537,0.206622847401522,0.2687985948653348,-0.1480073392258571
Cyp21a1,-9.996768591411881e-05,0.7554357866315529,0.8451502391154362,-0.0549502398023301,8.659650082176555e-05,-0.0007673497166311
Cyp24a1,-0.0016535868271849803,0.05656799480423191,0.1758195048256644,0.3351715984323125,0.0055006236618495,0.0020460081371633
Cyp26a1,0.0014252126221912125,0.02726075753261791,0.11124569933910718,-0.362273752904955,-0.0014922356879458,0.0009801792120484
Cyp26b1,-0.04111054432345079,0.0011557809606633593,0.015721703147583456,0.6773052181970469,-0.0071222324964756,0.101423944444752
Cyp27a1,0.005855864002587876,0.838675239350267,0.9012181158470007,-0.065393271800963,-0.2800652556489023,0.1142052741598989
Cyp27b1,-0.0037407660781642858,0.051165249140562266,0.16435386389547113,0.1670885119781261,0.0035823280834581,0.0019373769459577
Cyp2a5,-0.0027552683314208434,0.07347096507282941,0.2054689653708897,-0.3913650563297179,-0.0009865353220526,-0.0009658770129293
Cyp2c29,-2.7809179683839565e-05,0.8471421515141113,0.9074489951435283,-0.4368334369039489,-0.000168338909321,0.0005245343616383
Cyp2e1,-0.0031719024079336572,0.20117618221524694,0.37674685311251077,-0.2115957197818234,0.0172073627005356,0.0004567131038702
Cyp2g1,-0.005805156843722371,0.21854793537641096,0.3957447704490849,-0.3926082744247933,9.57606072056606e-05,-0.0001142907718056
Cyp2r1,-0.001937414844051826,0.04290091564231452,0.1473182252502601,0.4062836734706221,-0.0019767292141441,-0.006888499002579
Cyp3a13,0.003800025329571363,0.729207589695076,0.8306583106374683,-0.2459085392059028,-0.0522976358893848,0.1096325171580823
Cyp7a1,-0.00018817588949652524,0.5834608897454305,0.7283850840056038,-0.3722194976655577,-0.0002700645353308,0.0014391948935389
Cyp7b1,-0.011675233803808298,0.17970175595287963,0.35174929283025286,0.032820957709989,0.0786975583662819,0.0275746338276683
Cyp8b1,-0.00010295796524028974,0.6914118309676225,0.8034093047971825,-0.3908677690916878,-0.000637560507948,0.0002185172345628
Cyren,-0.0027431401318060785,0.020939734796750667,0.09511450329316576,0.4308993917531139,0.0052258910465732,0.0019971745881773
Cysltr1,-0.00476413931701386,0.10798612694742635,0.258245304059457,0.2841996565342234,0.0549592441164984,-0.0287541240220106
D1Ertd622e,0.002569023679066441,0.8115800611475715,0.8827014694912073,-0.0121835373317383,-0.0624926270280534,0.0271964405529057
D1Pas1,-0.00030155197072776824,0.278622144007471,0.4596165536078631,-0.1397377138864685,-0.0003265446298597,0.0013838059680141
Daam2,0.03934943684797869,0.06469220899572753,0.18936118270427466,-0.3990730085191851,-0.1584098241970206,0.1161147491575722
Dab2,-0.014209321381699216,0.3481338546779652,0.5281929028093155,0.3401444708126139,0.1731824118906342,0.1644034880628636
Dach1,0.01447287796552182,0.037028831852572816,0.13530377598852,-0.4791362538420372,-0.0389611198591585,0.0321379548869133
Dact2,0.024995190022201835,0.0047406811995162655,0.038384467934495986,-0.1002033784630726,-0.0940834888773231,0.0856771677534214
Dag1,-0.05646869087249147,0.0009163700602218604,0.013432194474688821,0.268286464917259,-0.1251077502268465,0.1846402566256013
Dagla,0.011413661151451177,0.21435948332561292,0.3905170444442684,-0.2454112519678727,-0.0713344955416889,0.0637773672251497
Daglb,-0.025547295632289052,0.015300012063861907,0.07891340903716844,0.7598548997100497,-0.0023917900413839,0.012251938054885
Dao,0.046856618397618836,0.03265258444100374,0.12558108676949042,-0.4724228761286304,-0.1309884981059908,0.0600284279800096
Dapk1,-0.016790480391667962,0.05882110630403618,0.17993459203775702,0.0989601603679973,-0.0073955458840208,0.089392900945656
Daxx,-0.018954816953815557,0.11116793978059651,0.2630183955569679,0.0390370481853657,0.1178218083896947,-0.0304433739677192
Dazl,-9.177306710750583e-06,0.9885525845778307,0.9919334692938475,-0.1389917830294233,-0.0044876902993076,0.0017217172541245
Dbh,0.0001751774144627592,0.4015332692599398,0.5782668567179428,-0.087025266655274,0.0001833331359485,0.000546329175303
Dbn1,-0.001925670322357969,0.8912695487859699,0.9314415014048827,-0.264556810632033,-0.0203609265915682,0.0293083851456357
Dbnl,-0.015451538422431707,0.33134240256300973,0.5140442808618956,0.0922467826545904,0.1482389375026707,-0.1272808120657031
Dbp,0.018103238650634932,0.6755068898325962,0.792457506158758,0.0462477131368027,-0.608854224858774,0.2633086405009996
Dbx1,0.00040066169682101654,0.06902366417249481,0.1966935964751755,-0.3592900294767742,0.0002204714950237,0.0002885290611524
Dbx2,0.02604652105492847,0.016245449865115287,0.08140278955005215,-0.1690776609302466,-0.0709061198814784,0.0020730492306662
Dcaf1,0.009413469505397712,0.24085189041380156,0.41988567771729385,-0.2784808532968769,-0.062742602206284,0.0427517546485011
Dcaf11,-0.0009005411085700407,0.8061267279740723,0.8792072780405694,-0.1437160117907096,0.0027446126397008,0.0270872667984772
Dcaf7,0.019525915008008442,0.1555702703360919,0.3220632909839305,-0.4042945245185015,-0.0715316254805025,0.0427653848052054
Dcc,0.02166916292431723,0.02609873015210875,0.10858859910759112,-0.402305375566381,-0.0718300041219114,0.0288030433652162
Dct,-0.0006712128884994916,0.5467836264970869,0.6965530299246908,0.0320750268529438,-0.0027833267770851,-0.0043438089661491
Dctn1,0.00715774396886203,0.3816530804511459,0.5607870146786326,-0.4759038867948413,-0.072612358536594,0.0471459384495078
Dctn2,-0.00978679806625375,0.12126859262372738,0.27674567044073234,-0.2506327679671892,-0.0314717521329277,0.0322004447409414
Dctn3,0.01525458601549165,0.06960078680294927,0.19790056492856425,-0.4982818125061975,-0.0354179007336254,0.0006229797124348
Dctn4,-0.005691538662229087,0.6255441859085605,0.757573811092015,-0.3108045237688357,-0.0638033767342088,0.0717468627422399
Dcx,0.006125848442530522,0.15028476207244723,0.3156041874563826,-0.202893193116296,-0.0216973845893215,0.0321685717790338
Ddah1,0.002976881440767601,0.78818175170427,0.8683617959921126,-0.366003407190181,-0.008486052774873,0.0293347233916886
Ddb1,-0.014420739951099923,0.1998281771415856,0.3756923818041436,-0.0372965428522602,0.076458226752955,-0.0165611533947038
Ddc,0.008438180827636026,0.03055486430216858,0.11980043259443653,-0.3075721567216398,-0.0207019133227143,0.0146524650139392
Ddit3,-0.01708877541508601,0.049287919643833826,0.160276495420312,0.0790686708467918,-0.0803525539265016,0.0881797088310389
Ddit4,0.03623290501622944,0.0415327846754447,0.14506593316034744,0.2742539117736207,-0.1646714900007171,0.0950572668975464
Ddr1,0.0136181698147331,0.34900562405657,0.5290572625000188,0.3321878750041316,-0.1069773990397131,0.1329798336631635
Ddx19b,0.0015198771283874532,0.7768832190208463,0.861986159478085,-0.5693938875445071,0.0098636339820522,-0.0125667494707551
Ddx21,-0.0350519178050939,0.00571963517272342,0.042905675023620825,0.1143760647469315,0.1404591354617022,-0.0714146506749481
Ddx4,0.0012488332375730682,0.10616228202463689,0.2550795104134116,0.1710668098823672,-0.0016438001038137,0.0029376438534341
Ddx41,-0.019974035401049885,0.0013982446412553937,0.017831114787609407,0.5636750843071606,-0.0204600961997327,0.0991255903855259
Ddx42,-0.008184011454765883,0.333461160400232,0.516702727582498,-0.3926082744247933,-0.0078577172813887,0.0030487760720951
Ddx56,0.006498071327339404,0.2697030193685482,0.4507716585186646,0.0785713836087616,-0.0686252392020179,0.0927843144041744
Ddx58,-0.028193374473490223,0.08228314226429426,0.21906383543328029,-0.0924954262736055,0.0869338151634727,-0.1325831938788669
Ddx6,-0.013304209590838932,0.07108501077260358,0.2013298423893906,-0.1879745759753918,0.0335469413627409,-0.119549885890414
Decr1,-0.0005291806611486236,0.948935262155947,0.9661714116282406,0.3548144443345029,-0.0382416844644815,0.0456466736188899
Def6,-0.02755932503907304,0.14307955417256787,0.3061446333197436,0.3244799228146646,0.1915967873273218,-0.1448340384136144
Defa5,0.00012346177252346306,0.6278367484745342,0.7592686709266475,-0.3545658007154879,0.0001457713479038,-0.0006631659644044
Dek,-0.01514330602751516,0.14854293868702614,0.3132430325248346,-0.036550611995215,0.0615795890070153,-0.0129903404234161
Dennd1a,-0.011725097487541278,0.0011349181113487084,0.015562412059112261,0.3525766517633673,-0.0057679592098832,0.0601499205926946
Derl2,-0.010076407901073618,0.047598858936757346,0.15698693780358727,0.1713154535013822,0.0198738855404567,-0.0036904514578983
Des,0.06271115056672213,6.393169053359478e-05,0.002145497061920177,0.4376127694665208,-0.0670381053470797,0.1183444251954146
Dffb,-0.004960224652316512,0.08778374425793094,0.2270865910012481,0.3791815189979796,0.0239594163827573,0.0020259752553562
Dgat1,-0.011802939746992688,0.39414207438865134,0.5712971645044006,-0.0159131916169643,0.0947164328663942,0.0108611166758019
Dgcr2,0.019910987650526204,0.04502617411085173,0.15190377919276102,-0.4734174506046907,-0.0641530461730222,-0.0179360281846443
Dgcr8,-0.0111701277001205,0.012147876862542045,0.06723649535357898,0.0295885906627931,-0.011961917513295,0.041801891043082
Dgka,-0.018302018832288602,0.022327611484105978,0.09894935884611585,0.4294075300390235,0.0485501854674014,-0.0108010539546015
Dgkg,0.033859290267393344,0.000729217976735213,0.011480681788044202,-0.4391046311806112,-0.0912987188444953,0.031436059276919
Dgkq,0.0053163610855755435,0.4165566570636582,0.5903883778924003,-0.0029837234281808,-0.0206414183641457,0.0276615615666545
Dglucy,-0.0018391898947722508,0.7386979286468025,0.834758115646287,0.300858779008233,0.0194634186932294,-0.0261524454053601
Dhfr,-0.001987108833068331,0.6291988026167323,0.7600149401250181,-0.1009493093201178,0.0299464734555057,-0.0235737225778024
Dhh,-0.08968253516123313,3.075086750064711e-05,0.0014390841754201918,0.1002033784630726,-0.1217907347987985,0.0575157925652413
Dhodh,0.002794892509578412,0.5392479193555184,0.6915322854523054,-0.1718127407394124,-0.0237830494294644,0.0301796202141777
Dhx33,-0.008170466037177913,0.01873948332285816,0.08850935595361063,0.2051309856874316,-0.0204978482025003,0.036714914732949
Dhx58,-0.015496426435446027,0.3700454843696718,0.5499756985029748,-0.0121835373317383,0.1463433639414788,-0.1254450441541842
Diablo,-0.011648776451289951,0.1745065143363963,0.34502237582556494,-0.3508361464302618,-0.0380112320608955,0.0048858980905182
Diaph1,-0.02857120417047157,0.09194328365288626,0.23277569735116693,0.2814645767250576,0.209586753622883,-0.0432797781405296
Diaph3,-0.014093226735352328,0.021414048566883413,0.09655043420906977,0.1148733519849617,0.0548105836768355,-0.0572633039002193
Dicer1,-0.010128523153159453,0.15790864872793375,0.3251885414457772,-0.0778254527517164,-0.0172696928675148,0.0053582312349788
Dio1,-0.00013899921671631547,0.5919618965230584,0.7333616771460175,-0.3781869445219193,-0.0008973513834332,-0.0014839611778028
Dio2,0.07820826814378361,3.0858101264092404e-07,6.054122098005206e-05,-0.4003162266142605,-0.000716309625201,0.0626513266072075
Dio3,-0.0010568791334572094,0.006176063050970098,0.045134810348135344,0.467450003748329,0.0007866060536994,0.0016628554026972
Dip2a,0.039012916138344116,0.0758775231713872,0.20955671126001413,-0.2292494167318932,-0.2549220295409207,0.0581133154540776
Diras1,0.04766212431470395,0.0004581407829535769,0.008467304832776072,-0.5572103502127688,-0.0702832769535404,-0.0365379492678525
Disc1,-0.0061805909130265724,0.000696128642647595,0.011237190525776526,0.3197556940533783,0.0216281457400375,0.0034444139857189
Disp2,0.047168373645800434,0.0225572329734595,0.09939324333740068,-0.3366634601464029,-0.115378541606526,0.0208519987922215
Dixdc1,0.05021878563508229,0.015193452831203092,0.07848422163241409,-0.2135848687339439,-0.2159761069202013,0.1552854686647738
Dkk1,-8.125325075723567e-05,0.7349059303204442,0.8335043585525114,-0.2093579272106877,-0.0007249920979645,0.0002726082420484
Dkk2,-0.000603176348725836,0.7108392474389897,0.8170326726422458,0.5835665738283661,0.0051507019937239,0.0098963949193994
Dkk3,0.032264902677747384,0.007533325025260572,0.049905832407602824,-0.1897150813084973,-0.0678597893828913,0.0909421192624924
Dkk4,-0.0004348923947157612,0.1276910382909893,0.2864344706782482,0.188471863213422,-0.0007249084262404,-0.0005982107802559
Dlg1,0.013051020093567458,0.237368490655112,0.41608820303495747,-0.2926535395807357,-0.1002905177750892,0.0557234710988823
Dlg3,0.028816435554135683,0.03388935166415309,0.12824153029587904,-0.2971291247230069,-0.108825873066399,0.1038784117828397
Dlg4,0.06721906057404947,0.001497753366273573,0.018277607467372,-0.4768984612709017,-0.1947528023415259,0.032202495323677
Dlg5,-0.00021406300723800315,0.9772937969200806,0.9859920209828581,-0.0392856918043808,-0.0576514281265284,0.1406107772732807
Dlgap4,-0.02051309906472553,0.005716427060029536,0.042905675023620825,0.2518759860622645,-0.0531727062303419,0.1227083909248332
Dlk1,0.018012403259988388,0.0014232336541098135,0.01796198422734371,-0.3570522369056386,-0.0471434503378006,0.0234485640894279
Dll1,0.00792298802874457,0.16626157251620188,0.3355530774252526,-0.4440775035609126,-0.0524827702575382,0.0270150286733615
Dll3,-0.008039489375167953,0.05700849009127668,0.1763045212290306,-0.2876806672004344,-0.0084971765520925,-0.0151504172648297
Dll4,0.008969138659299724,0.0948799321514722,0.23865016464726807,0.0139240426648438,-0.0050496016259489,-0.0192033020025677
Dlx1,2.109130938206071e-06,0.9965822574644294,0.9969731506817129,-0.1869800014993315,-0.0007576552096943,0.0014082638410151
Dlx2,-0.0005140499164887199,0.07971549966036366,0.21538146959177515,-0.1268082456976849,-0.0002832361557492,0.0013157021420053
Dlx3,0.00024389609883891772,0.44641909482556386,0.6172902690987263,-0.3197556940533783,-0.0006770456227828,0.0010668485901366
Dlx4,0.0002500816406600243,0.5913166635981122,0.7332119670910623,0.0116862500937082,-0.0024079290447359,0.0034770119077186
Dlx5,-0.001381325842782223,0.0003237201332678451,0.006851852281324805,-0.2220387517804563,-0.0007349017078638,0.0010931231411592
Dlx6,-0.000584435613150438,0.08640596466296209,0.2257975541730377,-0.1084086178905699,-6.129375501062262e-05,0.0005582809945475
Dmap1,-0.005178614235327894,0.27248435131715915,0.45378474569664673,-0.4445747907989427,-0.013120338403649,0.0184250032703875
Dmbx1,0.001581620484336671,0.02518807094492609,0.1060000000250537,-0.3155287525301221,-0.0041202627258751,0.0020036627750669
Dmc1,-0.000997911048023462,0.3372120150186161,0.5188894384947091,-0.083544255989063,-0.0035928960476186,0.007548632187852
Dmd,-0.040819502559031905,0.051200474245694606,0.1643635110933217,-0.0676310643720986,-0.1530928049026744,0.1295839087974932
Dmp1,0.04521737658339292,3.018757236803645e-06,0.0002566446777489232,-0.5877935153516223,-0.0558001575185503,-0.003300129820542
Dmrt1,0.0003111665904465733,0.12008275108406019,0.27514718252628645,-0.000248643619015,-0.0007154664017986,3.217566945427387e-05
Dmrt2,-0.0034661038756755463,0.11481441954873084,0.26801418308495534,-0.2068714910205371,-0.0158509168289384,0.0110806421077528
Dmrta1,0.0010514246409895234,0.23351758773897416,0.41274193175901147,-0.5320973446922469,-0.0019176309353107,-0.0012064386735374
Dmrta2,0.0006600522384599426,0.17175640267899037,0.341837460033371,-0.1568941235985083,0.0008807403425093,0.0024924743717192
Dnah11,-0.005012882832674074,0.0638397528364258,0.18801982624067134,-0.1168625009370822,-0.0130560963519754,0.0144055938871827
Dnah12,-0.00876736115040209,0.04402431347737723,0.14961227384950118,-0.2073687782585672,-0.0193950853000436,0.0083548721905758
Dnah5,-0.004665073723228701,0.3353749871371957,0.5174675769470162,-0.2727620500595302,-0.0381266493726693,0.0114937985415348
Dnajb1,0.02620319602730333,0.03265253849526733,0.12558108676949042,-0.1730559588344877,-0.1992820233909482,-0.0043743763073662
Dnajb6,0.0028183972309577202,0.8124019083379374,0.8830304995593051,-0.2834537256771782,-0.0524857634545556,-0.0044704284365646
Dnajc5,0.01893596120723817,0.06605200445096718,0.19089590634809267,-0.5410485149767893,-0.019784443129577,-0.0488005986002177
Dnajc7,-0.008242665821427499,0.3328619750751831,0.5160878221454435,-0.0062160904753767,-0.0857968998264664,0.0408079483635921
Dner,0.06629229851568819,0.04730321649328114,0.1566842255404072,-0.3078208003406549,-0.2809162672169434,0.1476730992024486
Dnm1,0.08271945648863341,0.007192261290147187,0.04872207814215245,-0.4107592586128933,-0.2639187072581657,0.0744093591011307
Dnm1l,0.029899291705036676,0.009497889362948956,0.0574053903471478,-0.3699817050944221,-0.1388325624168651,0.0456133036310788
Dnm2,0.00025261610138549103,0.9754189997248556,0.9844899718236028,0.0743444420855055,0.1030039443856676,-0.0216934744660908
Dnmt1,-0.026373304393251213,0.22999637481268936,0.40886053244489695,0.1424727936956343,0.1623643806090939,-0.0621048573814939
Dnmt3a,-0.010872749249806453,0.33320127800463495,0.5164569185966705,0.3535712262394276,0.0032076956509037,-0.029380019519402
Dnmt3b,-0.004638056689601073,0.0007882097628308785,0.012110415663253951,0.5636750843071606,0.0101083504228672,-0.0100349188692361
Dnmt3l,-0.0013169297986980887,0.10687800456601322,0.25631626764985116,-0.0800632453228521,0.0066693525258585,-0.0030069251105952
Dnttip1,-0.0009641459372094603,0.854237308548898,0.9114127820347058,-0.2230333262565165,0.0288186572566111,0.0007976917685161
Dnttip2,-0.011807520597723623,0.013656269454561037,0.07279062746887759,-0.3863921839494166,0.0232904939149887,-0.0249003532064056
Doc2a,0.05306308791438495,0.0019090993767010799,0.021309225209085795,-0.3518307209063221,-0.1794388059813066,0.1204448022040455
Dock2,-0.06216724426301846,0.06427615231263832,0.18880279606653227,0.4184672108023605,0.2849025048688798,-0.3155163618958121
Dock3,0.017957931624600153,0.09629286137143252,0.24092150906729726,-0.4251805885157673,-0.0564579585539752,0.042509513552009
Dock5,0.03055978881267683,0.007056524123055177,0.04844593479368029,-0.4040458808994865,-0.0923278876595461,0.1535531498758954
Dock7,-0.04027483924668745,8.792888433063081e-07,0.00011213130974263696,0.4836118389843084,0.033416857223622,0.0335942346146836
Dock8,-0.04175520828777863,0.05907930055540336,0.1800259929110589,0.4289102428009934,0.180981557386424,-0.1633756870392706
Dot1l,-0.014224925690800043,0.0706807737210469,0.2003014593061446,0.1459538043618452,0.0668750856725105,-0.0124295789408576
Dpf2,0.011155951308054286,0.1066608297720621,0.25603618478460644,-0.0880198411313342,-0.0793547437863275,0.0580038027341338
Dpf3,0.027477786626789714,0.0031521052043311276,0.029394677600170165,-0.4177212799453152,-0.0984946199467758,0.0371762476485629
Dpm1,-0.0014637925144394127,0.7639943699663247,0.8519350636625201,-0.4291588864200084,0.0022228282235845,0.0125129387851732
Dpp10,0.01553967401405065,0.32945606810399475,0.5122069471612348,-0.4756552431758262,-0.1088595818162301,0.0439161651305795
Dpp4,-0.00526140005389431,0.5197211326621476,0.6763003820687793,0.3244799228146646,0.0214154465852549,-0.0655694840921679
Dpp9,0.011491461922257746,0.3199855010078259,0.5034688589268723,0.0447558514227123,-0.0226454801167419,0.0265179371319668
Dppa3,-0.0011496951435443364,0.025640806221496604,0.10729594137477783,0.7310122399043019,0.0034945459259662,0.001773155528151
Dpy30,0.003243985075005377,0.6718621709769155,0.78930652559955,-0.3945974233769139,-0.0621220965522477,0.0074213828375713
Dpyd,0.00047357437113465604,0.9472450878221389,0.9661381853687463,0.0768308782756562,-0.0605480395275171,0.0434969501490753
Dpysl2,0.04628679816760978,0.06204793778640385,0.18476738508373966,-0.4478071578461386,-0.2278344424340268,0.0404904467481679
Dpysl3,-0.025423923401679562,0.028530713083555065,0.11477536864291354,-0.1099004796046603,0.0102772411571472,-0.0312417332345478
Dpysl4,0.001736865385697325,0.8662793531810409,0.9173533279170625,-0.2481463317770385,-0.0522208157623279,0.0210800516892641
Dpysl5,0.022855606965615293,0.2591108207137052,0.43925699450336003,-0.4368668386094755,-0.2085342740043251,0.0521803453301321
Drc7,-0.0035923838500304317,0.37322777822830355,0.5523164771518934,0.2078660654965973,-0.0363219778279447,0.0527254823411417
Drd1,-0.00044335882019381725,0.7049917948186988,0.8134335886294923,-0.4025540191853961,-0.004771693012156,0.0055418367685602
Drd2,0.013898417536919805,0.005571112372551129,0.0426060632869315,-0.5206597382175536,-0.0253192683942291,0.01465540368329
Drd3,-0.0018310417337139518,0.002804476425181711,0.027405429587838905,0.0179023405690849,-0.0001662055342827,0.0009097298866452
Drd4,-0.0007104221516214558,0.10510877945431607,0.25370757397146976,0.1103977668426904,0.0002763576852718,-0.0010580430470732
Drd5,-0.00016541739500209067,0.9351936754933279,0.9588789826515509,-0.4584988334637865,-0.0191013937327104,0.0035892709295309
Drosha,0.016216516685388267,0.19254330261479283,0.36620563351285534,-0.3349229548132975,-0.134929903127055,0.0676199538088029
Dsc1,-0.0007982258326042255,0.4318214019499801,0.6049769215454128,-0.3856462530923714,0.0043017527041902,-0.001676934089678
Dsc3,-0.006710063938241292,2.8201987139396615e-06,0.0002438276888102748,-0.0666364898960383,-0.0028101656609625,0.0003040220077661
Dscam,0.042663969221609005,0.0077259067952265064,0.050546343237555455,-0.1869800014993315,-0.1296257694080929,0.0775871862744543
Dscaml1,0.03638904981938417,5.952957039047544e-05,0.0021257669948958704,0.010940319236663,-0.094650623630609,0.0688772260376529
Dsg1a,-0.007808117357195729,0.157108158553619,0.3242288898851501,-0.3846516786163111,0.0185125372259762,-0.0078616549306766
Dsg1b,-0.001416102312586233,0.07475964634361579,0.20770640304944668,-0.1367539904582877,0.0033070369031931,0.0007033656950052
Dsg2,-0.0005925582407839996,0.5948632733163963,0.735255041722059,0.0989601603679973,-0.0050286791329424,0.0097008146726214
Dsp,-0.0029612152962358233,0.06347539371328496,0.1874858038977803,0.0795659580848219,-0.0064123421607311,0.0159669530578697
Dspp,0.00011993361770523194,0.6494358297617373,0.7763703228532042,-0.0559448142783904,-0.001054889323953,0.0012216041561334
Dst,0.006130384001387976,0.7834768561436477,0.8646723157050512,-0.3476037793830659,-0.183655230195296,0.0806230423520126
Dtl,-0.008732998906636237,0.2597420217128221,0.4401807484242876,0.1019438837961781,0.0654528487946298,-0.0502312585526977
Dtnbp1,-0.020534554411906953,0.11838758283421114,0.2731320940919543,0.1273055329357151,0.0760075673307214,-0.0450361915460211
Dusp1,0.022938911994385074,0.08781415385868178,0.2270865910012481,0.0731012239904301,0.1197196343981871,0.0941457230174369
Dusp11,-0.0008014927236672983,0.9027023063029531,0.9370542255700781,0.0402802662804411,-0.0596458979903278,0.0761843746454709
Dusp15,-0.03907283737391657,0.06317813514398005,0.18724065763518674,-0.0452531386607424,-0.1925810423375367,0.1096405092053465
Dusp3,0.007656404676065778,0.43821202214706256,0.6105096466696153,-0.1188516498892028,-0.0246535813843185,0.0129918014894909
Dusp4,-0.01060432858206015,0.009812104293572592,0.0584714299083105,0.0477395748508931,0.0230025068431095,-0.0368361730515217
Dusp5,-0.019840618670593134,0.16524042855042131,0.3346135077553391,-0.0017405053331054,0.1743073967273073,-0.1012982357137822
Dusp6,-0.03410414033678456,0.010688196020861889,0.06174827926009221,0.3466092049070057,0.1041812521762446,0.0420024626811526
Dusp7,0.003826775320378363,0.617227047685728,0.7519012503460496,0.2623190180608973,-0.0748055934883089,0.0203809672384249
Dut,-0.0014792785623884146,0.737786202544491,0.834758115646287,-0.2536164913953699,-0.0200897627369579,0.0005439418685627
Duxbl1,-0.00485587457840813,0.18380769435635844,0.35611488816758785,0.2198009592093207,-0.0156078668647296,0.0124291560956368
Dvl1,0.0051174021951233516,0.5302459934676687,0.6846430662428034,0.1447105862667699,-0.073112660674691,0.1035138386201308
Dvl2,-0.008512188713864213,0.09017128010841882,0.23009689836570507,0.3836571041402509,-0.0251868285997173,0.0366521475039993
Dvl3,-0.006101314922857372,0.31795179513707394,0.5016016140545303,0.3453659868119303,-0.0428935017662055,0.0094913157996749
Dxo,-0.011451023212084284,0.012364669292044519,0.06796570911499902,0.5564644193557237,0.0226796237702012,0.0234716858425323
Dydc2,0.002719153016031454,0.596033233011767,0.7354536820495945,-0.1230785914124589,-0.0403690829991712,0.0311601847920738
Dync1h1,0.010372310871468468,0.2542432348333712,0.4344705999614829,-0.5676533822114017,-0.1007366182289613,0.0475613940672423
Dync1i1,0.032556610030588816,0.08626145944684277,0.22553547136768068,-0.5171787275513428,-0.1092823883229398,0.0509084965210828
Dync1i2,0.0033550459359142377,0.8304436467319176,0.8953906239652317,-0.1133814902708713,-0.1589225232418016,0.1256489197278689
Dync1li1,-0.011952333809051675,0.03678526673165132,0.13489694147962142,-0.3309446569090564,-0.011781831467692,-0.0031831037744727
Dync2h1,0.007499904226833163,0.5365235641520092,0.6891983633189118,-0.2747511990116508,-0.0854362944454526,0.0832792795431206
Dyrk1a,0.0009440915720378418,0.9307644899914396,0.9566451064771979,-0.1979203207359946,-0.0450626128072397,0.0822359604500633
Dysf,-0.04613513222324014,5.404352232075009e-05,0.002051481826985194,-0.0810578197989123,0.0370324172900666,0.0155596965605985
E2f1,-0.006817107562382498,0.5101209638122962,0.669788168959208,0.2043850548303863,0.0848502340299652,-0.069558233602818
E2f2,-0.0187817609786833,0.029935261865248315,0.11809727051402293,0.1974230334979644,0.1028687516369779,-0.0762595402755316
E2f3,-0.00590730852594769,0.13870548510834366,0.3005678332785306,0.2976264119610371,-0.0169370025101893,-0.0093426484745404
E2f4,-0.02334809790815499,0.0323083675406763,0.12475774627175609,0.1912069430225877,0.0820306596108978,-0.0857976476208327
E2f5,-0.0026025660434135047,0.7809976860647864,0.8630565850555623,-0.1941906664507686,-0.0500423468638141,0.0130162875204041
Ebf2,0.023193770576561395,0.16566625753318198,0.33507675641425905,-0.2672918904411988,-0.1065758324389185,0.1281750179735209
Ebf3,0.0530218429299338,0.061890435025189504,0.18440602164923578,-0.3361661729083728,-0.1826205279933124,0.141117771498741
Ebi3,-0.009356890465442538,0.13125272745130218,0.2918570892454631,0.4122511203269837,0.0599586490620361,-0.1075026751680711
Ece1,-0.023693485958750215,0.0023132514853861415,0.023742245124657363,-0.3426309070027645,0.111284973932443,0.0752329476028264
Ecel1,-0.06704574902501566,6.25103017514959e-05,0.0021257669948958704,0.1332729797920767,-0.0419063007062398,0.0882953162862083
Echdc1,0.02526272794236499,0.03543548277514652,0.13145919828074357,-0.4642176367011332,-0.0925079222036617,-0.0207319405291315
Echs1,-0.0009033602600204256,0.9098181431324046,0.9413757298414596,0.4582501898447715,0.0260124754299597,0.0425139429944543
Eci3,-0.0005492020388062196,0.3137039982490673,0.4975759002078645,-0.0402802662804411,-0.0015142271450165,0.0017873056958625
Ecpas,-0.010220328067808591,0.38793896877025746,0.5650704396622168,-0.1621156395978247,-0.0339123479183756,0.0602449524561323
Ecscr,-0.025175517995126923,4.627094046696695e-06,0.00034587370324727656,0.0497287238030137,0.0356835557892617,0.0331378881215763
Ect2,-0.004731043157461046,0.4423676375421276,0.6140183181231,0.0303345215198383,0.0465860659286075,-0.0484371552773816
Eda,-0.005563478643529764,0.03295481295482179,0.12607598072710166,0.2193036719712905,-0.0204962259008069,0.0316942108183088
Edar,-0.002570475995344538,0.01871753745669049,0.08848763537217626,-0.0845388304651233,-0.0027753918910861,0.0021583681531952
Edc4,-3.487132491946873e-05,0.9963540078667037,0.9969403283891831,-0.0599231121826315,-0.0321261109687311,0.0655297392298086
Edil3,0.0935739583870257,0.0013525185039278333,0.017379657463099222,-0.3553117315725331,-0.3136923366217521,0.1185190781284362
Edn1,0.00311424744409878,0.6198604586036358,0.7535529550374515,0.0360533247571849,0.0602556405961889,0.0411632094472771
Edn3,-0.006977810649800773,0.1331493337452543,0.29427848848983634,0.1578886980745686,-0.0523052397720343,0.0609957757544679
Ednra,-0.004411476104928299,0.21583553296352104,0.39250518846592547,-0.0293399470437781,-0.0103127719561475,0.0256724908986931
Ednrb,0.01823865266157145,0.4118912934887493,0.5875545664796827,-0.2073687782585672,-0.1969104847015892,-0.0113977171247419
Eea1,-0.018788731351882287,0.002852836641244007,0.02760532650978946,-0.1837476344521357,0.0545286785648804,-0.0345990862212886
Eed,-0.009547006098945057,0.17041932589516756,0.34055318676367136,0.0934900007496657,0.0677144872255895,-0.0415834394575054
Eepd1,-0.025415570839256964,0.11901480115831507,0.27371257921937114,0.2670432468221836,0.0719263032139269,-0.0102696028457824
Efcab14,0.013109009903732566,0.5415970878547843,0.6936451971745006,-0.3500902155732166,-0.1792567802561575,0.0596479892104175
Efcab3,-0.0006514630663381213,0.26153989626508933,0.4416137076624365,-0.387635402044492,-0.0030686998261535,-0.000923468540764
Efemp1,-0.007916531906674764,0.5941199519833936,0.7346923333496463,0.1200948679842781,-0.0882591442753064,0.2409541291409757
Efna1,-0.0059866735825054845,0.5067790334729656,0.6671173805795091,-0.1941906664507686,-0.0353372791447846,0.0525263140644994
Efna2,0.007857809443621317,0.036261486434253996,0.13364872998636534,-0.3001128481511878,-0.0258223282849487,0.0172639400649346
Efna3,0.016865720056405235,0.3096935813002724,0.49351670047256785,-0.4923143656498359,-0.1453519670444174,0.0803763649742524
Efna5,-0.0026909203674693916,0.715572323774953,0.8207782065824696,-0.3018533534842932,-0.0749601299867275,0.0480750796672653
Efnb1,-0.03958501914103447,0.0009380193048165517,0.013632012746066183,0.3570522369056386,-0.0799746466145757,0.0485460115045328
Efnb2,0.00033343344360896185,0.9799178095360312,0.9875751485480236,0.0377938300902904,-0.1053011650375996,0.1383335779669876
Efnb3,0.07123473781501717,0.020721933568003302,0.09466552975594712,-0.3078208003406549,-0.3258621436108506,0.0940243154613202
Egfl7,-0.004432077030600354,0.652992448338636,0.7782031326178119,-0.3577981677626837,0.0986531013458376,0.0319124696048354
Egfr,-0.04009859737032844,9.316747321476139e-05,0.0027313062118879184,-0.0469936439938479,-0.039910545604279,0.1347155384836053
Egln1,0.018621613102455525,0.03137140646252167,0.12204879782711495,-0.1912069430225877,-0.112821473172204,0.0090621081537305
Egln2,0.012739799807580676,0.15816766318938932,0.32559049633941683,-0.1273055329357151,-0.0541106465396559,0.0493437076759473
Egln3,0.007685933250080309,0.39577465396664957,0.5723976495276097,-0.0939872879876959,0.0627382287944557,0.0122917489415189
Egr1,-0.02822987287540761,0.020041828777837584,0.09293942599613592,0.1989148952120548,0.0048716536642355,0.1239085476557004
Egr2,-0.06734216600525207,7.025905867101957e-05,0.002268300368866271,0.2439193902537823,0.0105845282277554,0.0245262738217937
Egr3,-0.003561591928648658,0.7312344014368742,0.832038073104951,-0.0335668885670342,0.0273644778569417,-0.045394379987248
Egr4,-0.0005910053116968106,0.6372397093552874,0.7657384587564949,-0.4460666525130331,-0.0033982925969069,0.0086223326969166
Ehd4,-0.07048126270054424,7.198924796835229e-05,0.0022951072117910316,0.6255873454419126,0.1100578870595406,0.0424096080642741
Ehhadh,-0.008358340044140256,0.0015138361337197594,0.018308936371584303,-0.2861888054863439,-0.0153527320579377,0.0110758023672919
Ehmt1,-0.014488387306036772,0.009093763502813863,0.055856156161944406,0.3100585929117905,0.0128765371265294,0.0140026248922214
Ehmt2,-0.0012898317829856247,0.8409215326592834,0.902871129887393,0.4587474770828016,-0.0128550836936007,0.0470639776606764
Eif2a,-0.0031729919112613446,0.7468991154666986,0.8399056629331576,-0.2158226613050795,-0.0086031074000412,-0.0197103698474006
Eif2ak2,-0.027937032075015758,0.07891231784310329,0.21431509625887238,-0.0114376064746931,0.1294339044842306,-0.1073982805571229
Eif2ak3,-0.01573984603976713,0.0026636869556114916,0.026370024861760554,0.4124997639459988,-0.004016755816355,0.0459953759599582
Eif2ak4,0.0008231933031382963,0.7936308856377092,0.8715320197162411,0.3003614917702029,0.0187593715425546,0.0027913762996225
Eif2b1,-0.008490637085755332,0.34431557136012947,0.5247546248903557,-0.2797240713919521,-0.0422059626331968,0.0634709908627536
Eif2s1,-0.005303460324127135,0.059339333929381136,0.1803873315695907,-0.0726039367524,0.0070864897234558,-0.0086137601713892
Eif2s2,-0.0041770392055068195,0.5836889263886051,0.7283850840056038,-0.2372060125403754,-0.0165011638904727,0.0257941549731526
Eif3i,-0.009677680774819734,0.212618734624086,0.38831656473951404,-0.0571880323734657,0.0541168125271414,0.0005390025262401
Eif4a3,-0.012508051142793762,0.015201413639056091,0.07848422163241409,-0.319009763196333,0.0259506472218089,-0.0017083466661096
Eif4e,0.006433751751871519,0.654793095278874,0.7791228315879487,-0.6002256963023757,-0.0574320050236886,-0.0777396549101325
Eif4ebp1,-0.006107192395776758,0.006334585330069993,0.04575664490857899,0.333182449480192,0.0032566832594567,0.0115104934680034
Eif4ebp2,-0.017939671572660118,0.061755755728810466,0.1843277413532254,0.4761525304138563,0.0583661157694251,-0.0651359450139137
Eif4enif1,-0.00485338662592516,0.6146672184578047,0.7507669579596052,-0.2290007731128782,-0.0552443277720019,0.0741039163289143
Eif4g1,-0.006887174865014307,0.3338781596606253,0.5167995385407959,0.1315324744589713,0.0164892384138701,0.0629677258885474
Eif4g3,0.00980087915910727,0.1663639126350647,0.3355530774252526,-0.2255197624466672,0.0239050784249246,-0.0097478919064648
Eipr1,0.014234248026612027,0.0799970276164579,0.21590732162515966,-0.485600987936429,-0.0329645645709746,0.0492764149063846
Elac2,-0.0006844279120034964,0.8960053717789306,0.9341157378122535,-0.4530286738454551,-0.0318090824240645,0.0443000587422669
Elavl1,0.006641769199181879,0.28810829364695295,0.47033287827440096,-0.0333182449480191,-0.0580130124502726,0.0321187921477039
Elavl2,0.02928054423424639,0.1131078228205859,0.26649561395279847,-0.5241407488837646,-0.1611899982586151,0.0348154757278751
Elavl3,0.050441559986789654,0.009715505195267324,0.058304461177716024,-0.5532320523085277,-0.1741362672874176,-0.0116162763917377
Elavl4,0.013345557083024233,0.32123107769217285,0.5044949899346594,-0.5440322384049702,-0.1243203229332385,0.0180423470480247
Elf2,-0.01173861845572385,0.11084269821624687,0.2626831581022826,0.3423822633837495,0.0409076403407286,-0.0491969153214566
Elf3,-0.001090767106725359,0.1258531205762271,0.2838826897423652,-0.1188516498892028,0.0040716455387509,-0.0001294367442954
Elk1,0.0031898214775640163,0.6215114155807128,0.7543016252384525,-0.2692810393933192,-0.0176601117902701,0.0541678689056734
Elmo1,0.021309582537734198,0.16992145143070708,0.33990953872472035,-0.0947332188447411,-0.0901297916402885,0.0720375121802601
Elmo3,-0.0026837825791875894,0.2728565821085971,0.4542563398616037,0.8202752991307114,-0.0022004826158799,0.0205939700541322
Eln,-0.043738875684882945,0.09739844294173557,0.24223766818419948,-0.1238245222695041,0.0910533875652592,-0.1682047080320162
Elob,-0.006378777717109,0.36395670235423816,0.543962243981532,-0.1867313578803165,0.0602331947714337,-0.0306254668623161
Eloc,0.003931821066109998,0.6715599820716971,0.7891332569794349,-0.3630196837620001,-0.0613571140775008,-0.0066648111290887
Elovl1,-0.023889014068960497,0.018958376923747855,0.08909026001134925,-0.4246833012777372,0.0137843196232796,-0.0254215003459967
Elovl4,0.031233127394119986,0.03672762331296782,0.13487948633509636,-0.4164780618502399,-0.1061260704964663,0.0102435150848956
Elp2,-0.004633099213717097,0.347301294532539,0.527875988205819,-0.1683317300732014,-0.028957086475544,0.0425391069091362
Emc1,0.00661490469261614,0.29524186278292247,0.47906691242376465,0.3306960132900413,-0.0384703852347252,0.0589511023320388
Emc10,0.014972800898839967,0.16085724848304367,0.3290027363720953,-0.0591771813255863,-0.0352348692558879,0.0061805521360427
Emc2,0.011603522834755037,0.11133395731995736,0.2632890664298111,-0.5410485149767893,-0.0442109803419321,-0.0120631029592532
Emc3,-0.009999677011265161,0.1308202329667567,0.2911492183086501,-0.0999547348440575,0.0145650640055154,0.0225991357410573
Emc4,0.027124224559516068,0.0768136040654136,0.2106592442675671,-0.3980784340431249,-0.1203902014480966,0.0953046938009412
Emc6,0.015034817403252881,0.015414294449929268,0.07939482035676376,-0.2777349224398316,-0.0464218761513939,0.0174735454847039
Emd,-0.006280639091422584,0.2302236149482232,0.40886053244489695,0.1837476344521357,0.0495665944643909,0.0202934236843435
Eme1,-0.003483363047566103,0.3796945478377487,0.55958119574332,0.0959764369398164,0.0350874606349439,-0.018479265129611
Emilin1,-0.04824938692189812,0.03241277036924567,0.12506621910251298,0.3361661729083728,0.1919712222517539,-0.087235955084167
Emsy,0.005774224622569786,0.298244454626502,0.48174318019309265,-0.0017405053331054,-0.0579559173060084,0.0535359541083386
Emx1,0.0004477461259242416,0.2570237768725097,0.4370999214932182,-0.1151219956039767,-0.0001450115115186,-0.0014022007085488
Emx2,-0.00012258933413905742,0.6876117040429406,0.8000700963328101,-0.4846064134603686,-0.0002179978300509,0.0006690458703076
En1,-0.004292384789144238,0.028909473991105824,0.11553242714382102,-0.4681959346053743,-0.0057847002583136,0.0029939420114865
En2,0.0005683404943081675,0.870167249327551,0.9195614540749613,-0.2394438051115111,-0.0235660926224265,0.0067297397788135
Enah,0.029051196129124615,0.031492355963445476,0.1223476829927916,-0.4433315727038673,-0.1059893159399909,0.0558909032335164
Eng,0.03498763324716394,0.0061435983903316204,0.045026573834887354,0.0226265693303712,0.0322811127778608,0.1018568067632013
Eno1,0.009414393030618383,0.23702412086417354,0.41562737728709154,-0.2280061986368179,0.057708909445499,-0.064055023403039
Eno2,0.0717766284301836,0.004310036096483209,0.03598280544707177,-0.3207502685294385,-0.2293320774984901,0.0907021885653258
Enpp1,0.0292428233356582,0.04252055640066012,0.14645331411192927,0.4460666525130331,-0.0446020972443683,0.1285605899161322
Enpp6,0.027157848003521216,0.3454656272703608,0.5257220061772405,-0.3356688856703426,-0.2379917539454314,-0.1682371848759403
Entpd1,-0.049568980541953356,0.04588681592523151,0.15399253160171442,0.3095613056737604,0.2191975638151524,-0.0793046403899211
Eomes,-0.006780494223700975,0.0006120293202349799,0.010371965323982168,0.3620251092859399,0.0074076207873462,-0.0203755864393022
Ep300,-0.013237033170577544,0.0683918980986934,0.1953343069436926,0.1670885119781261,0.069294748818018,-0.0347520755798116
Ep400,-0.0020071552012424295,0.7044021868123745,0.8134335886294923,-0.1136301338898863,0.0064073235853103,0.0127882258404734
Epas1,0.011758995276577769,0.37287309104218225,0.5521119411919221,-0.3565549496676083,-0.0579064443033661,0.1172080875681516
Epb41,0.000193985085581499,0.980494969121708,0.9875751485480236,-0.3861435403304015,0.0816352793279804,-0.0858751403711821
Epb41l1,0.06212280093835486,0.0054038960251808574,0.041702380672386616,-0.5268758286929305,-0.1865239800374274,0.0343062470193538
Epb41l2,-0.025743761122599986,0.14037956070484264,0.3021418308672584,0.0295885906627931,-0.053237506500679,-0.1309211363213228
Epb41l3,0.02818491550353402,0.04625702507262019,0.154711167317382,-0.550994259737392,-0.1349167541115012,0.0184619753701533
Epb41l4a,-0.009699037795800692,0.04721104342079749,0.15648052793339048,-0.1924501611176631,-0.0388121484835527,0.0156956037815089
Epb42,-0.0007135611276062304,0.1425980687594075,0.30549884449463993,-0.0425180588515767,-0.0060638876861971,-0.0011182578388978
Epc1,-0.004381436997437231,0.7020347628727973,0.8118520347799,0.0748417293235356,-0.0783181631289002,0.0909569073644982
Epc2,-0.009219941922059594,0.09738749646386816,0.24223766818419948,0.1084086178905699,-0.0215062698983438,0.0500610819125084
Epcam,-0.005637572580103583,0.20503561094568976,0.38073776899671036,0.6382681700116811,0.0663026317274555,-0.0659188459065047
Epha1,0.0011689718233632036,0.4967766534785182,0.659224169977607,0.1442132990287397,0.0037110211751097,-0.0053432251125157
Epha10,0.05538065676936401,5.450162041136356e-05,0.002051481826985194,-0.3513334336682919,-0.1216478327312663,0.0327404902675112
Epha2,-0.0025177223024224135,0.5230047178406301,0.6784426659765549,0.0795659580848219,0.0126524079807551,0.0128627837973578
Epha3,-0.019252748085379648,0.03861836263819421,0.1390206547758847,0.170569522644337,-0.050639475794785,0.0804900042021001
Epha4,0.014524564281636083,0.15060132511092766,0.3160769369691793,-0.3287068643379207,-0.0886284977193395,0.0525829722587833
Epha5,0.08932929079750081,2.39238464588695e-05,0.0012203554078669332,-0.3839057477592659,-0.1568009844314916,0.0640354028005438
Epha7,0.012693542509399414,0.16647260686054222,0.3355530774252526,0.3182638323392878,-0.0664229315177525,0.0890454839843318
Ephb1,0.0399659996507586,0.009621502992356977,0.05787651741039261,-0.3669979816662412,-0.1715739020135259,0.0185615305613632
Ephb2,0.006164736029894375,0.32254238702215055,0.5058492807573765,-0.2638108797749878,-0.0358501213809793,0.0468197720011421
Ephb3,-0.01195983873509272,0.014476638410002874,0.07566120136211542,-0.1479429533139658,-0.0174463432838686,0.0320238518798055
Ephb4,-0.021312998909966033,0.04068327848582326,0.14339677353803965,0.1563968363604781,-0.0969886405566259,0.176737968421682
Ephx2,0.01455313576725597,0.0012207675436899318,0.01638719800095353,0.2217901081614412,-0.0239342543467082,0.0565556164514453
Epm2a,0.011514503066340217,0.2538487341811149,0.4342328615217529,-0.0271021544726424,-0.1227859043208088,0.0648800085711595
Epn3,0.005006714100602972,0.411956897893491,0.5875545664796827,-0.4306507481340988,-0.0453765604577018,-0.0141953269474553
Epo,0.00016036063054774592,0.5496871643827141,0.6983264617770737,-0.0663878462770233,-0.001202714269419,0.0001566055629408
Epor,0.00782563687729711,0.0456419966278327,0.15347384627460423,-0.2705242574883946,-0.0367639340961496,0.0372153170363172
Eps15,0.024734890635535495,0.13540527936959376,0.29641669318896036,-0.48957928584067,-0.1313838193687613,0.0098496914523953
Eps15l1,-0.016406922792146148,0.009799606798701633,0.05846525646804331,-0.1094031923666302,-0.0014993958399455,0.0353897285302151
Epx,-0.0006370115580174846,0.5824755074114852,0.7273457927309636,-0.2347195763502248,-0.0058400571327215,0.0005462763532466
Erap1,-0.02470729644595226,0.01728946625217973,0.08455759094186845,0.1929474483556932,0.0964588586360955,-0.0477849317358119
Erbb2,-0.04240658417276472,4.622632030382519e-06,0.00034587370324727656,0.2108497889247781,-0.0405015244473705,0.1060651095561185
Erbb3,-0.038568674610854475,0.03570116318306359,0.13215648287141318,-0.2185577411142453,-0.1622144108030364,0.0932402374052467
Erbb4,0.02331933327942437,0.123654712623374,0.28021443318162187,-0.2968804811039919,-0.1366465845113551,0.095524431137145
Erbin,0.015056422476294372,0.24379808416931875,0.4232859180897532,0.0151672607599191,-0.0242632138889247,0.157715240644944
Erc2,0.021817475869368424,0.18069450174672574,0.3528116129423077,-0.3510847900492769,-0.1063030715960499,0.1230033239013844
Ercc1,0.002047242582023752,0.660858248203457,0.782143369857502,-0.2307412784459837,0.0096238023973845,0.0456829646764719
Ercc2,-0.0018071788783795195,0.4755104568269467,0.6415178101756823,0.2108497889247781,-0.0134012580665728,0.0398103741146085
Ercc6,-0.008285601843215955,0.15978379163500295,0.3273321771607028,0.503751972124529,-0.0204177882917195,0.0607355828265387
Ercc6l,-0.0036710591967329814,0.23669512146504693,0.41562196715772953,0.2046336984494015,0.0235881730501286,-0.0108158939572034
Ereg,-0.00015353698985072272,0.8015153679365286,0.8766144708070824,-0.1715640971203973,0.0029609945896293,-0.0007102054192044
Erg,-0.01177427363289634,0.02325470925744566,0.10103922232630937,-0.4982818125061975,0.0232342012348362,-0.0056195882041356
Erg28,-0.007584264204051937,0.35394857926522005,0.534485406403756,-0.4813740464131729,-0.0245106875985418,-0.0381062965819022
Ermn,0.08143403366145706,0.01784430875717423,0.08583679154608008,-0.5082275572668002,-0.2514161076419285,0.0417262565247154
Ern1,-0.01665493276315341,0.12261999036706335,0.2788829351250675,0.4644662803201482,0.0969148821570747,-0.01934278913984
Ern2,0.0026782992545400825,0.012685740916166616,0.06906079446463811,-0.3006101353892179,-0.0003138301073015,0.0050433038606532
Ero1l,0.004868435320393431,0.4725688071664902,0.6380554487443796,-0.2727620500595302,0.0653159387929815,-0.0042820282428008
Ero1lb,-0.0020738975384475876,0.7723867110581955,0.8580018756767976,0.5228975307886893,0.0205070048255963,-0.0499910775642372
Erp44,-0.00773766024263651,0.23497830502942138,0.4138896180784111,0.1325270489350316,0.0317958955354027,0.0072220885013083
Esam,-0.004694265694663122,0.5727576241689127,0.7189066537612263,-0.0837928996080781,-0.036530407050644,0.1066891878046349
Esd,-0.007929163743508947,0.3820299698114582,0.5607870146786326,0.1089059051286,0.0920673011463174,0.018854522139071
Espl1,-0.014835054808502824,0.24767997625788588,0.42798630043749186,0.2212928209234111,0.1317156330049123,-0.0810264571260632
Espn,-0.001260905858403692,0.23559712684535933,0.4144072220821303,0.2896698161525549,-0.0016867782690264,0.010119799044536
Esr1,-0.044139048200589816,8.3923317748866e-07,0.00011213130974263696,0.1283001074117754,-0.0369413626212524,0.0354037261921554
Esr2,-8.47707982241697e-05,0.8986196950469236,0.9350997683464621,-0.1730559588344877,-0.0011270946445453,0.0022888900134005
Esrra,0.012119774469662586,0.0076011979648740995,0.0501293907813114,-0.4177212799453152,-0.0282302566762708,0.0233827449196685
Esrrb,0.0066916037438403,0.09566981617563788,0.2400391925592527,-0.3431281942407947,-0.0262460030793415,-0.0025010082711548
Esrrg,0.03408523722870852,0.007287348297806241,0.04897597321094813,-0.5171787275513428,-0.1200105561577744,0.0012174655659444
Ess2,-0.004170992882968755,0.31818216808530786,0.5016016140545303,0.4184672108023605,-0.0069393414932868,0.0302916884272999
Esyt2,-0.019599696913600244,0.023039165038487297,0.10079140725670986,0.1392404266484384,-0.0052780014502267,0.0837315748753884
Esyt3,0.005773163473695042,0.1807286305858165,0.3528116129423077,0.0467450003748328,-0.0260399015252858,-0.0005073630631113
Etfbkmt,-0.005133932436182336,0.1147009614764405,0.26801418308495534,0.5534806959275428,0.0032888050243281,0.0373251128728209
Etnk1,0.024399247058405456,0.3393919581605287,0.5202038397166036,-0.3916136999487331,-0.2029512213620405,0.057901097023377
Etnppl,0.04605213673757177,0.10349338817648282,0.25197511946368417,0.130537899982911,-0.1188514583223991,0.3244999890404325
Ets1,-0.02797789766256816,0.22859500208829983,0.4072871483242813,0.2041364112113713,0.2136615907590102,-0.2741217940831502
Ets2,-0.0028059359432877377,0.8146374206009105,0.8851172552830853,-0.4124997639459988,0.0569373145468898,0.0399746706474744
Etv1,0.035639255736600074,0.010344091085851355,0.060859525523561435,-0.3207502685294385,-0.140132155978387,0.0977135108407939
Etv2,-0.0009158435967422405,0.017026719984403603,0.08375438634565359,-0.1909582994035727,-0.0001284426737132,-0.0001528916407612
Etv3,-0.012321770400652417,0.14159053674197025,0.3041066643877012,0.3602846039528344,0.065517811072847,-0.0452061548031782
Etv4,0.00290970519444024,0.4081544988869602,0.5848303648377483,-0.202893193116296,-0.0043754145192691,0.0136133835903187
Etv5,0.0022674542128799176,0.7999970965612657,0.8755170970948329,-0.4696877963194646,0.0261098070465894,-0.0752289601084399
Etv6,-0.03280349351850256,0.06387568361544471,0.18801982624067134,0.152169894837222,0.2106790835049121,-0.1091020829220792
Eva1a,0.019241774767236763,0.22388833471285777,0.4021947943056208,0.1188516498892028,-0.1462071050360384,0.081837759797143
Evl,-0.011487083622051817,0.27381283841487236,0.4551056659349182,0.3535712262394276,0.0271205215023004,-0.1101836875520374
Evpl,0.004134712629765202,0.05966470670091493,0.18073020717420846,-0.3192584068153481,0.0061966694209163,-0.0026250106626845
Evx1,0.004221975902534192,6.049106336339824e-05,0.0021257669948958704,-0.3520793645253371,-0.0009256217147281,0.0001829758684848
Evx2,-0.00012579920349990487,0.830155763136124,0.8952694604138199,-0.6104200846819935,-0.0011984047368245,-0.0002532763114234
Ewsr1,0.002109020551912529,0.8282514709980008,0.8939718056624634,0.1275541765547302,-0.0110972462378937,0.0843925513380832
Exoc3l2,-0.0010088856618808005,0.39062329491887327,0.5676835975444936,-0.3883813329015372,0.0020961368062985,0.0027764709179735
Exoc4,0.0025598103639711874,0.705172721885462,0.8134522963224201,0.214082155971974,-0.0701277153507275,0.0645525706466005
Exosc9,-0.005291855297088923,0.34395750960576565,0.5244204095669049,-0.2643081670130179,0.0501916774971314,-0.0379480622796869
Exph5,0.0009529239032666445,0.48494593612839054,0.6499919323817347,-0.3170206142442125,-0.0151808599854362,0.0048521285238768
Ext1,-0.04418704767769369,1.578373231605892e-05,0.0009046384106091747,0.0733498676094452,0.0650190631552783,0.0243397509765288
Ext2,-0.006997257021256295,0.19268690851764433,0.36620563351285534,0.3466092049070057,0.0420188488062351,0.0063359552434407
Extl1,0.017079978841401628,0.036905483847701336,0.13504653737957284,-0.3269663590048152,-0.0982454940927844,0.0319826062030925
Eya1,0.0021535594811995726,0.7201936204962605,0.8242557007295097,0.2665459595841535,-0.0337574999823537,0.0887729452246851
Eya2,-0.04748310326070684,0.004415283710050938,0.03631799286440116,0.2018986186402357,-0.0827006666944418,0.1475982558782571
Eya3,-0.0038077259539820735,0.5359000422920039,0.6889473730575664,0.2476490445390083,0.0418326994964791,-0.036187761263509
Eya4,-0.009694138365112773,0.031768001052133385,0.1232876833115495,0.645230191344103,-0.0030722967956093,0.033202913064936
Ezh1,-0.0016732505857569764,0.8710070540530122,0.9196958081498309,-0.1404836447435137,-0.0699327444557744,0.0516376111224201
Ezh2,-0.009543859447343112,0.0715948848020816,0.2017709985499548,-0.1494348150280562,0.0384397759700296,-0.0500888694228015
Ezr,-0.09013847438559433,0.00048735017434137006,0.00886538826996395,0.2551083531094604,0.2612497386419357,-0.0476055827926954
F11r,-0.02568682853364246,0.0041098420634789355,0.03499883867413364,0.4415910673707618,0.0393827665711006,0.0457156306942011
F13a1,0.025271195895522177,0.6206077161307435,0.7541019437786858,0.2986209864370974,0.620074119975566,-0.1682244529139454
F2r,0.011429184561888397,0.02114835589357697,0.09572117427962389,0.2710215447264247,0.0366769226823561,0.0248301323741236
F2rl1,-0.004114930546021953,0.06687627118223483,0.19262329717706372,0.3627710401429851,-0.002902503482314,-0.0040102465794917
F2rl2,0.024127496608432508,0.021228634450079213,0.09596266553857037,-0.4067809607086523,-0.037866545619199,0.0886085871752742
F2rl3,-0.0007769288781792969,0.4268635215395511,0.6003393502545492,-0.0743444420855055,0.0054616218939599,-0.0051719972178721
F3,0.023946342956889282,0.048922847682078136,0.15946034889858185,0.152169894837222,-0.0685400805139604,0.1171585278147057
F8,-0.0014842144465055907,0.605641437118398,0.743353457829872,-0.2021472622592507,-0.0141002908561878,0.0144959613807089
F9,-0.002106653259145714,0.018358349378076493,0.08760144076479719,0.5335892064063372,-0.0005326466202572,-0.0054490328115055
Faah,0.02121075377998986,0.13190156175698317,0.292534724574944,-0.4013108010903207,-0.1462456242064475,0.0166638752954917
Faap100,-0.014181371455749868,0.009955393762369402,0.059118118255932856,0.4525313866074249,0.0363843948429651,-0.0041836007605933
Fabp12,-0.0009821559478784487,0.24914041883476817,0.4294100357671024,-0.0708634314192945,-0.0035132456276052,0.0043177656741039
Fabp3,0.029885915446526946,0.02147044983592092,0.09666439948193523,-0.3113018110068659,-0.1138624817480467,0.0838598677980491
Fabp7,0.010424416223031878,0.6599470326804241,0.7814275333572059,0.2304926348269686,0.036155547835744,-0.3664729920780551
Fadd,-0.02473134386769341,0.08843532855175876,0.22780277942196858,0.4080241788037276,0.1264918147259333,-0.0476093980027689
Fah,0.03223715854119232,0.025974394817159983,0.10815950037741474,-0.0149186171409041,-0.1838140274795443,0.1653909909039539
Fam104a,-0.006545381921541405,0.05685898860750116,0.17599375053814528,0.282707794820133,0.0070822269447509,-0.0032444408789146
Fam107a,0.042551052554648146,0.052193779451819584,0.1665255430418051,0.1623642832168398,-0.129057892624129,0.2773862193874465
Fam107b,-0.04083391774296716,0.02321650856502252,0.10103922232630937,0.1036843891292836,0.2217029231411689,-0.2389593362965302
Fam129a,-0.0752139871768566,2.530039143177953e-05,0.00125651792138447,0.4147375565171344,0.1591479346943859,-0.0911547427728445
Fam136a,-0.0033987916314817544,0.634705880806949,0.7641337498221021,-0.1762883258816836,-0.0443012814716716,0.0092554412846949
Fam13b,-0.0024272223802143432,0.8271404742047161,0.8933397329913735,-0.2399410923495412,-0.0878991280861343,0.0546844519573443
Fam192a,0.009452818725620208,0.05123744637356987,0.16437875091294335,0.242676172158707,-0.0414593181340565,0.0348384015518573
Fam20a,-0.018779638789108762,0.04314806443994238,0.1473513258924137,-0.365754763571166,-0.0313175665098579,0.0737226226122189
Fam20c,-0.01732248278174713,0.5093426079621144,0.6690754860239008,0.6136524517291894,0.1457192863338441,-0.022828535134739
Fam210a,0.009613914466177731,0.4783067785892664,0.6435882030028615,-0.1710668098823672,-0.1008642562976388,0.0159667626524231
Fam210b,-0.00519173754922965,0.18823890617045574,0.36152359200884593,-0.0952305060827712,-0.0141245024636854,0.0031803009878748
Fam214a,0.021591776457441283,0.2766556099713849,0.4575941201245247,-0.1735532460725179,-0.1457323602900444,0.0896126300741543
Fam49b,-0.014343889510290904,0.29822159179125574,0.48174318019309265,0.0701175005622493,0.1389775975911726,-0.0901710114638532
Fam83d,0.03293728037499491,0.0023220570089566408,0.023784764664031777,-0.0825496815130027,0.0240042909341181,-0.0312220424025866
Fam92a,0.013558451643083252,0.24840136509810576,0.42870710242891685,-0.3871381148064618,-0.097662602275608,0.024918950587882
Fancc,-0.007045654195148295,0.13558187056405327,0.29641669318896036,0.0852847613221685,-0.0375070605769147,0.03225952102489
Fanci,-0.0021910700887005034,0.15851310015853842,0.3258837049293784,0.0885171283693644,0.0117306879404851,-0.0040426681822083
Fancl,-0.006418652525872001,0.0006855776353692541,0.011209240369554096,0.4788876102230222,-0.0048433960153723,0.000443009218588
Fap,-0.02620171756983995,2.4902058274634486e-09,9.771184558377732e-07,0.4264238066108426,0.0092840313426223,0.0064999644982707
Far2,0.005049165071226754,0.33415889167449875,0.5167995385407959,-0.4224455087066016,-0.0356541119032883,0.0269852527807
Fas,-0.005243584698127892,0.7008635740902471,0.8110492494179561,0.1332729797920767,0.1295575039645895,-0.0052703262519142
Fasl,-0.008831044585877502,0.15101281777033085,0.316423966592153,0.177531543976759,0.0744755878367357,-0.0476256114530114
Fasn,0.0389626759556673,0.06055154261163276,0.18224999743040757,-0.5771018397339743,-0.1513710394057006,0.028814817697663
Fat1,-0.02157544565452692,0.16523860888518302,0.3346135077553391,-0.1571427672175233,-0.1194884385671106,0.0830104093990704
Fat4,0.020119862665241742,0.20701020184093155,0.3827685129116848,-0.2277575550178029,-0.1113739113869893,0.1233505086757494
Fbh1,-0.0047282601669764385,0.45114485872107823,0.6209632823357312,0.2063742037825069,-0.0781642203231247,0.1401453607356368
Fbl,-0.018526936166246722,0.10241536053387913,0.25032139630249994,0.0268535108536274,0.0681827738314123,-0.0122337532356188
Fbln1,0.0036737916963476835,0.9061366183459032,0.9387089541394095,0.6807862288632579,-0.0819854829420345,0.2991642703527657
Fbln2,-0.0982793637467433,0.004010702037723127,0.03473445007542559,0.4224455087066016,0.2525751352451422,-0.0318640512433572
Fbn1,-0.07426543841576368,0.005713777613175574,0.042905675023620825,0.1586346289316137,0.2604425617697701,-0.1117164181158039
Fbxl12,-0.009454867177197304,0.1951259284531688,0.3693274066937344,0.3431281942407947,-0.0647912188405298,0.0873278174599052
Fbxl13,-0.0008022523824451763,0.3872356267995648,0.5648415747305792,0.0263562236155972,-0.0077275352831123,0.0058286049712681
Fbxl16,0.014477682489489567,0.008253615787513364,0.05230024115789524,-0.2483949753960535,-0.0314041272864648,0.0250168934319767
Fbxl17,0.00666787696039285,0.5953363098852573,0.7354536820495945,-0.2068714910205371,-0.0991282484739046,0.063080226848882
Fbxl19,0.012900364640417338,0.05883765918819422,0.17993459203775702,-0.1531644693132822,-0.0329687682403436,0.0098932030525376
Fbxl20,0.012520757348095664,0.13431941999028332,0.2956181004564408,0.2638108797749878,-0.0590413066992272,0.0409483029237197
Fbxl3,-0.00010057140136594095,0.9957113658016314,0.9964927755452466,-0.1228299477934439,-0.0961070961573533,0.1146677103014524
Fbxl4,0.012934503729030773,0.18252271447950058,0.35509091020592387,-0.3006101353892179,-0.069306850931283,0.0380315541346426
Fbxl7,-0.0123327291904676,0.003946267837515808,0.03423454462443561,-0.043761276946652,-0.0282541690174968,0.0364086276381187
Fbxo11,-0.002167915615371217,0.8855462101481893,0.9286107491935957,-0.2588380073946864,-0.0877684955016698,0.0573832478638418
Fbxo17,-0.012093511910011977,1.6540850868585666e-05,0.0009374986697850609,0.517924658408388,0.007112039294142,0.0333996543723242
Fbxo2,0.04336986167271472,0.005268595784230901,0.04096815106000278,-0.4667040728912838,-0.0974515451871338,0.0270205853613909
Fbxo21,0.03916630553317748,0.05666121345792392,0.17591530727259277,-0.4072782479466824,-0.1657022733912265,0.0792400068554859
Fbxo3,0.007390151512395836,0.667954422572919,0.7876180096034351,-0.3090640184357303,-0.1458989539223889,0.109004142909123
Fbxo31,0.04863289702846915,0.003545412588886777,0.031896207435469934,-0.5703884620205675,-0.0923250902158463,0.0023242565700063
Fbxo32,0.002069654346494989,0.8297727444184518,0.8950456268298843,0.2178118102572001,-0.0280473823848217,0.0170617053254543
Fbxo33,0.031126442868674987,0.0029937246383328186,0.02836390450592807,-0.2799727150109672,-0.1119054476463585,0.0441437551466787
Fbxo4,-0.0076385106816061945,0.0221411003127219,0.09863908532331389,0.532345988311262,0.0143596344597203,0.0197656668854797
Fbxo41,0.03857256628793915,0.003002648193138827,0.02836390450592807,-0.4614825568919674,-0.0863397292313957,0.0380940551473553
Fbxo5,-0.008492864538143168,0.0865137879429282,0.22592508369216316,-0.0487341493269534,0.0240512303798224,-0.0109563076431715
Fbxw11,0.005810090945476334,0.5013448172600242,0.663043793840649,-0.3839057477592659,-0.0335843867216876,-0.0004309496610124
Fbxw7,0.01211070549321384,0.1201240493013213,0.27514718252628645,-0.529113621264066,-0.0682706073158663,-0.0131819837112081
Fcgr1,-0.04931157639148135,0.14389409598184427,0.30724310741037575,0.2759944171067262,0.3653207250172694,-0.0969082623113291
Fcgr2b,-0.05846539597946269,0.3572808130037316,0.5379248604285818,0.4338831151812947,0.7272911614160675,-0.3018907448157195
Fcgr3,-0.04131369607259949,0.37308700255011407,0.5522683691259813,0.4749093123187811,0.4726696073305105,-0.2109283477508408
Fcgr4,-0.019229927582376256,0.7226863478359353,0.8256266652432488,0.2068714910205371,0.6365097267776179,-0.2079831343221133
Fcgrt,-0.010880306826855654,0.49369364659265336,0.6561348684120117,0.6601488084850072,-0.0638842788364266,0.0856162367345911
Fcmr,-0.02259806967726513,0.3572388718715417,0.5379248604285818,0.4478071578461386,-0.0005526864302335,-0.227580933156488
Fcrls,-0.03203507769530188,0.1146866478575629,0.26801418308495534,0.7643304848523209,-0.0169264691450647,0.370654131333639
Fdx1,-0.0018516985962944979,0.734324873033519,0.8331386070604939,0.0678797079911137,-0.0304824284342378,0.0809566154521764
Fen1,-0.01161140526728394,0.12469069484045452,0.28168610911477343,0.1292946818878357,0.0757262798569654,-0.0095324004421628
Fermt1,-0.00027641991556633105,0.4541188617673275,0.6241945028852534,0.1248190967455644,-0.0012316391797133,0.0022179707249913
Fermt3,-0.05157913548808449,0.1354576201531532,0.29641669318896036,0.4400992056566715,0.374509390409669,-0.2149559795689235
Fezf1,-4.98424633724698e-06,0.9905966209245542,0.9933228549903974,-0.3781869445219193,-0.0006085734839922,0.0006316739442387
Fezf2,-0.000771437798102782,0.18036581309029573,0.35237304196614266,-0.0188969150451452,0.0015672224293053,-4.887607094137235e-05
Ffar1,-0.005083699890162288,0.3923315892503485,0.5696548814323062,0.5015141795533934,0.0053621998738581,-0.0442877434321755
Ffar2,-0.003949223270849396,0.6173934668423392,0.7519012503460496,0.0034810106662109,0.0939627493984981,-0.0479340978959193
Ffar3,-0.0002973267408542655,0.2659721474601098,0.4468787629097562,-0.4423369982278071,-0.0005765187996612,-0.0008310079974348
Ffar4,-0.0018350467045033677,0.016857622490740562,0.08340517199347003,0.3304473696710262,0.0046787212836979,-0.0091561362311924
Fga,-0.002233985474251109,0.07519066164877941,0.20846353774897958,-0.5139463605041469,0.0040131810074969,-0.0007364543984768
Fgb,-0.004604914691936209,0.02692305415459789,0.11049611659795433,-0.2986209864370974,0.0137891567201071,-0.0005564113356566
Fgf1,0.027998990857885077,0.06731076964071295,0.19322016653757837,-0.5124544987900564,-0.2111243588555316,0.0393053937238245
Fgf10,0.010209205458065484,0.02259235046165135,0.09943363218712988,-0.2638108797749878,-0.0293181564524631,0.0151010077516192
Fgf12,0.059733813682719406,0.02927657579044441,0.11635717725941784,-0.4592447643208318,-0.2446948658615886,0.0657190480030689
Fgf15,-6.037249216961202e-05,0.7831316152753192,0.8646654479479228,-0.2071201346395521,-7.533332517596159e-05,0.0009717070649857
Fgf16,-0.001403899891785091,0.19358067758594522,0.3673567843623164,-0.482119977270218,0.0011684736744519,-0.0039209159176271
Fgf17,1.6249755098173523e-05,0.9753272346681416,0.9844899718236028,-0.2048823420684165,-0.0018792515975927,0.0014573069622489
Fgf18,0.0020980668768512886,0.7356794946762177,0.8339335782985303,-0.5047465466005894,-0.0522235997273741,0.0293320774622483
Fgf2,-0.026809908311759705,0.0042213916139846675,0.035474989494128153,0.4179699235643304,0.0605106253455726,0.0672401098249684
Fgf21,-0.00013484785022011835,0.8027239163525349,0.8775599437021605,0.1345161978871521,0.0016409836285829,0.0007214426171574
Fgf22,0.023551082208904697,0.006480711995595661,0.04610615326294765,-0.1802666237859247,-0.0624700588095836,0.0589758928628507
Fgf23,-0.00010750129182052284,0.7944763559459951,0.8715320197162411,-0.2359627944453001,0.0012493657440394,0.0010614851076032
Fgf3,0.0015227814639742657,0.4229767107171386,0.5963527366965516,-0.4940548709829413,-0.0050913603906071,-0.0014683159967186
Fgf4,-0.0063876447553568695,0.0008255686032273737,0.012467783073496146,-0.141229575600559,-0.0076421815913404,0.0093273639068998
Fgf5,0.000952331110913188,0.5375716781453743,0.6898498440803911,-0.3640142582380605,-0.0101590915565015,0.0037816902384867
Fgf7,-0.02331741941025466,0.0001266712129170265,0.0034688366552638075,-0.2986209864370974,-0.0225994962051211,0.0297382873832758
Fgf8,0.00012177395622299276,0.5869897540314257,0.7304793206426696,-0.1946879536887987,-5.3028666185063814e-05,-0.0008447271804424
Fgf9,0.010821765176248563,0.01637967849283754,0.08199483806865976,-0.503503328505514,-0.0367207900954642,-0.0033342431835565
Fgfbp3,-0.002392907896868288,0.6411305847648568,0.7694521211699068,-0.2498868371101439,-0.0036721894416372,0.0067112745655697
Fgfr1,-0.020475586461307795,0.144180080495897,0.3073444004633617,0.0671337771340685,-0.0587845522694514,0.169491751378537
Fgfr1op,0.0060566002304858904,0.06561505374061073,0.1903518965542344,0.0895117028454247,0.0158921869523834,0.0083814833993349
Fgfr2,0.027735478629475015,0.2960275243824177,0.4793766355157818,-0.1924501611176631,-0.2953482210384932,0.112422363177818
Fgfr3,0.08166804280435466,0.0059677831232823,0.0439273617775801,-0.1981689643550097,-0.3174000442732905,0.1367030969492231
Fgfr4,0.021766540851545835,0.15477785776749553,0.3210743605010145,0.1663425811210809,0.1023525869685829,-0.0121361997639764
Fgg,-0.0019146167260712433,0.13915644560539012,0.30084171731920745,-0.2896698161525549,-4.649040652588213e-05,0.0012005126865783
Fgl1,0.0010561347378756055,0.06444515829738687,0.18892801866377612,-0.112386915794811,-0.00352779117965,0.0062300362561744
Fgr,-0.05246120121516435,0.18605809737703263,0.3589209322021783,0.1350134851251822,0.5064727764058939,-0.3348253831282807
Fh1,0.025471335589824846,0.033685000977991264,0.1277002606072363,-0.3918623435677482,-0.0963356093753602,0.0502263928063695
Fhl2,-0.02485208494081069,0.007189128570014587,0.04872207814215245,0.4816226900321879,-0.0701964980853924,0.1092132226583154
Fhod1,-0.02661536488282566,0.18395662229398038,0.35611488816758785,0.427667024705918,0.1886466583322726,-0.0579000810822453
Fibcd1,-0.0009642065553191636,0.6286881334315911,0.7597968706522144,-0.4846064134603686,-0.0088272202725616,0.0048979159656293
Fign,-0.009953622491128099,0.24315812693752564,0.422606339185117,-0.2812159331060426,-0.0824999261141355,0.0620401226842451
Fkbp5,0.011935924235405035,0.6337221099900379,0.7634593070650307,0.351582077287307,0.0730875448532346,0.1456523063921311
Fli1,-0.04407995359633965,0.00861662789230318,0.05406324585318391,0.474660668699766,0.1584294459232768,-0.0525645277877104
Flna,-0.0873282750793966,0.005524955495986176,0.04238014734590299,0.4152348437551645,0.300750874733964,0.051182774693389
Flnb,-0.03396383196348203,0.01802447875984695,0.08649375931700778,-0.1889691504514521,0.0145791583968051,0.1039314114326508
Flot1,-0.02551603288672774,0.059978801948251975,0.18125110707229464,-0.0464963567558178,0.0977548394614404,0.0730058395613613
Flot2,-0.01339178447850827,0.11103592835243702,0.26294998631651867,-0.4187158544213755,0.037082365429224,0.0146515397950834
Flt1,0.03578174909802604,0.04701320357489912,0.15633269324352048,-0.1541590437893425,-0.1579569063810191,0.1459544928447043
Flt3,0.009180177716271191,0.26268919477597835,0.4427682743277811,-0.1399863575054836,0.0819047265233923,-0.1470021398638734
Flt3l,-0.0068921195860777995,0.06618385894874504,0.1910604779273053,0.4592447643208318,0.0147216200335473,0.0109264714989486
Flt4,0.015852132440320483,0.0015097617867252501,0.018308936371584303,-0.5139463605041469,0.0015344664494089,0.0085174466211915
Fmc1,0.03206536400007705,0.04311271716073478,0.1473513258924137,-0.2068714910205371,-0.1799131114484091,0.1464548742704332
Fmo4,-0.0007471897177638244,0.29950052505570557,0.4827021100502856,0.1118896285567808,-0.003120934969645,0.0058908729679761
Fmod,-0.1285775560234669,0.00684454208230927,0.047502053281441615,0.3938514925198687,-0.4646398086606469,0.5911004890414835
Fmr1,-0.00341181369666109,0.6754875472948695,0.792457506158758,-0.5455241001190605,-0.0366901460476145,0.0115678922117781
Fn1,-0.0050682256239476245,0.9274708011879434,0.9542211691931624,0.2344709327312097,0.6119282967256852,-0.1016669012536222
Fndc5,0.02091117048869644,0.0028574029400448607,0.02760532650978946,-0.1213380860793535,-0.1146479766039754,0.0293591549167924
Folr1,-0.001294217980930741,0.5437939134707699,0.6948851997576264,0.0576853196114959,-0.0154062495369759,0.0083383553024954
Folr2,0.0040170932044315075,0.06777292724954884,0.19410988315550176,0.2091092835916727,0.0087020596406144,-3.9817895037437545e-05
Fopnl,0.0016923989235108458,0.8406228943128861,0.9027405018715856,-0.1479429533139658,-0.0431916248342479,0.034965384793597
Fos,-0.02208702812828839,0.25731424471415415,0.43737419603029004,0.1409809319815439,0.1469446837506786,0.1600863042461189
Fosb,0.014747236889603214,0.3864065423961417,0.5644501067476285,-0.1066681125574644,0.0461686074882929,0.0407633209511886
Fosl1,-0.004498447131264774,0.38778928322355255,0.5650137485642222,0.2001581133071302,0.0577946946965827,-0.000487159717409
Fosl2,-0.02451436160820219,0.2908382311302837,0.4735288276398267,0.0768308782756562,0.2839884851086057,-0.0270119819407352
Foxa1,-9.525042180484403e-05,0.8222554274375482,0.8900972899992614,-0.246654470062948,0.0005123852864825,0.0003016809246284
Foxa2,0.000202388239526412,0.6396393145961773,0.7678983628512827,-0.1742991769295631,-0.0011031643249231,-0.000121742557284
Foxb1,0.0045568198525431786,0.00417195928601339,0.035233715758202486,-0.0984628731299671,-0.0117910751843659,0.0051106386557508
Foxc1,-0.0006523308338962355,0.9669227298909786,0.979402868382423,0.3391498963365535,-0.083042531987316,0.1644832028128749
Foxc2,-0.047943591100878626,0.02213082406851843,0.09863908532331389,0.2926535395807357,-0.1299401284158231,0.2406683000821093
Foxd1,-0.01366882008749228,0.0003649859718124204,0.0072594706109072125,0.2123416506388686,-0.0163990277743515,0.0346691060474616
Foxd2,-0.023665835444651367,0.00017237847337996126,0.0041871552033865824,0.1834989908331206,-0.0261345151634056,0.0456700626400959
Foxd3,-0.05400806767841567,0.00011027667951639602,0.003090776605566682,0.3122963854829262,-0.0641301198448415,0.099797350433633
Foxf1,-0.0011827089557746029,0.2687270883875274,0.4492877344689536,0.0547015961833151,-0.0014143916380471,0.012485000489861
Foxg1,-0.000435218567448097,0.07654060199328022,0.21024965577152527,-0.5480105363092113,0.0002439497688771,-0.0006543043362231
Foxh1,0.00023143216494300823,0.5140456990316191,0.6726903824423522,-0.1046789636053438,-0.0003904056488782,0.001161703738342
Foxi1,-0.00046676836419192586,0.21502266056652483,0.3913059548875644,-0.1549049746463877,0.000514566266599,0.0012744149034854
Foxi2,-0.0005514752776836814,0.10374473480208585,0.2521209586590948,-0.0924954262736055,-0.0007632641671359,0.0006183424816121
Foxj1,0.00392206849246993,0.7100114544263684,0.8162651406420791,0.2692810393933192,-0.0950912223124974,0.0282725936910015
Foxj2,-0.00996400114370724,0.44192308054496365,0.6139734318387078,-0.0594258249446014,-0.0615564306280792,0.0673438772134096
Foxj3,-0.001004796340371734,0.8732615103968189,0.9209857688912435,-0.36252239652397,-0.0319080010831981,0.0218392438526067
Foxl2,-2.2227799613793614e-05,0.9902945022198524,0.9932151505748067,-0.2971291247230069,-0.0084609943122721,0.0074854840929395
Foxm1,-0.008244860078778664,0.2570671955459037,0.4370999214932182,0.068874282467174,0.0575924235904236,-0.0348276374357554
Foxn1,-0.00023898014073579288,0.3841817454438944,0.5629735948030179,0.0131781118077986,0.0006344228378615,0.0012192671626955
Foxn4,-4.018167985138366e-05,0.897874566518276,0.9348965429291132,-0.0666364898960383,-0.0003796508539071,6.64613989784903e-05
Foxo1,-0.026688769239808813,0.006817350510087291,0.0473777996620644,0.3535712262394276,-0.0235875046829745,0.0877452832222485
Foxo3,-0.004387849573326262,0.6756317769622502,0.792457506158758,0.4271697374678879,-0.0600199415220441,0.028329936264974
Foxo4,0.0031960268249041626,0.2046509412413812,0.3803003465472807,-0.2329790710171193,0.0003356602434679,-0.005262811006381
Foxp1,-0.049394452980953615,0.0004226292288892594,0.008012055043586956,0.3689871306183618,0.021606442181056,0.042703352395256
Foxp2,-0.002224241266036937,0.7405209721532958,0.835707023258533,-0.0193942022831753,-0.0484640724631392,0.08053919767011
Foxp3,-0.004468058782260548,0.44915157978694775,0.6195571142491132,0.318761119577318,0.0733759663970723,-0.0722007340704776
Foxp4,-0.032618072111140525,0.11563534518029797,0.2690948429583485,0.2570975020615809,0.1381599091692853,-0.0770383603556086
Fpr1,-0.002054679942526712,0.792655905592989,0.8713855229658583,0.0527124472311945,0.122417051207873,-0.0335785045736541
Fpr2,-0.017388045258509163,0.603205487493155,0.7414409045178803,-0.018399627807115,0.4524021410580121,-0.259371446262327
Fras1,-0.0013086865096741506,0.5977069858101987,0.7362722372899839,-0.1951852409268288,-0.0157600790190715,0.0084653302817897
Frk,-0.004370862994728495,0.022647690331188703,0.09953371831413083,0.2752484862496809,-0.0006830698285849,0.0061622562356135
Frmd4a,-0.05673356239158371,4.573003933649762e-06,0.00034587370324727656,0.4018080883283508,0.0724673142583451,-0.1372992319672099
Frmd7,0.0024668567440060477,0.18341729138642346,0.3557458567916905,-0.4152348437551645,-0.0065659097172587,1.071981847219905e-05
Frmpd1,0.03927061710279907,0.0005329149308639171,0.009504891826352592,-0.3180151887202728,-0.0735203875331035,0.0852317288031474
Frrs1,-0.022489366067967066,0.05320254332988795,0.16822440874638103,0.4970385944111221,0.1243230408832288,-0.0558303675823299
Frrs1l,0.057902758366849515,0.0237505600585474,0.10203538036983512,-0.3970838595670646,-0.2235925257133464,0.133829425185743
Frs2,-0.001688259868834343,0.8605239511579305,0.9145004948675682,-0.2752484862496809,-0.0415870529353716,0.0047876057472504
Fryl,-0.02271429197808692,0.039519051827772454,0.14093057639824658,-0.2145794432100042,-0.0811773856545041,0.0536353039426737
Frzb,-0.015838445311988213,0.3574338596431931,0.5379964939627996,-0.3433768378598097,-0.1214771803103558,0.0816139456237564
Fscn1,-0.010297578502886925,0.5258175331004759,0.6811059513320283,-0.3709762795704824,0.0362753522661996,-0.2803677530695112
Fscn2,-0.00025483772456673636,0.6622533891573845,0.7830678113332912,-0.2593352946327166,-0.0002444661023883,0.0015063744014929
Fshb,0.00011136160742410901,0.6306139018331678,0.7606435358834214,0.0785713836087616,-0.0002688519360194,9.162068809597966e-05
Fshr,-0.00032860082900417706,0.03189738138632648,0.1232876833115495,-0.1253163839835946,0.0005721494723072,-0.0002759561951573
Fst,-0.009414628157627395,0.0024387473426437886,0.024682639275448347,0.4530286738454551,0.032410834809115,0.0042924447668328
Fstl1,-0.1332915811248766,0.0001175706861156896,0.0032593916841094166,-0.2675405340602138,0.1714538175480635,-0.0768990616316318
Fstl4,0.023001490606089237,0.019670242170000463,0.09163279023668708,-0.5049951902196044,-0.0421883404696406,0.0114414440136246
Fstl5,0.016420480319503848,0.20301036256033145,0.37821616487226106,-0.4870928496505193,-0.0672278612514512,0.03667474857682
Fthl17a,-0.00020286809885290352,0.32955561666010047,0.5122069471612348,-0.0499773674220287,0.0004070248881617,-2.938822768624484e-05
Fto,0.013839442445324174,0.1475292582141042,0.3121617838320773,-0.2265143369227275,-0.0749807379369182,0.028838825829565
Ftsj1,0.007413409699127932,0.18321753943627084,0.3556288693548012,-0.2725134064405152,-0.042943441939321,0.0457319232045727
Fubp1,-0.02470753363093363,0.0021020690636755317,0.022385499569538385,0.2232819698755316,0.0160756321730686,0.0022920287317322
Fundc1,0.011103320094138237,0.29241712357418415,0.47579577268003614,-0.2837023692961933,-0.0873849065776875,0.0019462803006913
Furin,-0.050883372126151905,0.1482880355664966,0.3130866181393623,0.2615730872038522,0.3750931755627888,-0.0442197939773849
Fus,-0.023730946961560313,0.053372403170387946,0.16826491259094495,0.0711120750383096,0.0857848812497894,-0.0073399641077525
Fut1,-0.004635999607474686,0.015649660986051004,0.07954052672286487,0.7782545275171647,0.0109598783266308,0.0065946238335122
Fut4,-0.00920078110164469,0.06970801420367194,0.19809503089299754,0.4105106149938782,0.0507496241505559,-0.0398229402375281
Fv1,0.012677770883538764,0.0014683172350105178,0.018174186609143397,-0.441839710989777,-0.0277419745953301,0.0053617972528881
Fxn,0.00035552039320189727,0.6472861548433009,0.7741496539866076,0.0455017822797575,-0.0047659896539884,0.004769034934425
Fxr1,-0.01020368834650997,0.21358284744307074,0.38955139703828817,0.1718127407394124,-0.0224165420308648,0.010469297235595
Fyn,-0.014973806376010985,0.32518005169799746,0.5078822546575276,0.065393271800963,-0.0783802278514189,-0.1478359143399652
Fzd1,-0.05692622844547879,4.3649160716282407e-05,0.0018101981204370452,0.1969257462599343,-0.0392507411105247,0.1662968182707864
Fzd10,0.01827293463400656,0.3035744600996621,0.4871133441234276,0.5982365473502551,-0.1023179068915444,0.0116168330451229
Fzd2,0.008003310107880733,0.3024729132760938,0.48565134737845594,0.3448686995739002,-0.0549602247047107,0.0690984327328706
Fzd3,0.011672047525216594,0.5129921162174765,0.6720012287687077,-0.1747964641675932,-0.1746564220897639,0.061332408332667
Fzd4,-0.0028721149350252224,0.7155468012807632,0.8207782065824696,-0.0047242287612863,-0.0856543551657307,0.1012897044908091
Fzd5,-0.001446495812253673,0.5542385599733543,0.7022282400457228,-0.3786842317599495,0.0183817649055216,-0.0262326803003027
Fzd6,0.005313911070173295,0.47179513823436425,0.638022758734556,0.1628615704548699,-0.0339673407898353,0.0155092640129781
Fzd7,-0.020376300135016158,0.0007758039190972907,0.011992047852470544,0.5465186745951208,0.0231863142694634,0.032686580037289
Fzd8,-0.007976922334557622,0.058529634666432115,0.17940329850301592,0.2804700022489974,-0.0408261754627158,0.0393824142061806
G3bp1,-0.014521713641614935,0.12265853998474321,0.2788829351250675,0.5072329827907399,0.005291500190462,0.038342275346701
G6pc,-0.0002728926243177585,0.605378512897141,0.7432095774460448,-0.2822105075821028,-0.0028307763454241,0.0023853562224801
G6pc2,-0.00024350646438648914,0.3777405040252405,0.5573775849096766,-0.4592447643208318,0.0007423469374887,-0.0005217466068249
G6pdx,-0.006475656362781643,0.01870303752414553,0.08848763537217626,0.2829564384391481,0.0258353539808019,-0.0025481569987135
Gaa,0.03307250842541643,0.0018128555808973835,0.020549725151461227,0.1516726075991918,-0.0718017757267601,0.1048315379279252
Gab1,0.008773322620427716,0.6660882561970999,0.7857808036219719,-0.1029384582722384,-0.2383015209237593,0.1061573546920309
Gabbr1,0.05313972331396007,0.0655106533215426,0.19019342207921958,-0.3926082744247933,-0.2875937071377814,0.0920216763224943
Gabbr2,0.046657126198784774,0.024887182557228073,0.10522353086932199,-0.427915668324933,-0.155240709882243,0.0767830330751224
Gabpb1,-0.013199805114650173,0.09943210519308622,0.24573796927806824,-0.2541137786334001,0.0026338560378079,-0.0121954778543036
Gabra1,0.00919448162970885,0.5881497094321583,0.7308666141745453,-0.4102619713748632,-0.1279037547088105,0.0741571083987533
Gabra2,-0.024116466613675787,0.08268284969062531,0.21978385423235003,-0.1283001074117754,-0.0700925495840985,0.0534776638254047
Gabra5,0.041497761252867006,0.002033609310644822,0.0220711512629771,-0.4803794719371126,-0.1058660805449396,0.0588415482630094
Gabra6,-0.00032526466241101744,0.22675011927592123,0.4049903215778971,-0.2190550283522754,-0.0007952821395155,-0.0009445795112455
Gabrb2,0.033124787454473774,0.00418306489349603,0.03526911408549298,-0.3851489658543413,-0.1006305222844076,0.0510888247922561
Gabrb3,0.05054300928155406,0.04076167842190894,0.14339677353803965,-0.1907096557845576,-0.2320995771763603,0.1875772499223444
Gabrd,0.0033511784365925076,0.006962451376312739,0.047993870906177405,-0.3145341780540618,-0.0086666274694218,0.0055902327578754
Gabrg1,0.01747586846680415,0.1976060296744466,0.37236363404852313,-0.3709762795704824,-0.0598533289938878,-0.0064901327969243
Gabrg2,0.044396656557647234,0.028757338335374277,0.11532325695655989,-0.2456598955868878,-0.1527028703259944,0.1140227603894304
Gabrg3,0.012747358099465145,0.23906109320045496,0.41790631816844437,-0.282459151201118,-0.0836355922580739,0.0869702323434651
Gabrp,-4.147720028742916e-05,0.8747152101692163,0.9215974089833264,-0.3279609334808755,-0.000445569126262,-0.000919853437817
Gabrq,-0.005693662455741176,0.3942297626064478,0.5712971645044006,-0.3655061199521509,-0.0383784712108253,0.0568721169268258
Gabrr2,0.013247566863429674,0.0009048519056874618,0.01334002766159463,-0.2904157470096001,-0.033702745867299,0.0448316698892964
Gad1,0.06825030549063506,0.011689964293354171,0.06555381218407576,-0.4090187532797879,-0.2063837346669162,0.1226353373498996
Gad2,0.024633035401157414,0.22574445927123157,0.4040429778044043,-0.2548597094904453,-0.1848228647135066,0.1658649607990499
Gadd45a,-0.006776958194276895,0.1018250564055138,0.24947627892628527,0.3160260397681522,0.0228208177746324,0.0047881034375892
Gak,-0.0290208730165471,0.007153474655703816,0.048653165624993555,0.021880638473326,0.0944679097999654,-0.0318612737500761
Gal,-0.021693690083692433,0.11017827027561536,0.2618915921136598,-0.0964737241778466,0.0808026011645462,0.0332278780514263
Galc,-0.011708779126952088,0.1891058570160941,0.36250619189744304,0.554475270403603,0.0598389305712256,0.0191394160696025
Galnt14,0.001102807252665886,0.9235582392227275,0.9515391998131959,-0.3098099492927755,-0.0936730109057735,0.0781909442812523
Galnt15,0.1386530062100706,3.1974951551486103e-13,3.2620845572826123e-10,0.5393080096436839,0.0594568278038804,0.1496894004824085
Galnt17,0.00308197580793888,0.8553095937239815,0.9117939890461922,-0.3533225826204125,-0.1547063052790853,0.0920099789663424
Galnt18,0.004794909612262437,0.5236989198058042,0.6787063490674307,-0.1347648415061672,-0.0451331730714934,0.1143984301930365
Galntl5,0.0001956939633519753,0.42866473561263896,0.6013803125302727,-0.4032999500424413,-0.0005864401752427,-0.0002876255568672
Galp,-0.00150781444537868,0.000425851785295906,0.008015756298134379,0.2568488584425659,0.0014079984719297,0.0008040271753268
Galr1,0.030513566548992843,0.00015052990904184624,0.0038977312996063846,-0.424186014039707,-0.0473281656352816,0.0148470691100096
Galr2,-0.003850297278082986,0.08800561421377735,0.22718453345368333,-0.268286464917259,-0.0012907721916482,0.0080647101432893
Gap43,0.019925797670950856,0.24620252848238658,0.4261551061379891,-0.275745773487711,-0.0909603116812447,0.0341892946234263
Gar1,-0.011535551965397673,0.006945050285081503,0.047993870906177405,-0.0019891489521205,-0.0069752468636081,0.0376660584951621
Garem1,0.009811942381387566,0.31888655512663316,0.5022044821552812,-0.2461571828249179,-0.1060696566696664,0.0940799646794879
Gars,0.0014285901325238495,0.8824121107284097,0.9267416464536994,-0.4664554292722688,-0.0447951626765548,-0.005374541157586
Gart,-0.02357010029451523,0.0037114756971485846,0.033098317362158965,0.2531192041573398,0.0174854187284654,0.0356543971821948
Gas1,-0.05799290140699064,0.0017213244256969063,0.019816833507575397,0.318761119577318,-0.020472104890351,0.1134824058829785
Gas6,-0.02049981288183517,0.19228319915425848,0.36598380555443005,0.3389012527175385,-0.1352741388287159,0.1687729801518296
Gast,7.891133186336355e-05,0.6925181246577916,0.8041281479352139,0.1220840169363987,0.0008207158871507,-0.0006374130758224
Gata1,-0.0007019536869729184,0.015670599378734055,0.07954052672286487,0.0268535108536274,0.0002029562666107,-0.0013376206052557
Gata2,0.0019460583531216023,0.7509973875446893,0.8432396376547346,-0.1210894424603384,-0.0217867374240941,0.0882123069613469
Gata3,-0.007889471419514295,0.21657107781690849,0.3931420170619396,0.2730106936785453,0.0486584596785394,-0.0580739709646156
Gata4,4.1870734017221435e-06,0.9823042680145211,0.9885054391678975,-0.2451626083488577,-0.0005893174697644,-0.0003628954642393
Gata5,-0.0004941011262644349,0.2721768917385563,0.45342074616537414,-0.275497129868696,-0.0013218451037452,0.0010298537808805
Gata6,0.0030669218850363812,0.04213039036080606,0.1460305779092687,0.4657094984152235,0.0091103160670613,0.0017851187680027
Gatad2b,0.0030686044088069496,0.6269827889195574,0.7587756124030041,-0.4592447643208318,-0.0193721217489002,0.0057745498910952
Gatd3a,0.01033553985781358,0.31449894161598674,0.4983718860463338,-0.1404836447435137,-0.0996283084853235,0.076713476638087
Gba,-0.014021161862046647,0.5169062726608269,0.6746471232563931,0.4470612269890934,0.1951466844593741,-0.0739970974665729
Gba2,0.023054556456203273,0.014469025616343357,0.07566120136211542,-0.4885847113646098,-0.0744592402054638,0.0258197159072366
Gbf1,-0.0031978898988338582,0.703266023166047,0.8125390677621758,-0.228254842255833,-0.0718883011515924,0.0714651061220463
Gbp2,-0.03370205651363381,0.6776009979765998,0.7934900575478961,0.069122926086189,0.7381916932343118,-0.4566298424960603
Gbp2b,-0.009411022462533626,0.6159541361421854,0.7513054365503319,0.0542043089452849,0.1801458556630951,-0.097077296875034
Gbp3,-0.032396784867103526,0.5495475927543035,0.6983264617770737,0.0164104788549945,0.478992230668777,-0.365284821127645
Gbp7,-0.03818461561681711,0.5434981059540388,0.6948330422234466,0.0258589363775671,0.562370970676439,-0.4223291220378353
Gbx1,0.007731322637847699,0.07806362100983198,0.21305646376198661,-0.2625676616799124,-0.0225990165907849,0.0224461924693643
Gbx2,0.009740229767632816,0.1389967760923118,0.30084171731920745,0.373214072141618,0.0450063242906149,0.00966475721678
Gcat,0.006622586648571398,0.3169103326798643,0.5011034119652783,-0.3232367047195892,-0.0610227358304624,0.0643589012940671
Gcg,-0.0004725427337512713,0.07010966315770904,0.19890399987067509,0.1626129268358548,-0.0011155933630312,0.0006076483589618
Gcgr,-0.0032474654575025976,0.018165659468737935,0.08687391756596755,0.0857820485601986,-0.0059277484895432,0.0122350218776287
Gch1,-0.011007033998101667,0.05752090485641159,0.17710778427985102,0.2871833799624043,0.0620729352361607,-0.008314731961711
Gck,0.002907830561322687,0.026947102342257438,0.11049611659795433,-0.2700269702503645,-0.0041462527366294,0.0033201846771559
Gckr,0.0003386060752275403,0.48866416744217844,0.6515277596154225,0.496541307173092,0.000431407129179,0.0027884308794456
Gcm1,-0.00020249909729551689,0.4507803885906323,0.6207966420628551,-0.4900765730787002,-0.0010094109661011,7.544789608238036e-05
Gcm2,0.00023559515478971664,0.46170722704047895,0.6305672195805846,0.0962250805588315,-0.0007759535800103,-3.193195483551948e-05
Gcnt3,-0.001976257695578688,0.06361885297266032,0.18780079225320617,-0.4124997639459988,0.0030821218277254,-0.0009565127960382
Gcnt4,0.020616399160153006,1.526281620017815e-05,0.0008948922464035488,-0.2794754277729371,-0.0358061218214981,0.0538373087573468
Gdap1,0.022756146048424894,0.17679176715917228,0.34859482190913715,-0.4676986473673441,-0.1452503740974506,0.0615648337822023
Gdf1,0.018842255377148398,0.11647560253659076,0.2704333402545059,-0.4154834873741796,-0.0674262942665381,0.0278455402668491
Gdf10,-0.051504691932114155,0.0015114472619314223,0.018308936371584303,-0.1877259323563768,-0.0964933135985594,0.0590413660960311
Gdf11,-0.0053263212843968405,0.44324516541982406,0.6145674337609466,0.2396924487305261,-0.0823022372647341,0.0324718328881691
Gdf15,-0.0006752734777794537,0.5794217451912143,0.7242416864053869,0.6372735955356209,-0.0003255516580155,0.0006404678063143
Gdf2,0.000250168667521905,0.5139946207630046,0.6726903824423522,0.0698688569432342,0.0006550919590846,0.0013523160490828
Gdf5,-0.0019073339105057487,0.022310613275249313,0.09894935884611585,-0.1004520220820877,0.0040759367906764,0.000894609085031
Gdf7,0.00043980834760975324,0.34327881553238937,0.523957282474781,0.1641047885499452,-0.0013142796415764,0.0020048851084012
Gdf9,-0.0001922808943244272,0.4567006678257326,0.6261847395324955,0.1660939375020658,-0.0007570901940129,0.0001933137381019
Gdnf,-0.00394643057733302,0.32865993895178813,0.5111855012554967,0.4888333549836249,0.031460066141732,0.0090704278435822
Gdpd1,0.005712794523112083,0.370428266773427,0.5500362305971767,-0.0937386443686808,-0.0425894475167736,0.0351812111941626
Gdpd2,-0.019147166947315608,0.09187197240059705,0.23277569735116693,0.1325270489350316,-0.1117500734550561,0.0932819789296641
Gem,-0.023867687850925145,4.0346931982084276e-05,0.001686964754431245,0.003978297904241,-0.0057771898550481,-0.0113748795591202
Gen1,0.0015320844494400038,0.41401450793976047,0.5887616406469803,-0.1007006657011028,0.0085942910460274,-0.0070122787244608
Gfap,-0.05605795682128492,0.02046516854468348,0.09397206079254736,0.5492537544042866,0.0774337111216372,0.1287867020743469
Gfi1,-0.003499531139460171,0.6289142003415344,0.7598510980440945,0.2628163052989275,0.0591637728168414,-0.0581385570367653
Gfi1b,-0.00022114516928933747,0.2936946853776541,0.47756984064756564,-0.2006554005451603,0.0001505173846506,-2.862073060414796e-05
Gfpt1,0.004084589393563492,0.4567797325623242,0.6261847395324955,-0.2252711188276522,-0.0484152147021077,-0.0115721939438033
Gfpt2,-0.001929370389427656,0.8546058072065618,0.9115688784853634,0.3563063060485933,0.0600139369166143,0.0427452452067125
Gfra1,-0.04506762488212866,0.00756138398233893,0.049961942608692855,-0.0285940161867328,-0.0031779185497595,0.0777398153663251
Gfra2,0.02571478481194763,0.025821056695945054,0.10787322703195391,0.0599231121826315,-0.0960521034039164,0.0449579958418606
Gfra3,-0.01597197385950112,0.006369903238929564,0.04575664490857899,0.4035485936614563,-0.0078944967446663,0.0004349750616398
Ggnbp1,-0.004690355919932276,0.3006232257317425,0.48420558082021425,0.2474004009199933,-0.054665750087121,0.0673020044560929
Ggnbp2,-0.008749750704718886,0.238452043559284,0.4171275288737681,-0.1551536182654028,-0.0321512298178965,0.0561786019157037
Ggps1,0.00566533209095141,0.7526558961404799,0.8434309591855421,-0.2819618639630878,-0.1142596120765714,0.0406408395390822
Gh,-0.0066702437341518315,0.40058179037544395,0.5773856209960835,0.025610292758552,-0.0312055650147735,-0.0486282207988704
Ghr,-0.028832860186025273,0.006759210553946169,0.047295930090095216,0.0077079521894671,-0.0934334386234669,0.0934331279212412
Ghrh,-0.0002879697005559399,0.5163102917590086,0.6744427140237395,-0.0275994417106726,-0.0004954814549935,0.0021122404330738
Ghrhr,-0.00036373309007068993,0.19940058683963383,0.37519084967501737,0.0355560375191548,-2.614363441216707e-05,0.0002102361643275
Ghrl,-0.0005235239208122679,0.09754882822776569,0.24249345652525964,-0.3207502685294385,0.0005785758928285,0.0014037946213268
Ghsr,0.00011879166454513894,0.7848829950797894,0.8660368068141913,-0.3677439125232865,-0.0001699227190964,-0.0005340100341631
Gigyf2,-0.018327237442158438,0.0029206406156563097,0.028109185321673634,0.2135848687339439,-0.0250799970000252,0.0873491844587752
Gimap4,-0.05840609127831031,0.0869198455998423,0.22604404190902572,0.2951399757708864,0.2914330764996353,-0.4216985266175901
Gip,-0.0002615365840936405,0.4364398296171972,0.6093259743803402,-0.0410261971374863,-0.0002478684293991,-0.0001167917874883
Gipc1,-0.01809682230685895,0.08798277201147366,0.22718453345368333,0.1683317300732014,0.0431802412735831,-0.1150050410457057
Gipr,-0.018140017815817224,0.03442940087519277,0.12939282993107049,0.1141274211279165,-0.0454825968896305,0.0580172533343731
Gja1,0.015145857721943528,0.6395630783739503,0.7678983628512827,0.0049728723803013,-0.2774267576047675,0.0827291142104638
Gja3,-0.0003652393592081368,0.1942202398854426,0.3682441281646543,-0.2362114380643152,-0.000520125560421,-0.000179261376334
Gja4,-0.004122799930245808,0.5564048514270467,0.7035749001312258,-0.3035938588173987,0.0465616366733824,-0.0090525314269423
Gja5,0.0006023609446216228,0.8525421744439092,0.9106183299407667,-0.4251805885157673,0.0119259275144688,-0.0131501263517369
Gja8,-0.00021458584089090584,0.4149106849418892,0.5895088967794948,-0.2856915182483138,6.568436969529162e-05,0.0010088420148942
Gjb1,0.02345949169735889,0.24736955664107366,0.42759475039854855,-0.6037067069685865,-0.1497095462229847,-0.0251113819849901
Gjb2,0.00875741597332407,0.763667576841932,0.8518742718724607,0.2742539117736207,-0.2286389088767565,0.2537891989797964
Gjb6,0.09248304815159471,0.004268711062876427,0.03569622152743058,-0.0818037506559575,-0.3321581185910913,0.3167946989531027
Gjc1,-9.65757148323493e-06,0.9985063843298296,0.9985063843298295,0.2314872093030289,-0.0369128405241275,0.0748061273561617
Gjd2,0.011029980452635384,0.014435823302977605,0.07560280766785295,-0.5895340206847278,-0.0306982034560207,0.0044995201749875
Gk,0.006964845232203277,0.2947518846144773,0.47877136971882944,-0.3421336197647344,0.0136504945519141,0.0173967781715654
Gkn2,2.2962563721779924e-05,0.9232175359769288,0.9513803335390534,-0.2924048959617207,4.103078778413573e-06,-0.0002662521998086
Gla,-0.027940835991622736,0.27470956277940695,0.456298756020109,0.5524861214514825,0.240144943870322,-0.0733097449021572
Glb1,-0.009022001630494039,0.4652618064864278,0.6330489396871881,0.695953489623177,0.0393554801561502,-0.0259763185098447
Gldc,0.0006338082389943859,0.7482587483501417,0.840905017698628,0.0529610908502096,-0.0090747070690013,0.0088643402429076
Gldn,-0.1037372276313605,0.0003357137154149342,0.007044328300366033,0.1571427672175233,-0.0896278397631135,0.2318241357675271
Glg1,0.018560305846619624,0.16251573328772126,0.33172979411791365,-0.5189192328844482,-0.0662279175180657,0.0286370598203675
Gli1,-0.017873779624825406,0.009767789064156308,0.05843176927313207,0.0803118889418671,-0.0619515503381363,0.0764616290837792
Gli2,-0.0032987956166946352,0.418557184571446,0.5918819376613064,0.0310804523768835,-0.0299485481319059,0.0612857688948014
Gli3,-0.009715126669097745,0.27584528663500585,0.4569947408655943,0.1243218095075343,-0.0743013167255077,0.0548583718229082
Glis3,-0.025756653937886054,0.010151428361137017,0.05993337508120362,0.5644210151642057,-0.0518399067803696,0.1471475686325245
Glmp,-0.014828906921584237,0.4869673450585812,0.6506834618296856,0.5425403766908797,0.1680480516400864,-0.0931708868452922
Glo1,-0.009837311624529802,0.4236555289283137,0.5971447507773773,-0.0877711975123192,-0.1113596887701892,0.0912887005953879
Glp1r,-0.0023588591857786217,0.19467854566065268,0.36861739473459143,-0.4816226900321879,0.0023823703917091,-0.0081280844246866
Glra1,0.09230268081343722,0.0014084501439256272,0.01791646928719358,-0.4764011740328715,-0.2486524927407778,0.0646973643579476
Glra2,-0.0034285248858426116,0.692681592398567,0.8041349118855462,-0.4174726363263001,-0.0547135684890577,0.0357424563876471
Glra3,0.060057899140039006,0.00042305480381162795,0.008012055043586956,-0.286437449105359,-0.0912084548370246,0.1293015930886685
Glud1,0.006789288978039946,0.7966943237670434,0.8732139547777585,-0.3095613056737604,-0.1481111437167672,0.0331271527446326
Glyat,-0.003112399627266526,0.05170507513296919,0.16547242945013274,-0.5074816264097551,0.0017779189078913,-2.8001407916228297e-05
Gm2a,0.005416594868090023,0.778339198305442,0.861986159478085,0.4067809607086523,0.134949833515519,-0.2311305821806919
Gmds,-0.015025805189671974,0.003092645497957963,0.029065975616809635,-0.1795206929288795,0.0118210630355961,0.0281800000219407
Gmfb,-0.01651334343792022,0.47223813226441846,0.638022758734556,-0.2297467039699234,-0.0720357623876613,-0.0367648924168733
Gmnc,0.0007730793397725535,0.07600785228904794,0.2095935160469035,-0.0962250805588315,-0.0014198201034376,0.0030795613753814
Gmnn,0.00883044295402614,0.33660549704186693,0.5185793683794429,0.0186482714261301,0.0704480893546635,-0.0745129966557902
Gna11,-0.0005605239100858439,0.9376944618347363,0.9600922219628641,-0.3028479279603536,-0.0445207399396057,0.0360663079254932
Gna12,-0.010227512698790521,0.2942775503586461,0.4783651320520886,0.3752032210937385,-0.0545160206803632,-0.0186159342643155
Gna13,-0.017449801083670342,0.17695169202519753,0.3486406261183981,-0.0728525803714151,0.0805237417094689,-0.0277451874914552
Gna14,-0.02101739722033908,0.11560583335580696,0.2690948429583485,0.0007459308570452,0.0052685909621274,0.0180456690765237
Gnai1,0.056271096148724845,0.011920920794873415,0.06638495302909311,-0.3254744972907248,-0.3098335137953716,0.1039144102303082
Gnai2,-0.0493978748521186,0.08754468617832913,0.2270865910012481,0.3500902155732166,0.1961846931734232,-0.0938361782859114
Gnai3,-0.03033257771925068,0.001112961462018647,0.015511520267095952,0.4373641258475057,0.0861340172435172,-0.0035941920941993
Gnal,0.04364412161279506,0.06156943684094247,0.1840575842937907,-0.4425856418468222,-0.1897776227828151,0.0462611961449066
Gnao1,0.06581320295334009,0.004153335404104301,0.03518007700387049,-0.4224455087066016,-0.1724400771673098,0.1224696683126387
Gnaq,0.003961719036951262,0.6438860756636202,0.771362816336338,0.0355560375191548,-0.0629661854820398,0.0320416211734113
Gnat1,0.00023658606530866288,0.33680718436406476,0.5185793683794429,-0.2235306134945467,0.0003472898538107,0.0007166409208142
Gnat2,0.0005205430215686251,0.017521064849752296,0.08487921835204747,0.1041816763673137,0.0002571676158725,0.0009302580081001
Gnat3,0.00017471497294668583,0.4436443824205135,0.6147867413004726,-0.1782994342444724,-0.0003284104738263,-7.984942825168661e-05
Gnaz,0.009976736192898194,0.24411467504169324,0.4236254280812626,-0.3689871306183618,-0.0426773186781407,0.018059348048448
Gnb1,0.02445382458534501,0.038948777937281985,0.13967060874386836,-0.2314872093030289,-0.079029702223647,-0.0064440891868837
Gnb3,-0.0016281166274317994,0.05859358857204951,0.17940329850301592,0.0032323670471958,0.0011332721534362,0.0033442258876739
Gng11,0.025027534702093963,0.16018810043398587,0.32802870345795343,-0.1350134851251822,-0.1926200946073328,0.154089313158052
Gnrh1,3.8832232238641414e-05,0.966405808790751,0.9790736902962505,0.293399470437781,0.003925066206846,0.0011910621768223
Gnrhr,-0.0005594414582494146,0.21970176450219894,0.39712923484256446,-0.3254744972907248,0.0004826851176854,0.0004715224082944
Golga2,-0.0197548666931098,0.0028864209649125685,0.027832955277918736,0.105424894462389,0.0050291938794896,0.0683588723048701
Golga3,-0.015622174287364848,0.032823837867677834,0.12589052403234935,-0.0372965428522602,0.0321525427494584,0.0423447021775256
Golga5,-0.014795141101291674,0.0019539334290627716,0.021411453104212788,0.199412182450085,0.0204313521610034,0.0013190976031958
Gopc,0.00316394522026376,0.7888077085120299,0.8686761919516115,-0.293399470437781,-0.0900730217720078,0.0681798318448512
Gorasp1,-0.004644654878651665,0.3847166562463723,0.5632361050721229,-0.0890144156073945,-0.0422802070556259,0.0459064659581852
Gosr1,-0.0009564458458528972,0.9104717699969143,0.941860981292691,-0.0999547348440575,-0.0334967339947541,0.0332446364215368
Got2,0.0034199123296114508,0.7206200491848768,0.8245587417882585,-0.4318939662291742,-0.0542401420653209,0.0929238473741869
Gpa33,-0.006566037051331848,0.0020852912290334315,0.02225328568891116,0.0233725001874164,-0.0055625418203599,0.0138707603282041
Gpam,-0.00690393161536799,0.6011454742282358,0.7392582121596507,0.4430829290848523,-0.0632784185158588,0.0199091541089675
Gpat2,-0.0001655869077867013,0.8344699519105072,0.8986893601020012,0.0340641758050644,0.0048948309138773,-0.0067188941663974
Gpbar1,-3.646306450236359e-05,0.8584830956709973,0.9136495453823821,-0.2158226613050795,0.0014019948917692,-0.0002075634281945
Gpc3,-0.05787491749231333,0.006410272973291868,0.04575664490857899,-0.0813064634179274,-0.1536680013188676,0.1381531610804008
Gpc4,0.01803021038479637,0.12859856618881588,0.2880901564027887,0.1213380860793535,-0.0287005521037011,0.0843683208978611
Gpc6,-0.050637959028853,0.00037902395053163206,0.007442812403432001,0.2846969437722536,-0.0816638364607507,0.1229005445328238
Gpd1,0.01705171365507857,0.16970546768024683,0.33974395236928534,-0.3376580346224632,0.0282966328147513,0.0779656792194842
Gper1,-0.004722858706929266,0.3344401142219465,0.5167995385407959,-0.1611210651217645,-0.0511331331053699,0.0525447067307342
Gphn,0.03587483265655649,0.01897148284089889,0.08909026001134925,-0.275745773487711,-0.1597509707667903,0.1086382149749527
Gpi1,0.010629342386379107,0.03484353845392646,0.13032729097947796,-0.1263109584596548,-0.019038995562328,0.0084709826822018
Gpm6a,0.035296185287577955,0.2113374570385108,0.3870852310066225,-0.4187158544213755,-0.1645995562809854,0.0928251645527169
Gpnmb,-0.05664966184231015,0.566236814047183,0.7138838330337816,0.785962479706632,0.5905641780471886,0.2080063934635321
Gpr101,-0.013367097845431853,0.2795982143740485,0.45977772131593214,-0.4778930357469619,-0.0624042733518148,0.0465378062741766
Gpr107,-0.005247133791343021,0.5084153261057759,0.6685812267248163,0.257346145680596,0.0499197769554438,-0.0289754075616945
Gpr139,0.002850772466909124,2.6699980212248368e-05,0.0012848735760630087,-0.1384944957913932,-0.0030509974092599,0.000112582013406
Gpr141b,-0.0010767968419246091,0.20958114587994922,0.38528965656596326,0.2078660654965973,0.0004215643521367,-0.0107221484252004
Gpr143,0.001354332837493832,0.043133731583122746,0.1473513258924137,0.260827156346807,0.0043402664648188,-0.0035296498256979
Gpr149,0.0014968752199279072,0.8193089959168246,0.8881772882437777,-0.2986209864370974,-0.0516132336333047,0.0483582803298091
Gpr17,0.039797481594515696,0.07607259162116688,0.2095935160469035,0.2568488584425659,-0.1778666479522122,-0.3642632450405636
Gpr183,-0.03455992380286307,0.007266584748619692,0.04897597321094813,0.4798821846990825,0.1191623485275142,-0.007137087558185
Gpr20,0.0014374615272336364,0.19098527149728023,0.36446534601856584,-0.1683317300732014,-0.0100317894190208,0.0089668372792762
Gpr22,0.022117362191899217,0.058282289757274376,0.178879639020371,-0.3819165988071454,-0.1048799527275452,0.0676919267459345
Gpr26,0.03167708713120876,8.958549031096632e-05,0.0027039975507469776,-0.2444166774918124,-0.0520723591565616,0.0370834686922863
Gpr34,-0.03208456514905002,0.007143722982227379,0.04865171019004254,0.6186253241094908,-0.1025389961529525,0.0515678665715327
Gpr35,-0.014315931671066822,0.19698899742267031,0.3715282626016604,0.1476943096949507,0.1467962644671402,-0.0681312309684018
Gpr37l1,0.04708706665202352,0.02058953509775886,0.0942793703174757,-0.0895117028454247,-0.2202066327458629,0.0947569546547288
Gpr39,0.0019800495698837814,0.5037540293832455,0.6647333043169845,0.3205016249104235,0.030746527110995,-0.003879833881456
Gpr4,-0.0010681528249499265,0.8486259763986743,0.9082755152349218,-0.1372512776963178,-0.0605560712593746,0.0898224477590947
Gpr50,-0.0017790047429797912,0.22591326632295114,0.4042032870969392,-0.286437449105359,-0.0086261599338394,0.0056635214456847
Gpr6,-0.0033842781562346724,0.08685861644295077,0.22604404190902572,-0.493060296506881,-0.0066514336951309,-0.0015263882131945
Gpr65,-0.025161802265854252,0.10192566173677181,0.2495974018741396,0.4925630092688509,0.1228533980586654,-0.0768879373104483
Gpr83,0.04332113474249797,2.251282178500448e-06,0.00021266278504686643,-0.3694844178563919,-0.0172929875596009,0.025892110066501
Gpr84,-0.003069819896548633,0.7268461069129388,0.8290791572815074,-0.0129294681887835,0.1123820572585513,-0.058742795125902
Gpr88,0.010656538845186093,0.09571451042256812,0.2400391925592527,0.246405826443933,-0.0536251137843686,0.0547657127737862
Gprc5b,0.06210330149072411,0.06647183839886836,0.19175101388493462,-0.1762883258816836,-0.3851005274809869,0.1806646381539352
Gprc6a,-0.0003424441259202507,0.31812777007557275,0.5016016140545303,-0.0952305060827712,0.0003173525631266,0.0003316386252185
Gps1,0.02218541121700861,0.1021976268240149,0.2500288222682494,-0.329701438813981,-0.1457909900605905,0.0703058693076403
Gpsm1,0.012668092326373007,0.4456651891133212,0.616414894161348,-0.1725586715964576,-0.1789436064782692,0.1566098288340784
Gpsm2,-0.0005058012220524566,0.9488019197824291,0.9661714116282406,-0.7093802450499908,-0.0549794694175838,-0.0247943529117673
Gpt2,0.01874868403725354,0.20118769415378934,0.37674685311251077,0.0959764369398164,-0.2024339722760952,0.1495047329670877
Gpx2,-0.00013270074820122727,0.48775239335249243,0.6510554134057486,-0.1041816763673137,-0.0001349770812394,0.0006460778804022
Gpx5,-0.0002566063414074878,0.2242791389894385,0.40226718986818766,-0.181509841881,6.541468650704497e-05,0.0004644787909537
Gramd1a,-0.005284095206358952,0.5117794442150572,0.6709295669342088,0.1787747620718343,0.0111099596175598,0.0338927099933656
Gramd1b,0.00812160746587262,0.20377613732065863,0.3788127100847958,0.1106464104617055,-0.0262573889546045,0.0368350028203787
Grb10,0.005039149326058332,0.7966204698353964,0.8732139547777585,-0.3988243649001701,-0.1368168530496842,0.1319870315597286
Grb2,-0.02683911006028516,0.009856813752814999,0.0586693196652384,0.3488469974781413,0.0396769885141139,0.0320820378825825
Grb7,0.004091133741493033,0.06380881013762935,0.18801982624067134,-0.0079565958084821,-0.0158859001470897,0.0211493722631998
Greb1,0.0006770877527979437,0.8644363518340717,0.9166265894320013,0.775270804088984,-0.0336787942693733,0.0747804391090915
Grem1,-0.01163834992795177,0.08694342486287168,0.22604404190902572,0.1394890702674535,-0.0275937769853905,0.1267675426106935
Grhl2,-0.0014343536731861435,0.023929845296743097,0.10257658895687945,-0.087273910274289,-0.0020408525612114,0.0011756438194888
Grhl3,0.0016875954104889764,0.2493400175320636,0.4294147400416974,-0.1566454799794932,-0.002632452232869,0.0007394750942597
Gria1,0.08543919253222396,0.0007601561537274972,0.011857971070837808,-0.1611210651217645,-0.1922682523847922,0.165067153505106
Gria2,0.07823725699456432,0.006141238240361106,0.045026573834887354,-0.2548597094904453,-0.2009221042958389,0.1653086430895753
Gria3,0.00027322094505581807,0.9847187029978293,0.9893736663367988,-0.1660939375020658,-0.0866109955523449,0.0905770234257528
Gria4,0.054904683650646706,0.038433298280001395,0.13877270540699524,-0.5174273711703579,-0.2243375697367604,0.0436334547876988
Grid1,0.03258521602040475,0.04093686625547296,0.14391382134332706,-0.4803794719371126,-0.1082697728208413,0.0471671003933145
Grid2,0.020076050679583346,0.11375861601514944,0.2671651474646765,-0.4042945245185015,-0.0952555654033362,0.0452396041938367
Grifin,0.013602281648803533,9.182048905921061e-05,0.0027144693571639887,-0.177780187595774,0.0097170157825006,-0.0418119914819992
Grik1,-0.029509181146406334,0.09592942826633213,0.24022386528549838,-0.5224002435506592,-0.0919117174648704,-0.0346095848246366
Grik2,0.013012592279917013,0.5666403489368546,0.7140396294285808,-0.3011074226272481,-0.1207506733242753,0.0975968647694056
Grik3,0.028531801855913825,0.042267502960094565,0.14617392040640162,-0.4346290460383399,-0.0978466352149893,0.034268393900525
Grik4,0.02956966148511598,0.007547247459598373,0.049933215682764334,-0.3597873167148043,-0.1073374354099324,0.0926954373950508
Grin1,0.06620500147755061,0.008132015802313096,0.05168452735454404,-0.3458632740499605,-0.1879121600431454,0.1326677890829808
Grin2a,0.05329796882619268,0.0026096068613448583,0.026050106848767362,-0.3152801089111071,-0.1697313529536689,0.1240989802543025
Grin2b,0.03782183326306851,0.0036023648565191497,0.03235151960053553,-0.1230785914124589,-0.1147123125906178,0.1123499440660842
Grin2c,0.05301713309990959,8.16388437234983e-07,0.00011213130974263696,-0.3085667311977001,-0.0558012395636836,0.0604451508109856
Grin2d,0.04829327307095389,0.004844907206917708,0.03881222728522287,-0.431396678991144,-0.1440265451892167,0.0824421558753881
Grk2,0.0028648576586925685,0.7920357354274427,0.870914914079626,0.188471863213422,0.0717570682236585,-0.0981352382887279
Grk3,0.006321278905876381,0.40711417193703114,0.5839821939764464,-0.0641500537058877,-0.011652073693154,0.0138012318163713
Grk5,-0.006228215183636521,0.30798378107571417,0.49186055085664987,0.0,0.0329817303915864,0.0289035891242124
Grm1,0.057262537458277654,4.610866599872811e-05,0.0018519709075552134,-0.3697330614754071,-0.1077511530307059,0.0448423248514264
Grm2,0.011410833433022698,0.005076007843614022,0.03995789507758507,-0.2389465178734809,-0.0369494093853768,0.0315879718564484
Grm3,0.051996202550034565,0.014846115753502701,0.07733693484075481,-0.4197104288974358,-0.1559281989894896,0.0289256047857329
Grm4,0.022460120807455995,0.0007123486328443204,0.011426699296034208,-0.4781416793659769,-0.0565146893472586,-0.0024328419624754
Grm6,-0.00040375181747716413,0.21828916123047823,0.3954165523567718,-0.2148280868290192,0.0009809234829305,-0.0002148919379542
Grm8,0.03442474464956405,0.0027920662985263887,0.02733652627405587,-0.3612791784288947,-0.0921042356526624,0.0387989559214553
Grn,-0.05540059563324609,0.3256338174494351,0.5082797132220221,0.478638966604007,0.5823562879357893,-0.391116284068973
Grp,0.00824022779927713,0.14693536169658059,0.3115503473059792,-0.1136301338898863,-0.0473242158725529,0.0413570742586123
Grpel1,-0.002686757584541539,0.6502687688566,0.7770018716180643,-0.3306960132900413,0.0017960628800268,0.023811684981134
Grpr,0.009724875012507123,0.01885074024356636,0.08889825082948082,-0.3595386730957892,-0.0212098603571499,0.0116171690383046
Grxcr1,0.0003562945100739731,0.16671939495356686,0.33587505278757684,-0.3873867584254769,0.0009129424116254,-0.0011156832881269
Grxcr2,-0.0009794731412891894,0.12430193005785879,0.2811814391242296,-0.3090640184357303,0.0005485433278051,0.0004256117153957
Gsc,8.911361522065437e-05,0.7168036019633715,0.8218510167712201,0.0280967289487027,0.0005954289361599,0.0009483740886986
Gsc2,-0.00292789396553278,0.04991694427120894,0.16158996083870333,0.1089059051286,-0.0065852228316592,0.0143072713297979
Gsdma3,-0.002114875525673958,0.13059022172091542,0.29089114454078147,-0.4443261471799277,0.0016126160691493,-6.24740311741881e-05
Gsdmd,-0.05492841731953595,0.10489541723454221,0.25358839967459706,0.2822105075821028,0.3629008922170836,-0.2316145148576842
Gsdme,0.0031916024381671696,0.5604656268370684,0.7076572184395757,-0.2904157470096001,-0.0137057070892621,0.0060544774882238
Gsk3a,0.018181131650046953,0.03289570677013394,0.12597672690274267,-0.4415910673707618,-0.0527526869768895,-0.0014163394141277
Gsk3b,0.006894415964477722,0.34185204746862663,0.5227180138301751,-0.3456146304309453,-0.0899076355773176,0.0402150879535578
Gsta1,0.0003425814419105379,0.6555928839396912,0.7792751840246165,-0.3264690717667851,-0.0005842215354189,-0.0002272070753042
Gstk1,0.0077079114150560854,0.13806914252370658,0.2996045950768773,0.1029384582722384,-0.0494030814767557,0.0328778095004106
Gstp1,0.001917006709934743,0.9331347604387865,0.9583089214814274,-0.0959764369398164,-0.1950671143292932,0.1072452678098929
Gsx1,0.005914503520772344,0.010459133532399986,0.06118353228070221,0.0330696013290041,0.0023514725042445,-0.0144388834964948
Gsx2,-0.0003134467796652363,0.17084483797603545,0.3410878741744645,-0.3346743111942823,0.0004310166780962,-0.0001358892511023
Gtf2a1,-0.008712200378598708,0.48597331523660914,0.650301647697257,0.0561934578974055,-0.064587556713511,0.0054835495062082
Gtf2a2,0.0017883288191593875,0.8225638665002737,0.8900972899992614,-0.1837476344521357,-0.0092671697671519,0.0020398619215247
Gtf2b,-0.0025821433440933847,0.5735920490655593,0.7192460772574774,-0.1613697087407795,-0.0007365341499254,0.0277389122089901
Gtf2e1,-0.002082453566127816,0.5168592877760821,0.6746471232563931,0.0686256388481589,-0.0173024776671391,0.01103431200218
Gtf2e2,-0.003327034031695333,0.32390610639024464,0.5071347601892688,-0.2953886193899014,-0.0008382144482709,0.0003556257436932
Gtf2h1,-0.01775772140273833,0.00772159740316655,0.050546343237555455,-0.0917494954165603,-5.193282190729675e-05,0.004825898520708
Gtf2i,0.011545931960629238,0.3374315744717218,0.5189957856461045,-0.0614149738967219,-0.1371290222439227,0.0453814729092441
Gtpbp2,-0.004989232386944415,0.6122044524085564,0.7494582515770783,0.3088153748167152,0.0215338051168798,-0.0472758823097576
Gtse1,-0.013643683294225302,0.13309849749579628,0.29427848848983634,0.0753390165615657,0.0638323228846463,-0.0237323281221866
Gucy1a1,0.06394398408475879,0.0012399846843751193,0.016471775716139277,-0.4281643119439481,-0.1587979785276322,0.0023193767005094
Gucy2e,-0.0008311764671310097,0.41373609532226885,0.5885297886890388,-0.0683769952291438,-0.0012425307284036,0.0041634853947047
Gucy2f,-0.0003284439905063188,0.5952878436320261,0.7354536820495945,-0.2533678477763549,-0.0009865335789933,0.0023874780085701
Gusb,-0.024403943048768414,0.21451475604722264,0.3906603965001366,0.5930150313509387,0.1677419999792655,-0.0255134576620725
Gyg,-0.015221126439591002,0.15303254314808643,0.3187501031434826,0.5502483288803469,0.0817310845719605,0.0259462275741219
Gys2,-0.00023838353536054883,0.46389871942945815,0.6325440705184887,-0.4065323170896371,-0.0007303926587609,-0.0011734021769343
Gzma,-0.006645035888585189,0.28105584024609476,0.4614309111990117,-0.1466997352188905,0.0538544215642468,-0.0335273500814242
Gzmb,-0.003342155238676626,0.6339960056317331,0.7634593070650307,0.0206374203782506,0.0656332247092936,-0.0393786444526072
Gzmk,-0.0008990472838495653,0.10413398485663705,0.2526755882340484,0.141229575600559,0.0015516138913322,-0.0008004846884149
H19,-0.13908003784994982,0.00015758400838715311,0.003979386271202317,-0.459990695177877,-0.0588684670151024,-0.0010520181180951
H1foo,-0.0005679112025633075,0.15838376076307523,0.3257724046985672,-0.0484855057079383,-0.0001590281960748,0.0001055487959395
H2-Aa,-0.12391021530802361,0.035819517929908964,0.13240243547859828,0.4381100567045509,0.4321199869985577,-0.7012866567806197
H2-Ab1,-0.11824103753866236,0.059021325294926444,0.1799568322351583,0.4224455087066016,0.4616219287055512,-0.6750891176805314
H2-D1,-0.08632028406199528,0.20141459147379812,0.3767568137542517,0.365754763571166,0.3743745850479536,-0.6634126382079701
H2-DMa,-0.054196294513010716,0.1063020492148943,0.2552950814713634,0.3568035932866235,0.2998133241365501,-0.2756190417012298
H2-DMb2,-0.012304598785437538,0.2757509202804913,0.45698682402559654,0.4129970511840289,0.045838404662152,-0.1400721195617549
H2-Eb1,-0.10976048061318112,0.04186938661698798,0.1457854888281609,0.4639689930821181,0.3224712938914091,-0.5881481683819869
H2-K1,-0.05775234185393154,0.25562101913492324,0.4362866104168669,0.329950082432996,0.4024609297482389,-0.7499772900717687
H2-T23,-0.025455030400450718,0.571801884978074,0.7180604173493736,0.242924815777722,0.3906530609050538,-0.3235296232672624
H2afv,0.007964407604677674,0.21094412063766035,0.38678143758903866,-0.087273910274289,-0.0796136022424314,0.0581421584687349
H2afx,-0.005665354697410789,0.6038704486599842,0.7418768252192269,-0.2312385656840138,0.0380554792971263,-0.0593644613525116
H2afy,-0.0035858927190936447,0.6602798097989457,0.781640127589794,0.0363019683762,0.0871392539781452,-0.033242575606464
H2afz,0.00045218479852373054,0.9660656347140477,0.9789234808653869,-0.0728525803714151,0.088408371186591,-0.0367046271263515
Hace1,-0.009030409294293613,0.130126645837732,0.2903922954042781,-0.0447558514227123,-0.0523085959938098,0.0711491043538444
Hacl1,-0.002080943975384883,0.8360376462727227,0.8995207833025012,-0.1713154535013822,-0.0540923299724317,0.0028585440492893
Hadh,-0.015456004494666681,0.118945144595448,0.27371257921937114,0.2851942310102837,-0.0598599288094137,0.0536164504649365
Hadhb,0.01650917812103883,0.13219453370893275,0.2929297638789166,0.1966771026409192,-0.1274448991872756,0.1175581297472458
Hal,-0.051885740091767316,0.41734874662054244,0.5910316370103795,0.5164327966942976,0.6821061671017618,-0.2068762246033499
Hamp,-0.001351453685544718,0.442721791789471,0.6140409044343454,-0.1494348150280562,0.0002778313061471,0.0037816800153977
Hand1,-8.573348950669883e-05,0.5797285485467425,0.7244476546146335,-0.1091545487476151,-0.0003003908954357,-0.0001451183066164
Hand2,-0.00040548700110522426,0.08547923270085891,0.22385691352654963,-0.1315324744589713,0.0004151220912709,0.000352618310244
Hao1,-0.0008014631982806734,0.36236472627363103,0.5421804167917906,0.2287521294938631,0.0118813220676647,-0.000233990070828
Hap1,0.061484578539631865,0.0059211709487137516,0.04377375798462151,-0.4475585142271235,-0.1146541594385084,0.0611802888019652
Hapln1,0.008888744977483362,0.23782291534787428,0.4165984516447481,-0.6183766804904757,-0.048422130835574,-0.0343426706493873
Has2,-0.0018762907165471884,0.36611872967881454,0.545552761120213,0.2958859066279317,0.0138803770245577,-0.0163844153583917
Haspin,-0.006832721416594093,0.1264963454333386,0.2850078878336838,0.3137882471970166,0.037514387981113,-0.0265672254659109
Hat1,-0.007407332655176144,0.21191624741447618,0.3874577163316991,-0.2456598955868878,0.0452675690798909,-0.0106979680613206
Havcr1,-0.0013430475516524089,0.2895843562323198,0.47209006108694895,0.2165685921621248,0.0086488958626427,-0.0294476807975568
Havcr2,-0.04149838852605501,0.033266300714759035,0.1268118647913496,0.5858043663995016,0.1522976065756532,-0.0577385679701333
Hba-x,0.00034743413590244705,0.16342349149714183,0.3327837246015651,-0.1056735380814041,-4.211013595752534e-05,-0.0005485522112297
Hbegf,-0.0297237051252778,0.013473640869380667,0.07207970962600403,0.3456146304309453,0.1118885410044445,0.0024850874799112
Hc,-0.00030648819697613435,0.5328280850868752,0.6867079400227346,-0.4129970511840289,0.0015461183893092,-0.0009459277883783
Hcar2,0.009332625673886022,0.4718603610892159,0.638022758734556,0.152169894837222,0.1489745317672579,-0.0130553914206006
Hcfc1,-0.00268914314137602,0.5361636512913368,0.6889473730575664,-0.0499773674220287,0.0077024364434021,-0.005438163719035
Hck,-0.04917116886025401,0.14854634300677805,0.3132430325248346,0.1220840169363987,0.3795557440190574,-0.279166762510471
Hcn1,0.015172252974802786,0.2786014671419735,0.4596165536078631,-0.4433315727038673,-0.0959697685479438,0.0572230416618434
Hcn2,0.08154824161901672,0.0020833866419670962,0.02225328568891116,-0.3476037793830659,-0.3274440409394721,-0.0953037548570991
Hcn3,0.007017433180634444,0.14754402290122298,0.3121617838320773,-0.4152348437551645,-0.0233300476762489,-0.0012076888569974
Hcn4,0.018876032794363052,0.009110433626100324,0.055856156161944406,-0.3943487797578988,-0.0610280281969664,0.0346386694732782
Hcrt,-0.004305675667259379,0.007953424672583009,0.051160680018721226,-0.0825496815130027,0.0023042111963168,-0.0011258317732369
Hcrtr1,-0.0015743702137553943,0.6153109620050646,0.7508854586573767,-0.4858496315554441,0.0031473449319174,-0.0062736432189414
Hcrtr2,-0.0007835746223611565,0.7472004642481967,0.8399056629331576,-0.3448686995739002,-0.0207410049733237,0.0091216509310645
Hdac1,-0.013562319109911469,0.08016370618160833,0.21601429753427578,0.0044755851422712,-0.0020370146314722,-0.0090722588371628
Hdac2,0.003954839860349575,0.7694531992861426,0.8560481503944631,-0.3254744972907248,-0.1072167299005182,0.0328407658731675
Hdac3,-0.000314668079512312,0.9671255237840357,0.9794137972647143,-0.1720613843584275,-0.0440411891833194,0.0632692394223548
Hdac4,0.0011963405952457847,0.8707513340185566,0.9196958081498309,-0.4050404553755468,-0.0262815744795226,0.0904795655916221
Hdac5,0.029804547288425996,0.0019153949105622321,0.021330995283347066,-0.0604203994206616,-0.0721147190255111,0.0197085098985165
Hdac6,0.0059004331408241345,0.46079901357111475,0.6300015460268711,-0.2814645767250576,-0.0440696807953375,0.0566131367767244
Hdac8,0.009816590787925699,0.25651345461188185,0.43688652152761576,-0.1554022618844178,-0.0592345569557809,0.0309395092888091
Hdac9,0.00895589519285609,0.23650272457188004,0.4154762918943203,-0.2521246296812796,-0.0367999904279148,0.0245127562605297
Hdc,-0.008298103104128499,0.3794380084779203,0.5593969020941825,-0.0703661441812644,0.0672734689663753,0.0026761170862859
Hdgfl2,0.0003872559155224429,0.9489213999179793,0.9661714116282406,-0.3060802950075494,-0.0438793009630553,0.0464475612844981
Hecw2,0.03605626299324031,0.06442550722146963,0.18892801866377612,-0.2421788849206768,-0.1873904346152238,0.1884585022258754
Hells,-0.006006570199978065,0.34265959180063366,0.5232490329023817,-0.1877259323563768,0.0255672838254688,-0.0202271800856206
Herc6,-0.01572295280942606,0.5392894396254206,0.6915322854523054,-0.0335668885670342,0.1841809089095618,-0.1210015379436297
Hes1,-0.019758632955049607,0.050449053132264825,0.16287381014410307,-0.1034357455102685,-0.0763290046575189,0.0940128592776637
Hes2,-8.727003529098187e-05,0.7361086163217667,0.8339383397673942,-0.3615278220479098,-5.990498446699528e-05,0.0009984961793237
Hes5,0.005368221230538785,0.17992750508870764,0.35192109028278284,-0.2618217308228672,-0.0319705563672245,-8.236632054783866e-05
Hes6,-0.009636148876835993,0.2763842673122352,0.4575326972742937,0.4338831151812947,0.0679870477313872,-0.0574246181566151
Hesx1,-0.00017397649656551514,0.44431576003220385,0.6152157144202693,0.1399863575054836,0.0008488335833599,-0.0010984780981175
Hexa,-0.0370054321916236,0.2636135674150417,0.44364658772158616,0.7078883833359003,0.1404116197668465,-0.0437406411097569
Hexb,-0.04977158274374274,0.050294500146317124,0.16258063703825326,0.7414552719029347,-0.0001999409352295,-0.0408389468769652
Hey1,0.02321413206487929,0.18516878186684568,0.3576470868242256,-0.3254744972907248,-0.1641013828570752,0.0144386194113526
Hey2,-0.038089739653372263,2.929576457990339e-05,0.001383682362241548,0.0668851335150534,-0.0699115760539902,0.0517973610764802
Heyl,0.014942771904730208,0.10132613633222158,0.24838794814873502,-0.2322331401600741,-0.0683687682398866,0.0371740557755551
Hfe,-0.031389559284305424,0.0003711616720897645,0.007338355384999568,0.6842672395294689,0.0563530733145526,0.0333427591029028
Hfm1,-0.0006905849313136646,0.3748052553264025,0.5538475108400867,-0.4154834873741796,-0.0010853550600879,0.0005505646788434
Hgf,-0.02889181834106078,0.0054145018794558965,0.041721108892907144,0.6569164414378114,0.1005571887934031,0.0235498090170177
Hgs,0.013140219404947072,0.021772069020226915,0.09767750578027923,-0.5594481427839043,-0.0176325322900445,0.0057247093042545
Hhex,-0.03667473920093532,0.0357490923417775,0.13223794056229662,0.4423369982278071,0.1554698585534946,-0.1644683579631946
Hibadh,0.003672766355029996,0.7797068362736108,0.8627515340198891,-0.1327756925540466,-0.1228310755283316,0.0741877719508765
Hic1,-0.03807848960848106,0.023250519687371404,0.10103922232630937,0.4724228761286304,0.0207786545580633,0.1024488775662795
Hif1a,-0.049000344397036974,0.011977790832410858,0.0664839075474731,0.0226265693303712,0.2668833827563346,-0.1225673312659818
Hif1an,-0.0018639997651697256,0.5749902712834991,0.7202911035896682,0.1857367834042562,-0.0168093946030861,0.0193641225434737
Hif3a,0.03380070096575247,0.003398828378140371,0.03095968492302506,0.1163652136990521,-0.0673064401519674,0.1637860733383732
Hikeshi,0.0052921147545982785,0.2136003249394417,0.38955139703828817,-0.1961798154028891,-0.0377860939052168,0.0153272274619372
Hip1r,0.01563322885936592,0.1373828823073319,0.2985897241796762,-0.3130423163399714,-0.1219341529911015,-0.0363856592508158
Hipk2,0.021200879880241403,0.058195447634365335,0.17872063719620565,-0.3028479279603536,-0.0091852410295742,-0.0348683021991511
Hira,0.001720100125162418,0.7470708063919503,0.8399056629331576,-0.3655061199521509,-0.0088088261033755,0.0147260725578892
Hist1h2ba,0.00013816405109947665,0.6005951070448468,0.738759498682364,-0.0924954262736055,1.3630520468395095e-05,-0.0002877410375666
Hist1h2bc,0.012625456173123287,0.49522695886181045,0.657680998998723,0.0450044950417274,-0.2175428470598224,-0.0589941367544568
Hist1h4h,0.005642957098152916,0.7486848280310978,0.8409359718785758,-0.0479882184699082,0.0834178216423441,-0.136346196153537
Hist2h2bb,-0.0414161258680838,0.23802834847945642,0.41667213644259,-0.0067133777134068,0.3053273282315267,-0.1416298269070821
Hist2h2be,0.0012508406344519107,0.6247616918079677,0.7568058394472674,-0.1103977668426904,-0.0221628987868971,0.0131891878310992
Hivep2,0.020702732343488434,0.06616988538575055,0.1910604779273053,-0.0716093622763397,-0.0559995248391489,0.0945095513942828
Hjv,0.0014431740555118444,0.041979349494075384,0.1459077027806344,-0.188471863213422,-0.0062998754076275,0.0059760995665378
Hk1,-0.0037861455531531664,0.6913673672336045,0.8034093047971825,-0.0837928996080781,-0.0366545894553838,0.0483051682159403
Hk2,-0.01764963089263058,0.6513800106283891,0.7772372945533129,0.2511300552052193,0.3671572737479334,-0.261123125067085
Hkdc1,0.002386945141872883,0.001260519248090941,0.016657794519460853,0.1156192828420069,-0.0004037298974339,0.0075216366624434
Hlf,0.04105595149777888,0.08264634846834425,0.21978385423235003,-0.0380424737093055,-0.3213123418741496,0.2753054723597119
Hmcn1,-0.0006519152408682857,0.9397609698391451,0.9616290285154422,-0.1181057190321576,-0.0755732940646708,0.0019812921563212
Hmcn2,-0.011208600709572492,0.11901252830341016,0.27371257921937114,-0.3719708540465427,-0.0085508302772465,0.0087886378550498
Hmga1,-0.0053957195352767814,0.459932374336833,0.6289879876686701,-0.1991635388310699,0.0504938186160824,-0.0332331931154694
Hmga1b,-0.0035437749751612234,0.49103438387782294,0.6536446743634591,-0.0484855057079383,0.0500986655787105,-0.0257986520684156
Hmga2,-0.004242428546743359,0.023591085514402,0.10172284633048571,0.0765822346566411,0.003918333955017,-0.005756624661632
Hmgcr,0.014956177656399975,0.5554949974254151,0.7031215835898369,-0.7911839957059483,-0.098558376943548,-0.1344380025491713
Hmox1,-0.07816790820898999,0.10514366033634326,0.25370757397146976,0.3697330614754071,0.5392083309824889,-0.1965140474001713
Hmx2,0.0010125522410356566,0.06343417893669871,0.1874858038977803,-0.3898731946156276,-0.0018017178619554,-5.591016290442882e-05
Hmx3,-7.588871876938244e-05,0.7916232358190521,0.87064901378029,0.0601717558016466,0.0009040231823349,-0.0002589994828491
Hnf1a,-0.00011140692423523275,0.6348867822945413,0.7641711836914713,0.1250677403645795,-0.0006222719415374,0.0012837665865217
Hnf1b,-0.0009718336461160515,0.001473659065951318,0.018174186609143397,-0.2566002148235508,-0.001097031120936,0.0004507064188385
Hnf4a,-0.002386983658868872,0.01907197684267555,0.08917154342299538,0.0166591224740095,-0.0024943123495777,0.0021482316927374
Hnrnpa1,0.0017934544855314524,0.8608205261230838,0.9146106027398148,-0.0064647340943917,0.0565029265482666,0.0020786594349559
Hnrnpdl,0.0028875777084682165,0.870835990529738,0.9196958081498309,-0.2963831938659618,-0.0991282761008554,0.0184210945753628
Hnrnph1,-0.007590216905675867,0.4195319154047519,0.5929709893265833,-0.2971291247230069,-0.0748441686007139,0.0556126312517089
Hnrnpk,-0.018989506575829207,0.15107767094991006,0.316423966592153,-0.3326851622421618,-0.0318963166548609,0.0341245812109491
Hnrnpm,-0.015798825602579836,0.14326094781727108,0.30640423262721167,-0.0417721279945315,0.081686917582656,-0.0179131619516976
Homer1,0.007124246200984141,0.5371453375233877,0.6894761868914948,-0.3140368908160317,-0.0577951961057844,0.032070259825005
Homer3,-0.027644428525223193,0.00010989218939124749,0.003090776605566682,0.7295203781902113,-0.0028191026142037,0.0545051944307666
Hopx,0.002477964580770367,0.878133966688218,0.9235796626962062,0.1862340706422864,-0.0753987899691783,-0.0309343677067603
Hoxa1,0.01455567038423075,0.00016622449554427358,0.0041311596828813415,-0.1785261184528193,-0.0219566749818038,0.0173253425608202
Hoxa10,-0.3167556386045747,1.933812583055432e-12,1.644062997694293e-09,-0.2665459595841535,-0.0927617306030978,0.1289255112177767
Hoxa11,-0.004271551371599288,0.27334445262696394,0.4544752453879215,-0.2230333262565165,-0.0082518322074966,0.0192123021107437
Hoxa13,-0.00011332818106657559,0.7146462431659515,0.8202149723675681,-0.1958309685739498,0.0006439138382037,0.0003222433739506
Hoxa2,0.01795681718463366,2.3722494795640983e-09,9.771184558377732e-07,-0.0119348937127232,-0.0171437594735494,0.01394091353706
Hoxa3,0.04923707110009788,4.782184620285352e-05,0.001878601692577973,-0.2347195763502248,-0.0919374614732906,0.1020045948843789
Hoxa4,0.040527948982010516,1.3964377585617501e-08,3.9573494480130486e-06,-0.1700722354063069,-0.045306735947073,0.0485025674524234
Hoxa5,0.10756108220685157,1.803640063403422e-11,1.150045995427607e-08,-0.0275994417106726,-0.0803560861212282,0.074994573212168
Hoxa7,-0.0562397751691925,0.0001118089949116988,0.00311659936089932,-0.4144889128981194,-0.1049946601518227,-0.0003667232793412
Hoxa9,-0.3752240716256312,1.585060658233398e-16,8.085394417648563e-13,-0.5440322384049702,-0.0902498721565154,-0.0126214460557878
Hoxb1,-2.52031016717283e-05,0.9483027077182761,0.9661714116282406,-0.2926535395807357,-0.0012520402066605,0.0020997249951577
Hoxb13,-0.00040209996298038055,0.16701734472138827,0.3359730269907453,-0.1924501611176631,-0.00028980090255,0.0003264910313214
Hoxb2,0.021118085581421763,0.0001814474802837582,0.004365866023242691,-0.0924954262736055,-0.0248487579223596,0.0339627114169895
Hoxb3,0.02312337802133795,0.06484382704684478,0.1894435061660683,-0.1178570754131425,-0.0873728828974966,0.1592544699943043
Hoxb4,0.018198712378180753,0.012725543099491652,0.06920361977665983,0.1767856131197138,-0.0154591471181212,0.0533319669609653
Hoxb5,0.10833600309905136,5.089113984548049e-07,8.112365760993623e-05,-0.1805152674049398,-0.1500834468663197,0.0799563053563183
Hoxb6,0.025731909218972733,0.0741392934690374,0.2065667712280753,-0.2332277146361344,-0.0778958861976202,0.0499530747617794
Hoxb7,0.05074111622608053,0.0003522455456553738,0.0072594706109072125,-0.2817132203440727,-0.0762097112327533,0.0409043558398998
Hoxb8,0.13874246339967994,4.5065286724665017e-05,0.0018519709075552134,-0.1969257462599343,-0.2245475791109981,0.0928577010260829
Hoxb9,-0.34542915901903576,4.893478095737741e-11,2.773514640706469e-08,-0.4483044450841688,-0.2860981470537383,-0.0481500552994909
Hoxc10,-0.22600003570970126,3.729867655607453e-12,2.718007844464803e-09,-0.3093126620547454,-0.0900559198396741,0.1002708525674494
Hoxc11,-0.012975401375330597,0.26119578010947764,0.44117870011206806,-0.3570522369056386,-0.0285354262232626,0.0647318175219634
Hoxc12,-0.01033120581519433,0.2577870557554777,0.4376151425154343,-0.1128842030328411,-0.0206625771101434,0.0478316510625419
Hoxc5,-0.05902037893065903,3.353410205416512e-07,6.109194806367723e-05,-0.2018986186402357,-0.0495359096417644,0.0212771693832326
Hoxc6,-0.30635404206329875,9.583744991174639e-15,1.9365946419802206e-11,-0.4177212799453152,-0.1226240377114148,-0.0158146604409523
Hoxc8,-0.24738384668720034,1.1389499952834075e-14,1.9365946419802206e-11,-0.1332729797920767,-0.0655901627711829,-0.0429033559811634
Hoxd1,3.6283763571454076e-05,0.9844650107113664,0.9893736663367988,-0.4721742325096153,-0.0090926309964803,-0.0092891297193
Hoxd10,-0.017530959351976946,0.11430189036327564,0.26745593703810505,-0.1143760647469315,-0.028668216898148,0.0682854402148249
Hoxd11,-0.017872577752374472,0.2680565692866455,0.44860779525301137,-0.1176084317941274,-0.0443872932858366,0.0979403349680223
Hoxd12,1.4793169963365551e-05,0.9455564596643802,0.9651130272409211,-0.1626129268358548,-9.16834698376956e-05,0.0013951199325907
Hoxd13,0.0001593218816353726,0.7386733807530265,0.834758115646287,-0.1964284590219042,-0.0005103188321666,0.0015539719772555
Hoxd3,0.003635647525231317,0.5006031442648322,0.6624063914124277,-0.3476037793830659,-0.0187914875777758,0.0031368111336584
Hoxd4,-0.023388392560695553,0.00790401472060876,0.05103592289851301,-0.1307865436019261,-0.0271875130926676,0.0233728468823049
Hoxd9,-0.26437127201278654,1.8786375265291023e-13,2.3957325057062376e-10,-0.5042492593625593,-0.0877550178606121,0.0246947193818973
Hpcal4,0.06845914293785466,0.02556268067867448,0.10714481030560272,-0.2991182736751275,-0.2167320361765889,0.1543782102146901
Hpd,-0.00018246556460449495,0.6636611262582737,0.7845504994306962,-0.2941454012948262,0.000621813998691,0.0001225344497574
Hpgds,-0.049663856291282754,0.0001565099152970229,0.003979386271202317,0.7024182237175689,0.0164456360124835,-0.0404697097540351
Hprt,-0.008264323058802741,0.410933829684869,0.5871634356365594,-0.3988243649001701,-0.0119804765421853,0.0059692333505285
Hps4,-0.00997075228352501,0.0943368408847802,0.23748221966974317,0.6129065208721441,-0.0604784983863554,-0.0042390025284442
Hps5,-0.01940194564168821,0.004831291569063094,0.03881222728522287,0.5460213873570907,0.0123526315938191,0.0181104809081853
Hps6,-0.01202579916152025,0.3484365506527827,0.528351618573081,0.2772376352018015,0.0898335546940226,-0.0646078098812234
Hpse,-0.04542924493140049,0.12668516066650995,0.28504375383276565,0.7223097132387744,0.1806630210946206,0.0206946887053476
Hpse2,0.0008685721335204671,0.3381937021008372,0.5193034540687449,-0.1248190967455644,-0.0051035332429532,0.0045549005964292
Hr,0.0184835095164744,0.14366146631122861,0.3070034099931199,-0.4336344715622797,-0.079738501689448,0.016539292890664
Hras,0.001323111427673375,0.41012026404976254,0.5865867094453238,-0.2454112519678727,-0.0134417278755431,0.0076747604665658
Hrg,-0.0006046640633204966,0.1792060399876981,0.35091363146919313,-0.1297919691258658,-0.0005371604066823,0.0011978932651895
Hrh1,-0.00033969195635865106,0.9633957783830085,0.9766060941040791,-0.1046789636053438,-0.077070350403482,0.0700007898320431
Hrh3,0.022344112952075838,0.041429919969489935,0.14506593316034744,-0.3137882471970166,-0.0787526910149107,0.083085220816296
Hs3st2,-0.006754123454129328,0.24604608787893387,0.4260288846810732,-0.521405669074599,-0.0445132543504625,-0.0122307183970784
Hsd17b3,0.0007653203448316133,0.011638499793341478,0.06552757996229015,-0.3630196837620001,-0.0009902417461452,0.0004852893154389
Hsd17b4,0.019250062005231737,0.0002511376676725415,0.0055941189641818085,0.0554475270403603,-0.0361123566171324,0.0051768931993383
Hsd17b7,-0.011954266932002916,0.2906409243043924,0.4733586701394335,-0.760600830567095,0.0223453568120093,-0.1466556791936433
Hsf1,-0.0004312616286278847,0.9474589750528628,0.9661381853687463,0.0706147878002795,-0.0685147882265417,0.072949693888149
Hsf2,-0.0019570932810436957,0.6532573640206765,0.7782031326178119,-0.0072106649514369,-0.0266844686180006,0.0185127399721917
Hspa1a,0.00901585045141,0.4950001614493651,0.6575509957169821,-0.1511753203611617,-0.2336103923155711,0.0792947312321421
Hspa1b,0.033283117335167485,0.028423826492068472,0.11452601811693625,0.069122926086189,-0.5279200200863419,0.2053852057507024
Hspa5,-0.021846071597317156,0.33404535631711507,0.5167995385407959,0.0651446281819479,0.061309399069636,0.0781629930399399
Hspa9,-0.003912551567968026,0.7392168489805312,0.8351595009190896,-0.3505875028112468,-0.0396891795181393,0.0918992321084639
Hspb2,-0.028525088631483942,0.0014536755159224781,0.01813007043207961,0.3717222104275275,-0.0700192243552868,0.0990191963452904
Hspb3,0.0013168199537842058,0.20936749336088567,0.38525658059841156,0.3513334336682919,-0.0015751697437602,0.0030493972758359
Hspd1,0.01511838359081248,0.06080787256616298,0.18264504668922715,0.0447558514227123,-0.1129351022686679,0.0113760426131914
Hspg2,-0.11204102984469849,4.012401163028998e-05,0.001686964754431245,0.5679020258304167,-0.0588194576037983,0.1828550673575888
Hsph1,0.09372699621818945,1.1769632205840926e-05,0.0007321572424633484,-0.2195523155903056,-0.4562442674011557,0.0882688894295573
Htr1a,0.01700930338850857,0.03877100089100724,0.1392871092765175,-0.5186705892654332,-0.0616898572300127,-0.0033042796493324
Htr1b,0.002160460177087747,0.41068264878891403,0.5871334617354962,-0.2091092835916727,-0.022152585316057,0.00917174337667
Htr1d,0.0005457558427278022,0.5029383448324389,0.664468137594635,-0.2777349224398316,-0.0043061449762068,-0.000756253255121
Htr1f,-0.0033060164912542766,0.2865361207652646,0.4684681897511585,-0.5174273711703579,-0.006344457311641,-0.0059625543497147
Htr2a,0.004090331303021949,0.6511292273722373,0.7771198382839922,-0.4848550570793838,-0.0594626141983259,0.0411413917638397
Htr2b,-0.007298311785991571,0.4059115479633387,0.5827623997075685,0.7618440486621703,0.0627179633469515,8.638580332432505e-05
Htr2c,0.02081817991632049,0.15017473671069448,0.3156041874563826,-0.3471064921450358,-0.098116287676379,0.0495325371534914
Htr3a,0.0018998966802266362,0.7407705766526852,0.835707023258533,-0.2436707466347672,-0.0221258090275917,0.0074375548840171
Htr3b,-0.0006732403848850136,0.11338844358945954,0.26690354458622134,-0.2832050820581631,-4.1184129259659065e-05,0.0001290148964563
Htr4,0.008663826748274123,0.10848257040569488,0.25882581461152926,-0.4236887268016769,-0.0350151685087558,0.0187262597601123
Htr7,0.014195346528267469,0.09333649739734348,0.23558113469759975,-0.7193259898105935,-0.0011677779250813,0.0050235427247811
Htra2,-0.011655482515813295,0.12330651547786241,0.279673870810394,0.5895340206847278,0.01198348458825,-0.0005955887416809
Htt,0.0006966840753547019,0.9070219582037462,0.9388634352267268,-0.3508361464302618,-0.0210708295831858,0.0444911638944007
Huwe1,-0.010116558358645666,0.28509917767554643,0.4667172353411304,-0.1307865436019261,-0.0594546069855346,0.0590704291526655
Ibsp,-0.0019786696019497333,0.1033068143739235,0.25165618916971527,-0.4788876102230222,0.0039280679610722,-0.0018244811388717
Icam1,-0.020335900480787053,0.5969326708900239,0.7358717949837553,0.1337702670301069,0.4569771216231679,-0.2615212573732992
Ick,-0.0040858267452579195,0.48376840296145174,0.6492245786651842,-0.1924501611176631,-0.0614686078412644,-0.0059543268468995
Icos,-0.016997630508533337,0.3303229267523351,0.5129306695170963,0.134018910649122,0.1938891264249348,-0.2178930629528131
Icosl,-0.030635388747033743,0.06112472089455473,0.1831945953484863,0.3374093910034481,0.079551099698555,-0.143727858904066
Id1,-0.014643025022026225,0.30429093849310207,0.487802664127377,-0.0902576337024699,-0.0023134153040567,0.160230160989992
Id2,-0.009534131041549569,0.5180586161087763,0.6753429595632171,0.1424727936956343,0.2141743025927129,-0.0841252553702189
Id4,-0.002071074020783689,0.9591859050739008,0.973692995379496,0.2280061986368179,-0.3281778162009234,0.1983324868782341
Idh1,-0.009769122577457089,0.4354152418878411,0.6083410432401746,-0.2710215447264247,0.0386166574913651,-0.1021904229013326
Idh2,-0.01656106447028521,0.18419006446921066,0.3563982189502102,0.6039553505876017,-0.0880792792862912,0.1812722163558944
Idi1,0.02678775774443336,0.1536123331448773,0.3196966590665113,-0.8329561237004799,-0.0248688153529592,-0.2147889387633528
Ido1,0.00017307700668729896,0.7555145070113947,0.8451502391154362,0.069122926086189,0.0020264933622085,-5.930561640387147e-05
Ido2,-0.0006723449203034556,0.6182069876399396,0.7519012503460496,-0.3244799228146646,-0.0017218480487216,0.0016053943613704
Idua,-0.010971847084728762,0.3082686102898862,0.49186055085664987,0.5669074513543565,0.052774812528582,-0.0560673280433159
Ifi204,-0.023101520165527335,0.22790088673268902,0.40619232118219656,0.0658905590389931,0.2036268537521124,-0.085665965146629
Ifi208,-0.002014502163143598,0.30802423281448676,0.49186055085664987,0.0897603464644397,0.0194040065033141,-0.0161226216172407
Ifi209,-0.019230984104349726,0.22105488844086427,0.3983048343118505,0.003729654285226,0.1483046216502306,-0.1822293867033746
Ifi27,-0.002873379167560927,0.9157465143347928,0.945665108601019,0.1563968363604781,0.1197834624779157,-0.2564168502665646
Ifi44,0.0046339074959128096,0.7777142184540692,0.861986159478085,-0.1248190967455644,0.055366215724872,-0.1273785550590726
Ifih1,-0.01731219574974872,0.22653477469396266,0.4048224970970728,0.0176536969500698,0.1087096451692015,-0.0839421189717155
Ifit1,-0.013064205542463429,0.5423331122268713,0.6938653637996666,-0.1447105862667699,0.089965951909182,-0.0990982871944275
Ifit3,-0.03432121117555298,0.2070296661680726,0.3827685129116848,-0.3018533534842932,0.1456938180637342,-0.1153486837525327
Ifnar1,-0.019805357520552472,0.037081285630769754,0.1353984523998257,0.2334763582551494,0.0505738898757235,-0.0154153998683415
Ifnar2,-0.02711405588677948,0.08354983555525329,0.22111789280590896,0.4316453226101591,0.1852839245941006,-0.1066340827926635
Ifnb1,-9.683253004919869e-05,0.7131749382706133,0.8187948143413005,-0.0474909312318781,0.0007350796701719,0.0002360026364951
Ifng,-0.0003980035159286265,0.8167280781538863,0.8867879792811779,0.1108950540807206,0.0199824004055154,-0.0058038682110073
Ifngr1,-0.03959445698271004,0.04632054910563228,0.154711167317382,0.3192584068153481,0.2865280683537252,-0.1925978487040751
Ifngr2,-0.0015308426286518944,0.8673605477682359,0.9175657921858322,0.2879293108194494,0.0846011407727812,-0.0961342894454931
Ifnlr1,-0.004675385263100882,0.01463980788451802,0.0764356806744385,-0.0591771813255863,0.0215035775335319,-0.0156734199540553
Ift122,-0.007208996252315959,0.26736623090724787,0.44786757442513925,0.1573914108365384,-0.0728439737444363,0.1004521566262041
Ift27,0.002667214235926892,0.7336259312406412,0.8329013744176521,0.0196428459021904,-0.0581081513098932,0.1080344816351234
Ift88,-0.007094025445301889,0.3925172659915729,0.5696548814323062,-0.3563063060485933,-0.0270706464179393,0.0492974340171071
Igdcc4,0.030236520525569147,0.060242008749039205,0.18182348983345067,-0.0743444420855055,-0.2225649234883778,0.1361969728832628
Igf1,-0.016110225266929623,0.6227053121213957,0.7552115542394767,0.7926758574200388,-0.0451963637101542,0.1596425965266443
Igf1r,0.02269385400918953,0.08673314336894575,0.22604404190902572,-0.4239373704206919,-0.0523267109534879,0.0636688547512704
Igf2,0.1766760743871946,0.02187743961087941,0.09788210213775794,0.4694391527004496,-0.5296505347086189,0.6541058916720726
Igf2bp1,-0.0007994139753432071,0.0237803893155549,0.10203538036983512,-0.3413876889076892,2.24725438939229e-05,-9.045383889811144e-05
Igf2r,-0.004381481905468108,0.7912279305869205,0.87064901378029,0.4719255888906002,0.1702872376346034,-0.0501703613010672
Igfbp1,-0.0002882284083735141,0.3816867214897365,0.5607870146786326,0.0547015961833151,0.0014777374033516,-0.0008350479593435
Igfbp2,0.06592425569960335,0.010118484084536404,0.05980809654139073,0.3704789923324522,0.0921894419423244,0.1726297830866543
Igfbp3,0.18129573240134195,0.0005324316876044829,0.009504891826352592,-0.3699817050944221,0.2988920507181456,-0.1274234208974096
Igfn1,0.0012098248081794487,0.6217893996795549,0.7544594975655113,0.0492314365649835,-0.0078276399579664,0.0189054720932411
Igha,-0.07540398516881733,0.0013047552280171966,0.017109399532431156,0.764081841233306,-0.0626637867423963,-0.332811257401989
Ighd,-0.03340117186364761,0.3254153518996885,0.5080941873401625,0.3789328753789646,0.0716071008782799,-0.3620056535052858
Ighm,-0.012259631557041548,0.711852825064374,0.817664859355612,0.4689418654624194,-0.1016446696605746,-0.3864486108378751
Igkc,-0.1566097800810031,0.0058131066647620095,0.043225447663193896,0.8356912035096457,0.1503150134834279,-0.2475730161106906
Igll1,-0.0006804031359640057,0.01339381150199851,0.07191771839125727,-0.0156645479979493,-0.0001726797841662,0.0014472669991569
Igsf11,0.0248278559085401,0.339743372613975,0.52042971282399,-0.1101491232236754,-0.2940359136887147,0.0999287762518923
Igsf21,0.026117007716224227,0.02950657289053868,0.11680524750945494,-0.3605332475718495,-0.0852330481558206,0.0302051304680525
Igsf5,0.007393988182903261,0.004197699115934908,0.03533409767390094,-0.1332729797920767,-0.007370275946601,0.0035560752508479
Igsf8,0.01051236429997679,0.19656388835788322,0.3712226562434514,0.1424727936956343,0.0073058868453835,0.02166684458457
Igsf9b,0.0007480970548178066,0.947706895978049,0.9661381853687463,0.0263562236155972,-0.0064425204758762,-0.0969652917534498
Igtp,-0.026108654177989667,0.6621669033830508,0.7830678113332912,0.043512633327637,0.5313489951010684,-0.3839637487638609
Ihh,0.0010871733856231633,0.06810573046832429,0.19462595580891998,-0.4945521582209715,-0.000870424958874,0.0004386730131431
Ikbkb,-0.023576085216494503,0.08172812640666899,0.21860567704997075,0.3533225826204125,0.1346985284283879,-0.0752499692619388
Ikbkg,-0.018602140075214813,0.0047850181788871736,0.038620850839404225,0.5589508555458742,0.0631450163163338,0.0217640655669586
Ikzf1,-0.0474974875716733,0.012222058771374219,0.06754574408751884,0.3426309070027645,0.2013371253624066,-0.1894376362815145
Ikzf2,0.0015139577454530756,0.868230941226939,0.9180858273628971,0.1976716771169795,-0.029427267803715,-0.0403907721998418
Il10,0.0007777339006217669,0.5755642545231962,0.7208331112994902,0.3635169710000303,0.0135704865695354,-0.014913183771802
Il10ra,-0.05110131050375111,0.0881577595337872,0.22746218076977667,0.2506327679671892,0.3375581579308877,-0.3800055340685495
Il11,0.0006088346418569668,0.9453339571979658,0.9651130272409211,-0.5639237279261756,0.0185052665993186,0.0039453435158774
Il11ra1,-0.01579860254440349,0.0806509506429952,0.2168690032840899,0.5554698448796632,-0.001039077268273,-0.0151798049421413
Il12a,1.6988766746775633e-05,0.993748200195254,0.995610355241997,0.0949818624637562,0.0223842116301596,-0.0082370694852929
Il12b,-0.003242913625024943,0.10050513788149591,0.2471922412408441,0.1148733519849617,0.0134409945214055,-0.022791695184778
Il12rb1,-4.2770699751287275e-05,0.997672835189954,0.997868457314501,0.0186482714261301,0.1687277354513458,-0.0587472992231052
Il12rb2,-0.004369326266193279,0.08548779995093485,0.22385691352654963,0.1772829003577439,0.022517381081058,-0.0108214193893861
Il13,-0.0010816533529059947,0.07939209329523039,0.21507119909663847,0.0795659580848219,0.0017335184193784,0.0016341829798279
Il13ra1,-0.0060836777646069715,0.7460756011672524,0.8395613592663036,0.3311933005280714,0.2013708618678203,-0.006854198307919
Il13ra2,0.003582076791932194,0.0001634583411311922,0.0040872597946579,-0.1792720493098644,-0.0014198312793037,0.0042128331367876
Il15,-0.00497552258156536,0.028273632257551307,0.1143001725375714,0.134267554268137,0.0023541214507511,-0.0024891060408622
Il15ra,-0.00467033397293847,0.5280601985087936,0.6831709795187342,0.1539104001703274,0.0578907902853683,0.0301647776738968
Il17a,-0.008315411007356185,0.18983785710535925,0.36336319290598035,-0.1422241500766192,0.045410259420091,-0.0101104098717213
Il17f,-0.0047497722027834985,0.08866077544135455,0.2279529312128778,-0.3292041515759509,0.01333542867549,-0.0026771699086671
Il17ra,-0.038157389221457824,0.1193080291086502,0.2741397551726237,0.1263109584596548,0.2928005373627422,-0.0372500326286264
Il17rb,0.0020283292181203475,0.49044541657770013,0.653031080648094,-0.264805454251048,-0.024922860852416,0.0200075339963133
Il17rc,-0.017691956227401252,0.09828046137652154,0.24359991908728687,0.3070748694836097,0.0259275343148516,0.0539561098038015
Il18,0.013144006662758648,0.1238049996984741,0.2804304189440126,-0.4473098706081085,-0.0566866724952405,0.0464193986693564
Il18r1,-0.020536539840011362,0.133687709139034,0.2949571817985348,0.1695749481682767,0.1104481786151433,-0.1072020387417993
Il18rap,-0.03574010000905158,0.18618011891922442,0.3589209322021783,0.0599231121826315,0.3624576094788416,-0.1534341337980487
Il1a,-0.007946613652995965,0.6545093168902969,0.7791228315879487,0.1049276072243589,0.1780409319044804,-0.0865047928728572
Il1f10,-0.00064962903436622,0.6659640886847635,0.7857808036219719,0.3214961993864837,0.0098263680135951,-0.0100758715771976
Il1f5,0.0002587239295497703,0.2609081906623999,0.4408389137359728,-0.2409356668256015,-0.0001491135896664,0.0001377763957173
Il1r1,-0.020104941256575914,0.2112182202323386,0.3870057979185198,0.1039330327482986,0.1019236417281734,0.0501857190095585
Il1rap,0.028118348876764017,0.08305108877420653,0.2203604571331044,-0.5731235418297332,-0.0641605461271084,0.0341170627129543
Il1rapl2,0.0007371073737632552,0.6896181857565329,0.8018560213230167,-0.4766498176518865,-0.0106364274363398,0.005898498375224
Il1rl1,-0.00257446241558422,0.18099468823373577,0.3531745148659703,0.5758586216388989,0.0234981609364851,0.0012165982388254
Il1rn,-0.04456284282732541,0.27489915011679467,0.45631648706338096,-0.003729654285226,0.4759858926563228,-0.1763899321519692
Il2,-0.0012144976831554766,0.3236828165730392,0.5069407575496079,-0.2841996565342234,-0.0005834195893802,0.0014427852651863
Il21,-9.0426672026613e-05,0.9515423787791555,0.9678599549655976,-0.0842901868461082,0.0055822755997317,-0.0183456519404946
Il21r,-0.023426667562564802,0.24869331106908518,0.4288656456265732,0.3167719706251974,0.1689715344789687,-0.2292843150511426
Il22,-0.001993188541688094,0.22721879554077543,0.40530166961683284,-0.3577981677626837,0.0052253625736606,0.0004060722115387
Il22ra1,-0.003323379682712156,8.355581412021899e-07,0.00011213130974263696,-0.1655966502640357,-0.0017978109320147,0.0040561176695543
Il22ra2,-0.0008538563155699822,0.20558269115529712,0.38125016730230893,0.0397829790424109,0.0033571233417221,-0.0003208704087198
Il23a,-7.433992510358442e-05,0.8281741089024607,0.8939718056624634,-0.3030965715793686,0.0009213073173253,0.0003923122505098
Il23r,-0.0004176978265912193,0.7771976521421142,0.861986159478085,0.2431734593967371,0.0097997636227456,-0.008612911766855
Il25,-0.0007757355080801747,0.17267149948823496,0.3425893889107299,-0.4269210938488728,-0.0005357378452041,-0.0015556207485773
Il27,-0.001096626101882911,0.613725085175809,0.750206484419315,0.0542043089452849,0.0224850185771772,-0.0089814485794967
Il27ra,-0.008624344971590023,0.39299910531103976,0.569957717692055,0.2759944171067262,0.0748647452814338,-0.1242464042540351
Il2ra,-0.00849892025737893,0.650907238677068,0.7770896689094745,0.177780187595774,0.1572461646165656,-0.1811760305955986
Il2rb,-0.043061057067913584,0.18432650824415428,0.3564251397094128,0.1452078735048,0.3197296995815146,-0.3395173556588328
Il2rg,-0.042694450234618216,0.3385231280483564,0.5193703420530349,0.2600812254897617,0.4219456675466008,-0.4470355643972941
Il3,0.0006883666741830944,0.46252638275269153,0.6310101841191441,-0.0708634314192945,-0.001837460556063,0.0048933642882658
Il31,-0.0002019008649641193,0.5485204760964413,0.6975330670245676,0.228254842255833,-0.0014226193067985,0.0008842063471377
Il33,0.012653825633498822,0.41581094793381945,0.5898363863766444,0.1874772887373617,-0.1064525594273673,0.2116804536437804
Il34,0.003312312215457412,0.8666517149093023,0.9174832305755743,0.5099680625999058,-0.2076347409210304,0.2872134830193062
Il3ra,-0.0022870474798945438,0.0005214034615646172,0.009398159213572836,0.4510395248933345,0.0042140748229999,0.0018488222392247
Il4,6.216564152145686e-05,0.592632079120468,0.7339199406636336,-0.2431734593967371,-0.0004767748453193,0.0001095310026449
Il4ra,-0.03686233547068031,0.2920926929144626,0.47541953623378225,0.2230333262565165,0.4408555413797266,-0.0938522867861715
Il5,-0.0002119309257440259,0.4984478690493146,0.6607543087371501,-0.2516273424432494,-0.0010627094706654,0.0006553738864457
Il5ra,-0.0005188195465679082,0.5871979720230152,0.7305602086071709,0.3866408275684317,-2.44554458589466e-05,-0.0039658958585148
Il6ra,-0.033399802582485504,0.0249519982544433,0.10527720686179923,0.4967899507921071,0.1108265280852373,-0.0006151285048582
Il6st,-0.025856267388854298,0.19543316492830273,0.36970859880241563,-0.0964737241778466,-0.0199363902387472,0.0595539504323441
Il7,-0.0037810110791473665,0.0011306604266036748,0.015562412059112261,0.7832273998974663,-0.0016726108584575,0.0118136480751647
Il7r,-0.0323515079209502,0.43955196575956823,0.6116079043479425,0.3943487797578988,0.4339885926016702,-0.2372517246089048
Il9,0.00010199584448153823,0.7338100437838488,0.8329250185450408,-0.0825496815130027,-0.0006777714678435,0.0007008117169886
Ilf2,0.013202435307839868,0.38480255365150917,0.5632361050721229,-0.4667040728912838,-0.1212903026479108,0.0875260010049319
Ilk,-0.022152446037467972,0.0015146777394253236,0.018308936371584303,0.1317811180779863,0.0856559968861863,-0.0278193115894149
Ilkap,-0.005977767558667909,0.19152624013868574,0.36522443026072376,0.0333182449480191,-0.0118188851381333,0.0268510611432469
Immt,0.0021745976807606166,0.8011817853813669,0.8764375481943711,-0.1021925274151931,-0.0181699031202631,0.0378166660012577
Impact,0.03980219610349238,0.1386007492463476,0.3004685175969482,-0.4686932218434044,-0.2242131333254522,0.0858988569870069
Impad1,0.007630188046686415,0.6357478824147205,0.7643877543165958,-0.4575042589877263,-0.0764506776769932,0.0021934823362457
Ina,0.07674518245518255,0.0016615395672706444,0.01947513804908416,-0.4522827429884098,-0.1800358272873752,-0.018825800380998
Ing3,0.0023214605606626873,0.786164643236956,0.8671215361927922,-0.2421788849206768,-0.03989704572491,0.0258577029395754
Inha,0.015123613436826468,0.05955714430045051,0.18062301150124194,-0.134018910649122,-0.0605684249569953,0.0752157074792944
Inhba,-0.012073590690469748,0.17122654383438757,0.3413155920669054,-0.1785261184528193,0.0792784820628033,0.016374403106283
Inhbb,-0.0036044471828984115,0.014128089347781798,0.07452676707656149,0.0954791497017863,-0.0030146883233821,0.0079046546317577
Inka2,-0.005566133449699779,0.11054150465749558,0.2623881876490856,-0.2946426885328563,-0.028233591980832,0.0117689761339454
Ino80d,-0.010267102220579548,0.1304858855298059,0.29078571519770197,-0.0228752129493863,-0.0204353450276211,0.0215263953182702
Inpp1,-0.005522470820189697,0.48579607441610995,0.6502350500122217,-0.1936933792127384,-0.0315686268299789,0.0542169597308596
Inpp4b,-0.021689086527290572,0.07842763171829086,0.21375289520356977,0.3699817050944221,-0.0096621758991507,-0.1076649136541335
Inpp5b,-0.002200485281635139,0.7047297335336724,0.8134335886294923,0.0750903729425507,0.0317676963496937,0.0116869697207375
Inpp5d,-0.06367926491001044,0.07658982956974027,0.21027164727408243,0.4731688069856755,0.3440105365408377,-0.2061898789882603
Inpp5e,-0.005588001679983495,0.20274673524084685,0.37809072167250696,0.3182638323392878,-0.0374420558389296,0.040391681610395
Ins1,-3.880306748579344e-05,0.9012995216055377,0.93616959065564,0.1290460382688206,4.71749632975243e-05,0.0001234367760341
Insm1,0.00042165201176046257,0.603726499101995,0.7418768252192269,-0.4129970511840289,-0.0026710845190623,-0.00250977898576
Insr,0.02075486939810198,0.037855449109793035,0.13773227240303443,-0.0780740963707315,0.0042171003952478,0.0279405061476527
Insrr,0.007047556477078561,4.874976718685984e-07,8.069078613177842e-05,0.0233725001874164,0.004584316497905,0.0038835831186075
Ints11,-0.0035651436483845646,0.6046881919019784,0.7425407960741435,-0.0641500537058877,-0.0281611146690672,-0.0150758782376365
Ints4,-0.00408147651161398,0.25022996447329443,0.43049681240413995,-0.3214961993864837,-0.045467021879005,-0.0052683922977562
Invs,-0.004998609734217367,0.5581558944710949,0.7052646068112597,0.1839962780711508,-0.1069880792117823,0.1228210609330306
Ipmk,0.006106065011858061,0.4447688823067052,0.6155831144550225,-0.0967223677968616,-0.0120071056757066,-0.0001831866590732
Ipo9,-0.0020318495892950217,0.6584941145477053,0.781074620913571,0.1447105862667699,0.0150404453182189,0.0494675078744594
Iqgap1,-0.07488108094560035,0.03139149632408838,0.12204879782711495,0.3510847900492769,0.3485241641664383,-0.0957101753537807
Iqgap2,-0.041705481120511236,3.6980730820056336e-05,0.001585199226160566,0.2986209864370974,0.1115387926774528,-0.055742528152136
Iqgap3,-0.001908701025637832,0.6552235505861331,0.7792751840246165,0.2605785127277918,0.0356926115210991,-0.027424020894088
Irak1,-0.024547407894347936,0.021030642268193664,0.09527291848139954,0.5054924774576345,0.0767493349214045,-0.0136696755749221
Irak2,-0.022296681044458897,0.10763165983712358,0.2577679111647705,0.3831598169022208,0.1538417007146139,-0.0231668143364288
Irak3,-0.01471609892340895,0.054927455663313286,0.17157682262006188,0.0701175005622493,0.0956031334497851,-0.0218056790013597
Ireb2,-0.005685276562008243,0.5107225914810485,0.6704055427547164,-0.1379972085533631,-0.0394121695278162,0.0314724333883148
Irf1,-0.059122975082329166,0.3054360265468212,0.48902359429232106,0.0907549209405,0.5741085972669093,-0.3325941022508512
Irf3,-0.023352275110794882,0.010920402541555988,0.06280154832522784,0.5634264406881455,0.0453948347890986,0.0170676921260768
Irf4,-0.035536249767477664,0.027750093654506394,0.11288136182746182,0.4689418654624194,0.1370059252642115,-0.1908634945025913
Irf5,-0.05714421956441273,0.04036183265523741,0.14248145908260626,0.3650088327141207,0.3099887037648594,-0.1987548069766791
Irf7,-0.0036195724827107253,0.6149194962468596,0.7507669579596052,-0.050971941898089,0.0491433337254378,-0.044115908875838
Irf8,-0.059040869754012175,0.10763490507370342,0.2577679111647705,0.3689871306183618,0.3295542716062218,-0.3470917593959679
Irf9,-0.00904901852701411,0.7225971466994807,0.8256266652432488,-0.0216319948543109,0.1878648480133178,-0.1876118488520077
Irgm1,-0.03686989494847228,0.5937038715728582,0.734533943461836,0.0228752129493863,0.6875592050275006,-0.5372616162892068
Irgm2,-0.03109580027807407,0.5934508959418713,0.734533943461836,0.0452531386607424,0.4687004946269566,-0.3986109031083189
Irs1,-0.013582031256813034,0.2398139599291312,0.4186485316901089,0.2145794432100042,-0.0587748695291319,0.0677354403974158
Irs2,0.035700999798452246,0.00016764360995029167,0.0041311596828813415,-0.3053343641505042,-0.0427129440893392,0.0478156653438872
Irx2,0.020222840702492032,1.735360314802987e-06,0.0001806545503226538,-0.2133362251149289,-0.025269139307139,-0.0022130789819771
Irx3,0.006822038009624051,0.16035537371298064,0.3282394708306237,-0.319009763196333,-0.0278170417039481,0.0151555882744199
Irx4,3.428026953393154e-05,0.904454361639901,0.9373469521993366,-0.2625676616799124,-5.879609711779716e-05,-0.0014985026240515
Irx5,0.009032899270119313,0.02210786556564262,0.09863908532331389,0.0156645479979493,-0.0216521341923782,0.010442117533255
Irx6,-0.0003211105210025701,0.5995862746479287,0.7378744480046042,-0.3277122898618604,-0.0019435248021619,0.000594984533206
Isca1,0.03452368805751841,0.02693497161212636,0.11049611659795433,-0.492811652887866,-0.1161579596570587,0.0138375594680075
Isg15,-0.0256056798234012,0.6506629814110034,0.7770896689094745,-0.1471970224569206,0.4297338827846921,-0.3128760454923236
Isg20,-0.025196649114987316,0.12257788672913071,0.2788829351250675,0.0494800801839986,0.0961388051920951,-0.0511230903106566
Isl1,-0.01240404339285356,0.04422043190420678,0.14996975533012755,-0.5127031424090716,-0.011852449579774,-0.0105493640493193
Isl2,-0.02852507703909528,0.13215581501556603,0.2929297638789166,-0.5962473983981346,-0.0342113527907497,-0.05480803791252
Itch,0.01808781641793467,0.14418254269924027,0.3073444004633617,-0.3911164127107029,-0.0571656909131776,0.0064109758108363
Itga1,-0.00439279896021903,0.6213605974226137,0.7543016252384525,-0.0793173144658068,0.0486219236423103,-0.0235217474358707
Itga11,-0.017582213785606177,4.678550386995115e-06,0.00034587370324727656,0.2511300552052193,-0.0176180691453686,0.0189901390844103
Itga2,-0.021822585655658148,1.2823063026355584e-05,0.0007880776445474679,0.6357817338215305,0.0188872581993922,0.0227676051954419
Itga2b,-0.013858278299652527,0.013620000417368217,0.07274934254345054,0.1683317300732014,0.0273395567183641,0.0119640861620671
Itga3,0.0008600242729367738,0.8769573407367774,0.9229130173505883,-0.3540685134774577,-0.0185615586354833,0.0586057187944232
Itga4,-0.04142144331707155,0.051782104739118776,0.16550157661293538,0.2774862788208165,0.2597228884352142,-0.275393413272519
Itga5,-0.06287619957976424,0.1309011629296762,0.29120228177247204,0.2424275285396919,0.4723773967997489,-0.0780412744821923
Itga6,-0.0431293151416706,0.003193598606734571,0.029619175441732815,0.4008135138522906,-0.0617699004677727,0.1088479076228231
Itga7,-0.04687422264277714,0.0003652353095756155,0.0072594706109072125,0.079814601703837,0.0463006310137568,0.0461454311153882
Itga8,-0.013021291457901653,0.0018014105999101095,0.020465468753099042,0.2262656933037124,-0.0175872521832543,-0.0336849810414845
Itga9,0.007756297941216841,0.1213101978250299,0.27674567044073234,0.0318263832339287,-0.0165361491850368,0.019036657986437
Itgae,0.003982327059503876,0.7976541590088018,0.8736644221633975,0.4010621574713057,0.1482003488283645,-0.2675380292238488
Itgal,-0.06152892776088939,0.1488763044573302,0.3137403526586912,0.1723100279774425,0.4423165359372005,-0.4054690981113463
Itgam,-0.029988481415816816,0.5785137515280795,0.7236387068525585,0.344122768716855,0.5269823084592342,-0.2700003337180834
Itgav,-0.01595993670639598,0.14197944328918566,0.30455724988147015,-0.2250224752086371,0.0206252404290478,0.0239075708879765
Itgax,-0.04680257291882804,0.001586754738221955,0.018823339348070213,0.6419978242969072,0.0795553549911353,-0.0639760229811103
Itgb1,-0.05517377415318145,0.0021962294931003826,0.02309890029753619,0.4164780618502399,0.2164272454853177,-0.058439149694208
Itgb2,-0.07307912301451341,0.19654732369742733,0.3712226562434514,0.4005648702332756,0.6174298157180569,-0.3714839064442616
Itgb3,-0.02246310046078297,0.008293739180978057,0.052489284816586934,0.0591771813255863,0.0233693190634593,0.0047472911956891
Itgb4,-0.02982899217042475,0.3240880377801665,0.5072639093944858,-0.2021472622592507,-0.3425140996163398,0.2294432205778289
Itgb5,-0.04438975482209498,0.04630271430546168,0.154711167317382,0.6402573189638017,0.0092626754938176,0.0332190887012544
Itgb6,1.8437146668185738e-05,0.9780298208998912,0.9865394732866019,-0.4391046311806112,-0.002309180798348,0.0033662964947245
Itgb7,-0.03710752499715748,0.4025222889153207,0.5790372802473353,0.2362114380643152,0.4235686229204765,-0.4581614623258934
Itgb8,-0.02138167275654621,0.3777369411364656,0.5573775849096766,-0.0027350798091657,-0.1847247614291316,0.1389985461752974
Itih5,0.015499342590272188,0.6589641101712576,0.7811703290689251,0.4776443921279467,-0.2592612855764313,0.2925197185819321
Itk,-0.006517009515548497,0.4930334921470714,0.6554505716555149,0.119846224365263,0.0785684117221993,-0.0613928385236662
Itln1,0.0001390348235381378,0.7174339979651521,0.8219642889574618,0.2590866510137015,0.0020333331507209,-0.0028157566763771
Itpa,-0.005126359074731031,0.1395447240476422,0.30097997351671163,-0.3983270776621399,0.0130443769657969,-0.0086637426955236
Itpkb,-0.03934041802128199,0.036864860210548835,0.13504653737957284,0.2851942310102837,-0.1058928902961577,0.17186148785026
Itpr1,0.02078954974648887,0.008401229835631196,0.052972402214529944,0.0808091761798973,-0.0561909363749492,0.06176699825359
Itpr2,-0.009520657487421208,0.2650742218471001,0.44566368017206914,0.529113621264066,-0.0026757245357755,-0.0667071457976736
Itpr3,-0.05344278630079696,4.589989636712734e-05,0.0018519709075552134,0.3078208003406549,-0.0338783772827405,0.0553365943083299
Itsn1,-0.0019158035177098771,0.8720243664460139,0.9203799489429169,-0.043512633327637,-0.162967640947822,0.1115029967671255
Itsn2,0.0016106676844093776,0.8367390512290188,0.899746299163347,-0.2740052681546056,-0.0017851544506508,0.0018307136924486
Ivd,0.018482956972295725,0.1283477211564766,0.2877809782941482,-0.0375451864712753,-0.1485785671381909,0.1196391922598729
Izumo1r,-0.008658447644391056,0.41196693260383854,0.5875545664796827,0.3428795506217796,0.1108682597450785,-0.2066227907882552
Jade1,0.02005021938949072,0.02882025608751781,0.11548478107025008,-0.130537899982911,-0.0872493363974458,0.0425369958382979
Jade2,0.010564216867675074,0.21994017131884183,0.3974193460493844,0.5838152174473811,0.0385176119638766,0.0714931562871799
Jade3,-0.006502065616626647,0.005469708273902975,0.042082928967087596,0.0358046811381698,0.0038738665244291,-0.0045143540627992
Jag1,-0.03713414420254392,0.00010780268657222455,0.0030550083566939857,-0.0663878462770233,0.038070966374296,0.0410627087722795
Jag2,0.02625011626833031,0.043939156673358126,0.14942242546053322,-0.4239373704206919,-0.1090015973596244,0.1182777286420755
Jak1,-0.028319323726666915,0.010097255652753663,0.05975185740684041,-0.152418538456237,0.1229018433139588,-0.0668032716168398
Jak2,-0.00535491510889784,0.6935774892017477,0.8048684247213056,-0.079814601703837,0.1748787550580128,-0.1341700751210253
Jak3,-0.008708241014180843,0.7448538239803094,0.838556467915153,0.3197556940533783,0.2361874359835443,-0.1526550407757667
Jam2,0.001381075762842377,0.9453048655655429,0.9651130272409211,-0.1089059051286,-0.1197986834609277,0.0362597678105536
Jam3,0.018798661852814532,0.3156944505656651,0.4999557256552182,-0.4684445782243893,-0.1779039627234222,0.0221245610328606
Jaml,-0.019594057503443542,0.39890488762962173,0.5756444261851302,0.2844483001532384,0.2251673281909724,-0.0942792688602905
Jarid2,-0.008196681590563824,0.22636667093930715,0.4047305953247129,0.1556509055034329,0.0589479547274763,-0.0362036206916893
Jazf1,0.003779767755846327,0.28234722511664734,0.4629550611764764,-0.2777349224398316,-0.0289260396120613,0.0254900926328097
Jchain,-0.1131031268717085,0.0019373023328060823,0.021411453104212788,0.8294751130342689,-0.0231239674416346,-0.1151689127276173
Jmjd6,0.0013070238776554076,0.8106431702321902,0.8824350856496805,0.0221292820923411,-0.0446236520970564,0.0152868239855399
Jph2,0.0019954275971891186,0.37844313392314066,0.5582528704863912,-0.0380424737093055,-0.0132605598318665,0.0120197207529392
Jpt1,-0.05948766545099118,0.04321333378719833,0.14744562919632018,0.1946879536887987,0.2565618651853849,-0.1700046281038512
Jun,-0.053370797378563505,0.009406555385524333,0.05705450537640859,0.2367087253023453,0.166670864072298,0.0353229973924844
Jup,0.02799186347662329,0.03266930055736401,0.12558108676949042,-0.4296561736580385,-0.1392838311752324,0.0388405601783448
Kansl2,0.0018595084314766454,0.8974943510570066,0.9348814102073695,-0.1355107723632123,-0.1256597726278741,0.080380706926507
Kat14,-0.00512311174266348,0.38195645718412197,0.5607870146786326,0.0427667024705918,0.0261803921923564,-0.0253820093391292
Kat2a,-0.0020014883604245613,0.7234022931290447,0.8260745684466659,-0.3699817050944221,-0.0708075545213275,0.074256567331604
Kat2b,0.0061894741802506455,0.36588207595096023,0.545552761120213,-0.387635402044492,-0.0219736681802535,0.0275663590734933
Kat5,0.005039980098179528,0.68576838101482,0.7992013962889186,-0.1287973946498055,-0.1183267450588312,0.1289457967316116
Kat6a,-0.01178827607184404,0.0572943624606407,0.17691195091508974,-0.1536617565513124,0.0056219554360487,0.0032564462581717
Kat6b,-0.0077778851218352095,0.1636638293111296,0.3330372915268228,0.1292946818878357,-0.0484606004500099,0.0907278001964724
Kat8,0.006644263976946618,0.15960242027116486,0.32722345088553534,-0.329701438813981,-0.036257161360752,0.0385623841384674
Katna1,-0.015246014336847014,0.021269921410086226,0.0960158133742034,-0.1742991769295631,0.0665371442467681,-0.052199198236893
Katnal2,0.0032786353626257127,0.5319185202345718,0.6862206301761635,-0.0738471548474753,-0.0566632646850778,0.0427498301364603
Kcna10,-0.001450971601560903,0.1480464845755864,0.3127667541871987,-0.4654608547962084,0.0029922038505628,9.78560057400199e-05
Kcna4,0.01664896487101052,0.02184239606083249,0.09788210213775794,-0.4403478492756866,-0.0587219189224483,0.0355796215931521
Kcnab2,0.05352053685458419,0.0076569238597465105,0.05033243377392649,-0.5537293395465578,-0.1649761601090762,-0.0646387483515256
Kcnab3,0.06666892313102145,0.0019478018759319195,0.021411453104212788,-0.3960892850910043,-0.1771371514087096,0.0573665386575359
Kcnc1,0.07480482441553442,0.000863317918843631,0.012952307953004005,-0.5000223178393031,-0.1457295222508854,0.0352027356138053
Kcnc2,0.06604248576774095,0.0014828861720742191,0.018219619910956268,-0.3781869445219193,-0.1311771225763883,0.0711747217114198
Kcnc4,0.04591084127884175,0.026787315510514127,0.11028417790083339,-0.4858496315554441,-0.1820349409309809,0.0731242970484844
Kcnf1,0.0009407440555662135,0.7813776443983507,0.8632894442443116,-0.1820071291190302,-0.008186211194675,0.0045536289542853
Kcng1,0.056967925119980875,1.904742342244605e-09,9.71609068778973e-07,-0.3674952689042714,-0.0663705065437103,-0.0033008209337365
Kcng2,0.020972893760495617,0.049347590232310785,0.160276495420312,-0.4035485936614563,-0.0564823047162598,0.045028532247189
Kcnh1,0.04397912183190253,0.00784249925820862,0.05078800373226075,-0.3806733807120701,-0.1264158919202969,0.1097018267578937
Kcnh2,0.029930468723016777,0.014238430218094176,0.0748383118791163,-0.5435349511669401,-0.1003239405541019,0.0233659539353358
Kcnh5,0.049636619657801015,0.011225126039304891,0.06369228912846969,-0.2774862788208165,-0.1563220502342966,0.1461474175869214
Kcnh8,0.020094397610635924,0.035046870942246636,0.13066703263479307,-0.2976264119610371,-0.0700967860817255,0.0463599926699887
Kcnip3,0.07921831977283043,3.12071169934561e-05,0.0014399900627779425,-0.5027573976484687,-0.1162365901472137,0.0603708690993838
Kcnj10,0.07868293086528073,0.0023074694788325187,0.02373064881355782,-0.4187158544213755,-0.2528121756382351,-0.0771525017344743
Kcnj11,0.04914822827953931,0.00019783053746779132,0.004671914683440757,-0.4880874241265796,-0.1327015883505928,0.0272220196013183
Kcnj2,-0.03386326859161125,0.016687339455528565,0.08296502783884134,0.3945974233769139,-0.0788060776621253,0.07254183244376
Kcnj3,0.0452562240518523,0.016056968908993417,0.08069615606381815,-0.3202529812914084,-0.1379923693667921,0.1009057597350888
Kcnj5,0.0014587186391843657,0.2010124333840148,0.3766952324363922,-0.2287521294938631,-0.0031312736939594,0.0063637980627938
Kcnj6,0.013866359086267469,0.011678921628926347,0.06555381218407576,-0.0721066495143698,-0.0286595817021126,0.0312290166430741
Kcnj8,-0.0006592158843269383,0.9148031169431416,0.9453830428539234,-0.1312838308399562,-0.0477047218084379,0.086380585328706
Kcnj9,0.01079308705385602,0.010574764412215974,0.06157748089807497,-0.2093579272106877,-0.0212157216821111,0.0196778862876818
Kcnk10,0.029066397686393297,1.401184440617781e-05,0.0008310978873943372,-0.5313514138352017,-0.036076882544326,0.0284790815151352
Kcnk18,-0.0018677401308172994,0.013765468963576711,0.07314339289917167,-0.0569393887544507,-0.0025300340483055,0.0009806060419781
Kcnk2,0.025194388524314833,0.07534948704379645,0.20877660695839526,0.0589285377065712,-0.1597689422116445,0.0987969361937729
Kcnk5,-0.03458008284906341,0.0003657486663405516,0.0072594706109072125,-0.5656642332592812,-0.0408278514449065,0.0230802596758498
Kcnma1,0.034821501981012734,0.008563922052345707,0.05379872708006829,-0.4393532747996262,-0.0964732524877254,0.0671129221182922
Kcnmb2,0.003930820789471539,0.11795309082259263,0.27249941860781024,-0.3853976094733564,-0.0180004940725279,0.0097459911499413
Kcnn2,0.08505077991184157,6.318423728674634e-06,0.0004476427699995737,-0.2503841243481741,-0.1594206877139453,0.1399340861158505
Kcnn4,-0.061858512071280604,0.01701394365093126,0.08375438634565359,0.4157321309931947,0.2413616882470295,-0.1676030785348663
Kcnq1,-0.00015402107788044312,0.9156706802409513,0.945665108601019,-0.4873414932695345,0.0020139279130416,-0.0089772296288482
Kcnq3,0.05233228973433275,0.0004148181475389889,0.008012055043586956,-0.4356236205144002,-0.0974476219322227,0.0851021042036301
Kcns2,0.011673630727478053,0.07342213078274223,0.2054689653708897,-0.3418849761457194,-0.0563647299572132,0.0356550266986081
Kcns3,0.010680427652344289,0.20478795510889347,0.3804163725456903,-0.5127031424090716,-0.0885707602054068,0.0068583885908656
Kcnt2,0.023087631333391995,0.14057870672197137,0.3024428439429675,-0.2752484862496809,-0.0930471920108766,0.1251165495658694
Kctd15,-0.0020911580174447528,0.780275359276884,0.8630565850555623,-0.0954791497017863,-0.0665590229851622,0.0710709923953427
Kdf1,-0.00047155740795884303,0.07912353267077037,0.21458623278983405,-0.1864827142613014,-6.26755763594943e-05,-7.226412201094415e-05
Kdm1a,-0.00997942344784639,0.07686271966653978,0.210680673304148,0.0494800801839986,-0.0153202647254219,0.0300189715728008
Kdm1b,-0.005163862981667938,0.14787896851865157,0.31274072073534065,0.2506327679671892,0.0216476236509076,-0.0497489969877785
Kdm2a,0.0036842648466631953,0.626929361583709,0.7587756124030041,0.0176536969500698,-0.0259908383832843,0.0553956239721862
Kdm2b,-0.00409741701160314,0.27032011204278655,0.45147769658964254,0.2290007731128782,0.0172395256015481,-0.0271667120368956
Kdm4a,-0.0004542875961819651,0.9396080355842035,0.9616290285154422,0.224773831589622,-0.0081894945177267,0.0839453704043213
Kdm4b,0.009956711740987471,0.2700463579109728,0.45119766515030213,-0.1260623148406398,-0.0782719961576616,0.0333238611562538
Kdm4c,-0.004138229268112515,0.7179853320999987,0.8222026956058646,-0.0295885906627931,-0.0601895783383801,0.0609301333259122
Kdm5a,-0.00022630458403609936,0.9808951683188532,0.9876719805753,0.2081147091156124,-0.0602578424779691,0.0637826108214294
Kdm5b,0.004582653448474534,0.6870715987346239,0.7998065324384566,-0.3960892850910043,-0.0772754752704847,0.0440478692389858
Kdm5c,-0.0030012176985899338,0.5739376715984668,0.7195025959262175,0.0333182449480191,0.0190581102243083,-0.0442846538721599
Kdm6a,-0.0020983854325275397,0.8422211637458199,0.9035058162497218,-0.329701438813981,-0.056494462898993,0.0296739839560564
Kdm6b,-0.021900208296764593,0.13349609088492395,0.2947894197419901,-0.0599231121826315,0.1032089381790444,0.0111169384067264
Kdm7a,-0.009710893642388703,0.1528735296316871,0.31867914779372125,0.1854881397852412,0.0128492648937422,0.0408707486719173
Kdm8,0.0037979875511866762,0.38733891950746246,0.5648415747305792,-0.2658000287271083,-0.0134431519721143,0.034197794400903
Kdr,0.0020810733831645584,0.8498165470886159,0.9089776067727049,-0.3851489658543413,0.0064138327365979,-0.0253512860317078
Keap1,0.002792436607382016,0.48710094203389587,0.6506834618296856,0.1300406127448808,-0.0342252681492253,0.0402782649264649
Khdrbs1,-0.014123851377690835,0.22383272030023377,0.4021947943056208,-0.2938967576758111,-0.0176719526807231,0.0113961224642171
Khdrbs2,0.026090338827497176,0.01582212210947449,0.07990954938656374,-0.224773831589622,-0.0825099627292243,0.0493775617313775
Khsrp,-0.006575733864573178,0.2764390850812337,0.4575326972742937,-0.0561934578974055,0.0107255725669928,0.0283688890292883
Kif19a,-0.06518042049245382,0.001906173991849816,0.021309225209085795,-0.0780740963707315,-0.1584085092285777,0.006579665862199
Kif1b,0.048911174421282726,0.03965661666151191,0.14093057639824658,-0.4182185671833454,-0.2498172603568771,0.066163226838972
Kif1c,-0.016981372349601107,0.12983863956104277,0.2903390429973018,0.2125902942578836,0.0894300550611328,0.010364637940095
Kif20a,-0.011763483498290995,0.45530158462033343,0.6248300734862311,0.0271021544726424,0.1309290766186396,-0.0866893505088278
Kif20b,-0.008994891429027912,0.09665605093373356,0.24121453806897009,0.1357594159822274,0.0395777161659638,-0.030484201788384
Kif21b,-0.0031251842087991846,0.7420091486851657,0.8362767714191405,0.2322331401600741,0.0361944960158813,-0.0764403063462344
Kif24,-0.005829884524888943,0.02421860089365824,0.10320725410071067,0.0539556653262698,0.0142934351161333,0.0035819597211386
Kif2b,0.00014324893498282462,0.6823921863618019,0.796718442963281,-0.1270568893167,-0.0001339470512765,0.0008431712054894
Kif2c,-0.004544936821405568,0.55462846726956,0.7023733395089438,0.1320297616970014,0.0755181498884317,-0.0462212872609866
Kif3a,0.01100536603611498,0.3203036168920267,0.5038139838933791,-0.3799274498550248,-0.0934493038787144,0.0455042658825276
Kif3b,-0.007866235093915663,0.190874050387473,0.36446534601856584,-0.166591224740096,0.0701171039376358,-0.0533546728247763
Kif4,-0.0053572498846647335,0.3858475573083281,0.5638659264991799,0.0840415432270932,0.0523208023302468,-0.0246874119005316
Kif5a,0.0811028637311645,0.005630633839029964,0.042868452556555,-0.5708857492585976,-0.2134591947124873,0.0245884508051617
Kif5b,0.006946024526747812,0.7323186223984626,0.832751509607763,-0.4274183810869029,-0.1043042865040235,-0.0006484412691341
Kif5c,0.047057739658176855,0.044891052775286155,0.15168075577332146,-0.5773504833529893,-0.1893543076405699,0.0441285664175499
Kifap3,0.024620317915216183,0.07470004542737446,0.20765391374661424,-0.0711120750383096,-0.121429758715374,0.0540368917575622
Kirrel,-0.042736384082089796,1.6979960043818926e-05,0.0009414649585165254,0.5104653498379359,-0.0017588158771901,0.1292229149809358
Kiss1,8.722125367960843e-05,0.7282058723185969,0.8298878808528067,-0.5420430894528495,-0.0004229432836162,-0.0002683430226197
Kiss1r,-0.003267554607123512,0.18942134794527643,0.3628382635632201,0.0745930857045205,-0.0164396825476096,0.0347981504810193
Kit,-0.0233358850002344,0.03394002017987326,0.1282595413539622,-0.3167719706251974,-0.0228097542884142,-0.0011963288244434
Kitl,-0.010653287705404432,0.3031268038951232,0.4865480889455706,-0.0855334049411836,-0.0350466482956194,0.0084496919421391
Kl,0.01908920001585865,0.0007266840548865529,0.011476208557202187,-0.1345161978871521,-0.0641897734160695,0.0767677692085896
Klb,-0.00010671001817019756,0.7430300515878185,0.8370574852361886,-0.3699817050944221,0.0001567332068482,0.0005840644836898
Klc1,0.01322286308061701,0.41523337897054,0.5895088967794948,-0.4716769452715851,-0.1618346829669334,0.0724516786485804
Klc2,0.051487780515521164,0.013440901651433806,0.07201894886970991,-0.5057411210766496,-0.1888629119433966,0.0604803240716358
Klc3,0.007259123385335062,0.09989118621833208,0.2466335628749816,0.5601940736409496,0.0611814505591539,0.0101152141137258
Klf1,-0.0015789311847087628,0.22529943375787223,0.40352963890411037,0.1879745759753918,-0.0097169276226921,0.0058003306651095
Klf10,-0.01697051515479819,0.004691601478157584,0.038228267721979285,-0.0315777396149137,0.0836725609439205,0.0152666371194589
Klf11,-0.011367474534488846,0.0615715387685563,0.1840575842937907,0.503751972124529,-0.0323670314179397,0.0612389375288473
Klf12,0.000534390336905384,0.9487160429635817,0.9661714116282406,-0.3249772100526947,-0.066819059972648,0.045479840279951
Klf15,0.016410346830912415,0.15874027572715937,0.3258837049293784,0.0410261971374863,-0.1656421437036617,0.1771832039016745
Klf17,-0.0006835528432498283,0.1094939233528627,0.2607070341457932,-0.0897603464644397,0.0011394099727112,-0.0007687069189054
Klf4,-0.002193429233395638,0.8225238525903206,0.8900972899992614,-0.2834537256771782,-0.0120161982662094,0.0869170670007896
Klf5,-0.07426275599035126,0.0148730705898413,0.07733693484075481,0.2854428746292988,-0.0692989425026444,0.2792258396303008
Klhl18,-0.0006907451679126746,0.9303474556753444,0.9565136656920448,0.163110214073885,0.0393603903290232,-0.035358831720004
Klhl21,-0.012758587992577083,0.02090292122678444,0.09509373618251929,0.4657094984152235,-0.0384557800615168,0.0161264968931507
Klhl22,0.012680277934439127,0.17686719122481778,0.3486087876498437,-0.1822557727380453,-0.0678633269733669,0.0550204650280478
Klhl3,0.00645163348697229,0.5108990341352262,0.670406650525089,-0.1864827142613014,-0.0744181045284873,0.0540061089848123
Klhl36,-0.019071718852922342,0.12160773226673884,0.27730042123050286,0.3913650563297179,0.0514165432132938,-0.0273800104854387
Klhl41,0.0018836498786767898,0.2717892523181937,0.4530709072140869,0.0430153460896068,-0.0091125076423888,0.0115115739110399
Klk1b4,-0.00016041065991810239,0.5730687950944449,0.7191202764518483,-0.2839859887129533,-0.0008042656418983,0.0003695500543615
Klk5,-0.0004505385428805555,0.33253443604881305,0.5157367462100929,-0.1549049746463877,-0.0005637754090884,-0.0005363888795878
Klk6,0.09969866607012745,6.930864540048863e-05,0.0022544932743921975,0.409267396898803,0.1573902838252951,-0.0674862549157326
Klk8,0.052108540135780285,0.1801321191377118,0.3520605899664327,0.4875901368885495,0.4809605503040888,-0.3089731525643465
Klra8,-0.002974331389685738,0.0008869504831904893,0.013209194761671504,-0.1514239639801768,0.0048494322640857,-0.0075530576579886
Klrb1,-0.0002894083906061348,0.3424951326304939,0.5232308090889936,-0.1290460382688206,0.0002184834041893,0.0006183535088175
Klrb1c,-0.004758011613646131,0.0007667144360630954,0.011923812007188566,0.45278003022644,0.010224946674521,-0.0068569189876616
Klrc1,-0.005753456346862206,0.038376130885216755,0.13877270540699524,0.1837476344521357,0.0231623015650612,-0.013402295084259
Klrd1,-0.0008883293182408068,0.321687553420991,0.5049009876924538,0.2508814115862042,0.0081144999653147,-0.0085380832001697
Klrg1,-0.00021624039704257655,0.9250584495153429,0.9526658788488382,0.3684898433803317,0.0192113322003396,-0.0188080168741056
Klrk1,-0.01511879864233772,0.01485847046465977,0.07733693484075481,0.2086119963536425,0.0806172696496092,-0.0264977306698108
Kmt2a,-0.002925196120847659,0.7083853441695693,0.815836194638347,-0.155899549122448,-0.0373713512979621,0.0476924281397892
Kmt2b,-0.01482688319476522,0.18669773923043306,0.3595111996279498,0.3568035932866235,0.0838919139487766,-0.0295271376859833
Kmt2c,-0.005088765743795155,0.5840389151360201,0.7285839074887128,0.0614149738967219,-0.0796126848614746,0.0814204690748514
Kmt2d,-0.013699144248076766,0.1821777092345457,0.35469026519290753,0.3389012527175385,0.0142114762026102,0.0123347630934664
Kmt2e,-0.005362925030603309,0.678148533248193,0.7935169184686444,-0.152418538456237,-0.0335692670930476,0.0424638376555697
Kmt5b,-0.013700291228448151,0.298529905707325,0.481877077346716,-0.1171111445560973,-0.0474039025959045,-0.0146487495677269
Kmt5c,-0.0032976733498877677,0.677071662955895,0.7930522509157337,0.3078208003406549,0.0275663342970536,-0.0586017410076984
Kndc1,0.033215093010146295,0.042140170688579406,0.1460305779092687,-0.2610757999658221,-0.1021438056898897,0.0649249056414302
Knl1,-0.004566728093760603,0.2656473559238457,0.44648011946212085,0.0243670746634767,0.029957912111366,-0.0317868092941398
Knstrn,-0.005956037910811618,0.6683183010620787,0.7877328510419592,0.119597580746248,0.1292890824625786,-0.0885113175592413
Kpna2,-0.01043374496938007,0.3571919028332906,0.5379248604285818,-0.1889691504514521,0.1171631243784888,-0.1006724742411068
Kpnb1,-0.004552727459710016,0.5474111165606407,0.6966804087874084,-0.5547239140226182,0.0391279245781674,-0.0512276887354854
Kras,-0.012315302073018333,0.36257566421753584,0.5422159082889623,-0.6002256963023757,-0.0185248043646205,-0.0644385895408464
Kremen1,-0.012183148699245524,9.162919576552819e-05,0.0027144693571639887,0.0104430319986328,-0.0019011790331094,0.0252292189047054
Kremen2,0.009758006801757362,1.0689490965211932e-05,0.0006731739927598279,-0.1367539904582877,-0.0119068130322527,0.0029929333864635
Krit1,-0.00283923401091049,0.5502081125934197,0.6985096023740752,0.0738471548474753,-0.0490366312476088,0.0383850944664814
Krt2,-0.0005099568615149113,0.1427145341281479,0.30561999940708756,-0.3172692578632275,-0.0004103805817898,0.0008439123743057
Krt20,-8.422256753635092e-05,0.836776405259933,0.899746299163347,-0.3610305348098797,0.0004108636588614,-0.0003724383761564
Krt28,-0.0007739582933590877,0.40978248365103487,0.5863395369155481,-0.4801308283180974,-0.0055072014173414,0.0002339189150738
Krt40,0.000246512490459386,0.15697488102800686,0.32418172798536965,-0.4642176367011332,7.013508520881595e-05,-0.0005783028151267
Krt71,-0.0006146269513081534,0.15025769162375713,0.3156041874563826,-0.2459085392059028,-0.0010604770420649,-0.0013194094044185
Krt76,0.00020188607899556058,0.46125243315821307,0.6304524816559606,-0.1166138573180672,0.0012414995641511,0.0001165459197556
Krt78,-0.0009165361819051248,0.0021420424414759897,0.022730397268121115,-0.3742086466176783,0.000544851364242,-0.0005194596355272
Krt79,-0.00022402270313924663,0.2627444748853545,0.4427682743277811,-0.2819618639630878,-0.0004911861275169,-0.0013860890523099
Krt82,-0.00022082506679409325,0.39524072311267444,0.571787557741847,-0.1762883258816836,0.0005506243588388,0.0005976610862386
Ksr2,0.03508797897772256,0.005697504063348077,0.042905675023620825,-0.4776443921279467,-0.0939760730176666,0.035915292831212
Kyat1,0.009024018501333672,0.2754867229329606,0.4568458301953941,-0.1399863575054836,-0.0775556240535679,0.0895153662111347
L1cam,0.0052825009252422395,0.678195972183999,0.7935169184686444,-0.0191455586641602,-0.1208278410262841,0.1116851133236477
L3hypdh,-0.0019883130420569814,0.21808619498761248,0.395189229354107,0.438358700323566,-0.0206212833386847,0.0096070091334263
L3mbtl2,-0.0005847548762717526,0.9143029618863106,0.9452491707705858,0.0693715697052041,-0.0079368335727921,0.0132255891471573
Lacc1,-0.008419304980632824,0.13159288012081133,0.292358572080252,0.3147828216730769,0.0662868576839513,-0.0341016591466706
Lag3,-0.061831051745581546,0.0015438812366087972,0.018530207501038766,0.4299048172770536,-0.0624057307307952,-0.3175548793743812
Lama1,0.02926346949889845,0.047849087241219564,0.15726687758857022,0.4182185671833454,-0.0825136573728663,0.1139222147711178
Lama2,-0.062271594468048974,0.0013443811922228884,0.017379657463099222,0.355063087953518,-0.1278609185930946,0.1067049884953411
Lama3,-0.010509528136041474,0.028854118703957737,0.11552971703994382,0.6892401119097703,-0.0328722814212766,0.0730442146848282
Lama4,-0.05579803490580176,0.0002026982877098766,0.004711461491676096,0.0479882184699082,-0.0084819628400013,0.1561921533979114
Lama5,-0.016303519842295347,0.036903413793697395,0.13504653737957284,0.3520793645253371,-0.0194700380828477,0.1619745454618792
Lamb1,-0.08540738764753376,3.3238779146351364e-07,6.109194806367723e-05,0.3786842317599495,-0.0523314311007858,0.0868074937657794
Lamb2,-0.024685048788549675,0.21665417489190406,0.3931529513068668,0.5231461744077044,-0.1022112297067854,0.2639562717941923
Lamb3,-0.009326639629899183,0.00023416665079786282,0.005332518239820974,0.1931960919747083,0.005116624525186,0.0052707755475276
Lamc1,-0.04321826566154982,0.009595068332748303,0.057853952204904364,0.626830563536988,0.0017667354612518,0.1281657761710239
Lamp1,-0.008033013754475522,0.6176175252466196,0.7519012503460496,0.3796788062360098,0.0532438303708837,-0.0758276931916244
Lamp2,-0.033389135895000276,0.031895126297028946,0.1232876833115495,0.3518307209063221,0.1941529264353283,-0.1223332191807264
Lamp3,-0.0002881510160591424,0.7212803579764433,0.8247592705756193,-0.1725586715964576,4.90637815924351e-05,-0.0039110074298225
Lamp5,0.06676778166522693,0.0011266304745452791,0.015562412059112261,-0.4139916256600892,-0.1769037495917531,0.0728150909547484
Lamtor1,-0.018412817125286213,0.04743795069233849,0.15682500744110087,0.3162746833871673,0.0661570878517756,-0.0407515120278838
Lamtor2,0.003579303351337873,0.6825445198489586,0.796718442963281,0.0910035645595151,0.0328253439293195,-0.0530811334100782
Lamtor3,-0.027837944579634514,0.15177639978951918,0.31705462136762097,0.003729654285226,0.1340126281716653,-0.1174788492784136
Lamtor4,-0.01228743447062137,0.4127797018106888,0.5877676215013522,0.2033904803543261,0.1130199728438341,-0.1010971216682941
Lamtor5,0.02076961642330688,0.03425753857180274,0.12906034287648877,-0.1402350011244987,-0.0601497561372997,0.0099945827397636
Lancl2,0.0157511843637471,0.12276341461807112,0.27893816390502485,-0.4003162266142605,-0.0816248235539356,0.0443588773051442
Laptm4b,0.027563780927976993,0.23869995842017014,0.41741806235902906,-0.3105558801498207,-0.2090352808495585,0.0442450753613687
Large1,0.0024831227180076593,0.7719657943822498,0.8577210884652268,0.0350587502811246,-0.0712685597058302,0.0226705473221237
Large2,0.0003463133878309401,0.4423464478151715,0.6140183181231,-0.2837023692961933,-0.0006700017532901,0.000927175410091
Lasp1,-0.02429434331982513,0.1273754209132972,0.28610392870045315,0.5074816264097551,0.1640246017959421,-0.0555034338681932
Lat,-0.026527790431836906,0.5361931133186706,0.6889473730575664,0.2021472622592507,0.4172421218719088,-0.4054670491844028
Lats1,-0.00914100048202659,0.47499009868786,0.6409853157160778,0.0134267554268137,-0.065891678666333,0.0749677517891995
Lats2,-0.006248258453436356,0.536175173047087,0.6889473730575664,0.3796788062360098,-0.0687465227990096,0.0599713351062771
Lbh,-0.009685767218502693,0.4960053859634813,0.6585433299843099,0.4512881685123496,0.0610425833183336,-0.0406653744591483
Lbr,-0.009499538440839358,0.3805710728430891,0.5601526331122367,-0.1034357455102685,0.0554922194882345,-0.003631398949439
Lbx1,0.026331868512578245,0.001347552001753751,0.017379657463099222,-0.3127936727209563,-0.0469794992440508,0.0311768795302655
Lck,-0.02551380448804401,0.23772531789748488,0.41657054159913104,0.2367087253023453,0.1651089001240105,-0.2540877709913527
Lcp2,-0.044827710154032606,0.20284532306092265,0.37809072167250696,0.1541590437893425,0.386934781761058,-0.2648909795421094
Ldah,-0.0016890895003944908,0.8975412442117024,0.9348814102073695,-0.2879293108194494,-0.0855093101804991,0.0279545386002422
Ldb1,-0.016037884122204128,0.22402455557716888,0.4021947943056208,0.1581373416935836,-0.0776966251571877,0.0637287689888159
Ldb2,0.004653979357750768,0.7330347919360753,0.832751509607763,-0.1852394961662261,-0.1163607488594857,0.0999364787482316
Ldha,0.0025238044597407235,0.9292108106662726,0.9558185814092875,0.0539556653262698,0.2676300071050412,-0.1969163880363047
Ldhb,0.05772498670459089,0.015522665012991751,0.0794353819621739,-0.5693938875445071,-0.1958208633013836,0.0142810955352361
Ldlr,0.008962418521660093,0.6294750140752102,0.760168571685049,-0.8075944745609429,0.0223561868628099,-0.1156395097591375
Ldlrad4,0.017540174488638403,0.0025991286745703406,0.026021162366534286,0.3505875028112468,-0.0410872674700869,-0.0241945628323269
Lect2,-0.00039282073110743213,0.15976068830237913,0.3273321771607028,-0.4415910673707618,0.0008639054584989,-0.0008610522201352
Lef1,-0.006141962302595411,0.5470283156005316,0.6965530299246908,-0.0484855057079383,-0.0571923277994108,0.0178013974845204
Lefty1,-0.0019634265809800808,0.18232438227257647,0.35484039449538823,0.6143983825862346,-0.0143332478940912,0.0133131181119377
Lefty2,0.00020699668642389936,0.6813809461066934,0.7959066192100397,0.0412748407565013,-0.0012985850663687,0.0006257831185348
Leo1,0.005067883033143557,0.4758219845962347,0.6417683615614472,-0.2817132203440727,0.0365239172254695,-0.0231179817998734
Lep,9.57524477091314e-05,0.6558764061952783,0.7792751840246165,-0.2058769165444768,-0.000154606176815,-0.0010807983111779
Lepr,0.04089802864028657,0.0004864173852591035,0.00886538826996395,0.1193489371272329,0.0037859283711862,0.0336227606111677
Leprot,-0.01596724902966849,0.16517095094619205,0.3346135077553391,0.2023959058782658,0.0303302711744373,0.0022388243892457
Letmd1,0.006857185720694198,0.20241320999491175,0.3780547952385289,0.2909130342476302,-0.0467261738951418,0.0368386339159754
Lfng,0.027139000162249873,0.011730806061024099,0.06555381218407576,-0.0733498676094452,0.0325957705241115,0.0305052068614732
Lgals1,-0.14444756268394784,0.002294629261552952,0.023646270430669913,0.5047465466005894,0.3856840122230989,-0.0240449531020736
Lgals9,-0.05396788971364002,0.13714760954844818,0.29820543747085854,0.2396924487305261,0.3437104571475855,-0.1562400247403266
Lgi3,0.06923000879215224,0.0048543816914276006,0.03881222728522287,-0.5072329827907399,-0.2159567067024754,0.046255422885542
Lgr4,0.011666078275666422,0.2342089737957171,0.41295301379914195,-0.1370026340773028,-0.0941734415973861,0.0944656241016813
Lgr5,-0.007643075075881642,0.16447612931462294,0.33387502953555076,-0.395094710614944,-0.0569093055994293,0.0287192020075733
Lgr6,0.022775572329362618,2.8628911686511005e-05,0.0013648231636718938,-0.5054924774576345,-0.0289584628391732,0.0295312989467719
Lhb,0.0001163249519153435,0.6957690078218561,0.8068010249827888,-0.1792720493098644,-0.0008518915004615,0.0010980051103505
Lhcgr,-0.0036218597184121838,0.30164133633299345,0.4851213294412425,-0.2287521294938631,-0.0138035692696578,-0.00485522842612
Lhfpl5,0.009327454109171792,0.17245488396548006,0.34231689412026567,-0.2469031136819631,-0.0447667510240761,0.013819413651491
Lhx1,0.01953924102893512,0.0006421920338382851,0.010705299230748668,-0.2401897359685563,-0.0450632208817702,0.0351718941680184
Lhx2,0.002260887994944099,0.03972910583428319,0.14093057639824658,0.0718580058953548,0.0003154437889362,0.0026572153901198
Lhx3,0.0013684982589084978,0.27896546425253066,0.4596165536078631,-0.4381100567045509,-0.0088451897346942,0.0042566422490657
Lhx4,0.003138934215278967,0.17619064656544844,0.34754388558791666,-0.5485078235472414,-0.0138433788759145,-0.0025191292904315
Lhx5,0.006793120215437003,0.02054718468429728,0.0942546664339932,-0.2752484862496809,-0.0243502063908495,0.0080745861866476
Lhx6,-0.006931423255113565,0.00699664566056178,0.04809958376716139,0.0392856918043808,0.006413306667733,0.030556698023242
Lhx8,-0.0011633868355865576,0.04790773500268977,0.1573582461356861,-0.300858779008233,-0.0013379494940235,0.0003133113199454
Lhx9,-0.0002800037531138699,0.7754933830683777,0.8612653487985618,0.0778254527517164,-0.0025393556274323,0.0045611886803128
Lif,-0.006912498054470569,0.34228076343428904,0.5230619015886286,-0.3257231409097399,0.0507113877468031,-0.0104560225677358
Lifr,-0.00013551194256112572,0.9957042084922629,0.9964927755452466,-0.3461119176689755,-0.2314181072432455,0.0857708078153602
Lig4,-0.0006206505343433065,0.9003337059643838,0.9359287210361364,-0.4766498176518865,-0.0248216100809517,-0.0058498889024302
Lilra5,-0.0027119324521878195,0.34488835333241696,0.5250001463290537,0.4184672108023605,-0.0051841063711901,0.0059359827794248
Lima1,-0.050374873794133995,0.0006114027591271134,0.010371965323982168,0.5146922913611921,0.0948449086636957,0.0211476681578171
Limd1,-0.04317621870344065,0.0007240249612810876,0.011469724619549154,0.4463152961320482,0.1093256608017962,-0.1141177927316718
Limk1,0.03431553344287979,0.029539064749499487,0.11680524750945494,-0.4067809607086523,-0.1927709320495467,0.0121782040576761
Limk2,0.006874140088828118,0.4368551702356177,0.6096848764355365,-0.3960892850910043,-0.0842237964591767,0.0655323614341141
Lin28a,0.00010640852715805132,0.8042121552789603,0.8780578347769641,-0.1899637249275124,0.0014998758399532,-0.0025235672258931
Lin28b,0.006680762953054008,0.2265767945916767,0.4048224970970728,-0.4164780618502399,-0.0266731168965193,0.030459072894789
Lin7c,-0.0009965192783189761,0.9321194887916993,0.9576518655239593,-0.1347648415061672,-0.0319682784947593,0.0375999957894457
Lingo1,0.0346696426962113,0.035099938592619104,0.13068962537295623,-0.4100133277558481,-0.1560521103244371,0.0620107944580451
Lipe,0.017654972498415328,0.006271110923042003,0.04563329075383346,-0.1971743898789494,-0.0135507509377384,0.0374629755078221
Lipg,-0.004204675841358556,0.4086819125771268,0.5850930216266977,-0.471179658033555,0.0283979136440492,-0.0010000737466157
Lipm,2.3023933240688984e-05,0.9335964344571158,0.9584091894404612,-0.2861888054863439,-0.000330443883722,0.0004035791763569
Litaf,-0.014310472250985333,0.48667123739105267,0.6505529302756183,0.1573914108365384,0.2366330230890176,-0.0184369841318181
Llgl2,-0.004193687239104538,0.23523343875160807,0.4140638682749247,0.5669074513543565,0.0287157230132852,-0.0037515950951582
Lmna,-0.08582010672172069,7.18809725887149e-05,0.0022951072117910316,0.166839868359111,0.1318469375063002,0.0804127592324752
Lmnb1,-0.020547157760206228,0.44974380853667906,0.6200386938771891,0.1148733519849617,0.2750528390090805,-0.1851265110118158
Lmnb2,0.006021038188883253,0.1178612323782391,0.27241057832414933,-0.134267554268137,-0.0025271277406967,0.0162529387589855
Lmo2,-0.028350243536111087,0.04235962767552976,0.14620430299482037,0.6188739677285058,0.0704901736537439,-0.0998637272950603
Lmo4,-0.07191213598371315,8.76684948143736e-06,0.0005733294769847689,0.2093579272106877,-0.0062854033200969,0.0650393493064966
Lmx1a,-0.00010265077696405473,0.7276105669101831,0.8293947490075629,-0.1007006657011028,0.0004573842161461,-0.0006691264663495
Lmx1b,0.03174525687765083,0.020386267547306488,0.09393888957435446,-0.3476037793830659,-0.0827590287532364,0.0674726464540657
Lnpk,0.00999679540147409,0.3797824151467112,0.55958119574332,-0.5122058551710413,-0.1101112102705708,0.0148999363688204
Lox,-0.07311417653933924,0.0003056790782969589,0.006554158592685164,0.159380559788659,0.2557391090671442,-0.0318133585605417
Loxl1,-0.006784398388023655,0.07678919552294765,0.2106592442675671,0.4361209077524304,0.0213525564383616,-0.0121673228126044
Lpar1,-0.001654714299673543,0.8827013402333612,0.926854577301436,-0.1389917830294233,-0.1136592912786943,-0.0106211322427226
Lpar2,0.00029185719573551235,0.8567563639042541,0.9125734416946337,0.3274636462428454,0.0060724834886784,0.0003227756216001
Lpar5,-0.01479723684148154,0.011007100533338362,0.06308676384332469,0.5532320523085277,0.0369011659099142,-0.0670875915775473
Lpar6,-0.04249735713187849,0.0008882089400614244,0.013209194761671504,0.5000223178393031,0.0980935465692437,-0.077893393458969
Lpin1,0.01870394714342575,0.23653070999041484,0.4154762918943203,-0.2730106936785453,-0.1487002490855249,0.0668738795336156
Lpin2,7.803735784168776e-05,0.9836272657034377,0.9893736663367988,0.4557637536546208,0.0082215060850014,0.0189712996871987
Lpin3,-0.0019112171703973507,0.5904810226989089,0.7330357013353941,0.405786386232592,0.0099006749987105,0.0183764899582628
Lpl,-0.06955303036573102,0.01295951076939957,0.0701767138372688,0.8098322671320786,0.0103569876426451,0.137401326190689
Lpp,-0.03676999944539805,0.060343148743853346,0.18182348983345067,0.278978140534907,0.201060949452732,-0.0994900838782311
Lratd2,-0.012797716063045111,0.000998381873673817,0.014151459256006716,0.6576623722948565,0.0324657970894221,-0.0162098004005553
Lrig1,0.0029636193278682727,0.809770260210945,0.8820495616775635,0.0999547348440575,-0.16724295026621,0.0173866176998485
Lrp1,-0.024343309700194982,0.2027809478995218,0.37809072167250696,0.6932184098140114,0.1414678172068089,0.1416203817084214
Lrp12,0.007634835223598458,0.6065315909555171,0.7442325707182665,0.5989824782073003,0.0167651394050623,0.000503544796902
Lrp2,0.0012892545548639355,0.7552009706489785,0.8451502391154362,-0.0181509841881,-0.036738122282029,0.009535713456127
Lrp5,-0.017122490418405484,0.017405591634678214,0.08487921835204747,0.7354878250465731,0.009760348697179,0.015650789491961
Lrp6,-0.026840429815148798,0.0034051879682824872,0.030962324110889422,0.3284582207189057,-0.0716399004666549,0.0603386004105187
Lrp8,0.02556089597407969,0.041205033389928494,0.1445576859161109,-0.4045431681375166,-0.0390385902120783,0.0556382734888429
Lrpprc,0.008105836535949401,0.2214748265486181,0.3987797706404875,-0.2081147091156124,-0.0556637547564822,0.0326162944324062
Lrrc15,-0.0006755507656583946,0.1467588674377708,0.3114047349417924,-0.224773831589622,0.002731641513783,-0.0012132593255925
Lrrc52,-0.0015386875421215215,0.2878562442568611,0.4701744162517607,-0.0596744685636164,-0.0134677234482155,0.0136544863918957
Lrrc6,0.0009037066737895426,0.7646043906054083,0.8521404842644063,-0.2675405340602138,-0.0154156690160968,0.0229053282442202
Lrrk1,-0.022417924533449138,0.2515730222371014,0.4321874416436093,0.4754065995568112,0.1014554307648447,-0.0384822369792351
Lrrk2,-0.006797063200408963,0.6317878218306987,0.7616992860218373,0.0785713836087616,0.0800433377070628,-0.1165104102808001
Lrrtm1,0.021747466743559353,0.0785861427599972,0.2139103064134182,-0.4388559875615961,-0.0988431044010194,0.0132580456382078
Lrrtm3,0.03205846076674478,0.04954276116344161,0.16076184777017535,-0.3806733807120701,-0.0998292395525392,0.0827151701572121
Lsm14a,-0.024473407983731644,3.135590878544871e-05,0.0014399900627779425,-0.0313290959958986,0.0688728058535712,-0.0652640330698528
Lsr,0.00540745872854119,0.6647549852794371,0.7852976331427534,-0.2633135925369577,0.1119598997373745,-0.0150712978605073
Lss,0.007079986939474175,0.5966293163485745,0.7358717949837553,-0.7563738890438387,-0.0236333902925216,-0.0611055435177751
Lta,-0.004884089656910614,0.5162679849111809,0.6744427140237395,0.1193489371272329,0.0563058829321751,-0.0545205935595083
Lta4h,-0.011239568973867554,0.13273909812652473,0.29392317600830625,0.3125450291019412,0.0580670141021792,0.0103512207074922
Ltb4r1,-0.012103607275289792,0.3727175828139411,0.5520419250679192,0.0636527664678575,0.1423099356804531,-0.0197016878303419
Ltbp1,-0.009906071616025067,0.45927165867296516,0.6285872634533929,0.6380195263926661,-0.0292357576927267,0.1138963490931312
Ltbr,-0.03298595584323492,0.03839158532996368,0.13877270540699524,0.2478976881580234,0.1473504554887853,-0.0244292726591204
Luc7l3,-0.007295845857735229,0.4419742093142002,0.6139734318387078,-0.1504293895041165,-0.0062028567370582,0.0358095104588347
Lum,-0.11130307129763796,0.0017321237534118187,0.019855198350907165,0.6656189681033386,-0.1055393344280863,0.2510644383628129
Lurap1,0.0003372919421701404,0.9479556200295187,0.9661381853687463,-0.0522151599931644,-0.0626693145502673,0.0571607864904455
Luzp2,0.0043687297380464105,0.8932720699075103,0.93315192066316,-0.1544076874083576,-0.2659857193429564,0.0882588078528743
Lvrn,-0.00527613931695644,0.00508902892648586,0.0399845436542211,-0.0099457447606027,0.0098803183312361,0.0009530340086649
Ly6g,0.0001737859798874153,0.46633847039080256,0.6335000099769598,-0.2533678477763549,-0.0011790582211107,-0.0001853351239477
Ly6g5b,-0.0017043145297019242,0.499534595182472,0.6616879188906246,0.050971941898089,0.0187040841303931,-0.0126102193712301
Ly6g6d,-0.0010116983458148933,0.48560206767792546,0.6501459704002882,-0.0169077660930246,-0.012083946715249,0.0020279994143682
Ly6g6e,0.004232968369932417,0.38704040498221326,0.5648415747305792,-0.441839710989777,-0.0220095673124555,-0.0234666214586337
Ly6h,0.05841079374291502,0.028343867671318614,0.1143001725375714,-0.3212475557674686,-0.1659676275992855,0.1599018180455222
Ly6i,-0.018370455692529167,0.5912989590797866,0.7332119670910623,0.0343128194240794,0.4143189719517311,-0.3423132470838094
Ly6k,-0.0034729289959580223,0.7472048418723131,0.8399056629331576,0.4488017323221989,0.0363503945378708,-0.0005637105945227
Ly6m,-0.0007145889000531206,0.4279497770737082,0.6007077085451253,0.2051309856874316,0.0011385530347115,-0.0100698468742501
Ly75,-0.0036344235476015426,0.84855353069068,0.9082755152349218,0.2297467039699234,0.1813129630041843,-0.2052043216497389
Ly86,-0.02859948731118591,0.1416665501225322,0.304141865393534,0.4935575837449111,0.149602799999158,-0.0694372914160937
Ly96,-0.02253249203823155,0.002020745817863919,0.02198885833395553,0.5149409349802072,0.0685005553297082,-0.0462948644149034
Lyar,-0.010287849718792073,0.017523627112052215,0.08487921835204747,-0.3165233270061824,0.0299000183133859,-0.0155261393900115
Lyg1,-4.002336079985514e-05,0.8633281874486238,0.9161658095351168,-0.2173145230191699,0.0001451582302122,7.100108111086694e-05
Lyn,-0.04399848483411625,0.12307302839836157,0.27951714953697343,0.3058316513885343,0.2990834945362244,-0.2569941709998627
Lypd1,0.036545233152896706,0.010359179161150067,0.06087807937906278,-0.4264238066108426,-0.1062443969007991,0.0146898248314831
Lypd6,-0.003234094251953594,0.1624914871795437,0.33172979411791365,-0.3776896572838892,-0.0165584296695278,-0.0156292572490548
Lypd6b,0.005076986735266522,0.37541317416678455,0.5542641393414669,-0.4194617852784207,-0.0511828154525377,0.0184108621102788
Lyplal1,-0.0032030219868397197,0.30181888640187565,0.48521214608760405,0.3913650563297179,-0.0348753363932888,-0.0024321602252884
Lyst,-0.03177007647156901,0.08180771819040732,0.21860567704997075,0.4249319448967523,0.2284350947964912,-0.0954012397621615
Lyve1,0.04640732058108987,4.7202391651405056e-07,8.069078613177842e-05,-0.5370702170725482,-0.0206533165929751,0.0448960711346094
Lyzl6,-0.0002474056525059143,0.503408889688004,0.6647333043169845,-0.1606237778837343,0.0005643012915169,0.0004531644288337
Lztr1,0.008274631054181207,0.2118734686622038,0.3874577163316991,0.025361649139537,-0.0824195918587522,0.0590745840933637
Mad1l1,-0.008834691693313362,0.24329039664009394,0.42269220478920955,-0.1944393100697836,0.0469095465902296,-0.0327790179990117
Mad2l1,-0.0031894502083966037,0.19465387375564883,0.36861739473459143,-0.1352621287441973,0.0212089867997547,-0.0128573487294611
Mad2l2,0.004546163290824967,0.21730357978567155,0.3939110023051565,0.0823010378939877,0.0341170871706887,0.0052558879820463
Madcam1,-0.0015845393652456337,0.4543036290689323,0.6241945028852534,0.1760396822626685,0.0071321101316045,-0.0230894298546181
Mael,0.003081599725428345,0.0006177175175449693,0.010402585079280493,-0.1917042302606179,-0.0004113328181879,0.0015251657717342
Maf,-0.07922467060345624,0.00019119786843636754,0.0045788747741498164,0.6074363612538127,-0.0648836566134758,0.0460394617843937
Maf1,0.010346305394784767,0.18382491658645791,0.35611488816758785,0.4028026628044112,-0.0054739799427356,0.041777185756191
Mafa,0.02389698293540546,0.10422505428996354,0.2526863127058479,-0.3135396035780016,-0.1008082725806176,0.0360534631904064
Mafb,-0.08379032599867249,0.0785826057891356,0.2139103064134182,0.6211117602996414,0.3710775975769906,-0.191567328730714
Maff,-0.00018174168772487663,0.9940879423564206,0.9956494392224823,0.1253163839835946,0.2372282621643326,-0.0727842600895987
Mafk,-0.004615332899964018,0.25275872649533093,0.4332400080150145,0.3025992843413385,0.0367215327915093,-0.0041149522466351
Mag,0.06656290365978704,0.0031175807244787916,0.029125969369169075,-0.4744120250807509,-0.1238212213776424,-0.0583434239626949
Mageb4,-5.64234123297124e-05,0.8148423114701762,0.8851172552830853,-0.4883360677455948,-0.0005814583794109,-7.181613575251572e-06
Magoh,-0.006812372080781446,0.170510260536055,0.34055318676367136,-0.3045884332934591,0.0045000278360219,0.0114513543773741
Maip1,0.0035491081502136506,0.6531882297295515,0.7782031326178119,-0.413245694803044,-0.0232268653485683,0.0008812751515718
Mal,0.06933001663920393,0.006686190523425446,0.046978316611560884,-0.6206144730616112,-0.2580733224080411,-0.0534205622953982
Malt1,-0.01853589957721904,0.21652047326949095,0.3931420170619396,0.2404383795875713,0.1634905361235136,-0.1564403186717355
Maml1,-0.01826410145498917,0.0020518216423397817,0.02213210358945526,0.387884045663507,0.0567544261513874,-0.044519019186037
Man2b2,-0.029804266999853606,0.22510915276798565,0.40333044898823145,0.6066904303967674,0.1341022885738356,-0.1090889108313459
Maoa,0.004961805950787673,0.7328942769372249,0.832751509607763,-0.2036391239733412,-0.1141612700136067,0.074509620578643
Maob,0.010637084196821038,0.13575974766035184,0.29641669318896036,-0.231984496541059,-0.0401306049975681,0.0327073165288586
Map1b,0.033146173558860924,0.13692374919149242,0.2980998910054643,-0.5099680625999058,-0.2156691132723014,0.0009405651345253
Map1lc3a,0.01642542930191844,0.5092065120160391,0.6690754860239008,-0.3495929283351864,-0.203257490116155,0.1277657970265382
Map2,0.06213514542008778,0.018104089039231608,0.08671263679729618,-0.5149409349802072,-0.2440067991569035,0.0478864750869529
Map2k1,0.013612262573381063,0.05238209395361271,0.16688502424023707,-0.3742086466176783,-0.0526856320636801,0.0173890840973458
Map2k2,-0.020711620411326938,0.09388526808180175,0.2368490368374237,0.1752937514056234,0.0678112118772558,-0.0274039610978811
Map2k3,-0.008972378939668726,0.12918504992937402,0.28915003935486483,0.2001581133071302,0.0480413069906972,0.0291206064437767
Map2k4,0.024600949861830035,0.19316923409388065,0.36671241649158365,-0.4669527165102989,-0.1392159456739528,0.0641772915157101
Map2k5,-0.0003875126253232063,0.9598644758886232,0.973994169784736,-0.0586798940875562,-0.0489705909097702,0.0294377866713289
Map3k1,-0.03554234675072816,0.007116332353396565,0.04865171019004254,0.492811652887866,0.1292306733372492,-0.0724342329568836
Map3k11,-0.031166133520771806,0.00010311881830737825,0.002981811278708495,0.3674952689042714,0.0006309464449553,0.026411042871383
Map3k14,-0.0386868761819535,0.010253759412761148,0.060467545392479324,0.2566002148235508,0.1773331736354988,-0.1144142090838475
Map3k15,-0.00929803500570799,0.01890339149874342,0.08895405907296143,0.1720613843584275,0.0540310887232387,-0.0273688130386128
Map3k5,0.0021492721041366154,0.712587691131035,0.8183047754298536,-0.0084538830465123,0.06140932134518,-0.0428391601234702
Map3k7,0.00010885449810792525,0.992365600362529,0.9949011256779206,-0.2046336984494015,-0.0293479495493642,-0.0207901657750761
Map3k8,-0.021251205805307035,0.22201865220860445,0.39961790575726586,0.177780187595774,0.2028521841899578,-0.0583838380911491
Map4,0.006943605114669166,0.6704475152861771,0.7887344961888352,-0.141478219219574,-0.1614767462107704,0.0732097526062336
Map4k4,-0.027046209141641492,0.003335106748101606,0.03043359485163916,0.1496834586470713,0.0527617751251381,-0.1084702669566333
Map6,0.02658818868765627,0.07999702461505917,0.21590732162515966,-0.4162294182312249,-0.1348830911955781,0.0528413661988871
Map7,0.06291380562661167,0.023258167433336648,0.10103922232630937,-0.2797240713919521,-0.2592718574511701,0.233654291311308
Map9,0.0193290524290914,0.10043793731199138,0.2471922412408441,-0.4734174506046907,-0.0910949588834069,0.0570089957538838
Mapk1,0.005890345672327329,0.7513096551287146,0.8432642682726709,-0.5139463605041469,-0.0516283269032944,-0.0374075000383393
Mapk10,0.054766012970072886,0.011563345448531145,0.06517638136238384,-0.5012655359343784,-0.2027774872920285,0.0899388945907229
Mapk11,-0.002349722671537276,0.7640860451393903,0.8519350636625201,-0.3538198698584426,0.0104478730383704,0.0113698542142718
Mapk14,-0.01249949616162726,0.09393915265240052,0.23686782880864807,0.4691905090814345,0.038196790432738,-0.004945992787055
Mapk3,-0.033012437110960906,0.048636015190884285,0.15885307782117825,0.4480558014651536,-0.0940950607658799,0.0922874823814634
Mapk7,-0.013575683731712803,0.05751135777200624,0.17710778427985102,0.5194165201224784,0.0605231456472695,-0.0314314070960183
Mapk8,0.005688555311430647,0.6297500634790083,0.7603002942258056,-0.3548144443345029,-0.0871613525599295,0.0498457163926333
Mapk8ip1,0.045562813163937343,0.02760167316646352,0.11236722651407058,-0.5211570254555837,-0.248074501363829,0.0085677712694671
Mapk8ip2,0.05566808713078808,0.020608241348760114,0.09428039382961914,-0.4634717058440879,-0.2290691229900208,0.0515644562035544
Mapk9,0.028309778661972897,0.24562847694566523,0.42547894559435606,-0.4107592586128933,-0.1811797152805823,0.0581685771879838
Mapkap1,0.009596763032036108,0.34399346998840696,0.5244204095669049,-0.1757910386436535,-0.0782428262608984,0.0402888828957634
Mapkapk2,-0.03362988604688916,0.1510986603759407,0.316423966592153,0.2603298691087768,0.2789011772960168,-0.1212080587567119
Mapre1,-0.02965137215355836,0.002701268205279229,0.02665216463274535,0.4192131416594056,0.065324780440922,-0.0783815973044579
Mapre2,0.041091402852244024,0.029311698251000183,0.11635717725941784,-0.4085214660417577,-0.1604712288139758,0.0390405912507203
Mapt,0.07314189801017136,0.0028253536502890193,0.027504062920084518,-0.4120024767079687,-0.2992838324550861,0.0892342416454834
March2,0.015237026184362873,0.11660060296176612,0.27060039841126887,-0.4612339132729523,-0.0421951904959465,0.037783607349354
March5,0.008523282635207593,0.2084866678965406,0.3842089931142535,-0.2802213586299823,-0.024579967162003,-0.001032590157124
Marcks,-0.08713870502963439,6.206960606713112e-05,0.0021257669948958704,0.5216543126936141,0.1289143641074719,-0.2079480734339558
Marcksl1,-0.020130680570092842,0.147427116599381,0.3121617838320773,0.0984628731299671,0.1226373855707114,-0.0720952951416546
Marco,0.005750055556168167,0.4823875218387438,0.648053397129163,0.1270568893167,0.0655693298706087,-0.0686481041209508
Mark2,-0.005180528378874559,0.4997901463817027,0.6618456741155414,-0.2170658794001549,0.0029889654616959,0.0024983401873746
Mark3,-0.002864461870366915,0.8084243458809994,0.8813363086853983,-0.3294527951949659,-0.0397939315287183,0.0100982945455234
Marveld2,-0.0025033491673435355,0.18424271777528017,0.3563982189502102,0.144959229885785,-0.0071745058916088,0.0035191739207068
Mas1,0.00011499894009567137,0.7862060585947195,0.8671215361927922,-0.2523732733002947,-0.000906070759967,0.0001838010885164
Mast2,-0.0033818972445394417,0.7175469474078764,0.8219642889574618,-0.4328885407052344,-0.0711616793026244,0.0632303698166338
Mast3,0.04669781573425513,0.005948860374888924,0.04385135371720867,0.0064647340943917,-0.1379219249255274,0.1081869843082201
Matn1,0.0023718835085359776,0.10417109626665434,0.2526755882340484,-0.4990277433632427,-0.0002806272548369,-0.0076183157660313
Mavs,-0.007792812675091455,0.1445881306490588,0.30770479781702004,0.7041587290506743,0.0052977753659774,0.0125422732303945
Max,-0.015322826047607613,0.014275324421062179,0.07491608011505985,0.4520340993693948,0.0071720661461218,-0.0014170489291758
Maz,-0.007062286664430459,0.126735783903688,0.28504375383276565,0.3110531673878509,-0.0037699014198298,0.0032603714144296
Mbd2,-0.044920731282190686,8.388252808183044e-05,0.002546933188960816,0.1049276072243589,0.1065976019805661,-0.0349902956594803
Mbd3,-0.004710497802536225,0.5392616065053764,0.6915322854523054,0.0845388304651233,0.0510385984714345,-0.0129860031029918
Mbd5,0.0004837315867864518,0.9270971648394506,0.954029178504345,0.1178570754131425,-0.0505853995890921,0.0750094775033295
Mbl1,-0.00032525492789712424,0.4793920219988653,0.6447083322478808,-0.3814193115691153,0.0008173759002987,0.0003466209395262
Mbl2,-0.00012364669017995528,0.7260311945055866,0.8283348519733834,-0.2963831938659618,0.0007207308765576,0.000751160698863
Mbnl1,-0.019400515524983737,0.027813169571924423,0.11304779122421234,0.286686092724374,0.0332418665695302,-0.1117148218369608
Mboat1,0.0028836581131326407,0.7636975191673716,0.8518742718724607,-0.1350134851251822,-0.0828755169948531,0.0606297857017349
Mboat7,0.011355262308682395,0.2755925138917103,0.4568727375240865,0.1370026340773028,-0.0739589274461467,0.1120086122263317
Mbp,0.01821671846723179,0.5749808183252727,0.7202911035896682,-0.4199590725164509,-0.2817859251166323,-0.1153961482125947
Mbtd1,-0.0018481283367236265,0.7885139986671906,0.8685402520408851,0.1931960919747083,-0.0103222846791019,-0.0428480609270677
Mc1r,-0.00038965671827785554,0.43528876073657086,0.608330950278698,-0.2610757999658221,-0.0001607032279813,-0.00015169677701
Mc3r,-0.0009089623806665197,0.009079765041646369,0.055856156161944406,-0.3692357742373769,0.0011897684721691,0.0001170973195457
Mc4r,0.0006792286357366169,0.6210232139242562,0.7543016252384525,-0.2712701883454398,-0.0079871662656949,0.0041940973131028
Mc5r,-0.012688214341540747,0.3143733542091425,0.498327681734256,0.6183766804904757,-0.1195342240858385,0.1680628280111951
Mcam,-0.045050287264905085,0.01281934905071649,0.06956542500819662,-0.2379519433974206,-0.0697914735577465,0.1088367646683772
Mcl1,-0.060201214396144835,0.10266552636098744,0.2508126676089066,0.2566002148235508,0.3511195497450594,-0.1669776654890635
Mcm2,-0.019639995065354254,0.08209955097065176,0.21891783037182155,0.0803118889418671,0.0941193772372737,-0.0631982666688162
Mcph1,-0.010589020440963387,0.004404259154402101,0.03631481135880423,0.3781869445219193,0.0019398330437289,0.0047624955270431
Mctp2,-0.007583434122861398,0.11556199926505677,0.2690948429583485,-0.1655966502640357,0.0579422312600371,-0.0426577491199029
Mcu,-0.0054249645355710354,0.650258279016499,0.7770018716180643,-0.4545205355595454,-0.0990426225837348,0.0302674075702829
Mcub,-0.011769606838842648,0.0003146443016650027,0.006715483610013301,0.144959229885785,0.0345266393723294,0.0026185777743936
Mcur1,-0.0083421732427069,0.05326061951095969,0.16822440874638103,0.3500902155732166,0.0245466470936905,-0.0032643725203372
Mdk,-0.07645977551254644,3.780586717266808e-06,0.00029668881299658447,0.4880874241265796,-0.078164960053622,0.0742701460772088
Mdm2,-0.015760121576256572,0.07334524387963406,0.2054689653708897,0.3510847900492769,0.0592970296743048,0.0129992590837777
Mdm4,-0.0048239575632095695,0.7215410009797559,0.824872399371971,0.0268535108536274,-0.0651308197271423,0.0336934933590857
Mdp1,-0.006366928881729146,0.3624456422779859,0.5421804167917906,0.2011526877831905,-0.031506549105434,0.0290799066910376
Me1,-0.009317795950372175,0.18897151592375167,0.3623848506492696,-0.3538198698584426,-0.0565888226266257,-0.0672931422664314
Meaf6,0.007871763309241445,0.15598242350446673,0.32278553440011554,-0.2854428746292988,-0.0439633127019125,0.0076439445268065
Mecom,0.0029844134285928144,0.4211510219799044,0.5945846548019377,-0.2163199485431096,-0.0001786645466009,0.0157179709408642
Mecp2,0.015931724559418405,0.030622942012380014,0.1199751361022661,0.0101943883796178,-0.0724296756051281,0.0621037747887704
Med1,-0.009765656433505262,0.03744951334578899,0.13654751077689037,-0.0907549209405,-0.0024199763068459,0.0318418314058217
Med12,-0.02247613521058308,0.011026853085174912,0.06312904330805524,0.5775991269720044,0.0107250105763814,0.049330342143499
Med14,0.008512595806028839,0.10001335665023839,0.24681573888382488,-0.3563063060485933,-0.0167958311450481,-0.0103522097421855
Med15,-0.02206128650025282,0.0007802122279168736,0.012023754001824689,0.2441680338727974,0.0766656928122448,0.0354042190581589
Med21,0.0043705676535258885,0.5297715098647648,0.6846430662428034,-0.547264605452166,-0.0497596290432948,0.0252929459631147
Med24,0.021601670636522498,0.07583250939766567,0.20954584530741743,-0.2367087253023453,-0.0679489915477293,0.0886633849459254
Med6,-0.005172614498413147,0.3197916572680116,0.5033191125344422,-0.3781869445219193,-0.000147459085776,0.0174863831238865
Medag,0.003936349646803044,0.6474264700856436,0.7741496539866076,0.1847422089281959,0.0124278309000538,0.0957818475253718
Mef2a,-0.025954334519940683,0.007463705108885859,0.049573385104722346,0.5514915469754221,0.0477419747549683,0.040351957158778
Mef2c,-0.006527809814216333,0.07632546521754618,0.2099550063544308,0.5383134351676236,-0.0109191211997496,-0.01031216168166
Mef2d,0.011746387606070972,0.25405797154971693,0.4344450931529018,0.3229880611005741,-0.02306095482965,0.0387493374505334
Meg3,0.04645671872513747,0.09647507182308193,0.24111677676116655,-0.076333591037626,-0.11520378879091,0.2092735781601065
Megf11,0.015246895119464152,0.03484932854264026,0.13032729097947796,-0.2511300552052193,-0.0375786888941623,0.022118006372481
Mei4,-0.0006101300294598459,0.39958589760746055,0.5762357457099373,-0.1787747620718343,0.0004965195630357,-0.0019471973865797
Meiob,-0.0005281276268788257,0.15440439895018612,0.3206908953765877,0.199412182450085,0.0004009743314341,6.916819659435244e-05
Meis1,0.02546861006591153,0.027576038348473848,0.11235253323926925,-0.4159807746122098,-0.0743133023389645,0.071166926466039
Meis2,0.008394005756371541,0.5913033278302156,0.7332119670910623,-0.2884265980574795,-0.1146340157071452,0.0788908050377636
Meis3,-0.005370712458124658,0.29523073572152364,0.47906691242376465,-0.0512205855171041,0.0078181260513342,0.0173335498851542
Memo1,-0.010759902233474847,0.013823974896282133,0.0733778313693394,0.384403034997296,0.0016880679630716,0.0115400075160707
Men1,0.011288616643776457,0.07380485660921991,0.20583847652467513,-0.3272150026238303,-0.0436447163663207,-0.0111366503471281
Meox1,0.005665812682279814,0.34573136405268645,0.5259694864398311,-0.036550611995215,0.0095164288832169,-0.0139786012754924
Meox2,-0.028303503707733452,1.794169758050765e-05,0.000963374730085995,-0.0551988834213452,-0.0267849535490341,0.0341445148770089
Mep1a,-0.00021753213624958818,0.44898516824030954,0.6194950887730103,0.0131781118077986,0.0001569361419365,0.0012055786209924
Mep1b,0.00018791502125523383,0.44219597488787343,0.6140183181231,-0.2774862788208165,-0.0004288077900974,0.0002700155588672
Mepe,4.8412434748983975e-05,0.894151595742098,0.9334971939992719,-0.275745773487711,0.0011704167402008,0.0002949022879335
Mertk,-0.021873368445944272,0.3274785409860559,0.5103782577359826,0.5316000574542167,0.0615361620998118,-0.0172284073743316
Mesp1,0.000174855173448057,0.4829284605879979,0.6485219099954623,-0.0268535108536274,-0.0003878642067405,-0.0002078648023823
Mesp2,0.0005499723002682918,0.15417478843424565,0.3203444382089968,0.0517178727551342,-0.0019975363337121,0.0017911198308921
Mest,0.02121709021906885,0.33577797647863084,0.5177761360391463,-0.5221515999316442,-0.2005996320875012,0.0958960717753447
Met,-0.025986284264294335,7.877375616594078e-05,0.00240613730660158,0.4589961207018167,-0.0089486618098578,0.0794396820481909
Metrnl,-0.01515843370175084,0.000561334310834637,0.009920809691679943,0.5417944458338346,0.0157707695646975,0.0042948131967233
Mettl14,-0.008052526029526504,0.028321573790124843,0.1143001725375714,-0.0596744685636164,0.010625845624087,-0.0062624201863923
Mettl21c,-5.782820545130211e-05,0.8225678543533657,0.8900972899992614,-0.3306960132900413,-0.0006941174573638,-0.0009952841127344
Mettl3,-0.0066548086302442525,0.15163581610590063,0.3170058598181144,-0.2188063847332604,-0.0472034070762003,0.0218115874542775
Mettl7b,-0.001321113955984401,0.16284304257737797,0.3321301815111478,-0.130537899982911,-0.0003931094843166,0.0002801804935286
Mfap5,-0.19771120472981663,8.408081312715714e-09,2.6806014235101785e-06,0.0019891489521205,-0.1176287093550482,0.123278231731416
Mfn1,0.032353760885839904,0.0761373819319569,0.2095935160469035,-0.2488922626340837,-0.1799659438698007,0.1498725252859745
Mfn2,0.018995832421180373,0.045490712329895856,0.15306604458759812,-0.1817584855000151,-0.1261298455249533,0.0822242643573025
Mfrp,-0.00016814513822956614,0.5207151192687551,0.676730655640744,-0.0494800801839986,0.0004888337795403,0.0003840074073239
Mfsd2a,0.04627565952349981,0.0060562704587905514,0.044514460533559945,-0.4749093123187811,-0.0726875923387102,0.0720798869016714
Mfsd2b,-0.0020362943676892242,0.26848509543236937,0.44903031862312004,-0.1810125546429699,0.0029825383490054,0.0116235599978917
Mgst3,0.016454512543190015,0.11158097752660019,0.26375095753623146,-0.1979203207359946,-0.145844112907085,0.0308687644606546
Mia,0.004058329748429364,0.12118630132123494,0.2767105295611546,0.4796335410800673,-0.0145390200521461,-0.0111014159068737
Mia2,-0.008213192154101557,0.07442703411953769,0.20723378877934592,-0.181261198261985,0.006902164025806,-0.0090099872491238
Mib1,0.0010267129171638806,0.8620392855123831,0.9153352054659486,0.0084538830465123,-0.0500041576926029,0.0337892826581014
Micu1,0.0037649819873235265,0.6115105999344531,0.7491151705729215,-0.4729201633666606,-0.0728990675212533,0.026298382485437
Micu2,-0.01591429596517702,0.00017969099431751722,0.00434409365883249,0.6208631166806264,0.0298041588456514,0.0273243518732828
Miga1,0.021785508990625785,0.056853131274740606,0.17599375053814528,-0.3975811468050947,-0.1073476118191921,0.0163848785399576
Miga2,0.026362755546837056,0.016994226631042393,0.08375438634565359,-0.2740052681546056,-0.0844903003552637,-0.006136648952711
Minar2,0.006865687859759085,0.6557942109414789,0.7792751840246165,-0.3896245509966125,-0.1296119935024546,0.069826142419081
Mindy1,-0.010876300378226886,0.05250738071946032,0.16688502424023707,-0.0770795218946712,0.0568194454415121,-0.0147273964054703
Mip,0.0003746287965373321,0.13567114953618611,0.29641669318896036,-0.0547015961833151,-0.0005808548032225,-0.0004048145467362
Misp,-0.0006726610542500317,0.544467988049121,0.695192989795028,-0.0174050533310548,0.000734399911305,-0.0032084882321601
Mitf,-0.021261209880691568,0.00022866900950467664,0.005230675414723567,0.5084762008858154,0.0394431373210097,-0.0263809274937919
Mixl1,-0.0003719278559798894,0.15447571368085744,0.3207084312112551,-0.2747511990116508,-0.0007066594056452,0.0001304379664464
Mki67,-0.017838716542262514,0.5970910116614789,0.7358717949837553,0.076084947418611,0.3461396329452409,-0.3037198952070288
Mkks,0.013605956917464648,0.005719093025311987,0.042905675023620825,-0.1471970224569206,-0.0699531422805231,0.0187072377768454
Mkln1,0.004243677123178642,0.7328617461932062,0.832751509607763,-0.3635169710000303,-0.0372933624908071,0.0406875864085898
Mknk1,-0.031217115880295826,0.0003405532192959496,0.00709045702705567,0.4841091262223385,0.0686892246176293,-0.0050630621685081
Mknk2,-0.04401586653997077,0.08014923177777085,0.21601429753427578,0.4639689930821181,0.1740659452861048,-0.1313765954434396
Mkx,-0.003213693910466248,0.42978546055305156,0.6024555191759045,-0.3525766517633673,-0.0181843973206211,0.0170288821225466
Mlc1,-0.03345613193769922,0.08167175124443707,0.21857691663057371,0.3142855344350467,-0.134537045257677,0.134748143311064
Mlec,-0.02220060432487661,0.00903502679010937,0.055661439198487796,0.0900089900834548,0.0338680702323787,-0.056284445748397
Mlf1,-0.006491354263897392,0.031318862699717294,0.12204879782711495,-0.2526219169193097,-0.0179782708800872,0.0174769046371699
Mlh1,-0.015108238463096599,0.0022737018079746194,0.023573481549753115,-0.188720506832437,0.0091747404942088,-0.0158943500069368
Mlkl,-0.02290925380668231,0.09585412914341722,0.24019598832047306,0.079814601703837,0.1532140677567477,-0.0402333468404402
Mllt10,-0.007840451433239084,0.11405509958169249,0.26737429967799675,0.3209989121484536,-0.0166914644531673,0.0558125845449125
Mllt6,0.007849465747521019,0.5423185384954554,0.6938653637996666,-0.224525187970607,0.1121683186321225,-0.0428185107117351
Mlph,0.0002037931162813775,0.9694187915044953,0.980465591979417,0.6051985686826771,-0.0105522440067408,-0.0180857285216594
Mlst8,0.010444472146780846,0.041464152729682964,0.14506593316034744,-0.2193036719712905,-0.0379270930781897,0.0504503040195081
Mlx,-0.009213181059233445,0.06065971851651388,0.18233660822200196,-0.0402802662804411,0.0388895424867429,-0.0209600606565243
Mlxipl,0.004869258078809778,0.48997490822444545,0.6529158847578099,0.5639237279261756,-0.0449665857872714,0.0283207607602419
Mlycd,0.00038747419790571163,0.9068626236085935,0.9388634352267268,0.1755423950246384,-0.0196560166650384,0.0231967374861254
Mmd2,0.0075112488740858305,0.6177110725022792,0.7519012503460496,-0.152169894837222,-0.1636238677224223,0.0220450358497067
Mme,-0.019017716807876034,0.2668121210502353,0.4475529856880139,-0.141478219219574,-0.1242049118808847,0.105749131074911
Mmp12,-0.059371066287111036,0.00782900840720621,0.05078800373226075,0.5621832225930702,0.2330180117595225,-0.0549515540900763
Mmp13,-0.02807616828992368,0.08965805129142075,0.22937694652109203,-0.1111436976997356,0.0533151077748134,-0.003078165339013
Mmp14,-0.1055879284172594,0.0017210543347151123,0.019816833507575397,0.4100133277558481,0.4115176680831056,-0.2241474196487132
Mmp15,-0.02330287392689349,0.34370699279258565,0.5242970604769674,-0.4773957485089318,-0.2244580490507668,0.0161996973316675
Mmp16,0.00308487367030476,0.7538201263343491,0.8443646166955456,-0.3063289386265645,-0.0120120649589622,-0.0173185238331332
Mmp2,-0.05051897694187401,0.0398952207834908,0.14132327862262956,0.5679020258304167,0.0398416384691318,-0.1084049913898794
Mmp25,-0.012574534078383012,0.4705788137164868,0.6367168511320422,-0.1039330327482986,0.1666470187798538,-0.1469406752299714
Mmp28,-0.014917340041276752,0.01807316270532292,0.08664586744347012,0.1765369695006987,-0.0293965349784171,0.038515148997504
Mmp3,-0.017748739281335066,0.1339546825264708,0.2952907673152669,0.1914555866416028,0.1126725333143206,-0.0200241417227746
Mmp7,0.0004918790542196451,0.2311588953435534,0.40962315622760403,0.3170206142442125,-0.0001828231159207,-0.004006385553144
Mmp9,-0.0052222599402156206,0.8195746904064813,0.8881772882437777,-0.2270116241607576,0.2207527826455905,-0.1108639621778853
Mmrn1,-3.958813593160453e-05,0.9342558772910565,0.9584954203663876,-0.3349229548132975,2.2603735691027575e-05,-0.0011372753132854
Mms19,-0.013822862122506515,0.008080181860505135,0.051585741765252435,0.4967899507921071,0.0449207917953049,-0.0052329745323724
Mmut,0.011410398040353468,0.3586863090526703,0.539245170196779,-0.2406870232065864,-0.0900969600739699,0.0506062261717467
Mnx1,-0.007135646097679315,0.019043232240668433,0.08917154342299538,-0.4259265193728125,0.0040383158445472,0.0036693890768589
Mob2,0.003300124110290023,0.7908454910727472,0.8705444216577651,-0.1762883258816836,-0.0913896975888104,0.053576089617872
Mog,0.08070991569193633,0.028524045343577463,0.11477536864291354,-0.561437291736025,-0.3366360733072335,-0.0627420311814432
Mos,0.00012166172367918885,0.5537145784308174,0.7017386495839999,0.0457504258987726,7.021577475887705e-06,0.0005140519055198
Mov10l1,-0.000563294358562253,0.12327732027127287,0.279673870810394,-0.0440099205656671,-0.0005643753656915,0.0002987543632961
Moxd1,0.08027068687676213,0.003706765562384524,0.033098317362158965,0.659402877627962,-0.0032182191540763,0.1565283959258999
Mpc1,0.02098957115227272,0.13180284250202626,0.292534724574944,-0.3836571041402509,-0.072566340477292,-0.0114692170342207
Mpc2,0.03696441070716218,0.11372977554557862,0.2671651474646765,-0.3451173431929152,-0.1704194420662124,0.0309612099129406
Mpi,0.0058073325587508365,0.28180383629598993,0.46236132806234953,-0.5082275572668002,-0.0459151629043654,-0.0021360767832118
Mpl,-0.00038362976861135145,0.4846260519633627,0.6498626422358342,-0.2262656933037124,-0.0012774284655827,0.0010685024540971
Mplkip,-0.00781813829708386,0.3665243068890325,0.5457211002454626,-0.1178570754131425,-0.0363300803010863,-0.0224985454902005
Mpp2,0.05414109346938323,0.006814322187514206,0.0473777996620644,-0.3366634601464029,-0.1942884770254285,0.1082281017169697
Mpp3,0.01788274148850164,0.17204081731645393,0.3420525961610287,-0.4333858279432646,-0.0741015807653955,0.064149693704159
Mprip,0.002720997786545463,0.7682945237809182,0.855277282211912,-0.2988696300561124,-0.0207045967789718,0.0831249573436534
Mpzl1,-0.006858924394498537,0.7331674239655879,0.832751509607763,-0.152418538456237,-0.1445078720017314,-0.1139679291295896
Mrc1,-0.022031536402860624,0.20141169164335973,0.3767568137542517,0.6805375852442428,-0.066541216246589,0.1880329997802159
Mre11a,-0.013485875183845525,0.018520703644998998,0.0880467001799999,0.41697534908827,0.0295744628128352,-0.016361422307503
Mrgprf,-0.020495716518140892,0.03957410995110102,0.14093057639824658,0.5482591799282264,-0.0844493127535714,0.1546622066551549
Mrm3,0.01192408113287544,0.04736875073508442,0.15679947923404647,-0.4229427959446317,-0.0612700123250261,0.0547351705313579
Mrnip,0.006788469654016359,0.1981197583705796,0.37305606771809763,-0.2707729011074097,-0.0261397668944743,0.0325491378162135
Mrtfa,-0.003072343730555684,0.034787889933494666,0.13028856574945394,0.2436707466347672,0.0130101433331219,-0.0070089713547572
Ms4a1,-0.036725913564557344,0.17793498036147642,0.34914783719874315,0.4323912534672043,0.0076888715443844,-0.3162615925694976
Ms4a2,-0.00038083594224747535,0.2556480451942786,0.4362866104168669,-0.3423822633837495,0.0006042750310865,0.0002487026200448
Ms4a7,-0.03222965455251192,0.014967681639419373,0.07759160979946975,0.7379742612367237,0.1110822946963064,-0.0155252241715259
Msh2,0.007828375409565515,0.36091907358644704,0.5406288132753645,-0.2568488584425659,-0.062127262682925,0.042268069452334
Msi1,0.03316112413946634,0.011963557625314767,0.06647724122737542,-0.1434673681716946,-0.111291539354721,0.0515137648735178
Msln,-0.03127972112244138,0.05930852870742725,0.1803873315695907,-0.3662520508091961,0.0148048348413168,0.0337476837819888
Msmo1,0.03622796461189376,0.22103120754218425,0.3983048343118505,-0.8496152461744895,-0.0860344674669117,-0.1726034367658235
Msn,-0.07259843830970962,0.1300519341211545,0.2903922954042781,0.2570975020615809,0.5111130036762295,-0.2416448799163708
Msr1,-0.027745007000117106,0.5094142208595455,0.6690754860239008,0.4281643119439481,0.414357077665061,-0.0872686804964455
Msra,-0.009296814760097596,0.0026016061178067997,0.026021162366534286,-0.373214072141618,0.0190175233269219,0.008536967987492
Msrb1,-0.018768076185467178,0.5723448156334989,0.7185653223102333,0.2799727150109672,0.3429536553996803,-0.0796611144274962
Mst1,-0.000427607859000147,0.34455453483268883,0.5248052201199002,0.4234400831826618,-0.0009412941089297,0.0030118704303967
Mst1r,0.003444103857931637,0.0544980196302728,0.17054871051166964,0.4090187532797879,0.0008360179153524,0.0108724531837857
Mstn,0.0001350984924983685,0.6831473760496933,0.7970573570973206,-0.1979203207359946,-0.0001711690495723,0.0009275299896995
Msx1,0.002231206751486299,0.6918225182060327,0.8035033391095111,-0.0258589363775671,-0.0617599565557072,0.0293196416437533
Msx2,0.0031452630800678574,0.008446559702722537,0.0531924704241823,0.2367087253023453,-0.0073952534232455,0.0094221892451543
Mt1,-0.02342767884350869,0.09053605557731992,0.23056636020964,0.3418849761457194,0.0336654451727902,0.0878354919403804
Mt2,-0.01749781941610758,0.3856357323161326,0.5638659264991799,0.3689871306183618,0.1061093159907766,0.1439940163020336
Mta1,-0.013421119132219472,0.021726992453208725,0.097561081429417,0.2424275285396919,-0.0103182688102039,0.0263900966465899
Mta2,-0.04813246132879146,5.544145173802972e-05,0.002051481826985194,0.4448234344179578,0.1416606826054005,-0.036680339623796
Mta3,0.01025381072198019,0.19701704574347997,0.3715282626016604,-0.5835665738283661,-0.0453203221131737,0.0090062587863866
Mtch1,0.021823281126334207,0.28481290829338446,0.4663982809645439,-0.2655513851080933,-0.1716498919547873,0.1257708369698855
Mtch2,0.0005608060002641872,0.9692702370527277,0.980465591979417,-0.4908225039357455,-0.0233256281337117,-0.0292017728489859
Mtcl1,0.03199850028866657,0.00623812905295798,0.04546061234324563,-0.395094710614944,-0.0767431555905693,0.0411360382239892
Mtf1,0.015051600047448072,0.08384193598064238,0.2213762761379632,-0.4207050033734961,-0.0520929887638145,0.0066254049904309
Mtf2,-0.003633979569642777,0.7795978380078046,0.8627515340198891,-0.1573914108365384,-0.0313701228847196,0.0509113431433922
Mtfp1,0.04680724851937715,0.008010075545852754,0.05126649355005633,-0.496541307173092,-0.1645168950635948,0.0183288511156562
Mthfr,-0.02266832607331031,0.0006868175909617651,0.011209240369554096,0.3771923700458591,0.0419795481293072,0.0036558675775841
Mtif2,0.0022656499956932173,0.6685496908987325,0.787773613600008,-0.1322784053160165,-0.0391471482104245,0.014310605343882
Mtmr12,-0.015662689136123814,0.005535880678216153,0.04240019120057147,0.1961798154028891,0.0641774495590533,-0.0142405434998027
Mtnr1a,0.0001409957068012784,0.7943282034059257,0.8715320197162411,-0.0333182449480191,0.0009063435426011,9.237762437820478e-05
Mtnr1b,2.5737268651669285e-05,0.8677378341291926,0.9177546530982814,-0.1616183523597946,-0.0001055273701338,3.3803013726637016e-05
Mtor,0.006054005935041641,0.5220036994321811,0.6777843937138665,-0.3093126620547454,-0.068583333993289,0.0813616702494988
Mtrex,0.004021396455344702,0.5469206568366964,0.6965530299246908,-0.4920657220308208,-0.0275381474641898,0.0286572123418246
Mttp,-0.0035147309291429316,0.41261660451891324,0.5877676215013522,0.000248643619015,-0.0290467882411666,0.0324974571844226
Mturn,0.0031950620294259745,0.8182594673791967,0.8876949262231567,-0.2675405340602138,-0.1182898396611775,0.0115059160157832
Mtus1,0.0006675332338190109,0.9365722257196563,0.9593282978706761,0.061912261134752,-0.0650133627647928,0.1180694601590457
Mtx1,-0.015669933713441806,0.11293233963185029,0.26620511296768407,0.2799727150109672,0.060063325407679,-0.0300213882246909
Muc1,-0.0007455856921751675,0.08664523321373933,0.22595978252724147,0.286686092724374,0.0032009590588504,0.0007662813949081
Muc2,-0.0007435040744041438,0.45520076695230205,0.6248300734862311,-0.3364148165273878,-0.0011759428512579,-0.0005313508334291
Muc20,8.04463770622839e-05,0.8105731007217857,0.8824350856496805,-0.4299048172770536,0.0011128818585374,-0.001030885733138
Muc5ac,-0.0005386391103038304,0.08601698271749718,0.22501160453433494,-0.2513786988242343,0.0015039097004108,-0.0014523888150373
Mus81,0.005392166465139248,0.15870513208394912,0.3258837049293784,0.2372060125403754,-0.0329444565338225,0.0480703652415572
Musk,-0.0034784827097200616,0.034643765170050786,0.12993959274443312,0.3490956410971563,-0.0110808371512242,0.0188444220394123
Mxd1,-0.03262735946126392,0.2712838441416445,0.45267219135313336,-0.0636527664678575,0.3195328650285566,-0.0916671338672804
Mxd4,-0.007091842944569715,0.4476251452108647,0.6181201585599948,0.228254842255833,-0.0701180851443603,0.0688681733621879
Myb,-0.007389248545924603,0.020408155423610803,0.09395487438252591,0.1002033784630726,0.0161488239860066,-0.0574561109434225
Mybbp1a,-0.02086436874239906,0.0006179147773028797,0.010402585079280493,0.2521246296812796,0.0498252475513865,0.0375030947552594
Mybl2,-0.0026615048382728234,0.0676382478326458,0.19403976489683436,0.050971941898089,0.0072023943074386,0.000770495007649
Mybpc3,0.0016282224407721585,0.23014458066000876,0.40886053244489695,-0.2081147091156124,0.0120869417107497,-0.0089111797094515
Mybph,-0.003639170970188102,0.04413559747240414,0.14979087339104027,-0.2033904803543261,0.0159337199871754,-0.0093104459039803
Myc,-0.038840539747684026,0.03401862243026009,0.1283231274543776,0.1897150813084973,0.165196103651548,-0.0576814848949338
Mycbp2,0.006239340723576935,0.7711548766794208,0.8570067594644283,-0.2058769165444768,-0.1472725629028091,0.0960444054019025
Mycl,0.00455515652233421,0.6802772459026685,0.7947994116696088,0.0671337771340685,-0.0707917861146252,-0.0725841495023605
Mycn,-0.00636808341605777,0.06991617422346329,0.19857594917254243,-0.3403931144316289,-0.0239600223179618,0.0126841238622033
Myd88,-0.05373390700166459,0.08220689942206348,0.21897514044488034,0.0962250805588315,0.3276858351649451,-0.08473922927883
Myf5,5.7169127010734654e-05,0.8893453833010634,0.9305745231217896,-0.2874320235814193,0.001705776950757,-0.0016354842460295
Myf6,0.0008295895118367454,0.3749888227408761,0.5539582927313087,-0.0982142295109521,-0.0023151717758814,0.0051135400252429
Myh1,0.02477707415923029,0.344737471518343,0.5249271170791246,0.1153706392229918,-0.1495546032539597,0.2480998187713091
Myh10,0.04833420174032457,0.0022691997357959354,0.023573481549753115,-0.5519888342134524,-0.1293021633397593,0.0113707571976484
Myh11,-0.0035040265915656857,0.8284797538572111,0.894029029918687,-0.0482368620889233,-0.050038097936922,0.0768021133255866
Myh2,0.011584078208689534,0.3015189116164284,0.4851213294412425,0.0708634314192945,-0.0779991734618964,0.0458720270525838
Myh3,-0.000533089223400766,0.2550978557017682,0.4357850508823575,-0.1658452938830507,-0.001812893855583,-1.391598988028167e-05
Myh4,0.0048451780923263596,0.27320043201737576,0.454383894268221,-0.0547015961833151,-0.0333996292904482,0.0325926554259847
Myh7,0.00046724318833261664,0.0690365727473464,0.1966935964751755,0.0673824207530836,-0.0050806621202814,-0.0055004889237869
Myh8,-0.00023299309237535904,0.5204672163919812,0.676730655640744,-0.3428795506217796,-0.0010143794618552,-0.0022319732348917
Myh9,-0.07795530994443411,0.010520219949387562,0.061470380254096166,0.2886752416764946,0.3280775247456196,-0.1138919906331779
Myl2,0.0039999872003522695,0.3362080649882454,0.5181260844426102,0.2660486723461234,-0.0290334330072703,0.0186293720744723
Mylk,-0.0349770277559155,0.1916808124063921,0.36538259494955383,0.6924724789569661,0.1036503454334523,0.0239150690750757
Mymk,-0.0008017395636042448,0.6778518175536663,0.7935169184686444,-0.050971941898089,0.0172336272222296,-0.008349020480971
Myo10,-0.02590105633985659,0.0005620690062527943,0.009920809691679943,0.4008135138522906,-0.0427172089673696,0.0577334290617156
Myo16,0.01845145549295393,0.2662755951436458,0.4471101137591073,-0.4164780618502399,-0.1249880202423617,0.058944677651203
Myo18a,0.002863400970536635,0.6698739008139676,0.7884233428823371,0.0788200272277767,-0.0346783771277219,0.0454129534113987
Myo1c,-0.06473077321829156,0.0016212816547460983,0.019188300976472963,0.4580015462257564,0.1804789212820949,0.0284879170320151
Myo1d,0.03695740177675048,0.095181813258119,0.23905584905448793,-0.5005196050773332,-0.2243310255803745,-0.0033321360453639
Myo1e,-0.0437026641071679,0.024052168941235637,0.10275553917022026,0.3185124759583029,0.1498759894983119,-0.0883041613419144
Myo5a,-0.01300855715740073,0.3818787029014836,0.5607870146786326,-0.0678797079911137,-0.026870929589708,0.0026650456218726
Myo6,0.04236453742040862,0.057199624653867326,0.17672639936970153,-0.4147375565171344,-0.2397046262275679,0.0706593629477796
Myo7a,-0.03979223379377583,4.696540788126253e-08,1.1408121219158104e-05,0.7218124260007441,-0.0063212067975723,0.0736941435999752
Myo9a,0.0014941309907258189,0.9436410058627026,0.9644385435595364,-0.3530739390013974,-0.1437416430892815,0.0617492506967622
Myocd,-0.00042095508660316755,0.653119285157046,0.7782031326178119,0.0273507980916575,-0.0021866281818658,0.0052549247301681
Myod1,0.0006840037897336708,0.07362730993563588,0.20568067249818106,-0.2735079809165754,-0.0013344600290348,0.0032150373551899
Myog,-0.00011600917936900987,0.7958711455772874,0.8726867398086293,-0.2906643906286152,-0.0025660500419463,0.0020710419165508
Myrf,0.0419366791336989,0.007645982254867329,0.05032536191235903,-0.5040006157435442,-0.0815727073293586,-0.0345793500552247
Myt1,0.010338278683471392,0.4645262944785753,0.6328922617882513,-0.2389465178734809,-0.034161293609517,-0.0395026600455217
Mzb1,-0.046869009714763814,0.0011222363947646298,0.015562412059112261,0.742947133617025,0.0243936413227003,-0.1189594864325465
Naa15,-0.012732467333379734,0.022563688646287,0.09939324333740068,-0.0320750268529438,0.0123973884979544,0.0003129046221719
Naaa,-0.03656986139950591,0.06795233283940738,0.19440541212216322,0.2513786988242343,0.1583890665038163,-0.0381632301366108
Nadk2,0.02705442580964332,0.2526428367765649,0.4331869278646244,-0.0959764369398164,-0.1713069332473671,0.1134442900318447
Nae1,0.000611738641213555,0.9501680147409945,0.9668476048661108,-0.4744120250807509,-0.0441936108358719,0.0030538430275476
Nagk,-0.025222789166832325,0.046944856018779554,0.1563092105429468,0.6986885694323428,0.0453457064300736,0.0232307343827712
Naip1,-0.002177854472937054,0.04527560689301887,0.15254350776835485,0.2506327679671892,0.0124929873192285,-0.0018317098191759
Naip5,-0.016788320054659855,0.004251888248640229,0.035672503217621394,0.5020114667914236,0.019327788753901,-0.0182483680238192
Nampt,-0.0342214718913015,0.23925510737565453,0.4179590077819225,0.0188969150451452,0.3364740993396165,-0.1657003394419935
Nanog,-0.0006805249933878109,0.29896456805712945,0.48229546542043555,0.0780740963707315,-0.0027325286200227,-0.000160824671498
Nat1,-0.0010028363689036646,0.4112439237882308,0.5873592862273347,0.0778254527517164,-0.0123822692864455,0.0087447674478305
Nbn,-0.005241085254506816,0.4525225787625998,0.622355803253713,-0.1534131129322973,-0.04110186558276,0.0523025741591116
Nbr1,0.012400309706131563,0.13307930772604443,0.29427848848983634,-0.2178118102572001,-0.0927382860271366,0.0559757479560594
Ncam1,0.04543769356037752,0.06791187711812771,0.19439870099863607,-0.1653480066450206,-0.2110285393709072,0.1198816776709836
Ncam2,0.03641011644504554,0.1817385931584953,0.35397043287571,-0.405786386232592,-0.1786087700004408,0.0968792711544099
Ncan,0.05679445068749236,0.006745833277453227,0.047267164214682564,-0.5766045524959442,-0.038728275114106,-0.1164940905244027
Ncaph,-0.011853694062317597,0.3247990007158983,0.5078822546575276,0.1389917830294233,0.1131808501186807,-0.0817966444142773
Ncbp2,-0.0071535080691317605,0.3507832165238096,0.5308597380235499,0.0668851335150534,-0.0805961716612831,0.0433458625395518
Ncf1,-0.044714903768514794,0.2948090320107515,0.47877136971882944,0.2478976881580234,0.5064051201128801,-0.3370213513928908
Ncf4,-0.054208065115976374,0.06159307908047456,0.1840575842937907,0.2168172357811398,0.3405057785463076,-0.1513650104266629
Nck1,-0.003947580868335557,0.5708593547626035,0.7174066441596552,-0.0293399470437781,-0.0275725928310105,-0.0099683853881616
Ncl,-0.016213204328950633,0.0737793065417879,0.20583847652467513,-0.0733498676094452,0.0500737572900198,-0.0069165088907057
Ncoa1,0.013609879042211268,0.40267831653681285,0.5790984191300486,-0.3826625296641905,-0.0783316532934943,0.06393624370406
Ncoa2,0.0009074558003852376,0.9337960540127606,0.9584091894404612,-0.2822105075821028,-0.0097470495312561,0.0755137953675519
Ncoa3,-0.0075996916583377806,0.5064973584154203,0.6669186952186523,0.1842449216901658,-0.019986695073084,0.0544305211461075
Ncor1,-0.00560494643741351,0.4377161008831567,0.6102519104972798,0.0087025266655274,-0.0229756534776437,0.040007232575232
Ncor2,-0.005917372064890473,0.46430189712110814,0.6327555375941151,0.0972196550348918,-0.0063767747055889,0.0551640461789373
Ncr1,-0.016804811467644516,2.485918741789499e-05,0.001255512029887944,0.6221063347757018,0.0193943760314882,-0.0085116894985079
Ncstn,-0.027143848866203916,0.016829828792097906,0.08340517199347003,0.5681506694494318,0.1315319142729689,-0.0157582897211085
Ndc1,-0.004882856581877981,0.459934364635197,0.6289879876686701,-0.1387431394104082,-0.0442378553370018,0.0629745495356916
Ndc80,-0.0042227481461394965,0.28761579055046216,0.4699321420877346,0.1790234056908494,0.028556482154418,-0.0134331291509287
Nde1,0.005925490123183751,0.3566251306404069,0.5377312419144888,-0.3826625296641905,0.061463438011535,-0.0454840798920546
Ndel1,-0.011510152685884801,0.3571491122315592,0.5379248604285818,-0.069122926086189,-0.0477105679510909,0.1256611140994366
Ndn,0.0563690176237105,0.0073199446325847356,0.04900136164148916,-0.4139916256600892,-0.1751609688823969,0.0415636523784535
Ndor1,-0.01304324264817822,0.06344908984870251,0.1874858038977803,0.3018533534842932,0.0057169530313307,0.0417706510371044
Ndrg2,0.06643312722309777,2.5856705105688488e-05,0.00125651792138447,-0.2996155609131576,-0.0489314671912195,0.1032620295259096
Ndrg4,0.032195337381456864,0.16762718064064375,0.33656389962557137,-0.4791362538420372,-0.1131521971926465,-0.0092156338209714
Ndst1,-0.015119526360615488,0.060559448273777856,0.18224999743040757,0.3948460669959289,0.075387765437765,0.0486109769235469
Ndst2,-0.021875376640516114,0.03596352439885676,0.1327957399664493,0.4865955624124892,0.1175306100890363,-0.0134234535676664
Ndst3,-0.004167887476075506,0.5230964527123683,0.6784426659765549,-0.1844935653091809,-0.058097381874305,0.0837251744602016
Ndufa12,0.011611003901030686,0.007999264113134506,0.05126161588077778,-0.3513334336682919,-0.060670314176523,0.034388101258773
Ndufa9,0.01596837625467963,0.07236867727738738,0.20361424312849036,-0.6385168136306962,-0.0315981412074841,-0.0151330620298502
Ndufaf6,0.00864405035560108,0.0816362093313291,0.21857691663057371,-0.2120930070198535,-0.0328521601228971,0.0152567793954565
Ndufs1,0.03256017940829,0.007073629249829681,0.04849809516583495,-0.4358722641334153,-0.1149642396863614,0.034720813864931
Ndufs4,0.0056161301506723335,0.44716919888367157,0.6178533307689303,-0.2339736454931796,-0.0515169046253917,0.0267415224712592
Ndufv2,0.016070772756557217,0.10522077811204607,0.2537603496092714,-0.3498415719542015,-0.0543220685249952,-0.0066699372593369
Neat1,-0.056748585412049794,0.05317382180784727,0.16822440874638103,0.3344256675752673,0.2664532304388176,-0.1191333939473198
Nectin2,-0.008121482568387,0.07611438470009119,0.2095935160469035,0.1859854270232713,0.0600193897455973,-0.0355673886076086
Nectin3,0.009811403989949341,0.31158377720923935,0.4954454013542176,-0.1084086178905699,-0.0509982508306543,0.0620424714351947
Nedd4,-0.024734795458757133,0.07063348963143974,0.20027872740965766,-0.2528705605383248,-0.0829159045599223,0.0724630698707611
Nedd4l,0.001995163284011853,0.874989088237477,0.9216021761510159,-0.1556509055034329,-0.112985172858478,0.093161978258865
Nefh,-0.011772152184069058,0.6242086887000957,0.7563155631969568,-0.6658676117223539,-0.171008464048405,-0.1421223491707173
Nefl,-0.00561917457140842,0.8153005235588878,0.8854264361664652,-0.6260846326799429,-0.1379573472924073,-0.1918551061831248
Nefm,-0.0306155231219016,0.28215507987665456,0.4627887660613553,-0.6109173719200237,-0.0378996647475444,-0.1234808933966622
Neil1,-0.0010996959694356545,0.7758700965497161,0.8614961607531784,0.5587022119268593,-0.004523852795116,0.0229478297396599
Nek2,-0.0010671526875550559,0.890206528596178,0.93084251528528,0.0576853196114959,0.0620214210739522,-0.0591689765173349
Nek7,-0.034659257878838105,0.0016806516470784915,0.019528483033593134,0.3396471835745838,-0.0018344370912937,-0.0126709758265459
Nelfb,0.00030067266787727886,0.9449010341711583,0.9651130272409211,0.286686092724374,-0.0395308997753132,0.0616591897002434
Nelfe,-0.009784300125046148,0.042339701759974785,0.14620430299482037,-0.3433768378598097,0.0258920673231489,0.0111216860973679
Nell1,0.02124200426015327,0.022654116244404214,0.09953371831413083,-0.5624318662120852,-0.0690731039851117,0.0045483042637552
Neo1,0.025897739259799567,0.12588563893299942,0.2838826897423652,-0.3379066782414783,-0.116733494268896,0.0319456917751798
Nes,-0.04150759190545219,0.04537513525795553,0.15277793066061462,0.1603751342647192,0.1274900247373893,0.0345304492289305
Neu1,-0.0036224016591329205,0.732588888999679,0.832751509607763,0.3060802950075494,0.106449209900004,-0.0472736606616748
Neurod1,0.0003241478713950663,0.5445973705588967,0.695192989795028,-0.3771923700458591,-0.0012593592988798,0.0024755225233817
Neurod2,-0.00029284914016347607,0.865549337379056,0.9168357019553447,-0.4358722641334153,-0.0143272065803438,0.0026029836673721
Neurod4,7.989992039702216e-05,0.8843384215066319,0.9280004707067124,-0.1238245222695041,0.0029204685197033,-0.0008735243348641
Neurod6,0.002937805675841216,0.2517596399736451,0.4322537608568036,-0.4557637536546208,-0.0261961835377389,0.0017083107049798
Neurog1,-9.491816444249617e-05,0.6593656058873136,0.7812223066658709,0.0106916756176479,-0.0007255007333666,0.0005682629043882
Neurog2,0.0006019775932447054,0.32810692517932427,0.5110453207144223,-0.5497510416423168,-0.0022927192247648,-0.0002791698562763
Neurog3,-0.00046836146928064026,0.08731677592380513,0.22689906978468158,-0.5624318662120852,-0.0003965149928912,-0.0002004335274826
Nf1,0.004147866624175659,0.8710155752150232,0.9196958081498309,-0.3234853483386042,-0.1554090695742751,0.0492596660006932
Nf2,0.001835664759505034,0.7938174710981147,0.8715320197162411,-0.3413876889076892,0.0136572024131396,0.0210863564012787
Nfat5,-0.012328408492998665,0.4579523945243966,0.6274550535774771,-0.2439193902537823,-0.056581767889287,0.0801254287465824
Nfatc1,-0.0647676522763112,0.0032862360433785643,0.030149442549054058,0.4629744186060578,0.2092686469546767,-0.1647944094583436
Nfatc2,-0.008117887323158908,0.2558253557188027,0.43636697574697114,0.366003407190181,0.0470862931681128,-0.0589838808604502
Nfatc3,-0.016298073625392415,0.06697572741051667,0.1926921520141261,0.1076626870335247,-0.0151648102597041,0.003610209298319
Nfe2,-0.0034600328759711247,0.43409648589580374,0.6074968928818917,0.0206374203782506,0.0585941222737595,-0.0097652043448868
Nfe2l1,0.029989840918820357,0.0018406985602499452,0.020819076177017674,-0.4808767591751427,-0.0573167104073002,0.0478680321797475
Nfe2l2,-0.04845158664761071,0.0242702720637016,0.1032549272701767,0.5017628231724085,0.1563483346552088,-0.0975992288476612
Nfia,-0.01167016318757562,0.5985538161194848,0.7369594535422379,-0.0345614630430945,-0.1619628462742672,0.181208306333013
Nfib,-0.01142367587348252,0.5357666742800629,0.6889473730575664,-0.2488922626340837,-0.1156936821142675,0.1216866934232125
Nfil3,-0.01495273869655329,0.26385536383665253,0.4439070616526269,0.0534583780882397,0.1695365485406642,-0.0284101588342894
Nfix,-0.0016555218497431208,0.8756758643646083,0.9221351329735482,0.0432639897086219,-0.1086467666064006,0.070244227140894
Nfkb1,-0.027602179406289076,0.08777040465393714,0.2270865910012481,0.2511300552052193,0.1544174136757039,-0.1174561934673152
Nfkb2,-0.02741490969233763,0.20943275789049112,0.38525658059841156,0.2160713049240946,0.2290949090533265,-0.2160691278087314
Nfkbib,-0.021873911288930126,0.085053554084527,0.22310622377481967,-0.1534131129322973,0.1092976598381654,-0.0815354143245553
Nfkbie,-0.026195545025612024,0.18277950716789382,0.35523040854658944,0.1825044163570603,0.2138661279993623,-0.200045461472324
Nfu1,0.002563074255287385,0.6793412169838218,0.7943600470065745,-0.1929474483556932,-0.0347435814983445,0.0249470305042694
Nfya,-0.024129047565671562,0.009782538905950752,0.05843176927313207,0.5365729298345181,0.0627231397304061,-0.0470249875240712
Nfyc,-0.003975271425518757,0.20191978819530346,0.3774250053441711,0.2123416506388686,-0.0100562662466106,0.0701323316256319
Ngb,0.011279289657680951,0.1284875821201333,0.28796799490105446,-0.2212928209234111,-0.0467871257244433,0.0571890120559952
Ngf,-0.013898655649138643,0.17134980542617506,0.341347168864598,-0.0929927135116356,0.0694671571630822,0.0183600352184609
Ngfr,-0.062241476262741756,7.730542388614823e-05,0.0024044815075807448,0.4851037006983988,-0.060027150020327,0.0889210655940703
Nhlh1,0.001836918464494529,0.1142807603606066,0.26745593703810505,-0.1556509055034329,-0.0054962611205129,0.0046756362900878
Nhlh2,-0.0033143310255636113,0.047742638583431,0.15701818144041363,-0.3943487797578988,-0.0071612759160187,0.0066189399061458
Nhsl1,0.029879201623983123,0.004698906853887672,0.038228267721979285,-0.2230333262565165,-0.0157145121584516,0.1144786448316983
Nid1,-0.08450563153925628,0.0018676158698347565,0.02103026170425407,0.5181733020274031,-0.1552302332575679,0.1032264862820349
Nid2,-0.09248750524082203,2.002513449220145e-06,0.00019585634793473046,0.6877482501956799,-0.0538967663031932,0.0601445087608837
Ninj2,0.01948727744920497,0.0019560355119708213,0.021411453104212788,-0.3473551357640508,-0.0767871884164496,-0.0229831379596544
Ninl,-0.01022325071693031,0.011806098602949958,0.06581738685644561,0.6427437551539524,-0.0305834914589251,0.0472633253065958
Nipbl,-0.014332110800562637,0.1506338039153254,0.3160769369691793,0.1071653997954945,-0.0333189915028258,-0.0041432431153723
Nipsnap2,-0.0036087442602764715,0.6697542010396282,0.7884233428823371,-0.0457504258987726,-0.0880771832867026,0.1218059949480857
Nkain1,0.026688035391011767,0.008667652766687893,0.05424993467837417,-0.2145794432100042,-0.0781525525640925,0.0073430574440017
Nkain3,0.004164453224266215,0.0700334208912104,0.19879826375407025,-0.4522827429884098,-0.0120478828943062,0.0090396004843879
Nkd2,-0.0024677524882495577,0.3124162776976511,0.49640770738630463,0.1464510915998754,-0.0183988230257336,0.0123918089763881
Nkx2-1,-0.000549177132272802,0.060283655512641365,0.18182348983345067,-0.1526671820752521,0.0001213928712039,-1.4705957528997771e-05
Nkx2-2,0.0020834853385920957,0.7558469693873006,0.8451502391154362,-0.3170206142442125,0.0349390727983595,-0.0963911709615987
Nkx2-5,0.0001840667634705155,0.48867775108578837,0.6515277596154225,-0.1799158168422256,0.0001669630919034,-0.0001199133451122
Nkx3-1,0.00020522127601367733,0.3564834678055089,0.537676572819604,-0.47093101441454,5.6649783662206504e-05,-0.0008156504838189
Nkx3-2,-7.878316522094361e-05,0.8654754891453751,0.9168357019553447,0.1733046024535028,0.0002528528216116,0.0002592480954135
Nkx6-1,-0.0028193560153302335,0.5184354448842445,0.6756615238514387,-0.0236211438064315,-0.0257579892539697,0.0144576231059459
Nkx6-2,0.06475709373704844,5.5168690849410005e-05,0.002051481826985194,-0.4744120250807509,-0.0455700332925677,-0.0110183834967039
Nlgn2,0.03634194925541371,0.02185651571049913,0.09788210213775794,-0.3448686995739002,-0.0681676395050452,0.0591079283368887
Nlgn3,0.032648498518265415,0.032786117994486205,0.12584047245287747,-0.3809220243310851,-0.1214069998060067,-0.0163897278234597
Nlk,0.0024908567022642763,0.7326776871767825,0.832751509607763,-0.199412182450085,-0.0514625542765452,-0.0181297457971204
Nlrc4,-0.013918374407894011,0.04372626186659189,0.14899643405576835,0.3030965715793686,0.0780972680593501,-0.0547124388052601
Nlrc5,-0.0683726473446857,0.2493945658882485,0.4294147400416974,0.1011979529391329,0.4716243234049995,-0.3759071925267538
Nlrp12,-0.00425369802761443,0.2955782274950637,0.47909749405467106,-0.1787747620718343,0.0375305247144306,-0.0033559510836343
Nlrp3,-0.017061039601496925,0.5169958056869713,0.6746471232563931,0.1034357455102685,0.2594813371390021,-0.1616444835608957
Nlrp4e,-0.0005981995116098917,0.11758353897827503,0.2720934236439146,-0.2163199485431096,-0.0002728264112279,0.0011483551178532
Nlrp4f,-0.0002322803375936229,0.5355154601198977,0.6889473730575664,-0.0161618352359794,-0.0002368621877832,0.0002350476629078
Nlrp6,-0.0010672700355211537,0.07961484503523324,0.21538146959177515,-0.4003162266142605,-0.0010395828696569,-0.0010945123731155
Nlrp9b,-0.00015766714123008216,0.5563647221066458,0.7035749001312258,-0.0412748407565013,-7.101671058019378e-05,0.0001293761241441
Nmb,-0.01876422366265507,0.13906030279975798,0.30084171731920745,-0.2158226613050795,-0.0350254630733917,0.0110716761845254
Nme5,0.005103642419421766,0.3542747272763902,0.5348195868117391,-0.0529610908502096,-0.0380804045152827,0.0362472151484103
Nmrk1,-0.003984154075552536,0.016934841107171875,0.08354412426275024,0.2578434329186261,0.0117678603251908,0.0054730437081081
Nmt1,-0.010248267735989072,0.21605918137195865,0.3926628378063772,0.0788200272277767,0.0003081271739151,0.058646681946916
Nmu,0.0541012221185872,0.0009296446578664558,0.013587728939188514,-0.2088606399726576,-0.1117381877333806,0.0722703862693417
Nmur1,-0.0016231466540810467,0.0064136446009868614,0.04575664490857899,-0.137748564934348,0.0004652557039151,0.0021419890177529
Nobox,-0.0006693378502546506,0.09240746700806234,0.2336988047635726,-0.3103072365308056,0.0004478390863974,2.7682220993829366e-05
Noct,0.019558013228238347,0.09232285864134201,0.23360064579835596,-0.4373641258475057,-0.0129149997650562,0.0543900146347616
Nod1,-0.022427245266251027,0.020916520681589227,0.09509373618251929,-0.0315777396149137,0.0353574258326542,-0.0131850137250074
Nod2,-0.00332241864971098,0.20086415568768012,0.3765744720199435,0.0014918617140904,0.0280152643732464,-0.0081740699158694
Nodal,0.0019746135523053517,0.18154350044323223,0.3537255140416072,-0.5216543126936141,-0.0078116426527864,0.0020720064705914
Nog,-0.006481546542509387,0.08877798841345312,0.22813930423023898,-0.3590413858577591,-0.0185877658125985,0.0198488628855254
Nos1ap,0.010009517504232809,0.11613468424570403,0.26976458303157386,-0.4008135138522906,-0.0455412210540096,0.047699133498501
Nos2,-0.0009313969209479927,0.9623988685442434,0.9761774962108145,-0.2180604538762152,0.21064939715795,-0.043095245461474
Nos3,-0.0004275171984672714,0.9709013358264222,0.9812564219940858,-0.144959229885785,-0.0662708387832575,0.2195721918789964
Nosip,0.0004220339012007286,0.895332414150269,0.9337744110775961,0.1879745759753918,0.0132743265018404,0.033121842582257
Notch1,-0.02217444356772987,0.006786672016156848,0.0473777996620644,0.0320750268529438,0.1120964557283903,-0.0715521108816261
Notch2,-0.034599995336992935,0.08915236310814405,0.22861698356318622,0.5477618926901963,0.0461677815201924,0.0487027737955436
Notch3,0.009615371375162227,0.4072191068367418,0.5839821939764464,-0.3040911460554288,-0.1127230366683234,0.1078790841681891
Notch4,0.005116216419466913,0.32107859361713753,0.5044949899346594,0.079814601703837,-0.0167111057446859,0.0462808861538286
Noto,0.0001367075117711472,0.5897704746081878,0.7323318381149868,-0.4577529026067414,-0.0004335133466624,0.0011695921838751
Nova2,0.013842081811275435,0.18731795754228617,0.3602974741414788,-0.2819618639630878,-0.0801129688319667,0.0858152296037126
Nox1,-0.00012303445079056853,0.5759197640521793,0.720924347590225,-0.2118443634008384,0.0013269125951957,0.0030064097297217
Nox3,0.00015205230722824302,0.56814883075273,0.7152337575690216,-0.2178118102572001,-0.0008718312377693,0.0001656185966459
Nox4,-0.009921645785566528,0.00012576980176610096,0.0034678473449128704,0.2411843104446165,0.0202302665820904,0.0127931249400419
Noxo1,-0.00030858304503662837,0.9264524208173335,0.9537505143469662,0.2745025553926357,-0.0107420610888184,0.0139224332902712
Npas1,0.0014736232448614285,0.2608912448288169,0.4408389137359728,-0.3120477418639111,0.0036246721895446,0.0005274154004894
Npas2,0.010397041171562331,0.0188724387743796,0.08889825082948082,-0.2312385656840138,-0.0162319576974856,0.0396885017772828
Npas4,0.011038235310021294,0.0711644290700335,0.20133652395243531,-0.3267177153858002,-0.0241247133079458,0.0146015167631852
Npbwr1,0.0016795447558647012,0.09166532685622746,0.23239802797893452,-0.3953433542339591,-0.0055230213884315,0.0035691820691946
Npc1,0.013624382838432989,0.503795129286309,0.6647333043169845,0.0842901868461082,-0.1137263544803088,0.0817949556685384
Npc1l1,0.00150084220449965,0.03535173367372859,0.1313441995192435,-0.1310351872209411,-0.0049336669281226,0.0061770626691188
Npepps,0.023931449944513,0.07362326479604936,0.20568067249818106,-0.2782322096778618,-0.0717584131801936,0.0371853191351447
Npffr2,0.0013078200903217001,0.412579259942671,0.5877676215013522,-0.2837023692961933,-0.0090363383491128,0.0102413537445846
Nphs1,0.0004845571240421572,0.7515152643731743,0.8432642682726709,-0.6840185959104538,-0.0054283140157953,0.0012769469891387
Nphs2,0.000499402756630696,0.6571462507500828,0.780284689263541,0.0815551070369425,-0.0072466165901526,0.0179369633874494
Nploc4,-0.007539710189858597,0.27308889813159515,0.45434653273622533,-0.5012655359343784,-0.0013812864892546,0.0112926060001765
Nppa,-0.001588130925126826,0.001311132951627686,0.017148946631417503,-0.2262656933037124,0.0003604109609389,-0.0001655372392909
Nppb,-0.004396028571700362,0.06186976212904844,0.18440602164923578,-0.101695240177163,-0.0019567449676768,-0.00393518660427
Npr1,-0.006716002185031693,0.19668397898828507,0.3713119825385796,-0.0032323670471958,-0.0272992992601638,0.0675002517939083
Npsr1,0.0027646606942333105,0.7349740452399914,0.8335043585525114,-0.362273752904955,-0.074060696198753,0.0381064599059963
Nptx2,-0.0426234547882294,0.010919412928800085,0.06280154832522784,-0.4841091262223385,0.0114962547392792,0.002704386760627
Nptxr,0.015573355231107066,0.15946946569598844,0.3270823259007789,-0.4952980890780167,-0.0662753841282998,0.0479716949136305
Npy1r,-0.002377096538222871,0.7645163270315144,0.8521404842644063,-0.1919528738796329,0.0227528158867271,0.0240400837389158
Npy2r,-0.010161860075078076,0.044739624124664354,0.15133741555697142,-0.4502935940362893,-0.0144162290611906,-0.0096354584257363
Npy4r,-9.950748382822566e-05,0.6892417731319368,0.8016010681135453,-0.228503485874848,0.0001079648458004,0.0007114245582768
Nqo1,-0.0028936471827658286,0.8535420575790494,0.9110521104228356,0.2163199485431096,-0.0684518163192778,0.0878714123469833
Nr0b1,0.00010673203841200549,0.768424972432306,0.855277282211912,-0.0937386443686808,-0.0009794072544774,0.0004199498038622
Nr0b2,0.00016005206075657812,0.7409968102437516,0.835707023258533,-0.3018533534842932,0.000969187630276,-2.5671361335765676e-05
Nr1d1,0.00713825936917492,0.836242270589911,0.8995512067227195,-0.1464510915998754,-0.4191101163021336,0.2003919721100879
Nr1h2,-0.022718595256077577,0.06427912714095323,0.18880279606653227,0.3635169710000303,0.0618164313045689,0.0272555338808272
Nr1h3,-0.01913103511813097,0.24917735853178263,0.4294100357671024,0.5574589938317839,0.0933896748803749,-0.0306418931967125
Nr1h4,-0.005825822024031927,5.075645538700471e-05,0.001959757469137948,0.7757680913270141,-0.0004985149887829,0.0109899207812823
Nr1i2,0.0005413783282288787,0.16273843987467043,0.33205151272027755,-0.0079565958084821,-0.0002761991845545,-0.0005693778918471
Nr1i3,0.00020226030177808912,0.5187214378106775,0.6757481260081512,-0.1365053468392726,0.0015058783839793,-0.0010793842722921
Nr2c2,0.003960479089696004,0.6782461800672984,0.7935169184686444,-0.2041364112113713,-0.0451989936467901,0.0377809686971493
Nr2e1,-0.0003987456887961163,0.09698982622497852,0.24180637824249826,-0.2531192041573398,-0.000899456653058,-0.0004839047467425
Nr2e3,-8.848943552144729e-05,0.8187705528591076,0.8880605124674268,-0.0842901868461082,0.0008016617717672,0.0002074275988662
Nr2f1,0.01946024070934373,0.03880160405448566,0.1392871092765175,0.1476943096949507,-0.0641920605850647,0.0782795022083455
Nr2f2,-0.05080641160918527,0.0021478242468602974,0.022730397268121115,0.4870928496505193,-0.1480642095070112,0.2936015936084428
Nr3c1,-0.016305209150149245,0.08189677491521155,0.21860567704997075,0.0315777396149137,-0.0875539549022434,0.0550768067821658
Nr3c2,0.0026176885771027982,0.8481138237113576,0.9081084413836346,-0.0482368620889233,-0.1356218341839186,0.164607618805079
Nr4a1,-0.025209092384638716,0.06106487992591166,0.18312284097711662,0.0084538830465123,-0.0286370230559172,0.0897385318182845
Nr4a2,-0.018197214510977836,0.001582936064516492,0.01882181087435577,-0.1250677403645795,-0.0172102350116938,0.0173320389746106
Nr4a3,-0.008252069782147122,0.30367371849871133,0.4871193830383417,-0.0865279794172438,0.0554044845149356,-0.0209804658353073
Nr5a1,-0.00010493401015457787,0.6176853974628782,0.7519012503460496,-0.2056282729254617,-0.0010599929994175,-0.0005667037448102
Nr5a2,-0.0016757332317111455,0.06695463288524732,0.1926921520141261,-0.4532773174644701,-0.0016695969203537,5.577136860321352e-08
Nr6a1,0.0030022937475908443,0.42755541591677715,0.6007077085451253,-0.2170658794001549,-0.0301460526623608,0.0422462558589874
Nrarp,0.010928306034086038,0.031098377807666014,0.12165093956817818,-0.5629291534501153,-0.0261397956149331,-0.0208600672424888
Nras,-0.018860204113415744,0.0029713070306625496,0.02829932153390995,0.0457504258987726,0.0483047552024329,-0.0738638651113001
Nrcam,0.03979059033218706,0.015613011112250766,0.07954052672286487,-0.1539104001703274,0.0591757811680175,-0.0157245304339372
Nrep,-0.0043550870847733495,0.6454850732810039,0.7729153424428171,-0.1956825281648589,-0.0797116964783811,0.0088401678614837
Nrf1,-0.00032251034596497105,0.9615045334413219,0.9754643247979681,-0.2809672894870275,0.0114874217712793,0.0104303565603787
Nrg1,0.007528675040446849,0.5196144963573133,0.6763003820687793,-0.5410485149767893,-0.065729520609684,0.0350840883568529
Nrip1,-0.002202060973888235,0.810082681918799,0.8822014860093497,0.1118896285567808,0.0030493650382732,0.0362252589912512
Nrip3,0.006761993124291251,0.4616410839315924,0.6305672195805846,-0.5261298978358853,-0.0934220908708455,0.0174256690398509
Nrl,0.00048134155754749487,0.4493916875644349,0.6197207348651481,-0.4649635675581783,-0.0047611395996742,0.003966517053283
Nrn1,0.03439767026781494,0.21886704075888339,0.39604142423237465,-0.5251353233598249,-0.2287438376080607,0.0064632689107368
Nrp1,-0.04748632060277722,0.005832134391194869,0.04330381008658665,0.6472193402962236,0.0577005373822268,0.0375293180797486
Nrp2,-0.04852293126512204,0.000131172462751665,0.0035207176896420818,0.5241407488837646,0.03420511899672,0.0963853682787028
Nsf,0.06918362929079906,0.0019227388538228178,0.021330995283347066,-0.3197556940533783,-0.2168411970043253,0.1376508774470695
Nsmce3,0.003645489709792376,0.5323480745601672,0.6864275855236129,-0.3886299765205522,-0.0311913767929861,0.014098442833017
Nsmf,0.02884466661883859,0.21109340126059906,0.38691607611581597,-0.485600987936429,-0.2317008757880045,0.0297629599572037
Nsun2,-0.010288583420000295,0.25549270197758944,0.4362866104168669,0.3045884332934591,0.0390922929314703,-0.0195088701386902
Nt5c1b,-7.822593283090572e-05,0.8194950775661537,0.8881772882437777,-0.0750903729425507,-0.0013688376624202,0.0019894980645589
Nt5e,-0.012705947186901097,0.38842801109095404,0.5654598414882867,-0.0768308782756562,0.1628677352899008,-0.0492717754985334
Ntf3,-0.0013438106191800822,0.08846839953634969,0.22780277942196858,-0.3692357742373769,-0.0005181145608266,0.0039126274327023
Ntf5,-0.0005412014054787407,0.11850455830660372,0.27327836886165713,-0.0818037506559575,0.0015640054340073,-0.0018311427420422
Nthl1,-0.0034049198029006346,0.38089315143220936,0.560246818182151,0.4251805885157673,-0.0417377353246045,0.0439955198189552
Ntmt1,-0.0032465077358987877,0.39967105828695515,0.5762357457099373,0.0422694152325616,0.0033973915646686,0.017861023046958
Ntn1,-0.010595969130243292,0.48651804912588825,0.6505529302756183,-0.3428795506217796,-0.0295560535763867,0.0589696411687885
Ntn4,0.012905389841536148,0.048238678553138355,0.1579367774708336,-0.2518759860622645,-0.0301153726068741,0.052695891987442
Ntng1,0.01713804921087601,0.19047447269120676,0.3640353260389081,-0.2324817837790891,-0.1632070911737253,0.1063905279954268
Ntng2,-0.014076438550255227,0.05768156293490869,0.1774629991139742,-0.4420883546087921,0.0118117413224185,-0.1010132395276928
Ntrk1,-0.011027644262369003,0.33494293856706925,0.5169573160758306,-0.2382005870164357,-0.0166001304827808,-0.0230095698672475
Ntrk2,0.03914090580419071,0.1180666598802662,0.2726383123808229,-0.1287973946498055,-0.1824181873995418,0.1816174292015056
Ntrk3,0.014258907638191633,0.2791460022571825,0.4596165536078631,-0.1549049746463877,-0.1238947690706196,0.1423665046043259
Nts,0.054201390633420256,0.0014261132350664972,0.01796198422734371,0.0487341493269534,-0.1289657977394623,0.1084898873272349
Ntsr1,0.006014820683268439,0.00876313596392089,0.05459739477584871,-0.278978140534907,-0.0123705992539111,0.0085235124823646
Ntsr2,0.08119952084373583,0.05684190979378939,0.17599375053814528,-0.1372512776963178,-0.4777837374207956,0.2258542724066274
Nuak2,-0.016427734238501655,0.22030960149054216,0.39775307827405343,0.2533678477763549,0.1688050908322186,-0.0862168642078245
Nubpl,-0.001047847504798069,0.4924157298094318,0.6549707008495207,-0.221044177304396,-0.0041014015184532,0.0012003992771753
Numb,-0.008144810168536293,0.0176563661045004,0.08512771597264324,0.2369573689213604,-0.0134602949376041,0.0294769571266162
Nup155,-0.005598105146580261,0.06290102448093063,0.18676258782143604,0.0624095483727822,0.0088502143044905,0.0368159957919551
Nup205,-0.0037869442603525247,0.560657950584496,0.7077248715494961,0.0813064634179274,0.0245086634437305,0.0209117253171312
Nup62,-0.009242431512319432,0.024752672039839566,0.10486991700599803,0.395094710614944,0.0386410754908186,0.0025923990507403
Nup98,-0.02387334901874737,0.0017002987155543376,0.019667174031842805,0.0770795218946712,0.0256547855357213,0.0465189040686705
Nxn,0.0019362991169826725,0.7914577721002282,0.87064901378029,0.7091316014309758,-0.0126096549965956,0.0521830294489217
Nxph2,0.0025906969102265074,0.15398356254974777,0.3200774867833184,-0.4811254027941577,-0.010164528071559,0.0006623128130808
Nxph4,-0.004427113183982887,0.7807491783340065,0.8630565850555623,-0.402305375566381,-0.1230831842555491,0.0663121357059682
Nyap1,0.0253535527274373,0.005344003816575364,0.04142821195798013,-0.3888786201395673,-0.0721270242205953,0.0272883430737109
Nyap2,0.049104782521445324,0.006808977744752256,0.0473777996620644,-0.1869800014993315,-0.1104812471601552,0.1384127032400955
Oasl2,-0.017935920656072114,0.7928053738648398,0.8713855229658583,-0.0731012239904301,0.4944391546391438,-0.4778244086901361
Oc90,-0.0008140463304517404,0.0012289255504467857,0.016453410059918776,-0.174050533310548,0.0002010920193636,-0.0001971001997942
Oca2,-0.0009572252743446343,0.029358411970728606,0.11645199025092272,-0.1044303199863288,-0.0029596893564567,0.0029224700483277
Ocln,0.010006562381661303,0.14632695362566392,0.31074679035991326,-0.2439193902537823,-0.03092860238216,0.0296575355618989
Ocstamp,-0.0008686522484311804,0.02022038718013241,0.09342771286762265,-0.213833512352959,0.0036868363095054,0.0002803550769698
Odam,0.00030362541909709814,0.19288956584947445,0.3664542552693367,-0.0047242287612863,-0.0004426565350666,-0.0010430591691826
Odc1,-0.017231018462245576,0.3345131765992817,0.5167995385407959,0.1742991769295631,0.212043694703977,-0.0243964226595698
Odf2,0.0038409695285497197,0.6794340100156213,0.7943600470065745,-0.3346743111942823,-0.02928322734064,0.0776494192043326
Odr4,0.0010591331605984175,0.9188462142798638,0.9476414353096614,-0.3167719706251974,-0.0621670729258736,0.0055380067229774
Ofd1,-0.00916140353647833,0.05132226798083767,0.16454738464503643,-0.2834537256771782,0.0072016286246185,-0.0166364985546072
Ogdh,0.022317716535324474,0.2076569235762138,0.38351121186179093,-0.2817132203440727,-0.1361217969054757,0.0241898937253965
Ogg1,-0.005366798232813006,0.048157414327808123,0.15787337434842497,0.5353297117394428,-0.0068181636509956,0.0293526830401989
Ogn,-0.11971691003191788,0.002560793811153397,0.02576451524791613,-0.0298372342818082,-0.2907116772647828,0.3138686265917635
Ogt,-0.00502060639104887,0.5412360866297725,0.6935054704592991,0.4294075300390235,-0.0800935771915725,0.1218911003550689
Olfm3,0.035336306509079006,0.008113434532567219,0.05166870106195428,-0.5219029563126291,-0.0963281703801641,0.0204081606279337
Olfml3,-0.007191434834889521,0.5868499452446554,0.7304793206426696,0.5181733020274031,0.0274679133376118,-0.0382144100662711
Olfr17,0.00026887602712565993,0.44355433196715,0.6147867413004726,-0.298036083601116,0.0001377075146666,0.0008544680578572
Olig1,0.03721543376351355,0.015525794121993213,0.0794353819621739,-0.5074816264097551,-0.0820295371739934,-0.0847930012433275
Olig2,0.05777564012082587,0.0009794062089999959,0.01411285613590107,-0.2033904803543261,-0.1683231118258459,0.0084621449901411
Olig3,-1.165756329780204e-05,0.975797100689735,0.9846767577879996,-0.0775768091327014,-0.0021862320502354,0.0021616050748629
Olr1,-0.016587635899994055,0.3248885664256955,0.5078822546575276,0.0407775535184712,0.1547976436266622,-0.0364518752294391
Omp,-0.006036152312758461,0.09871571664320503,0.2443225961169281,-0.021880638473326,-0.0043986258556327,-0.008352273436107
Onecut1,-0.00017311880433311497,0.7914761836771294,0.87064901378029,-0.521405669074599,-0.0016670134950578,-0.0004609505672606
Onecut2,-0.0011061693186441854,0.6642122224178402,0.7850200524915206,-0.5775991269720044,-0.0140251251057384,-0.0019015303260512
Onecut3,-0.009246311661788369,0.09814906165844813,0.24339249563429455,-0.3070748694836097,-0.002409107213341,-0.0093730677905786
Opa1,0.008210039239892856,0.46940532718974115,0.6359725296135113,-0.3543171570964727,-0.0813894970365596,0.0276859252510306
Opalin,0.026670063994343532,0.1335987709956213,0.2948885031798634,-0.4535259610834852,-0.1566469008932292,-0.0251848341165505
Opn1mw,0.00012203337624328619,0.7805937185924243,0.8630565850555623,-0.1742991769295631,-0.0008265921025108,0.000986304431876
Opn1sw,-0.0003870834439899806,0.5298866872451775,0.6846430662428034,0.3592900294767742,-0.0035858983775249,0.0025212877041885
Opn3,0.0006438156922016179,0.5139437656157302,0.6726903824423522,-0.1370026340773028,-0.0030459715190204,0.0015327852047083
Opn4,-0.001918755046179425,0.08855073378149877,0.22789974420758086,-0.4177212799453152,-0.0008467369734683,0.0011419630237797
Oprd1,0.019420952636862894,0.0007747321422757292,0.011992047852470544,-0.5726262545917031,-0.0393263391577657,-0.0233667813663998
Oprk1,0.010460889027738816,0.003889998897506632,0.03391946047210484,-0.2006554005451603,-0.0309669534588007,0.0288975711354259
Oprl1,0.01410499774703388,0.041511273571633756,0.14506593316034744,-0.3481010666210961,-0.0437064032006719,0.0267230203357899
Oprm1,0.03424062570606351,3.199846196454816e-05,0.0014399900627779425,-0.2737566245355906,-0.0790983618316809,0.0376789050276993
Orai1,-0.006980147724025633,0.06539674596308999,0.19000359996893393,0.3510847900492769,0.0355400644978734,0.0010041437390304
Orc1,-0.00406375285336139,0.10447806301768356,0.2529390600157588,0.0775768091327014,0.0234472726236306,-0.0075572166129124
Orm1,-0.0031528319793252195,0.19747277069565677,0.37225003818128055,0.427915668324933,0.0155120894028599,-0.0015836974763964
Osgep,-0.0020726861475747135,0.7024465093742274,0.8121440716949079,0.3274636462428454,-0.0260786981131582,0.0114936535445958
Osm,-0.013138476336995495,0.24015935948540795,0.4189647375974918,0.2257684060656823,0.1204908672647611,-0.0279145488662645
Osmr,-0.04753652995391989,0.014245834313785908,0.0748383118791163,0.36252239652397,0.1323849117849893,0.2174933924852855
Osr1,0.011029293714767102,0.5443810541403732,0.695192989795028,0.3757005083317686,-0.0571682953808291,0.2157630167956133
Osr2,-0.005303287369323537,0.00037936311015336605,0.007442812403432001,0.1437160117907096,-0.0074108278691646,0.0057727766493645
Otc,-0.00021255672032386374,0.5234962693207874,0.6786161295566293,0.0601717558016466,-0.0007449006148665,-0.0002494624641866
Otof,0.0865828889238929,0.0001414753153695179,0.0037199256891747978,-0.1295433255068507,-0.1285903891918678,0.1859706307664911
Otp,0.003219481763960974,0.03039302033838195,0.11934934314556299,-0.5440322384049702,-0.0025446822120565,-0.0041665176843085
Otud5,-0.002161939729580672,0.7865817368095773,0.8673483440262979,-0.0022377925711356,0.0249705060937406,0.0055183770408051
Otud7b,0.01855201026922752,0.3651995964652126,0.5450841657608652,-0.3789328753789646,-0.1446359975322597,0.1009692589088426
Otx1,0.00024550316343462466,0.41201385694919135,0.5875545664796827,-0.300858779008233,-0.000174625785777,-4.5776177682007105e-06
Otx2,-0.0003834949047806704,0.22372736665129123,0.4021947943056208,-0.2424275285396919,1.6660418759358725e-05,-0.0011066810016748
Ovol1,0.0008047610033556821,0.028312812986349363,0.1143001725375714,0.0939872879876959,-0.0009338639163193,0.0015119699207558
Oxt,-0.00020784247257874265,0.4101852171322231,0.5865867094453238,-0.076084947418611,7.283702858980551e-05,-0.0006235258277607
Oxtr,0.0024523770233038557,0.6763183550961402,0.7928703258032457,-0.3682411997613166,-0.020931017120697,0.0299159907250453
P2rx3,-0.019983842750949166,0.20203980210665048,0.3775110002000089,-0.413245694803044,-0.022460844131364,-0.0340449791180546
P2rx4,-0.02950811510131208,0.1223655959226304,0.27877932326991406,0.5902799515417728,0.1474665705991726,-0.0244116688603681
P2rx7,-0.039880932517733794,0.00035759103998893055,0.0072594706109072125,0.492811652887866,0.0751503714022434,-0.0661308722518954
P2ry1,0.016450677381125222,0.047660591256162996,0.15698693780358727,-0.0708634314192945,-0.08927352313187,0.0802602108489867
P2ry12,-0.014903733992543189,0.4592630451486872,0.6285872634533929,0.0949818624637562,-0.1013486777850638,-0.0197233838159924
P2ry13,-0.036711423803152184,0.002995720997431045,0.02836390450592807,0.5191678765034633,0.1045937541395902,-0.0397313206226664
P2ry2,-0.034528552324619745,2.0516988084173534e-05,0.001078939754818239,0.5412971585958045,0.0476720568374098,0.0351495576496914
P3h1,-0.028531400753279777,0.0002930858496774113,0.006334876776290147,0.4838604826033236,0.0215539580475768,0.0264934639119427
P3h3,-0.022153912344579012,0.05356528667986808,0.16876870126868876,0.5701398184015524,-0.0500438926940103,0.0738189392553738
P4hb,-0.05359708267562796,0.03179685504054273,0.1232876833115495,0.3060802950075494,0.2142119066008008,-0.0250571164299295
Pa2g4,-0.027418974912461733,0.0023598466084401777,0.024123401903112917,-0.152169894837222,0.0570646610212218,0.0010694798913754
Pacsin3,0.010953049112777946,0.35081908976227927,0.5308597380235499,-0.424186014039707,-0.1500608506756535,0.0520833454060842
Padi2,-0.0156305628985544,0.6155586681161795,0.751008076072861,0.30806944395967,-0.3685912523817714,0.2420199563710205
Padi4,-0.0023287106038051473,0.4134811063343047,0.5883311362374584,0.0300858779008233,0.012417164050664,-0.0043694143677448
Padi6,0.00011994395383512003,0.5842585795238673,0.7285839074887128,-0.1151787478852667,9.743227977024598e-05,-0.0002458759620325
Pafah1b1,0.019694171748570258,0.2518506294993003,0.4322644889219149,-0.2971291247230069,-0.1424847301741758,0.0446873755696677
Pafah1b2,0.019605819116076232,0.414798018443838,0.5895088967794948,-0.3970838595670646,-0.198853808657486,0.0807094393563363
Pafah1b3,-0.015528393952312404,0.10358592933059119,0.25197511946368417,0.3530739390013974,0.0462984415998901,-0.0476700585867344
Pah,-0.000294957239328336,0.6996350398318625,0.8101789644000751,-0.3737113593796481,0.0001804587055837,0.0006654287763887
Paip1,0.013326048411609526,0.19953338754474198,0.37530228977349883,-0.4843577698413537,-0.0582768709568164,-0.0234693921967594
Pak1,0.06190301711911367,0.017319518123205754,0.08462343098321125,-0.4207050033734961,-0.261005910075553,0.0842162838981481
Pak2,-0.02070630211842015,0.10123657699513984,0.24838794814873502,0.4413424237517468,0.0945150890069981,-0.0614966249535382
Pak3,0.03727016503141155,0.04831613333641279,0.15808890067289394,-0.3227394174815591,-0.1576639001716884,0.0444202807328695
Pakap,0.005042301868968564,0.636262551195405,0.7647444094363244,-0.1191002935082178,0.0068409058809526,0.0627957753165208
Pald1,-0.013524289186982012,0.10550971482189522,0.2542300686379252,0.6748187820068963,0.0555112085494161,-0.0140084002474789
Palmd,-0.01085281597860721,0.13689827995852222,0.2980998910054643,-0.3592900294767742,-0.076367483671231,-0.0019911893821202
Panx1,-0.020614158668973086,0.013887753548441425,0.07356327191131849,0.1974230334979644,0.0717545571716539,-0.1086309530212035
Panx2,0.07681982320459327,9.20610074082278e-05,0.0027144693571639887,-0.6032094197305564,-0.1673956458904133,-0.0486557047530826
Panx3,0.0001380297322629435,0.5027911407943143,0.664468137594635,-0.3177665451012577,-5.6120367704606995e-05,-0.0002463873837331
Pard3,0.034756167906558506,0.07155277434003908,0.20176379320538382,-0.3040911460554288,-0.1853870528672727,0.1310926509861898
Pard6a,0.014815189176276874,0.007172826370384685,0.04871982332267946,-0.319009763196333,-0.0300572231093288,-0.0105507583559272
Pard6b,0.0046886963712548645,0.07215331314307782,0.20312033683379688,-0.4045431681375166,-0.0172630931429877,0.0039144057459594
Park7,0.0050038371940939255,0.4686109115113828,0.6353597298782774,-0.1892177940704672,-0.0484799829225359,0.0162156209656958
Parp1,-0.02027986634336153,0.03442893746537202,0.12939282993107049,0.4858496315554441,0.0493777215338393,-0.1037259943781225
Parp2,-0.02228359726223178,1.5757051627507023e-05,0.0009046384106091747,0.5206597382175536,0.0247784777121895,0.0259970712105744
Parpbp,-0.0014876490368538747,0.599029132162542,0.7373666996045191,0.1760396822626685,0.0180814194151505,-0.0152828291189233
Parva,-0.024404904080320006,0.009556315266743474,0.05768847831438871,-0.4037972372804714,-0.0352572083467022,0.0609433509061299
Parvb,-0.019117895518691648,0.13186560181187432,0.292534724574944,0.3776896572838892,0.0586547656545468,-0.1171838783317704
Patj,-0.0033547932863476986,0.8294367783802253,0.8948724633074301,-0.4823686208892331,-0.0470244303297373,0.0561329039608233
Patz1,0.00015899100334611859,0.979275561832128,0.9875751485480236,0.1650993630260055,-0.0412650347608144,0.0333405781827941
Pawr,-0.002749456798430976,0.013864284053254884,0.0735152941326956,0.5549725576416331,-0.0039177535290085,0.0105412435543805
Pax1,-0.001531444758160568,0.07127451332095476,0.201424538753568,-0.1101491232236754,-0.000759659802836,-0.0014710147044623
Pax2,0.022848764075743204,0.02579260200192457,0.10784267443591578,-0.4597420515588619,-0.0744544296161331,0.0090391949790759
Pax3,0.012416718403376664,0.001923594948115987,0.021330995283347066,-0.0096971011415876,-0.0129044265660811,0.0215477024385595
Pax4,-0.0006078752589612864,0.034638429761644475,0.12993959274443312,-0.192201517498648,0.0002772548328182,0.0020988042062125
Pax5,-0.024488175486201823,0.27039097492283043,0.45147769658964254,0.4154834873741796,0.0059393700860405,-0.2272505639241215
Pax6,-0.0025855599982068348,0.6942856596627924,0.8052640177216699,-0.0604203994206616,-0.0358879061093341,0.0263962838682208
Pax7,-0.0003562671000607555,0.19109051098934396,0.3645298042470619,-0.2018986186402357,-0.0009167873152758,-0.0005028065025819
Pax8,0.02297409635427022,0.021665952521060433,0.09737270820258086,-0.3329338058611769,-0.060709350675226,0.0466252133907184
Pax9,-0.000520729295573517,0.3847102445917784,0.5632361050721229,-0.3729654285226029,-0.0006354475217987,0.0013700167859751
Paxbp1,-0.011102151942642573,0.19769010574138987,0.3723845012506757,0.1193489371272329,-0.041367164348782,0.0212371799888524
Paxip1,0.002397975435941982,0.8202363938333035,0.8885168496376473,-0.3351715984323125,-0.0377579268253718,0.0243742423012004
Pbrm1,-0.022183318449310912,0.0013390748731621272,0.017379657463099222,-0.1601264906457042,0.0846162885187751,-0.0506610969962209
Pbx2,-0.0006774575842929936,0.9070055067306926,0.9388634352267268,0.1909582994035727,0.0375296944586349,-0.0488437677961264
Pbx3,0.020421179678125775,0.1170041129658366,0.27141336072702704,-0.3931055616628234,-0.130213312828861,0.0372770154980466
Pcbp3,0.023243671549998762,0.13013855857560863,0.2903922954042781,-0.4408451365137167,-0.081319381060586,0.0647575669337491
Pcdh10,0.034002707834323784,0.04707749659449063,0.15643382206080547,-0.2483949753960535,-0.1550139639187118,0.0708595314614384
Pcdh11x,0.018940770576053725,0.20824840166431938,0.38417964151275436,-0.3098099492927755,-0.1291252410025269,0.0747503034772305
Pcdh15,0.04398389500821961,0.0077450619336877895,0.050585865459336,-0.3824138860451755,-0.0523699553325955,0.0476374068254208
Pcdh20,0.0061326321474493,0.2965044641126643,0.479692125416651,-0.1986662515930398,-0.05534059490264,0.0578897541286212
Pcdh8,0.05091996076679207,0.0014907996139303778,0.01823637609270709,-0.2966318374849768,-0.0983895601456988,0.0704785315933138
Pcdha2,0.0026790983311847185,0.029703130650851426,0.11736302823392185,-0.4366181949904605,-0.0031554941813214,0.0008250889644182
Pcdha7,0.017773322920913076,0.014955554711699754,0.07759160979946975,-0.3995702957572152,-0.0405836495266291,0.0235192946918502
Pcgf1,-0.00446303301195075,0.01060082627067991,0.061590308937290617,0.4502935940362893,-0.0017656615958857,0.0108342131334791
Pcgf2,-0.01567892832105542,0.0006298151079600288,0.010568048900342457,0.1511753203611617,-0.016077014243675,0.0786456750837032
Pcif1,0.002830101605055429,0.5252796918963952,0.6805820950885222,0.1476943096949507,-0.0303867474503147,0.0609785766618502
Pclaf,-0.004842850414349362,0.1519030300363873,0.31717452157822823,0.0748417293235356,0.0216439301182389,-0.0177864719804193
Pcm1,0.0003204087509410359,0.985424567398895,0.9898878925367789,-0.3466092049070057,-0.1171998658314612,0.0864397342750986
Pcmtd2,0.027774328264016414,0.014961220170204377,0.07759160979946975,-0.0213833512352959,-0.1168177568831851,0.0335495847288562
Pcna,-0.016751689372088572,0.2793768622398047,0.4596165536078631,0.1529158256942671,0.1168178205719706,-0.066699597789635
Pcnt,-0.013577396508813802,0.1983297625083787,0.3733136968838523,0.2690323957743042,0.0701527994355062,-0.0042112759713281
Pcp2,-0.0001296612633753783,0.7027960867820657,0.8122777131380132,-0.4642176367011332,-5.413575289559772e-05,-0.0017487920929571
Pcsk1,0.013900316414154736,0.1624579047541803,0.33172979411791365,-0.4813740464131729,-0.0303565807659784,0.0540750253054604
Pcsk4,-0.00460113312705262,0.029395570394638932,0.116508783669816,0.2088606399726576,-0.0040436863914096,0.0374618038341335
Pcsk6,0.030183598173753826,0.026544327630851093,0.10946048120046195,-0.4291588864200084,-0.1305784650294056,0.0598059393711638
Pcsk9,-0.0019242156817414846,0.006742932142733958,0.047267164214682564,-0.2924048959617207,-0.0018901237195508,0.0034389552357429
Pcx,0.047050676146257395,0.007425091486466117,0.04938121469682355,-0.3207502685294385,-0.194360075367618,0.1033948181106911
Pdap1,-0.008526687963700432,0.17895751604889895,0.35056155505585007,-0.4751579559377961,0.033792581127706,-0.0279137629666053
Pdc,-0.00013980708109054382,0.5317465755748094,0.6861723455621308,-0.2481463317770385,0.0003891803503043,-0.0002518099452206
Pdcd1,-0.013102670159139683,0.03632480182315869,0.13378542534291155,0.2914103214856604,0.0667413067592422,-0.0547479428442688
Pdcd1lg2,-0.010516850144154783,0.367058527605127,0.5461976514917599,0.1578886980745686,0.126947509491425,-0.0981473571083493
Pdcd4,0.0024833178347854496,0.8903314314990944,0.93084251528528,-0.1302892563638959,-0.103595241301047,-0.0634364840613708
Pde10a,0.02431695676538549,0.053954377567483086,0.16936694152106538,-0.3617764656669248,-0.1083948950798684,0.1213874886995143
Pde12,-0.007107961752560024,0.015649772263929072,0.07954052672286487,-0.0522151599931644,0.0155131637011522,-0.0105411606193297
Pde1b,0.052100896472974646,0.0014858580441007268,0.018219619910956268,-0.3311933005280714,-0.0931424071224946,0.1309743333578865
Pde1c,0.028501008462021752,0.011734092115348196,0.06555381218407576,-0.4087701096607727,-0.0692051616747491,0.0456727878458294
Pde3b,-0.012181923276265109,0.018874104224334,0.08889825082948082,0.4388559875615961,0.0349364716204673,-0.0733268628312063
Pde4c,-0.00029026434887213527,0.9452213026629608,0.9651130272409211,-0.1469483788379055,-0.0310625290538402,0.0173805177056912
Pde6b,-0.0006758999057081487,0.2895114404689928,0.47209006108694895,0.047242287612863,0.0012146660563617,-0.0006833082858194
Pde6c,-0.0003227154894311762,0.35081477490116597,0.5308597380235499,-0.2232819698755316,-0.0001743895664894,0.0001072142947601
Pde6g,0.00025744822361773123,0.7383832113680204,0.834758115646287,-0.2585893637756714,-0.0035647901179471,-0.0030876655748414
Pde7b,-0.0014196187183344127,0.8346001888534673,0.8986893601020012,-0.3088153748167152,-0.0214079820850514,0.0351498284355177
Pde8a,0.036836320189515735,0.11490825689213827,0.26801418308495534,-0.2575947892996111,-0.1932720993613976,0.0710158706620134
Pde8b,0.034959143087301636,0.00024407410013545943,0.005477799748646467,-0.2615730872038522,-0.1016047044658799,0.073902918696744
Pdgfa,0.0007080729974736666,0.9036321092273787,0.9371873596403991,0.3727167849035879,0.044388006128059,0.0483305180363978
Pdgfb,-0.023736724819089543,0.008106925151946593,0.05166870106195428,0.7180827717155183,0.0624765168423161,-0.0347597133740519
Pdgfra,0.04916392013536904,0.0003369566958026489,0.007044328300366033,0.1086572615095849,0.0525186783094493,0.0595322063642898
Pdgfrb,-0.04135115300461674,0.023508061213389733,0.1015398391801926,0.3692357742373769,0.0730974738193643,0.1129169317029175
Pdia3,-0.015120694994370992,0.54892251665399,0.6977457656247203,0.2956372630089166,0.1770578379346257,-0.0697673635561746
Pdk1,-0.001181943847110863,0.9037491907608555,0.9371873596403991,0.4841091262223385,0.0778247212535793,-0.0673613979715784
Pdk4,0.07573216570663723,2.3393485810084553e-09,9.771184558377732e-07,-0.2237792571135617,-0.1030844520893408,0.0838263139832101
Pdlim1,0.0008211709609485338,0.27980229518070454,0.45981685171287817,-0.3197556940533783,-0.0026047603554339,-0.0029526937617698
Pdlim4,-0.07220473892236116,2.3358505034744757e-06,0.00021663951669496912,0.5681506694494318,0.0533175446483343,0.1244880682121344
Pdpk1,0.018296290339443837,0.038543031232894806,0.1389318586493622,-0.5241407488837646,-0.0729951202326641,0.0159115524542884
Pdpn,-0.00635225681673785,0.7028805774928819,0.8122777131380132,0.5330919191683071,0.1349474627964035,0.0692891497190115
Pdx1,-0.001157535336819036,0.03615574264383736,0.1333553457890198,0.279226784153922,0.0002564589478066,0.002653785446596
Pdxk,0.029219974408776578,0.11165676233989325,0.2638078484000905,-0.0820523942749726,-0.1780159213232464,0.1722804874248835
Pdyn,-0.010399391599770536,0.430960803587658,0.6039371041485284,-0.3132909599589865,-0.0602342440042348,0.0773299173077442
Pdzd7,0.0044323731916148445,0.1664937931706164,0.3355530774252526,-0.0422694152325616,-0.0189111634246621,0.0286602315972345
Pdzk1,-0.0008720072000769523,0.10315811742850171,0.25153420506825397,-0.112386915794811,0.00235535650456,-0.0003824020592997
Pecam1,-0.013999293121809881,0.2714491198965432,0.4527998563087857,-0.1111436976997356,0.1126621996581613,-0.0049258911808167
Peg10,0.05456255193859326,0.0013737531397796333,0.017606821020140478,-0.3182638323392878,-0.1557444203423776,0.0858224989048791
Peg3,0.05405098346000184,0.017484137658975097,0.08487921835204747,-0.41697534908827,-0.1729110953786232,0.1292859672062849
Per1,-0.013852202152353173,0.09065882495694332,0.23076380544180033,0.4890819986026399,-0.0512025583161341,0.1913667067702715
Per2,0.010599964704339685,0.2241599294669437,0.4021947943056208,0.3093126620547454,-0.1319228334478457,0.2164509413849256
Per3,-0.014761333819878646,0.23142443725225428,0.40989446334157953,0.1621156395978247,-0.1893758477687432,0.2044513333438121
Pex3,-0.007582468725480801,0.35079747594143196,0.5308597380235499,0.025361649139537,-0.0470956876142187,0.0623053051182811
Pf4,-0.0006569502248474738,0.3898634472687682,0.5669023502046712,0.1914555866416028,0.0019001174333986,0.0004014901975981
Pfas,-0.007065189720322809,0.2124994744677211,0.38823775761455775,0.188471863213422,-0.0570690322579987,0.060569871070592
Pfkfb1,-0.0024311055324186515,0.37136440228902357,0.5509465318552542,0.4147375565171344,0.0160845853791704,-0.0025473078625209
Pfkfb2,-0.008458851612537016,0.4993851415322632,0.6616879188906246,-0.0430153460896068,-0.1048333388419585,0.0853209606486198
Pfkl,-0.0038740564498617046,0.8884714418064921,0.9301297353201845,0.532345988311262,0.1506371547795695,-0.082700251863174
Pfkp,0.05016205889097185,0.012534580323438986,0.06867765223400887,-0.4224455087066016,0.0414726690618518,-0.0402613482308549
Pfn4,0.0005640671535295181,0.9304490902105323,0.9565136656920448,-0.2406870232065864,-0.0444469016420631,0.0052422034613855
Pgam5,0.01315851820988254,0.052160311683353604,0.1665255430418051,-0.1469483788379055,-0.0362001728118217,0.0203996032904811
Pgf,-0.008791718338288273,0.3162394877344409,0.5005081064019185,-0.2001581133071302,0.0006299357129822,0.0484128030619251
Pgk1,0.042085972322864734,0.00047605220958755264,0.008766578776556339,-0.384154391378281,-0.0334342793970452,-0.0914450360053726
Pgk2,-0.000602952517121852,0.04325591185440462,0.1474922502468703,-0.1148733519849617,-0.0006129721580852,-5.728676194477478e-05
Pgpep1,-0.006576786967346306,0.2422527388185628,0.42146358141660595,0.3324365186231467,-0.0387287951796084,0.0800901143547531
Pgr,0.019979213300665096,0.03970679232298342,0.14093057639824658,-0.431396678991144,-0.0954428085755946,0.0043741946578179
Phb,-0.0023120553427727997,0.8440393398272075,0.9050756090936694,-0.5286163340260359,0.0113381984279745,-0.0467285226375291
Phb2,-0.020631405723106382,0.21864517984171578,0.39578036280077794,0.2660486723461234,0.1080020911231294,-0.0742601575356451
Phc1,0.011345638042257791,0.3716849200320672,0.5511216468059961,-0.3329338058611769,-0.092259662785246,0.046418426363319
Phc2,-0.007362330778268961,0.10678861853222993,0.25622236271538323,-0.2302439912079535,0.0343870554035052,-0.0107216660227709
Phex,-0.0032793795050201006,0.00014045087043214064,0.0037121237827686497,0.0315777396149137,-0.000348466255592,0.0010805971433286
Phf10,-0.009391857888209822,0.1205708910802658,0.2759228871244665,0.1633588576929001,0.0125098902224769,-0.0190640687401257
Phf3,-0.008701330116147212,0.03877320411298924,0.1392871092765175,0.3292041515759509,0.0067518571595214,0.0079604745643074
Phf6,0.003154810685565269,0.4879609323304299,0.6510825832638041,-0.5283676904070209,-0.0056834235297421,-0.0209286059942076
Phlda2,-0.0003368767385915877,0.2401150754579999,0.4189647375974918,0.0626581919917973,-0.0003771563684831,0.0007403739705216
Phox2a,-0.0014901379988281325,0.37021937290750884,0.5499756985029748,-0.3779383009029043,0.0048318294043745,-0.0018229891678619
Phox2b,0.0005766766023872033,0.07640299315681448,0.20998473496385273,0.0626581919917973,0.0003270158246916,-0.0004528254035973
Phtf1,0.012174784850213324,0.24026226171833276,0.4190009562479369,-0.2814645767250576,-0.0427529706314168,0.0190403650921312
Phyhd1,0.010976600621549914,0.10016638419947423,0.24683513323744832,0.1365053468392726,0.0054986538536043,0.0560282112227783
Phykpl,-0.005719356226916805,0.020281320216382338,0.09362444744232244,0.0589285377065712,0.0072313503657377,0.0127894256916114
Pi4ka,0.02430407010744657,0.018493495606275466,0.08799936668620444,-0.293648114056796,-0.0995108921524565,0.0827872330640706
Pianp,-0.005120121769921121,0.5468818353784379,0.6965530299246908,0.4570069717496961,-0.0389907288955178,0.1299246860722548
Pias1,-0.004445916687968821,0.5698806027288996,0.7163531184130402,-0.0482368620889233,-0.0165892419050366,0.0087768260110954
Pias2,0.009424648281440226,0.46598098925824394,0.6335000099769598,-0.1641047885499452,-0.1161850668069621,0.0956784061067448
Pias3,-0.02382798415952827,7.640418464583512e-06,0.000512812823524217,0.5442808820239853,-0.0087258884532152,0.0546725614410269
Picalm,-0.0011181150260757109,0.9033294783024414,0.9371581171646822,0.0745930857045205,0.0767167443945253,0.0570758343922328
Pick1,0.006185308861109847,0.5064675549614713,0.6669186952186523,-0.1641047885499452,-0.1031821628637967,0.1018454250503684
Piezo1,-0.022706830550777293,0.0650492636477843,0.18960931078134152,0.5298595521211112,0.1049118468062367,-0.0033272752116553
Piezo2,-0.020537602238781764,0.007302830761093606,0.048984140437486966,0.1912069430225877,0.0230132767724905,-0.0247313092070221
Pifo,-0.005162621429622162,0.048210798990672,0.1579367774708336,-0.2277575550178029,-0.0125926973826249,0.0086179145140869
Pik3c3,0.019962694211738036,0.10602741998533438,0.25497988790985265,-0.445818008894018,-0.0894580517657122,0.0248429531461513
Pik3ca,-0.005482068091326507,0.4831176745702327,0.6485219099954623,-0.1258136712216247,0.0318905231183005,-0.0711189819121717
Pik3cb,-0.005227593921054041,0.5913417040997119,0.7332119670910623,0.0390370481853657,0.0725741421613126,-0.0490856606968225
Pik3cd,-0.03846204814697665,0.22695644955019384,0.4052169580523412,0.4291588864200084,0.3099306041080971,-0.2530378209768351
Pik3cg,-0.039489281891634254,0.028595781226234223,0.1148559685315124,0.4483044450841688,0.1638257692243405,-0.0651914467716647
Pik3r1,-0.026929242933470335,0.17359244776730948,0.3440151810648973,-0.2014013314022056,-0.095168120867771,0.0644048636727332
Pik3r2,0.008131489884093233,0.19046180712991134,0.3640353260389081,0.1693263045492617,-0.0823810026377651,0.058565661741444
Pim1,-0.0055210832080912296,0.3081965683677097,0.49186055085664987,0.0723552931333849,0.0725758990310125,-0.0320780074608491
Pim2,0.002881089863905205,0.7171192837206114,0.8219642889574618,-0.1974230334979644,-0.0067848068296398,-0.0224428917956041
Pin1,-0.0004814036827548769,0.380070829384772,0.559682823525324,-0.0910035645595151,0.0012813992242708,0.0028634935148227
Pink1,0.04444723664111267,0.03931446862399772,0.14043634765477056,-0.1457051607428302,-0.2228354887566168,0.1297681024637689
Pinlyp,-0.00022162383972728,0.6178152116398619,0.7519012503460496,-0.1019438837961781,0.0009832482053044,0.0006844235011751
Pip,-0.0002460783050050497,0.32978005864390736,0.5122436294587611,-0.1452078735048,0.0001952131334787,-9.597444189091966e-05
Pip4k2c,-0.014193532971265717,0.18628643688390598,0.35899022083294463,0.3518307209063221,0.0276063340110497,0.0183940471622873
Pip4p1,0.00529354851489952,0.2986107511258516,0.481877077346716,0.0213833512352959,-0.0675045861470018,0.016366449975147
Pip5k1c,-0.009919284867714017,0.5526630692227137,0.7009284724279121,0.0390370481853657,0.1635877177889608,-0.1675330361890101
Pirb,-0.04658777665611354,0.11767067095833672,0.2720934236439146,0.3374093910034481,0.392444070402654,-0.1823467767277944
Pisd,-0.023048250397315527,0.00405252254374264,0.03487066271810992,0.311799098244896,-0.0117380393992612,0.0621782951198744
Pithd1,-0.0065605534089533055,0.041493249607084844,0.14506593316034744,0.065393271800963,-0.0193967858442247,0.056435548876819
Pitpnm1,0.02867470597890011,0.006407020010003443,0.04575664490857899,-0.2123416506388686,-0.022557501779183,0.0482452447899106
Pitrm1,-0.018972266174065108,0.01364391646911029,0.07279062746887759,0.3108045237688357,-0.0124736934617663,0.0405988332277458
Pitx1,-0.001072520062260106,0.024341767128529392,0.10347279510219036,-0.1862340706422864,0.0004646238718854,-0.0013863284918227
Pitx2,-0.000462032308017231,0.8854935534478072,0.9286107491935957,-0.3160260397681522,-0.007556164143901,0.0009248871071156
Piwil1,-0.0001091154885397744,0.7942190920656071,0.8715320197162411,-0.0340641758050644,-0.001731477853451,-6.16195759437577e-05
Piwil2,0.002587012214446908,0.26185208889696565,0.4419134258468928,-0.3401444708126139,0.0133790233112921,0.0190760600895069
Piwil4,-0.0031911967275861756,0.024100031993098535,0.10287386041572856,0.5629291534501153,-0.0012639904041927,0.0177614481640826
Pja1,0.014852230459201806,0.15734197611766362,0.3244144786484245,-0.2774862788208165,-0.0660303618945787,-0.0014575449273765
Pja2,0.03890360366962878,0.026340060103452804,0.10924753020889517,-0.2911616778666454,-0.1867669419210718,0.0669449451445185
Pkd1,-0.0048682074976700365,0.6867231969147185,0.7996116434766473,0.3030965715793686,-0.0757168882350938,0.1481934699478364
Pkd2,-0.00898161824888998,0.2797414771942453,0.45981685171287817,0.5407998713577743,-0.0445461021902113,0.1501369748364325
Pkd2l1,-0.019069422637404708,0.11503705235098777,0.26807541764494597,-0.3908677690916878,-0.107397488419736,0.0765495109086136
Pkia,0.012610376791339003,0.3507072477092398,0.5308597380235499,-0.2598325818707467,-0.081998596810236,0.0522507855362369
Pkib,-0.022695244838812918,0.06387734931877738,0.18801982624067134,0.4644662803201482,0.0979629036903603,-0.0883318941777812
Pkig,-0.007378629941005668,0.1564128572799268,0.3232828140133333,0.0902576337024699,0.0198768008132123,-0.0146734980219718
Pklr,-0.0007882441355649013,0.5907026629022586,0.7331324290667691,-0.268037821298244,-0.0130864869514914,0.0053645305591416
Pkm,0.015192024663197936,0.35682723332476995,0.5378769849851216,-0.2580920765376412,0.1819439574961272,-0.0960368163907086
Pkn1,-0.036633706028442015,0.026253162436740876,0.10909828628260199,0.3913650563297179,0.1925824975184502,-0.0976730035438475
Pknox2,0.011752522099699892,0.2786450005719217,0.4596165536078631,-0.2988696300561124,-0.1085123999325646,0.0827985082345655
Pkp4,0.024105694303692256,0.40103053122070154,0.5778691355245194,-0.0482368620889233,-0.2388309294393906,0.1159840592582046
Pla2g10,8.24526529676822e-06,0.9815606560465981,0.9881470113466937,-0.1442132990287397,-0.0010570079758465,0.0032717493432873
Pla2g2e,-0.004320723260168645,0.042247081451760565,0.14617392040640162,0.3398958271935988,0.0221383837844994,-0.0019406660267373
Pla2g2f,-0.0013596961109478868,0.08138608970327774,0.21815577697131883,-0.4530286738454551,-0.0004612905095973,0.0009020729204167
Pla2g4a,0.0026077327391979205,0.8315641449769302,0.896409278006619,-0.1989148952120548,0.1059533634420573,-0.0483298143118311
Pla2g6,0.003231743452873,0.5180462460974639,0.6753429595632171,-0.0261075799965822,-0.0623099888507807,0.0277080492946819
Pla2r1,-0.027366217876820885,1.2682194320005363e-06,0.0001471623082128873,0.3294527951949659,-0.0099830259731875,0.026243725794785
Plaat1,0.016122794572902183,0.01650011095896144,0.08246029477912975,-0.3314419441470865,-0.0725291021527462,0.0409277558579134
Plac8,-0.06045605705020674,0.2781013507511949,0.4592408514670914,-0.0320750268529438,0.5690177274076532,-0.3470022542618997
Plac9a,-0.0005572503520575293,0.529074528302613,0.6841087880536448,0.1044303199863288,-0.0005572769326747,0.0039211845412001
Plagl1,0.002613366395547289,0.6802048272579817,0.7947994116696088,-0.3446200559548851,-0.0557839048565512,0.0463413135227247
Plagl2,-0.01159089884046467,0.0950000675738504,0.2388345710666392,0.2339736454931796,0.0807722796479084,-0.0475159908010413
Plau,-0.08588641181628885,0.015602758737432379,0.07954052672286487,0.804362107513747,0.197114706663224,0.0486247201403955
Plaur,-0.032569745276241485,0.42381104444489204,0.5971581070723813,0.2108497889247781,0.4681033137255541,-0.1559482315528368
Plcb2,-0.029481556471517078,0.0745379907490791,0.20731640720340921,0.4388559875615961,0.1458668148573408,-0.162560486633196
Plcb4,0.03936490314788329,0.004158711318042326,0.03518007700387049,-0.3498415719542015,-0.105905817582847,0.0944095129373506
Plcg1,0.008642242216480151,0.19214725318827175,0.36595464994810517,0.250135480729159,-0.0419391639506609,0.0307316793933596
Plcg2,-0.03630598412006055,0.08979529148350074,0.22941983988272252,0.3684898433803317,0.2224250507911631,-0.2382332252559871
Pld1,-0.007237898671858625,0.4698302911919676,0.6362103306000071,0.3344256675752673,-0.0836308384229451,0.0996753205006534
Pld2,-0.020543248106521198,0.004073510286737908,0.03497684842734633,0.5788423450670798,-0.0138090058596658,0.0279822491546557
Pld5,0.018491477448818187,0.10428258368580796,0.2527056814162976,-0.3508361464302618,-0.0988509124747395,0.0511666630471659
Plec,-0.05153610856474412,0.0008975288299223684,0.013308995818122097,0.0813064634179274,0.0772618510529046,0.1272412071175725
Plekha1,-0.023484892900071785,0.060627519053479094,0.18233660822200196,-0.0395343354233959,-0.0050384339218567,0.0126737354070025
Plekha2,-0.023438307995505097,0.08380572389371525,0.2213762761379632,0.5311027702161866,0.090229998550623,-0.0489992948792068
Plekha5,0.025774322816596945,0.13910504777959118,0.30084171731920745,-0.3528252953823824,-0.1235969373918602,0.1389159768944865
Plekhg2,-0.06263459807463041,4.545089821469736e-05,0.0018519709075552134,0.4913197911737756,0.0093392487362558,0.0529058393395609
Plekhg4,-0.001901521091555721,0.48557070413697256,0.6501459704002882,-0.0636527664678575,0.0116593481212556,0.0008430313719144
Plg,-0.001983152197904805,0.2469923505177959,0.42723227534461744,-0.3903704818536577,-0.0014397049077497,0.0051670289243141
Plgrkt,-0.021469885456791328,0.07578965795390365,0.20954584530741743,0.478390322984992,0.1015304830043847,-0.0387772515830289
Plin1,-0.0003278434174339859,0.5033160970239579,0.6647333043169845,0.0315777396149137,0.0077220621995243,0.000238777159578
Plin2,-0.077244609765605,0.17774958370060595,0.34914783719874315,0.5696425311635223,0.4509367173613285,-0.0880072665850404
Plin4,0.1496764392331074,1.8907968168549968e-06,0.00019289909125554678,0.3485983538591262,-0.0180344047074978,0.5863891940471964
Plin5,-0.00013314251310080603,0.8846875144340252,0.9281758558469688,-0.2342222891121946,-0.0072774295497885,0.0033577836866725
Plk1,-0.005104806554800907,0.5187668420795766,0.6757481260081512,0.0780740963707315,0.0603822683564992,-0.0343827031220583
Plk2,-0.004530743049763786,0.6427518923745072,0.7703659311565699,0.0395343354233959,-0.0650870266360371,0.0980908597602748
Plk3,-0.022302251051609465,0.08307256598058416,0.2203604571331044,0.1946879536887987,0.1614691691711999,-0.0717648634888595
Plk4,-0.0009630908368893833,0.6201930895724934,0.7537776864210838,-0.0646473409439178,0.0108586494470273,-0.0032038991133059
Pllp,0.020271865392563423,0.44547105027465317,0.6163134872392204,-0.1506780331231315,-0.3432962405704187,-0.0010025940129971
Pln,0.006559423475345377,0.4055821981306078,0.5824534889257406,0.1586346289316137,-0.0310822536545585,0.0429505307301973
Plod1,-0.004909311583130053,0.5734136474403503,0.7191991678370363,0.0367992556142301,-0.0631522839638516,-0.0282983697948377
Plod3,-0.01950711565978938,0.35907664100185144,0.5394178186084858,0.3234853483386042,0.1615428906148417,-0.0489464948399605
Plp2,-0.036913460983969075,0.01301031721186464,0.07037712417573863,0.2829564384391481,0.1622695752040482,-0.0334430094000123
Plpp3,-0.01124124818749904,0.3470793773350779,0.527705485480248,-0.0701175005622493,-0.1166265829838075,0.1475996701317536
Plppr3,0.02885742042742842,0.024924390732528647,0.10524777907833495,0.119597580746248,-0.096346075299929,0.1629280308388576
Plppr4,0.04489184583176049,0.01854279645760742,0.08806965058683003,-0.4724228761286304,-0.1114967856710101,0.0886836971392783
Pls1,0.04627373294476052,0.03967961008534015,0.14093057639824658,-0.3351715984323125,-0.2827490742168952,0.10224608215739
Pltp,-0.04054939084324668,0.1394216466854747,0.30084171731920745,0.3831598169022208,-0.2724576026950003,0.1981953667954594
Plvap,-0.0070537647631183685,0.029038970513247806,0.11590593786234513,-0.1444619426477548,0.0129182495462543,-0.0026298348131215
Plxdc2,-0.012710316767652477,0.5544050044626085,0.7022646952480174,0.0758363037995959,-0.1525096596093282,0.0763386765215643
Plxna1,-0.015222622599704692,0.16746933907004802,0.3364557300497499,0.4331371843242496,0.0637849845726225,-0.0240888584426275
Plxna2,0.013089146322153085,0.3876303632869472,0.5649435666076337,-0.0450044950417274,-0.1335086839543054,0.2032933653194201
Plxna3,0.010145454454202356,0.3798959113347775,0.5595867870975166,-0.0962250805588315,-0.1406466555027087,0.0787585934780009
Plxna4,0.014620494059946762,0.36421804396601176,0.5441915853385711,-0.2384492306354508,-0.1219657806348382,0.1221941855031315
Plxnb2,-0.04019699190293418,0.040562421380035185,0.14309053351283504,0.6285710688700935,0.1476505256690354,-0.050985892550226
Plxnc1,-0.034690427386867825,0.01659174800694647,0.08281262875091384,0.3906191254726728,0.1048213421886236,-0.0886042336158893
Plxnd1,-0.06762697701852077,0.019606500338917865,0.09141934024572215,0.4264238066108426,0.233040227830277,-0.1855946123114357
Pmaip1,-0.005264651723474662,0.3476054586126929,0.527875988205819,0.4704337271765099,0.0288015010833343,-0.0177537335302065
Pmch,0.0009693345322873564,0.005933038223592104,0.043798014440728394,-0.4055377426135769,2.933978720964705e-05,0.0001134963582218
Pml,-0.030869820120373606,0.14717525155055255,0.3118990270707805,0.1148733519849617,0.1435532105850862,-0.1427774330376385
Pmm2,-0.012964144461082953,0.0021649410374715234,0.02281686824822777,-0.0216319948543109,0.0293279750108266,-0.0100350708735019
Pmp22,-0.2446149051231691,3.1823155151299404e-05,0.0014399900627779425,-0.1290460382688206,-0.4158189060298287,0.4301264932784601
Pms1,0.010161577038226337,0.16522030068400909,0.3346135077553391,-0.4403478492756866,-0.037484811730321,0.0033967546738905
Pms2,0.00017453115589554475,0.9048667570458463,0.937583856934971,0.0348101066621096,0.0059446863771298,-0.0009878947136069
Pnkd,0.059617728722855756,0.001465264210731635,0.018174186609143397,-0.4657094984152235,-0.1283238551018537,0.0374336868702798
Pnoc,0.0157794385210486,0.1469496443086034,0.3115503473059792,-0.2976264119610371,-0.0229562943996346,0.0368241937811357
Pnpla1,2.819973021615386e-05,0.9540382754117458,0.9699437879483555,-0.239195161492496,-0.0022636182220775,0.0030420480358646
Pnpla2,0.014917496260026327,0.3791433009547446,0.5591240179734467,0.1292946818878357,0.1915812645626362,-0.0319346079422082
Pnpla3,0.00673982906943095,0.23523957856513072,0.4140638682749247,-0.4157321309931947,-0.028988154272379,-0.0147429177182532
Podxl,0.02199864507478548,0.24723559761623107,0.42750806218318466,-0.5112112806949811,0.0595030184782989,0.1099376572561765
Polb,0.012782292504134716,0.3174742772574598,0.5015584730771441,-0.365754763571166,-0.0906489509349889,0.0391841998642252
Polg,-0.011599008696782893,0.036443790771356795,0.1341268230336876,0.4547691791785605,-0.0100710216552177,0.0341031287756377
Polk,-9.710661156766183e-05,0.9886276725916331,0.9919334692938475,0.0880198411313342,-0.0560875851509248,0.051887657329084
Polr1e,-0.0010530774538767224,0.7487808634135447,0.8409359718785758,-0.1879745759753918,-0.0001562314950528,-0.0004471226861275
Polr2a,-0.0035211390842531144,0.7590861039359732,0.8476572277095883,0.0800632453228521,0.101440716740319,-0.0916441153001634
Polr2b,-0.0040124061815659025,0.5476420647112445,0.6966804087874084,-0.3401444708126139,-0.0417170554536898,0.0056386548839247
Polr2e,-0.009143823566757527,0.17206566589868647,0.3420525961610287,0.5703884620205675,-0.0156427099934435,0.0583150567904486
Polr2f,-0.010804738064702177,0.17239912152992407,0.34231689412026567,-0.0576853196114959,0.0331883081291819,0.0324511100004456
Polr2h,-0.004976290220502839,0.3667894624711302,0.5459565357645857,0.1466997352188905,-0.0515786343974672,0.0873953617167749
Polr2j,0.0038020735363162635,0.7406368724811256,0.835707023258533,-0.2409356668256015,-0.0535674652147796,0.0632994907730359
Polr3e,-0.00879475837201263,0.23925002098834264,0.4179590077819225,0.1504293895041165,-0.0388970499883998,0.0224460934364615
Pom121,0.0024347776955872032,0.863390291806585,0.9161658095351168,-0.112386915794811,0.0503583158736102,-0.065982993754819
Pomc,-0.00559055448024,0.06034643565732837,0.18182348983345067,-0.0594258249446014,-0.0274259489130955,0.0033764881103958
Pon1,-0.0006849381436041251,0.03562447232950902,0.1319683611857847,-0.2324817837790891,0.0016459021403107,0.0018707524701251
Pon3,-0.0336601550860896,0.028345367233881164,0.1143001725375714,0.6758133564829566,0.1493126729702787,-0.0586918418748606
Por,0.010618736811290505,0.3024606649867912,0.48565134737845594,-0.1213380860793535,-0.054543013857941,0.1650668461631788
Postn,-0.04905393669079221,0.014173405717532339,0.07468857703009552,0.7489145804733868,-0.0232595455620998,0.0711697529425887
Pou1f1,-0.00039529206335340645,0.2802598664509236,0.460420476253192,-0.2063742037825069,-0.000604644761345,0.0012584438475673
Pou2af1,-0.038748342962519465,0.053257213683460855,0.16822440874638103,0.6387654572497113,0.0141947147121876,-0.1483378472402132
Pou2f1,-0.008858908243992342,0.0796779284382403,0.21538146959177515,0.0765822346566411,-0.0169667853292526,0.0239088389396833
Pou2f3,0.0006641184735348702,0.40947932002709686,0.5860701491184683,-0.0203887767592356,0.0045321621309936,-0.0001318610248296
Pou3f1,-0.01732450603157396,0.001238773137891919,0.016471775716139277,0.105176250843374,-0.0084891288051023,0.0269177557070554
Pou3f2,0.0034513179406322975,0.8118874536979032,0.8827436650165972,-0.250135480729159,-0.1536275807686671,0.0756311400758233
Pou3f3,0.034278763931084956,0.024529141226835728,0.10418247243804252,-0.311799098244896,-0.1430936834897653,-0.0015745426674308
Pou3f4,0.00038305304161530534,0.8238570683426647,0.8909253562891526,-0.0735985112284603,-0.0089278123262822,-0.002896003243612
Pou4f1,-0.0012912086847159262,0.8557929040069396,0.9119280558469602,-0.4212022906115262,-0.0115077651478601,-0.0087871305323245
Pou4f2,0.0029309665488407026,0.4076009400622165,0.5842012911653178,-0.166591224740096,-0.011455940256591,0.0044441783492474
Pou4f3,-0.012613401973370962,0.0486431106756872,0.15885307782117825,-0.2834537256771782,-0.0013391057366587,0.0118781743063179
Pou5f1,-0.0004907945881459647,0.09811700693778383,0.24339249563429455,-0.1606237778837343,-0.0002632339396827,0.0006654918406035
Pou6f1,0.013079941042615343,0.2298307104593347,0.40886053244489695,-0.1830017035950905,-0.0499925016924593,0.0575889000622121
Pou6f2,0.0005840788829338962,0.6788715408987147,0.7940664366256235,-0.366003407190181,-0.0052010881087973,0.0065531569695629
Ppara,0.011835622490643623,0.011310655451275891,0.06410628161884258,-0.0032323670471958,-0.0506782862674034,0.0521819415664569
Pparg,-0.0032347782298934582,0.20064934117981,0.3764494459089519,0.5052438338386195,0.0186629041586126,0.0124400861571752
Ppargc1a,0.024881829525481798,0.1563844078566767,0.3232828140133333,-0.4391046311806112,-0.138806729409622,0.0435505472015008
Ppargc1b,0.029764299663954597,3.4279896587905964e-06,0.00028665861064739075,-0.1007006657011028,-0.0297381772339623,0.0327045097043507
Ppfibp1,-0.02422778336404346,0.02742627715632093,0.11183168647033817,0.5390593660246689,0.0484662066833103,-0.0600654270476266
Ppif,0.00990171286799661,0.056325087574427155,0.17527343385983812,-0.2190550283522754,-0.0454306018535484,-0.0083557531154186
Ppl,0.010970568371055523,0.005494338109891883,0.042208763100238696,0.6668621861984141,-0.0021119584345856,0.0537069433519849
Ppm1d,-0.000518970043301808,0.8320838267654573,0.8967799704903017,0.1909582994035727,-0.0142866996945848,0.0138999562305595
Ppm1h,-0.005292321543010126,0.6191071780938338,0.7528166187024187,0.3513334336682919,0.0587684822961005,-0.0659418982032296
Ppp1cc,0.014529434112277473,0.35788218570495756,0.5385123980179907,-0.1713154535013822,-0.0316961454271673,0.0155144603224546
Ppp1r10,-0.004938323455114411,0.3826208519875006,0.5614554085905528,0.1176084317941274,0.0088796611065843,0.0326688748830734
Ppp1r16b,0.07643370717649686,7.678655298470954e-05,0.0024029951335889778,-0.4398505620376564,-0.1895628896092689,0.0187871561376429
Ppp1r1b,0.005891944019024705,0.7555935895485633,0.8451502391154362,-0.1971743898789494,-0.1518295234699608,0.1264895936357977
Ppp1r1c,-0.02382973486557501,0.19257332222094653,0.36620563351285534,-0.3324365186231467,-0.0195705680578762,-0.045459433210307
Ppp1r2,-0.005904884422140539,0.7271322098121832,0.8292200765150786,-0.3050857205314892,-0.1274734965480374,0.0501970467627905
Ppp1r3a,0.0013031090809973687,0.22061011455520504,0.3979251040827797,-0.3829111732832057,-0.0050136869905575,0.0073362562801774
Ppp1r7,0.010317080564771047,0.1521144163203628,0.3173560890184747,-0.6603974521040222,-0.0418930666395891,-0.0159714715675776
Ppp2ca,0.011416934937774507,0.46967369692693894,0.6361671609198927,-0.224773831589622,-0.1468475051660336,0.0756725482849951
Ppp2r1a,0.027070165858351244,0.05978083787677384,0.18075996088288285,-0.3704789923324522,-0.1003499314206632,0.0682343991961613
Ppp2r1b,-0.016345591544999507,0.013143991597281387,0.0708747369320638,0.4826172645082481,0.0473793088016729,-0.0349092911806271
Ppp2r2a,0.018849993391269963,0.007232466173285484,0.04892945616701492,-0.2804700022489974,-0.0498084458201755,0.0063181381138892
Ppp2r2b,0.020947781629707438,0.30927299644785156,0.4930004859001534,-0.4438288599418975,-0.1887136195992318,0.0982776212135145
Ppp2r5c,0.007503850369023212,0.3226339908525139,0.5058492807573765,-0.4948008018399866,0.004522660720204,-0.0273200941382956
Ppp3cb,0.033324193897744395,0.16181624248951726,0.33069897954287963,-0.2541137786334001,-0.2108922956640024,0.1071760354126891
Ppp3r1,0.02462636227915426,0.41566494169776314,0.5897932872323477,-0.3784355881409344,-0.2123982509587652,0.0598010311809871
Ppp3r2,0.003948948875706051,0.027952645685500977,0.1135242401606214,-0.3237339919576193,-0.0100223581469436,0.0075210650377048
Ppp4r3a,-0.029499240319135752,0.0007227806952513667,0.011469724619549154,0.4008135138522906,0.0435997783353425,-0.0071513232891717
Ppp5c,0.023187315026040076,0.03359978678669513,0.12752419077301477,-0.4851037006983988,-0.0958171239302969,0.0505701871981083
Ppp6c,-0.004101531615977304,0.6305089910209739,0.7606435358834214,-0.1827530599760754,-0.0378095965205207,0.0330360300975176
Ppp6r3,-0.013996579608718264,0.0018737028933121062,0.021052331407015536,0.228503485874848,0.0277186771104742,0.0385308900638576
Ppt1,-0.00970090598611405,0.5083900241618351,0.6685812267248163,0.1504293895041165,-0.0890352399243896,0.0090232419455351
Praf2,0.015861496512148424,0.0890411823947352,0.2285644007371771,-0.1544076874083576,-0.0381024034824957,0.0291324711133185
Prap1,-0.0002891094638988171,0.5416170986759529,0.6936451971745006,-0.2123416506388686,0.0004197470424084,0.0003107450869821
Prdm1,-0.021899074482111234,0.0002031996722542131,0.004711461491676096,0.3896245509966125,0.055576292319815,-0.0383667539971699
Prdm13,0.004119894696504631,0.0001930120264093516,0.004587625484380288,-0.1805152674049398,-0.0036605080098008,0.0032029292527189
Prdm14,0.00010284137988755921,0.6843483267324646,0.7980934647147466,-0.1116409849377658,7.953746382853262e-05,7.671693141884147e-05
Prdm16,-0.015008974574212913,0.0003653646237298212,0.0072594706109072125,0.061663617515737,-0.0238154480648231,0.0295747854124434
Prdm9,-0.0036109470420301725,0.07743235819075267,0.2119004609072046,0.424186014039707,0.012169426489638,-0.0034686077014332
Preb,-0.003429799041203747,0.614167130062668,0.7505669694417033,0.286686092724374,-0.0059139698174659,0.0635407923693001
Prelp,-0.0678256362046067,0.007478567834260468,0.04960750913207106,0.3983270776621399,-0.1642768572859801,0.3095528475148303
Prep,-0.01812357269648241,0.030441147384019037,0.11944637908144701,-0.0091998139035575,0.0626633945786747,-0.0123227432369359
Prf1,-0.0036829414855855916,0.09663378098488157,0.24121453806897009,0.2329790710171193,0.0181186070277941,-0.0229781321790493
Prickle3,-0.011752553304955369,0.0385590257383344,0.1389318586493622,0.5440322384049702,0.0420031655942929,-0.0013754907255331
Primpol,-0.003188266614075827,0.43763355630823675,0.6102519104972798,0.282707794820133,0.0042782274585788,-0.0295087087107407
Prkaa1,-0.008921056383656895,0.12085421011852007,0.27619951873412674,-0.3707276359514673,3.197975801749742e-05,0.0089902689526559
Prkaa2,0.007368206530454211,0.45434898827934633,0.6241945028852534,-0.2650540978700632,-0.0981294469738898,0.0734121419753532
Prkab1,-0.02263311279576049,0.002624627991895603,0.026097909135788442,0.4400992056566715,0.0781968708437321,-0.0143773379237923
Prkaca,0.014973661994590833,0.4965892237295685,0.6591469243415375,-0.4560123972736359,-0.174745871319601,0.1013115965429283
Prkacb,0.0392204580881895,0.08319950008999925,0.22056197006605968,-0.3752032210937385,-0.1863638513240233,0.0506361205589152
Prkar1a,0.02362032322712296,0.0380966683546316,0.1383139539337906,-0.449050375941214,-0.1052121481333046,0.0304082968842949
Prkar2b,0.0017106980015584136,0.9337253402448956,0.9584091894404612,-0.4410937801327317,-0.1155823831726512,-0.0241458576250853
Prkca,-0.014833054585828481,0.079717744479371,0.21538146959177515,-0.0775768091327014,-0.0716356728326872,0.0689611526181888
Prkcd,-0.0606160568074242,0.10007652604619155,0.24683513323744832,0.3714735668085125,0.3076497055321601,-0.2600619047840473
Prkce,0.041687279027798355,0.017449282049716935,0.08487921835204747,-0.2615730872038522,-0.1486965384099869,0.0677613527555032
Prkcg,0.031510671337605684,0.022205221538257835,0.09875225376342912,-0.2290007731128782,-0.0938288828957582,0.1121054840442687
Prkci,0.006250212313519406,0.411696989891272,0.5875545664796827,-0.0775768091327014,-0.0862794826554441,0.0552590060077369
Prkcq,0.01390025750870553,0.39680390399487875,0.5737235584687859,-0.4587474770828016,-0.1113003815807528,-0.0622218917921725
Prkcz,0.04712829832342669,0.011725892539365441,0.06555381218407576,-0.3893759073775975,-0.1897684168621123,0.0593551767872964
Prkd1,0.004973195130554333,0.5920375194054696,0.7333616771460175,-0.2687837521552891,-0.0707058117368143,0.0526899989581746
Prkd3,-0.01082843514999129,0.11441836266735148,0.2676057166282255,0.2414329540636316,0.0078133170921717,-0.0393142672486168
Prkdc,-0.0062044666998963185,0.4798866647194441,0.6452034466878979,-0.1514239639801768,-0.0599004970762918,0.0125192460568065
Prkg2,0.01215353682065642,0.017498332506427385,0.08487921835204747,-0.4751579559377961,-0.039932615431377,0.0001250687955749
Prkn,-0.0006411045472097919,0.9471193046856359,0.9661381853687463,-0.032820957709989,-0.0978603896978718,0.0900327684263898
Prl,-0.0007875163762157775,0.11590898232296444,0.26936296985395974,-0.2339736454931796,-0.0019693021297847,-0.0028286686280245
Prl2c2,-0.0001233893901781105,0.6351273204159218,0.7642803636333138,0.0278480853296876,-9.690326690866117e-05,0.000606666264545
Prl3a1,8.535204810164282e-05,0.7386929760376175,0.834758115646287,-0.0721066495143698,-7.41304439362666e-05,0.0003132369350989
Prl3b1,-0.00015930504708993324,0.4388011388644738,0.6108964545162885,-0.0271021544726424,0.0004241233865669,-0.0002274698685025
Prl3c1,-0.00077396748436394,0.08865386451627434,0.2279529312128778,-0.0524638036121794,-0.0003055940189893,-8.977954418565651e-05
Prl3d1,0.00040805846172757316,0.08783411959330768,0.2270865910012481,0.0626581919917973,-0.0001963714582931,-2.341741720455993e-05
Prl7a1,-8.199962354343929e-05,0.6418237848667343,0.7699085216178035,-0.2257684060656823,-0.0002729511094237,-0.000219150308244
Prl8a1,-0.00035557087068474705,0.24851733030431428,0.42870710242891685,-0.3712249231894974,0.0008507836094834,4.515014011961067e-05
Prl8a2,-0.00030581161440818456,0.31086149504559624,0.49491400943432784,-0.5517401905944374,-0.000346065221103,-0.0005461190229665
Prl8a6,-0.00668191376707581,0.031903497739903024,0.1232876833115495,-0.3016047098652782,-0.0005031442908865,0.0072231778301371
Prm1,-0.0006657703252555226,0.040747925350167295,0.14339677353803965,-0.4234400831826618,0.001184476718577,-0.0007704291223537
Prmt1,0.004250389138978257,0.15499561067854714,0.32126477451087726,-0.0370478992332452,-0.0202560577895722,0.0251381652652477
Prmt3,-0.001632410051761013,0.8414897398654072,0.9029647617591973,-0.2991182736751275,-0.0567757970824055,0.0366625807822468
Prmt5,-0.0015840231281835564,0.7117716771794533,0.817664859355612,-0.4542718919405304,-0.0328952418577866,0.0203589671925294
Prmt7,0.0013934122865837816,0.7593198179097058,0.8477326310259158,-0.2712701883454398,-0.0302815305698511,0.0584392613273573
Prodh,0.018256477223252857,0.16405040389447081,0.3333948646476875,0.2207955336853809,-0.1636757503273624,0.2108583879845591
Prok1,-0.00010525655128197043,0.8990925898712455,0.9353920489146794,-0.1245704531265493,-0.0001870212239589,0.0010389570419584
Prokr2,0.009085793681166321,0.0032638264324478428,0.030106290473628294,-0.2799727150109672,-0.0174958274566782,0.0061697356048554
Prom1,0.02564467881070881,0.07141137075598426,0.20169955826482597,-0.1397377138864685,-0.1414950835129735,-0.0189913502649268
Prom2,0.0012691486265904457,0.04307237624488387,0.1473513258924137,-0.2715188319644549,0.0004654499038362,-0.0026141567435542
Prop1,7.854450703587643e-05,0.7485240040243772,0.8409359718785758,0.1785261184528193,0.0004200602961556,0.000389403566669
Prorp,-0.004984014951931697,0.18891097455057745,0.3623848506492696,0.1859854270232713,-0.0010783257015318,0.0006654950694369
Prox1,0.018260564091411788,0.25251275335379375,0.4331520792243379,-0.4266724502298578,-0.0414433980403076,0.0434792178928522
Prpf19,0.00834070521474489,0.7514072270786744,0.8432642682726709,-0.2799727150109672,-0.2164776834703203,0.1568404263821934
Prpf3,-0.006709158953366813,0.05330342349689731,0.16825542280796607,0.4164780618502399,-0.0143217354934769,0.0272483389421822
Prpf31,-0.021087475480423397,0.10776839688305312,0.25796649108421116,-0.0427667024705918,0.1142119022060353,-0.038961490291638
Prpf4b,-0.006220414925357046,0.3387463493453141,0.5193703420530349,0.2454112519678727,-0.0575660047682289,0.0729842085745779
Prpf8,0.02219328371776227,0.16448303258632407,0.33387502953555076,-0.242676172158707,-0.1009271165373499,0.0631212152520332
Prph,-0.10873119699057357,0.003769470917508284,0.03338206796911416,-0.4557637536546208,0.1499957564682941,-0.1622312771362618
Prph2,0.000557560327073224,0.10076252731381291,0.24770585630253478,-0.3799274498550248,-0.0003780276685322,0.0008364102657292
Prps1,-0.002485768148090155,0.6887741406201257,0.8012398839916216,-0.362273752904955,-0.0458502881640407,0.0274761401076544
Prpsap2,0.0026564013326623725,0.8580345793744897,0.9133627690712169,-0.1317811180779863,-0.1358966778286098,0.1046566112870013
Prr5,-0.007784265719285958,0.17197653915310285,0.3420525961610287,-0.0101943883796178,-0.0598147814447747,0.0093933285419578
Prr5l,0.02143755375920964,0.2503716115265283,0.4305952766004117,-0.4236887268016769,-0.1629548226558927,0.0744088150677861
Prrc2b,0.0286729478876237,0.026445517208148975,0.10934456081149706,-0.2956372630089166,-0.106845878216617,0.0766500603228603
Prrx1,-0.05330485547825144,5.873365198909477e-05,0.0021248252396905845,0.4878387805075647,0.0450393246849867,0.0297567949322989
Prrxl1,0.04981599451106219,0.004848395413449449,0.03881222728522287,-0.2178118102572001,-0.1151651678483284,0.1094531720040826
Prss1,-0.0006016171809713585,0.020323452625314892,0.09373411558926878,-0.0706147878002795,-3.538612534401565e-05,-0.0004184504151271
Prss21,-0.000491053033498256,0.143777934699541,0.3071236368937851,0.1235758786504891,-0.0014239445727787,0.0009245397971657
Prss41,0.0013073473282369345,0.04931790211239111,0.160276495420312,0.282707794820133,-0.0082819183765928,0.0063027467405956
Prss42,-0.00018091816072686613,0.42028633689435346,0.5937082815004423,-0.0748417293235356,0.0008158424271526,-0.0020558760842072
Prss50,0.00045109679488666236,0.7941077639088139,0.8715320197162411,0.2058769165444768,0.0077542124505245,0.0188144058597924
Prune1,0.006557093414896579,0.23119095604377024,0.40962315622760403,-0.5059897646956647,-0.0171659585754564,-0.0188266249037747
Psat1,0.06448743178031481,0.012934725500456561,0.07011693387654508,-0.2225360390184864,-0.2123374730541296,0.0738861785670066
Psd2,0.05538699229276287,0.04675020074826303,0.1557627524604113,-0.0464963567558178,-0.3549010664816672,0.1662602256761618
Psen1,-0.006206918388999022,0.40211896172520456,0.57878352814906,-0.2277575550178029,0.0649675119362702,-0.0431575040780083
Psen2,-0.01836111985959624,0.33802137834802837,0.5191951372939755,0.496292663554077,0.1543772242558539,-0.0538416740589547
Psma4,-0.014467073587238106,0.08122899789956788,0.2179637655369257,-0.2623190180608973,0.0982196753813327,-0.0403672276839006
Psmb11,0.00026645391068233016,0.3858960888862256,0.5638659264991799,0.0054701596183315,-0.0001441062659116,0.0008736637911333
Psmb6,-0.015679025766028202,0.19365894908140058,0.36736864978215855,0.5455241001190605,0.0977563420842462,0.0541596678763034
Psmb8,-0.08161291662307393,0.21939870670924536,0.39686269607229097,0.152169894837222,0.5923972839236273,-0.5218393826085685
Psmb9,-0.005648050153546357,0.5057717928199632,0.6664591266954025,0.0497287238030137,0.0783374494032443,-0.0657072994195158
Psmc2,-0.0060259427098526865,0.5434362330742406,0.6948330422234466,-0.4545205355595454,0.0034865604974627,0.0248644536448321
Psmd1,0.010779339446394707,0.3590032521123404,0.5394178186084858,-0.4420883546087921,-0.0673454323415145,0.0386030461290984
Psmd10,-0.0011539654240350907,0.7793178596586562,0.8627515340198891,-0.2556056403474905,0.0285347387175083,-0.0302707844046278
Psmd11,-0.0007440925853594895,0.7767345299084737,0.861986159478085,0.1745478205485781,0.0010386948816341,0.0128946752674647
Psmd12,-0.0026167412334650603,0.6937474262161991,0.8048684247213056,-0.0551988834213452,-0.02627686390009,0.0523803529873403
Psmd13,-0.001142441982564719,0.8747458703405643,0.9215974089833264,0.1011979529391329,0.0303807030622151,0.0279659958321665
Psmd14,-0.0014264002243057484,0.8861512851385666,0.9289473295297633,-0.1633588576929001,0.0225041291257666,0.0106984915280974
Psmd3,0.005605507765718396,0.46491365070972646,0.6330095270618167,-0.604949925063662,0.0286169746896554,0.0085990557883075
Psmd5,0.011872111246033715,0.10869733099323015,0.2592169637197134,-0.3207502685294385,-0.0915761061295823,0.0245217322893165
Psmd6,-0.014550909849423737,0.10355107887244863,0.25197511946368417,-0.4122511203269837,0.0053869993088198,-0.0093903843239724
Psmd9,-0.0014155616519538692,0.7211554971333185,0.8247592705756193,-0.1350134851251822,0.0335312158063818,-0.0109831848413914
Ptafr,-0.043227002026915144,0.0809479527696627,0.2174383923528433,0.3284582207189057,0.2835114941726185,-0.1892727953482688
Ptar1,0.010088320747573487,0.3404462779573253,0.5213253360644862,-0.2605785127277918,-0.0536180335725136,0.0448653467041346
Ptbp1,-0.0599318903211503,0.025129444730753625,0.1058507824703338,0.3349229548132975,0.2475632109130634,-0.0969284161169548
Ptch1,0.017807176655404232,0.3982795454618179,0.5752049720840127,-0.1568941235985083,-0.2841611954338642,0.2067949130560151
Ptch2,-0.004661251186539823,0.005231362424128282,0.04074073240531048,0.1128842030328411,-0.0061020489261596,0.0075512010864279
Ptchd1,0.005578604105597211,0.48960239809435324,0.6525899745699755,-0.1678344428351713,-0.0610981089731517,0.0533621358830344
Pten,0.0012060507548325994,0.8880410768664114,0.9299728049877981,-0.0159131916169643,-0.0722796833351626,0.0247255971747273
Ptf1a,0.0005522453853643877,0.15299219559016317,0.3187501031434826,-0.0917494954165603,-0.000751985198145,0.0002140869594734
Ptgdr,-0.004050138275244429,0.01720278728994043,0.0842144126353034,-0.0412748407565013,-0.0048977188657985,0.0056338888155847
Ptgds,0.16372073268293436,0.0025802667418482043,0.025909331988519073,-0.1193489371272329,-0.2837594599122459,0.6460925157255959
Ptger1,-0.004792922475881423,0.006238468661100165,0.04546061234324563,0.0624095483727822,-0.0060478951220235,-0.0027787867033802
Ptger2,-0.005416990676584018,0.25586622710433066,0.43636697574697114,0.231984496541059,0.0432729615026862,-0.0294450158663176
Ptger3,-0.0031228039120364042,0.004342670881827997,0.03619601988268727,-0.3493442847161714,-0.0042272459631532,0.0002809566903195
Ptger4,-0.015944289632836242,0.19043858819119988,0.3640353260389081,0.5132004296471017,0.0928616387066851,-0.0682713609753397
Ptges,-0.019570986044954174,0.10409753650935212,0.2526755882340484,0.2516273424432494,0.0494358305973546,0.090431510520226
Ptgfr,-0.016989195747902072,4.664716499568145e-05,0.0018589624112732115,-0.0181509841881,-0.0308158361928257,0.0218397752809222
Ptgir,-0.00624944077007682,0.4331632459967949,0.6063572222364574,0.27176747558347,0.0529564807316443,-0.0435729169919793
Ptgr1,-0.017149858857332227,0.5085887912952096,0.6686369650507382,0.4532773174644701,0.2136964951885231,-0.1306263162482767
Ptgs1,0.023444151308935558,0.20336984986076775,0.3783668431236347,0.5052438338386195,0.1542295727135725,-0.1066609455219969
Ptgs2,0.012667624155077476,0.4685192345760738,0.6353597298782774,-0.1089059051286,0.1761415282044143,0.0892569650154795
Pth,-0.00030193329496044317,0.2074314107811337,0.3833723284038271,-0.0740957984664904,0.0003943921157807,-0.0001913578977257
Pth1r,0.009486239831490014,0.07268853479803951,0.2040639603768847,0.2436707466347672,-0.0402256426063713,0.0279623476385174
Pth2r,0.0012253313341520687,0.5411743444318196,0.6935054704592991,-0.1297919691258658,-0.0147118694924946,0.024034926591624
Pthlh,0.0032152802871930923,0.5360082910211761,0.6889473730575664,-0.2038877675923562,-0.0300878687465248,0.0265012564869579
Ptk2,0.013930182008676677,0.46503124262624074,0.6330095270618167,-0.4552664664165907,-0.1368436215788062,0.0906023971348974
Ptk2b,-0.0539688972195968,0.02821226874288988,0.1143001725375714,0.4271697374678879,0.2662218041874961,-0.1949373519911812
Ptk6,-7.727934554193983e-05,0.8801601948376369,0.9251385027543346,-0.2551083531094604,0.0013974256518737,-0.0010609385315397
Ptp4a1,-0.010181776455853867,0.3741616707459181,0.5532170094130227,-0.1091545487476151,-0.0682785470732582,0.0794203484876073
Ptpa,0.018635839785246456,0.04915969492994529,0.16002782631630563,-0.3150314652920919,-0.0810875671874469,0.0143918152945143
Ptpn1,-0.04894966128765539,0.1669307110777048,0.3359730269907453,0.1394890702674535,0.3374152105411994,-0.1244644738511839
Ptpn11,0.019914581600137305,0.01900219621492805,0.08909026001134925,-0.257346145680596,-0.0484568143251333,0.0345473423271418
Ptpn2,-0.0238143372798047,0.14427332582241742,0.3074094548956355,0.1215867296983685,0.187961289245524,-0.0766582969386816
Ptpn22,-0.014678307523893722,0.1351508361114829,0.29641669318896036,0.260827156346807,0.0829623772643948,-0.077833792257379
Ptpn23,-0.019487251866156855,0.04174951891118281,0.14546741527728382,0.3237339919576193,0.038758144862079,-0.0112661032923919
Ptpn5,0.05224351128036129,0.012079706547961672,0.06697672076212227,-0.4284129555629632,-0.1888116578436132,0.0975316282157283
Ptpn6,-0.08496324584700449,0.0717348487940989,0.20205381761385893,0.4003162266142605,0.4169293994124685,-0.4044436842896981
Ptpra,0.002947863220678987,0.8819830629093626,0.9266726269620306,-0.0052215159993164,-0.1167213476102795,0.0312491122780986
Ptprc,-0.05979926938781767,0.06938402665661568,0.19750441962912757,0.2444166774918124,0.3333931784005703,-0.3511102838569604
Ptprf,-0.01820399242402349,0.05492724803034166,0.17157682262006188,-0.1782774748338041,-0.0750129839215852,0.1134090094428849
Ptprk,0.04354380703111647,0.020739505130630855,0.09466552975594712,-0.3645115454760906,-0.1042685600092837,0.1062970373873222
Ptprn2,0.07931395067958084,0.004053774356369179,0.03487066271810992,-0.2834537256771782,-0.1927957732405774,0.1199903952612593
Ptprq,-6.0422181445933235e-05,0.8628598435758182,0.916014164845005,-0.0216319948543109,-0.0003301709448013,0.0011398503714669
Ptpru,0.041829650579018524,0.020009181945505647,0.09287246324297024,-0.1760396822626685,-0.1474188625506561,0.2007207459632565
Ptprz1,0.015248572600779416,0.5421334143857373,0.6938653637996666,-0.506984339171725,-0.1309432729238309,-0.0626739261082378
Pttg1,0.0069194612291339115,0.2752660951216417,0.45677695224967285,-0.0718580058953548,-0.0511449613232712,0.0235686244309295
Ptx3,-0.03292531069595876,0.12081733101568219,0.27619951873412674,0.2053796293064466,0.231654798639753,-0.0450577220047836
Pvalb,0.0358424337062761,0.0006563572485134871,0.01087038417099772,-0.5047465466005894,-0.089317108511761,-0.0074968400024827
Pwp1,-0.01687532477331291,0.06525078983010614,0.189933533835601,0.1049276072243589,0.0599957324481462,-0.0146490735416986
Pxn,-0.0378273222588568,0.004641988331514478,0.037946766793357935,0.2742539117736207,0.106085056910595,-0.0075725953917263
Pycard,-0.032101082359185594,0.09038353626367769,0.23040800523789098,0.36252239652397,0.1927473646650448,-0.0993710520194132
Pycrl,-0.004246190074817699,0.35922413836758016,0.5394178186084858,0.2588380073946864,-0.0334918826997424,0.0342826733004479
Pygb,-0.020008673147307914,0.1517834513585043,0.31705462136762097,-0.2667946032031686,-0.1416151744567848,0.0886036729771497
Pygl,-0.035342988920146416,0.29573759624956797,0.47909749405467106,0.3610305348098797,0.4130122164827395,-0.1947212872450509
Pyroxd1,-0.010712612406024223,0.00876300825380008,0.05459739477584871,0.0285940161867328,0.0139377860585649,0.031252645310939
Pzp,-0.0019481289271361289,0.4760816535361436,0.6419488540015513,-0.5828206429713209,0.0005320565989722,0.0003887273638944
Qdpr,0.035539065021553094,0.31718984729958544,0.5013899631469431,-0.0492314365649835,-0.4763727138627827,0.1724944930684726
Qrfpr,-0.0010044418560986488,0.09275129425869123,0.23433598415729767,-0.300858779008233,-0.0029337508494428,0.0032382420123718
Qsox1,-0.000861907558581168,0.8604811094556125,0.9145004948675682,0.0758363037995959,0.0651037318286882,0.0234916312448263
Rab10,0.005635657145628178,0.5194635710411564,0.6763003820687793,-0.5057411210766496,-0.037250978250342,-0.0429369370498355
Rab11a,0.01927643395872403,0.43303934680252143,0.6063501806312549,-0.2745025553926357,-0.1671685318884315,0.0667105383741505
Rab1a,-0.012788697491709272,0.050901548243337244,0.1638162760815541,0.1489375277900261,0.0212516172482837,0.0652734049691137
Rab20,-0.007571960198427956,0.5331302275196206,0.6869152034800667,0.3095613056737604,0.1386953027464628,-0.0805524780310597
Rab21,-0.0038941908155999995,0.8566573567673473,0.9125734416946337,-0.3520793645253371,-0.106616474719754,-0.0569567072004211
Rab23,-0.0024279130737173845,0.7670816199328109,0.8543413413269144,-0.0974682986539069,-0.0524734633348356,0.0595054954931244
Rab24,-0.008342588203656815,0.22303038498611932,0.40115585113335495,-0.1892177940704672,0.0632294181897669,-0.0291909424860191
Rab27a,0.0012347231085621895,0.8984240085966775,0.9350997683464621,0.1064194689384493,0.0997771656693659,-0.062571334819033
Rab27b,0.013294128504389543,0.16297232784207077,0.3321301815111478,-0.5718803237346578,-0.0660268800467875,0.0086175533367199
Rab28,0.014430770335200903,0.23091605917994337,0.4095628713062904,-0.3953433542339591,-0.0667425028743067,0.0299484390010589
Rab29,-0.018682236723019146,0.25330439100144514,0.43362248631812755,0.528864977645051,0.1339178590730291,-0.077438084160827
Rab32,-0.05465613668137561,0.03987884483518649,0.14132327862262956,0.3816679551881303,0.3207220263956261,-0.1820421107546111
Rab37,0.024968309828360243,0.37460306404012367,0.5537091363861695,-0.5030060412674839,-0.2583349200656253,0.0386074201073032
Rab38,-0.0081077635793854,0.0015336866708597263,0.018494883470580294,-0.1121382721757959,-0.0160239682219131,0.0071206101612383
Rab39,-0.006946882885453878,0.0264946860429431,0.10934456081149706,0.1984176079740247,-0.0064549245351177,-0.0163284547776202
Rab3a,0.0647177606689823,0.04157741507163849,0.14506593316034744,-0.4403478492756866,-0.2949729616958616,0.1056395531635483
Rab3b,0.01975968597524561,0.01548786316303379,0.0794353819621739,-0.3789328753789646,-0.0300462742547049,0.0232569655199103
Rab3d,-0.036619153667099,0.00027980473729869744,0.006099504123763486,0.4393532747996262,0.0849170850896807,0.007546620895293
Rab3gap2,-0.007957968479010142,0.10097367082208794,0.24787820143020026,0.2598325818707467,-0.0466592309096749,0.0669159326741957
Rab43,-0.01831497426536064,0.15528352717725494,0.32173081727505176,0.3926082744247933,0.1360435244462392,-0.089143653229067
Rab4b,0.0022398971565075402,0.7399337503200036,0.835707023258533,-0.6183766804904757,0.0406193431139203,-0.024245967286699
Rab5a,0.00864126185279565,0.7253950182228134,0.8278084595056141,-0.3478524230020809,-0.1538417111206569,0.0124244945388722
Rab5b,0.02344207509612006,0.04304075846264499,0.1473513258924137,-0.0626581919917973,-0.1081206530013161,0.0726856254003782
Rab5c,-0.022597236061188807,0.32149934085549936,0.5047608918756239,0.1496834586470713,0.2033970080888623,-0.0851705082645062
Rab6a,0.028319093326497426,0.14890519384173523,0.3137403526586912,-0.5246380361217947,-0.1784305941728741,0.0375998953979181
Rab7,-0.022193552153991266,0.3593472937569494,0.5394207345978171,0.1979203207359946,0.1797562609445839,-0.0966241991986978
Rab7b,-0.053779641238750064,0.002667503005032042,0.026370024861760554,0.6586569467709168,0.074154951278978,-0.0243238489475261
Rab8a,-0.018887270693711804,0.054010910467306626,0.16944013179196254,0.3011074226272481,0.0793962798113652,-0.0059151729700832
Rab8b,-0.0366150054200165,0.00035997631291985504,0.0072594706109072125,0.1394890702674535,0.1367183308694358,-0.0979919493085338
Rabep1,0.026718460914225688,0.006388542266328937,0.04575664490857899,-0.2367087253023453,-0.1241795772060119,0.0247162504534366
Rabep2,-0.012634241812048617,0.00030580077338934893,0.006554158592685164,0.6516949254384948,-0.0003406275026299,0.0459718913315705
Rac1,0.0046725508400485135,0.5958006153622927,0.7354536820495945,-0.0206374203782506,0.0407506960799834,-0.0972483804680508
Racgap1,-0.003228467227162332,0.8200389666405272,0.8884916671268753,-0.2309899220649987,0.1030980838754083,-0.0898695348059966
Rack1,-0.014395763580155374,0.1512771317728642,0.31651544264699766,0.4694391527004496,0.0770396311318057,-0.0269379605199139
Rad21l,-0.0007594275142639656,0.3163471272435259,0.5005231687559634,0.1240731658885192,-0.0023971114632564,0.0034274603458653
Rad23b,-0.013774397599489537,0.08678686766430739,0.22604404190902572,-0.402305375566381,0.0067999371156695,0.0257680211273478
Rad50,-0.009839927399387015,0.007845706124489604,0.05078800373226075,0.4080241788037276,0.0233440562971297,-0.0201149116381218
Rad51,-0.004509442435678348,0.49724190486035735,0.6593805170912826,-0.1086572615095849,0.0432031724622416,-0.0155856546573427
Rad51b,-0.012833693645312887,0.00020002511854824712,0.004680404264745911,0.5532320523085277,0.0141415725715431,-0.0256559182233907
Rad51d,-0.005489055839175176,0.22113791254652254,0.39831373301547013,0.0922467826545904,-0.0404063418542888,-0.0018282334042496
Rad54l,-0.011364078249922875,0.13074501630453686,0.2911088294061294,0.2541137786334001,0.0491993011605814,-0.0102623806474626
Rad9a,-0.01218383849366498,0.20846709505945354,0.3842089931142535,0.1757910386436535,0.0725092105789718,-0.0215605346492946
Rae1,-0.016572189627993922,0.000679515616791588,0.011208167780966973,0.0564421015164205,-0.0102067664480897,0.0589471759655283
Raf1,-0.011390388510940942,0.21965455797656516,0.39712923484256446,0.3030965715793686,0.0490950104564582,-0.0496067739199546
Rag1,0.003068759169990401,0.327630658910668,0.5104593741916058,-0.1439646554097247,-0.0190765588338484,0.0210204818632679
Rag2,-0.0006662063622074848,0.05684027346757649,0.17599375053814528,-0.0047242287612863,-0.0006553358271291,0.0015521404707507
Rai14,-0.07212142700349941,0.001318354251228318,0.01719929676602468,0.3453659868119303,0.2246699379015706,-0.002497129634146
Rala,0.012043354303645703,0.2792937728615021,0.4596165536078631,-0.52538396697884,-0.057451129208606,-0.0604352155254102
Ramp3,0.01753243884836008,0.167196291234984,0.33617196751661543,-0.2528705605383248,0.1375860912290673,-0.0324407954491755
Ranbp1,-0.015820789550347394,0.1270817264545769,0.28556999411665057,-0.1904610121655425,-0.0249402016558376,0.0644042646083314
Ranbp2,-0.012141450343874486,0.025946902683288486,0.10813329296360667,-0.1128842030328411,0.0307816736197968,0.0093697031441768
Rangap1,0.014463232183056422,0.4724195176907309,0.638022758734556,-0.0924954262736055,0.0253624319417777,-0.0610155200194713
Rap1a,-0.006144972005699204,0.668921497905979,0.7880296907201845,-0.4880874241265796,-0.0963908691201576,-0.0664527132312615
Rap1gap,0.06885505036834837,0.001724891997130656,0.019816833507575397,-0.3687384869993467,-0.2324634280615012,0.0700132476036143
Rap2a,-0.03730730222107809,0.0029260884935911977,0.028109185321673634,0.6857591012435593,0.0469901561404597,-0.0167718255989639
Rapgef1,-0.020511244624061432,0.0004883697517858988,0.00886538826996395,0.0900089900834548,0.039576242923254,-0.0710848021133194
Rapgef3,0.009684275279071572,0.527679344507822,0.6829972941726465,0.2707729011074097,-0.1589287264721972,0.2683186839783098
Rapsn,-0.021557878663038654,6.182669826384754e-05,0.0021257669948958704,0.586550297256547,-0.0317889403181488,0.0448500067555288
Rara,-0.05913761327744013,0.015671089856200585,0.07954052672286487,0.0571880323734657,0.2121817893717921,-0.0170948030569274
Rarb,0.016211025560084344,0.001792473763578695,0.02040997903317431,0.3913650563297179,-0.0289811609239692,0.046252809957348
Rarg,-0.040101259652550535,3.958405150090834e-08,1.0627276142428075e-05,0.5532320523085277,0.0155122239471082,0.0554537001949229
Rasd1,0.004402816709276691,0.2533218994761851,0.43362248631812755,-0.0343128194240794,-0.0131096731330169,0.0744776254531114
Rasgrf1,0.06668778817241464,0.011745968307438785,0.06555381218407576,-0.3446200559548851,-0.2151528282441819,0.150002282806962
Rassf5,-0.01574441236726678,0.23014011414592603,0.40886053244489695,0.1275541765547302,0.1200126674435437,-0.1359175836424548
Rax,0.00025476189243070686,0.2339008240081838,0.41295301379914195,-0.0243670746634767,-0.0010791734073778,0.0005906401337429
Rb1,-0.0031180734173420436,0.7373791555826235,0.8345638575073534,0.2943940449138412,0.0550247735128635,0.0277286217450742
Rb1cc1,0.007905931295207388,0.4186453697474992,0.5918819376613064,-0.2531192041573398,-0.0693988371196064,0.0450660040423696
Rbbp4,0.009272273141956687,0.5571873076083063,0.704215177430617,-0.1650993630260055,-0.0862471162464761,-0.00503458963672
Rbbp7,-0.007740406640107239,0.07951194717858043,0.21528155125155987,0.3779383009029043,-0.0032306108381841,0.0276592446965204
Rbck1,-0.008430980264636683,0.1126568783740294,0.26580145077979833,0.2583407201566562,-0.0250426787747588,0.0464098061156654
Rbfox2,0.008622066964503237,0.3050921095760083,0.48877978987035753,-0.4055377426135769,-0.0694586192056704,0.0415902241015034
Rbfox3,0.05271829314903426,0.012152920744167774,0.06723649535357898,-0.177531543976759,-0.201955429327941,0.1483010647411944
Rbl1,-0.011114346401110071,0.0525421189825173,0.16688502424023707,0.1673371555971411,0.0478484246945467,-0.0274710774841242
Rbl2,0.008909206267024756,0.04768068697771978,0.15698693780358727,0.3921109871867632,-0.0468775039097312,0.0432368091955214
Rbm8a,0.006274163402882429,0.38572624067536576,0.5638659264991799,-0.0681283516101288,-0.0997239013632655,0.0591185816997568
Rbms1,-0.04271993850066241,0.0030997629358056147,0.029065975616809635,0.2329790710171193,0.1644105606304242,0.0310250663303701
Rbp1,0.06515044563798705,0.10962753613987684,0.2608255885492126,0.6238468401088072,0.1178858138023681,0.0147299451283098
Rbp3,-0.00038008305505005243,0.20697063625956305,0.3827685129116848,0.105176250843374,-0.0007051638564873,0.0003353826229851
Rbpj,-0.02578692474086769,0.13568435250254174,0.29641669318896036,0.3050857205314892,0.1906580226887351,-0.1207463458079967
Rbpjl,0.005623172096506347,0.005361161139754067,0.0414981532228915,-0.275497129868696,-0.0125944958017894,0.0024269685776961
Rcan1,-0.0066915510294115,0.5461008586456659,0.6962410597229548,0.047242287612863,-0.0074560742718283,0.0384574231950149
Rcc2,-0.017222953851339092,0.02157138523090413,0.09703318876793825,0.3757005083317686,0.0279843171314065,-0.039371487976748
Rcn2,0.006434003463704613,0.793012428910685,0.8714253338805266,-0.014669973521889,-0.1870591585970122,0.1345108756007056
Rcor1,-0.029982248040442024,0.012652152206381566,0.06905626281717979,0.4662067856532537,0.0746149867732099,-0.0231035640084674
Rcor2,0.008141299098800717,0.1849100680453029,0.35728267314359474,-0.2690323957743042,-0.0500257249607473,0.0044764121728584
Rdx,0.012967516929462509,0.4477836339892234,0.618171669006503,-0.3853976094733564,-0.144589112411098,0.0368104080603075
Rec114,0.0013406601476406513,0.4261852125007607,0.5995506809063376,-0.0780740963707315,-0.0042553754967524,0.0128260333302672
Rec8,0.01888322358537174,0.00045379623934373506,0.008448228528804351,-0.0019891489521205,-0.0110681500723117,-0.0047888104634739
Rel,-0.026082638822570607,0.022927097059536918,0.10048511251217972,0.2367087253023453,0.1400587490146132,-0.1372763101569824
Rela,-0.0209730941042305,0.06728417135932072,0.19322016653757837,0.3784355881409344,0.0771675373464733,0.0374248504011098
Relb,-0.020472522255348742,0.3892682685097887,0.566198299876941,0.2063742037825069,0.2739779670847819,-0.2811037015442936
Reln,-0.03280947269054849,0.18274794361791122,0.35523040854658944,-0.0927440698926206,-0.2327302560904783,0.1641942021502032
Ren1,0.0076990967906270654,0.005663496610711816,0.042905675023620825,-0.5343351372633826,0.0021762575755221,0.006136359694774
Rest,-0.027259663416418944,0.0025358242185180412,0.025614335324080254,0.1444619426477548,0.1224173521340651,-0.0976796922454932
Ret,-0.08924946409031775,5.591365832325167e-05,0.002051910583502926,-0.3274636462428454,0.0143770248756687,-0.0333662746544102
Retn,-0.0001272685944207114,0.7973389275452862,0.873545075044782,-0.1563968363604781,0.0043653109856343,0.0022583987848919
Retreg3,-0.003592190543639203,0.5472378247337775,0.6966459056568501,0.1218353733173836,0.0111544203444755,-0.0215378746230753
Rev1,0.001058413670411121,0.9160863280998912,0.9457511353243361,-0.0285940161867328,-0.0918745759152863,0.1348782163577508
Rflna,0.00817062772398634,0.4069080299707065,0.583864377181596,0.764081841233306,0.1145735627113045,0.015763085239642
Rfx2,-0.008522385168166127,0.03403669700956144,0.1283231274543776,0.3759491519507837,-0.0066062578595136,0.0304170689557127
Rfx3,0.0030313678132353017,0.7524251053449627,0.8434067392021937,-0.0584312504685411,-0.0997182462493498,0.0577968037346583
Rfx4,-0.004835585024305843,0.6656074937477001,0.7855770073130537,0.0596744685636164,-0.0774130084052065,0.0763559957463037
Rfx5,0.002180431026912412,0.6179437736283835,0.7519012503460496,0.27176747558347,-0.0044539801368432,0.0004283434290721
Rfx6,-0.00020513316201767613,0.43859700004967583,0.6107789509291282,-0.1698235917872919,0.000263590662525,7.483841741618e-05
Rgcc,0.0004922912803898148,0.9638744280624365,0.9768971701860697,-0.1996608260691001,-0.0986182949927632,0.069929536477814
Rgmb,-0.02025612978991732,0.07414698257569219,0.2065667712280753,-0.1317811180779863,-0.0805002840840176,0.0826109895307989
Rgr,-0.001065473753209248,0.017105141228465726,0.08392873886256641,-0.032820957709989,-0.0007490682010585,0.0013792465948385
Rgs18,-0.005298367596534348,0.012436764911565661,0.06828841530021144,0.36252239652397,0.0182907899288545,-0.0197464688936262
Rgs20,-0.018343884291205176,0.1393280688743637,0.30084171731920745,0.1310351872209411,0.0601362004944364,0.0494450643566783
Rgs3,-0.0032570479401359195,0.6148933396465894,0.7507669579596052,-0.3030965715793686,-0.0239134307512864,-0.0136985269937082
Rgs6,0.0003898746934615143,0.9837626886212307,0.9893736663367988,-0.3306960132900413,-0.1685722334658485,0.0885162732361489
Rgs9,0.007056935999439555,0.2753715287663332,0.4568033067437612,-0.4423369982278071,0.0008659480072736,0.0461058302598346
Rhbdf2,-0.053564045659874694,0.0372714760048006,0.13599556444956212,0.2125902942578836,0.2595996972127044,-0.1018773203060309
Rhbdl3,0.017318651671708058,0.0009993107428671712,0.014151459256006716,-0.2260170496846974,-0.0674443045038296,0.0115965931382852
Rheb,0.008906587654515538,0.5557962271712935,0.7032127466464767,-0.5574589938317839,-0.058692015624953,-0.0191395180120412
Rho,-0.0007523002731670914,0.2354667292290467,0.41432072638750167,-0.2250224752086371,-2.16153515426986e-05,0.0047935834866904
Rhoa,-0.023177456536752586,0.2975837721302967,0.48113306549497414,0.333182449480192,0.1469126928114903,-0.0450293088858351
Rhoc,-0.05233802244791869,0.011651367274722857,0.0655277006266387,0.3908677690916878,0.1395435870715522,0.0254356269478392
Rhod,-0.008817980800499618,0.04846955359440887,0.15848922620838438,0.6250900582038825,0.0356690022406587,0.0101259598026071
Rhog,0.02138991010993625,0.1828431460226265,0.35523040854658944,0.0303345215198383,0.041858233534803,-0.0802338667638395
Rhoj,-0.02964578655055673,0.05376821037235556,0.16909472324869648,0.2454112519678727,0.1175317237879999,0.1696547738700692
Rhot2,0.010212621297268042,0.07153473384535745,0.20176379320538382,-0.2794754277729371,-0.0354967323463411,0.0460133445322231
Rhox13,0.0007110030964113824,0.055736111278467886,0.1737835596769344,-0.105176250843374,0.0002200730810511,-6.908643852180339e-05
Rhox5,7.715635459795238e-05,0.8648350005919436,0.9166265894320013,-0.2043850548303863,0.0003234592462414,-0.0013334108231084
Rhpn1,-0.005593156877628971,0.39892237729159685,0.5756444261851302,-0.2123416506388686,-0.0679899918366405,0.0478531316815015
Rhpn2,0.02532845164292393,0.0020686351726712632,0.02216829415083217,-0.3466092049070057,-0.0742887046238874,0.0537523778650952
Ric8a,-0.02725777238713863,0.00015180243281576853,0.0039001931608829607,-0.1290460382688206,0.0165054351577453,0.0197738507965772
Ric8b,0.004458117443917035,0.6767757687427371,0.7929450562331907,-0.1049276072243589,-0.1199511356343979,0.0918334728385519
Rictor,0.0047128648454153,0.523424561515524,0.6786161295566293,-0.3826625296641905,-0.0226951688072265,-0.0179610076577341
Rif1,-0.004470207767484736,0.7589592795779685,0.8476572277095883,-0.3339283803372371,-0.0812137299785529,0.0216290572977349
Rims2,0.05250059659014631,0.00668445640294522,0.046978316611560884,-0.3098099492927755,-0.1457048102225722,0.118976213462115
Ring1,-0.007393108635741375,0.2957599600441065,0.47909749405467106,0.0974682986539069,0.0034726866945593,0.0321813974002291
Riok3,-0.02649104339347033,0.007833978391670554,0.05078800373226075,0.101695240177163,0.0810753296184396,0.0705402487132433
Riox1,-0.005914849005875795,0.09630248127587122,0.24092150906729726,0.2193036719712905,0.0299698532164729,-0.0207903897498121
Riox2,-0.017442881567120688,0.010949595580309574,0.06282776946587079,0.395094710614944,0.0587111038380153,-0.0356771724724178
Ripk1,-0.01952832161553832,0.012657832921792416,0.06905626281717979,0.1688290173112316,0.0953479362935078,-0.0365950002689585
Ripk2,-0.013332981366934567,0.046176724499923105,0.15461464639967729,0.0842901868461082,0.0526545338494722,-0.0140702554327576
Ripk3,-0.014966712858320826,0.17738277251219195,0.3489201075291473,0.177531543976759,0.1357876304401321,-0.0630153717226341
Rita1,0.004884370814266696,0.15207306116087932,0.3173560890184747,-0.4841091262223385,-0.0160270278451783,0.0015576783145158
Rlim,-0.01053017625614263,0.20315287343610822,0.37825027826681273,-0.1069167561764795,-0.0046887861168101,-0.0035669097159576
Rln1,0.0005432475571185408,0.4552274075519962,0.6248300734862311,0.1432187245526795,-0.0026689736100035,0.0053196160686243
Rln3,-0.0012041546879429414,0.5328347435032315,0.6867079400227346,0.3326851622421618,0.0128326869471822,-0.039107039934895
Rmdn3,0.014854976052417057,0.009740208204124771,0.05838402120944825,-0.6608947393420525,0.0166829817635607,-0.0389254260505446
Rnase1,0.0001176658956823949,0.963026203663083,0.9764409260951444,-0.4269210938488728,-0.0199619199829223,-0.0087229237784715
Rnase4,-0.06394508275736416,0.002144446458197777,0.022730397268121115,0.7601035433290648,0.1173178514991446,0.0648368846953675
Rnaseh2b,-0.006331233043656835,0.20806605380419027,0.38412773813071827,0.0452531386607424,0.0134289601765183,-0.0079542253199662
Rnaset2a,-0.04135249307319744,0.07508570824760881,0.20838530890699267,0.536075642596488,0.1965112857897182,-0.1624234933243045
Rnd2,0.05449729955235681,0.06504753496715049,0.18960931078134152,-0.4072782479466824,-0.2441999202045381,0.0114747986668013
Rnf10,-0.009546111883962897,0.1578345171342828,0.32516715343375463,0.0427667024705918,-0.0034429284296102,0.0314484233279024
Rnf13,0.02190778916572799,0.4279196093813036,0.6007077085451253,-0.3650088327141207,-0.2088509294678138,0.0160957253778675
Rnf130,0.00191958482435703,0.7711166593320374,0.8570067594644283,0.2491409062530987,-0.0556896055778053,0.1000092186956593
Rnf14,0.03151403842322535,0.05949801978213707,0.18062301150124194,-0.4254292321347824,-0.1637846114462355,0.0795489623837131
Rnf144a,-0.00021298546848771887,0.9839706817785585,0.9893736663367988,-0.3269663590048152,-0.0832105534526884,0.0399617409982814
Rnf19a,-0.01433199442217471,0.05702851598272897,0.1763045212290306,-0.1899637249275124,0.0009607780000099,0.0106225071641696
Rnf2,-0.0167152145554302,0.06307831457661052,0.187071210846099,0.3523280081443523,-0.0077348442941886,-0.01407974533892
Rnf20,-0.004300637305957089,0.42770663301622147,0.6007077085451253,-0.0258589363775671,-0.0209880284439626,0.0524552254777642
Rnf219,-0.008157519459247352,0.006406575608180949,0.04575664490857899,-0.210352501686748,-0.0031792134975159,-0.0115938984478484
Rnf220,0.030932213809664412,0.006325535446210607,0.04575664490857899,-0.3761977955697988,-0.0623202170344929,0.0271937590183037
Rnf31,-0.013073549515652812,0.22221281209401408,0.39982629788062285,-0.0044755851422712,0.0714647415705495,-0.0251352549065965
Rnh1,-0.049940886870491225,0.19219613942579372,0.36595464994810517,0.5191678765034633,0.3640258747322311,-0.0659071484398654
Robo1,0.019301107199526837,0.14153435397559985,0.3041066643877012,-0.0554475270403603,-0.1288053978960938,0.1263127972166484
Robo2,0.02055981001992313,0.22751800510223472,0.4056516406943374,-0.4256778757537974,-0.1101688482909786,0.0422506261608701
Robo3,0.0024028373901055916,0.07345370298192358,0.2054689653708897,-0.1041816763673137,-0.011962228675885,0.0027399711062378
Rock1,-0.019414188460351877,0.0005116487906805607,0.009255037167594115,0.322490773862544,0.0076538363366626,-0.0213255363828528
Rock2,0.0018662525950465937,0.8937125571815556,0.9332298370896858,-0.3274636462428454,-0.0403451020978227,0.0256317857363785
Ror1,-0.00698296497559833,0.2640634513927062,0.44411067113557345,0.6474679839152387,0.0320746210889921,0.0329357274247273
Ror2,-0.003384511404415398,0.26058600058142833,0.4408389137359728,0.3717222104275275,-0.0063757958218598,0.0122993946768088
Rora,0.013827296437892099,0.1723797548868064,0.34231689412026567,-0.1641047885499452,-0.0587122276932353,0.0669772994750935
Rorb,0.020251453995496427,0.13580033295012287,0.29641669318896036,-0.2478976881580234,-0.0887351763093309,0.0560588765432837
Rorc,-0.0065166825369266795,0.34807336320722193,0.5281929028093155,0.4980331688871824,0.0354720444784625,0.0149234553846556
Ros1,0.00035306489566662045,0.15712484136367202,0.3242288898851501,-0.4714283016525701,-0.0006115307680664,-0.0007946275616823
Rp1l1,8.133489900806498e-05,0.7518496473067613,0.8434067392021937,-0.0634041228488424,0.0013778521517725,0.0003160057292375
Rp2,-0.02173868964770669,0.02378358503425484,0.10203538036983512,0.3570522369056386,0.0997841659315974,-0.0924735945422388
Rpa1,-0.020507639395901903,0.004094751376616956,0.03497684842734633,0.0136753990458287,-0.0010766689509023,0.0391548963922454
Rpe65,-0.00021562978925079054,0.46198553966515354,0.6307784362505215,-0.4112565458509235,2.706468162090147e-06,0.0008027747899806
Rph3a,0.05756832411523284,0.01858588161904336,0.08811020644864329,-0.5430376639289098,-0.2329679322301923,0.0596989372035114
Rph3al,0.0005707387165707963,0.7829104643299076,0.8646084170917642,-0.449299019560229,0.0004186150692879,0.011274818350722
Rpn1,-0.007170863928160343,0.5691062233509248,0.7157324569312296,0.1685803736922165,0.0642162463169275,0.0470990907851756
Rprml,-0.002365921242411214,0.3719604263951193,0.5511216468059961,-0.3903704818536577,-0.0119165327718394,0.0226679809467269
Rptor,0.008585471503402596,0.32832389852177113,0.5111855012554967,0.1611210651217645,-0.0746596427521537,0.0324283827710529
Rragd,0.01718475316422687,0.08770835015313348,0.2270865910012481,-0.1785261184528193,-0.1184488106640743,0.085547879019766
Rras2,-0.00966260991428917,0.11339628796516026,0.26690354458622134,0.1628615704548699,0.0363199187229853,-0.0435739740278388
Rsad1,-0.00924478156474628,0.13037692138449658,0.2906698758663973,-0.0522151599931644,-0.0655862627335935,0.0523186290202496
Rsbn1,-0.0020040290645673346,0.8442952352788357,0.9051597299616101,-0.2737566245355906,-0.033772613952693,0.0142787690915215
Rsf1,0.0016819982078377263,0.7365724092955098,0.8340192775329113,-0.3336797367182221,-0.0159483894111911,-0.0154271182521266
Rsph1,-0.012798742193252858,0.10789411756403004,0.2581462916013683,-0.0788200272277767,-0.0525305465716345,0.0144386284655214
Rsph10b,0.0011062558162410411,0.7548668503367619,0.8451502391154362,-0.2603298691087768,-0.0265771473347401,0.0296621399693507
Rsph9,-0.0041071984082043005,0.2889325555842327,0.4713287387384621,-0.0278480853296876,-0.0278703214098189,0.046287279254545
Rspo1,-0.009397864260870602,0.04116391585990747,0.1445128250525726,-0.4502935940362893,-0.0003272214380958,-0.0063466058403239
Rspo2,0.00656844473141019,0.34629763045567696,0.5266738857943972,-0.4547691791785605,-0.04071972501023,0.051251661734004
Rspo3,-0.012568888240048167,0.04075007664590633,0.14339677353803965,-0.2595839382517316,-0.0404309377894507,0.0902300582723667
Rsrp1,-0.0182284703834919,0.12358040199619565,0.2801705024811529,0.0355560375191548,0.0861738734143875,-0.041070971873427
Rtbdn,0.003160797212972771,0.26044782422889023,0.4408389137359728,-0.4594934079398469,-0.0066922825306579,0.0253705624997559
Rtcb,-0.006009675517421258,0.5041159463431195,0.6649845984733005,0.4410937801327317,0.0514520491258505,-0.0266168712898453
Rtf1,0.0006835529862887255,0.8823981535760357,0.9267416464536994,-0.525632610597855,0.0053677553191061,-0.0209626987591562
Rtkn2,0.026378407640896575,0.008828674026829679,0.05485391743100876,-0.1312838308399562,0.0156009942463968,-0.0008389541814072
Rtn2,0.022489380600602932,0.024853535815255016,0.10520986406109198,-0.5129517860280867,-0.0347158025996483,-0.0242774385083224
Rtn3,0.030617292576426737,0.06378312868606317,0.18801982624067134,-0.4684445782243893,-0.0776050836816089,-0.0580080438056391
Rtn4,-0.017654545664654697,0.12074687829785008,0.27619951873412674,0.3819165988071454,0.0314936533715339,-0.0168630378851868
Rtn4r,0.0069333431025212534,0.450263609899768,0.6202524099645467,-0.2655513851080933,-0.0871236035693246,0.0588585299350428
Rubcn,-0.004726916934036535,0.5585136728997218,0.7055419131900645,-0.1996608260691001,-0.081683376366866,0.0087969123911435
Rundc1,0.000815144032544692,0.7979616825836637,0.8736644221633975,-0.0614149738967219,-0.0103076918628821,0.0177656641785091
Runx1,-0.07594005241308012,0.012241638599827975,0.06756557066481098,0.4778930357469619,0.2339980232846341,-0.0756661030606877
Runx2,-0.037570773355143826,0.07738136681764173,0.2118745851512563,0.2730106936785453,0.2362352965276142,-0.2039425172509946
Runx3,-0.020428522947122003,0.16815708347995054,0.3374387422624814,0.1877259323563768,0.1751953820493245,-0.1147719733356684
Ruvbl1,0.01049545737140968,0.023990220590529073,0.10259984716369168,-0.6071877176347975,-0.0341181058268897,-0.0162760708148628
Ruvbl2,-0.008847765618114511,0.13933023980016002,0.30084171731920745,-0.0698688569432342,-0.006302519464603,0.0381017374684152
Rxfp1,-0.004150801629939752,0.026848140546011926,0.11044545558484423,-0.4028026628044112,-0.0094578776726199,0.0056114495685212
Rxfp2,0.000563993410090901,0.5658618956780619,0.713587522831593,-0.2921562523427056,-0.0035755643367704,0.0003411881394319
Rxfp3,0.006856958357609407,0.1300244106315736,0.2903922954042781,-0.3739600029986631,-0.0183277792476098,0.01585253579212
Rxra,-0.030394289873524147,0.013351509380906502,0.07184182421097475,0.6482139147722839,0.0405556923936918,0.0540514808912084
Rxrb,-0.0011390593130341587,0.87810693275698,0.9235796626962062,0.1541590437893425,-0.0620635355201397,0.0433363239881796
Rxrg,-0.020877821361577086,0.00021728383868792943,0.004992634509671748,0.3023506407223234,-0.0349316198100146,0.0466849821326796
Rybp,-0.006648912570003746,0.11980843638893886,0.27491805399009317,-0.061912261134752,-0.0239128275436041,0.0452906660274479
Ryk,0.013106600784630237,0.16163363506550774,0.33045818535837873,-0.1081599742715548,-0.1045418434582087,0.0940836903260348
Ryr1,0.00465423731338911,0.31863940968510396,0.5019702374316601,-0.0556961706593753,-0.0248973177445245,0.0343114945759686
Ryr2,0.062085443676345047,0.0055938625505430085,0.042716007290898035,-0.3433768378598097,-0.1968362405731359,0.1311974533403859
Ryr3,0.008185362942683986,0.27301790029912154,0.45434653273622533,-0.2411843104446165,-0.0431766614819948,0.0499458608217836
S100a1,0.018800464604948046,0.2239344693736054,0.4021947943056208,0.6613920265800827,-0.0127959350408393,0.0808026592871926
S100a10,-0.11580011550078272,0.001381160420723068,0.017657391744632506,0.0842901868461082,0.2672155728020111,-0.0677661649821614
S100b,-0.008633993419657562,0.7098959958887702,0.8162651406420791,-0.2924048959617207,-0.2001002595535466,-0.0014619202496599
S1pr1,0.018001693465080577,0.31796268262648864,0.5016016140545303,-0.1792720493098644,-0.0979236334179054,0.0065798409930135
S1pr2,-0.04615458961030086,0.007965800263885535,0.05117575207314876,0.5415458022148194,0.1722846173630026,-0.0522780210340797
S1pr3,-0.00423435092282632,0.861186102366639,0.9148084773369898,0.2958859066279317,0.2066903766477421,-0.0623593348484379
S1pr5,0.05353396712424024,0.001057189399684618,0.014815173427997902,-0.5005196050773332,-0.1080108417983369,-0.1167343097698248
Saa1,-0.015497094359850661,0.5177671129493757,0.6753081163781043,-0.1471970224569206,0.1344898602241933,0.007961445142981
Saa2,-0.020696981287829267,0.3479584348802779,0.5281929028093155,-0.0895117028454247,0.1594305285649311,-0.0067142093849424
Sacm1l,0.030905749836789065,0.025937653271186717,0.10813329296360667,-0.4831145517462783,-0.1434885374631893,0.0169621555432122
Sag,5.75359272427574e-05,0.9422592458388176,0.963894151599696,0.2521246296812796,0.0021562543503289,0.002961779104461
Sall1,-0.010394835987733195,0.5657464952107099,0.713587522831593,0.0208860639972657,-0.1619671236975773,0.009026621419059
Sall3,0.03326128224822818,0.0005801336968902937,0.010054197896490034,0.1951852409268288,-0.0625729531805483,0.0340165440379224
Sall4,8.318886279914083e-05,0.7780022423771524,0.861986159478085,-0.3157773961491372,-0.0006356237050601,0.001140602902141
Samd11,-0.0035819992504988103,0.02892274249415006,0.11553242714382102,-0.3863921839494166,0.0042742081671583,0.002706096108913
Samd14,0.002241004242073723,0.7776432292266054,0.861986159478085,-0.2001581133071302,-0.019305894368951,-0.0045166072449059
Samd8,0.0004028147663240367,0.946971551353179,0.9661381853687463,0.1270568893167,-0.0288163371572059,0.0480412434600795
Samhd1,-0.05764213372268945,0.1903013798936065,0.3640353260389081,0.0181509841881,0.4777088472503092,-0.3561330552810262
Sap130,-0.008215013612324757,0.0744692417901197,0.20723819005531946,-0.3490956410971563,0.0201964655628648,0.009935066851485
Sap18,-0.00471723435849871,0.3987139004578374,0.5756444261851302,-0.1598778470266891,-0.0285688079528397,0.0280146370062763
Saraf,0.0035022951548473224,0.6324599419616557,0.762329433824765,0.1409809319815439,-0.1151409666081701,0.106476628913505
Sardh,-0.03570593878136154,0.00012776158407219225,0.0034688366552638075,0.4878387805075647,-0.0652284048352078,0.107954829278251
Sarm1,0.006540545738340764,0.41087145089370003,0.5871634356365594,-0.0915008517975452,-0.0273245695841931,-0.0242905254735533
Sart3,-0.002997203674138796,0.6168231347005766,0.7519012503460496,0.1653480066450206,-0.0274022170239589,0.0630983671367859
Sass6,0.028544928229710054,0.0014467791996637842,0.018088286023247458,-0.3804247370930549,-0.0550108090323568,-0.0014355222330993
Satb2,-0.0046666920364688055,7.961768048087782e-09,2.6806014235101785e-06,0.4495476631792441,0.0036850424997343,-0.0003191154432165
Saysd1,-0.0015579221453430735,0.5110657610059036,0.670406650525089,0.3525766517633673,0.0034781884396962,-0.009359941245473
Scamp4,-0.010474088741063908,0.20832011143389112,0.38417964151275436,0.3903704818536577,0.0232412262353548,-0.0432307042765934
Scarb1,-0.021178739129653866,0.0007181427774565725,0.011469724619549154,-0.221044177304396,0.0479629702801653,-0.0271873624522978
Scarb2,-0.0012790003040023619,0.9008802109010303,0.9361152894288359,0.2593352946327166,-0.0236045563154956,0.0483927907149657
Scgb1b27,-0.0006000427165374141,0.08684176668123843,0.22604404190902572,-0.3289555079569358,-0.0005959474339664,0.0002033780518186
Scimp,-0.009130861104195583,0.18808525309925553,0.36136454842158283,0.1302892563638959,0.0648950984044949,-0.0313097003851738
Scin,-0.0032367792060802526,0.09123369244410255,0.2316491115765889,-0.0765822346566411,0.0155732768923411,-0.0165835777123722
Scmh1,-0.009101568083466247,0.0852164318178086,0.22337565195408102,-0.188720506832437,-0.0197776802174566,0.0346885208368631
Scn10a,-0.03593535674060531,0.18382783808251119,0.35611488816758785,-0.0027350798091657,-0.0448133494024229,-0.0923710639015297
Scn1a,0.06404989399110908,0.001540337936785534,0.018530207501038766,-0.4393532747996262,-0.1973627670644471,0.0878613819417359
Scn2a,0.05003349441979442,0.026494780859245316,0.10934456081149706,-0.3687384869993467,-0.1596268304169841,0.1424916169674634
Scn3b,0.009030441576885677,0.4972822680357115,0.6593805170912826,-0.253865135014385,-0.0919218974216093,0.0883018901313411
Scn4a,0.0016811922754584368,0.5047691241636221,0.6655020166344369,0.1733046024535028,-0.0118078124283539,0.0170961262675205
Scn4b,0.02856542150911163,0.23791945038213203,0.4166244821144029,-0.5196651637414934,-0.1269409926864051,-0.0016197049755763
Scn5a,0.00047627671875874613,0.811568404906884,0.8827014694912073,-0.2687837521552891,-0.013258404841789,0.0078160087986401
Scn8a,0.06545928026800539,0.0034475621723395766,0.031180877023234365,-0.3839057477592659,-0.2491224729675552,0.0400709477419776
Scn9a,-0.03087448219452533,0.020795316991291505,0.0947115285469446,-0.2971291247230069,-0.0011772026788897,0.0009132758925715
Scnn1a,-0.0015421123490242357,0.47811436593379186,0.6434990450206524,0.4627257749870427,-0.0154436041302649,0.0332546907712155
Scnn1b,-0.0003432396742318605,0.22936582132344022,0.4083281472779318,0.0519665163741493,-3.028584822009758e-05,0.0003590815419878
Scnn1g,0.0003762184528237847,0.08498004274072707,0.22309994751438433,-0.5992311218263153,-0.0006199380085805,-0.0009628650914264
Scrib,-0.015184365324886281,0.002058362914719138,0.02213210358945526,-0.1009493093201178,-0.0205200918255858,0.0114737680393754
Scrt1,0.0747981686437133,0.0001717589203395026,0.0041871552033865824,-0.5713830364966277,-0.1343182391576317,-0.0048790543182293
Scrt2,0.01482112732919294,0.0020577544280110703,0.02213210358945526,-0.3234853483386042,-0.0519125843261158,0.008221810910958
Sct,-0.005792045857704169,0.005341703415081741,0.04142821195798013,0.0238697874254465,-0.0057742700211539,-0.0129732616109025
Scx,0.003360853178609464,0.36432351772813576,0.5441915853385711,-0.3759491519507837,-0.0117019057873298,0.0038100684280909
Sdc1,-0.07698248925589758,0.0009959903836686248,0.014151459256006716,0.3945974233769139,0.2647832297613692,-0.0694760617179226
Sdc2,-0.002407720046236922,0.8748038922362805,0.9215974089833264,0.0504746546600589,-0.1632847603106285,0.1111749974558226
Sdcbp,-0.03223249950210284,0.2330427923977424,0.41218837864801805,0.4756552431758262,0.2604743415691084,-0.0401197101981649
Sdccag8,-0.0056088549354866984,0.263103808410296,0.4430810586665302,0.1974230334979644,-0.0024147082538655,0.003056286031518
Sdha,0.02360277386207619,0.200151459350861,0.37604883762384606,-0.34437141233587,-0.1370319012853853,0.0933513034099644
Sdhb,0.012425216915604831,0.16548507502877627,0.334975939572138,-0.0907549209405,-0.0104634454238277,0.0407300883762395
Sdhc,0.005126507403384552,0.40424425435438793,0.5808591384399248,-0.2051309856874316,0.0118783711980439,-0.0367766841783392
Sdk1,-0.02140409959841751,0.0025501543062664634,0.025708176119101245,0.1837476344521357,-0.0415339555108065,0.054856764515288
Sdk2,0.002505381003389475,0.7618779263248608,0.8502164301428824,-0.3162746833871673,-0.0836129438871646,0.0772789919180644
Sdr16c5,-0.0006064449534665265,0.022475153310268264,0.09933035753582167,-0.1484402405519959,-0.0004849447975059,0.0008082551592974
Sec1,0.00025761071222579675,0.7567613462609644,0.8458018464673925,0.0885171283693644,-0.0040450737635352,0.0134606038203258
Sec22b,-0.006987082228646374,0.4170316009461582,0.5907465138645801,0.203141836735311,-0.0333060457934986,0.0238907488859889
Sec23a,-0.0008340500494095223,0.9429664110485034,0.9641354304987806,-0.4264238066108426,-0.0797333943287776,0.0328812983629503
Sec24c,-0.007670153412519989,0.4511193773858262,0.6209632823357312,0.344122768716855,0.0504482232734098,-0.0286989135201731
Sec61a1,-0.03676849331958539,0.044900596200297085,0.15168075577332146,0.2578434329186261,0.1626598658665718,-0.0038242510290826
Sel1l,0.003948657547322109,0.5076586983966545,0.667930621749119,0.159380559788659,0.0143066060306518,0.0085139114491763
Sele,-0.0016439851235217826,0.8797748974777098,0.9249241038816565,-0.1506780331231315,0.1058499188783366,0.0067089360831504
Selenof,-0.037978570015339205,0.0008510706575051195,0.012806228389184703,0.5559671321176933,0.0440206243541807,0.0553013543791693
Selenoh,-0.004293665666051274,0.32977064631509134,0.5122436294587611,0.0405289098994561,0.0391043275407404,-0.0296491003520577
Selenoi,-0.0005471045677150999,0.954852510903555,0.9702594936492099,-0.5020114667914236,-0.0405643212887246,0.0075146767153
Selenok,-0.002661461464438448,0.06422903488068059,0.18880279606653227,-0.1076626870335247,-0.0016465637994288,0.0019997160301839
Selenon,-0.02219506947091043,0.0049948199680685855,0.0395947692135838,0.6715864149597003,-0.0190326636488937,0.07547484749236
Selenoo,0.007365781160359496,0.1371052429951704,0.29820543747085854,0.1429700809336644,-0.0549519544285421,0.0739837917643784
Selenop,0.01664914536149437,0.39483408600460645,0.5716099584825266,0.2844483001532384,-0.111422782703439,0.0498673048585849
Selenos,-0.00787745713259643,0.2456378967583071,0.42547894559435606,0.1912069430225877,-0.0427455372311498,0.0712093427974549
Selenov,-0.001693913321907372,0.06517744438009353,0.1898744396247042,0.1019438837961781,0.0007822823861239,0.0041510224835407
Sell,-0.03077935055017253,0.30863201292118525,0.4922863970953615,-0.0457504258987726,0.326558787631855,-0.3054199677807728
Selp,-0.006022060595698882,0.8114461902234174,0.8827014694912073,-0.0842901868461082,0.2874844472803121,0.0124156497794742
Selplg,-0.0083559003167041,0.7222884987630267,0.8255419296863543,0.329701438813981,0.1910201716967121,-0.228927859888417
Sema3a,-0.021740819125654603,0.009468284196847128,0.05736070984336959,0.3742086466176783,-0.0787042570033734,0.0214038141884334
Sema3b,-0.1193555410903083,0.00031738058831956464,0.006745659920908747,0.1678344428351713,-0.2948065548732204,0.2938870409618997
Sema3c,-0.03990183287457583,0.009168210059896037,0.05614290458046781,0.0091998139035575,-0.0849805908254882,0.0692780348994412
Sema3d,0.07414922364075101,2.7753147813874876e-06,0.0002438276888102748,0.1733046024535028,-0.0160315645150224,-0.046835293011282
Sema3e,0.005440522130031072,0.257023601638746,0.4370999214932182,-0.0487341493269534,-0.0147934822160728,0.0335468262677285
Sema3f,0.007236316137572668,0.34059095724328214,0.5213253360644862,-0.0880198411313342,0.0203189888801723,0.0579555973770698
Sema4a,-0.023362597208110115,0.2861165805388467,0.468082321144534,-0.0054701596183315,0.2180083991721635,-0.1612602801149835
Sema4d,0.015006375245856319,0.20065987912692418,0.3764494459089519,0.1720613843584275,0.0341708286143966,-0.1904067973674044
Sema4g,0.017512492842853083,0.09026220374268093,0.2302137506457077,-0.2745025553926357,-0.0450930728002335,0.0179046026702572
Sema5a,0.024929575227544767,0.20872677565464698,0.38437374823622894,-0.5619345789740551,-0.150656824233119,-0.045421358134575
Sema5b,-0.0012503139320817396,0.7523684330066377,0.8434067392021937,-0.0673824207530836,-0.012105349849612,-0.0386891720525957
Sema6a,-0.003621031141021262,0.8090867873192957,0.8816816283092774,-0.525632610597855,-0.1073888649918051,-0.0469273663064084
Sema6c,-0.051264336670142296,0.014385785145876523,0.07541818091378842,-0.1205921552223082,-0.1415249110486456,0.1233210739993919
Sema6d,-0.011015809683809967,0.584713431352139,0.7285839074887128,0.0007459308570452,-0.2364628516809857,0.1808228371613218
Senp3,-0.005302239993990397,0.2675264652564986,0.44786757442513925,0.0701175005622493,-0.0401310494855505,0.0517201136175624
Sept10,-0.012349325065993786,0.13341509298010246,0.2947381504077534,-0.0780740963707315,0.0071827639273155,-0.0049847557080258
Sept11,-0.07247712815431814,0.005608780358965498,0.042765902258718985,0.3702303487134372,0.1089586924947993,0.007489784209002
Sept2,-0.03043146093835048,0.001973483137644623,0.021556183051660002,0.5017628231724085,0.0339322857159976,-0.044212688478763
Sept3,0.008965153387928991,0.5766743302014237,0.7215147800729611,-0.3202529812914084,-0.145320750375284,0.1027387826439772
Sept4,0.0747633785937853,0.0038558422642382354,0.03381795551919056,-0.3085667311977001,-0.3193298922104479,0.0881555999595957
Sept5,0.03670791125329577,0.032854357229782714,0.12591290475516276,-0.503503328505514,-0.1423572239610617,0.0095367455436583
Sept6,0.006510534551670091,0.4113011900419603,0.5873592862273347,-0.3021019971033084,-0.0197395959299988,-0.0293802754410472
Sept7,0.042085541713479155,0.010625564347539137,0.06166212029214692,-0.6773052181970469,-0.0805830449250126,-0.1070326550587419
Sept8,0.013724392750313782,0.3482283340811072,0.5281929028093155,-0.308318087578685,-0.151614473282843,0.0394190278827952
Sept9,-0.06298533566988074,0.000902716322468097,0.01334002766159463,0.4087701096607727,0.1686910257655991,-0.1055527819908908
Serpina3a,0.00019118756448076706,0.4143240785951239,0.5890376602323654,-0.3165233270061824,-0.0004269778889813,-0.0004359406040032
Serpina3c,0.00029443133092702656,0.9576196553276586,0.9724901178232902,-0.003978297904241,0.0542298757548992,-0.0238509722290407
Serpina3f,0.007011834005862168,0.7059444733906524,0.813974402975976,0.134267554268137,0.1433138472372264,-0.0718210002946701
Serpina3i,-0.010568592929852797,0.676824696106511,0.7929450562331907,0.1698235917872919,0.3037900966881332,-0.0718256718610637
Serpina3n,0.04365156098749827,0.46848423907006786,0.6353597298782774,0.2804700022489974,0.7076009432482357,-0.3531066988659135
Serpinb13,0.0002207359239182736,0.32637808307550287,0.5089741980336717,-0.2951399757708864,-8.364798781490762e-05,-0.0004078516251037
Serpinb3b,0.00015936327945106384,0.5945890768617295,0.7350942513503834,-0.3600359603338193,-0.0007270121157238,0.0009152514443917
Serpinb5,-0.0016310221042811783,0.08506990888885008,0.22310622377481967,-0.1904610121655425,0.0052651101855088,0.0034756487604401
Serpinc1,-0.001958371121931137,0.11944997045492857,0.2743423229583929,-0.1382458521723781,0.0029606845851458,-0.0038165627250631
Serpind1,0.04983506857504073,0.15370591889842872,0.3197609674962826,-0.0902576337024699,-0.2637575463608619,0.2214674034959209
Serpine1,-0.030692308426450658,0.4212931981517044,0.5945846548019377,0.2570975020615809,0.3693283867133752,-0.0347827607834001
Serpine2,-0.042207212054854275,0.025898123950754044,0.10810665325106088,0.0410261971374863,-0.0727449079819653,0.1291702088386275
Serpinf2,-0.001733674697407648,0.45291470379793786,0.6227271978634181,0.3669979816662412,0.0081586502039576,0.0053156456280554
Serping1,-0.029587777964591073,0.43647855526088275,0.6093259743803402,0.6892401119097703,0.1498442614760446,0.1239954074619027
Serpini1,0.040262198152913514,0.012261116579369413,0.06756557066481098,-0.3277122898618604,-0.0799324925038624,0.0537816099203569
Sertad1,-0.011178940358208544,0.0007221103181124359,0.011469724619549154,0.2561029275855206,0.0323011527300441,0.0183250553256322
Sesn1,-0.019987748846539415,0.1480529902910723,0.3127667541871987,0.0489827929459685,-0.1199704100838559,0.0961352341526246
Sesn2,0.0038590348741540186,0.43487930033312916,0.6079539198520426,0.0962250805588315,0.0255488415074631,0.0107608031369805
Set,0.002343444920751091,0.8178675553029436,0.8874584981068528,-0.3212475557674686,-0.0147535596679154,-0.0405521747082902
Setbp1,-0.015950198018708575,0.14193139988842499,0.30455724988147015,0.1514239639801768,-0.0617591141983678,0.1218394043851952
Setd1a,-0.0031268902425218327,0.6764500407558763,0.7928703258032457,-0.130537899982911,0.0691453144549434,-0.0558415271148822
Setd1b,-0.008820520566834245,0.36649079699185116,0.5457211002454626,0.2382005870164357,-0.0032534767672076,0.0139957564139949
Setd5,-0.008112949847517025,0.4687271914850659,0.6353597298782774,-0.1355107723632123,-0.0155727834255514,-0.0590469168220944
Setd6,-0.0018231365559291726,0.6287203667953336,0.7597968706522144,0.1382458521723781,-0.00014051010565,0.0078138556365126
Setdb1,-0.010145144977169396,0.021426208885447356,0.09655043420906977,0.1389917830294233,-0.0064910713311184,0.0202940513085394
Setx,-0.0009312326056739578,0.9002335204577592,0.9359287210361364,-0.2250224752086371,0.0025907610786075,-0.0408116710066845
Sez6,0.016982476814919555,0.41286111996484465,0.5877676215013522,-0.4530286738454551,-0.1079829285346777,0.1253391194817196
Sez6l2,0.10682027433048535,0.00032816266385073177,0.006917180778109846,-0.4612339132729523,-0.2860146603204279,0.0893462533683737
Sf1,-0.011433727176120954,0.035378735569386505,0.1313441995192435,-0.3021019971033084,0.047776767042392,-0.005504133156712
Sf3a1,-0.00704286279759261,0.2115008025117299,0.387193086111293,-0.188471863213422,0.0003345218607857,0.0360601511732707
Sf3b6,-0.002982205348338054,0.6799393450844429,0.7947686982758349,-0.4221968650875865,0.0208921610699335,-0.0427711744985039
Sfpq,-0.016526613097446796,0.10231782564303611,0.2502028900312211,-0.2364600816833303,-0.0231142881928048,0.0763093996518091
Sfrp1,0.02225098423143093,0.423899138543245,0.5971581070723813,0.4316453226101591,0.1280727049813796,-0.0703235787661029
Sfrp2,0.0007747602077627543,0.5500275627191022,0.698454218927095,-0.4880874241265796,-0.0055009856317835,0.0032736781065902
Sfrp4,-0.1617387819326388,0.00016194658571654544,0.004069406570148267,0.1419755064576041,-0.0577023214785548,0.3040377167188692
Sfxn1,-0.010676258700500688,0.043156808642083135,0.1473513258924137,0.1407322883625288,0.0197612880940563,0.0196924587552409
Sfxn3,-0.011082756290663933,0.1401010901328857,0.30179715404047713,-0.3582954550007138,0.0420501423836002,0.0183286023211988
Sgca,-0.0031867777856615094,0.08907783349647287,0.2285644007371771,0.666364898960384,-0.0073491774847495,0.0214796036248262
Sgcd,-0.05460514243866418,0.00012784577361097744,0.0034688366552638075,-0.2401897359685563,-0.0734266222734554,0.0660017175929421
Sgk1,0.07122196417950011,0.06887822354919401,0.1965032540964422,0.3520793645253371,0.0492424109934797,0.0857628029764643
Sgms2,-0.008816317714339628,0.07519563016234511,0.20846353774897958,0.1476943096949507,0.0546509446507393,0.0080869032184734
Sgo1,-0.003658233700500571,0.3305482162423592,0.5131243003810938,0.0768308782756562,0.0267764300401421,-0.0186060071637182
Sgo2a,-0.005157365524989584,0.23391027269872083,0.41295301379914195,0.0174050533310548,0.0367726027627183,-0.024204926844748
Sgpl1,-0.04058846888585767,0.05115430848204186,0.16435386389547113,0.5236434616457345,0.2172255025415892,-0.0599810546249396
Sgsh,-0.018615786611448335,0.012803592511264587,0.06955391416396237,0.5688966003064769,0.0585401636125688,-0.0358791932040598
Sgta,0.0011355218734688775,0.8474943742989864,0.9076356924835461,-0.1457051607428302,-0.0490156738221585,0.0594546658347217
Sh2d1a,-0.008422179732158827,0.1036754740688425,0.25207273270980246,0.2153253740670494,0.039681680174843,-0.0775932892650727
Sh3bp1,-0.01768877313173297,0.47221097408854285,0.638022758734556,0.2968804811039919,0.2496622982577718,-0.3053426726332371
Sh3bp2,-0.045958862526789025,0.1298870213918531,0.2903390429973018,0.4721742325096153,0.3083049987401982,-0.1121951348507772
Sh3bp4,0.012116571424024941,0.23949676986030186,0.4182379401086614,0.2389465178734809,-0.0619450770846001,-0.1181078941398605
Sh3bp5,-0.0350482133357169,0.005228180898060186,0.04074073240531048,-0.1019438837961781,-0.0545565111026165,0.0107527203792061
Sh3gl1,-0.030703393624015772,8.756686713892213e-06,0.0005733294769847689,0.5785937014480647,0.0200777423465676,-0.0068338302071075
Sh3gl2,0.07812485971833706,0.011384078781414302,0.06430806850940682,-0.4873414932695345,-0.2994369075880285,0.0839998727843112
Sh3gl3,0.023282610512242743,0.07262978720881176,0.2040639603768847,-0.431148035372129,-0.1604707570356495,-0.0251647801726281
Sh3rf2,-0.0034904972630762886,0.020566106722277062,0.0942567029562761,0.3836571041402509,-0.007190927580088,0.0177821854608378
Sh3tc2,-0.00609418629733069,0.45130710687969033,0.6210190321535745,-0.3356688856703426,-0.0676889464083951,0.0472725710002554
Shank3,0.019461298274528895,0.06716181536924644,0.1931186134151782,-0.5059897646956647,-0.0402923826499512,0.050684789132916
Sharpin,-0.0064116741975130025,0.4622365369295717,0.6308001921323436,-0.0656419154199781,0.0940090935223858,-0.0628210504125847
Shc1,-0.04970220393006354,0.001007373197670562,0.014195057130711427,0.4304021045150837,0.106769345233751,0.0029002488922325
Shcbp1l,-0.004136217255240455,0.34754639864194725,0.527875988205819,0.3021019971033084,-0.0335650746258292,0.0393098291785513
She,-0.009711084892943572,0.1410351094149963,0.30316902365187365,-0.5134490732661168,0.0053251615636588,0.0565593078230323
Shh,-0.02736349256743858,0.011111827156959094,0.06333120706999815,-0.1981689643550097,0.0050019918862316,0.0160583647946106
Shisa3,-0.08082249178973866,1.0494709780096586e-07,2.2305631078446954e-05,0.1024411710342082,0.0728029182634264,0.0021802874337448
Shld1,0.003589684737661367,0.2884591914143415,0.4707070810635176,0.3182638323392878,-0.0294925272813319,0.0335877815216226
Shmt1,-0.017897971988726568,0.00949816691883802,0.0574053903471478,0.2702756138693796,0.0530700324980413,-0.0354302785912284
Shoc2,0.0035117903086591077,0.6559905195455211,0.7792751840246165,-0.2481463317770385,-0.0624860824759324,0.0293858399011435
Shox2,-0.00044045358030550964,0.8829014200112725,0.9268738718825892,-0.6109173719200237,-0.0156730272688146,-0.0093073969506073
Shroom3,0.028968908258706398,0.002293272037282103,0.023646270430669913,-0.2618217308228672,-0.0637263823235564,0.0537709875758438
Shtn1,0.010723831906054138,0.27405045502698633,0.4553522381409307,-0.3635169710000303,-0.066881496789519,-0.0214595441359679
Siah2,0.02130729460621429,0.000998717345550738,0.014151459256006716,-0.6327980103933497,-0.0488241939058835,-0.0456730491668734
Sidt1,0.008625083172147994,0.11396097425153764,0.26737429967799675,0.0067133777134068,-0.0313356126748036,0.0430495652027445
Sidt2,-0.018786663327698624,0.038566459879924894,0.1389318586493622,0.2454112519678727,0.0990555226982814,-0.025993268546286
Siglec1,0.018025271935958133,0.5881606452041773,0.7308666141745453,0.6599001648659921,0.1658976330448354,-0.0201843196692954
Siglech,0.010449029130261186,0.44700951528604016,0.6178533307689303,-0.0121835373317383,0.0190331310410831,-0.3392298495537245
Sigmar1,-0.01676351387913008,0.0442471048366677,0.14996975533012755,-0.0537070217072548,0.0412247493835811,-0.0207097731678067
Sim1,-5.5408698566368854e-06,0.9826091070004452,0.9886171705738207,0.0825496815130027,8.962613545864667e-05,0.0012883688794694
Sin3a,-0.011127034369071852,0.013716729284992164,0.07296041301641817,0.1066681125574644,0.067487194173617,-0.0227446798473938
Sin3b,0.024728483971036115,0.02644496826707116,0.10934456081149706,-0.0686256388481589,-0.1124172260210729,0.060778630084291
Sinhcaf,0.0019741641050918814,0.5008871024868442,0.6626102463136392,0.1357594159822274,0.0116296174226281,-0.0288855998142334
Sirpa,-0.06665862285630993,0.024684694125426992,0.10466884849027688,0.5671560949733716,0.2345002928542392,-0.128984714982844
Sirt1,-0.013100442118270246,0.010688831716655836,0.06174827926009221,0.3289555079569358,-0.0225491307298633,0.0393433791899002
Sirt2,-0.01992255214470713,0.3211887446220992,0.5044949899346594,0.1223326605554137,-0.1493718752415187,-0.078430110289382
Sirt3,0.01570473831078468,0.029970398927805716,0.11814451694801928,-0.4229427959446317,-0.0621645153705069,0.0166654626351326
Sirt4,0.00324017688338464,0.6696791644835884,0.7884233428823371,0.1183543626511726,-0.0623840457470006,0.0776937420276037
Sirt5,0.010635732801059401,0.040095937479019905,0.1419357231648026,-0.1360080596012425,-0.026646306674972,0.0317792585463725
Sirt6,-0.006165136565006385,0.14626996500024333,0.31074679035991326,-0.4515368121313646,0.007165924989231,-0.0012759102668592
Sirt7,-0.0171944413245686,0.061807487728312634,0.18437426602463317,0.3463605612879906,0.0813429905256943,-0.0333202326224151
Six1,-0.012180919369121279,0.0005744975528852997,0.010054197896490034,-0.166839868359111,-0.0097101962821509,0.0153070186210238
Six2,-0.0010231844515734884,0.0008094184143428426,0.012324905467351762,-0.4358722641334153,-0.0008716696654715,0.0008763629487502
Six3,0.00015144081500847596,0.5370446995553343,0.6894761868914948,-0.2135848687339439,-0.0001102008942221,6.095532652687207e-05
Six6,-0.0002970402640529809,0.30917431793742783,0.49299724782707705,-0.2262656933037124,0.0002532016229061,0.0001561225389676
Ska1,-0.002966193570503504,0.11410535661834455,0.26737429967799675,0.0765822346566411,0.0157902055386263,-0.0091484267000686
Ska2,-0.0014757520551479857,0.8577322357005499,0.9132315037170748,-0.0226265693303712,-0.0869853196105877,0.0344799252464981
Skp1a,0.0032811276101017022,0.8359258835986567,0.8995207833025012,-0.4080241788037276,-0.1120067716947347,0.0058093516330817
Skp2,-0.006349112343727762,0.04241959781069087,0.14620430299482037,0.4428342854658372,0.0140127781183444,-0.0017045742278046
Slamf6,-0.02156855338525448,0.06479721710775257,0.18941581917859365,0.3955919978529741,0.0905140323801041,-0.1607261161648044
Slamf9,-0.03549978221437304,0.007265782272239701,0.04897597321094813,0.5758586216388989,0.0968769165320868,-0.0924383543552062
Slc11a1,-0.0840526050091322,0.003822773159690999,0.0336206308406617,0.4771471048899166,0.2803077816777446,-0.2156789389290987
Slc11a2,-0.01216264070536298,0.10844362155960921,0.25882581461152926,0.4681959346053743,0.0520318905262092,-0.0256553198979166
Slc12a2,0.031736966306302614,0.3660071358056932,0.545552761120213,-0.2434221030157522,-0.3292630282583935,0.1140070911485517
Slc12a5,0.0723363285433317,0.0076063808007714225,0.0501293907813114,-0.3595386730957892,-0.2670005148205603,0.1424758346180732
Slc12a7,-0.0474745461734821,6.061171556281914e-05,0.0021257669948958704,0.6009716271594209,0.0473032132796571,0.1259662305803266
Slc13a4,0.03576276670913853,0.011161297765736709,0.06347132653625748,0.2183090974952302,-0.0893738863973291,0.1696399219356141
Slc14a1,-0.018074905164737313,0.27939956937863675,0.4596165536078631,0.3262204281477701,0.0106789567341798,0.082369974491171
Slc15a1,-0.002920860873707465,0.0005705501523071222,0.01003578043765045,0.0450044950417274,-0.0063517586543245,0.0069558324580565
Slc16a1,-0.038624191918428655,0.009923375144031842,0.05899666271527555,0.3448686995739002,0.1800119949085521,-0.0928807483297233
Slc16a2,-0.01500437110784931,0.05857767890081279,0.17940329850301592,0.6235981964897921,-0.0272354416596397,0.124168179653042
Slc16a3,-0.029155915770650572,0.5847525028933132,0.7285839074887128,0.1325270489350316,0.5436187279611864,-0.3231924406705825
Slc16a8,9.097302271434254e-05,0.7380676779286734,0.834758115646287,0.0639014100868726,-0.001532516079034,-0.0002135996178304
Slc17a2,-0.00027535264632829815,0.3348632097462402,0.5169573160758306,-0.3282095770998905,-0.0007383334821905,0.0005345462852893
Slc17a6,0.05994668414773724,0.01948535935921936,0.09093761947976026,-0.5890367334466976,-0.1222955108350096,0.0433180628791471
Slc17a7,-0.07113382114539242,9.171288295418612e-05,0.0027144693571639887,-0.666364898960384,-0.0225376188249189,-0.046735810275388
Slc17a8,-0.005258495486366453,0.0016407341758018334,0.019284804435977076,-0.1292946818878357,-0.0084651509725791,-0.0027297562993039
Slc18a2,0.000963254934218246,0.14746068948992883,0.3121617838320773,-0.4025540191853961,0.0003505842816666,0.0009692379050946
Slc18a3,-0.025405219771901036,0.08471586228587176,0.22263555565184537,-0.3724681412845728,-0.0226890442654707,0.0155866757891583
Slc19a1,0.011839711521405807,0.10921854890997103,0.26033823270549633,0.0512205855171041,-0.0575252234964409,0.0746787611389505
Slc19a2,0.03221996214019808,0.0014723705599231282,0.018174186609143397,-0.4070296043276673,-0.1052516491413887,0.0428576697913408
Slc19a3,0.0028210610231867257,0.317522181041928,0.5015584730771441,-0.0800632453228521,-0.0131908283275117,0.0084665909035718
Slc1a1,0.04225780200487051,0.03029362714288012,0.11905068725410747,-0.6039553505876017,-0.1437653934826217,-0.0461985829289037
Slc1a3,0.07362906169223861,1.6902074017922883e-05,0.0009414649585165254,0.3821652424261604,-0.0771384963693191,0.0586044021057623
Slc20a2,0.008584614590688135,0.5669387641613689,0.7141797846906028,-0.242924815777722,-0.115972783066357,0.1094840302946473
Slc22a18,-0.004691529658909825,0.08921772809661219,0.22861698356318622,0.4286615991819783,0.0046001338599305,0.0183184327614827
Slc22a2,-0.0004265275306885507,0.6594481134718934,0.7812223066658709,0.5659128768782962,-0.0033697232434678,0.0044000630770653
Slc22a5,-0.00856261215426624,0.4862776329931019,0.6505382129288783,-0.036550611995215,-0.0929764904831277,0.0788758069934956
Slc22a6,0.024559543631604654,0.09983852209196518,0.2466229061458181,0.0079565958084821,-0.0613319075821817,0.129290377105471
Slc22a8,0.0849625389835111,0.0038213755041614,0.0336206308406617,-0.0800632453228521,-0.3013329638534782,0.1313161295182829
Slc24a3,0.03917402948485285,0.042954885969916666,0.1473513258924137,-0.3938514925198687,-0.1366007259841984,0.1378566365757427
Slc24a4,0.003634186683676985,0.6339236359552629,0.7634593070650307,0.3573008805246536,-0.0160660759619961,0.107660005339646
Slc25a17,0.0009631888745455727,0.8952002248141085,0.9337744110775961,-0.2252711188276522,-0.0382863767276786,0.0276101562154681
Slc25a20,-0.011777597711964004,0.20962262737993625,0.38528965656596326,0.3478524230020809,0.0953089350382873,-0.0437414344212532
Slc25a22,0.03598681700611173,0.00936619682700343,0.0570130907094803,-0.3791815189979796,-0.0989075824427996,0.0157942756371891
Slc25a28,-0.010076676414330077,0.04460194723393698,0.15107206695903885,-0.011188962855678,0.0214268255872511,0.0768387550902547
Slc25a31,0.0009637141140891133,0.18287297644449008,0.35523040854658944,0.0017405053331054,0.0012699496768537,0.0002736503183422
Slc25a51,-0.00234150010843732,0.7871855448022875,0.8674516016497016,-0.1255650276026096,-0.0690183967922377,0.029238535319757
Slc26a3,-0.005338627641411895,0.05220042017719004,0.1665255430418051,0.0380424737093055,-0.0215786962051169,0.0167482225137257
Slc26a4,-0.00259006742573953,0.0023913743917639203,0.024299603132246526,0.1889691504514521,-0.0014255696052859,-0.0023429215349893
Slc26a5,-0.00239091161517156,0.033696245986539905,0.1277002606072363,-0.3421336197647344,-0.0050531644877849,0.0037263895161031
Slc2a1,0.035673553346495655,0.008742828190233238,0.05459739477584871,-0.3839057477592659,-0.0778095352691652,0.1381646360119912
Slc2a2,-0.00047655811300520873,0.06767236654606319,0.19403976489683436,-0.1842449216901658,-0.0007848587957039,0.0006490136534507
Slc2a3,0.02073537463161562,0.05955849938151126,0.18062301150124194,-0.4654608547962084,-0.0047862198529112,0.0223634063947965
Slc2a4,-0.07222807926984341,0.0002538264289615137,0.005629428757098614,0.5057411210766496,-0.014633048108308,0.1128592744347238
Slc2a5,0.011282267311266046,0.009702723943456674,0.058296342562511774,-0.5390593660246689,-0.0042653401684367,-0.0095194878100106
Slc30a10,-0.0019136927374099363,0.8525187546774371,0.9106183299407667,-0.0696202133242192,-0.1437954426015159,0.0977281680242195
Slc30a3,0.03769137583939542,0.0038610968280441264,0.03381795551919056,-0.2638108797749878,-0.094529046047456,0.059974600951861
Slc30a8,-0.00015085971132658543,0.6588233840620783,0.7811703290689251,-0.6999317875274181,0.001138423486872,-0.0006454413867476
Slc31a1,-0.0034860941698504865,0.8039558926472119,0.8780578347769641,0.1041816763673137,0.1651861609527978,-0.1007555610318005
Slc32a1,0.07719881682969924,0.0027698838964710015,0.027223849240652367,-0.3697330614754071,-0.2290691012941166,0.0408277636872513
Slc39a5,0.0002262622660271434,0.46785402344661,0.6350514565197332,-0.4328885407052344,0.0009519685425721,-0.0017748068902392
Slc39a8,0.0034207553846800657,0.1057925137447614,0.2546708884436186,-0.1616183523597946,0.0231198789044251,-0.0197458472211266
Slc3a1,0.00036415515275858395,0.7359975663396976,0.8339383397673942,-0.4791362538420372,0.0001971647947081,-0.0036410438175469
Slc40a1,0.00022555985544512358,0.9862672865016022,0.9903443756780852,-0.0246157182824917,-0.032370552102017,-0.0951327829413629
Slc44a5,-0.0032289442948138423,0.236922206991042,0.41562737728709154,0.3269663590048152,-0.0095702729947581,-0.0054186050164017
Slc45a1,0.023226694823873892,0.11980669710495928,0.27491805399009317,-0.4575042589877263,-0.0447845186451447,0.0024486270994139
Slc45a2,0.00041896722069860394,0.2482158913546331,0.42862195727826113,-0.2531192041573398,-0.000674583920051,0.0004854251836231
Slc47a1,-0.10628519438111336,0.007307769236017954,0.048984140437486966,-0.065393271800963,-0.154197697255224,0.349830413471923
Slc4a1,-0.011866268446658978,0.1029825244513662,0.25134634317053545,0.1787747620718343,-0.0773462257784066,0.0046526690773482
Slc4a10,-0.012110000231658508,0.6441668049259213,0.7715179318917879,-0.2839510129152083,-0.1917223873773851,0.2363795606828976
Slc4a7,-0.008517753069937859,0.10701885540526378,0.25653344991647115,0.0134267554268137,0.0250220993436752,-0.048925619795908
Slc4a9,0.00258988187344501,0.10294677655999507,0.25134634317053545,-0.4124997639459988,-0.004511739602819,-9.45820087122351e-05
Slc52a3,-0.0009046080207337118,0.8119649629989951,0.8827436650165972,-0.1384944957913932,-0.0193517734218837,0.0572525463086001
Slc5a12,-0.00010585505504491169,0.5999376954959426,0.7381288433972029,-0.2096065708297028,3.896806928885494e-05,0.0010002254213675
Slc5a2,-0.002116034510956775,0.0007426414214957005,0.011642905846480148,-0.275497129868696,-0.0017445738557399,-0.0012647440738187
Slc5a7,0.004714493373287405,0.7808979244792948,0.8630565850555623,-0.2981236991990673,-0.1119803781682756,0.0264389665087362
Slc6a11,0.0739805831692092,0.10439724461027763,0.25286341156553954,-0.4189644980403906,-0.4802498571419646,0.1332940609026875
Slc6a14,-0.0004275820025137536,0.22561743346234206,0.4039573633174471,-0.2996155609131576,0.0002061299397015,-0.0006221307822377
Slc6a19,0.003063809737122742,0.0022265740964809147,0.023226491750816248,0.0609176866586918,0.0014358746590559,0.0008736968872677
Slc6a3,0.0003281623919844657,0.5069335199091007,0.667148577155914,-0.1148733519849617,-0.0016628354360659,-0.0003526130410607
Slc6a4,-0.0015488144717345953,0.005782401081227321,0.04312284782944527,-0.2362114380643152,0.0023773274944641,0.0001582289674649
Slc6a5,0.08596580602295033,0.0006330575515212668,0.010587628099376991,-0.3896245509966125,-0.2118326753158401,0.0145174829841892
Slc6a8,-0.018565877903211916,0.13935255035498262,0.30084171731920745,0.376695082807829,-0.001173528717373,0.095795753161584
Slc6a9,0.08078430164813273,0.0001521541734984727,0.0039001931608829607,-0.3088153748167152,-0.2891884048591886,0.0884286778755274
Slc7a10,0.06397968605541864,0.0032456933932156944,0.029993264490567495,-0.5146922913611921,-0.1954999444162556,0.0230802832080202
Slc8a1,0.030683559271425524,0.048094023769197296,0.15776695514255654,-0.41697534908827,-0.0658977610476034,0.0576178178706032
Slc8a3,0.056255512944573274,0.007947093105736755,0.051160680018721226,-0.4159807746122098,-0.1680577731438611,0.096574349839591
Slc8b1,-0.03762969863557788,0.11194550765439856,0.2643676085856884,0.4875901368885495,0.1926063148846154,-0.1145638921768558
Slc9a1,0.0035153271440707175,0.6180627384551192,0.7519012503460496,0.3175179014822427,0.0248388881734034,0.0055092802608722
Slc9a3,-0.013178720820426676,0.014767204172258313,0.0770219923135886,-0.0333182449480191,-0.0352051582872056,0.034826645225506
Slc9a3r1,-0.03275742439043526,0.015848984430411377,0.07996604310536937,0.0072106649514369,0.1132222244510194,-0.0845483636379487
Slc9a3r2,0.015145604419068776,0.2981432458122373,0.48174318019309265,-0.1650993630260055,-0.2116286395451676,0.1604645963808408
Slc9a4,0.0005585299157124746,0.05072282951313135,0.16344734892386797,0.0591771813255863,-0.0009209498707524,8.506346794246583e-05
Slc9a8,-0.008578771230519294,0.2272422613417255,0.40530166961683284,-0.1723100279774425,-0.0060186567209268,0.0979199723671698
Slc9a9,-0.0392389491724109,0.0003632768191012427,0.0072594706109072125,0.3339283803372371,-0.064543322120627,-0.0764786673817501
Slco1a1,-0.0006109834080324459,0.10047803820429635,0.2471922412408441,-0.4244346576587221,-0.0006772248238985,0.0010600782877562
Slco3a1,0.03883813540397648,0.0077291016909024225,0.050546343237555455,-0.6148956698242647,-0.08041927510982,0.0142394279019923
Slco4c1,0.0015529347603784821,0.042011216494810974,0.1459077027806344,-0.3873867584254769,-0.0025148621986078,0.0019582228661347
Slit1,0.022225458160584938,0.23195334271680415,0.41054614892380914,-0.2605785127277918,-0.0976765917149097,0.0649603984391851
Slit2,-0.03739575691743799,0.0019538650107411536,0.021411453104212788,-0.5077302700287701,-0.0858017918263583,0.0611304141377881
Slit3,-0.042150581304768966,3.714027994642092e-06,0.00029668881299658447,-0.3269663590048152,-0.0380923312284809,0.0349481757470629
Slitrk1,0.05629444169584645,0.015087417863115354,0.07805366989832802,-0.416726705469255,-0.2063971447282836,0.0844034801137456
Slitrk3,0.030560286337458525,0.005684159320125225,0.042905675023620825,-0.5711343928776126,-0.070376604513506,-0.0117857155997214
Slk,-0.02652520343153487,1.0010198028289773e-05,0.0006463546853456472,-0.2441680338727974,0.1069753841431744,-0.019576716857155
Slurp2,-0.00012727750524065185,0.725123726863131,0.8278084595056141,-0.3898731946156276,-0.000633337289327,0.0018474366160555
Smad1,0.004906189502643452,0.5058870297127227,0.6664591266954025,0.1186030062701877,-0.0118241542467383,0.0534205688366504
Smad2,-0.015304493004737463,0.04899391543521308,0.15959001445403698,0.318761119577318,0.0185645269236931,-0.0255059817181324
Smad3,-0.013426444908955629,0.0966118471511094,0.24121453806897009,0.6633811755322031,0.0407953097494476,0.0281134901743926
Smad4,-0.001003299027969076,0.9187832549269195,0.9476414353096614,-0.0624095483727822,-0.0224875524231591,0.020684922715789
Smad5,-0.012155572636323988,0.21615410622346998,0.3926645640476924,-0.1347648415061672,-0.0612080796412878,0.0372054864734838
Smad6,-0.009350966202998884,0.0919511919550287,0.23277569735116693,0.0750903729425507,-0.0013372609176611,0.0278168169445353
Smad7,0.020329580984016857,0.016680692015121165,0.08296502783884134,0.2568488584425659,-0.1033323846424134,0.0221067219349744
Smad9,0.005451695301976251,0.6152675243152363,0.7508854586573767,-0.1322784053160165,-0.101805022867464,0.0994441665092519
Smap1,-0.007232617716428933,0.05931332845281848,0.1803873315695907,-0.4512881685123496,0.0255364965192047,-0.0728053900298267
Smap2,0.005439939450790929,0.31558326322479,0.49993485270486143,-0.1350134851251822,-0.0377328442211617,-0.0025876356714287
Smarca1,0.02233148043419911,0.050519144650477334,0.16291358874887524,-0.4468125833700784,-0.0690583453756902,0.0509500604775534
Smarca2,0.021586687223345818,0.033555062110858874,0.1274682015421424,-0.3490956410971563,-0.0086512979223392,-0.0459967088986603
Smarca4,0.003449434631610226,0.627693894704194,0.7592686709266475,-0.3200043376723933,0.0439664104932409,-0.0307961077753013
Smarca5,-0.009870621135791634,0.12608663887182822,0.2842103159015448,-0.3647601890951056,-0.0043021214375644,-0.0148278340475408
Smarcb1,-0.010963550341187334,0.050237362956952955,0.16249891467559735,0.069122926086189,-0.0080343979003647,0.0565551589865938
Smarcc1,-0.01938297975875026,0.00035807553184701095,0.0072594706109072125,-0.083544255989063,0.0282571099180893,-0.021599117112388
Smarcc2,0.013838215978147137,0.2058378567958859,0.38153303325429283,-0.2697783266313495,-0.102070663988421,0.0462527806685206
Smarcd1,0.005757138420309052,0.5312729850863039,0.6857346905175193,-0.3272150026238303,-0.0389855655848412,0.0151158204815118
Smarcd2,-0.017204783652078982,0.03960759559428939,0.14093057639824658,0.264805454251048,0.0607597046261072,-0.0348172331078113
Smarcd3,0.036844323476956035,0.017125193634821692,0.08392873886256641,-0.3575495241436687,-0.1304452905333711,0.096550143269058
Smarce1,-0.0029286219236748833,0.5452384252640359,0.6956631333846541,0.2334763582551494,-0.0213185532372705,0.0264156036807515
Smc1a,-0.005905716122809761,0.24167985410482865,0.42075390299956683,-0.485600987936429,0.0541492639163556,-0.0545568463731764
Smc3,-0.002215911785116379,0.7355799912426986,0.8339335782985303,-0.5010168923153633,-0.0045897498075847,0.0099641866144886
Smc5,-0.003868762904179992,0.725407530678317,0.8278084595056141,0.0962250805588315,-0.0468455750837231,0.0901897297765086
Smcp,-0.00029710566343579,0.15837411765412718,0.3257724046985672,-0.0611663302777068,0.0001411894574869,0.0005041979115257
Smdt1,0.015298299874133975,0.05628332073956316,0.17527343385983812,-0.4555151100356058,-0.0656718867339689,0.0243335091038725
Smg9,-0.016081795510182514,0.1199387055235597,0.27509322701244515,0.3135396035780016,0.0774455539946998,0.0036707845455228
Smgc,-0.0001080362768712219,0.6526016553122314,0.7781489115819757,-0.0877711975123192,-0.0006056908006489,-0.0006456905621318
Smim7,-0.0029499447056216283,0.7524689414054467,0.8434067392021937,-0.0467450003748328,-0.0609550540688145,0.0827708491128748
Smn1,-0.007911241745002712,0.20286890908011201,0.37809072167250696,0.0564421015164205,0.0902165425508281,-0.0052461784427175
Smo,-0.026000956256921427,0.006800453653452742,0.0473777996620644,0.3389012527175385,-0.0715531205880183,0.1221174627663914
Smoc1,-0.015236764947971724,0.4878129366862911,0.6510554134057486,-0.0372965428522602,-0.1045127957476272,0.1831003648728847
Smoc2,-0.13168292898847034,2.0349708764047664e-06,0.00019585634793473046,-0.2399410923495412,-0.0167069636887065,0.089152070696499
Smpd1,0.035727933276056285,0.04272031999068162,0.14684390314856263,-0.2170658794001549,-0.1513493023626397,0.0478623979232186
Smpd3,0.011100100262795875,0.02074908313257346,0.09466552975594712,-0.4644662803201482,-0.031661397380981,0.0181282463298171
Smpd4,0.004534659535101473,0.3444933002378323,0.5248052201199002,0.137748564934348,-0.0527291871811368,0.0756881383366501
Smtn,-0.11777317150290467,0.00013182848043945063,0.0035207176896420818,0.0330696013290041,-0.23767076813514,0.1955367526387019
Smurf1,-0.02315732842025765,5.109738157132858e-05,0.001959757469137948,0.2595839382517316,0.0028923243458124,-0.0352320242567952
Smurf2,0.0007135614380803142,0.9363333407382002,0.9593282978706761,-0.0422694152325616,-0.0272210746097036,0.0173157798047202
Smyd2,0.0270852346309559,0.059120520383214276,0.18004404446255284,-0.4913197911737756,-0.1292533621268088,0.0544002834697636
Smyd3,0.003385379707522421,0.533635234613217,0.6872990415737569,-0.0278480853296876,-0.0573807723392852,0.0434716364077424
Snai1,-0.04669188361444799,0.00026070827102474405,0.00570760897209107,0.4212022906115262,0.0234030260136863,0.1020658649322026
Snai2,-0.02346510186085075,3.402777056428916e-05,0.0014963418762796465,0.4110079022319084,-0.031915353346624,0.0357467722714748
Snai3,-0.0003397745831286931,0.91480171328022,0.9453830428539234,0.2638108797749878,0.017059886167931,-0.0037907293811167
Snap25,0.09334334781092682,0.003181300915170282,0.029558863330206943,-0.5149409349802072,-0.2847581135106494,0.116811631375651
Snap29,-0.009388769480913706,0.08390007088550956,0.22140417050542383,0.2454112519678727,0.0336169225578147,-0.0053310962597876
Snap91,0.031165921605681993,0.049746416196003514,0.16121757879022486,-0.5149409349802072,-0.1155085869608792,0.0184083212455459
Snapin,-0.0011327541343100498,0.9365588664703866,0.9593282978706761,-0.0320750268529438,-0.1069425037115574,0.0055505789702534
Sncb,0.09453365780961392,0.0048891476677209245,0.039029017610398176,-0.4793848974610523,-0.3090441676960416,0.0651142934025235
Sncg,-0.13652355745943276,0.0003640122658938826,0.0072594706109072125,-0.3513334336682919,-0.0621717579877398,-0.0735861106309671
Snf8,0.011443778904184236,0.027118781823507784,0.11093256301661043,0.0377938300902904,-0.0256984399845479,0.0036926873211373
Snph,0.03443456411438998,0.011704796454963761,0.06555381218407576,-0.5092221317428606,-0.1080400288880447,0.061258087852557
Snrk,0.014353856446635152,0.2962738605422861,0.47947111758445476,-0.2943940449138412,-0.1368073795309958,0.0794701952770555
Snrpa,-0.007831120543620444,0.3115088845831694,0.4954454013542176,0.1531644693132822,-0.053167985698994,0.091522847130282
Snrpd1,0.004433818500164223,0.33068032655137547,0.5131732113594665,-0.1797693365478946,-0.0278529830197103,0.0236568017136726
Snrpn,0.04593509898544533,0.0664982441800528,0.19175101388493462,-0.4828659081272632,-0.2099604411038682,0.102446471811374
Snta1,-0.03987584087754153,0.00024055431759156473,0.005429502539975982,0.2307412784459837,-0.1319333318743573,0.1304014276182621
Sntb1,-0.04033639913732745,6.345850952564287e-05,0.0021437209078828097,0.224525187970607,-0.0239263329664527,0.0347046635627129
Sntn,-0.0013058096192917518,0.2160761783419919,0.3926628378063772,-0.119597580746248,-0.001184838181456,0.0021357980557262
Snu13,0.00854100306430639,0.20981995128587894,0.3853263831364717,-0.30806944395967,-0.043837360185352,0.0151454098079222
Snx27,0.016209226910324174,0.03844066511273952,0.13877270540699524,-0.3065775822455796,-0.09049499495779,0.0352389570788516
Snx30,8.704016550916312e-05,0.9929039556538783,0.9952452501061964,0.0529610908502096,-0.0448128743064311,-0.0172509149331991
Snx4,-0.029031915240127902,3.506566587077459e-06,0.00028849993807551804,0.2304926348269686,0.0631339754417531,-0.0083872549854544
Snx5,-0.04662879939205407,0.016850300641292476,0.08340517199347003,0.6064417867777524,0.1400633054246003,-0.1210436142662714
Snx6,-0.003993339758783684,0.612231431939166,0.7494582515770783,0.2021472622592507,-0.0350507571066718,0.0099506800601323
Socs1,-0.006172511569818748,0.28461737024390876,0.4663534142910233,0.0663878462770233,0.062098222538861,-0.0246160314009378
Socs2,-0.01137290004338586,0.12045064177216365,0.27577141996400667,-0.1103977668426904,0.0777742762143357,-0.0444487216764665
Socs3,-0.020993117627193258,0.6981444911439088,0.8090038730861151,0.1079113306525397,0.6154026911606842,-0.0205347851089001
Socs6,-0.01828037792898703,0.010536805610612222,0.0614968483063306,0.5989824782073003,0.0054432136536367,0.0484925193996344
Sod1,0.014707968050564506,0.41291544908768074,0.5877676215013522,-0.4420883546087921,-0.119853367365087,0.0862789265767003
Sod2,0.04375742656528129,0.0032794116130189545,0.030141042591008447,-0.5952528239220742,0.0209195060557436,-0.0262205912786459
Sohlh2,0.00011887570899863346,0.5123313498503499,0.6714805281568949,0.0355560375191548,-0.0002398963141195,4.20559098402982e-05
Sorbs1,-0.062348500510384666,0.0010811674229176157,0.015109684998089748,-0.0537070217072548,0.0425188107572944,0.1863973973368526
Sorcs3,0.020546302727460573,0.04795770152638793,0.15742100095630943,-0.4875901368885495,-0.0640362182604235,0.0398062435354792
Sorl1,0.028813577949535533,0.08032638808393439,0.2162242245995511,-0.2394438051115111,-0.1016414358179336,0.0788836131507251
Sort1,0.022774706419712812,0.34063464910859287,0.5213253360644862,-0.2170658794001549,-0.2742051616427625,0.1219519853174551
Sos1,0.009506188469854947,0.4663128458668736,0.6335000099769598,-0.3103072365308056,-0.1180295410774866,0.0603263678123823
Sost,-8.030789949085985e-05,0.9024929813733216,0.9370276201883397,-0.3677439125232865,-0.0007054396889658,0.0007975479032733
Sostdc1,-0.1049225638637327,6.149557003103328e-06,0.00044181535595535316,-0.0447558514227123,-0.0680447000890393,0.0655991531046213
Sox1,0.018590060230925836,0.008765980459011977,0.05459739477584871,-0.1660939375020658,-0.059371390896773,0.0378238574824326
Sox10,-0.025601302140646633,0.12460474488011339,0.28161666089209497,-0.3677439125232865,-0.1113581383201873,0.0080377095030634
Sox11,-0.0187031633869553,0.010386707981668878,0.060939163700904145,0.0549502398023301,0.0401945797550096,0.0072361748256957
Sox13,-0.011851537889009703,0.200398677675017,0.3763746888145294,-0.2153253740670494,-0.0904804660355867,0.0670072063365559
Sox14,-0.000778051249794578,0.7419647158599383,0.8362767714191405,-0.4177212799453152,-0.0107460877758161,-0.0007692753117034
Sox17,0.001278917424448133,0.855163458123746,0.9117939890461922,-0.2048823420684165,-0.0656744905571631,0.0983487836634335
Sox18,0.012203650439757026,0.26692397772998006,0.44759342879705066,-0.3433768378598097,0.0215832141764581,0.075459707969179
Sox2,-0.007191487853543725,0.2774243010487499,0.4584196176383781,0.2036391239733412,-0.0576690024607309,0.0376450866437854
Sox21,0.0052869567097213735,0.6819507520613626,0.7963898320203778,0.0785713836087616,-0.1099146770338909,0.0222324778314409
Sox3,-0.0007412015868349022,0.8673793863791577,0.9175657921858322,0.0174050533310548,0.013401033697079,-0.0775886279347502
Sox30,0.00019551604212952647,0.595625764017087,0.7354536820495945,0.0161618352359794,-0.0009808713491038,0.0020742205361537
Sox4,-0.022793921746857793,0.038428515188431815,0.13877270540699524,0.619619898585551,0.063192369185411,-0.097496214606026
Sox5,0.0011593602101190766,0.8950281335864032,0.9337744110775961,-0.3137882471970166,-0.0609640702625863,0.0385739646431515
Sox6,-0.004349220529272743,0.7085187889135223,0.815836194638347,0.0596744685636164,-0.0734426475986727,-0.0397855529851115
Sox8,0.05931825739512902,0.052978269566952736,0.16785226898200367,-0.3771923700458591,-0.2726790530079634,-0.055857268009859
Sox9,-0.011286183519392815,0.6135785535958611,0.750206484419315,0.2583407201566562,-0.069059324715873,0.2194869795169176
Sp1,-0.02536998124675507,5.840450645491512e-06,0.0004256019820378886,0.4249319448967523,0.042453174414498,0.0288034258431741
Sp3,-0.016498343087933617,0.16294113247562583,0.3321301815111478,-0.1419755064576041,0.0392820755535279,-0.0230292188825267
Sp5,-0.004916989344356206,0.0007063814931962952,0.01136672554193786,0.0658905590389931,0.0077763729840162,0.0083007822064671
Sp7,0.017762637266477987,0.0010298439412477402,0.014471718854833948,-0.4443261471799277,-0.0341651427585493,-0.0140455393855467
Sp8,-0.007847511656032997,4.787653794062664e-05,0.001878601692577973,0.0865279794172438,-0.0007874149994078,0.0074738526165366
Sp9,-0.0004907371101336642,0.3718979479655492,0.5511216468059961,-0.250135480729159,-0.0010437298276065,-0.000374744983929
Spaca6,0.004380620837614412,0.3204150526920291,0.5038339037552529,-0.0442585641846822,-0.0258878079021999,0.0588791461530009
Spaca9,-0.0027221591461031943,0.3023261363558696,0.48565134737845594,0.5077302700287701,0.0090270970594271,-0.0153072204903249
Spag9,-0.0022209899332713626,0.8998135735067774,0.9357694268008301,-0.1074140434145096,-0.1721157332839513,0.1214339036765022
Spast,0.009323135444164542,0.04749243501099238,0.15690343976105708,0.2322331401600741,-0.034772150701229,-0.0440827843279623
Spata25,-0.0005104389301758453,0.5802344447545895,0.7249022539047664,0.2086119963536425,0.0048510572940832,0.0030857326606005
Spata4,-0.00011780648188877144,0.36754053099969075,0.5467553947592366,-0.3781869445219193,1.8273660683370717e-05,0.0001765438530659
Spatc1l,0.00109824609479396,0.028282707232584987,0.1143001725375714,-0.4010621574713057,-0.0009925160651884,0.0021300850355611
Spdef,0.0004982694191257939,0.6467586638528909,0.7738946531130424,-0.174050533310548,0.0026505863606854,0.004861253581409
Spdl1,-0.0062944890609593854,0.13614544951669916,0.2966586663753449,0.1397377138864685,0.0347305460010804,-0.0212340863696656
Spdye4a,-3.5373843296646836e-05,0.8865843366892093,0.9290194538725672,-0.0059674468563616,6.518285131928373e-05,7.357860193577936e-05
Speg,-0.009848561509190681,0.13019691922675497,0.2903954897138947,0.6385168136306962,-0.0129222188929354,0.083011158406169
Sphk1,0.0009197979917173231,0.9231957217489437,0.9513803335390534,0.3294527951949659,0.1075621104200496,0.0194376493999804
Sphk2,0.003118254931583612,0.7082009004589238,0.815836194638347,0.387884045663507,0.0409972234890614,-0.0137881012196042
Spi1,-0.05711008108629796,0.17038034432847918,0.34055318676367136,0.2993669172941426,0.4613095991841853,-0.3047315403927115
Spib,-0.012902525660845817,0.5094470079821272,0.6690754860239008,0.3754518647127536,0.0799561495051965,-0.2974767232746861
Spink1,-0.0013758390333775679,0.003424549674485136,0.031027758240761417,-0.1409809319815439,-0.0013415475728777,0.0012185629655184
Spink12,-0.0003072559664006365,0.4382839298380967,0.6105096466696153,-0.1549049746463877,-0.0005457298302209,0.0005814441766718
Spink8,-0.00019686071370587715,0.46882846956711155,0.6353597298782774,-0.1188516498892028,-0.000349255719457,0.0001692434519931
Spn,-0.028391681421204434,0.1388595554866782,0.30077392464439295,0.1621156395978247,0.1807479642692394,-0.201177005008997
Spo11,0.0018197507171753453,0.006410914557908485,0.04575664490857899,0.1404836447435137,-0.0001785878864369,0.0011635020252018
Spock3,0.056758156255166455,0.07912893626302252,0.21458623278983405,-0.4967899507921071,-0.2812523780054001,0.0709523270069727
Spon1,-0.0012494548660774286,0.9122287637866938,0.9432959505525896,0.5452754565000455,0.1331064259359706,0.0923925320732226
Spop,4.3245958166371e-05,0.9949584983882902,0.9963257362148936,-0.2367087253023453,0.0086350373528985,0.0219423273984267
Spopl,-0.005321823067865847,0.38394913626794613,0.5627944092249406,-0.3543171570964727,-0.0120965593037377,0.0066981136801118
Spred1,0.015449299477317392,0.020217168796201748,0.09342771286762265,-0.4592447643208318,-0.0418256274307833,0.0131530167119802
Sprr2d,0.0004792190512164029,0.16602465478105327,0.33550649065131716,-0.1897150813084973,-4.593864104936868e-05,0.0014051621217481
Sprr2f,-0.00012671619359571216,0.5438113541330023,0.6948851997576264,-0.0280967289487027,-5.1142361252829414e-05,0.0003869544326022
Spry1,-0.01951861585691201,0.0387899253274076,0.1392871092765175,0.1094031923666302,0.0785006783137379,0.0424062763104188
Spry2,0.009170176673466843,0.4426483451341531,0.6140409044343454,-0.4042945245185015,-0.0237679402571915,0.0122509101690069
Spry4,0.005630546053155035,0.38727564901827494,0.5648415747305792,-0.4756552431758262,-0.0381154170025122,0.0473714351257016
Spsb1,0.0038535290191112955,0.7053655249445259,0.8134907399371527,0.2916589651046755,0.0277208081689721,0.0283163787784386
Spsb2,-0.047066592531522525,0.0002914471507954212,0.006326263473223164,0.6932184098140114,0.083047862583595,0.0448592131877851
Spta1,-0.0010944990815991485,0.31820874790834347,0.5016016140545303,0.0706147878002795,-0.0071779741804628,-0.0005006514037618
Sptan1,0.0018148345050075837,0.8733205575626238,0.9209857688912435,-0.4940548709829413,-0.0812737759387145,0.071227307281116
Sptb,0.06833624604008133,0.01603411015744543,0.08066074547645871,-0.4816226900321879,-0.2547094575039113,0.1017797192774403
Sptbn2,0.027649785910815853,0.02344959366693394,0.1015398391801926,-0.5219029563126291,-0.0596563790254762,0.0175346426461272
Sptlc2,-0.041860168908765226,0.00035754787173784516,0.0072594706109072125,-0.0124321809507534,0.1340035276944073,-0.0334108581854195
Sqstm1,-0.0011041431502225114,0.8992673216776295,0.9353920489146794,0.2421788849206768,-0.0266380789930744,0.1608357648830796
Sra1,-0.0198563104129234,0.25674722662639776,0.4370999214932182,0.0887657719883795,0.1698228896695542,-0.0762190485945006
Src,-0.004279454504526562,0.30100029229118014,0.48450693940590406,0.3553117315725331,0.0241308720849885,-0.0227658598888564
Srd5a3,-0.01973006415353598,6.868667556915857e-05,0.0022544932743921975,0.268286464917259,0.0778753678208449,-0.0250893239650447
Srebf1,-0.04423566497273021,0.0007440869056954575,0.011642905846480148,0.6611433829610674,-0.0117049138096674,0.2327821783361574
Srebf2,0.011946201411279327,0.46585957373660625,0.6335000099769598,-0.6544300052476607,-0.0670699127520533,-0.0748468910155368
Srf,-0.016468502823287528,0.007141013620822106,0.04865171019004254,-0.0007459308570452,0.0272794482065482,-0.0032716368892345
Srgap1,-0.005096539907537165,0.7194290127461241,0.8235653936306058,-0.0432639897086219,-0.1307220107349113,0.1505997902702711
Srp72,-0.011950583968989984,0.044078013206501315,0.14969503686175978,0.2332277146361344,0.0290869672247564,-0.0007619005171645
Srpx2,-0.006736395703869897,0.09111641783439477,0.23158188708183744,0.4269210938488728,-0.0196767241183309,-0.0033338281988529
Srr,0.00670137548758149,0.47202289495816185,0.638022758734556,-0.2658000287271083,-0.0531874157899507,0.0141048263105578
Srrm1,-0.00912965272050334,0.29053199698083876,0.47333239112081077,-0.2784808532968769,-0.0336434756268364,0.1161547994101375
Srrm4,0.0062310291235964455,0.4294050001128371,0.6021165722608787,-0.4420883546087921,-0.0412530891440816,0.0526199159672074
Srsf1,-0.011416416704951126,0.3016672920971616,0.4851213294412425,-0.0288426598057479,-0.0751055792222861,0.1122799770468447
Srsf2,-0.03389247606286483,0.005806998473546238,0.043225447663193896,0.1265596020786699,0.0017444841496008,0.0350293396963843
Srsf4,-0.0002833924506950118,0.9710610504266115,0.9812564219940858,0.0703661441812644,0.0118828219686215,0.0178790971296012
Sry,-5.423107208786978e-05,0.8935139132850709,0.9332134462872946,-0.163110214073885,-0.0005203367650345,0.0026466724335392
Ss18l1,0.012535418030687443,0.2508463929993149,0.4312664141184716,-0.2106011453057631,-0.1287009023835894,0.0624814263870219
Ssbp2,0.007628162241177146,0.6412352415395557,0.7694521211699068,-0.2148280868290192,-0.1420657278653544,0.1073750510153187
Ssr2,-0.009021028606837627,0.22058834105184857,0.3979251040827797,-0.1571427672175233,0.0577393601775942,-0.0218610440625948
Ssrp1,-0.01178302717607132,0.14595171682973654,0.3102082114785359,-0.0467450003748328,0.0671665944012172,-0.0100587144946411
Sst,0.09824990717510243,0.015519514035159294,0.0794353819621739,-0.3088153748167152,-0.337277805836905,0.1922237443927161
Sstr1,0.006321737490754153,0.3126771636225595,0.49650001888027645,-0.4532773174644701,-0.0420105277419762,0.0203934987774274
Sstr2,0.007110163524038521,0.23063487299149973,0.40920643030596177,-0.2812159331060426,-0.0499515008215901,0.0547756894998171
Sstr3,0.01193344376322907,0.3856952414026117,0.5638659264991799,-0.2521246296812796,0.0433690587207905,-0.0193570954896459
Sstr4,0.0018515144405906346,0.6979275954526262,0.8089363018413647,-0.2488922626340837,-0.0351445099346243,0.0418001637755062
St6galnac5,-0.0017516309614718439,0.5936731261993353,0.734533943461836,-0.3028479279603536,-0.0279174008560145,0.0246756152267658
Stab1,-0.0259007612240987,0.43717574442329554,0.609965391767842,0.6494571328673593,0.2786381511043423,-0.0410163988739473
Stac,-0.007552558802996923,0.033137351812176474,0.12661695250480315,-0.1999094696881151,-0.000413763309149,0.006765303898714
Stag2,0.0003842074928964493,0.9695309892990394,0.980465591979417,-0.3662520508091961,-0.0445889930714417,0.0158433617928076
Stam2,-0.011550636531591593,0.11012748993326006,0.2618915921136598,-0.1683317300732014,-0.0286089200319352,0.0499465965773846
Star,0.028492214058058445,0.00010346610396616421,0.002981811278708495,0.1511753203611617,0.0048993468863596,0.0122742055933617
Stat1,-0.035562412395708044,0.5665556099146185,0.7140396294285808,0.0445072078036972,0.5383015957518711,-0.5224149809561809
Stat2,-0.022104844449084116,0.481529723580843,0.6472419288500343,-0.0775768091327014,0.3088630114097115,-0.213381184151717
Stat3,-0.03983545695551441,0.04936176716434231,0.160276495420312,0.1365053468392726,0.2019530135859981,0.0012324599498243
Stat4,-0.013644852648865472,0.2241395028468368,0.4021947943056208,0.1598778470266891,0.1104926049241019,-0.1058446619290419
Stat5a,-0.014947797709559833,0.1692811694082254,0.33942737623874125,0.2404383795875713,0.1200508361527645,-0.0715451935603595
Stat5b,-0.0012806320840714842,0.8865481596175544,0.9290194538725672,0.373462715760633,0.0455500754858235,-0.0175490393971811
Stat6,-0.061285089901345964,0.018999158404632815,0.08909026001134925,0.4776443921279467,0.1883904540672283,-0.0475140608008777
Stau2,0.025836793058445214,0.05076254666806467,0.16347206474355927,-0.5102167062189208,-0.1015958084907741,0.0079860134155982
Steap1,-0.006624557694694411,0.013065862915000871,0.07060271899302907,-0.2506327679671892,0.0201406185098062,-0.0023927448566996
Stim1,0.00977748063409739,0.1430354871442864,0.3061446333197436,0.1509266767421466,-0.0115098498629265,0.0821710074399326
Stim2,-0.01652918726664312,0.008078824589794439,0.051585741765252435,-0.3901218382346427,-0.0444920063330434,0.0375163972654742
Stimate,0.00789617726271836,0.09926736528065983,0.24544974808368675,0.3267177153858002,-0.0169469248114835,0.0462532544411377
Stip1,0.04289593741162471,0.0017925251140682393,0.02040997903317431,-0.4164780618502399,-0.1797959370948505,-0.0088038856273917
Stk11,-0.017487092909736553,0.03138324941849508,0.12204879782711495,0.4405964928947016,0.0758385817275228,-0.0211797793553805
Stk3,-0.006126103097412103,0.11406646426720886,0.26737429967799675,0.1265596020786699,0.0013004138073398,-0.0038777477857585
Stk32a,-0.006471810393502739,0.38723327195613255,0.5648415747305792,0.1529158256942671,-0.0471534906258009,0.1775445521952204
Stk38,-0.018554866984637833,0.017538266250354446,0.08487921835204747,0.1290460382688206,0.0675253524856086,0.0139293754976744
Stk38l,0.0013627062475671543,0.8656108097661126,0.9168357019553447,-0.2615730872038522,-0.0644800349714014,0.059565010122345
Stk39,0.025107047095742085,0.13706670863929007,0.29820543747085854,-0.5044979029815743,-0.197029586826043,0.0301392717645372
Stk4,-0.026693550396727595,0.02350883161572387,0.1015398391801926,0.2516273424432494,0.1287951047820373,-0.1276229038780522
Stmn2,-0.008373603500236443,0.6875208334649697,0.8000700963328101,-0.5495023980233017,-0.1021212029200051,-0.031654878997871
Stmn4,0.06200569385446009,0.07834912580680282,0.21372133194679208,-0.3699817050944221,-0.3751411657495689,0.1083760460242522
Stom,-0.057151481854199784,0.016624894432544217,0.08289695650088763,0.590528595160788,0.1435403350214943,0.0168525253605051
Stoml3,-0.007966107795462246,0.026720606284500372,0.11009839471505364,-0.1979203207359946,-0.0174393641635302,0.0068060363597766
Stra6l,-0.023917146736424946,0.18297907026316604,0.35530119429478874,0.6840185959104538,0.1386594624458055,0.0142500730543916
Stra8,-0.0006172288992934617,0.11585749181991177,0.26936296985395974,0.4172239927072851,0.0018152267093226,-0.0047624288616401
Strn3,0.010685129613820886,0.4285926843606488,0.6013803125302727,-0.3403931144316289,-0.1237630476486202,0.0270760921930024
Stub1,0.003330784091692767,0.671014505130545,0.7891332569794349,-0.137748564934348,-0.0406576689559001,0.0252366387115647
Stx1a,0.004707722645001585,0.532088288900054,0.6862660838632555,-0.1176084317941274,-0.0404402546522889,0.0731189223317421
Stx8,-0.012128512315784067,0.016874689042060426,0.08340819087096804,0.5141950041231619,0.0207761522657335,-0.0027604131165126
Stxbp1,0.08068356672212552,0.015712883568771145,0.07964233684914479,-0.4535259610834852,-0.3361060751884852,0.1248250391932903
Stxbp4,0.0018905765264525406,0.8096330037936066,0.8820495616775635,-0.0266048672346123,-0.0884198826667844,0.0512547261303434
Stxbp5l,0.03144736231870201,0.03122499790652088,0.12195919932707736,-0.4550178227975756,-0.1014741740219945,0.0596188335380164
Sucnr1,-0.0008794576147727087,0.26194586218308263,0.4419134258468928,-0.2369573689213604,0.0036075286469836,-0.0010822247820357
Sufu,-0.0005625831263676491,0.9356131871562716,0.9591163319300927,0.3632683273810153,-0.0172543350327454,0.0072682643907086
Sulf1,-0.010744509667248582,0.4427450395039252,0.6140409044343454,0.6564191541997811,0.0559276154150202,0.0879854505604433
Sulf2,-0.007147746255956371,0.5276405773991637,0.6829972941726465,0.3826625296641905,-0.0376683167351312,0.1263735900079192
Sult1a1,-0.03234464397924794,0.2207501134719369,0.3980368783387594,0.4112565458509235,-0.2034246439905602,0.278519113962494
Sult2a8,-0.0006298813823599675,0.10012160873694499,0.24683513323744832,-0.1787747620718343,0.0006498921507398,-0.0007870749979097
Sumf1,-0.018185121299655507,0.010393466461436308,0.060939163700904145,0.5159355094562674,0.0575980654243337,0.0112015242946936
Sumo1,0.010665419878037617,0.3655117462157249,0.5451682507153254,-0.2150767304480343,-0.0844889520752485,0.0225873576026025
Sumo3,0.0017336650863560422,0.8331018522883882,0.8974978983153258,0.3356688856703426,-0.0236858422381521,0.0444000804131318
Sun1,0.0008756746988545564,0.9340878011872686,0.9584954203663876,-0.3339283803372371,-0.0747718346787786,0.0962357226568781
Supt16,-0.019123163866043912,7.266687591194412e-05,0.0023023213293591736,-0.0211347076162808,0.0455540687822655,-0.0025838003470863
Supt20,-0.02170361238875409,0.002856189933601643,0.02760532650978946,-0.0718580058953548,0.045324813370241,-0.0160321196321505
Supt3,-0.004852585922840936,0.37198820426446666,0.5511216468059961,-0.1576400544555535,-0.0476417943353051,0.0444556563961985
Supt5,-0.019550425363399727,0.023633015589255818,0.10181757814256244,0.0492314365649835,0.0319304195571727,-0.0031321257265131
Supt6,0.0022676144847418767,0.7361741509454178,0.8339383397673942,-0.4189644980403906,-0.0442401480343497,0.0510157345302841
Suv39h1,-0.005115462269399587,0.1655963236229575,0.33506816612483387,-0.0549502398023301,-0.0034937726017422,0.0358150781977784
Suz12,-0.004903707388057647,0.47319264427734586,0.6387286791370048,-0.2536164913953699,0.0026464761683888,-0.0030289191333822
Sv2a,0.060652025136751254,0.004679437377373582,0.03819169609917222,-0.322242130243529,-0.1386416065373672,0.0527830956761437
Sv2c,0.04573739010510286,0.01705954020497898,0.08383498514990151,-0.3371607473844331,-0.1090413686682207,-0.0167778726950325
Svil,-0.045748154763150785,0.0003460907029918639,0.007176458032363812,0.4995250306012728,0.0758948048175058,0.0450479209384111
Syce2,-0.004222317307415769,0.08305260441026763,0.2203604571331044,0.2916589651046755,0.0201753580143938,-0.003086463231317
Sycp1,-0.0009060486788505113,0.1749668503589923,0.3457984903840448,0.0052215159993164,-0.0005457410721259,0.00125755278974
Sycp3,-8.512500000369843e-05,0.9425414679826081,0.963894151599696,-0.1320297616970014,-0.0036430376455143,0.0060986831725533
Syk,-0.0625403858278504,0.23364318491030167,0.4128208819630928,0.3393985399555687,0.5096042051886349,-0.4519286140571219
Syn1,0.07266578840124144,0.02721317929356305,0.11114045442471185,-0.4142402692791043,-0.3418029081481291,0.0938150948738911
Syn2,0.06798394046826635,0.0049750915736182484,0.039591173349495606,-0.4065323170896371,-0.2254619185324653,0.092539952425525
Syn3,0.0418304888618848,0.001424540021250125,0.01796198422734371,-0.3602846039528344,-0.099336086105913,0.0304369472746133
Syncrip,-0.03026392066552635,0.02349500348599314,0.1015398391801926,-0.0519665163741493,0.1440881381443008,-0.1367653012915075
Syne1,0.03292604365203002,0.14908072287524504,0.3139804985081028,-0.217563166638185,-0.2146035569561835,0.1868713171074836
Syne4,0.00913579884217591,0.09074791364412196,0.2308753653359931,-0.1153706392229918,-0.0211762814322255,0.0521122698385774
Syngr3,0.029617482520929318,0.09802123087942918,0.24331206750168774,-0.2038877675923562,-0.1621777809142794,0.084612306987744
Synj2bp,-0.006207197971032031,0.4902272939782333,0.653031080648094,-0.0512205855171041,0.0050317886145654,-0.0005061351221363
Synpo,-0.004109141783338222,0.5214303851447661,0.6774876196188111,0.3886299765205522,0.0183401905665647,0.062893421602637
Synpo2,-0.01478528078244536,0.17779793391261575,0.34914783719874315,0.3968352159480495,-0.0896402324059557,0.0972202871131842
Syp,0.0496892176849699,0.04310649560870042,0.1473513258924137,-0.4888333549836249,-0.1545631222380694,0.0341999091964457
Sypl2,0.011120653105545808,0.0014390586713778645,0.018035966296556478,-0.2317358529220439,-0.0338417742377883,0.0323046246437293
Syt2,0.060817361957157146,0.0029715029236488523,0.02829932153390995,-0.5412971585958045,-0.0943837302739631,-0.0119811427022069
Syt4,-0.009746790740202694,0.6111064932257584,0.748799957229064,-0.506984339171725,-0.0571012396383201,0.0265221629859129
Syt6,0.024313829237672262,0.008476696746916647,0.05331643662888017,-0.333431093099207,-0.0568295504882541,0.0619467778937887
Syt9,0.018617552036732044,0.04291607189215575,0.1473182252502601,-0.2983723428180823,-0.0727849498490317,0.0370534363691323
Sytl5,0.0030587734517997286,0.5955301879733499,0.7354536820495945,-0.2856915182483138,-0.0305681026351125,0.0062460228896595
Szt2,-0.0027477488074563157,0.5981025484470379,0.7365816271434912,0.0758363037995959,-0.0012792849937091,0.0288256238579154
T,0.00030772186567330746,0.48845176053569817,0.6515277596154225,-0.4249319448967523,-0.0014587978904073,0.0014104315915888
Taar5,-7.368945374630875e-05,0.8347363630980751,0.8986893601020012,-0.1113923413187507,-0.0003673342593197,0.0007359957671429
Tab1,-0.006416597338015865,0.20899476809415957,0.38472836955911516,0.0101943883796178,0.0095901349187939,0.0287981905296819
Tac1,0.005551550421950018,0.82657859319521,0.8929219406795353,-0.2841996565342234,-0.1033674234303166,0.0957844202155134
Tac2,0.04681019722647533,0.12768761590582653,0.2864344706782482,-0.083544255989063,-0.1936032891129864,0.1438991752334366
Tacr1,-0.006747198165151021,0.09408662878682068,0.23700537947731967,-0.5393080096436839,-0.0001378497947557,0.0029664380858807
Tacr2,-0.0024142880484491367,0.0001428808318446551,0.00373761601661326,0.4393532747996262,-0.0035900716184616,0.0028991817466473
Tacr3,0.024772817134551442,0.005146707130117555,0.04026587894283688,-0.3846516786163111,-0.0669021243908061,0.043696811643088
Tacstd2,-0.0018550911499591724,0.20628389597783345,0.3820821181492115,-0.0723552931333849,0.0154449282661042,-0.0027808236982839
Taf11,0.004617582025459395,0.4343875122443429,0.6077374382771238,-0.2153253740670494,-0.0420332633970902,0.0295412439754513
Taf12,-0.0018442791732772217,0.7297966352463239,0.8309581777659594,-0.3202529812914084,-0.0051941639765784,0.0193939455272906
Taf15,-0.0047348925820906475,0.6221801195775584,0.7547540523103746,0.0678797079911137,0.0104954698731456,-0.0419157787581125
Taf4,-0.006096319541636059,0.22941942170134338,0.4083281472779318,0.177531543976759,-0.0181305349013694,0.0164027140080865
Taf5l,-0.0074940094466568515,0.13808476828577507,0.2996045950768773,0.036550611995215,0.0337294407460542,-0.0061798783254499
Taf6l,-0.004037322513775962,0.09639625397335269,0.24103788799905496,0.6382681700116811,0.0022480062779422,-0.0007369634294893
Taf9,-0.004090725282670653,0.7099755083538668,0.8162651406420791,-0.177780187595774,-0.0590944050861745,0.047075524553834
Tagln,-0.07148840943082857,0.09861808279717589,0.2441994370623273,0.152169894837222,0.443221137612598,-0.0434743083859373
Tal1,-0.0042806725613879285,0.01615174182339471,0.08109255417434687,0.2834537256771782,0.0024500785585457,0.007539143191358
Tap1,-0.050520631444011074,0.4183042272818338,0.5917276382042801,0.068874282467174,0.5686087740317287,-0.5513078422314779
Tardbp,-0.010681646223249942,0.0555662495706556,0.17335990156569678,0.1718127407394124,0.0267852080001151,-0.0290992071439943
Tas1r1,7.0209997001163e-05,0.9015159385773303,0.9362037464745443,-0.0325723140909739,0.0009263191887546,0.0023109376085801
Tas1r2,-0.00038555743729047116,0.2560109524053879,0.43646787039434615,-0.1526671820752521,0.0001961243929792,-0.0003577485675885
Tas1r3,0.0022305935139110902,0.13848091633572515,0.3003363750971658,0.3403931144316289,-4.6791203731397224e-05,0.0102384313829129
Tbc1d1,-0.0052472001333779975,0.39035388573503416,0.5674537392802534,0.2267629805417426,0.0432492002000883,-0.0050001799466039
Tbc1d22a,-0.03147133754423253,0.012672914185748521,0.06906079446463811,0.626581919917973,0.1027995007159022,-0.0257126500798312
Tbck,0.004098154568389847,0.6613796922013343,0.7825789399023443,-0.1263109584596548,-0.0742914270512273,0.0303080092187058
Tbk1,-0.020643842826291878,0.002293331216300395,0.023646270430669913,0.1869800014993315,0.0582587523460137,0.0155575899602341
Tbl1xr1,-0.019374516051385234,0.07772265605678465,0.21246691776294666,0.0862793357982288,0.0264720437871632,-0.0096812629463918
Tbp,-0.0015846800726475336,0.6273933726062701,0.7590924083644649,0.1685803736922165,-0.0234775532329117,0.0290057365649166
Tbpl1,-0.0005187976159616538,0.9424753539715524,0.963894151599696,-0.1628615704548699,-0.031063012669277,0.0068964157319134
Tbpl2,-2.8610699916433336e-05,0.8700920807928699,0.9195614540749613,-0.1929474483556932,0.0003566699351003,-0.0003122023386297
Tbr1,3.556783854465484e-05,0.9348704007561093,0.9587402320580848,-0.0121835373317383,0.0019430015401759,0.0036307152066001
Tbx1,-0.06821024510937336,2.9819122432861236e-09,1.0864810252144656e-06,0.0335668885670342,-0.0088253877359121,0.0760736017595863
Tbx18,-0.04245744061865262,4.90377253496399e-07,8.069078613177842e-05,0.5952528239220742,-0.0214403666084716,0.0472871172133929
Tbx2,0.010091420725050298,0.1674282511159682,0.3364557300497499,-0.010940319236663,-0.0104601732992758,0.0629509900116868
Tbx20,0.0037387910037229347,3.614797761730537e-05,0.001568732304637918,-0.0243670746634767,0.0007131994731012,0.0001501708381215
Tbx21,-0.009109790696384281,0.25643635622677274,0.43688652152761576,0.2593352946327166,0.071744997411636,-0.0539143053775015
Tbx3,0.007247976159453648,0.20681059384547965,0.3827685129116848,0.0731012239904301,-0.057902296887785,0.0762768784684612
Tbx4,0.003061632853584963,0.00013446961608553634,0.003572549539855838,-0.2364600816833303,-0.0034941954010404,0.0035312870867647
Tbx5,-0.0001001674875050803,0.6725732285807997,0.789778093690299,-0.2590866510137015,-0.0005562719863309,0.000330850918358
Tbx6,0.0012035541387108743,0.5885940587363112,0.7312270564086516,0.1770342567387288,-0.0153893312493354,-0.0032478226983186
Tbxa2r,-0.010155407141536012,0.02709672445721084,0.11093129330355739,0.1954338845458439,-0.0241842694205536,0.025502128398456
Tcaf1,0.04708372770876828,0.06805649053520892,0.1945942590919847,-0.293399470437781,-0.2215574529707329,0.1675224429356709
Tcam1,-0.001631140932817343,6.14560222927227e-05,0.0021257669948958704,-0.0179023405690849,-0.0005102258854438,0.0039375312990127
Tceal5,0.052683209307512316,0.03696637460593939,0.13517238484938843,-0.4468125833700784,-0.221368955379839,0.1347394390620733
Tceal9,-0.017082056889135364,0.11718295381735314,0.2716207426235975,0.2700269702503645,0.0603157665906756,0.0321434302480263
Tcf12,0.015412870722152318,0.1298732676026009,0.2903390429973018,0.4570069717496961,-0.0698184764756484,0.0802148868802046
Tcf21,0.0002841050696220273,0.1954722781748902,0.36970859880241563,0.0208860639972657,0.0005097692334109,-0.000149000928412
Tcf3,-0.03192292311240024,0.0037582201391332696,0.03334031466038054,0.3781869445219193,0.0665024768115986,-0.0471258684352517
Tcf7,-0.013740306494665361,0.4260353568509617,0.5995052014611739,0.3287068643379207,0.1456397126404442,-0.1528326356830252
Tcf7l1,-0.02245960962654648,0.002053925235530211,0.02213210358945526,0.2779835660588466,-0.0410206189490021,0.0374078602143406
Tcf7l2,-0.030902918461216015,0.00019336198375647168,0.004587625484380288,0.1710668098823672,0.0181577094358399,-0.0298775716230635
Tcof1,-0.0242323905065454,0.03137328233670873,0.12204879782711495,0.2672918904411988,0.0431636940758797,-0.0217725222828015
Tcp1,0.003762267404898597,0.7095378524987561,0.8162651406420791,-0.492811652887866,-0.0277847175030776,-0.0017240427343998
Tctn1,-0.0007016792999856311,0.8511233295569266,0.9098030394111237,0.0847874740841383,-0.0112512679071253,0.0171604100940969
Tdg,-0.006765383919282155,0.20561050975272532,0.38125016730230893,-0.5139463605041469,0.0386422869894631,-0.0524955399077828
Tdgf1,-0.03549040953786231,0.0038153171183828026,0.0336206308406617,0.2879293108194494,-0.0743202322309135,0.0384000075064929
Tdh,-0.00020675683672909207,0.5927909948864171,0.7339385594455372,-0.3329338058611769,-0.0016205081481648,-9.516286101824128e-05
Tdrd1,0.0004758962101988629,0.0844340629200059,0.22235320338407336,-0.0556961706593753,0.0004058659252722,0.0006921151794805
Tdrkh,0.02155084073521019,0.058904174662460174,0.1799568322351583,-0.2911616778666454,-0.1332134990385564,0.0757177489785966
Tead1,-0.04204661572949806,0.002958922392469734,0.02829932153390995,-0.0251130055205219,-0.0437900753725685,0.13874463134773
Tead2,-0.01152961838316263,0.0030924670952887133,0.029065975616809635,0.2215414645424261,0.0100533488031876,0.004542593927544
Tead3,-0.01957933707344272,0.011953659242020876,0.06647724122737542,0.3568035932866235,0.0310897929860455,0.0862401222191469
Tec,-0.061417055847334256,0.0037310003409726645,0.033174018835860096,0.5703884620205675,0.1611873677439739,-0.1110918701701086
Tecpr2,0.022754013298429274,0.03340784449554517,0.12717215803858548,-0.3125450291019412,-0.1043529062302845,0.0253941912097273
Tecr,0.05667253935037322,0.00342177981083936,0.031027758240761417,-0.6415005370588771,-0.1172941304530041,-0.0850817164356487
Tectb,-0.0003038971671556002,0.42412453897720614,0.5973106773392404,0.1243218095075343,0.0008834381599305,-0.0003799270443636
Tek,0.0036328406504385295,0.6862727017277706,0.799423852823329,-0.3048370769124741,-0.0255953393008111,0.0340738091036205
Tenm1,0.04014420332946278,0.0008019533709896717,0.012247796842569807,-0.3791815189979796,-0.064402803263791,0.0630316782758506
Tenm4,0.02062312260324721,0.035068254788675104,0.13066703263479307,-0.2459085392059028,-0.1030501548162238,0.0548381277468912
Tent5c,-0.047110620886049386,0.058000715939818634,0.1783373429831313,0.735736468665588,0.1560980965070397,-0.1118955671722452
Tepsin,-0.002339196560749502,0.691426553236548,0.8034093047971825,0.2802213586299823,0.0379989473683251,-0.0250399722178538
Terf1,0.0030431756389227124,0.6585771308663535,0.781074620913571,-0.3030965715793686,-0.0164176479304428,-0.000510094644913
Terf2,-0.0009240309323575547,0.8541381728873553,0.9114127820347058,0.290167103390585,-0.0177026691747066,0.0176126154442293
Tert,0.000101460446085806,0.9554842089024815,0.9707080162540447,0.3247285664336796,-0.0128936188598733,0.0106022681558841
Tesmin,-0.0020309531346479103,0.015994287034582097,0.08053984024027964,0.257346145680596,0.0021155519205003,-0.008143959223395
Tespa1,-0.0012868831543094905,0.2098484007749693,0.3853263831364717,0.2021472622592507,0.0008949184462141,-0.0096033540853949
Tet1,0.0076553454646379245,0.5535479242281214,0.7017017796937493,-0.3553117315725331,-0.1223037525710954,0.0565194104311145
Tet2,-0.018067529425358005,0.20967733515528603,0.38528965656596326,-0.264556810632033,-0.0140459096941336,0.0577918556732053
Tet3,-0.012090836365832247,0.11410975306782963,0.26737429967799675,-0.0425180588515767,0.0857334077793356,-0.041431402597675
Tex101,-0.0005490030163512816,0.14079466151275963,0.3027797505803486,-0.3866408275684317,0.0009436472771135,0.0006332546263991
Tex19.1,-0.00030972625429384935,0.5152384396145786,0.6737327045562588,0.2528705605383248,-0.0007023476832787,0.0035434027309169
Tfam,0.004041075086413296,0.46341434996983166,0.6320525666299763,-0.2382005870164357,-0.0336679672616359,0.0059709143919414
Tfap2a,-0.007368426579829372,0.05242241576456736,0.16688502424023707,-0.0164104788549945,-0.0147219835238421,0.0393135399796713
Tfap2b,0.0004431352223419646,0.8516718873896109,0.9101986795672334,-0.5209083818365688,-0.0181143005057995,0.0050608663807913
Tfap2c,-0.000765092448190128,0.061687259450265715,0.18423109511464017,-0.119846224365263,-0.0016529810928645,0.0007737005678227
Tfap2d,7.216439959889263e-05,0.8111571588768627,0.8827014694912073,-0.23546550720727,9.431496226868386e-05,0.0006975053252401
Tfeb,-0.010650216899003941,0.08145384167513328,0.21822271343742378,0.4072782479466824,-0.0114393077480805,0.0108632374322907
Tfpi,-0.00885234505676733,0.6835587585077336,0.7973549570427508,0.4438288599418975,0.084881714617488,0.0571197798129936
Tfrc,0.03517674185220343,0.11287292218425649,0.2661880610549664,-0.5241407488837646,-0.1256177869438501,-0.0847021529777931
Tgfa,-0.0008816954905293635,0.9319839717024593,0.9576518655239593,-0.2854428746292988,-0.0558037549592572,-0.0016971642985789
Tgfb1,-0.05210378502163978,0.017961381104502683,0.08627213278160846,0.2846969437722536,0.2853961428772061,-0.2094689082083213
Tgfb1i1,-0.0426766448562097,1.3975538860150199e-05,0.0008310978873943372,0.065393271800963,0.0244698797911609,0.074173322482106
Tgfb2,-0.01360158090056402,0.21500596380677214,0.3913059548875644,0.2096065708297028,-0.0441611808322024,0.0889621816481968
Tgfb3,-0.01590930101720497,0.27907767071983886,0.4596165536078631,-0.0273507980916575,-0.0722461118866478,0.0072886983009399
Tgfbr1,-0.05696999773130083,0.002216336268253677,0.02322275214940711,0.5736208290677633,0.0863526206149341,-0.1609286483306393
Tgfbr2,-0.05918462396665361,0.003210930970296409,0.029725878184177823,0.5504969724993619,0.1687472695397471,-0.1416935250606668
Tgfbr3,-0.01194827946203568,0.6509516085571818,0.7770896689094745,0.0905062773214849,-0.2001766826455915,0.3729222495396549
Tgif2,-0.006086072443671319,0.007121598326467035,0.04865171019004254,0.5266271850739154,0.0093645894136483,-0.0075746530793229
Tgm2,-0.01925225520943147,0.7070140596111458,0.8148392946399581,0.1820071291190302,0.4541525492988663,0.0374897770209126
Tgs1,-0.005117279530295241,0.04124553470519175,0.14460032476369974,-0.0738471548474753,-0.0082734194158022,-0.0131961568290531
Th,-0.0036378993873620986,0.7007491847381736,0.8110492494179561,-0.2722647628215001,-0.04383825524426,0.0439255615467358
Thap12,-0.006149697459843158,0.5917558652941475,0.7333616771460175,-0.3707276359514673,-0.0381393035995334,-0.0312639996768955
Thbd,-0.0006112095709004117,0.9752672692454585,0.9844899718236028,0.1802666237859247,0.0182460460955292,0.1506620626366837
Thbs1,-0.24380470627683284,5.7053636858188734e-05,0.0020787900115258624,0.1713154535013822,0.5032008357410589,0.0585484078728764
Thbs2,-0.1388305367750889,4.235236103233349e-08,1.0801969681296656e-05,0.717585484477488,0.1437425688054843,0.1493512947394837
Thbs3,-0.0250764965248919,0.09703541585226308,0.24180637824249826,0.112386915794811,-0.0598131625182251,0.1404850453712861
Thbs4,-0.029730372013567548,0.0017731104058681835,0.020279453319133642,0.0576853196114959,-0.0326422547077296,0.0361863088596606
Themis,-0.012572491272867315,0.21033874569137687,0.3860877804144345,0.0917494954165603,0.0963084342854326,-0.1050425952487862
Thpo,-0.0013497462797590436,0.03401739968435661,0.1283231274543776,0.0905062773214849,-0.0003884130788782,0.007157712869584
Thra,0.03208118829939184,0.13275808616411244,0.29392317600830625,-0.3697330614754071,-0.1552326264743919,0.0761353096257355
Thrap3,-0.016064765405284648,0.011107979577720762,0.06333120706999815,-0.0810578197989123,0.0419450290742753,0.0382968401795722
Thrb,0.020711549998581342,0.09088720505413186,0.23111447307134927,-0.3627710401429851,-0.1129294419622898,0.10423299151965
Thumpd1,0.002370762898449639,0.8570066570287521,0.9126494692074457,-0.2797240713919521,-0.0841751227519568,0.0886791726868521
Tiam1,-0.012061744885438139,0.11352518457039255,0.26698569225153174,-0.4672013601293139,-0.0372679643069691,-0.00513737135975
Ticam1,-0.004102904590513602,0.002372475539469391,0.024155684085495732,0.6009716271594209,-0.0050311328103588,0.0154462959314002
Ticam2,-0.013369486880132377,0.16322738558164837,0.3325171301325832,0.4826172645082481,0.0862156767910352,-0.08180476265735
Tie1,-0.0027497153535865145,0.7384805858786064,0.834758115646287,0.0430153460896068,-0.0555314814412275,0.0823364960518607
Tigar,0.0029391689957510947,0.4567494289545395,0.6261847395324955,-0.1457051607428302,0.0076194018296395,-0.0254087549652318
Tigit,-0.009715576291005295,0.3649205586759632,0.5449238202008455,0.2563515712045358,0.0902318741623254,-0.2357636023889033
Timeless,-0.010379459905346352,0.1499991235993554,0.31552392968260284,0.0574366759924808,0.0635430006409358,-0.0234747359696737
Timm50,-0.0046352524159509354,0.5553184518868022,0.7030725795667853,-0.1176084317941274,0.0145334078372707,-0.0053977055361411
Timmdc1,0.010555126517134167,0.08357484754553862,0.22111789280590896,-0.2220387517804563,-0.0745011916745381,0.029305019336612
Timp1,0.001492800223250882,0.9869520315887486,0.9906419348945703,0.1606237778837343,0.9823781721620124,-0.4216505516330737
Timp4,0.017767482124132927,0.2016541705076232,0.3770666875950828,-0.2819618639630878,-0.0113224653149049,0.0126434966460799
Tiparp,-0.024107767883459794,0.0022575284369549887,0.023501331748790606,0.0924954262736055,0.0404418946808282,-0.0162628576711992
Tirap,-0.01745892148873568,0.022346532325176527,0.09894935884611585,0.1598778470266891,0.0775435299832237,0.0152634380366593
Tjp1,-0.00393150890555094,0.7039137876527415,0.8131033131378248,0.0631554792298274,-0.1201995568319416,0.0884633459197568
Tjp2,0.021384365355885462,0.1046234080575759,0.253050737079988,-0.4080241788037276,-0.0906178388111016,0.0424820514611872
Tjp3,-0.0048686246239388374,0.3106497792825197,0.4947313531439691,0.3560576624295782,0.0558658116627445,-0.0442109573781646
Tlcd1,0.038386677098819884,0.16698380831346885,0.3359730269907453,-0.4013108010903207,-0.2672080679683556,0.1200700257456661
Tle1,-0.0154570845220705,0.15491392287737968,0.32122598398272917,0.0900089900834548,-0.1423919221358041,0.1104920369245026
Tle4,0.019670948164223448,0.0737676979336345,0.20583847652467513,-0.1399863575054836,-0.064904500916874,0.0025490818349314
Tle6,0.0026011108646688593,0.48659446653496163,0.6505529302756183,0.3600359603338193,-0.0272721570582382,0.0315990129183193
Tll1,-0.018837657598800774,0.0009440676613783154,0.013680935058780645,-0.5164327966942976,-0.0236181227990188,0.0368757288861479
Tln1,-0.057303359624211216,0.006328100243648708,0.04575664490857899,0.4920657220308208,0.1648216239291877,-0.005722934306072
Tlr1,-0.027518207878780915,0.002217110428692661,0.02322275214940711,0.355063087953518,0.0772111742902266,-0.0759054358746348
Tlr11,-0.004264102715283848,0.0002572081102323816,0.005679734070542764,0.3431281942407947,-0.0031786648212178,-0.0255782736923032
Tlr12,-0.004266342826015833,0.16367859044456867,0.3330372915268228,0.3980784340431249,0.0147762819646149,-0.0257810584165091
Tlr13,-0.043075990180656526,0.10811786338296579,0.258439185153003,0.4020567319473659,0.3120465619698761,-0.0822812759092523
Tlr2,-0.03472890987712895,0.41758922485023164,0.5911731896326234,0.2971291247230069,0.4651322010956498,-0.4162056814344912
Tlr3,-0.010146466169263308,0.3950832537935456,0.5717218943548584,-0.1971743898789494,-0.0490026622413158,-0.0305925446351128
Tlr4,-0.025550394852528784,0.022021837233372397,0.09836549188041384,0.1996608260691001,0.1309896149833819,-0.0308671326253566
Tlr5,-0.0074860018055910565,0.05815430109493492,0.17870186137666447,0.0154159043789342,-0.0129250736027044,0.0374090506392724
Tlr6,-0.022543333950940134,0.004778134918952636,0.038620850839404225,0.4070296043276673,0.0913418280834484,-0.0290309535744
Tlr7,-0.029184581129908006,0.05105102782366129,0.1641937534227593,0.6111660155390386,0.1084099954844439,-0.0267811415783952
Tlr8,-0.022389028991083634,0.04608484690651258,0.1544538791525103,0.5330919191683071,0.1077273133934303,0.0028618307555613
Tlr9,-0.05079056604824965,0.02467959402315709,0.10466884849027688,0.4428342854658372,0.156781201439862,-0.2950295320371245
Tlx1,-0.000274773364475647,0.3853865506737777,0.5638659264991799,-0.3103072365308056,-0.0004674771898018,-8.223372378266501e-05
Tlx3,0.001750349847116113,0.016890935340072532,0.08340819087096804,-0.6300629305841839,-0.0020732320975506,-0.0022296006600494
Tmco5,-0.0008829519282697806,0.05170810675230575,0.16547242945013274,-0.4522827429884098,-0.0001011852571024,-0.0005203256238554
Tmem106b,0.008412674607758505,0.5893851138477229,0.7320315231890028,-0.2894211725335399,-0.1045543721601631,0.0393393029022521
Tmem108,-0.0008094551623583719,0.8090679406699979,0.8816816283092774,-0.2784808532968769,-0.0234828940571172,-0.0073444842032438
Tmem109,-0.009408007626447402,0.3165023170313714,0.5006134323029536,0.242676172158707,-0.0363699131598198,0.1164907200487899
Tmem119,-0.0025005945509650775,0.7807956512621814,0.8630565850555623,0.550745616118377,-0.0594204117136922,-0.0871309064002516
Tmem120a,-0.013255127502920183,0.03356004600492006,0.1274682015421424,0.449050375941214,0.0475809813317907,0.0447561235682838
Tmem163,0.028461614884300025,0.07154919086260608,0.20176379320538382,-0.2394438051115111,-0.1340973305732423,-0.035451797815458
Tmem173,-0.03204441059692142,0.18105300066153934,0.3531745148659703,0.1074140434145096,0.2385676398622287,-0.1403890076328031
Tmem176a,-0.012317411284086402,0.6505433480570523,0.7770896689094745,0.5619345789740551,0.2786508552771747,-0.0731932023667165
Tmem259,-0.007223906259667616,0.39191485105075075,0.5692362343991685,-0.0566907451354356,0.022981603364252,-0.0062976683203077
Tmem35a,0.07719980243570491,2.5671007694722557e-06,0.000233835375447821,-0.3702303487134372,-0.132115981931424,-0.0008757412861851
Tmem41b,0.0026092200012391574,0.7780336716464696,0.861986159478085,-0.1715640971203973,-0.0669590688299218,0.0602776238475506
Tmem43,-0.020376692310292877,0.0005245262472830605,0.0094211562936299,0.5112112806949811,0.0436613921005322,0.0386339133501022
Tmem63b,0.032577509487904555,0.005684653389755134,0.042905675023620825,-0.2491409062530987,-0.1119700617667769,0.0570179725152917
Tmem94,0.013987295066571509,0.03428556490762749,0.1290706026522567,-0.025361649139537,-0.0588917927507908,0.0269271840361019
Tmem98,0.01600357958869702,0.046582004542509846,0.15540536636451455,-0.5768531961149591,-0.03237371135354,-0.0656449839667961
Tmigd1,-0.0035562942416855706,0.0029975826320410015,0.02836390450592807,0.0288426598057479,-0.0043756630665989,-0.0004504493437213
Tmprss15,-0.0001711173505769204,0.5220574167617685,0.6777843937138665,-0.0556961706593753,-0.0002573259842046,-0.0003170532317373
Tmprss2,-0.000700162324284102,0.06083394125171475,0.18264504668922715,-0.1638561449309302,-0.0009019227749735,0.0050950479274014
Tmprss4,-0.0002443233243233999,0.5451644437720162,0.6956631333846541,0.3893759073775975,0.0003627514307523,-0.0011589815028974
Tnc,-0.10571097050716377,0.005372789804147538,0.041525152713570594,0.1902123685465274,0.3332205076830349,-0.1395304473841716
Tnf,-0.02420601807040103,0.37383253970518016,0.5528906306280441,0.1290460382688206,0.286800694985575,-0.1444862564476939
Tnfaip3,-0.02808781818030348,0.4162895016663597,0.5901869783213176,0.213833512352959,0.3860828731163208,-0.291956239653671
Tnfrsf11a,-0.03648380197843378,0.00019890860732288445,0.004675727216378035,0.4642176367011332,0.1268413961149811,-0.0250658747956326
Tnfrsf11b,-0.013722773291761104,0.035609261198364536,0.1319683611857847,0.2441680338727974,0.0074649026406268,0.0569596912423213
Tnfrsf13b,-0.0285737585928763,0.017626647235006426,0.0850648321152013,0.4072782479466824,0.1292931223857387,-0.1559723844915843
Tnfrsf13c,-0.007664125516485523,0.24298470270584516,0.42244886452028496,0.0457504258987726,0.0051566565697133,-0.0872332967333141
Tnfrsf14,-0.04817234361432608,0.16977570437506218,0.33975122323153867,0.2687837521552891,0.3305158094889955,-0.2558701841576642
Tnfrsf18,-0.0065294598231448,0.3129996340412619,0.4966131052082355,0.2297467039699234,0.0854257985291293,-0.0719195873791935
Tnfrsf1a,-0.04224391019137922,0.04740097753988679,0.15680440105769294,0.2759944171067262,0.2371416044388674,0.0535219609752124
Tnfrsf1b,-0.0873403692413643,0.09510080520962817,0.2389700528937504,0.3607818911908645,0.5220074035624966,-0.414903714316241
Tnfrsf4,0.0003939095424617358,0.980605396470445,0.9875751485480236,0.1720613843584275,0.1860431171135029,-0.2239811668418038
Tnfrsf9,-0.006585319674508971,0.7936189762361007,0.8715320197162411,0.0532097344692246,0.323387373073602,-0.234686014637979
Tnfsf10,-0.029050864869454778,6.530815012449857e-05,0.002163226453149787,-0.0678797079911137,0.0317355091225284,-0.0351185615594384
Tnfsf11,0.005952949716507063,0.4046140425756961,0.5812267618075544,0.3809220243310851,0.0685285680983136,-0.0201990775190776
Tnfsf12,-0.02051081670461794,0.13550385349686409,0.29641669318896036,0.702915510955599,0.0420914817366876,0.0771256031051659
Tnfsf13,-0.02182854592919979,0.3875190588088766,0.5649427604984508,0.6323007231553195,0.1667713082449327,0.035216880083184
Tnfsf13b,-0.004108974889893749,0.7089273265900735,0.8161223861286313,0.278978140534907,0.0935808848499609,-0.0459212098373678
Tnfsf14,-0.007402630925605266,0.35362922978826683,0.5343195204828048,0.0783227399897466,0.0934249134555427,-0.0373314400289127
Tnfsf4,-0.001732575545407632,0.026492367853041383,0.10934456081149706,0.1904610121655425,0.0057621554237982,-0.0089939217379107
Tnfsf9,0.0005846055250410452,0.7339979350900003,0.8329529403546366,0.0551988834213452,0.0141439342413652,-0.0071319215037884
Tnks2,0.01108013162615913,0.31759142678674285,0.5015584730771441,-0.1235758786504891,-0.0546493346138263,-0.0030920697753675
Tnnc1,-0.00044081099731779793,0.5300950654728157,0.6846430662428034,0.094484575225726,-0.0045180327116661,0.000647516585991
Tnni3k,-6.875469729502515e-05,0.7564802788027509,0.8456730006953392,0.2150767304480343,0.0003689576628205,0.0008009134395274
Tnnt2,0.00184848099306777,0.0647907605463238,0.18941581917859365,-0.427915668324933,0.0003830091170503,0.006193755489132
Tnp1,-0.0006788894094390385,0.06298299232874931,0.1868971750255673,-0.2794754277729371,-0.0004776299272839,-0.001566355293878
Tnpo1,-0.019741950646114986,0.0896643072658415,0.22937694652109203,-0.1536617565513124,0.0424600173769071,-0.0578530318694159
Tnr,0.02571707411512667,0.20546657680378355,0.38125016730230893,0.087025266655274,-0.0872911264124207,-0.2980061595543755
Tns2,-0.019671624246103393,0.3504706699774973,0.5308597380235499,-0.0171564097120397,-0.1642022403969611,0.3070842600065395
Tnxb,-0.06322879275670025,0.020085890219205677,0.09297470599652283,-0.1011979529391329,-0.1985918980103197,0.2257923226101111
Togaram1,0.003636878275621936,0.7557445628516578,0.8451502391154362,-0.2359627944453001,-0.0393691208590586,0.0468658718490981
Top2a,-0.02200860808768899,0.4770158571851715,0.6430385537794819,0.1469483788379055,0.2584428437505011,-0.2041980917613215
Top2b,-0.013793681867448476,0.041562947122454875,0.14506593316034744,-0.3816679551881303,0.024286962701824,-0.0534541472826477
Topbp1,-0.010609895967387673,0.3142053501290833,0.49821619241792164,0.0144213299028739,0.1137434074024825,-0.077976149429796
Tor1a,-0.005996232513387835,0.4243469764807162,0.5974589917273346,0.1713154535013822,0.0871193829640815,-0.0199713688337006
Tor2a,-0.013307933644743617,0.04619343679927626,0.15461464639967729,0.4087701096607727,0.0655478611437988,0.0249346391362581
Tox,0.004247504104254998,0.6214191514326888,0.7543016252384525,-0.3294527951949659,-0.049420702024741,-0.0232622046265233
Tox3,0.006504167272155189,0.3636136101539702,0.5436087413233887,-0.3714735668085125,-0.0332143991338342,0.0115729009016311
Tpbpa,-0.00032341289921896836,0.24511032356286833,0.4249856425881004,-0.2148280868290192,-0.0005833750078187,-0.0006319527312741
Tpcn1,-0.02215768728965971,0.10197235551964455,0.2495974018741396,-0.0974682986539069,-0.0747170593484418,0.0653061072645364
Tph1,0.00025762300086684095,0.46617496823960203,0.6335000099769598,-0.30806944395967,0.0003115652716066,-0.0005228992722696
Tph2,-7.595280062296699e-05,0.8768929885994878,0.9229130173505883,-0.1889691504514521,-0.0025544455812897,0.0021605806148005
Tpi1,0.04843915683958088,0.0004215359293131968,0.008012055043586956,-0.2727620500595302,-0.0204664093490842,-0.0467722876972227
Tppp,0.05426307759181608,0.07635101681777477,0.2099550063544308,-0.2740052681546056,-0.269349104101509,-0.0035523622387845
Tpr,-0.026416456537332683,0.018580087412139738,0.08811020644864329,-0.3018533534842932,0.0307189462938246,-0.0177030527539381
Tpsab1,-0.00026910706116781033,0.4723870435200579,0.638022758734556,-0.1357594159822274,0.0009273947505566,-0.0006081237391792
Tpsb2,-0.007965269076670202,0.1744243126183631,0.34501302840070747,0.0972196550348918,0.0011345228085221,0.0014642675425283
Traf2,-0.020184100593622228,0.10512484632809753,0.25370757397146976,0.3508361464302618,0.0910236233872628,-0.1031235929352293
Traf3,-0.0027995427859580225,0.686030140698884,0.7993238345603032,0.0542043089452849,0.0257805765141495,-0.0637487354929836
Traf3ip2,-0.019632653868049015,0.010817003200603692,0.06241802412475049,0.0768308782756562,0.0539148612161788,-0.0276417389727967
Traf3ip3,-0.03176885983511148,0.14591007026156505,0.3102082114785359,0.2503841243481741,0.2093598578561347,-0.2894762416786486
Traf6,-0.00015052760856912905,0.9748058911061019,0.9844555237640519,-0.1223326605554137,0.0127244362154105,0.0165938170902433
Trappc10,0.025331617521359005,0.04710495014416726,0.15643382206080547,-0.3543171570964727,-0.1122916178906083,0.0478596150965637
Trbc1,-0.06435347559421219,0.08658763744720231,0.22592508369216316,0.2623190180608973,0.3611603600291189,-0.443546132742003
Trdn,0.0016776348894794629,0.6651367746513632,0.7854865950609045,0.1999094696881151,-0.0168911892810824,0.0265269801448009
Treh,-0.0003254153486512776,0.21537890499152257,0.39181447730447816,0.0892630592264096,-0.0008343051280475,0.0010530448483974
Trem1,-0.0010543840038052784,0.8605376152449182,0.9145004948675682,-0.0566907451354356,0.0498892494162151,8.698485951027374e-05
Trem2,-0.08983703328444217,0.022550953218767475,0.09939324333740068,0.7459308570452059,0.1304363669107497,-0.0537050593813326
Trex1,-0.02266650579805467,0.20651223072762487,0.38236620288261863,0.0559448142783904,0.2012271652367184,-0.0849824745212456
Trh,0.004710907153123418,0.504719283676158,0.6655020166344369,-0.4306507481340988,-0.0263429946106562,0.0252726203354367
Trhr,-0.004159932512047395,0.6355228736744636,0.7643877543165958,-0.2951399757708864,-0.0471954762139982,0.0553078096715691
Trhr2,0.007601392617789924,0.025019326192929334,0.10547403546291945,-0.4913197911737756,-0.0229632708863021,0.0072251984432287
Trib2,-0.004784784986334032,0.5439648831201749,0.6949073049827228,-0.2222873953994713,-0.0722477963749935,0.0576630458676072
Trib3,-0.008893640766087403,0.012591130090881324,0.068913470593976,0.3180151887202728,0.0283539388807875,0.0079503680121551
Trim17,0.0034330116647924894,0.16639859957722747,0.3355530774252526,-0.1225813041744288,-0.0306889019868332,0.0124753151330833
Trim2,0.045607328268450535,0.1188177130397499,0.2736294149958303,-0.3433768378598097,-0.3091534823241835,0.1502877301470424
Trim21,-0.02723705692297708,0.08189265924591492,0.21860567704997075,0.0191455586641602,0.1395242185737737,-0.0619381316860156
Trim24,0.0065009069462536985,0.4651087448397744,0.6330095270618167,-0.1979203207359946,-0.0632152897618015,0.006208376941668
Trim27,-0.025218281744237753,0.05434674836280528,0.17017971970452409,0.3530739390013974,0.0954006978767287,-0.0902793262390762
Trim28,-0.010987531788083298,0.031137901353749504,0.12171221057890899,0.5000223178393031,-0.0100261543315303,0.0568225866377793
Trim29,-0.004841541306216291,0.044958744141690134,0.15177667363783018,0.5927663877319236,0.0151143812966393,-0.0031742860211747
Trim32,0.022088912816457647,0.06118012842321472,0.18325298595820216,-0.174050533310548,-0.0753399542914546,0.0231950771295165
Trim33,-0.0038007290903695713,0.5455147548865471,0.695669641099817,-0.2506327679671892,-0.0120600522020227,-0.0294615391357317
Trim34a,-0.029080678431740472,0.05428273372060704,0.17008367611106667,0.1362567032202576,0.111532820464188,-0.1166535919484479
Trim36,-5.092247623793415e-05,0.9932142800875305,0.9953607156633583,-0.2759944171067262,-0.0473180857651717,0.0136085271526843
Trim63,-0.0008715420901414769,0.11762331769070239,0.2720934236439146,0.0101943883796178,-0.0039530369823885,0.002981927203851
Trim65,-0.003512443585376762,0.5622460911262519,0.7095540105974792,0.4781416793659769,-0.0261595241122652,-0.040030371835418
Trim7,-0.009405648911654447,0.27596610580927505,0.4570464629003611,0.1479429533139658,-0.025807800741612,-0.0627278559924123
Trip13,-0.008853009413799002,0.17824973754702128,0.3495778205410825,0.1096518359856452,0.0595852160916643,-0.0344400595981131
Trmt13,0.003838758699979143,0.48410826968142495,0.6493390175243093,0.0126808245697685,-0.0276665818486336,0.047032247525889
Trmt2a,-0.006401768955837828,0.10526502642094065,0.2537603496092714,0.1106464104617055,-0.0078919049222442,0.0133484133749575
Trp53,-0.024584849779031998,0.022337561403203872,0.09894935884611585,0.5201624509795235,0.0695234752043525,-0.0547306140330645
Trp53bp1,0.012138827293116572,0.20274281067778097,0.37809072167250696,0.0186482714261301,-0.0903170254168679,0.0627392174529037
Trp53cor1,-0.00014290850988079708,0.9448646201602566,0.9651130272409211,0.1842449216901658,-0.0195436711780361,0.0144099493627884
Trp63,-0.01566361550747493,0.00927151514984909,0.05650418014262869,-0.3975811468050947,9.85732469162004e-05,-0.0186018893452498
Trp73,-0.003290516172018353,0.03394439929971554,0.1282595413539622,0.0079565958084821,-0.0008874466762169,0.0013742541698136
Trpa1,-0.012061983632430065,0.0009894432966593566,0.014151459256006716,0.1141274211279165,-0.013316334113297,0.0117847335630777
Trpc1,0.011889882266230582,0.13422798890088852,0.2956181004564408,-0.282459151201118,-0.0761519042763606,0.0605032767874881
Trpc3,0.001907426050921442,0.8555156702327638,0.9118231161423584,-0.427667024705918,-0.0792621796570671,0.0085357855396828
Trpc4,0.004138448645085212,0.2142215251688409,0.39040514465389686,-0.3369121037654179,-0.0201521268971327,0.0283661275910583
Trpc5,0.02785888146201237,0.01406746378583294,0.07428378133699154,-0.3727167849035879,-0.0843408031594294,0.0578659417218104
Trpc6,-0.006528947232540195,0.00016866206372847565,0.004136274937879588,-0.068874282467174,-0.0018404530548392,0.0022779601172485
Trpc7,0.005591468399691894,0.00977290635277573,0.05843176927313207,-0.0910035645595151,-0.0114648846203439,0.0133912232182478
Trpm1,-0.0003647891134666657,0.3195250955517171,0.5030547877806509,0.137748564934348,-0.0040252005430363,0.000332600622982
Trpm2,-0.0031216493317154943,0.8599235269773192,0.9144194102796133,0.2317358529220439,0.1629911524391647,-0.1171987358902044
Trpm5,-0.0005331324171364237,0.08195425642535269,0.21864469771219877,-0.2327304273981042,-0.0018117824799022,0.0008019015137066
Trpm6,-0.0002826988879408341,0.9391936672685562,0.9614342558171595,-0.1141274211279165,0.0098249121584554,0.0442961466918037
Trpm7,-0.019645005184060094,0.1574731721109242,0.3245537983587169,0.0601717558016466,-0.0338567281320536,0.0858686477722783
Trpm8,-0.006041364582413758,0.2720267476540026,0.4533186670313843,-0.1036843891292836,-0.0067641214036419,-0.0068516695309855
Trpv1,-0.004534769772503448,0.21192060940314458,0.3874577163316991,-0.2332277146361344,-0.004392606081381,-0.0040465426678981
Trpv2,-0.04368868910296888,0.047181424032599915,0.15648052793339048,0.3689871306183618,0.2093602484206481,-0.1088520140538944
Trpv3,0.004242379162343561,0.04391163924330144,0.14942242546053322,-0.3162746833871673,-0.0162548859984725,0.0097273181874228
Trpv4,-0.00749484047433055,0.0378076573290559,0.13765657390115216,0.6134038081101743,0.0261615908877093,0.0127063305572791
Trpv5,-0.0007284417202680731,0.019956789887507646,0.0927981633693496,0.0087025266655274,-0.0005505669069352,0.0007023637637393
Trpv6,0.001627156141022241,0.04720506709394643,0.15648052793339048,-0.3595386730957892,-0.0021226710880985,0.0035182329767829
Trrap,-0.011596888282027668,0.052478654257444406,0.16688502424023707,0.4328885407052344,-0.0373535459727962,0.0352933986924044
Tsc1,0.017971618475335027,0.1347959465745556,0.29603956521956404,-0.166591224740096,-0.0893766507552403,0.0891462416370861
Tsc2,0.015729147191345123,0.18150652023896474,0.3537255140416072,-0.3988243649001701,-0.0924304512275615,0.0493132023244695
Tsc22d3,0.016036681162934607,0.483092585492104,0.6485219099954623,-0.0818037506559575,-0.2504143839092922,0.2437798369197663
Tsc22d4,-0.022614845518661563,0.008905273689042158,0.0550851490238573,0.1297919691258658,0.1164305554440792,-0.0617556367656206
Tsg101,0.0007086167470939828,0.7955065938620434,0.8724745506966852,-0.0487341493269534,-0.0103078205818597,0.0055399584416073
Tshb,0.00024305853662275666,0.4166630387007726,0.5903883778924003,-0.3152801089111071,-0.0003803334104781,0.0002369639224227
Tshr,0.0006723632968593564,0.21043377420564355,0.38612326698668625,-0.0877711975123192,-0.0022561550545202,0.0024907486248043
Tshz1,0.05053860234937488,0.0006899487313928931,0.011209240369554096,-0.2108497889247781,-0.11127074575101,0.0934891887490178
Tslp,-0.0007188273090761175,0.3039377426355762,0.48738963382083444,0.2046336984494015,-0.0027945560747737,0.0048471900987549
Tspyl2,0.009918996863962987,0.39253811178877795,0.5696548814323062,-0.3580468113816988,-0.0829692727821951,0.1266821626792533
Tssc4,0.00332537447099761,0.8057300877303559,0.878962612812777,0.0571880323734657,0.0518257025706463,-0.0117785104000049
Ttbk1,0.039322036217100176,0.011417379598171051,0.06442483775472405,-0.5780964142100345,-0.1086956983718876,0.0109422741944591
Ttc8,0.0075125568011211565,0.5680556777174457,0.7152337575690216,-0.2344709327312097,-0.0908680888884178,0.0730270454032678
Ttk,-0.006117405891942811,0.2663727966504464,0.4471101137591073,0.0539556653262698,0.0481837670456778,-0.0306925699819191
Ttll3,-0.0046780931074009435,0.29854204020125896,0.481877077346716,0.3503388591922317,-0.0551089556400066,0.0427950363900102
Ttll6,-0.011871576892899671,0.019061719487637817,0.08917154342299538,-0.2327304273981042,-0.0373420283720859,0.0346407910479333
Ttn,0.015894924371976146,0.32299447215820165,0.506173518426724,0.1842449216901658,-0.0867897570527835,0.1452020198887909
Ttyh1,0.06836485134321475,0.06320886344791052,0.18724065763518674,-0.2508814115862042,-0.276332537413344,0.0473811141735049
Tuba3a,0.0001734551104031483,0.4852510766574629,0.6500172641884764,-0.3396471835745838,0.0007872091637258,-0.0015286212806126
Tubb1,-0.0010258812667111959,0.3259131772192032,0.5085601459147003,0.3137882471970166,0.0018221683132343,-0.0017150990757865
Tubb2b,-0.009206444036331866,0.6761947390847083,0.7928703258032457,-0.3421336197647344,0.1802107611325727,-0.2287430890033812
Tubb3,-0.006811622889212402,0.7571896910705256,0.8459099023545228,-0.5030060412674839,-0.0530322503479689,-0.085572452948881
Tubg1,0.005287036087899946,0.573309114537488,0.7191991678370363,-0.1892177940704672,-0.0443865279457053,0.0651061139177423
Tubg2,0.03525074162228256,0.007781451979472891,0.050742668153894416,-0.4149862001361495,-0.1130893047725691,0.0681532948411595
Tubgcp2,-0.009594217542959966,0.10952659756409232,0.2607070341457932,-0.1494348150280562,-0.0120034854241301,0.0640051811636126
Tufm,0.007989783240750718,0.07755213784434484,0.21211445316032335,-0.409516040517818,-0.0195507165757529,-0.0083925834721411
Twf1,-0.005644791778982798,0.6848223418891429,0.7983836173174701,-0.1300406127448808,-0.0240126971971225,-0.0134233603704754
Twf2,-0.022338058570567518,0.10097841650106962,0.24787820143020026,0.4157321309931947,0.1025029591878465,-0.0997066057706181
Twist1,-0.03368256339781975,0.00012902187591352728,0.003482225338809009,0.2093579272106877,-0.0082835710743979,0.0640644748441331
Twist2,-0.0017802532762781857,0.004350652737227907,0.036199982990622194,0.2287521294938631,-0.0018624751819948,0.0053605902252182
Twnk,-0.0056664054941860525,0.004395800048491284,0.03631481135880423,0.5504969724993619,-0.0154788097323267,0.0245491089778955
Txnip,-0.0888997726865767,0.006370955924835562,0.04575664490857899,0.6245927709658524,0.1742450057218669,0.1492877554325615
Tyk2,-0.020020145313232984,0.027038454643679814,0.1107816523192054,0.4940548709829413,0.0433601841830119,0.0082713098300354
Tyr,0.00023288565628655774,0.5973526459676571,0.7360134896330964,-0.2812159331060426,-4.1979597963775e-05,0.0013874911136577
Tyro3,0.038040717781159916,0.10505212779601603,0.25370757397146976,-0.3468578485260207,-0.2592081551031797,0.0602534542737545
Tyrp1,-0.004167561588945613,0.20821415842937077,0.38417964151275436,-0.2220387517804563,-0.0016287911032806,-1.6661400836192643e-05
Tyw5,-0.0012621495317869317,0.7991566255896411,0.8747849671958711,-0.5800855631621551,0.0033340207435944,-0.0322111222232081
Uba1y,-0.000125654132601234,0.6678075706484292,0.7876180096034351,0.1250677403645795,-0.0010595659150553,0.0019808105468708
Uba6,0.0015981677492679495,0.8402257227046648,0.9025039822102536,-0.242676172158707,-0.0668380350791481,0.0305839990274945
Ubac1,0.01604122658002816,0.13591818180140725,0.29641669318896036,-0.4157321309931947,-0.0911389087745546,-0.0004225843856801
Ubap1,-0.0018828754816925001,0.8450324338960848,0.9055694212823379,-0.2093579272106877,-0.0388715545588977,0.0411035288860311
Ubash3b,-0.0030998498009663484,0.7708932264981649,0.8570067594644283,-0.1765369695006987,0.0469235780825264,-0.0348131484010656
Ube2b,0.000505959058410763,0.963041423090506,0.9764409260951444,-0.1914555866416028,-0.063365586399718,0.0692986728314479
Ube2d1,0.015628209597620207,0.08923278068502327,0.22861698356318622,-0.2859401618673289,-0.097781327425913,0.0307339788491356
Ube2g1,0.009000241814255893,0.5847350317304607,0.7285839074887128,-0.3548144443345029,-0.0741805260606506,-0.0071174137232991
Ube2g2,-0.013644995117633625,0.05736575776995167,0.17702524524169597,0.2938967576758111,0.0254269210832336,0.010287410790304
Ube2i,-0.01687340864214625,0.11720001068702961,0.2716207426235975,-0.036550611995215,0.0545666634110855,-0.0031120442139551
Ube2m,0.017168963413595112,0.07112259870332913,0.2013298423893906,-0.3630196837620001,-0.0421526932750826,-0.0124925170219287
Ube2n,0.0004145343887500499,0.9172497521151662,0.9465690846731667,-0.3401444708126139,-0.0253834441542491,0.0186240703389186
Ube2r2,-0.0022893366056780198,0.6133099973643596,0.750058570260273,0.0755876601805808,-0.0164373403870367,0.0175922175382166
Ube2u,-2.8496202040472764e-05,0.9005421566774446,0.9359546742485014,-0.1009493093201178,0.0005433399990516,0.0004570544632821
Ube3a,0.010048539394481427,0.4921247684148795,0.6547544193229787,-0.4607366260349222,-0.0926683073133602,-0.0328560903946157
Ublcp1,0.009321572028922915,0.23240456664457135,0.41120211392783856,-0.3361661729083728,-0.0833988008666718,0.0356683849240386
Ubr5,-0.004518854009607673,0.7290892271548162,0.8306583106374683,-0.0731012239904301,-0.0446437552962197,0.0566752199761266
Ubr7,-0.004947639797140705,0.24099143504910292,0.4199854151641524,0.0455017822797575,-0.0065014967351439,0.0097842568110562
Ubtf,-0.013298390160086307,0.13460312125429896,0.29582530009400215,0.0780740963707315,0.0016543771485089,0.0250867233588458
Ubxn7,0.004893230456371909,0.6459479652361901,0.7731066566564537,-0.1290460382688206,-0.0843960597236617,0.0516811239242669
Uchl1,-0.013108607297692773,0.5874892873368127,0.7306686703348719,-0.5330919191683071,-0.1683141214668251,0.08254053045273
Ucn3,0.0032309867440189623,0.15117137945208328,0.316423966592153,-0.3113018110068659,-0.0215998834682602,0.0029848174694025
Ucp1,-0.0019217387495144007,0.015495666985740753,0.0794353819621739,0.0405289098994561,-0.0039438647115139,0.0047682022115834
Ucp3,0.018062863467231082,0.015909042973352886,0.08018975119275995,-0.4264238066108426,-0.0559628511016759,0.0344414467632981
Ufd1,-0.0007465838068893038,0.9569811822873364,0.9720352470823781,-0.3356688856703426,-0.0416199354472712,0.0909455573545312
Ufl1,-0.005394254796808847,0.5403434632658182,0.6927097275996327,-0.2125902942578836,-0.0244790618386698,0.0036212298727477
Ugt8a,0.06239443682348462,0.12192270269575287,0.277894417538443,-0.536075642596488,-0.4452454680875481,-0.1506069055778613
Uhrf1,-0.01275838945420878,0.43489979485201014,0.6079539198520426,0.1208407988413233,0.125838130492693,-0.0853789727278283
Uhrf2,0.009881099182550706,0.010675545987156495,0.06174827926009221,-0.0067133777134068,-0.0208719608731523,0.0098845236194969
Ulk1,0.012863434801590376,0.26209810133479294,0.44197104625083594,-0.1255650276026096,-0.0826395912965101,0.0610742058619411
Unc13b,-0.00017537411462568522,0.9866492113406583,0.9905328925504228,0.0124321809507534,-0.0755413761376228,0.1135377933954316
Unc5c,0.030104987191370326,0.007352385593607223,0.04912030750675021,-0.286686092724374,-0.1143229955149847,0.0562850618807542
Unc93b1,-0.04778342125121667,0.11475092320085974,0.26801418308495534,0.4582501898447715,0.2733880720919757,-0.2675713249637041
Uncx,-0.0019982291528764084,0.13584263490967244,0.29641669318896036,0.0924954262736055,-0.0062350575428201,0.0073422421830136
Ung,-0.005068479967524963,0.4656634479655637,0.6334264661526241,0.1474456660759356,0.0493329659033605,-0.0370732934290918
Upk1b,0.0005770753650321408,0.7212660871045491,0.8247592705756193,-0.1084086178905699,-0.0062808871287876,0.0103609451746968
Upk3b,4.377048851897867e-05,0.8886405080789024,0.9301297353201845,-0.5316000574542167,0.0004648306750518,0.0001725211336413
Uri1,-0.008216251372021224,0.4084762753130249,0.584962796286283,-0.2240279007325768,-0.0269254220731022,0.0314181534600241
Urm1,2.5072451569395232e-05,0.9938537402258869,0.995610355241997,0.0096971011415876,-0.0140846188179435,0.0036522465035561
Usp14,0.007456015764479403,0.47784056893891924,0.6434701008863323,-0.4764011740328715,-0.051546362217556,0.0040963936590541
Usp18,-0.013853021102328522,0.5717935614114857,0.7180604173493736,-0.1218353733173836,0.1133384860691071,-0.1886645804560126
Usp2,5.5055191953546476e-05,0.9955480457100263,0.9964927755452466,0.6191226113475209,-0.1013529975180014,0.1932899715146403
Usp22,-0.012958026744431153,0.3584214651188231,0.5391648167417036,-0.2578434329186261,-0.1164739361058759,0.0870441232888536
Usp25,-0.009758245862755853,0.17775101155932896,0.34914783719874315,-0.0810578197989123,0.0722555126575763,-0.082325291812167
Usp3,-0.014044036554927135,0.0011657240476464334,0.015814782891075685,0.3259717845287549,0.0442352512602982,-0.0053724396592522
Usp32,0.010101339810691095,0.5837361739688116,0.7283850840056038,-0.3799274498550248,-0.1076268651884855,0.0346649137133732
Usp47,-0.0040605095482097045,0.6430997950978732,0.7706018451478156,-0.0477395748508931,-0.0323586865846694,0.046320898267999
Usp50,-0.0010184708253792325,0.04572392078662679,0.15364803684623404,-0.0676310643720986,-0.0017503950485412,0.0017181506307939
Usp54,0.051960723651549794,0.03658635683183595,0.13445749726166797,-0.3232367047195892,-0.2161531382379733,0.1485333808258688
Usp7,-0.008149347962840904,0.1756533976438255,0.34682282838180634,-0.1919528738796329,0.0092029078033182,0.015236904543906
Utp25,-0.0012871886388964632,0.8872487257403208,0.9295246970633345,-0.2342222891121946,-0.0618374631041345,0.0429053547225938
Utrn,-0.0443126149768025,0.08945482280465589,0.2290708087984687,-0.0372965428522602,-0.2404848393207697,0.1690870414972449
Uts2,-0.028910939704729022,0.004986230192165641,0.0395947692135838,-0.3135396035780016,0.0360107417153209,-0.0016857669825126
Uts2b,-0.0006453211234296634,0.8039613944864445,0.8780578347769641,-0.34437141233587,-0.0154889731376824,0.0145232677967444
Vamp2,0.020712467997206836,0.38065367553480456,0.5601526331122367,-0.1944393100697836,-0.2336611765188387,0.24302702923115
Vamp3,-0.018381804419254782,0.3362074600044248,0.5181260844426102,-0.0313290959958986,-0.0259780762191375,0.0016300972857032
Vangl1,-0.016009307764697462,0.013118533452292526,0.07081231655041711,-0.0203887767592356,-0.05945752839592,0.0782402613113313
Vangl2,-0.001975368183899553,0.8470429225380254,0.9074489951435283,-0.069122926086189,-0.0710150092877185,0.0235989139150967
Vasp,-0.02166371178173627,0.051757219619271926,0.16550157661293538,0.1529158256942671,0.1045044277374376,-0.0648212804204869
Vat1,-0.06853194747080514,0.010601115712005716,0.061590308937290617,0.7282771600951359,0.1154433180731153,0.0318771068747942
Vav1,-0.05292583150931495,0.14226924732603313,0.3049224498361744,0.4502935940362893,0.408666526647391,-0.2436985325973668
Vav2,-0.012270764665497544,0.003871728293120425,0.03381795551919056,0.6235981964897921,0.0035990738478112,-0.0009781781837182
Vax1,0.00010696367927278112,0.7867871424764792,0.8673873381829523,-0.3538198698584426,0.0007907650064721,-0.0001764923928638
Vax2,-0.0012378419624024777,0.33957643470612453,0.5203302473523403,0.0755876601805808,0.0118926950588149,-0.00686627991221
Vcam1,0.007335206726330191,0.701889008826235,0.8118520347799,0.3679925561423016,0.1055864808776005,0.0636267941274568
Vcan,0.008737865424889205,0.39719728656079556,0.5739669571520165,0.1556509055034329,0.0928429257408209,-0.1469166645313919
Vcl,-0.048242754821977,2.253810272770959e-05,0.001173131245041292,0.4510395248933345,-0.0099319017032009,0.1131162259301277
Vcp,0.00028971133920071185,0.9734691692851465,0.9834949955483328,0.0850361177031534,-0.0825627790863696,0.1096679226288488
Vdac1,0.04895411249084368,0.018439711586709064,0.08790744748018967,-0.4826172645082481,-0.1659979180132751,-0.0132834109205703
Vdac2,-0.00776590237824127,0.2793231364876428,0.4596165536078631,0.1213380860793535,-0.0091841652576929,0.0436524479494742
Vdr,0.00506683243340936,0.5879844121163523,0.7308666141745453,0.1084086178905699,0.112629712914818,-0.0385687577114925
Vegfa,0.03518953170741589,0.007272262081095916,0.04897597321094813,-0.5582049246888291,-0.0582055384986709,0.0423205689304894
Vegfb,0.02922399479325192,0.01028914472388482,0.06060615154334466,-0.0325723140909739,-0.166965217105921,0.0708370826068538
Vegfc,-0.0017011960652354168,0.5696613281168765,0.7162539893330508,-0.253865135014385,-0.0157714636038524,0.0154248866593909
Vegfd,-0.011410563942210883,0.00026015578315472453,0.00570760897209107,0.3739600029986631,-0.010690102220399,0.0313403019813875
Vgll2,0.00017488495154485825,0.6420683887398816,0.7699085216178035,-0.1854881397852412,-0.0015390480738623,0.0012228921920135
Vhl,-0.0017535382187095897,0.6828150710020919,0.796851905097614,0.4724228761286304,0.0083995550002886,-0.0080339877539097
Vil1,0.001408933234890887,0.2790409218386951,0.4596165536078631,-0.0380424737093055,0.0098676012986857,-0.0029562767826973
Vip,-0.014195207213994645,0.0006942224800319168,0.011237190525776526,0.0027350798091657,-0.0102844375337123,0.0175503035251468
Vipas39,-0.0031479045807876606,0.4083542675611431,0.5849522939706238,0.0929927135116356,-0.0219269563878978,0.0351958218616528
Vipr1,-0.01918522252216678,0.03277250394326529,0.12584047245287747,0.2879293108194494,0.0173549886831783,0.015008492961892
Vipr2,-0.0014360251318340936,0.032505199471356244,0.12523340068231736,-0.4510395248933345,-0.0012165520756706,0.0017086819340003
Virma,0.0018934725568989365,0.7180774375463883,0.8222026956058646,0.0049728723803013,0.0040142536023842,-0.0345471366096223
Vit,-0.011285136314639658,0.023995612167473864,0.10259984716369168,-0.2093579272106877,-0.0272016247495096,0.0189629501204508
Vldlr,0.01952992313180194,0.33468709165483823,0.5168752208693096,-0.2185577411142453,-0.1277925819621059,0.004581775530796
Vps13a,-0.0055632778008082055,0.4995413008523417,0.6616879188906246,0.0057188032373465,-0.0498469307457788,0.0623381752476751
Vps25,-0.020105984771788172,0.0049607430635037215,0.03953867244833201,0.2018986186402357,0.0376205329108429,-0.0003886652001864
Vps26b,0.0009033225364347083,0.9478943184058024,0.9661381853687463,-0.1902123685465274,-0.1001716482674066,0.0733068267396337
Vps28,0.005502927859759466,0.39710616222767525,0.5739669571520165,-0.1713154535013822,-0.0214997999630062,0.0368259089075035
Vps51,0.004070046913229341,0.3435403200871844,0.5241995730675225,0.1392404266484384,-0.0219878088411483,0.0433083496079567
Vps54,-0.020263503999110203,0.00236575892938315,0.024135472597566897,0.1790234056908494,0.0373554255769595,-0.0261941527979807
Vps72,-0.000536607989964387,0.937200170533419,0.9597787733167978,-0.1894664376894823,-0.025125524032168,0.0129429474521112
Vps9d1,0.006454679927714559,0.22028314968614024,0.39775307827405343,0.0310804523768835,-0.0336084571234189,0.0447239798810318
Vsig1,-0.00024280716562373008,0.5513677723017658,0.6996335837092804,-0.3811706679501002,-0.0009777189147495,-0.0009155144975606
Vsir,-0.03577478347899547,0.028561760653343808,0.11480972505335442,0.5490051107852715,0.1436278883978403,-0.099577754702562
Vstm2a,0.014253567284527814,0.20087416945035605,0.3765744720199435,-0.5534806959275428,-0.0736263567374525,0.0090604900846333
Vstm4,-0.0037729909146821043,0.8528839247400354,0.9106183299407667,0.2951399757708864,-0.1344595037672,0.0638294015696234
Vstm5,0.0102343594921092,0.37065369958931316,0.5501031485612704,-0.420456359754481,-0.0596676104985198,0.0595395144177169
Vsx1,-0.0027329512965500948,0.01736877747051917,0.08478290323169214,0.1852394961662261,-0.0054187854346033,0.0100142068651249
Vsx2,-0.0034796653625277876,0.05389952559514861,0.1692989409241706,-0.5748640471628387,-0.0019808387687361,-0.0051894293795916
Vtcn1,-0.002635408437363841,0.0064350925776320645,0.04584554083589548,-0.0897603464644397,-0.0031956126941998,0.0023000070059008
Vtn,0.023919716727498343,0.5567645109981061,0.7038552095666268,0.3162746833871673,-0.3985552121600666,0.4047831935040427
Vwa8,-0.0017445541383263766,0.807843380145301,0.8808912103722061,0.3070748694836097,-0.041611524422468,0.0183742230955648
Vwc2l,0.014126066990438522,0.0069358630354465845,0.047993870906177405,-0.3620251092859399,-0.039223218436621,0.0199696634196533
Vwf,-0.03250351499766781,0.1329226831076201,0.2941599160659306,0.503751972124529,0.0539983424623511,0.255446656434289
Vxn,0.03768044775527113,0.009235215815107932,0.05641776751241385,-0.1735532460725179,-0.1165853081963627,-0.0421703455230874
Wap,-0.000998272082394717,0.23030784025971424,0.40886053244489695,-0.4120024767079687,0.0003434209253993,0.0034272288247152
Wapl,-0.014583769570092244,0.2772137230786166,0.4582200911937858,-0.1934447355937233,-0.0041560760545444,0.0047275176904018
Was,-0.015623813559031708,0.13938682902223504,0.30084171731920745,0.3093126620547454,0.0972069331146963,-0.0708000870749783
Washc1,-0.01846117491329712,0.0008133498656698601,0.012347909716612966,0.192201517498648,0.0641417734099157,-0.0378632210784719
Washc2,0.026770378980558618,0.025216391811526323,0.1060000000250537,-0.2886752416764946,-0.0427180591519962,0.08359890520203
Washc3,-0.004646426158690026,0.28057114001536454,0.460783446625362,0.3436254814788249,0.0195226896502743,0.0001470402396526
Washc4,-0.0050533936324074075,0.7310127479600005,0.8319714474216784,-0.1417268628385891,-0.0758111403924018,0.0224372190884436
Washc5,-0.013896768182930211,0.08593574283474428,0.22491443006671655,0.4400992056566715,0.0468848176099742,-0.0145221521577048
Wasl,0.023060729193062856,0.07723460051834549,0.2115863035682494,-0.290167103390585,-0.1561001776100611,0.0355703295422875
Wdr34,0.0157507498734617,0.08027155723823505,0.2161907146104736,-0.2483949753960535,-0.0564202385361605,0.0651946628205694
Wdr36,-0.011165959222685084,0.0012938071160104622,0.01700956211023033,-0.1260623148406398,0.0328689726420972,-0.0045342941899173
Wdr37,0.007810645133899183,0.4150398957542576,0.5895088967794948,-0.5328432755492921,-0.0447265339474644,0.0132998798737137
Wdr4,-0.0036757703808301357,0.2864774089565598,0.4684681897511585,0.3677439125232865,-0.0139239314176153,0.0234425480465584
Wdr45,0.018479897392834264,0.04667046637601848,0.15559872482618972,-0.0529610908502096,-0.0934355492008014,0.0886715528781638
Wdr5,-0.010498941682318316,0.04167488732163904,0.1453066303675193,0.3856462530923714,0.0406817704595822,0.0026859847625223
Wdr59,0.011791092793945496,0.1350401722925213,0.29640271896047815,-0.3068262258645947,-0.0756569307463772,0.0469800241468127
Wdr61,0.007146907674084455,0.09016571279548795,0.23009689836570507,0.3088153748167152,-0.01342130003674,0.0328630663259453
Wdr62,-0.014368792806636162,0.08133100667547594,0.2181227471354378,0.4207050033734961,0.0635702460044148,0.0143875020775959
Wdr82,0.0012296778139674251,0.9033535506956955,0.9371581171646822,-0.0410261971374863,-0.0673290878403282,0.0567862309187341
Wdr83,0.002399095672318726,0.5206636592502766,0.676730655640744,-0.2953886193899014,-0.0203017887338822,0.0034240684098938
Wdtc1,0.013316916843356785,0.039053775215008225,0.13979881219070664,-0.6086795793488881,-0.0040612574489784,-0.0312573147808159
Wee1,0.015038478177067292,0.014006838062903272,0.07411709643036266,0.0238697874254465,-0.0705596376699102,0.0671922592891791
Wfdc18,-0.0008366969506337945,0.8169108520390266,0.8867976710472599,-0.1695749481682767,-0.0450683051797001,0.0404495478513584
Whrn,0.011329202957787365,0.29527276468541774,0.47906691242376465,-0.3637656146190454,-0.1236576247328405,0.0268329918112258
Wif1,-0.026937592706782927,8.757361678843257e-07,0.00011213130974263696,0.5015141795533934,-0.0089740000698828,0.0222973479952836
Wipf1,-0.023213930045212165,0.008878634842585085,0.0550851490238573,0.4967899507921071,0.0715869534091436,-0.05530580166929
Wiz,-0.013581298190163387,0.03185978751620842,0.1232876833115495,-0.0395343354233959,0.0168992017561278,-0.0074383461987157
Wls,-0.009483144560706857,0.4839218472291369,0.6492596903513486,0.554475270403603,-0.0639874197402234,0.0819279742986571
Wnt1,3.3160087921627363e-05,0.872462772610529,0.9206521727526497,-0.3630196837620001,-0.0004057699024811,-0.000181961328447
Wnt10a,0.0004278213855981811,0.8766984006765284,0.9229130173505883,0.3483497102401112,-0.0177454032844176,0.0450994973657673
Wnt10b,0.0009935082077525163,0.40210150988341886,0.57878352814906,-0.1106464104617055,0.0062622959586535,-0.0019627427429735
Wnt11,0.0017806165593433675,0.6469097825669502,0.7738946531130424,0.297377768342022,-0.0155576400579583,0.0379351135597292
Wnt16,-0.0017555452776389794,0.17869581666262527,0.350317971097637,-0.1186030062701877,-0.0060487350539784,0.0133727440248624
Wnt2,-0.00037730022054446036,0.44102722336514844,0.6133260268226887,-0.123327235031474,0.0025186018581305,-0.0012367466815701
Wnt2b,-0.0028357263383748067,0.1773185589684107,0.3489201075291473,-0.1270568893167,0.0001347746752002,-0.0050009956419078
Wnt3,0.0005575139143425954,0.8950950832208202,0.9337744110775961,-0.3806733807120701,-0.0282707374855301,0.0117683919068603
Wnt3a,-0.00010859411981078858,0.5355227384724843,0.6889473730575664,-0.3155287525301221,0.000275560996574,2.6589098185347696e-05
Wnt4,0.018735435876614033,0.48715156650217006,0.6506834618296856,0.3687384869993467,-0.2453034669538243,0.2452151772702083
Wnt5a,0.01761150045706051,0.1758957917836652,0.34709649280018423,0.4328885407052344,-0.1310787505467721,0.1257184453992004
Wnt5b,0.009892035384978178,0.05279178699228389,0.1673653856107148,0.7001804311464332,-0.0337502554124455,0.0762513717627318
Wnt6,-0.004720026602831614,0.8780234913110779,0.9235796626962062,0.3617764656669248,-0.2378755447308527,0.3443712758780104
Wnt7a,0.05897833368049449,1.7903284224131967e-05,0.000963374730085995,-0.0609176866586918,-0.0966571856740933,-0.0293729597961893
Wnt7b,0.04226383481878704,0.007841529484861057,0.05078800373226075,-0.2195523155903056,-0.1077499548179647,0.1351390047145759
Wnt8a,-0.00016157824794899866,0.4928280004000054,0.6553481830136673,-0.2891725289145248,-0.0005445542188493,-0.0002005754269915
Wnt8b,5.427467598313526e-05,0.8375205319376572,0.9003566350714413,-0.0860306921792137,-0.0007600965135258,-0.0001488422681108
Wnt9a,-0.015843736010648774,0.03324134142500627,0.1268118647913496,-0.2906643906286152,0.0225901655047788,0.0191099198147701
Wnt9b,0.00010484284159587498,0.8415397916885363,0.9029647617591973,-0.2884265980574795,-0.0023585875678622,0.005491469828645
Wrap53,0.018538478290570648,0.02927119388885129,0.11635717725941784,-0.6643757500082633,-0.0375130819648977,0.0020667322214737
Wrap73,0.016519708024671214,0.0015809323708476436,0.01882181087435577,-0.1245704531265493,-0.049961263989021,0.019606199628673
Wrnip1,0.02058766791267898,0.016667973661426097,0.08296502783884134,-0.2474004009199933,-0.0760560786723554,0.0211977229927426
Wsb1,-0.012611868567191807,0.18013686332334627,0.3520605899664327,0.4803794719371126,0.0199663998788909,0.0893551028083358
Wt1,-0.0019822773302676324,0.027169695958115376,0.11105177811085461,0.1322784053160165,0.00410340725225,0.0003743527765881
Wtip,-0.023506518265197604,0.0037808123066613935,0.033424477601871345,0.2018986186402357,-0.0620958029365127,0.0963449288880156
Wwox,-0.0011142844139598604,0.7414052160672049,0.835965518823787,0.4910711475547604,0.003989422004468,0.0714952233311808
Wwtr1,-0.036423431812472956,1.748742558599597e-05,0.000959175891550166,0.3990730085191851,0.0538724692924536,0.0210580870188319
Xcl1,-0.016816395140614476,0.03536491201325756,0.1313441995192435,0.6345385157264551,0.0549764106642386,-0.0273167356183182
Xcr1,-0.006413755593207956,0.010846685861025083,0.06251858144303836,0.3948460669959289,-0.0080135946254552,-0.0716446756731649
Xiap,-0.0017869414085104358,0.897659374607033,0.9348814102073695,-0.264805454251048,-0.0560384743789504,-0.0191857499390769
Xist,0.0043000050221321685,0.5939662310887783,0.7346803454859017,-0.1223326605554137,0.0732383942248188,-0.4056532612164655
Xkr6,0.024626077276569316,0.035363504926212756,0.1313441995192435,-0.4396019184186414,-0.0870902293237101,0.0538947171610921
Xpa,-0.010114756950896241,0.016840417432112596,0.08340517199347003,0.1076626870335247,0.0067480238072673,0.005222524991346
Xpo1,-0.02294358007649966,0.022327996717363744,0.09894935884611585,0.228503485874848,0.003999854269441,0.0178615577010505
Xrcc1,-0.00923081342533365,0.0382946359398951,0.13877270540699524,0.3127936727209563,0.038885403335319,0.0146989319662518
Xrcc2,0.009286147704223957,0.052612229604537424,0.1668998651820556,-0.4124997639459988,-0.0301706340805392,0.019271075322747
Xrcc4,-0.011587030275241578,0.004386413188596267,0.03631481135880423,0.3326851622421618,0.0058012425682051,0.0011530115746561
Xrcc5,-0.006447319928394995,0.26652491566942493,0.44721828777293965,-0.1041816763673137,-0.0380159549509607,0.0434119749049514
Xrcc6,0.0002699008617289034,0.920297989861877,0.9488676452546528,0.3761977955697988,-0.0303094910892114,0.0093161423174563
Yap1,-0.012172027423269415,0.008136184172848239,0.05168452735454404,0.3861435403304015,-0.0022334873800508,0.0332250454703748
Yars,0.01276390670043226,0.07601683732688123,0.2095935160469035,-0.478638966604007,-0.0269158791501424,0.0153484775265331
Ybx3,-0.037950365395233714,0.00504297254008611,0.03984673033424078,-0.2802213586299823,0.0108104618294189,0.0364946880806464
Yeats2,-0.008430167212550368,0.3831684690874838,0.5619730767151394,-0.0348101066621096,-0.0492842669617401,0.0716617459095684
Yeats4,-0.006386660248560563,0.3417580168335417,0.5227180138301751,0.4142402692791043,0.067592086109203,-0.0819677439333577
Yes1,0.005170921425172417,0.5336976090322783,0.6872990415737569,-0.2344709327312097,-0.0658861730090497,0.0249731246429645
Yif1a,-0.0005188920508126287,0.9044376610590737,0.9373469521993366,-0.2566002148235508,-0.0159013683375651,0.0201679558050134
Yipf1,0.001717711569189018,0.8045130745756467,0.8781414696716981,0.2262656933037124,0.0398689330975693,-0.0352450074617842
Ywhae,0.001577156445395978,0.9237734176494568,0.9515687002079724,0.1578886980745686,0.0396416670550507,-0.0591583819811494
Ywhag,0.017547572560461824,0.23649341652921352,0.4154762918943203,-0.2837023692961933,-0.0782510797078193,0.0267391343595511
Ywhaz,0.003502848517088143,0.889710544799923,0.9307656868384756,-0.5572103502127688,-0.1035094521487134,-0.0590209446154603
Yy1,-0.013428801255797068,0.25303067811077895,0.4334148720762537,-0.1725586715964576,0.0001264541757286,-0.0712125445878495
Zap70,-0.004499684503112626,0.6937867993529858,0.8048684247213056,0.2063742037825069,0.1048309093911665,-0.133079872777508
Zbp1,-0.021429233062843805,0.4501714368615931,0.6202524099645467,0.0701175005622493,0.3094335501426789,-0.1193016567826773
Zbtb16,0.053879258067387664,0.0007910642264554552,0.01211777363107891,0.0982142295109521,-0.3259981238263454,0.3201546221074238
Zbtb4,0.0016988973789971893,0.7463273844780272,0.8396594592462322,-0.1563968363604781,-0.0304688245953183,0.0165608251280873
Zbtb46,-0.005576105844018728,0.20056522905854812,0.3764494459089519,0.3162746833871673,-0.0337908969941382,0.0334095733378705
Zbtb7a,0.01783853535996189,0.025227210356874183,0.1060000000250537,-0.177531543976759,-0.0728355086655696,0.0372914085307409
Zbtb7b,-0.0032813743976498216,0.6311586588262961,0.7611206427122781,0.3142855344350467,0.0461851992057901,-0.0437921120370557
Zbtb8b,0.0027590054991821857,0.3066725742818638,0.49038343151243163,-0.1984176079740247,-0.0144079079506516,0.0235069412035219
Zc3h11a,-0.01826278862188053,0.02046715536963735,0.09397206079254736,0.1218353733173836,-0.0324550145755575,0.0746253284682587
Zc3h12a,-0.025518296136273832,0.08740907942251416,0.22702327603576616,0.2670432468221836,0.1943485229697251,-0.0934423614744209
Zc3h14,-0.009080890145257925,0.06598868454725698,0.19082102033761783,0.1118896285567808,-0.0248377603382319,0.0354445818049827
Zc3hc1,0.00429799515686495,0.21154815349777958,0.387193086111293,-0.1151219956039767,-0.0218490118197283,0.0306977435330553
Zcchc12,0.041337093290336385,0.10457610776320835,0.253050737079988,-0.3677439125232865,-0.1749707712164599,0.1120250286565223
Zdhhc18,-0.022011462439277683,0.035039328337802565,0.13066703263479307,0.3195070504343631,0.0640635896401488,-0.0537494050848996
Zdhhc2,0.003794349885678946,0.802510477425226,0.8775146720999094,-0.2180604538762152,-0.0495633741694478,-0.0019965489314532
Zdhhc6,-0.013838997889913811,0.013415033390754807,0.07195592568479524,0.3284582207189057,0.0404807597174491,-0.0283684093653447
Zdhhc7,-0.013150976756833976,0.06949470930110982,0.19770915345508155,0.3717222104275275,0.038690245530776,-0.0282553658613675
Zdhhc8,-0.010720119545577042,0.32268840611340976,0.5058492807573765,-0.228503485874848,-0.0998225946301336,0.0697505725034961
Zeb1,0.014111686739454015,0.38172205429814376,0.5607870146786326,-0.2237792571135617,-0.1142526283262741,0.0846110220074334
Zeb2,-0.03642722423225289,0.032971056320320255,0.12607598072710166,0.1069167561764795,-0.0187031035017493,-0.0161005662121
Zfand2a,-0.01174254293398814,0.051470810577420804,0.16491997786144694,0.2715188319644549,0.0054917487770295,0.0422214808772136
Zfand2b,-0.009348047509163737,0.012286769039506238,0.06761036555611792,-0.2548597094904453,0.0034419861241783,0.0162786420881652
Zfand4,0.02351730390469585,0.011093256141075114,0.06333120706999815,0.1825044163570603,-0.0029650192206006,0.1322259383254701
Zfhx3,-0.019205151356058502,0.07560378632116051,0.2092538871536841,0.5311027702161866,-0.0379171635496202,0.0127346616835095
Zfp106,0.011521761296475225,0.32515423937364096,0.5078822546575276,-0.3001128481511878,-0.0745136819718477,0.052775712699282
Zfp111,-0.004118339416247122,0.5272787188690646,0.6828252716301342,0.2287521294938631,-0.0848977092462189,0.0682898093298366
Zfp148,-0.001379878492431864,0.8960259370937771,0.9341157378122535,-0.1750451077866083,-0.0512016071304847,0.0114363400469731
Zfp219,-0.0007605577862842794,0.8648742942435252,0.9166265894320013,0.3960892850910043,-0.0358251148367432,-0.0055945948201913
Zfp24,-0.007748085149729044,0.24268185949212903,0.4220662002282135,-0.1260623148406398,-0.016521415149466,0.03042314454053
Zfp281,-0.00611146117243643,0.46752945429803794,0.6347798100543762,0.0827983251320178,0.0229201649612889,0.0613205231815541
Zfp42,-0.00026839031593225385,0.3524083960566232,0.5327905240915338,-0.3197556940533783,-0.0006410331575311,-0.0010687584714058
Zfp503,0.008701711124485409,0.13433498468104876,0.2956181004564408,0.2548597094904453,-0.0211643031311479,0.034375809508499
Zfp536,0.016193766043750557,0.2085675046202754,0.3842191553152852,-0.2148280868290192,-0.1676224013214902,0.104708028209234
Zfp57,0.0001304176873659189,0.9690616274953932,0.980465591979417,-0.1121382721757959,-0.0166046375766501,0.0364054341749414
Zfp750,-0.0004022030861365821,0.6374790860550967,0.7658456942927575,-0.1454565171238151,-0.004512595391467,0.0039895965000294
Zfp819,0.0009487478226453378,0.08767761979715326,0.2270865910012481,-0.1621156395978247,-0.0016004722177064,0.0019343896220987
Zfp979,-0.008272153416673748,0.017127978270129705,0.08392873886256641,-0.1011979529391329,0.0018775053798697,-0.0234258409202092
Zfpl1,-0.000257016403383216,0.8729001832731524,0.9209232336869392,0.2598325818707467,-0.0021685643915716,0.0168942122166703
Zfpm2,-0.00355896514677188,0.6089816950793152,0.746743185559226,-0.203141836735311,-0.0541914289258413,0.0447660075663788
Zfyve9,0.025988853719360546,0.2628315402079829,0.4427687208061165,-0.485352344317414,-0.2062242944381731,0.078764161605829
Zic1,-0.028177162538989314,0.17049119986924366,0.34055318676367136,0.0992088039870123,-0.1900202143831008,0.2613258901007229
Zic2,-0.000260535485003345,0.9900406524660494,0.9931558246272012,0.2846969437722536,-0.1885359101921404,0.3523424642467471
Zic3,0.0030757506560200455,0.5425099486480831,0.6939175647075907,-0.1549049746463877,-0.0234255916873483,0.0150939559144541
Zic4,-0.023979344643715882,0.005841399196739539,0.04330956003280289,0.5067356955527098,-0.0563993716161804,0.0911782892129298
Zkscan1,0.0030957866214325427,0.7782038136264328,0.861986159478085,-0.0492314365649835,-0.065274173884792,0.0412939664860529
Zmpste24,-0.001778483894887081,0.7793743781185896,0.8627515340198891,-0.1466997352188905,0.0073869311119256,-0.0044573211285263
Zmynd10,0.00047337167969427416,0.7531252523687154,0.8437715599237464,0.0176536969500698,-0.0181791354661217,0.0078008381819746
Zmynd19,-0.00014273800015132172,0.9794927991868673,0.9875751485480236,-0.3637656146190454,-0.0181628347027104,0.0328332484839531
Zp1,0.00015229507611127637,0.5486184404827613,0.6975330670245676,-0.1108950540807206,-0.0002651187043324,0.0006417305003515
Zp3,-0.0006269025796802213,0.1888780221378922,0.3623848506492696,0.2133362251149289,0.0001193826641613,-9.096346809905204e-05
Zscan2,-0.0009260990005788409,0.8510015707851282,0.9098030394111237,-0.1079113306525397,-0.0432551453031815,0.0547940245893386
Zscan21,-0.007389107268710272,0.22922382800391852,0.4082649255055825,-0.0504746546600589,-0.0269041957198653,0.0476042701015944
Zswim5,0.0184079261047954,0.024898020340966796,0.10522353086932199,-0.4918170784118057,-0.0957829867950657,0.0189524247597669
Zswim9,0.0070613422765851835,0.004717352060509035,0.03831721793098182,0.1188516498892028,-0.0357697057441616,0.0193304167825438
Zup1,-0.006656840124444071,0.15116087517190246,0.316423966592153,0.0852847613221685,0.0162786951125893,-0.0212911551612153
Zyx,-0.006250965797720091,0.5520206806449199,0.7002878617184125,-0.2250224752086371,0.1675615002334594,-0.1013222786565647
Zzef1,-0.007791909604567484,0.13548526119197576,0.29641669318896036,0.3068262258645947,0.0161640569267289,0.0154565418785366
a,-0.0016881683417510175,0.0011233307969510207,0.015562412059112261,0.2653027414890782,0.0006642382709694,-0.0022878427547344
