gene,region_slope,p,q
Aldh1a2,0.19272009776466087,1.1824306825186559e-06,0.0001436090217030396
Igfbp3,0.18129573240134195,0.0005324316876044829,0.009504891826352592
Igf2,0.1766760743871946,0.02187743961087941,0.09788210213775794
Ptgds,0.16372073268293436,0.0025802667418482043,0.025909331988519073
Plin4,0.1496764392331074,1.8907968168549968e-06,0.00019289909125554678
Hoxb8,0.13874246339967994,4.5065286724665017e-05,0.0018519709075552134
Galnt15,0.1386530062100706,3.1974951551486103e-13,3.2620845572826123e-10
Hoxb5,0.10833600309905136,5.089113984548049e-07,8.112365760993623e-05
Hoxa5,0.10756108220685157,1.803640063403422e-11,1.150045995427607e-08
Sez6l2,0.10682027433048535,0.00032816266385073177,0.006917180778109846
Car2,0.10360697690864305,0.0029559451277289266,0.02829932153390995
Klk6,0.09969866607012745,6.930864540048863e-05,0.0022544932743921975
Sst,0.09824990717510243,0.015519514035159294,0.0794353819621739
Sncb,0.09453365780961392,0.0048891476677209245,0.039029017610398176
Hsph1,0.09372699621818945,1.1769632205840926e-05,0.0007321572424633484
Edil3,0.0935739583870257,0.0013525185039278333,0.017379657463099222
Snap25,0.09334334781092682,0.003181300915170282,0.029558863330206943
Gjb6,0.09248304815159471,0.004268711062876427,0.03569622152743058
Glra1,0.09230268081343722,0.0014084501439256272,0.01791646928719358
Cd163,0.08960179715732941,2.0363465385635457e-07,4.1549614772850585e-05
Epha5,0.08932929079750081,2.39238464588695e-05,0.0012203554078669332
Anln,0.08865031674331714,0.0051957801734189395,0.04058755691364473
Atp2b2,0.08836572121757828,0.0005799076794229879,0.010054197896490034
Camk2b,0.0874288072072548,0.004122884530063481,0.03505138997975636
Aldoc,0.08701388457470959,0.0012136275333151784,0.016377550390054826
Otof,0.0865828889238929,0.0001414753153695179,0.0037199256891747978
Slc6a5,0.08596580602295033,0.0006330575515212668,0.010587628099376991
Aplp1,0.08558604153724841,0.00890908605071207,0.0550851490238573
Gria1,0.08543919253222396,0.0007601561537274972,0.011857971070837808
Kcnn2,0.08505077991184157,6.318423728674634e-06,0.0004476427699995737
Slc22a8,0.0849625389835111,0.0038213755041614,0.0336206308406617
Dnm1,0.08271945648863341,0.007192261290147187,0.04872207814215245
Adgrb1,0.08246422849362582,0.0001674656884056772,0.0041311596828813415
Fgfr3,0.08166804280435466,0.0059677831232823,0.0439273617775801
Hcn2,0.08154824161901672,0.0020833866419670962,0.02225328568891116
Ermn,0.08143403366145706,0.01784430875717423,0.08583679154608008
Cntn2,0.08128794006243922,0.0004113853263699139,0.007978998288262096
Ntsr2,0.08119952084373583,0.05684190979378939,0.17599375053814528
Kif5a,0.0811028637311645,0.005630633839029964,0.042868452556555
Slc6a9,0.08078430164813273,0.0001521541734984727,0.0039001931608829607
Mog,0.08070991569193633,0.028524045343577463,0.11477536864291354
Stxbp1,0.08068356672212552,0.015712883568771145,0.07964233684914479
Moxd1,0.08027068687676213,0.003706765562384524,0.033098317362158965
Ptprn2,0.07931395067958084,0.004053774356369179,0.03487066271810992
Kcnip3,0.07921831977283043,3.12071169934561e-05,0.0014399900627779425
Kcnj10,0.07868293086528073,0.0023074694788325187,0.02373064881355782
Gria2,0.07823725699456432,0.006141238240361106,0.045026573834887354
Dio2,0.07820826814378361,3.0858101264092404e-07,6.054122098005206e-05
Sh3gl2,0.07812485971833706,0.011384078781414302,0.06430806850940682
Tmem35a,0.07719980243570491,2.5671007694722557e-06,0.000233835375447821
Slc32a1,0.07719881682969924,0.0027698838964710015,0.027223849240652367
Panx2,0.07681982320459327,9.20610074082278e-05,0.0027144693571639887
Ina,0.07674518245518255,0.0016615395672706444,0.01947513804908416
Ppp1r16b,0.07643370717649686,7.678655298470954e-05,0.0024029951335889778
Camkv,0.07631010703602595,0.006397708893117075,0.04575664490857899
Pdk4,0.07573216570663723,2.3393485810084553e-09,9.771184558377732e-07
Kcnc1,0.07480482441553442,0.000863317918843631,0.012952307953004005
Scrt1,0.0747981686437133,0.0001717589203395026,0.0041871552033865824
Sept4,0.0747633785937853,0.0038558422642382354,0.03381795551919056
Sema3d,0.07414922364075101,2.7753147813874876e-06,0.0002438276888102748
Slc6a11,0.0739805831692092,0.10439724461027763,0.25286341156553954
Slc1a3,0.07362906169223861,1.6902074017922883e-05,0.0009414649585165254
Mapt,0.07314189801017136,0.0028253536502890193,0.027504062920084518
Syn1,0.07266578840124144,0.02721317929356305,0.11114045442471185
Slc12a5,0.0723363285433317,0.0076063808007714225,0.0501293907813114
Eno2,0.0717766284301836,0.004310036096483209,0.03598280544707177
Efnb3,0.07123473781501717,0.020721933568003302,0.09466552975594712
Sgk1,0.07122196417950011,0.06887822354919401,0.1965032540964422
Ank1,0.07091868961423918,0.00086683251294639,0.012966899262579282
Cldn11,0.07030706990621452,0.0032715685650075666,0.030123233303436095
Camk2a,0.07007754523276404,0.01002397290394962,0.05938709150179677
Mal,0.06933001663920393,0.006686190523425446,0.046978316611560884
Lgi3,0.06923000879215224,0.0048543816914276006,0.03881222728522287
Nsf,0.06918362929079906,0.0019227388538228178,0.021330995283347066
Rap1gap,0.06885505036834837,0.001724891997130656,0.019816833507575397
Hpcal4,0.06845914293785466,0.02556268067867448,0.10714481030560272
Ttyh1,0.06836485134321475,0.06320886344791052,0.18724065763518674
Sptb,0.06833624604008133,0.01603411015744543,0.08066074547645871
Gad1,0.06825030549063506,0.011689964293354171,0.06555381218407576
Syn2,0.06798394046826635,0.0049750915736182484,0.039591173349495606
Dlg4,0.06721906057404947,0.001497753366273573,0.018277607467372
Lamp5,0.06676778166522693,0.0011266304745452791,0.015562412059112261
Atp1b2,0.06674923564634122,0.007356972149609324,0.04912030750675021
Rasgrf1,0.06668778817241464,0.011745968307438785,0.06555381218407576
Kcnab3,0.06666892313102145,0.0019478018759319195,0.021411453104212788
Mag,0.06656290365978704,0.0031175807244787916,0.029125969369169075
Ndrg2,0.06643312722309777,2.5856705105688488e-05,0.00125651792138447
Dner,0.06629229851568819,0.04730321649328114,0.1566842255404072
Grin1,0.06620500147755061,0.008132015802313096,0.05168452735454404
Kcnc2,0.06604248576774095,0.0014828861720742191,0.018219619910956268
Acsl6,0.06596493818450279,0.009202747535048456,0.056286828748539776
Igfbp2,0.06592425569960335,0.010118484084536404,0.05980809654139073
Gnao1,0.06581320295334009,0.004153335404104301,0.03518007700387049
Scn8a,0.06545928026800539,0.0034475621723395766,0.031180877023234365
Rbp1,0.06515044563798705,0.10962753613987684,0.2608255885492126
Nkx6-2,0.06475709373704844,5.5168690849410005e-05,0.002051481826985194
Rab3a,0.0647177606689823,0.04157741507163849,0.14506593316034744
Ckb,0.06452096590656557,0.0049988299105171476,0.0395947692135838
Psat1,0.06448743178031481,0.012934725500456561,0.07011693387654508
Scn1a,0.06404989399110908,0.001540337936785534,0.018530207501038766
Slc7a10,0.06397968605541864,0.0032456933932156944,0.029993264490567495
Gucy1a1,0.06394398408475879,0.0012399846843751193,0.016471775716139277
Arrdc2,0.06324598892523042,0.0005821161080698777,0.010054197896490034
Map7,0.06291380562661167,0.023258167433336648,0.10103922232630937
Des,0.06271115056672213,6.393169053359478e-05,0.002145497061920177
Ugt8a,0.06239443682348462,0.12192270269575287,0.277894417538443
Cttnbp2,0.06234645902239773,0.017791921400121882,0.08570027484610172
Caskin1,0.06227381204511684,0.026380241806183147,0.10931406454373699
Map2,0.06213514542008778,0.018104089039231608,0.08671263679729618
Epb41l1,0.06212280093835486,0.0054038960251808574,0.041702380672386616
Gprc5b,0.06210330149072411,0.06647183839886836,0.19175101388493462
Ryr2,0.062085443676345047,0.0055938625505430085,0.042716007290898035
Stmn4,0.06200569385446009,0.07834912580680282,0.21372133194679208
Pak1,0.06190301711911367,0.017319518123205754,0.08462343098321125
Hap1,0.061484578539631865,0.0059211709487137516,0.04377375798462151
Syt2,0.060817361957157146,0.0029715029236488523,0.02829932153390995
Sv2a,0.060652025136751254,0.004679437377373582,0.03819169609917222
Glra3,0.060057899140039006,0.00042305480381162795,0.008012055043586956
Slc17a6,0.05994668414773724,0.01948535935921936,0.09093761947976026
Fgf12,0.059733813682719406,0.02927657579044441,0.11635717725941784
Pnkd,0.059617728722855756,0.001465264210731635,0.018174186609143397
Sox8,0.05931825739512902,0.052978269566952736,0.16785226898200367
Wnt7a,0.05897833368049449,1.7903284224131967e-05,0.000963374730085995
Ly6h,0.05841079374291502,0.028343867671318614,0.1143001725375714
Brsk2,0.05820650427046338,0.007423978783806526,0.04938121469682355
Frrs1l,0.057902758366849515,0.0237505600585474,0.10203538036983512
Olig2,0.05777564012082587,0.0009794062089999959,0.01411285613590107
Ldhb,0.05772498670459089,0.015522665012991751,0.0794353819621739
Rph3a,0.05756832411523284,0.01858588161904336,0.08811020644864329
Grm1,0.057262537458277654,4.610866599872811e-05,0.0018519709075552134
Acss2,0.05717376753030643,0.00797903574184787,0.05119630354612074
Kcng1,0.056967925119980875,1.904742342244605e-09,9.71609068778973e-07
Ncan,0.05679445068749236,0.006745833277453227,0.047267164214682564
Spock3,0.056758156255166455,0.07912893626302252,0.21458623278983405
Tecr,0.05667253935037322,0.00342177981083936,0.031027758240761417
Ndn,0.0563690176237105,0.0073199446325847356,0.04900136164148916
Slitrk1,0.05629444169584645,0.015087417863115354,0.07805366989832802
Gnai1,0.056271096148724845,0.011920920794873415,0.06638495302909311
Slc8a3,0.056255512944573274,0.007947093105736755,0.051160680018721226
Mapk8ip2,0.05566808713078808,0.020608241348760114,0.09428039382961914
Psd2,0.05538699229276287,0.04675020074826303,0.1557627524604113
Epha10,0.05538065676936401,5.450162041136356e-05,0.002051481826985194
Gria4,0.054904683650646706,0.038433298280001395,0.13877270540699524
Mapk10,0.054766012970072886,0.011563345448531145,0.06517638136238384
Peg10,0.05456255193859326,0.0013737531397796333,0.017606821020140478
Cdh10,0.05455488257813484,0.00044481989287546253,0.008311451551493532
Rnd2,0.05449729955235681,0.06504753496715049,0.18960931078134152
Tppp,0.05426307759181608,0.07635101681777477,0.2099550063544308
Nts,0.054201390633420256,0.0014261132350664972,0.01796198422734371
Mpp2,0.05414109346938323,0.006814322187514206,0.0473777996620644
Nmu,0.0541012221185872,0.0009296446578664558,0.013587728939188514
Peg3,0.05405098346000184,0.017484137658975097,0.08487921835204747
Cdk5r2,0.05388612054264409,0.015036011255001135,0.07786669381904648
Zbtb16,0.053879258067387664,0.0007910642264554552,0.01211777363107891
Celsr2,0.05383307145511953,0.016171470649220167,0.08111177166339437
Cldn10,0.05364617282360079,0.12268443568332711,0.2788829351250675
S1pr5,0.05353396712424024,0.001057189399684618,0.014815173427997902
Kcnab2,0.05352053685458419,0.0076569238597465105,0.05033243377392649
Grin2a,0.05329796882619268,0.0026096068613448583,0.026050106848767362
Gabbr1,0.05313972331396007,0.0655106533215426,0.19019342207921958
Doc2a,0.05306308791438495,0.0019090993767010799,0.021309225209085795
Ebf3,0.0530218429299338,0.061890435025189504,0.18440602164923578
Grin2c,0.05301713309990959,8.16388437234983e-07,0.00011213130974263696
Rbfox3,0.05271829314903426,0.012152920744167774,0.06723649535357898
Tceal5,0.052683209307512316,0.03696637460593939,0.13517238484938843
Rims2,0.05250059659014631,0.00668445640294522,0.046978316611560884
Kcnq3,0.05233228973433275,0.0004148181475389889,0.008012055043586956
Cit,0.05224400788622017,0.008632242643563083,0.05409468025161583
Ptpn5,0.05224351128036129,0.012079706547961672,0.06697672076212227
Klk8,0.052108540135780285,0.1801321191377118,0.3520605899664327
Pde1b,0.052100896472974646,0.0014858580441007268,0.018219619910956268
Adcy1,0.052015871432791926,0.0183246094550077,0.08752231538388977
Grm3,0.051996202550034565,0.014846115753502701,0.07733693484075481
Usp54,0.051960723651549794,0.03658635683183595,0.13445749726166797
Bin1,0.05157845095263893,0.02561329491471063,0.1072688155664523
Klc2,0.051487780515521164,0.013440901651433806,0.07201894886970991
Pcdh8,0.05091996076679207,0.0014907996139303778,0.01823637609270709
Hoxb7,0.05074111622608053,0.0003522455456553738,0.0072594706109072125
Gabrb3,0.05054300928155406,0.04076167842190894,0.14339677353803965
Tshz1,0.05053860234937488,0.0006899487313928931,0.011209240369554096
Elavl3,0.050441559986789654,0.009715505195267324,0.058304461177716024
Dixdc1,0.05021878563508229,0.015193452831203092,0.07848422163241409
Pfkp,0.05016205889097185,0.012534580323438986,0.06867765223400887
Cacna2d2,0.05007828036087266,0.004135549779440442,0.035100564766931276
Scn2a,0.05003349441979442,0.026494780859245316,0.10934456081149706
Cyfip2,0.049919594321549604,0.01994982654391699,0.0927981633693496
Serpind1,0.04983506857504073,0.15370591889842872,0.3197609674962826
Prrxl1,0.04981599451106219,0.004848395413449449,0.03881222728522287
Syp,0.0496892176849699,0.04310649560870042,0.1473513258924137
Kcnh5,0.049636619657801015,0.011225126039304891,0.06369228912846969
Hoxa3,0.04923707110009788,4.782184620285352e-05,0.001878601692577973
Pdgfra,0.04916392013536904,0.0003369566958026489,0.007044328300366033
Kcnj11,0.04914822827953931,0.00019783053746779132,0.004671914683440757
Nyap2,0.049104782521445324,0.006808977744752256,0.0473777996620644
Vdac1,0.04895411249084368,0.018439711586709064,0.08790744748018967
Kif1b,0.048911174421282726,0.03965661666151191,0.14093057639824658
Ahi1,0.048812246460397,0.029272078852277433,0.11635717725941784
Fbxo31,0.04863289702846915,0.003545412588886777,0.031896207435469934
Tpi1,0.04843915683958088,0.0004215359293131968,0.008012055043586956
Myh10,0.04833420174032457,0.0022691997357959354,0.023573481549753115
Grin2d,0.04829327307095389,0.004844907206917708,0.03881222728522287
Diras1,0.04766212431470395,0.0004581407829535769,0.008467304832776072
Cacng2,0.04740920667679294,0.004357339650312101,0.036199982990622194
Disp2,0.047168373645800434,0.0225572329734595,0.09939324333740068
Prkcz,0.04712829832342669,0.011725892539365441,0.06555381218407576
Gpr37l1,0.04708706665202352,0.02058953509775886,0.0942793703174757
Tcaf1,0.04708372770876828,0.06805649053520892,0.1945942590919847
Kif5c,0.047057739658176855,0.044891052775286155,0.15168075577332146
Pcx,0.047050676146257395,0.007425091486466117,0.04938121469682355
Bsn,0.04698740716133787,0.0014388195321141603,0.018035966296556478
Cspg5,0.04698130411358192,0.023402751974591542,0.10142518081766479
Dao,0.046856618397618836,0.03265258444100374,0.12558108676949042
Tac2,0.04681019722647533,0.12768761590582653,0.2864344706782482
Mtfp1,0.04680724851937715,0.008010075545852754,0.05126649355005633
Mast3,0.04669781573425513,0.005948860374888924,0.04385135371720867
Gabbr2,0.046657126198784774,0.024887182557228073,0.10522353086932199
Meg3,0.04645671872513747,0.09647507182308193,0.24111677676116655
Lyve1,0.04640732058108987,4.7202391651405056e-07,8.069078613177842e-05
Dpysl2,0.04628679816760978,0.06204793778640385,0.18476738508373966
Mfsd2a,0.04627565952349981,0.0060562704587905514,0.044514460533559945
Pls1,0.04627373294476052,0.03967961008534015,0.14093057639824658
Etnppl,0.04605213673757177,0.10349338817648282,0.25197511946368417
Snrpn,0.04593509898544533,0.0664982441800528,0.19175101388493462
Kcnc4,0.04591084127884175,0.026787315510514127,0.11028417790083339
Cbs,0.045887975568620495,0.003324040650112445,0.03038697375667309
Adgrl1,0.04582732577438256,0.0199945734441617,0.09287246324297024
Cntnap1,0.04581712316117112,0.004421382781570892,0.03631799286440116
Sv2c,0.04573739010510286,0.01705954020497898,0.08383498514990151
Cdh12,0.045645247173948765,6.938942248178299e-05,0.0022544932743921975
Trim2,0.045607328268450535,0.1188177130397499,0.2736294149958303
Mapk8ip1,0.045562813163937343,0.02760167316646352,0.11236722651407058
Ncam1,0.04543769356037752,0.06791187711812771,0.19439870099863607
Adora1,0.04539886329637095,0.012611766356558363,0.06895243320986517
Kcnj3,0.0452562240518523,0.016056968908993417,0.08069615606381815
Adarb1,0.04522182363049866,0.005746323531565145,0.04297287075748513
Dmp1,0.04521737658339292,3.018757236803645e-06,0.0002566446777489232
Bmp6,0.04508433662173259,0.1244001323861712,0.28127884543522136
Plppr4,0.04489184583176049,0.01854279645760742,0.08806965058683003
Cdk5r1,0.04467035851488465,0.0733339823123927,0.2054689653708897
Pink1,0.04444723664111267,0.03931446862399772,0.14043634765477056
Gabrg2,0.044396656557647234,0.028757338335374277,0.11532325695655989
Apln,0.044096758932673244,0.01136296805199032,0.06430806850940682
Add2,0.04400842936458908,0.04972142031424099,0.16121757879022486
Pcdh15,0.04398389500821961,0.0077450619336877895,0.050585865459336
Kcnh1,0.04397912183190253,0.00784249925820862,0.05078800373226075
Sod2,0.04375742656528129,0.0032794116130189545,0.030141042591008447
Serpina3n,0.04365156098749827,0.46848423907006786,0.6353597298782774
Gnal,0.04364412161279506,0.06156943684094247,0.1840575842937907
Cxcl14,0.04361896969939802,0.0005910894262203437,0.010152010650336609
Ptprk,0.04354380703111647,0.020739505130630855,0.09466552975594712
Fbxo2,0.04336986167271472,0.005268595784230901,0.04096815106000278
Gpr83,0.04332113474249797,2.251282178500448e-06,0.00021266278504686643
Cabp1,0.042937162835715685,0.023779722854863454,0.10203538036983512
Stip1,0.04289593741162471,0.0017925251140682393,0.02040997903317431
Dscam,0.042663969221609005,0.0077259067952265064,0.050546343237555455
Fam107a,0.042551052554648146,0.052193779451819584,0.1665255430418051
Myo6,0.04236453742040862,0.057199624653867326,0.17672639936970153
Wnt7b,0.04226383481878704,0.007841529484861057,0.05078800373226075
Slc1a1,0.04225780200487051,0.03029362714288012,0.11905068725410747
Cacna1g,0.042231037618459345,0.009398351327254702,0.05705450537640859
Pgk1,0.042085972322864734,0.00047605220958755264,0.008766578776556339
Sept7,0.042085541713479155,0.010625564347539137,0.06166212029214692
Aldh1l1,0.04197103882852782,2.2823110762310092e-05,0.0011759665454398362
Myrf,0.0419366791336989,0.007645982254867329,0.05032536191235903
Syn3,0.0418304888618848,0.001424540021250125,0.01796198422734371
Ptpru,0.041829650579018524,0.020009181945505647,0.09287246324297024
Aspa,0.04177057534906392,0.12506539872591171,0.28228256588534323
Prkce,0.041687279027798355,0.017449282049716935,0.08487921835204747
Gabra5,0.041497761252867006,0.002033609310644822,0.0220711512629771
Zcchc12,0.041337093290336385,0.10457610776320835,0.253050737079988
Mapre2,0.041091402852244024,0.029311698251000183,0.11635717725941784
Hlf,0.04105595149777888,0.08264634846834425,0.21978385423235003
Coro6,0.04101385448986941,0.0057538660512374724,0.04297287075748513
Lepr,0.04089802864028657,0.0004864173852591035,0.00886538826996395
Atp2b3,0.040759914512596626,0.022911679262455655,0.10048511251217972
Ank,0.04074993916249948,0.022490994501837686,0.09933035753582167
Actn2,0.040665109327886174,0.0006900022497627889,0.011209240369554096
Hoxa4,0.040527948982010516,1.3964377585617501e-08,3.9573494480130486e-06
Serpini1,0.040262198152913514,0.012261116579369413,0.06756557066481098
Actl6b,0.04020682199601554,0.0065716267711331934,0.04642918027638562
Atp2a2,0.0401570005028774,0.0006038480489308202,0.010336338582537293
Tenm1,0.04014420332946278,0.0008019533709896717,0.012247796842569807
Ephb1,0.0399659996507586,0.009621502992356977,0.05787651741039261
Impact,0.03980219610349238,0.1386007492463476,0.3004685175969482
Gpr17,0.039797481594515696,0.07607259162116688,0.2095935160469035
Nrcam,0.03979059033218706,0.015613011112250766,0.07954052672286487
Apc2,0.03968330810095322,0.02890937887342726,0.11553242714382102
Plcb4,0.03936490314788329,0.004158711318042326,0.03518007700387049
Daam2,0.03934943684797869,0.06469220899572753,0.18936118270427466
Ttbk1,0.039322036217100176,0.011417379598171051,0.06442483775472405
Frmpd1,0.03927061710279907,0.0005329149308639171,0.009504891826352592
Prkacb,0.0392204580881895,0.08319950008999925,0.22056197006605968
Slc24a3,0.03917402948485285,0.042954885969916666,0.1473513258924137
Fbxo21,0.03916630553317748,0.05666121345792392,0.17591530727259277
Ntrk2,0.03914090580419071,0.1180666598802662,0.2726383123808229
Dip2a,0.039012916138344116,0.0758775231713872,0.20955671126001413
Fasn,0.0389626759556673,0.06055154261163276,0.18224999743040757
Pja2,0.03890360366962878,0.026340060103452804,0.10924753020889517
Slco3a1,0.03883813540397648,0.0077291016909024225,0.050546343237555455
Fbxo41,0.03857256628793915,0.003002648193138827,0.02836390450592807
Celsr3,0.038426402958707036,0.017561118561476068,0.0849092566654876
Tlcd1,0.038386677098819884,0.16698380831346885,0.3359730269907453
Tyro3,0.038040717781159916,0.10505212779601603,0.25370757397146976
Agpat4,0.03784452974794337,0.06563987179747076,0.1903518965542344
Grin2b,0.03782183326306851,0.0036023648565191497,0.03235151960053553
Crmp1,0.03776352827978365,0.04634359217035085,0.154711167317382
Slc30a3,0.03769137583939542,0.0038610968280441264,0.03381795551919056
Vxn,0.03768044775527113,0.009235215815107932,0.05641776751241385
Adgrl3,0.03735101106646722,0.043800704810762106,0.1491504641119476
Pak3,0.03727016503141155,0.04831613333641279,0.15808890067289394
Cadps2,0.03725904858056662,0.002651494365192044,0.026313760227324158
C4b,0.037219317160601166,0.052589210264233605,0.1668998651820556
Olig1,0.03721543376351355,0.015525794121993213,0.0794353819621739
Mpc2,0.03696441070716218,0.11372977554557862,0.2671651474646765
Myo1d,0.03695740177675048,0.095181813258119,0.23905584905448793
Cib2,0.036887354352124146,0.004265011222591013,0.03569622152743058
Smarcd3,0.036844323476956035,0.017125193634821692,0.08392873886256641
Pde8a,0.036836320189515735,0.11490825689213827,0.26801418308495534
Sept5,0.03670791125329577,0.032854357229782714,0.12591290475516276
Lypd1,0.036545233152896706,0.010359179161150067,0.06087807937906278
Atl1,0.0365021119519816,0.02397807936109098,0.10259984716369168
Cbln2,0.036451150048871686,0.03824355983973334,0.1387485055067424
Cbln1,0.03642031899682966,0.025477182456541216,0.10687426620955325
Ncam2,0.03641011644504554,0.1817385931584953,0.35397043287571
Dscaml1,0.03638904981938417,5.952957039047544e-05,0.0021257669948958704
Nlgn2,0.03634194925541371,0.02185651571049913,0.09788210213775794
Calb1,0.03624950869907929,0.033432241507497185,0.12717215803858548
Ddit4,0.03623290501622944,0.0415327846754447,0.14506593316034744
Msmo1,0.03622796461189376,0.22103120754218425,0.3983048343118505
Aldoa,0.03606344049283011,0.0018516232297391838,0.02089630551968933
Hecw2,0.03605626299324031,0.06442550722146963,0.18892801866377612
Slc25a22,0.03598681700611173,0.00936619682700343,0.0570130907094803
Gphn,0.03587483265655649,0.01897148284089889,0.08909026001134925
Pvalb,0.0358424337062761,0.0006563572485134871,0.01087038417099772
Flt1,0.03578174909802604,0.04701320357489912,0.15633269324352048
Slc13a4,0.03576276670913853,0.011161297765736709,0.06347132653625748
Smpd1,0.035727933276056285,0.04272031999068162,0.14684390314856263
Irs2,0.035700999798452246,0.00016764360995029167,0.0041311596828813415
Slc2a1,0.035673553346495655,0.008742828190233238,0.05459739477584871
Etv1,0.035639255736600074,0.010344091085851355,0.060859525523561435
Cmip,0.035549740950432965,0.009030550983354032,0.055661439198487796
Qdpr,0.035539065021553094,0.31718984729958544,0.5013899631469431
Arhgap44,0.03547254060544688,0.02371888182090516,0.10203538036983512
C1ql1,0.03544178909588118,0.19616940674499406,0.3707521836999684
Olfm3,0.035336306509079006,0.008113434532567219,0.05166870106195428
Gpm6a,0.035296185287577955,0.2113374570385108,0.3870852310066225
Tubg2,0.03525074162228256,0.007781451979472891,0.050742668153894416
Cx3cl1,0.035194665043783685,0.020438947747134385,0.09397206079254736
Vegfa,0.03518953170741589,0.007272262081095916,0.04897597321094813
Tfrc,0.03517674185220343,0.11287292218425649,0.2661880610549664
Ksr2,0.03508797897772256,0.005697504063348077,0.042905675023620825
Eng,0.03498763324716394,0.0061435983903316204,0.045026573834887354
Pde8b,0.034959143087301636,0.00024407410013545943,0.005477799748646467
Arnt2,0.03487974803640516,0.09130111266064397,0.23170496302584323
Kcnma1,0.034821501981012734,0.008563922052345707,0.05379872708006829
Pard3,0.034756167906558506,0.07155277434003908,0.20176379320538382
Lingo1,0.0346696426962113,0.035099938592619104,0.13068962537295623
Isca1,0.03452368805751841,0.02693497161212636,0.11049611659795433
Snph,0.03443456411438998,0.011704796454963761,0.06555381218407576
Grm8,0.03442474464956405,0.0027920662985263887,0.02733652627405587
Nrn1,0.03439767026781494,0.21886704075888339,0.39604142423237465
Limk1,0.03431553344287979,0.029539064749499487,0.11680524750945494
Pou3f3,0.034278763931084956,0.024529141226835728,0.10418247243804252
Oprm1,0.03424062570606351,3.199846196454816e-05,0.0014399900627779425
Esrrg,0.03408523722870852,0.007287348297806241,0.04897597321094813
Ap3b2,0.03405909353959115,0.04473077744420149,0.15133741555697142
Pcdh10,0.034002707834323784,0.04707749659449063,0.15643382206080547
Dgkg,0.033859290267393344,0.000729217976735213,0.011480681788044202
Hif3a,0.03380070096575247,0.003398828378140371,0.03095968492302506
Cdh7,0.03334614455177836,0.0021624572030654573,0.02281686824822777
Arrdc3,0.033343831213236044,0.05659588843829464,0.1758195048256644
Ppp3cb,0.033324193897744395,0.16181624248951726,0.33069897954287963
Hspa1b,0.033283117335167485,0.028423826492068472,0.11452601811693625
Sall3,0.03326128224822818,0.0005801336968902937,0.010054197896490034
Kndc1,0.033215093010146295,0.042140170688579406,0.1460305779092687
Msi1,0.03316112413946634,0.011963557625314767,0.06647724122737542
Map1b,0.033146173558860924,0.13692374919149242,0.2980998910054643
Gabrb2,0.033124787454473774,0.00418306489349603,0.03526911408549298
Cnp,0.03311478769903075,0.2961645096497292,0.4794462595123035
Gaa,0.03307250842541643,0.0018128555808973835,0.020549725151461227
Cdh20,0.033067797928839654,0.11877485865957038,0.2736294149958303
Fam83d,0.03293728037499491,0.0023220570089566408,0.023784764664031777
Syne1,0.03292604365203002,0.14908072287524504,0.3139804985081028
Atp5o,0.03275155753940051,0.02293757730661579,0.10048511251217972
Nlgn3,0.032648498518265415,0.032786117994486205,0.12584047245287747
Grid1,0.03258521602040475,0.04093686625547296,0.14391382134332706
Tmem63b,0.032577509487904555,0.005684653389755134,0.042905675023620825
Cpne4,0.03257667023536929,0.02357681382375111,0.10172284633048571
Ndufs1,0.03256017940829,0.007073629249829681,0.04849809516583495
Dync1i1,0.032556610030588816,0.08626145944684277,0.22553547136768068
Col13a1,0.03255066612508225,0.0008261342244347574,0.012467783073496146
Atp5f1,0.03254326386695639,0.0065316644831491626,0.046275028511866496
Mfn1,0.032353760885839904,0.0761373819319569,0.2095935160469035
Dkk3,0.032264902677747384,0.007533325025260572,0.049905832407602824
Fah,0.03223715854119232,0.025974394817159983,0.10815950037741474
Slc19a2,0.03221996214019808,0.0014723705599231282,0.018174186609143397
Ndrg4,0.032195337381456864,0.16762718064064375,0.33656389962557137
Coro2b,0.03208307143334771,0.06587755460689196,0.19064052852723606
Thra,0.03208118829939184,0.13275808616411244,0.29392317600830625
Fmc1,0.03206536400007705,0.04311271716073478,0.1473513258924137
Lrrtm3,0.03205846076674478,0.04954276116344161,0.16076184777017535
Atp6v1b2,0.03202818502133375,0.02982793559568126,0.11776493767304189
Mtcl1,0.03199850028866657,0.00623812905295798,0.04546061234324563
Lmx1b,0.03174525687765083,0.020386267547306488,0.09393888957435446
Slc12a2,0.031736966306302614,0.3660071358056932,0.545552761120213
Gpr26,0.03167708713120876,8.958549031096632e-05,0.0027039975507469776
Cacna2d1,0.03152442113079994,0.08824364375906804,0.227568668763906
Rnf14,0.03151403842322535,0.05949801978213707,0.18062301150124194
Prkcg,0.031510671337605684,0.022205221538257835,0.09875225376342912
Stxbp5l,0.03144736231870201,0.03122499790652088,0.12195919932707736
Cacna1b,0.031370358897534235,0.13761519882383144,0.2988399868881925
Elovl4,0.031233127394119986,0.03672762331296782,0.13487948633509636
Snap91,0.031165921605681993,0.049746416196003514,0.16121757879022486
Fbxo33,0.031126442868674987,0.0029937246383328186,0.02836390450592807
Asic1,0.03112370391829168,0.006508370061468892,0.046174124733731316
Ccdc184,0.03095174898770064,0.00570287366712366,0.042905675023620825
Rnf220,0.030932213809664412,0.006325535446210607,0.04575664490857899
Sacm1l,0.030905749836789065,0.025937653271186717,0.10813329296360667
Chrna4,0.030834728705233044,0.0012328965195023691,0.016463364256496294
Atg9a,0.030700423301032464,0.012459328388208792,0.06833874635296026
Slc8a1,0.030683559271425524,0.048094023769197296,0.15776695514255654
Atp6v0a1,0.0306778074063834,0.02533313041760814,0.10635744712775239
Rtn3,0.030617292576426737,0.06378312868606317,0.18801982624067134
Cntn3,0.030567074287108854,0.00014597295042293351,0.0037990205107519583
Slitrk3,0.030560286337458525,0.005684159320125225,0.042905675023620825
Dock5,0.03055978881267683,0.007056524123055177,0.04844593479368029
Galr1,0.030513566548992843,0.00015052990904184624,0.0038977312996063846
Cryab,0.030361346375319405,0.14346356350566722,0.30670898467829355
Cacna1a,0.030247265394934,0.08981600083234599,0.22941983988272252
Igdcc4,0.030236520525569147,0.060242008749039205,0.18182348983345067
Pcsk6,0.030183598173753826,0.026544327630851093,0.10946048120046195
Unc5c,0.030104987191370326,0.007352385593607223,0.04912030750675021
Atg13,0.030078534360760252,0.0282628679459915,0.1143001725375714
Nfe2l1,0.029989840918820357,0.0018406985602499452,0.020819076177017674
Kcnh2,0.029930468723016777,0.014238430218094176,0.0748383118791163
Bicd2,0.029920412403505462,0.004726237300067976,0.038328356864303255
Dnm1l,0.029899291705036676,0.009497889362948956,0.0574053903471478
Fabp3,0.029885915446526946,0.02147044983592092,0.09666439948193523
Nhsl1,0.029879201623983123,0.004698906853887672,0.038228267721979285
Adcy8,0.02980536514914632,0.023241305328787487,0.10103922232630937
Hdac5,0.029804547288425996,0.0019153949105622321,0.021330995283347066
Ppargc1b,0.029764299663954597,3.4279896587905964e-06,0.00028665861064739075
Cpox,0.02974634719973565,0.3538303453564968,0.534465084887027
Cap2,0.029729234023505465,0.030063194962975253,0.11832743634732776
Syngr3,0.029617482520929318,0.09802123087942918,0.24331206750168774
Grik4,0.02956966148511598,0.007547247459598373,0.049933215682764334
Cbx7,0.029551860316904814,0.053344681651123146,0.16826491259094495
Cdk5,0.029367580166543946,0.057531385718822416,0.17710778427985102
Elavl2,0.02928054423424639,0.1131078228205859,0.26649561395279847
Lama1,0.02926346949889845,0.047849087241219564,0.15726687758857022
Enpp1,0.0292428233356582,0.04252055640066012,0.14645331411192927
Vegfb,0.02922399479325192,0.01028914472388482,0.06060615154334466
Pdxk,0.029219974408776578,0.11165676233989325,0.2638078484000905
Cops9,0.029144875745749522,0.007283220791323045,0.04897597321094813
Kcnk10,0.029066397686393297,1.401184440617781e-05,0.0008310978873943372
Enah,0.029051196129124615,0.031492355963445476,0.1223476829927916
Shroom3,0.028968908258706398,0.002293272037282103,0.023646270430669913
Plppr3,0.02885742042742842,0.024924390732528647,0.10524777907833495
Nsmf,0.02884466661883859,0.21109340126059906,0.38691607611581597
Dlg3,0.028816435554135683,0.03388935166415309,0.12824153029587904
Sorl1,0.028813577949535533,0.08032638808393439,0.2162242245995511
Pitpnm1,0.02867470597890011,0.006407020010003443,0.04575664490857899
Prrc2b,0.0286729478876237,0.026445517208148975,0.10934456081149706
Scn4b,0.02856542150911163,0.23791945038213203,0.4166244821144029
Sass6,0.028544928229710054,0.0014467791996637842,0.018088286023247458
Grik3,0.028531801855913825,0.042267502960094565,0.14617392040640162
Pde1c,0.028501008462021752,0.011734092115348196,0.06555381218407576
Star,0.028492214058058445,0.00010346610396616421,0.002981811278708495
Tmem163,0.028461614884300025,0.07154919086260608,0.20176379320538382
Chst10,0.02845346912450168,0.014230004711864223,0.0748383118791163
Rab6a,0.028319093326497426,0.14890519384173523,0.3137403526586912
Mapk9,0.028309778661972897,0.24562847694566523,0.42547894559435606
Epb41l3,0.02818491550353402,0.04625702507262019,0.154711167317382
Il1rap,0.028118348876764017,0.08305108877420653,0.2203604571331044
Cacna1h,0.02810450285797283,0.011383356732967824,0.06430806850940682
Fgf1,0.027998990857885077,0.06731076964071295,0.19322016653757837
Jup,0.02799186347662329,0.03266930055736401,0.12558108676949042
Trpc5,0.02785888146201237,0.01406746378583294,0.07428378133699154
Pcmtd2,0.027774328264016414,0.014961220170204377,0.07759160979946975
Fgfr2,0.027735478629475015,0.2960275243824177,0.4793766355157818
Sptbn2,0.027649785910815853,0.02344959366693394,0.1015398391801926
Laptm4b,0.027563780927976993,0.23869995842017014,0.41741806235902906
Cckbr,0.02750468336162131,0.01575229945998077,0.07971476145373205
Dpf3,0.027477786626789714,0.0031521052043311276,0.029394677600170165
Cntn6,0.027463922936308227,0.06570831303556325,0.19044210499682282
Araf,0.0274334548882259,0.11420353493550925,0.26745593703810505
Enpp6,0.027157848003521216,0.3454656272703608,0.5257220061772405
Coprs,0.027142334092286845,0.039690223307056946,0.14093057639824658
Lfng,0.027139000162249873,0.011730806061024099,0.06555381218407576
Emc4,0.027124224559516068,0.0768136040654136,0.2106592442675671
Smyd2,0.0270852346309559,0.059120520383214276,0.18004404446255284
App,0.027074268936389274,0.017625945066521823,0.0850648321152013
Ppp2r1a,0.027070165858351244,0.05978083787677384,0.18075996088288285
Nadk2,0.02705442580964332,0.2526428367765649,0.4331869278646244
Idi1,0.02678775774443336,0.1536123331448773,0.3196966590665113
Washc2,0.026770378980558618,0.025216391811526323,0.1060000000250537
Rabep1,0.026718460914225688,0.006388542266328937,0.04575664490857899
Nkain1,0.026688035391011767,0.008667652766687893,0.05424993467837417
Opalin,0.026670063994343532,0.1335987709956213,0.2948885031798634
Map6,0.02658818868765627,0.07999702461505917,0.21590732162515966
Ache,0.026538458760969105,0.13588534055005988,0.29641669318896036
Rtkn2,0.026378407640896575,0.008828674026829679,0.05485391743100876
Miga2,0.026362755546837056,0.016994226631042393,0.08375438634565359
Lbx1,0.026331868512578245,0.001347552001753751,0.017379657463099222
Jag2,0.02625011626833031,0.043939156673358126,0.14942242546053322
Dnajb1,0.02620319602730333,0.03265253849526733,0.12558108676949042
Igsf21,0.026117007716224227,0.02950657289053868,0.11680524750945494
Khdrbs2,0.026090338827497176,0.01582212210947449,0.07990954938656374
Dbx2,0.02604652105492847,0.016245449865115287,0.08140278955005215
Zfyve9,0.025988853719360546,0.2628315402079829,0.4427687208061165
Neo1,0.025897739259799567,0.12588563893299942,0.2838826897423652
Stau2,0.025836793058445214,0.05076254666806467,0.16347206474355927
Plekha5,0.025774322816596945,0.13910504777959118,0.30084171731920745
Hoxb6,0.025731909218972733,0.0741392934690374,0.2065667712280753
Tnr,0.02571707411512667,0.20546657680378355,0.38125016730230893
Gfra2,0.02571478481194763,0.025821056695945054,0.10787322703195391
Prom1,0.02564467881070881,0.07141137075598426,0.20169955826482597
Lrp8,0.02556089597407969,0.041205033389928494,0.1445576859161109
Abcc8,0.02548484585108341,0.013158876899929159,0.0708800750438634
Fh1,0.025471335589824846,0.033685000977991264,0.1277002606072363
Meis1,0.02546861006591153,0.027576038348473848,0.11235253323926925
Nyap1,0.0253535527274373,0.005344003816575364,0.04142821195798013
Trappc10,0.025331617521359005,0.04710495014416726,0.15643382206080547
Rhpn2,0.02532845164292393,0.0020686351726712632,0.02216829415083217
Cdc42,0.025314856015464304,0.05974098572389583,0.18074660034258164
F13a1,0.025271195895522177,0.6206077161307435,0.7541019437786858
Echdc1,0.02526272794236499,0.03543548277514652,0.13145919828074357
Kcnk2,0.025194388524314833,0.07534948704379645,0.20877660695839526
Adra1a,0.02511795877731417,0.028180510756103953,0.1143001725375714
Stk39,0.025107047095742085,0.13706670863929007,0.29820543747085854
Gng11,0.025027534702093963,0.16018810043398587,0.32802870345795343
Dact2,0.024995190022201835,0.0047406811995162655,0.038384467934495986
Rab37,0.024968309828360243,0.37460306404012367,0.5537091363861695
Sema5a,0.024929575227544767,0.20872677565464698,0.38437374823622894
Cers2,0.02489370405166957,0.08379694823231097,0.2213762761379632
Abca4,0.024886598001520783,2.698705827199656e-06,0.00024151049867623587
Ppargc1a,0.024881829525481798,0.1563844078566767,0.3232828140133333
Igsf11,0.0248278559085401,0.339743372613975,0.52042971282399
Myh1,0.02477707415923029,0.344737471518343,0.5249271170791246
Tacr3,0.024772817134551442,0.005146707130117555,0.04026587894283688
Eps15,0.024734890635535495,0.13540527936959376,0.29641669318896036
Sin3b,0.024728483971036115,0.02644496826707116,0.10934456081149706
Gad2,0.024633035401157414,0.22574445927123157,0.4040429778044043
Ppp3r1,0.02462636227915426,0.41566494169776314,0.5897932872323477
Xkr6,0.024626077276569316,0.035363504926212756,0.1313441995192435
Kifap3,0.024620317915216183,0.07470004542737446,0.20765391374661424
Map2k4,0.024600949861830035,0.19316923409388065,0.36671241649158365
Amd1,0.02459077735430157,0.010934355374989968,0.0628109760898917
Slc22a6,0.024559543631604654,0.09983852209196518,0.2466229061458181
Gnb1,0.02445382458534501,0.038948777937281985,0.13967060874386836
Apod,0.024432697700376864,0.3928613989905356,0.569957717692055
Etnk1,0.024399247058405456,0.3393919581605287,0.5202038397166036
Pde10a,0.02431695676538549,0.053954377567483086,0.16936694152106538
Syt6,0.024313829237672262,0.008476696746916647,0.05331643662888017
Pi4ka,0.02430407010744657,0.018493495606275466,0.08799936668620444
F2rl2,0.024127496608432508,0.021228634450079213,0.09596266553857037
Pkp4,0.024105694303692256,0.40103053122070154,0.5778691355245194
Ccl12,0.02409027493845539,0.48237570563543564,0.648053397129163
Cntn4,0.024047184860960847,0.01120994372480246,0.06367697432095473
Calb2,0.024042105167920866,0.34096321084108205,0.5216716672166646
F3,0.023946342956889282,0.048922847682078136,0.15946034889858185
Bcl2l1,0.0239391132735784,0.1779620420930665,0.34914783719874315
Npepps,0.023931449944513,0.07362326479604936,0.20568067249818106
Vtn,0.023919716727498343,0.5567645109981061,0.7038552095666268
Mafa,0.02389698293540546,0.10422505428996354,0.2526863127058479
Car4,0.023869970385685942,0.16053159367898198,0.3284683751931356
Prkar1a,0.02362032322712296,0.0380966683546316,0.1383139539337906
Sdha,0.02360277386207619,0.200151459350861,0.37604883762384606
Fgf22,0.023551082208904697,0.006480711995595661,0.04610615326294765
Acsl1,0.023542402990616326,0.08757554344669505,0.2270865910012481
Zfand4,0.02351730390469585,0.011093256141075114,0.06333120706999815
Gjb1,0.02345949169735889,0.24736955664107366,0.42759475039854855
Ptgs1,0.023444151308935558,0.20336984986076775,0.3783668431236347
Rab5b,0.02344207509612006,0.04304075846264499,0.1473513258924137
Erbb4,0.02331933327942437,0.123654712623374,0.28021443318162187
Sh3gl3,0.023282610512242743,0.07262978720881176,0.2040639603768847
Pcbp3,0.023243671549998762,0.13013855857560863,0.2903922954042781
Slc45a1,0.023226694823873892,0.11980669710495928,0.27491805399009317
Hey1,0.02321413206487929,0.18516878186684568,0.3576470868242256
Ebf2,0.023193770576561395,0.16566625753318198,0.33507675641425905
Ppp5c,0.023187315026040076,0.03359978678669513,0.12752419077301477
Hoxb3,0.02312337802133795,0.06484382704684478,0.1894435061660683
Kcnt2,0.023087631333391995,0.14057870672197137,0.3024428439429675
Wasl,0.023060729193062856,0.07723460051834549,0.2115863035682494
Gba2,0.023054556456203273,0.014469025616343357,0.07566120136211542
Appbp2,0.023045442201099477,0.2381186074486504,0.41668714119916495
Fstl4,0.023001490606089237,0.019670242170000463,0.09163279023668708
Pax8,0.02297409635427022,0.021665952521060433,0.09737270820258086
Dusp1,0.022938911994385074,0.08781415385868178,0.2270865910012481
Alox15,0.022932807956709867,8.65826834157416e-07,0.00011213130974263696
Dpysl5,0.022855606965615293,0.2591108207137052,0.43925699450336003
Pax2,0.022848764075743204,0.02579260200192457,0.10784267443591578
Lgr6,0.022775572329362618,2.8628911686511005e-05,0.0013648231636718938
Sort1,0.022774706419712812,0.34063464910859287,0.5213253360644862
Gdap1,0.022756146048424894,0.17679176715917228,0.34859482190913715
Tecpr2,0.022754013298429274,0.03340784449554517,0.12717215803858548
Igf1r,0.02269385400918953,0.08673314336894575,0.22604404190902572
Adm,0.022606331672203907,0.023297825246416413,0.10105629811392017
Rtn2,0.022489380600602932,0.024853535815255016,0.10520986406109198
Grm4,0.022460120807455995,0.0007123486328443204,0.011426699296034208
Hrh3,0.022344112952075838,0.041429919969489935,0.14506593316034744
Smarca1,0.02233148043419911,0.050519144650477334,0.16291358874887524
Ogdh,0.022317716535324474,0.2076569235762138,0.38351121186179093
Sfrp1,0.02225098423143093,0.423899138543245,0.5971581070723813
Slit1,0.022225458160584938,0.23195334271680415,0.41054614892380914
Prpf8,0.02219328371776227,0.16448303258632407,0.33387502953555076
Gps1,0.02218541121700861,0.1021976268240149,0.2500288222682494
Gpr22,0.022117362191899217,0.058282289757274376,0.178879639020371
Trim32,0.022088912816457647,0.06118012842321472,0.18325298595820216
Col20a1,0.0220516869382632,0.23622735671407277,0.41537254277783014
Podxl,0.02199864507478548,0.24723559761623107,0.42750806218318466
Rnf13,0.02190778916572799,0.4279196093813036,0.6007077085451253
Mtch1,0.021823281126334207,0.28481290829338446,0.4663982809645439
Erc2,0.021817475869368424,0.18069450174672574,0.3528116129423077
Miga1,0.021785508990625785,0.056853131274740606,0.17599375053814528
Fgfr4,0.021766540851545835,0.15477785776749553,0.3210743605010145
Lrrtm1,0.021747466743559353,0.0785861427599972,0.2139103064134182
Dcc,0.02166916292431723,0.02609873015210875,0.10858859910759112
Cpt1c,0.02161914103651345,0.020992804670110943,0.09518604144198749
Med24,0.021601670636522498,0.07583250939766567,0.20954584530741743
Fam214a,0.021591776457441283,0.2766556099713849,0.4575941201245247
Smarca2,0.021586687223345818,0.033555062110858874,0.1274682015421424
Camsap3,0.021581359317808795,0.03972019407655991,0.14093057639824658
Tdrkh,0.02155084073521019,0.058904174662460174,0.1799568322351583
Prr5l,0.02143755375920964,0.2503716115265283,0.4305952766004117
Rhog,0.02138991010993625,0.1828431460226265,0.35523040854658944
Tjp2,0.021384365355885462,0.1046234080575759,0.253050737079988
Elmo1,0.021309582537734198,0.16992145143070708,0.33990953872472035
Siah2,0.02130729460621429,0.000998717345550738,0.014151459256006716
Nell1,0.02124200426015327,0.022654116244404214,0.09953371831413083
Mest,0.02121709021906885,0.33577797647863084,0.5177761360391463
Faah,0.02121075377998986,0.13190156175698317,0.292534724574944
Hipk2,0.021200879880241403,0.058195447634365335,0.17872063719620565
Hoxb2,0.021118085581421763,0.0001814474802837582,0.004365866023242691
Cacng3,0.021078963120292386,0.003110198431090358,0.029110315957783333
Mpc1,0.02098957115227272,0.13180284250202626,0.292534724574944
Kcng2,0.020972893760495617,0.049347590232310785,0.160276495420312
Ppp2r2b,0.020947781629707438,0.30927299644785156,0.4930004859001534
Fndc5,0.02091117048869644,0.0028574029400448607,0.02760532650978946
Htr2c,0.02081817991632049,0.15017473671069448,0.3156041874563826
Itpr1,0.02078954974648887,0.008401229835631196,0.052972402214529944
Lamtor5,0.02076961642330688,0.03425753857180274,0.12906034287648877
Bmp7,0.02076806177347172,0.04992467717737629,0.16158996083870333
Insr,0.02075486939810198,0.037855449109793035,0.13773227240303443
Slc2a3,0.02073537463161562,0.05955849938151126,0.18062301150124194
Vamp2,0.020712467997206836,0.38065367553480456,0.5601526331122367
Thrb,0.020711549998581342,0.09088720505413186,0.23111447307134927
Hivep2,0.020702732343488434,0.06616988538575055,0.1910604779273053
Adcy3,0.020682468885083672,0.020082220604251282,0.09297470599652283
Tenm4,0.02062312260324721,0.035068254788675104,0.13066703263479307
Gcnt4,0.020616399160153006,1.526281620017815e-05,0.0008948922464035488
Wrnip1,0.02058766791267898,0.016667973661426097,0.08296502783884134
Robo2,0.02055981001992313,0.22751800510223472,0.4056516406943374
Sorcs3,0.020546302727460573,0.04795770152638793,0.15742100095630943
Pbx3,0.020421179678125775,0.1170041129658366,0.27141336072702704
Crebrf,0.020393490098650772,0.030782198179900095,0.12050651797058355
Smad7,0.020329580984016857,0.016680692015121165,0.08296502783884134
Cacna1c,0.020326691568664172,0.12267966345942817,0.2788829351250675
Cntn1,0.020307605260173767,0.4276535046024721,0.6007077085451253
Pllp,0.020271865392563423,0.44547105027465317,0.6163134872392204
Rorb,0.020251453995496427,0.13580033295012287,0.29641669318896036
Irx2,0.020222840702492032,1.735360314802987e-06,0.0001806545503226538
Fat4,0.020119862665241742,0.20701020184093155,0.3827685129116848
Kcnh8,0.020094397610635924,0.035046870942246636,0.13066703263479307
Grid2,0.020076050679583346,0.11375861601514944,0.2671651474646765
Jade1,0.02005021938949072,0.02882025608751781,0.11548478107025008
Pgr,0.019979213300665096,0.03970679232298342,0.14093057639824658
Pik3c3,0.019962694211738036,0.10602741998533438,0.25497988790985265
Ccp110,0.01995976728317179,0.5419838313601073,0.6938653637996666
Camta2,0.019934985249978943,0.03945264026393085,0.14083129320245713
Gap43,0.019925797670950856,0.24620252848238658,0.4261551061379891
Ptpn11,0.019914581600137305,0.01900219621492805,0.08909026001134925
Dgcr2,0.019910987650526204,0.04502617411085173,0.15190377919276102
Arhgap35,0.019898679988928813,0.33437460971480226,0.5167995385407959
Adar,0.019763773542460117,0.08406281946925649,0.22160436284892887
Rab3b,0.01975968597524561,0.01548786316303379,0.0794353819621739
Pafah1b1,0.019694171748570258,0.2518506294993003,0.4322644889219149
Tle4,0.019670948164223448,0.0737676979336345,0.20583847652467513
Camk2g,0.01966873456326096,0.5161110647597047,0.6744427140237395
Aplp2,0.01965749232654375,0.17709544160698992,0.34878913036187476
Pafah1b2,0.019605819116076232,0.414798018443838,0.5895088967794948
Camk1d,0.01957300562846148,0.0157223746730227,0.07964233684914479
Noct,0.019558013228238347,0.09232285864134201,0.23360064579835596
Lhx1,0.01953924102893512,0.0006421920338382851,0.010705299230748668
Vldlr,0.01952992313180194,0.33468709165483823,0.5168752208693096
Dcaf7,0.019525915008008442,0.1555702703360919,0.3220632909839305
Ninj2,0.01948727744920497,0.0019560355119708213,0.021411453104212788
Bcl11a,0.01946716221600634,0.06906062169908632,0.1966935964751755
Shank3,0.019461298274528895,0.06716181536924644,0.1931186134151782
Nr2f1,0.01946024070934373,0.03880160405448566,0.1392871092765175
Oprd1,0.019420952636862894,0.0007747321422757292,0.011992047852470544
Cgn,0.019342662209744656,0.002833212637542533,0.02752803364591326
Map9,0.0193290524290914,0.10043793731199138,0.2471922412408441
Robo1,0.019301107199526837,0.14153435397559985,0.3041066643877012
Rab11a,0.01927643395872403,0.43303934680252143,0.6063501806312549
Hsd17b4,0.019250062005231737,0.0002511376676725415,0.0055941189641818085
Eva1a,0.019241774767236763,0.22388833471285777,0.4021947943056208
Cideb,0.019239016508356955,0.07580789573022696,0.20954584530741743
Cxxc5,0.019218429478472663,0.3124809151965152,0.49640770738630463
Kl,0.01908920001585865,0.0007266840548865529,0.011476208557202187
Mfn2,0.018995832421180373,0.045490712329895856,0.15306604458759812
Bace1,0.018985419554394943,0.3021317345694101,0.4855620598735227
Pcdh11x,0.018940770576053725,0.20824840166431938,0.38417964151275436
Dnajc5,0.01893596120723817,0.06605200445096718,0.19089590634809267
Rec8,0.01888322358537174,0.00045379623934373506,0.008448228528804351
Hcn4,0.018876032794363052,0.009110433626100324,0.055856156161944406
Ppp2r2a,0.018849993391269963,0.007232466173285484,0.04892945616701492
Gdf1,0.018842255377148398,0.11647560253659076,0.2704333402545059
S100a1,0.018800464604948046,0.2239344693736054,0.4021947943056208
Jam3,0.018798661852814532,0.3156944505656651,0.4999557256552182
Gpt2,0.01874868403725354,0.20118769415378934,0.37674685311251077
Wnt4,0.018735435876614033,0.48715156650217006,0.6506834618296856
Lpin1,0.01870394714342575,0.23653070999041484,0.4154762918943203
Cd81,0.018670351759157496,0.16950200360133338,0.33973662882923444
Ptpa,0.018635839785246456,0.04915969492994529,0.16002782631630563
Acaca,0.018625112884208414,0.24850569899933728,0.42870710242891685
Egln1,0.018621613102455525,0.03137140646252167,0.12204879782711495
Syt9,0.018617552036732044,0.04291607189215575,0.1473182252502601
Sox1,0.018590060230925836,0.008765980459011977,0.05459739477584871
Glg1,0.018560305846619624,0.16251573328772126,0.33172979411791365
Otud7b,0.01855201026922752,0.3651995964652126,0.5450841657608652
Wrap53,0.018538478290570648,0.02927119388885129,0.11635717725941784
Pld5,0.018491477448818187,0.10428258368580796,0.2527056814162976
Hr,0.0184835095164744,0.14366146631122861,0.3070034099931199
Ivd,0.018482956972295725,0.1283477211564766,0.2877809782941482
Wdr45,0.018479897392834264,0.04667046637601848,0.15559872482618972
Myo16,0.01845145549295393,0.2662755951436458,0.4471101137591073
Zswim5,0.0184079261047954,0.024898020340966796,0.10522353086932199
Pdpk1,0.018296290339443837,0.038543031232894806,0.1389318586493622
Fzd10,0.01827293463400656,0.3035744600996621,0.4871133441234276
Prox1,0.018260564091411788,0.25251275335379375,0.4331520792243379
Prodh,0.018256477223252857,0.16405040389447081,0.3333948646476875
Ednrb,0.01823865266157145,0.4118912934887493,0.5875545664796827
Cxcl13,0.018217183022315904,0.6985353339510426,0.8092729362898634
Mbp,0.01821671846723179,0.5749808183252727,0.7202911035896682
Hoxb4,0.018198712378180753,0.012725543099491652,0.06920361977665983
Gsk3a,0.018181131650046953,0.03289570677013394,0.12597672690274267
Atp6v1a,0.018137574423821117,0.0992375770117485,0.24544974808368675
Chrnb2,0.01810460218656894,0.20338794037345745,0.3783668431236347
Dbp,0.018103238650634932,0.6755068898325962,0.792457506158758
Itch,0.01808781641793467,0.14418254269924027,0.3073444004633617
Ucp3,0.018062863467231082,0.015909042973352886,0.08018975119275995
Gpc4,0.01803021038479637,0.12859856618881588,0.2880901564027887
Siglec1,0.018025271935958133,0.5881606452041773,0.7308666141745453
Dlk1,0.018012403259988388,0.0014232336541098135,0.01796198422734371
S1pr1,0.018001693465080577,0.31796268262648864,0.5016016140545303
Tsc1,0.017971618475335027,0.1347959465745556,0.29603956521956404
Dock3,0.017957931624600153,0.09629286137143252,0.24092150906729726
Hoxa2,0.01795681718463366,2.3722494795640983e-09,9.771184558377732e-07
Btrc,0.017950139869389193,0.21199865034712462,0.38746152469390277
Mpp3,0.01788274148850164,0.17204081731645393,0.3420525961610287
Banp,0.017878034932433385,0.0037329713412632215,0.033174018835860096
Zbtb7a,0.01783853535996189,0.025227210356874183,0.1060000000250537
Ptch1,0.017807176655404232,0.3982795454618179,0.5752049720840127
Pcdha7,0.017773322920913076,0.014955554711699754,0.07759160979946975
Timp4,0.017767482124132927,0.2016541705076232,0.3770666875950828
Sp7,0.017762637266477987,0.0010298439412477402,0.014471718854833948
Chrm2,0.017669658475057626,0.11730470943493197,0.2717399286228828
Lipe,0.017654972498415328,0.006271110923042003,0.04563329075383346
Wnt5a,0.01761150045706051,0.1758957917836652,0.34709649280018423
Ywhag,0.017547572560461824,0.23649341652921352,0.4154762918943203
Ldlrad4,0.017540174488638403,0.0025991286745703406,0.026021162366534286
Ramp3,0.01753243884836008,0.167196291234984,0.33617196751661543
Sema4g,0.017512492842853083,0.09026220374268093,0.2302137506457077
Ccl5,0.017507125820724823,0.7434002747606632,0.8372896448562912
Gabrg1,0.01747586846680415,0.1976060296744466,0.37236363404852313
Camsap2,0.017339036329749813,0.16498677833036204,0.3346135077553391
Rhbdl3,0.017318651671708058,0.0009993107428671712,0.014151459256006716
Aldh1l2,0.01730161160031973,0.2441597252615001,0.4236254280812626
Cul3,0.017295278833687144,0.11372678626810846,0.2671651474646765
Rragd,0.01718475316422687,0.08770835015313348,0.2270865910012481
Ube2m,0.017168963413595112,0.07112259870332913,0.2013298423893906
Ntng1,0.01713804921087601,0.19047447269120676,0.3640353260389081
Camk4,0.017129471267030585,0.05239258826796154,0.16688502424023707
Extl1,0.017079978841401628,0.036905483847701336,0.13504653737957284
Gpd1,0.01705171365507857,0.16970546768024683,0.33974395236928534
Htr1a,0.01700930338850857,0.03877100089100724,0.1392871092765175
Sez6,0.016982476814919555,0.41286111996484465,0.5877676215013522
Chrm3,0.016958006688032438,0.0018971242418071178,0.021268639027380458
Efna3,0.016865720056405235,0.3096935813002724,0.49351670047256785
Ap3m2,0.01673114548244005,0.2633220255288126,0.44330219545296146
Bbs1,0.016678769511915763,0.06776592149421486,0.19410988315550176
Selenop,0.01664914536149437,0.39483408600460645,0.5716099584825266
Kcna4,0.01664896487101052,0.02184239606083249,0.09788210213775794
Wrap73,0.016519708024671214,0.0015809323708476436,0.01882181087435577
Hadhb,0.01650917812103883,0.13219453370893275,0.2929297638789166
Ank2,0.01650076959920252,0.4177963827927088,0.5911731896326234
Abcc9,0.01648443850894286,0.007788964745049858,0.050742668153894416
Mgst3,0.016454512543190015,0.11158097752660019,0.26375095753623146
P2ry1,0.016450677381125222,0.047660591256162996,0.15698693780358727
Map1lc3a,0.01642542930191844,0.5092065120160391,0.6690754860239008
Fstl5,0.016420480319503848,0.20301036256033145,0.37821616487226106
Klf15,0.016410346830912415,0.15874027572715937,0.3258837049293784
Atn1,0.01637863830389475,0.3528671187044985,0.533325977040488
Cdh6,0.016373712606171216,0.009249165238607592,0.056435396988202546
Bex3,0.016240439491338167,0.25767807810909776,0.4376151425154343
Drosha,0.016216516685388267,0.19254330261479283,0.36620563351285534
Ap2a1,0.016213143062555103,0.17568911753354,0.34682282838180634
Rarb,0.016211025560084344,0.001792473763578695,0.02040997903317431
Snx27,0.016209226910324174,0.03844066511273952,0.13877270540699524
Zfp536,0.016193766043750557,0.2085675046202754,0.3842191553152852
Arhgef12,0.016179629845610055,0.1909665439064801,0.36446534601856584
Plaat1,0.016122794572902183,0.01650011095896144,0.08246029477912975
Ndufv2,0.016070772756557217,0.10522077811204607,0.2537603496092714
Ubac1,0.01604122658002816,0.13591818180140725,0.29641669318896036
Tsc22d3,0.016036681162934607,0.483092585492104,0.6485219099954623
Tmem98,0.01600357958869702,0.046582004542509846,0.15540536636451455
Bmpr2,0.015987611794356052,0.07930508468770166,0.2149496477109278
Ndufa9,0.01596837625467963,0.07236867727738738,0.20361424312849036
Mecp2,0.015931724559418405,0.030622942012380014,0.1199751361022661
Ttn,0.015894924371976146,0.32299447215820165,0.506173518426724
Praf2,0.015861496512148424,0.0890411823947352,0.2285644007371771
Flt4,0.015852132440320483,0.0015097617867252501,0.018308936371584303
Arc,0.015829693640667993,0.3386925782399156,0.5193703420530349
Pnoc,0.0157794385210486,0.1469496443086034,0.3115503473059792
Lancl2,0.0157511843637471,0.12276341461807112,0.27893816390502485
Wdr34,0.0157507498734617,0.08027155723823505,0.2161907146104736
Tsc2,0.015729147191345123,0.18150652023896474,0.3537255140416072
Sirt3,0.01570473831078468,0.029970398927805716,0.11814451694801928
Hip1r,0.01563322885936592,0.1373828823073319,0.2985897241796762
Ube2d1,0.015628209597620207,0.08923278068502327,0.22861698356318622
Nptxr,0.015573355231107066,0.15946946569598844,0.3270823259007789
Dpp10,0.01553967401405065,0.32945606810399475,0.5122069471612348
Itih5,0.015499342590272188,0.6589641101712576,0.7811703290689251
Spred1,0.015449299477317392,0.020217168796201748,0.09342771286762265
Tcf12,0.015412870722152318,0.1298732676026009,0.2903390429973018
Atp6ap2,0.015363012939102428,0.18789111167574135,0.3611275661861178
Smdt1,0.015298299874133975,0.05628332073956316,0.17527343385983812
Dctn3,0.01525458601549165,0.06960078680294927,0.19790056492856425
Ptprz1,0.015248572600779416,0.5421334143857373,0.6938653637996666
Megf11,0.015246895119464152,0.03484932854264026,0.13032729097947796
March2,0.015237026184362873,0.11660060296176612,0.27060039841126887
Cers4,0.015201279740589017,0.17113585362325434,0.3413155920669054
Adgrg1,0.01519222692318603,0.24362081761679671,0.4231221622959755
Pkm,0.015192024663197936,0.35682723332476995,0.5378769849851216
Ankrd13a,0.015188578140847522,0.12423322166865082,0.28115069375855717
Hcn1,0.015172252974802786,0.2786014671419735,0.4596165536078631
Gja1,0.015145857721943528,0.6395630783739503,0.7678983628512827
Slc9a3r2,0.015145604419068776,0.2981432458122373,0.48174318019309265
Inha,0.015123613436826468,0.05955714430045051,0.18062301150124194
Hspd1,0.01511838359081248,0.06080787256616298,0.18264504668922715
Erbin,0.015056422476294372,0.24379808416931875,0.4232859180897532
Mtf1,0.015051600047448072,0.08384193598064238,0.2213762761379632
Ago1,0.01504876455481038,0.029228164153751877,0.11635717725941784
Wee1,0.015038478177067292,0.014006838062903272,0.07411709643036266
Emc6,0.015034817403252881,0.015414294449929268,0.07939482035676376
C030029H02Rik,0.015025867522517175,0.1587573038128809,0.3258837049293784
Sema4d,0.015006375245856319,0.20065987912692418,0.3764494459089519
Prkaca,0.014973661994590833,0.4965892237295685,0.6591469243415375
Emc10,0.014972800898839967,0.16085724848304367,0.3290027363720953
Hmgcr,0.014956177656399975,0.5554949974254151,0.7031215835898369
Heyl,0.014942771904730208,0.10132613633222158,0.24838794814873502
Pnpla2,0.014917496260026327,0.3791433009547446,0.5591240179734467
Chrna7,0.014905995679937735,0.08839988305118404,0.22780277942196858
Axin2,0.014898724644971285,0.06583673008265846,0.19064052852723606
Rmdn3,0.014854976052417057,0.009740208204124771,0.05838402120944825
Pja1,0.014852230459201806,0.15734197611766362,0.3244144786484245
Scrt2,0.01482112732919294,0.0020577544280110703,0.02213210358945526
Pard6a,0.014815189176276874,0.007172826370384685,0.04871982332267946
Clgn,0.014778203734694205,0.16398551860712093,0.3333948646476875
Fosb,0.014747236889603214,0.3864065423961417,0.5644501067476285
Sod1,0.014707968050564506,0.41291544908768074,0.5877676215013522
Cdh3,0.01468472498552167,0.0003845573597544079,0.007515812613437681
Plxna4,0.014620494059946762,0.36421804396601176,0.5441915853385711
Cers1,0.014579434572623277,0.3123582844702061,0.49640770738630463
Hoxa1,0.01455567038423075,0.00016622449554427358,0.0041311596828813415
Ephx2,0.01455313576725597,0.0012207675436899318,0.01638719800095353
Ppp1cc,0.014529434112277473,0.35788218570495756,0.5385123980179907
Epha4,0.014524564281636083,0.15060132511092766,0.3160769369691793
Fbxl16,0.014477682489489567,0.008253615787513364,0.05230024115789524
Dach1,0.01447287796552182,0.037028831852572816,0.13530377598852
Rangap1,0.014463232183056422,0.4724195176907309,0.638022758734556
Rab28,0.014430770335200903,0.23091605917994337,0.4095628713062904
Snrk,0.014353856446635152,0.2962738605422861,0.47947111758445476
Ntrk3,0.014258907638191633,0.2791460022571825,0.4596165536078631
Vstm2a,0.014253567284527814,0.20087416945035605,0.3765744720199435
Abcb1a,0.01424134109886513,0.4877436326197552,0.6510554134057486
Eipr1,0.014234248026612027,0.0799970276164579,0.21590732162515966
Htr7,0.014195346528267469,0.09333649739734348,0.23558113469759975
Bnip3,0.01417770817532311,0.3178614100574758,0.5016016140545303
Ak4,0.014170484214538277,0.001950788183391981,0.021411453104212788
Vwc2l,0.014126066990438522,0.0069358630354465845,0.047993870906177405
Zeb1,0.014111686739454015,0.38172205429814376,0.5607870146786326
Oprl1,0.01410499774703388,0.041511273571633756,0.14506593316034744
Cdkn2d,0.014013681218512992,0.04204750501617968,0.1459077027806344
Tmem94,0.013987295066571509,0.03428556490762749,0.1290706026522567
Abcb8,0.013980710229811483,0.03898172959799212,0.13967060874386836
Ptk2,0.013930182008676677,0.46503124262624074,0.6330095270618167
Pcsk1,0.013900316414154736,0.1624579047541803,0.33172979411791365
Prkcq,0.01390025750870553,0.39680390399487875,0.5737235584687859
Drd2,0.013898417536919805,0.005571112372551129,0.0426060632869315
Kcnj6,0.013866359086267469,0.011678921628926347,0.06555381218407576
Nova2,0.013842081811275435,0.18731795754228617,0.3602974741414788
Fto,0.013839442445324174,0.1475292582141042,0.3121617838320773
Smarcc2,0.013838215978147137,0.2058378567958859,0.38153303325429283
Rora,0.013827296437892099,0.1723797548868064,0.34231689412026567
Arhgef28,0.013818431393787444,0.3661973444570886,0.545552761120213
Acvr1c,0.013731265758861766,0.01226538295150264,0.06756557066481098
Braf,0.0137260629841435,0.30820207317386716,0.49186055085664987
Sept8,0.013724392750313782,0.3482283340811072,0.5281929028093155
Bap1,0.01372311595563373,0.06282648431807243,0.18673996548737545
Cidea,0.013712411756655225,0.10607083359041507,0.25497988790985265
Npc1,0.013624382838432989,0.503795129286309,0.6647333043169845
Ddr1,0.0136181698147331,0.34900562405657,0.5290572625000188
Map2k1,0.013612262573381063,0.05238209395361271,0.16688502424023707
Casq2,0.013610165154453919,2.574224386897734e-05,0.00125651792138447
Ncoa1,0.013609879042211268,0.40267831653681285,0.5790984191300486
Mkks,0.013605956917464648,0.005719093025311987,0.042905675023620825
Grifin,0.013602281648803533,9.182048905921061e-05,0.0027144693571639887
Fam92a,0.013558451643083252,0.24840136509810576,0.42870710242891685
Elavl4,0.013345557083024233,0.32123107769217285,0.5044949899346594
Paip1,0.013326048411609526,0.19953338754474198,0.37530228977349883
Wdtc1,0.013316916843356785,0.039053775215008225,0.13979881219070664
Rab27b,0.013294128504389543,0.16297232784207077,0.3321301815111478
Gabrr2,0.013247566863429674,0.0009048519056874618,0.01334002766159463
Klc1,0.01322286308061701,0.41523337897054,0.5895088967794948
Ilf2,0.013202435307839868,0.38480255365150917,0.5632361050721229
Bcr,0.013171888300591626,0.13978737456249601,0.3013759077106053
Pgam5,0.01315851820988254,0.052160311683353604,0.1665255430418051
Il18,0.013144006662758648,0.1238049996984741,0.2804304189440126
Hgs,0.013140219404947072,0.021772069020226915,0.09767750578027923
Efcab14,0.013109009903732566,0.5415970878547843,0.6936451971745006
Ryk,0.013106600784630237,0.16163363506550774,0.33045818535837873
Atxn10,0.013097159382787979,0.18486269233321542,0.35728267314359474
Plxna2,0.013089146322153085,0.3876303632869472,0.5649435666076337
Clic5,0.013083793592682625,0.06494677596560938,0.18960931078134152
Pou6f1,0.013079941042615343,0.2298307104593347,0.40886053244489695
Dlg1,0.013051020093567458,0.237368490655112,0.41608820303495747
Grik2,0.013012592279917013,0.5666403489368546,0.7140396294285808
Rdx,0.012967516929462509,0.4477836339892234,0.618171669006503
Fbxl4,0.012934503729030773,0.18252271447950058,0.35509091020592387
Abcc6,0.012916979581153697,0.021239335305439314,0.09596266553857037
Ntn4,0.012905389841536148,0.048238678553138355,0.1579367774708336
Fbxl19,0.012900364640417338,0.05883765918819422,0.17993459203775702
Bdh1,0.01288687702944688,0.3807193058224122,0.5601526331122367
Ulk1,0.012863434801590376,0.26209810133479294,0.44197104625083594
Polb,0.012782292504134716,0.3174742772574598,0.5015584730771441
Yars,0.01276390670043226,0.07601683732688123,0.2095935160469035
Gabrg3,0.012747358099465145,0.23906109320045496,0.41790631816844437
Egln2,0.012739799807580676,0.15816766318938932,0.32559049633941683
Cd83,0.012705856336351863,0.3384774830290145,0.5193703420530349
Alk,0.012700657364889577,0.17743555360333427,0.3489201075291473
Epha7,0.012693542509399414,0.16647260686054222,0.3355530774252526
Crhr1,0.01268376454499587,0.07266618482650362,0.2040639603768847
Klhl22,0.012680277934439127,0.17686719122481778,0.3486087876498437
Fv1,0.012677770883538764,0.0014683172350105178,0.018174186609143397
Gpsm1,0.012668092326373007,0.4456651891133212,0.616414894161348
Ptgs2,0.012667624155077476,0.4685192345760738,0.6353597298782774
Il33,0.012653825633498822,0.41581094793381945,0.5898363863766444
Hist1h2bc,0.012625456173123287,0.49522695886181045,0.657680998998723
Pkia,0.012610376791339003,0.3507072477092398,0.5308597380235499
Ss18l1,0.012535418030687443,0.2508463929993149,0.4312664141184716
Fbxl20,0.012520757348095664,0.13431941999028332,0.2956181004564408
Carns1,0.012501418517989749,0.6144832732223162,0.7507669579596052
Sdhb,0.012425216915604831,0.16548507502877627,0.334975939572138
Pax3,0.012416718403376664,0.001923594948115987,0.021330995283347066
Nbr1,0.012400309706131563,0.13307930772604443,0.29427848848983634
Arrb1,0.012250575458506432,0.1105989553938853,0.2624024518438181
Sox18,0.012203650439757026,0.26692397772998006,0.44759342879705066
Arhgef3,0.012202348275258712,0.060287735369809324,0.18182348983345067
Cdh8,0.012183985300325977,0.06877010568186459,0.19630459377906617
Phtf1,0.012174784850213324,0.24026226171833276,0.4190009562479369
Prkg2,0.01215353682065642,0.017498332506427385,0.08487921835204747
Trp53bp1,0.012138827293116572,0.20274281067778097,0.37809072167250696
Esrra,0.012119774469662586,0.0076011979648740995,0.0501293907813114
Sh3bp4,0.012116571424024941,0.23949676986030186,0.4182379401086614
Fbxw7,0.01211070549321384,0.1201240493013213,0.27514718252628645
Rala,0.012043354303645703,0.2792937728615021,0.4596165536078631
Actr1a,0.011977890604806953,0.09587120804165519,0.24019598832047306
Srebf2,0.011946201411279327,0.46585957373660625,0.6335000099769598
Fkbp5,0.011935924235405035,0.6337221099900379,0.7634593070650307
Sstr3,0.01193344376322907,0.3856952414026117,0.5638659264991799
Mrm3,0.01192408113287544,0.04736875073508442,0.15679947923404647
Trpc1,0.011889882266230582,0.13422798890088852,0.2956181004564408
Psmd5,0.011872111246033715,0.10869733099323015,0.2592169637197134
Apmap,0.011852153649780674,0.14001535276317645,0.3017398878094479
Slc19a1,0.011839711521405807,0.10921854890997103,0.26033823270549633
Ppara,0.011835622490643623,0.011310655451275891,0.06410628161884258
Wdr59,0.011791092793945496,0.1350401722925213,0.29640271896047815
Epas1,0.011758995276577769,0.37287309104218225,0.5521119411919221
Pknox2,0.011752522099699892,0.2786450005719217,0.4596165536078631
Mef2d,0.011746387606070972,0.25405797154971693,0.4344450931529018
Coq8a,0.01173783279688732,0.23428465436869572,0.41295301379914195
Kcns2,0.011673630727478053,0.07342213078274223,0.2054689653708897
Fzd3,0.011672047525216594,0.5129921162174765,0.6720012287687077
Lgr4,0.011666078275666422,0.2342089737957171,0.41295301379914195
Asna1,0.011645276029421612,0.08778871513560335,0.2270865910012481
Ndufa12,0.011611003901030686,0.007999264113134506,0.05126161588077778
Emc2,0.011603522834755037,0.11133395731995736,0.2632890664298111
Acvr2a,0.011590958648499435,0.3184587318690538,0.5018405904430162
Myh2,0.011584078208689534,0.3015189116164284,0.4851213294412425
Gtf2i,0.011545931960629238,0.3374315744717218,0.5189957856461045
Abcd3,0.011533604013311641,0.18611490556314253,0.3589209322021783
Cyld,0.011524681076298667,0.1274985792222658,0.2862545125936522
Zfp106,0.011521761296475225,0.32515423937364096,0.5078822546575276
Epm2a,0.011514503066340217,0.2538487341811149,0.4342328615217529
Cry2,0.011500046168816868,0.40233189064921615,0.5789266499863616
Dpp9,0.011491461922257746,0.3199855010078259,0.5034688589268723
Chrm4,0.011465336780549873,0.003502955528035182,0.03156992252386477
Snf8,0.011443778904184236,0.027118781823507784,0.11093256301661043
F2r,0.011429184561888397,0.02114835589357697,0.09572117427962389
Cntnap4,0.011427028413977473,0.45232575985522727,0.6222528859281322
Ppp2ca,0.011416934937774507,0.46967369692693894,0.6361671609198927
Dagla,0.011413661151451177,0.21435948332561292,0.3905170444442684
Ap2b1,0.011412175693827511,0.19265460159509207,0.36620563351285534
Grm2,0.011410833433022698,0.005076007843614022,0.03995789507758507
Mmut,0.011410398040353468,0.3586863090526703,0.539245170196779
Agpat3,0.011357697594323708,0.36054746974877117,0.5406092425598124
Mboat7,0.011355262308682395,0.2755925138917103,0.4568727375240865
Phc1,0.011345638042257791,0.3716849200320672,0.5511216468059961
Cbx5,0.011330556403099558,0.3867447452589484,0.5647824064030621
Whrn,0.011329202957787365,0.29527276468541774,0.47906691242376465
Men1,0.011288616643776457,0.07380485660921991,0.20583847652467513
Slc2a5,0.011282267311266046,0.009702723943456674,0.058296342562511774
Ngb,0.011279289657680951,0.1284875821201333,0.28796799490105446
Cltc,0.011267893460493592,0.25779915766690453,0.4376151425154343
Cfap69,0.011213679030038384,0.03792243452708977,0.1378543008227325
Cldn12,0.011209291682911675,0.16703148332651052,0.3359730269907453
Dpf2,0.011155951308054286,0.1066608297720621,0.25603618478460644
Creld1,0.0111292943122836,0.15010724208963827,0.3156041874563826
Sypl2,0.011120653105545808,0.0014390586713778645,0.018035966296556478
Fundc1,0.011103320094138237,0.29241712357418415,0.47579577268003614
Smpd3,0.011100100262795875,0.02074908313257346,0.09466552975594712
Tnks2,0.01108013162615913,0.31759142678674285,0.5015584730771441
Npas4,0.011038235310021294,0.0711644290700335,0.20133652395243531
Gjd2,0.011029980452635384,0.014435823302977605,0.07560280766785295
Osr1,0.011029293714767102,0.5443810541403732,0.695192989795028
Kif3a,0.01100536603611498,0.3203036168920267,0.5038139838933791
Phyhd1,0.010976600621549914,0.10016638419947423,0.24683513323744832
Acly,0.010971261585803284,0.33748461497512816,0.5189957856461045
Ppl,0.010970568371055523,0.005494338109891883,0.042208763100238696
Pacsin3,0.010953049112777946,0.35081908976227927,0.5308597380235499
Nrarp,0.010928306034086038,0.031098377807666014,0.12165093956817818
Adgrf5,0.010862504929478621,0.6329446148459608,0.7627333995580547
Camsap1,0.010850648705188108,0.12656427498988573,0.2850350404959855
Fgf9,0.010821765176248563,0.01637967849283754,0.08199483806865976
Kcnj9,0.01079308705385602,0.010574764412215974,0.06157748089807497
Atp7b,0.010787562581954766,0.07793356978984002,0.2128153851702216
Psmd1,0.010779339446394707,0.3590032521123404,0.5394178186084858
Shtn1,0.010723831906054138,0.27405045502698633,0.4553522381409307
Acvr2b,0.010714743169722653,0.13156981618346864,0.292358572080252
Strn3,0.010685129613820886,0.4285926843606488,0.6013803125302727
Kcns3,0.010680427652344289,0.20478795510889347,0.3804163725456903
Sumo1,0.010665419878037617,0.3655117462157249,0.5451682507153254
Gpr88,0.010656538845186093,0.09571451042256812,0.2400391925592527
Maob,0.010637084196821038,0.13575974766035184,0.29641669318896036
Sirt5,0.010635732801059401,0.040095937479019905,0.1419357231648026
Gpi1,0.010629342386379107,0.03484353845392646,0.13032729097947796
Por,0.010618736811290505,0.3024606649867912,0.48565134737845594
Per2,0.010599964704339685,0.2241599294669437,0.4021947943056208
Bmp5,0.010564745801221471,0.03475674051503984,0.13026754839619267
Jade2,0.010564216867675074,0.21994017131884183,0.3974193460493844
Timmdc1,0.010555126517134167,0.08357484754553862,0.22111789280590896
Adra1b,0.010529829985518012,0.13448886888461775,0.29570160352604963
Igsf8,0.01051236429997679,0.19656388835788322,0.3712226562434514
Ruvbl1,0.01049545737140968,0.023990220590529073,0.10259984716369168
Oprk1,0.010460889027738816,0.003889998897506632,0.03391946047210484
Cth,0.010452446071163097,0.04700762022389369,0.15633269324352048
Siglech,0.010449029130261186,0.44700951528604016,0.6178533307689303
Mlst8,0.010444472146780846,0.041464152729682964,0.14506593316034744
Fabp7,0.010424416223031878,0.6599470326804241,0.7814275333572059
Npas2,0.010397041171562331,0.0188724387743796,0.08889825082948082
Dync1h1,0.010372310871468468,0.2542432348333712,0.4344705999614829
Maf1,0.010346305394784767,0.18382491658645791,0.35611488816758785
Myt1,0.010338278683471392,0.4645262944785753,0.6328922617882513
Gatd3a,0.01033553985781358,0.31449894161598674,0.4983718860463338
Ppp1r7,0.010317080564771047,0.1521144163203628,0.3173560890184747
Mta3,0.01025381072198019,0.19701704574347997,0.3715282626016604
Bcl7b,0.010235074613520875,0.18663062628458693,0.3595111996279498
Vstm5,0.0102343594921092,0.37065369958931316,0.5501031485612704
Rhot2,0.010212621297268042,0.07153473384535745,0.20176379320538382
Fgf10,0.010209205458065484,0.02259235046165135,0.09943363218712988
Pms1,0.010161577038226337,0.16522030068400909,0.3346135077553391
Plxna3,0.010145454454202356,0.3798959113347775,0.5595867870975166
Usp32,0.010101339810691095,0.5837361739688116,0.7283850840056038
Tbx2,0.010091420725050298,0.1674282511159682,0.3364557300497499
Ptar1,0.010088320747573487,0.3404462779573253,0.5213253360644862
Ube3a,0.010048539394481427,0.4921247684148795,0.6547544193229787
Ccl1,0.01004446035320576,0.7147334938588199,0.8202149723675681
Nos1ap,0.010009517504232809,0.11613468424570403,0.26976458303157386
Ocln,0.010006562381661303,0.14632695362566392,0.31074679035991326
Lnpk,0.00999679540147409,0.3797824151467112,0.55958119574332
Gnaz,0.009976736192898194,0.24411467504169324,0.4236254280812626
Kdm4b,0.009956711740987471,0.2700463579109728,0.45119766515030213
Tspyl2,0.009918996863962987,0.39253811178877795,0.5696548814323062
Ppif,0.00990171286799661,0.056325087574427155,0.17527343385983812
Wnt5b,0.009892035384978178,0.05279178699228389,0.1673653856107148
Ccne1,0.009886600516537706,0.023266195728493037,0.10103922232630937
Uhrf2,0.009881099182550706,0.010675545987156495,0.06174827926009221
Cxadr,0.009845246882554318,0.6032110867965503,0.7414409045178803
Hdac8,0.009816590787925699,0.25651345461188185,0.43688652152761576
Garem1,0.009811942381387566,0.31888655512663316,0.5022044821552812
Nectin3,0.009811403989949341,0.31158377720923935,0.4954454013542176
Eif4g3,0.00980087915910727,0.1663639126350647,0.3355530774252526
Stim1,0.00977748063409739,0.1430354871442864,0.3061446333197436
Kremen2,0.009758006801757362,1.0689490965211932e-05,0.0006731739927598279
Gbx2,0.009740229767632816,0.1389967760923118,0.30084171731920745
Grpr,0.009724875012507123,0.01885074024356636,0.08889825082948082
Amy1,0.009694764433962895,0.5302930317046297,0.6846430662428034
Rapgef3,0.009684275279071572,0.527679344507822,0.6829972941726465
Notch3,0.009615371375162227,0.4072191068367418,0.5839821939764464
Fam210a,0.009613914466177731,0.4783067785892664,0.6435882030028615
Mapkap1,0.009596763032036108,0.34399346998840696,0.5244204095669049
Cdc37,0.009585362039313676,0.05898460266174435,0.1799568322351583
Sos1,0.009506188469854947,0.4663128458668736,0.6335000099769598
Arid5b,0.009490623552384857,0.28566763135322326,0.46749778233326655
Pth1r,0.009486239831490014,0.07268853479803951,0.2040639603768847
Fam192a,0.009452818725620208,0.05123744637356987,0.16437875091294335
Pias2,0.009424648281440226,0.46598098925824394,0.6335000099769598
Eno1,0.009414393030618383,0.23702412086417354,0.41562737728709154
Dcaf1,0.009413469505397712,0.24085189041380156,0.41988567771729385
Copg1,0.009390153321044684,0.23417525525854194,0.41295301379914195
Hcar2,0.009332625673886022,0.4718603610892159,0.638022758734556
Lhfpl5,0.009327454109171792,0.17245488396548006,0.34231689412026567
Spast,0.009323135444164542,0.04749243501099238,0.15690343976105708
Ap1b1,0.009321994501992925,0.43469391544575786,0.6079539198520426
Ublcp1,0.009321572028922915,0.23240456664457135,0.41120211392783856
Aldh4a1,0.009308295449081698,0.31595384194635306,0.5002112190466627
Xrcc2,0.009286147704223957,0.052612229604537424,0.1668998651820556
Rbbp4,0.009272273141956687,0.5571873076083063,0.704215177430617
Atg101,0.009207478301342465,0.10029132476057086,0.24702368305343889
Gabra1,0.00919448162970885,0.5881497094321583,0.7308666141745453
Flt3,0.009180177716271191,0.26268919477597835,0.4427682743277811
Spry2,0.009170176673466843,0.4426483451341531,0.6140409044343454
Syne4,0.00913579884217591,0.09074791364412196,0.2308753653359931
Prokr2,0.009085793681166321,0.0032638264324478428,0.030106290473628294
Bbs4,0.009062995231766374,0.3263129997006545,0.5089741980336717
Col9a2,0.009057170976894856,0.3057978193346269,0.4894492238550147
Col4a5,0.009052829325345551,0.5189110416312397,0.6757633963137487
Ar,0.009042127002765195,0.41520752169990904,0.5895088967794948
Irx5,0.009032899270119313,0.02210786556564262,0.09863908532331389
Scn3b,0.009030441576885677,0.4972822680357115,0.6593805170912826
Bmp3,0.009030392404690274,0.004100402932670674,0.03497684842734633
Kyat1,0.009024018501333672,0.2754867229329606,0.4568458301953941
Hspa1a,0.00901585045141,0.4950001614493651,0.6575509957169821
Ube2g1,0.009000241814255893,0.5847350317304607,0.7285839074887128
Dll4,0.008969138659299724,0.0948799321514722,0.23865016464726807
Sept3,0.008965153387928991,0.5766743302014237,0.7215147800729611
Ldlr,0.008962418521660093,0.6294750140752102,0.760168571685049
Hdac9,0.00895589519285609,0.23650272457188004,0.4154762918943203
Rbl2,0.008909206267024756,0.04768068697771978,0.15698693780358727
Rheb,0.008906587654515538,0.5557962271712935,0.7032127466464767
Aifm1,0.00889553333953614,0.004381920500304167,0.03631481135880423
Hapln1,0.008888744977483362,0.23782291534787428,0.4165984516447481
Gmnn,0.00883044295402614,0.33660549704186693,0.5185793683794429
Gab1,0.008773322620427716,0.6660882561970999,0.7857808036219719
Gjb2,0.00875741597332407,0.763667576841932,0.8518742718724607
Capn10,0.008741003458077991,0.2575351323866538,0.43760383421196575
Vcan,0.008737865424889205,0.39719728656079556,0.5739669571520165
Chmp3,0.008702364926846347,0.5174701926628911,0.6750934661824571
Zfp503,0.008701711124485409,0.13433498468104876,0.2956181004564408
Cyp1b1,0.00867208587709058,0.8004712710317596,0.8758481238809537
Htr4,0.008663826748274123,0.10848257040569488,0.25882581461152926
Ndufaf6,0.00864405035560108,0.0816362093313291,0.21857691663057371
Plcg1,0.008642242216480151,0.19214725318827175,0.36595464994810517
Rab5a,0.00864126185279565,0.7253950182228134,0.8278084595056141
Ackr1,0.008628164206814762,0.6683606703214271,0.7877328510419592
Sidt1,0.008625083172147994,0.11396097425153764,0.26737429967799675
Rbfox2,0.008622066964503237,0.3050921095760083,0.48877978987035753
Cdkn1c,0.008598954906722437,0.6575869073762233,0.780626207709126
Rptor,0.008585471503402596,0.32832389852177113,0.5111855012554967
Slc20a2,0.008584614590688135,0.5669387641613689,0.7141797846906028
Ace2,0.008565347286182934,0.06532056137571916,0.1899658971365698
Ago3,0.00854661544016484,0.6525366920957478,0.7781489115819757
Snu13,0.00854100306430639,0.20981995128587894,0.3853263831364717
Ccar2,0.008532946875092281,0.1960201714494123,0.3706074479479066
March5,0.008523282635207593,0.2084866678965406,0.3842089931142535
Med14,0.008512595806028839,0.10001335665023839,0.24681573888382488
Ap4s1,0.008511947849706977,0.5127829211636681,0.671899738211115
Ddc,0.008438180827636026,0.03055486430216858,0.11980043259443653
Tmem106b,0.008412674607758505,0.5893851138477229,0.7320315231890028
Meis2,0.008394005756371541,0.5913033278302156,0.7332119670910623
Prpf19,0.00834070521474489,0.7514072270786744,0.8432642682726709
Lztr1,0.008274631054181207,0.2118734686622038,0.3874577163316991
Grp,0.00824022779927713,0.14693536169658059,0.3115503473059792
Afdn,0.00821399459958538,0.5142352278532847,0.6727658110488857
Opa1,0.008210039239892856,0.46940532718974115,0.6359725296135113
Ryr3,0.008185362942683986,0.27301790029912154,0.45434653273622533
Chst8,0.008184439624953513,0.5788012095641705,0.7238207820511973
Rflna,0.00817062772398634,0.4069080299707065,0.583864377181596
Rcor2,0.008141299098800717,0.1849100680453029,0.35728267314359474
Pik3r2,0.008131489884093233,0.19046180712991134,0.3640353260389081
Gramd1b,0.00812160746587262,0.20377613732065863,0.3788127100847958
Lrpprc,0.008105836535949401,0.2214748265486181,0.3987797706404875
Cyb561,0.00810528520664509,0.3705007818725542,0.5500362305971767
Fzd2,0.008003310107880733,0.3024729132760938,0.48565134737845594
Tufm,0.007989783240750718,0.07755213784434484,0.21211445316032335
H2afv,0.007964407604677674,0.21094412063766035,0.38678143758903866
Dll1,0.00792298802874457,0.16626157251620188,0.3355530774252526
Abl1,0.007907675558808197,0.5053757145783071,0.6661295917477893
Rb1cc1,0.007905931295207388,0.4186453697474992,0.5918819376613064
Asap2,0.007903425820732514,0.5558427356358742,0.7032127466464767
Stimate,0.00789617726271836,0.09926736528065983,0.24544974808368675
Apc,0.007879632413973664,0.6304997919807207,0.7606435358834214
Meaf6,0.007871763309241445,0.15598242350446673,0.32278553440011554
Efna2,0.007857809443621317,0.036261486434253996,0.13364872998636534
Cdh13,0.007857524345946361,0.461655236912896,0.6305672195805846
Mllt6,0.007849465747521019,0.5423185384954554,0.6938653637996666
Abca3,0.007848933306944791,0.2515068729192714,0.4321874416436093
Msh2,0.007828375409565515,0.36091907358644704,0.5406288132753645
Epor,0.00782563687729711,0.0456419966278327,0.15347384627460423
Arntl,0.0078113506183828275,0.12878312451717808,0.28837696144079256
Wdr37,0.007810645133899183,0.4150398957542576,0.5895088967794948
Itga9,0.007756297941216841,0.1213101978250299,0.27674567044073234
Gbx1,0.007731322637847699,0.07806362100983198,0.21305646376198661
Gstk1,0.0077079114150560854,0.13806914252370658,0.2996045950768773
Ren1,0.0076990967906270654,0.005663496610711816,0.042905675023620825
Cct7,0.007686417351931823,0.32737924127820595,0.5103782577359826
Egln3,0.007685933250080309,0.39577465396664957,0.5723976495276097
Dusp3,0.007656404676065778,0.43821202214706256,0.6105096466696153
Tet1,0.0076553454646379245,0.5535479242281214,0.7017017796937493
Cxcl9,0.007639725600248769,0.8595585802946597,0.9144125793708152
Lrp12,0.007634835223598458,0.6065315909555171,0.7442325707182665
Impad1,0.007630188046686415,0.6357478824147205,0.7643877543165958
Crocc,0.007629736449945776,0.295424065618057,0.47909749405467106
Ssbp2,0.007628162241177146,0.6412352415395557,0.7694521211699068
Trhr2,0.007601392617789924,0.025019326192929334,0.10547403546291945
Akap9,0.007555759946247359,0.24152969616611156,0.4206360464811659
Nrg1,0.007528675040446849,0.5196144963573133,0.6763003820687793
Ttc8,0.0075125568011211565,0.5680556777174457,0.7152337575690216
Mmd2,0.0075112488740858305,0.6177110725022792,0.7519012503460496
Ppp2r5c,0.007503850369023212,0.3226339908525139,0.5058492807573765
Dync2h1,0.007499904226833163,0.5365235641520092,0.6891983633189118
Usp14,0.007456015764479403,0.47784056893891924,0.6434701008863323
Ftsj1,0.007413409699127932,0.18321753943627084,0.3556288693548012
Bcl2l2,0.007400140490418155,0.2599572741184501,0.44029053314501565
Igsf5,0.007393988182903261,0.004197699115934908,0.03533409767390094
Fbxo3,0.007390151512395836,0.667954422572919,0.7876180096034351
Prkaa2,0.007368206530454211,0.45434898827934633,0.6241945028852534
Selenoo,0.007365781160359496,0.1371052429951704,0.29820543747085854
Vcam1,0.007335206726330191,0.701889008826235,0.8118520347799
Btbd2,0.007307489939188967,0.44729011962445153,0.6178533307689303
Klc3,0.007259123385335062,0.09989118621833208,0.2466335628749816
Tbx3,0.007247976159453648,0.20681059384547965,0.3827685129116848
Sema3f,0.007236316137572668,0.34059095724328214,0.5213253360644862
Dctn1,0.00715774396886203,0.3816530804511459,0.5607870146786326
Clcn4,0.00715042117438983,0.5224289733826725,0.678094196749367
Wdr61,0.007146907674084455,0.09016571279548795,0.23009689836570507
Nr1d1,0.00713825936917492,0.836242270589911,0.8995512067227195
Homer1,0.007124246200984141,0.5371453375233877,0.6894761868914948
Sstr2,0.007110163524038521,0.23063487299149973,0.40920643030596177
Lss,0.007079986939474175,0.5966293163485745,0.7358717949837553
Bcl7a,0.007062900274608597,0.5476746597211346,0.6966804087874084
Zswim9,0.0070613422765851835,0.004717352060509035,0.03831721793098182
Rgs9,0.007056935999439555,0.2753715287663332,0.4568033067437612
Insrr,0.007047556477078561,4.874976718685984e-07,8.069078613177842e-05
Abhd5,0.007022727597945103,0.35484226440434297,0.535517867078862
Hcn3,0.007017433180634444,0.14754402290122298,0.3121617838320773
Serpina3f,0.007011834005862168,0.7059444733906524,0.813974402975976
Gk,0.006964845232203277,0.2947518846144773,0.47877136971882944
Aqp6,0.006959323073150272,0.10311279619420763,0.25153420506825397
Kif5b,0.006946024526747812,0.7323186223984626,0.832751509607763
Map4,0.006943605114669166,0.6704475152861771,0.7887344961888352
Rtn4r,0.0069333431025212534,0.450263609899768,0.6202524099645467
Pttg1,0.0069194612291339115,0.2752660951216417,0.45677695224967285
Gsk3b,0.006894415964477722,0.34185204746862663,0.5227180138301751
Limk2,0.006874140088828118,0.4368551702356177,0.6096848764355365
Minar2,0.006865687859759085,0.6557942109414789,0.7792751840246165
Letmd1,0.006857185720694198,0.20241320999491175,0.3780547952385289
Rxfp3,0.006856958357609407,0.1300244106315736,0.2903922954042781
Irx3,0.006822038009624051,0.16035537371298064,0.3282394708306237
Lhx5,0.006793120215437003,0.02054718468429728,0.0942546664339932
Glud1,0.006789288978039946,0.7966943237670434,0.8732139547777585
Mrnip,0.006788469654016359,0.1981197583705796,0.37305606771809763
Cep290,0.006787025502183741,0.11075880959599833,0.2626595480005521
Nrip3,0.006761993124291251,0.4616410839315924,0.6305672195805846
Pnpla3,0.00673982906943095,0.23523957856513072,0.4140638682749247
Capn2,0.006732500512618032,0.45918219345427014,0.6285872634533929
Srr,0.00670137548758149,0.47202289495816185,0.638022758734556
Cd248,0.0066943796116333085,0.5280813903631384,0.6831709795187342
Esrrb,0.0066916037438403,0.09566981617563788,0.2400391925592527
Lin28b,0.006680762953054008,0.2265767945916767,0.4048224970970728
Fbxl17,0.00666787696039285,0.5953363098852573,0.7354536820495945
Kat8,0.006644263976946618,0.15960242027116486,0.32722345088553534
Elavl1,0.006641769199181879,0.28810829364695295,0.47033287827440096
Bmi1,0.006624200500328307,0.515913039010474,0.6744419302902173
Gcat,0.006622586648571398,0.3169103326798643,0.5011034119652783
Emc1,0.00661490469261614,0.29524186278292247,0.47906691242376465
Agtr2,0.006598054106988573,0.010428040476612804,0.06107168136762563
Rspo2,0.00656844473141019,0.34629763045567696,0.5266738857943972
Pln,0.006559423475345377,0.4055821981306078,0.5824534889257406
Prune1,0.006557093414896579,0.23119095604377024,0.40962315622760403
Cbln4,0.006543534303888415,0.5690654633325168,0.7157324569312296
Sarm1,0.006540545738340764,0.41087145089370003,0.5871634356365594
Sept6,0.006510534551670091,0.4113011900419603,0.5873592862273347
Tox3,0.006504167272155189,0.3636136101539702,0.5436087413233887
Trim24,0.0065009069462536985,0.4651087448397744,0.6330095270618167
Ddx56,0.006498071327339404,0.2697030193685482,0.4507716585186646
Arfip2,0.006497648133876281,0.45845047394967153,0.6279688151496441
Coa7,0.006466270104899261,0.05367875633206355,0.16902181237645442
Vps9d1,0.006454679927714559,0.22028314968614024,0.39775307827405343
Klhl3,0.00645163348697229,0.5108990341352262,0.670406650525089
Rcn2,0.006434003463704613,0.793012428910685,0.8714253338805266
Eif4e,0.006433751751871519,0.654793095278874,0.7791228315879487
Adamts3,0.006387468162041413,0.1968632106233043,0.3715128514204496
Colgalt2,0.006329994826414673,0.22718347997047744,0.40530166961683284
Sstr1,0.006321737490754153,0.3126771636225595,0.49650001888027645
Grk3,0.006321278905876381,0.40711417193703114,0.5839821939764464
Crbn,0.006289377772653967,0.5824371691128072,0.7273457927309636
Asf1a,0.0062770102843903415,0.41777433596929037,0.5911731896326234
Rbm8a,0.006274163402882429,0.38572624067536576,0.5638659264991799
Ccl17,0.006260764723081485,0.8250311516206565,0.8918168901074315
Prkci,0.006250212313519406,0.411696989891272,0.5875545664796827
Mycbp2,0.006239340723576935,0.7711548766794208,0.8570067594644283
Cited1,0.006234916571785916,0.1724670491842938,0.34231689412026567
Srrm4,0.0062310291235964455,0.4294050001128371,0.6021165722608787
Kat2b,0.0061894741802506455,0.36588207595096023,0.545552761120213
Pick1,0.006185308861109847,0.5064675549614713,0.6669186952186523
Ephb2,0.006164736029894375,0.32254238702215055,0.5058492807573765
Pcdh20,0.0061326321474493,0.2965044641126643,0.479692125416651
Dst,0.006130384001387976,0.7834768561436477,0.8646723157050512
Dcx,0.006125848442530522,0.15028476207244723,0.3156041874563826
Ipmk,0.006106065011858061,0.4447688823067052,0.6155831144550225
Cdh9,0.006090153164934921,0.020965706417934844,0.09514774772053883
Fgfr1op,0.0060566002304858904,0.06561505374061073,0.1903518965542344
Mtor,0.006054005935041641,0.5220036994321811,0.6777843937138665
Adcy2,0.006049747166042955,0.6917357463449376,0.8035033391095111
Cacnb1,0.00603065611847165,0.5875716302124377,0.7306686703348719
Ankrd13d,0.0060234147876304855,0.34228202852437606,0.5230619015886286
Lmnb2,0.006021038188883253,0.1178612323782391,0.27241057832414933
Ntsr1,0.006014820683268439,0.00876313596392089,0.05459739477584871
Aox3,0.005998597671928586,0.5670315875312569,0.7141797846906028
Tnfsf11,0.005952949716507063,0.4046140425756961,0.5812267618075544
Nde1,0.005925490123183751,0.3566251306404069,0.5377312419144888
Gsx1,0.005914503520772344,0.010459133532399986,0.06118353228070221
Cpeb4,0.005911092946440705,0.698858798778201,0.8094638357328799
Hdac6,0.0059004331408241345,0.46079901357111475,0.6300015460268711
Ppp1r1b,0.005891944019024705,0.7555935895485633,0.8451502391154362
Mapk1,0.005890345672327329,0.7513096551287146,0.8432642682726709
Cyp27a1,0.005855864002587876,0.838675239350267,0.9012181158470007
Cul1,0.005833292707454442,0.7013758607488667,0.8114579872261214
Fbxw11,0.005810090945476334,0.5013448172600242,0.663043793840649
Mpi,0.0058073325587508365,0.28180383629598993,0.46236132806234953
Acan,0.005777077118826991,0.1513543338455678,0.31654713281928715
Emsy,0.005774224622569786,0.298244454626502,0.48174318019309265
Esyt3,0.005773163473695042,0.1807286305858165,0.3528116129423077
Adora2a,0.0057728661923138955,0.3515469222031723,0.5316456715559982
Smarcd1,0.005757138420309052,0.5312729850863039,0.6857346905175193
Marco,0.005750055556168167,0.4823875218387438,0.648053397129163
Adgrl2,0.005749139210994754,0.670030492124964,0.788425730179802
Gdpd1,0.005712794523112083,0.370428266773427,0.5500362305971767
Cep250,0.0056996746438010976,0.18528451682064773,0.3577351704398653
Brd4,0.005696251181394786,0.30089226887837545,0.48448594177670234
Mapk8,0.005688555311430647,0.6297500634790083,0.7603002942258056
Meox1,0.005665812682279814,0.34573136405268645,0.5259694864398311
Ggps1,0.00566533209095141,0.7526558961404799,0.8434309591855421
Hist1h4h,0.005642957098152916,0.7486848280310978,0.8409359718785758
Rab10,0.005635657145628178,0.5194635710411564,0.6763003820687793
Spry4,0.005630546053155035,0.38727564901827494,0.5648415747305792
Rbpjl,0.005623172096506347,0.005361161139754067,0.0414981532228915
Ndufs4,0.0056161301506723335,0.44716919888367157,0.6178533307689303
Psmd3,0.005605507765718396,0.46491365070972646,0.6330095270618167
Trpc7,0.005591468399691894,0.00977290635277573,0.05843176927313207
Ptchd1,0.005578604105597211,0.48960239809435324,0.6525899745699755
Tac1,0.005551550421950018,0.82657859319521,0.8929219406795353
Ankrd13b,0.005537287050349275,0.6867474240484595,0.7996116434766473
Vps28,0.005502927859759466,0.39710616222767525,0.5739669571520165
Smad9,0.005451695301976251,0.6152675243152363,0.7508854586573767
Cux2,0.005448558460009287,0.1480752227724142,0.3127667541871987
Sema3e,0.005440522130031072,0.257023601638746,0.4370999214932182
Smap2,0.005439939450790929,0.31558326322479,0.49993485270486143
Gm2a,0.005416594868090023,0.778339198305442,0.861986159478085
Lsr,0.00540745872854119,0.6647549852794371,0.7852976331427534
Mus81,0.005392166465139248,0.15870513208394912,0.3258837049293784
Hes5,0.005368221230538785,0.17992750508870764,0.35192109028278284
Dgkq,0.0053163610855755435,0.4165566570636582,0.5903883778924003
Fzd6,0.005313911070173295,0.47179513823436425,0.638022758734556
Pip4p1,0.00529354851489952,0.2986107511258516,0.481877077346716
Hikeshi,0.0052921147545982785,0.2136003249394417,0.38955139703828817
Tubg1,0.005287036087899946,0.573309114537488,0.7191991678370363
Sox21,0.0052869567097213735,0.6819507520613626,0.7963898320203778
L1cam,0.0052825009252422395,0.678195972183999,0.7935169184686444
Yes1,0.005170921425172417,0.5336976090322783,0.6872990415737569
Sdhc,0.005126507403384552,0.40424425435438793,0.5808591384399248
Dvl1,0.0051174021951233516,0.5302459934676687,0.6846430662428034
Notch4,0.005116216419466913,0.32107859361713753,0.5044949899346594
Celf6,0.005110604284857284,0.6160969694354124,0.7513054365503319
Asap1,0.0051077003008798815,0.4153797890409716,0.5895526722031152
Nme5,0.005103642419421766,0.3542747272763902,0.5348195868117391
Lypd6b,0.005076986735266522,0.37541317416678455,0.5542641393414669
Leo1,0.005067883033143557,0.4758219845962347,0.6417683615614472
Vdr,0.00506683243340936,0.5879844121163523,0.7308666141745453
Far2,0.005049165071226754,0.33415889167449875,0.5167995385407959
Pakap,0.005042301868968564,0.636262551195405,0.7647444094363244
Kat5,0.005039980098179528,0.68576838101482,0.7992013962889186
Grb10,0.005039149326058332,0.7966204698353964,0.8732139547777585
Epn3,0.005006714100602972,0.411956897893491,0.5875545664796827
Park7,0.0050038371940939255,0.4686109115113828,0.6353597298782774
Cltb,0.0050000258960103796,0.6544660312095261,0.7791228315879487
Prkd1,0.004973195130554333,0.5920375194054696,0.7333616771460175
Maoa,0.004961805950787673,0.7328942769372249,0.832751509607763
Cct8,0.004908284034118252,0.5867249504862491,0.7304793206426696
Smad1,0.004906189502643452,0.5058870297127227,0.6664591266954025
Ubxn7,0.004893230456371909,0.6459479652361901,0.7731066566564537
Car7,0.004889870649398192,0.06429140497305755,0.18880279606653227
Rita1,0.004884370814266696,0.15207306116087932,0.3173560890184747
Mlxipl,0.004869258078809778,0.48997490822444545,0.6529158847578099
Ero1l,0.004868435320393431,0.4725688071664902,0.6380554487443796
Myh4,0.0048451780923263596,0.27320043201737576,0.454383894268221
Galnt18,0.004794909612262437,0.5236989198058042,0.6787063490674307
Slc5a7,0.004714493373287405,0.7808979244792948,0.8630565850555623
Rictor,0.0047128648454153,0.523424561515524,0.6786161295566293
Trh,0.004710907153123418,0.504719283676158,0.6655020166344369
Stx1a,0.004707722645001585,0.532088288900054,0.6862660838632555
Cfap36,0.004707275275477764,0.7228622183522035,0.8256426725961913
Pard6b,0.0046886963712548645,0.07215331314307782,0.20312033683379688
Csde1,0.004676307622061632,0.7424576809649202,0.8365974443565403
Rac1,0.0046725508400485135,0.5958006153622927,0.7354536820495945
Ryr1,0.00465423731338911,0.31863940968510396,0.5019702374316601
Ldb2,0.004653979357750768,0.7330347919360753,0.832751509607763
Ifi44,0.0046339074959128096,0.7777142184540692,0.861986159478085
Bbs9,0.00462796502074343,0.7692999218760239,0.8560481503944631
Taf11,0.004617582025459395,0.4343875122443429,0.6077374382771238
Kdm5b,0.004582653448474534,0.6870715987346239,0.7998065324384566
Akap5,0.004576287791260158,0.36066123966055996,0.5406209178690909
Foxb1,0.0045568198525431786,0.00417195928601339,0.035233715758202486
Mycl,0.00455515652233421,0.6802772459026685,0.7947994116696088
Mad2l2,0.004546163290824967,0.21730357978567155,0.3939110023051565
Smpd4,0.004534659535101473,0.3444933002378323,0.5248052201199002
Ric8b,0.004458117443917035,0.6767757687427371,0.7929450562331907
Arhgef11,0.004445707531737335,0.6066494861883066,0.7442325707182665
Snrpd1,0.004433818500164223,0.33068032655137547,0.5131732113594665
Pdzd7,0.0044323731916148445,0.1664937931706164,0.3355530774252526
Rasd1,0.004402816709276691,0.2533218994761851,0.43362248631812755
Spaca6,0.004380620837614412,0.3204150526920291,0.5038339037552529
Med21,0.0043705676535258885,0.5297715098647648,0.6846430662428034
Luzp2,0.0043687297380464105,0.8932720699075103,0.93315192066316
Adcyap1r1,0.0043106639931196206,0.8429036405141228,0.9040478280619304
Xist,0.0043000050221321685,0.5939662310887783,0.7346803454859017
Zc3hc1,0.00429799515686495,0.21154815349777958,0.387193086111293
Ash2l,0.004297672513871546,0.41296984031775075,0.5877676215013522
Acsl4,0.004287503493524584,0.7373807696109864,0.8345638575073534
Atf2,0.004263072373622238,0.5135939239036865,0.6726168436027484
Prmt1,0.004250389138978257,0.15499561067854714,0.32126477451087726
Tox,0.004247504104254998,0.6214191514326888,0.7543016252384525
Mkln1,0.004243677123178642,0.7328617461932062,0.832751509607763
Trpv3,0.004242379162343561,0.04391163924330144,0.14942242546053322
Ly6g6e,0.004232968369932417,0.38704040498221326,0.5648415747305792
Evx1,0.004221975902534192,6.049106336339824e-05,0.0021257669948958704
Ano5,0.004192533931193672,0.056081951314451484,0.17475506026574036
Nkain3,0.004164453224266215,0.0700334208912104,0.19879826375407025
Cep104,0.004160174497123824,0.7365726024869174,0.8340192775329113
Crabp1,0.0041519964432428745,0.6230975887322224,0.7555076777093099
Nf1,0.004147866624175659,0.8710155752150232,0.9196958081498309
Trpc4,0.004138448645085212,0.2142215251688409,0.39040514465389686
Cntnap5b,0.004134781806087235,0.659583631678845,0.7812223066658709
Evpl,0.004134712629765202,0.05966470670091493,0.18073020717420846
Prdm13,0.004119894696504631,0.0001930120264093516,0.004587625484380288
Tbck,0.004098154568389847,0.6613796922013343,0.7825789399023443
Grb7,0.004091133741493033,0.06380881013762935,0.18801982624067134
Htr2a,0.004090331303021949,0.6511292273722373,0.7771198382839922
Gfpt1,0.004084589393563492,0.4567797325623242,0.6261847395324955
Vps51,0.004070046913229341,0.3435403200871844,0.5241995730675225
Cry1,0.004066184779853538,0.18924592947310406,0.36263842458388573
Mia,0.004058329748429364,0.12118630132123494,0.2767105295611546
Tfam,0.004041075086413296,0.46341434996983166,0.6320525666299763
Mtrex,0.004021396455344702,0.5469206568366964,0.6965530299246908
Folr2,0.0040170932044315075,0.06777292724954884,0.19410988315550176
Amh,0.004003718488115956,0.006895949400860346,0.047793801486125845
Myl2,0.0039999872003522695,0.3362080649882454,0.5181260844426102
Crb1,0.003998126062827665,0.0009338762286191791,0.01361057897767552
Itgae,0.003982327059503876,0.7976541590088018,0.8736644221633975
Gnaq,0.003961719036951262,0.6438860756636202,0.771362816336338
Nr2c2,0.003960479089696004,0.6782461800672984,0.7935169184686444
Hdac2,0.003954839860349575,0.7694531992861426,0.8560481503944631
Cisd2,0.0039535583364698115,0.8036005852810999,0.8780578347769641
Ppp3r2,0.003948948875706051,0.027952645685500977,0.1135242401606214
Sel1l,0.003948657547322109,0.5076586983966545,0.667930621749119
Medag,0.003936349646803044,0.6474264700856436,0.7741496539866076
Eloc,0.003931821066109998,0.6715599820716971,0.7891332569794349
Kcnmb2,0.003930820789471539,0.11795309082259263,0.27249941860781024
Foxj1,0.00392206849246993,0.7100114544263684,0.8162651406420791
Aldh2,0.003884611388693907,0.6177644571407732,0.7519012503460496
Sesn2,0.0038590348741540186,0.43487930033312916,0.6079539198520426
Spsb1,0.0038535290191112955,0.7053655249445259,0.8134907399371527
Odf2,0.0038409695285497197,0.6794340100156213,0.7943600470065745
Trmt13,0.003838758699979143,0.48410826968142495,0.6493390175243093
Dusp7,0.003826775320378363,0.617227047685728,0.7519012503460496
Polr2j,0.0038020735363162635,0.7406368724811256,0.835707023258533
Cyp3a13,0.003800025329571363,0.729207589695076,0.8306583106374683
Kdm8,0.0037979875511866762,0.38733891950746246,0.5648415747305792
Zdhhc2,0.003794349885678946,0.802510477425226,0.8775146720999094
Jazf1,0.003779767755846327,0.28234722511664734,0.4629550611764764
Micu1,0.0037649819873235265,0.6115105999344531,0.7491151705729215
Tcp1,0.003762267404898597,0.7095378524987561,0.8162651406420791
Tbx20,0.0037387910037229347,3.614797761730537e-05,0.001568732304637918
Canx,0.003697227036819278,0.6652229152446789,0.7854865950609045
Kdm2a,0.0036842648466631953,0.626929361583709,0.7587756124030041
Fbln1,0.0036737916963476835,0.9061366183459032,0.9387089541394095
Hibadh,0.003672766355029996,0.7797068362736108,0.8627515340198891
Nsmce3,0.003645489709792376,0.5323480745601672,0.6864275855236129
Togaram1,0.003636878275621936,0.7557445628516578,0.8451502391154362
Hoxd3,0.003635647525231317,0.5006031442648322,0.6624063914124277
Slc24a4,0.003634186683676985,0.6339236359552629,0.7634593070650307
Tek,0.0036328406504385295,0.6862727017277706,0.799423852823329
Shld1,0.003589684737661367,0.2884591914143415,0.4707070810635176
Il13ra2,0.003582076791932194,0.0001634583411311922,0.0040872597946579
Lamtor2,0.003579303351337873,0.6825445198489586,0.796718442963281
Crym,0.0035768915000847622,0.8976767589091738,0.9348814102073695
Maip1,0.0035491081502136506,0.6531882297295515,0.7782031326178119
Slc9a1,0.0035153271440707175,0.6180627384551192,0.7519012503460496
Shoc2,0.0035117903086591077,0.6559905195455211,0.7792751840246165
Ywhaz,0.003502848517088143,0.889710544799923,0.9307656868384756
Saraf,0.0035022951548473224,0.6324599419616557,0.762329433824765
Bag2,0.0034712528616167924,0.35994446006464786,0.5400225561146379
Col4a3,0.0034556013401451312,0.25420346750686407,0.4344705999614829
Pou3f2,0.0034513179406322975,0.8118874536979032,0.8827436650165972
Smarca4,0.003449434631610226,0.627693894704194,0.7592686709266475
Mst1r,0.003444103857931637,0.0544980196302728,0.17054871051166964
Arhgef15,0.0034365243819884012,0.7294215270801485,0.8307165013699124
Trim17,0.0034330116647924894,0.16639859957722747,0.3355530774252526
Slc39a8,0.0034207553846800657,0.1057925137447614,0.2546708884436186
Got2,0.0034199123296114508,0.7206200491848768,0.8245587417882585
Bbs2,0.003418864896020428,0.766439500814409,0.8539991030262779
Smyd3,0.003385379707522421,0.533635234613217,0.6872990415737569
Scx,0.003360853178609464,0.36432351772813576,0.5441915853385711
Dync1i2,0.0033550459359142377,0.8304436467319176,0.8953906239652317
Gabrd,0.0033511784365925076,0.006962451376312739,0.047993870906177405
Stub1,0.003330784091692767,0.671014505130545,0.7891332569794349
Tssc4,0.00332537447099761,0.8057300877303559,0.878962612812777
Il34,0.003312312215457412,0.8666517149093023,0.9174832305755743
Carm1,0.0033076414578152597,0.5462696462182528,0.6962822252272133
Mob2,0.003300124110290023,0.7908454910727472,0.8705444216577651
Skp1a,0.0032811276101017022,0.8359258835986567,0.8995207833025012
Katnal2,0.0032786353626257127,0.5319185202345718,0.6862206301761635
Alox5,0.0032561506133611472,0.6596205596569116,0.7812223066658709
Cdh2,0.003249053530287743,0.8147909853038438,0.8851172552830853
Dpy30,0.003243985075005377,0.6718621709769155,0.78930652559955
Sirt4,0.00324017688338464,0.6696791644835884,0.7884233428823371
Pla2g6,0.003231743452873,0.5180462460974639,0.6753429595632171
Ucn3,0.0032309867440189623,0.15117137945208328,0.316423966592153
Otp,0.003219481763960974,0.03039302033838195,0.11934934314556299
Pthlh,0.0032152802871930923,0.5360082910211761,0.6889473730575664
Foxo4,0.0031960268249041626,0.2046509412413812,0.3803003465472807
Mturn,0.0031950620294259745,0.8182594673791967,0.8876949262231567
Gsdme,0.0031916024381671696,0.5604656268370684,0.7076572184395757
Elk1,0.0031898214775640163,0.6215114155807128,0.7543016252384525
Cercam,0.0031780764492013807,0.7571626857150893,0.8459099023545228
Bcl11b,0.0031670720516716135,0.43816706963039465,0.6105096466696153
Gopc,0.00316394522026376,0.7888077085120299,0.8686761919516115
Rtbdn,0.003160797212972771,0.26044782422889023,0.4408389137359728
Phf6,0.003154810685565269,0.4879609323304299,0.6510825832638041
Msx2,0.0031452630800678574,0.008446559702722537,0.0531924704241823
Lhx4,0.003138934215278967,0.17619064656544844,0.34754388558791666
Sphk2,0.003118254931583612,0.7082009004589238,0.815836194638347
Edn1,0.00311424744409878,0.6198604586036358,0.7535529550374515
Amer1,0.003103932029526273,0.5354955635178382,0.6889473730575664
Zkscan1,0.0030957866214325427,0.7782038136264328,0.861986159478085
Mmp16,0.00308487367030476,0.7538201263343491,0.8443646166955456
Galnt17,0.00308197580793888,0.8553095937239815,0.9117939890461922
Mael,0.003081599725428345,0.0006177175175449693,0.010402585079280493
Ctnnbip1,0.0030800644893778702,0.7403950080284121,0.835707023258533
Zic3,0.0030757506560200455,0.5425099486480831,0.6939175647075907
Rag1,0.003068759169990401,0.327630658910668,0.5104593741916058
Gatad2b,0.0030686044088069496,0.6269827889195574,0.7587756124030041
Gata6,0.0030669218850363812,0.04213039036080606,0.1460305779092687
Slc6a19,0.003063809737122742,0.0022265740964809147,0.023226491750816248
Tbx4,0.003061632853584963,0.00013446961608553634,0.003572549539855838
Apba3,0.003061442133025067,0.5844477267347841,0.7285839074887128
Sytl5,0.0030587734517997286,0.5955301879733499,0.7354536820495945
Cptp,0.003056199171226672,0.5688423307903134,0.7157324569312296
Terf1,0.0030431756389227124,0.6585771308663535,0.781074620913571
Rfx3,0.0030313678132353017,0.7524251053449627,0.8434067392021937
Nr6a1,0.0030022937475908443,0.42755541591677715,0.6007077085451253
Ccr9,0.00299091910590613,0.2332270507158368,0.4123712948705316
Mecom,0.0029844134285928144,0.4211510219799044,0.5945846548019377
Ddah1,0.002976881440767601,0.78818175170427,0.8683617959921126
Lrig1,0.0029636193278682727,0.809770260210945,0.8820495616775635
Ptpra,0.002947863220678987,0.8819830629093626,0.9266726269620306
Tigar,0.0029391689957510947,0.4567494289545395,0.6261847395324955
Neurod6,0.002937805675841216,0.2517596399736451,0.4322537608568036
Anapc15,0.0029317280294347227,0.06540802225944872,0.19000359996893393
Pou4f2,0.0029309665488407026,0.4076009400622165,0.5842012911653178
Etv4,0.00290970519444024,0.4081544988869602,0.5848303648377483
Gck,0.002907830561322687,0.026947102342257438,0.11049611659795433
Hnrnpdl,0.0028875777084682165,0.870835990529738,0.9196958081498309
Mboat1,0.0028836581131326407,0.7636975191673716,0.8518742718724607
Pim2,0.002881089863905205,0.7171192837206114,0.8219642889574618
Grk2,0.0028648576586925685,0.7920357354274427,0.870914914079626
Myo18a,0.002863400970536635,0.6698739008139676,0.7884233428823371
Gpr139,0.002850772466909124,2.6699980212248368e-05,0.0012848735760630087
Pcif1,0.002830101605055429,0.5252796918963952,0.6805820950885222
Slc19a3,0.0028210610231867257,0.317522181041928,0.5015584730771441
Dnajb6,0.0028183972309577202,0.8124019083379374,0.8830304995593051
Dhodh,0.002794892509578412,0.5392479193555184,0.6915322854523054
Keap1,0.002792436607382016,0.48710094203389587,0.6506834618296856
Chrna2,0.0027749000636419687,0.4772197136184746,0.6430756781988919
Npsr1,0.0027646606942333105,0.7349740452399914,0.8335043585525114
Zbtb8b,0.0027590054991821857,0.3066725742818638,0.49038343151243163
Mprip,0.002720997786545463,0.7682945237809182,0.855277282211912
Dydc2,0.002719153016031454,0.596033233011767,0.7354536820495945
Pcdha2,0.0026790983311847185,0.029703130650851426,0.11736302823392185
Ern2,0.0026782992545400825,0.012685740916166616,0.06906079446463811
Ift27,0.002667214235926892,0.7336259312406412,0.8329013744176521
Prpsap2,0.0026564013326623725,0.8580345793744897,0.9133627690712169
Cldn9,0.002633128654331062,0.00040885100200507146,0.00796011053903767
Nr3c2,0.0026176885771027982,0.8481138237113576,0.9081084413836346
Plagl1,0.002613366395547289,0.6802048272579817,0.7947994116696088
Tmem41b,0.0026092200012391574,0.7780336716464696,0.861986159478085
Pla2g4a,0.0026077327391979205,0.8315641449769302,0.896409278006619
Tle6,0.0026011108646688593,0.48659446653496163,0.6505529302756183
Nxph2,0.0025906969102265074,0.15398356254974777,0.3200774867833184
Slc4a9,0.00258988187344501,0.10294677655999507,0.25134634317053545
Piwil2,0.002587012214446908,0.26185208889696565,0.4419134258468928
D1Ertd622e,0.002569023679066441,0.8115800611475715,0.8827014694912073
Nfu1,0.002563074255287385,0.6793412169838218,0.7943600470065745
Exoc4,0.0025598103639711874,0.705172721885462,0.8134522963224201
Ldha,0.0025238044597407235,0.9292108106662726,0.9558185814092875
Sdk2,0.002505381003389475,0.7618779263248608,0.8502164301428824
Casq1,0.002503293067482801,0.32443919124124476,0.5076577651906716
Nlk,0.0024908567022642763,0.7326776871767825,0.832751509607763
Pdcd4,0.0024833178347854496,0.8903314314990944,0.93084251528528
Large1,0.0024831227180076593,0.7719657943822498,0.8577210884652268
Hopx,0.002477964580770367,0.878133966688218,0.9235796626962062
Ctbp1,0.0024756864271402446,0.8547410205441076,0.9115688784853634
Frmd7,0.0024668567440060477,0.18341729138642346,0.3557458567916905
Oxtr,0.0024523770233038557,0.6763183550961402,0.7928703258032457
Atp4a,0.0024490279354991806,0.02416168944490003,0.10305081760738716
Pom121,0.0024347776955872032,0.863390291806585,0.9161658095351168
Robo3,0.0024028373901055916,0.07345370298192358,0.2054689653708897
Wdr83,0.002399095672318726,0.5206636592502766,0.676730655640744
Paxip1,0.002397975435941982,0.8202363938333035,0.8885168496376473
Hkdc1,0.002386945141872883,0.001260519248090941,0.016657794519460853
Matn1,0.0023718835085359776,0.10417109626665434,0.2526755882340484
Thumpd1,0.002370762898449639,0.8570066570287521,0.9126494692074457
Set,0.002343444920751091,0.8178675553029436,0.8874584981068528
Ing3,0.0023214605606626873,0.786164643236956,0.8671215361927922
Ap5z1,0.0023143626658625746,0.6585609062521174,0.781074620913571
Supt6,0.0022676144847418767,0.7361741509454178,0.8339383397673942
Etv5,0.0022674542128799176,0.7999970965612657,0.8755170970948329
Mtif2,0.0022656499956932173,0.6685496908987325,0.787773613600008
Lhx2,0.002260887994944099,0.03972910583428319,0.14093057639824658
Samd14,0.002241004242073723,0.7776432292266054,0.861986159478085
Rab4b,0.0022398971565075402,0.7399337503200036,0.835707023258533
Msx1,0.002231206751486299,0.6918225182060327,0.8035033391095111
Tas1r3,0.0022305935139110902,0.13848091633572515,0.3003363750971658
Casz1,0.0021901645550450833,0.6714218261281419,0.7891332569794349
Rfx5,0.002180431026912412,0.6179437736283835,0.7519012503460496
Immt,0.0021745976807606166,0.8011817853813669,0.8764375481943711
Htr1b,0.002160460177087747,0.41068264878891403,0.5871334617354962
Eya1,0.0021535594811995726,0.7201936204962605,0.8242557007295097
Map3k5,0.0021492721041366154,0.712587691131035,0.8183047754298536
Azi2,0.0021353063128158626,0.6644759308176583,0.7851498084551483
Ewsr1,0.002109020551912529,0.8282514709980008,0.8939718056624634
Cdh23,0.00210150397973618,0.3050446305268456,0.48877978987035753
Fgf18,0.0020980668768512886,0.7356794946762177,0.8339335782985303
Nkx2-2,0.0020834853385920957,0.7558469693873006,0.8451502391154362
Abca7,0.002082472346224849,0.8901849999063167,0.93084251528528
Kdr,0.0020810733831645584,0.8498165470886159,0.9089776067727049
Fbxo32,0.002069654346494989,0.8297727444184518,0.8950456268298843
Akt1s1,0.0020638046389061886,0.7457423100622345,0.8393714747633402
Ercc1,0.002047242582023752,0.660858248203457,0.782143369857502
Il17rb,0.0020283292181203475,0.49044541657770013,0.653031080648094
Cct5,0.0020158571666040385,0.7335041591930898,0.8329013744176521
Arl13b,0.0020073748645326192,0.7972965817304307,0.873545075044782
Adora2b,0.001997284128306858,0.783336828748376,0.8646723157050512
Jph2,0.0019954275971891186,0.37844313392314066,0.5582528704863912
Nedd4l,0.001995163284011853,0.874989088237477,0.9216021761510159
Bbs5,0.0019852748674391335,0.6618798455292685,0.7829891215317251
Gpr39,0.0019800495698837814,0.5037540293832455,0.6647333043169845
Nodal,0.0019746135523053517,0.18154350044323223,0.3537255140416072
Sinhcaf,0.0019741641050918814,0.5008871024868442,0.6626102463136392
Aip,0.0019715216368397658,0.805234809079094,0.8786102162807397
Cpt2,0.0019468155430987896,0.6457538090934007,0.7730556630334281
Gata2,0.0019460583531216023,0.7509973875446893,0.8432396376547346
Nxn,0.0019362991169826725,0.7914577721002282,0.87064901378029
Cops8,0.0019268505618201344,0.8329005754265604,0.8974706031370691
Rnf130,0.00191958482435703,0.7711166593320374,0.8570067594644283
Gstp1,0.001917006709934743,0.9331347604387865,0.9583089214814274
Adprhl1,0.001914654675937558,0.16577976570374536,0.3351734383094749
Trpc3,0.001907426050921442,0.8555156702327638,0.9118231161423584
Htr3a,0.0018998966802266362,0.7407705766526852,0.835707023258533
Virma,0.0018934725568989365,0.7180774375463883,0.8222026956058646
Stxbp4,0.0018905765264525406,0.8096330037936066,0.8820495616775635
Klhl41,0.0018836498786767898,0.2717892523181937,0.4530709072140869
Rock2,0.0018662525950465937,0.8937125571815556,0.9332298370896858
Kansl2,0.0018595084314766454,0.8974943510570066,0.9348814102073695
Acr,0.0018555775442237374,0.042593042804876635,0.14650513239897217
Sstr4,0.0018515144405906346,0.6979275954526262,0.8089363018413647
Tnnt2,0.00184848099306777,0.0647907605463238,0.18941581917859365
Chd6,0.001846881430352288,0.8645341068309562,0.9166265894320013
Nhlh1,0.001836918464494529,0.1142807603606066,0.26745593703810505
Nf2,0.001835664759505034,0.7938174710981147,0.8715320197162411
Spo11,0.0018197507171753453,0.006410914557908485,0.04575664490857899
Sptan1,0.0018148345050075837,0.8733205575626238,0.9209857688912435
Cdc23,0.001810842436185937,0.6849101567106939,0.7983836173174701
Hnrnpa1,0.0017934544855314524,0.8608205261230838,0.9146106027398148
Gtf2a2,0.0017883288191593875,0.8225638665002737,0.8900972899992614
Wnt11,0.0017806165593433675,0.6469097825669502,0.7738946531130424
Adam18,0.0017775128643077581,0.015809890096084786,0.07990954938656374
Tlx3,0.001750349847116113,0.016890935340072532,0.08340819087096804
Dpysl4,0.001736865385697325,0.8662793531810409,0.9173533279170625
Sumo3,0.0017336650863560422,0.8331018522883882,0.8974978983153258
Hira,0.001720100125162418,0.7470708063919503,0.8399056629331576
Yipf1,0.001717711569189018,0.8045130745756467,0.8781414696716981
Prkar2b,0.0017106980015584136,0.9337253402448956,0.9584091894404612
Arid1b,0.0017010045176833113,0.8172107228817953,0.8869344462595825
Zbtb4,0.0016988973789971893,0.7463273844780272,0.8396594592462322
Fopnl,0.0016923989235108458,0.8406228943128861,0.9027405018715856
Grhl3,0.0016875954104889764,0.2493400175320636,0.4294147400416974
Rsf1,0.0016819982078377263,0.7365724092955098,0.8340192775329113
Scn4a,0.0016811922754584368,0.5047691241636221,0.6655020166344369
Npbwr1,0.0016795447558647012,0.09166532685622746,0.23239802797893452
Trdn,0.0016776348894794629,0.6651367746513632,0.7854865950609045
Cbx3,0.0016614820802300385,0.9188104809399923,0.9476414353096614
Mybpc3,0.0016282224407721585,0.23014458066000876,0.40886053244489695
Trpv6,0.001627156141022241,0.04720506709394643,0.15648052793339048
Cxcl2,0.0016161891931438135,0.6655565761140534,0.7855770073130537
Itsn2,0.0016106676844093776,0.8367390512290188,0.899746299163347
Uba6,0.0015981677492679495,0.8402257227046648,0.9025039822102536
Dmbx1,0.001581620484336671,0.02518807094492609,0.1060000000250537
Ywhae,0.001577156445395978,0.9237734176494568,0.9515687002079724
Anapc11,0.0015720119958230387,0.8189592465040293,0.8880763427757341
Bmp2,0.0015682228745362776,0.7274798535434457,0.8293947490075629
Slco4c1,0.0015529347603784821,0.042011216494810974,0.1459077027806344
Gen1,0.0015320844494400038,0.41401450793976047,0.5887616406469803
Crhr2,0.0015307429862642002,0.0033214034773440507,0.03038697375667309
Fgf3,0.0015227814639742657,0.4229767107171386,0.5963527366965516
Ddx19b,0.0015198771283874532,0.7768832190208463,0.861986159478085
Ikzf2,0.0015139577454530756,0.868230941226939,0.9180858273628971
Npc1l1,0.00150084220449965,0.03535173367372859,0.1313441995192435
Gpr149,0.0014968752199279072,0.8193089959168246,0.8881772882437777
Myo9a,0.0014941309907258189,0.9436410058627026,0.9644385435595364
Timp1,0.001492800223250882,0.9869520315887486,0.9906419348945703
Npas1,0.0014736232448614285,0.2608912448288169,0.4408389137359728
Kcnj5,0.0014587186391843657,0.2010124333840148,0.3766952324363922
Hjv,0.0014431740555118444,0.041979349494075384,0.1459077027806344
Gpr20,0.0014374615272336364,0.19098527149728023,0.36446534601856584
Agt,0.0014351602689897287,0.9697710631593055,0.980465591979417
Ap1g1,0.0014328944475986444,0.8712097982983013,0.9197105093376727
Gars,0.0014285901325238495,0.8824121107284097,0.9267416464536994
Cyp26a1,0.0014252126221912125,0.02726075753261791,0.11124569933910718
Cd244a,0.001412763882231605,0.890711591477415,0.9310491451078471
Cblc,0.0014090966439367619,0.018171823180334713,0.08687391756596755
Vil1,0.001408933234890887,0.2790409218386951,0.4596165536078631
Prmt7,0.0013934122865837816,0.7593198179097058,0.8477326310259158
Jam2,0.001381075762842377,0.9453048655655429,0.9651130272409211
Lhx3,0.0013684982589084978,0.27896546425253066,0.4596165536078631
Stk38l,0.0013627062475671543,0.8656108097661126,0.9168357019553447
Gpr143,0.001354332837493832,0.043133731583122746,0.1473513258924137
Rec114,0.0013406601476406513,0.4261852125007607,0.5995506809063376
Chrnb4,0.0013333557120773264,0.3930819938915212,0.569957717692055
Hras,0.001323111427673375,0.41012026404976254,0.5865867094453238
Hspb3,0.0013168199537842058,0.20936749336088567,0.38525658059841156
Npffr2,0.0013078200903217001,0.412579259942671,0.5877676215013522
Prss41,0.0013073473282369345,0.04931790211239111,0.160276495420312
Jmjd6,0.0013070238776554076,0.8106431702321902,0.8824350856496805
Ppp1r3a,0.0013031090809973687,0.22061011455520504,0.3979251040827797
Lrp2,0.0012892545548639355,0.7552009706489785,0.8451502391154362
Sox17,0.001278917424448133,0.855163458123746,0.9117939890461922
Prom2,0.0012691486265904457,0.04307237624488387,0.1473513258924137
Hist2h2be,0.0012508406344519107,0.6247616918079677,0.7568058394472674
Ddx4,0.0012488332375730682,0.10616228202463689,0.2550795104134116
Akt3,0.001237451326360608,0.7668070089032759,0.8542220031482005
Rab27a,0.0012347231085621895,0.8984240085966775,0.9350997683464621
Wdr82,0.0012296778139674251,0.9033535506956955,0.9371581171646822
Pth2r,0.0012253313341520687,0.5411743444318196,0.6935054704592991
Cort,0.0012252014401636247,0.2607861959140979,0.4408389137359728
Ciart,0.0012152582250474376,0.8887379592139932,0.9301297353201845
Igfn1,0.0012098248081794487,0.6217893996795549,0.7544594975655113
Pten,0.0012060507548325994,0.8880410768664114,0.9299728049877981
Tbx6,0.0012035541387108743,0.5885940587363112,0.7312270564086516
Hdac4,0.0011963405952457847,0.8707513340185566,0.9196958081498309
Epha1,0.0011689718233632036,0.4967766534785182,0.659224169977607
Sox5,0.0011593602101190766,0.8950281335864032,0.9337744110775961
2610035D17Rik,0.0011432172610196666,0.9030122307705915,0.9371581171646822
Sgta,0.0011355218734688775,0.8474943742989864,0.9076356924835461
Baz1b,0.0011247761816667683,0.7765526208440177,0.861986159478085
Rsph10b,0.0011062558162410411,0.7548668503367619,0.8451502391154362
Galnt14,0.001102807252665886,0.9235582392227275,0.9515391998131959
Spatc1l,0.00109824609479396,0.028282707232584987,0.1143001725375714
Cbr2,0.001092769379179724,0.9363104703043661,0.9593282978706761
Ihh,0.0010871733856231633,0.06810573046832429,0.19462595580891998
Col7a1,0.0010650717186063254,0.9590493464036149,0.973692995379496
Odr4,0.0010591331605984175,0.9188462142798638,0.9476414353096614
Rev1,0.001058413670411121,0.9160863280998912,0.9457511353243361
Fgl1,0.0010561347378756055,0.06444515829738687,0.18892801866377612
Barhl1,0.0010556534063999978,0.17102812735487383,0.3413155920669054
Dmrta1,0.0010514246409895234,0.23351758773897416,0.41274193175901147
Mib1,0.0010267129171638806,0.8620392855123831,0.9153352054659486
Hmx2,0.0010125522410356566,0.06343417893669871,0.1874858038977803
Wnt10b,0.0009935082077525163,0.40210150988341886,0.57878352814906
Alox12b,0.0009713896273016321,0.06588889468604532,0.19064052852723606
Pmch,0.0009693345322873564,0.005933038223592104,0.043798014440728394
Crk,0.0009656330383433313,0.8843186096129545,0.9280004707067124
Cd320,0.0009647854151670081,0.39751360054798823,0.5742613640315174
Slc25a31,0.0009637141140891133,0.18287297644449008,0.35523040854658944
Slc18a2,0.000963254934218246,0.14746068948992883,0.3121617838320773
Slc25a17,0.0009631888745455727,0.8952002248141085,0.9337744110775961
Exph5,0.0009529239032666445,0.48494593612839054,0.6499919323817347
Fgf5,0.000952331110913188,0.5375716781453743,0.6898498440803911
Amhr2,0.0009508362896919189,0.15252607261702167,0.31808483091554685
Zfp819,0.0009487478226453378,0.08767761979715326,0.2270865910012481
Dyrk1a,0.0009440915720378418,0.9307644899914396,0.9566451064771979
Kcnf1,0.0009407440555662135,0.7813776443983507,0.8632894442443116
Sphk1,0.0009197979917173231,0.9231957217489437,0.9513803335390534
Calcr,0.000911586349926872,0.013480502447207967,0.07207970962600403
Ncoa2,0.0009074558003852376,0.9337960540127606,0.9584091894404612
Lrrc6,0.0009037066737895426,0.7646043906054083,0.8521404842644063
Vps26b,0.0009033225364347083,0.9478943184058024,0.9661381853687463
Cacng1,0.0008757408912284121,0.15388631594410984,0.3200057470978004
Sun1,0.0008756746988545564,0.9340878011872686,0.9584954203663876
Hpse2,0.0008685721335204671,0.3381937021008372,0.5193034540687449
Itga3,0.0008600242729367738,0.8769573407367774,0.9229130173505883
Ccna1,0.0008554988584942701,0.17354498280948094,0.3440151810648973
Myf6,0.0008295895118367454,0.3749888227408761,0.5539582927313087
Eif2ak4,0.0008231933031382963,0.7936308856377092,0.8715320197162411
Pdlim1,0.0008211709609485338,0.27980229518070454,0.45981685171287817
Rundc1,0.000815144032544692,0.7979616825836637,0.8736644221633975
Aire,0.0008094025545396296,0.29752765141294907,0.48113306549497414
Ovol1,0.0008047610033556821,0.028312812986349363,0.1143001725375714
Il10,0.0007777339006217669,0.5755642545231962,0.7208331112994902
Agtr1a,0.0007773193021868972,0.33577255597340694,0.5177761360391463
Sfrp2,0.0007747602077627543,0.5500275627191022,0.698454218927095
Gmnc,0.0007730793397725535,0.07600785228904794,0.2095935160469035
Hsd17b3,0.0007653203448316133,0.011638499793341478,0.06552757996229015
Igsf9b,0.0007480970548178066,0.947706895978049,0.9661381853687463
Asxl3,0.0007431416661078101,0.8412963406507414,0.9029647617591973
Atraid,0.000738856133355362,0.968700800432319,0.9804251553581863
Il1rapl2,0.0007371073737632552,0.6896181857565329,0.8018560213230167
Smurf2,0.0007135614380803142,0.9363333407382002,0.9593282978706761
Rhox13,0.0007110030964113824,0.055736111278467886,0.1737835596769344
Tsg101,0.0007086167470939828,0.7955065938620434,0.8724745506966852
Pdgfa,0.0007080729974736666,0.9036321092273787,0.9371873596403991
Htt,0.0006966840753547019,0.9070219582037462,0.9388634352267268
Cfap57,0.0006925400158595883,0.6284878051359458,0.7597968706522144
Il3,0.0006883666741830944,0.46252638275269153,0.6310101841191441
Myod1,0.0006840037897336708,0.07362730993563588,0.20568067249818106
Rtf1,0.0006835529862887255,0.8823981535760357,0.9267416464536994
Cav3,0.0006820459227130888,0.2260036772877006,0.4042232671264238
Mc4r,0.0006792286357366169,0.6210232139242562,0.7543016252384525
Greb1,0.0006770877527979437,0.8644363518340717,0.9166265894320013
Crisp1,0.0006760951721772224,0.07482996010907142,0.20778858275251677
Tshr,0.0006723632968593564,0.21043377420564355,0.38612326698668625
Mtus1,0.0006675332338190109,0.9365722257196563,0.9593282978706761
Pou2f3,0.0006641184735348702,0.40947932002709686,0.5860701491184683
Dmrta2,0.0006600522384599426,0.17175640267899037,0.341837460033371
Opn3,0.0006438156922016179,0.5139437656157302,0.6726903824423522
Gldc,0.0006338082389943859,0.7482587483501417,0.840905017698628
Clec1b,0.0006326925700119466,0.9088398934463546,0.9405543307912062
Bloc1s5,0.0006248439618280873,0.8384870700902483,0.9012057615951025
Nae1,0.000611738641213555,0.9501680147409945,0.9668476048661108
Il11,0.0006088346418569668,0.9453339571979658,0.9651130272409211
Gja5,0.0006023609446216228,0.8525421744439092,0.9106183299407667
Neurog2,0.0006019775932447054,0.32810692517932427,0.5110453207144223
Tnfsf9,0.0005846055250410452,0.7339979350900003,0.8329529403546366
Pou6f2,0.0005840788829338962,0.6788715408987147,0.7940664366256235
Upk1b,0.0005770753650321408,0.7212660871045491,0.8247592705756193
Phox2b,0.0005766766023872033,0.07640299315681448,0.20998473496385273
Rph3al,0.0005707387165707963,0.7829104643299076,0.8646084170917642
En2,0.0005683404943081675,0.870167249327551,0.9195614540749613
Pfn4,0.0005640671535295181,0.9304490902105323,0.9565136656920448
Rxfp2,0.000563993410090901,0.5658618956780619,0.713587522831593
Mtch2,0.0005608060002641872,0.9692702370527277,0.980465591979417
Apba1,0.000560574366361414,0.9541615228239263,0.9699437879483555
Slc9a4,0.0005585299157124746,0.05072282951313135,0.16344734892386797
Prph2,0.000557560327073224,0.10076252731381291,0.24770585630253478
Wnt3,0.0005575139143425954,0.8950950832208202,0.9337744110775961
Cdc5l,0.0005558030769396586,0.8964659015102459,0.9343834416844635
Ptf1a,0.0005522453853643877,0.15299219559016317,0.3187501031434826
Mesp2,0.0005499723002682918,0.15417478843424565,0.3203444382089968
Htr1d,0.0005457558427278022,0.5029383448324389,0.664468137594635
Rln1,0.0005432475571185408,0.4552274075519962,0.6248300734862311
Alox12e,0.0005416278456362947,0.03005425218123901,0.11832743634732776
Nr1i2,0.0005413783282288787,0.16273843987467043,0.33205151272027755
Champ1,0.0005368696703646917,0.8917707044811849,0.9317743473081778
Klf12,0.000534390336905384,0.9487160429635817,0.9661714116282406
Gnat2,0.0005205430215686251,0.017521064849752296,0.08487921835204747
Cd47,0.0005062152511246952,0.9595663931662943,0.9738854300718798
Ube2b,0.000505959058410763,0.963041423090506,0.9764409260951444
Nphs2,0.000499402756630696,0.6571462507500828,0.780284689263541
Spdef,0.0004982694191257939,0.6467586638528909,0.7738946531130424
Rgcc,0.0004922912803898148,0.9638744280624365,0.9768971701860697
Clock,0.0004921039211487756,0.9496923507558475,0.9667492878079381
Mmp7,0.0004918790542196451,0.2311588953435534,0.40962315622760403
Bdnf,0.0004900224781165033,0.9500476489301702,0.9668476048661108
Nphs1,0.0004845571240421572,0.7515152643731743,0.8432642682726709
Mbd5,0.0004837315867864518,0.9270971648394506,0.954029178504345
Nrl,0.00048134155754749487,0.4493916875644349,0.6197207348651481
Sprr2d,0.0004792190512164029,0.16602465478105327,0.33550649065131716
Scn5a,0.00047627671875874613,0.811568404906884,0.8827014694912073
Tdrd1,0.0004758962101988629,0.0844340629200059,0.22235320338407336
Dpyd,0.00047357437113465604,0.9472450878221389,0.9661381853687463
Zmynd10,0.00047337167969427416,0.7531252523687154,0.8437715599237464
Myh7,0.00046724318833261664,0.0690365727473464,0.1966935964751755
Ccl25,0.00046644661872525704,0.8856481660119276,0.9286107491935957
Acvr1b,0.0004609661162211257,0.9433870699243059,0.9643722332031832
Cd209a,0.00045512052023561397,0.8951757220380904,0.9337744110775961
H2afz,0.00045218479852373054,0.9660656347140477,0.9789234808653869
Prss50,0.00045109679488666236,0.7941077639088139,0.8715320197162411
Emx1,0.0004477461259242416,0.2570237768725097,0.4370999214932182
Tfap2b,0.0004431352223419646,0.8516718873896109,0.9101986795672334
Cd70,0.0004409623509774115,0.6106258081909632,0.7483907370451954
Gdf7,0.00043980834760975324,0.34327881553238937,0.523957282474781
Wnt10a,0.0004278213855981811,0.8766984006765284,0.9229130173505883
Adgrg5,0.000424909086329922,0.9747473090787876,0.9844555237640519
Nosip,0.0004220339012007286,0.895332414150269,0.9337744110775961
Insm1,0.00042165201176046257,0.603726499101995,0.7418768252192269
Slc45a2,0.00041896722069860394,0.2482158913546331,0.42862195727826113
Ube2n,0.0004145343887500499,0.9172497521151662,0.9465690846731667
Ackr2,0.00041108372313760104,0.1661813328096397,0.3355530774252526
Prl3d1,0.00040805846172757316,0.08783411959330768,0.2270865910012481
Samd8,0.0004028147663240367,0.946971551353179,0.9661381853687463
Dbx1,0.00040066169682101654,0.06902366417249481,0.1966935964751755
Tnfrsf4,0.0003939095424617358,0.980605396470445,0.9875751485480236
Adamts18,0.00039302380969750256,0.6571262611206801,0.780284689263541
Rgs6,0.0003898746934615143,0.9837626886212307,0.9893736663367988
A1cf,0.0003897692191173113,0.29332909250132166,0.477127455627947
Mlycd,0.00038747419790571163,0.9068626236085935,0.9388634352267268
Hdgfl2,0.0003872559155224429,0.9489213999179793,0.9661714116282406
Stag2,0.0003842074928964493,0.9695309892990394,0.980465591979417
Pou3f4,0.00038305304161530534,0.8238570683426647,0.8909253562891526
Scnn1g,0.0003762184528237847,0.08498004274072707,0.22309994751438433
Mip,0.0003746287965373321,0.13567114953618611,0.29641669318896036
Slc3a1,0.00036415515275858395,0.7359975663396976,0.8339383397673942
B4galnt1,0.000356464113377093,0.9844921306056205,0.9893736663367988
Grxcr1,0.0003562945100739731,0.16671939495356686,0.33587505278757684
Crxos,0.0003559510707440215,0.7118701510288713,0.817664859355612
Fxn,0.00035552039320189727,0.6472861548433009,0.7741496539866076
Ros1,0.00035306489566662045,0.15712484136367202,0.3242288898851501
Cdc42bpb,0.0003523869854549289,0.9505538859872815,0.9670473419268295
Hba-x,0.00034743413590244705,0.16342349149714183,0.3327837246015651
Large2,0.0003463133878309401,0.4423464478151715,0.6140183181231
Gsta1,0.0003425814419105379,0.6555928839396912,0.7792751840246165
Gckr,0.0003386060752275403,0.48866416744217844,0.6515277596154225
Lurap1,0.0003372919421701404,0.9479556200295187,0.9661381853687463
Efnb2,0.00033343344360896185,0.9799178095360312,0.9875751485480236
Slc6a3,0.0003281623919844657,0.5069335199091007,0.667148577155914
Neurod1,0.0003241478713950663,0.5445973705588967,0.695192989795028
Pcm1,0.0003204087509410359,0.985424567398895,0.9898878925367789
Avpr2,0.00031992462428451294,0.14016660511659398,0.3018108284929278
Csnk2a1,0.00031484460164361974,0.9819642870871852,0.9883582929028674
Dmrt1,0.0003111665904465733,0.12008275108406019,0.27514718252628645
T,0.00030772186567330746,0.48845176053569817,0.6515277596154225
Atoh1,0.00030467701825032405,0.27488939491124587,0.45631648706338096
Odam,0.00030362541909709814,0.19288956584947445,0.3664542552693367
Nelfb,0.00030067266787727886,0.9449010341711583,0.9651130272409211
Serpina3c,0.00029443133092702656,0.9576196553276586,0.9724901178232902
Lpar2,0.00029185719573551235,0.8567563639042541,0.9125734416946337
Vcp,0.00028971133920071185,0.9734691692851465,0.9834949955483328
Tcf21,0.0002841050696220273,0.1954722781748902,0.36970859880241563
Ctsq,0.0002743992603427731,0.16966403222526358,0.33974395236928534
Clcnka,0.00027437190510536986,0.42271467747036984,0.5961480701621114
Gria3,0.00027322094505581807,0.9847187029978293,0.9893736663367988
Xrcc6,0.0002699008617289034,0.920297989861877,0.9488676452546528
Olfr17,0.00026887602712565993,0.44355433196715,0.6147867413004726
Atg14,0.00026654512684019636,0.9678765470115078,0.9799798067299923
Psmb11,0.00026645391068233016,0.3858960888862256,0.5638659264991799
Il1f5,0.0002587239295497703,0.2609081906623999,0.4408389137359728
Tph1,0.00025762300086684095,0.46617496823960203,0.6335000099769598
Sec1,0.00025761071222579675,0.7567613462609644,0.8458018464673925
Pde6g,0.00025744822361773123,0.7383832113680204,0.834758115646287
Rax,0.00025476189243070686,0.2339008240081838,0.41295301379914195
Dnm2,0.00025261610138549103,0.9754189997248556,0.9844899718236028
Gdf2,0.000250168667521905,0.5139946207630046,0.6726903824423522
Dlx4,0.0002500816406600243,0.5913166635981122,0.7332119670910623
Cer1,0.0002488326769178905,0.32511053310418114,0.5078822546575276
Krt40,0.000246512490459386,0.15697488102800686,0.32418172798536965
Otx1,0.00024550316343462466,0.41201385694919135,0.5875545664796827
Dlx3,0.00024389609883891772,0.44641909482556386,0.6172902690987263
Tshb,0.00024305853662275666,0.4166630387007726,0.5903883778924003
Alx1,0.00024091839935439126,0.39460981723008004,0.5716099584825266
Agxt2,0.00023975994000976106,0.17443415021474704,0.34501302840070747
Gnat1,0.00023658606530866288,0.33680718436406476,0.5185793683794429
Gcm2,0.00023559515478971664,0.46170722704047895,0.6305672195805846
Tyr,0.00023288565628655774,0.5973526459676571,0.7360134896330964
Foxh1,0.00023143216494300823,0.5140456990316191,0.6726903824423522
Slc39a5,0.0002262622660271434,0.46785402344661,0.6350514565197332
Cftr,0.00022620333667874049,0.7772747152896815,0.861986159478085
Slc40a1,0.00022555985544512358,0.9862672865016022,0.9903443756780852
Cox8b,0.00022113050106592437,0.6585420924827075,0.781074620913571
Serpinb13,0.0002207359239182736,0.32637808307550287,0.5089741980336717
Crygb,0.00021764130845302538,0.39957605723283685,0.5762357457099373
Bpifb1,0.00021428587790237714,0.6426444580708119,0.7703659311565699
Lefty2,0.00020699668642389936,0.6813809461066934,0.7959066192100397
Nkx3-1,0.00020522127601367733,0.3564834678055089,0.537676572819604
Mlph,0.0002037931162813775,0.9694187915044953,0.980465591979417
Foxa2,0.000202388239526412,0.6396393145961773,0.7678983628512827
Nr1i3,0.00020226030177808912,0.5187214378106775,0.6757481260081512
Krt76,0.00020188607899556058,0.46125243315821307,0.6304524816559606
Galntl5,0.0001956939633519753,0.42866473561263896,0.6013803125302727
Sox30,0.00019551604212952647,0.595625764017087,0.7354536820495945
Epb41,0.000193985085581499,0.980494969121708,0.9875751485480236
Serpina3a,0.00019118756448076706,0.4143240785951239,0.5890376602323654
Mep1b,0.00018791502125523383,0.44219597488787343,0.6140183181231
Nkx2-5,0.0001840667634705155,0.48867775108578837,0.6515277596154225
Cldn23,0.0001812928039677429,0.6546403124669229,0.7791228315879487
Cngb3,0.00017958597123529259,0.6353406536277912,0.7643567627724913
Dbh,0.0001751774144627592,0.4015332692599398,0.5782668567179428
Vgll2,0.00017488495154485825,0.6420683887398816,0.7699085216178035
Mesp1,0.000174855173448057,0.4829284605879979,0.6485219099954623
Gnat3,0.00017471497294668583,0.4436443824205135,0.6147867413004726
Pms2,0.00017453115589554475,0.9048667570458463,0.937583856934971
Ly6g,0.0001737859798874153,0.46633847039080256,0.6335000099769598
Tuba3a,0.0001734551104031483,0.4852510766574629,0.6500172641884764
Ido1,0.00017307700668729896,0.7555145070113947,0.8451502391154362
Asb9,0.00016971065920822238,0.6130013873335293,0.7500332751851329
Cox7a1,0.00016613189236462514,0.6740227138319299,0.791115937242677
Angptl8,0.0001624482628568063,0.4015078463386882,0.5782668567179428
Atp4b,0.00016104587714071782,0.4789811799817496,0.6443256854132132
Epo,0.00016036063054774592,0.5496871643827141,0.6983264617770737
Nr0b2,0.00016005206075657812,0.7409968102437516,0.835707023258533
Serpinb3b,0.00015936327945106384,0.5945890768617295,0.7350942513503834
Hoxd13,0.0001593218816353726,0.7386733807530265,0.834758115646287
Patz1,0.00015899100334611859,0.979275561832128,0.9875751485480236
Apcs,0.00015298328039734283,0.6213787076240047,0.7543016252384525
Cga,0.0001529338209322595,0.6713648541665801,0.7891332569794349
Zp1,0.00015229507611127637,0.5486184404827613,0.6975330670245676
Nox3,0.00015205230722824302,0.56814883075273,0.7152337575690216
Six3,0.00015144081500847596,0.5370446995553343,0.6894761868914948
Kif2b,0.00014324893498282462,0.6823921863618019,0.796718442963281
Mtnr1a,0.0001409957068012784,0.7943282034059257,0.8715320197162411
Itln1,0.0001390348235381378,0.7174339979651521,0.8219642889574618
Hist1h2ba,0.00013816405109947665,0.6005951070448468,0.738759498682364
Panx3,0.0001380297322629435,0.5027911407943143,0.664468137594635
Noto,0.0001367075117711472,0.5897704746081878,0.7323318381149868
Mstn,0.0001350984924983685,0.6831473760496933,0.7970573570973206
Zfp57,0.0001304176873659189,0.9690616274953932,0.980465591979417
Defa5,0.00012346177252346306,0.6278367484745342,0.7592686709266475
Opn1mw,0.00012203337624328619,0.7805937185924243,0.8630565850555623
Fgf8,0.00012177395622299276,0.5869897540314257,0.7304793206426696
Mos,0.00012166172367918885,0.5537145784308174,0.7017386495839999
Padi6,0.00011994395383512003,0.5842585795238673,0.7285839074887128
Dspp,0.00011993361770523194,0.6494358297617373,0.7763703228532042
Sohlh2,0.00011887570899863346,0.5123313498503499,0.6714805281568949
Ghsr,0.00011879166454513894,0.7848829950797894,0.8660368068141913
Arr3,0.00011828230760281361,0.7099214428849896,0.8162651406420791
Rnase1,0.0001176658956823949,0.963026203663083,0.9764409260951444
Lhb,0.0001163249519153435,0.6957690078218561,0.8068010249827888
Mas1,0.00011499894009567137,0.7862060585947195,0.8671215361927922
Fshb,0.00011136160742410901,0.6306139018331678,0.7606435358834214
Map3k7,0.00010885449810792525,0.992365600362529,0.9949011256779206
Vax1,0.00010696367927278112,0.7867871424764792,0.8673873381829523
Nr0b1,0.00010673203841200549,0.768424972432306,0.855277282211912
Lin28a,0.00010640852715805132,0.8042121552789603,0.8780578347769641
Wnt9b,0.00010484284159587498,0.8415397916885363,0.9029647617591973
Cnpy1,0.00010323055846121575,0.7301216797474148,0.8311427557222859
Prdm14,0.00010284137988755921,0.6843483267324646,0.7980934647147466
Il9,0.00010199584448153823,0.7338100437838488,0.8329250185450408
Tert,0.000101460446085806,0.9554842089024815,0.9707080162540447
Lep,9.57524477091314e-05,0.6558764061952783,0.7792751840246165
Slc16a8,9.097302271434254e-05,0.7380676779286734,0.834758115646287
Gsc,8.911361522065437e-05,0.7168036019633715,0.8218510167712201
Kiss1,8.722125367960843e-05,0.7282058723185969,0.8298878808528067
Snx30,8.704016550916312e-05,0.9929039556538783,0.9952452501061964
Prl3a1,8.535204810164282e-05,0.7386929760376175,0.834758115646287
Sall4,8.318886279914083e-05,0.7780022423771524,0.861986159478085
Rp1l1,8.133489900806498e-05,0.7518496473067613,0.8434067392021937
Muc20,8.04463770622839e-05,0.8105731007217857,0.8824350856496805
Neurod4,7.989992039702216e-05,0.8843384215066319,0.9280004707067124
Gast,7.891133186336355e-05,0.6925181246577916,0.8041281479352139
Prop1,7.854450703587643e-05,0.7485240040243772,0.8409359718785758
Lpin2,7.803735784168776e-05,0.9836272657034377,0.9893736663367988
Rhox5,7.715635459795238e-05,0.8648350005919436,0.9166265894320013
Cpn1,7.438611886072247e-05,0.9325516406145368,0.9579029236356731
Tfap2d,7.216439959889263e-05,0.8111571588768627,0.8827014694912073
Tas1r1,7.0209997001163e-05,0.9015159385773303,0.9362037464745443
Il4,6.216564152145686e-05,0.592632079120468,0.7339199406636336
Sag,5.75359272427574e-05,0.9422592458388176,0.963894151599696
Myf5,5.7169127010734654e-05,0.8893453833010634,0.9305745231217896
Crygf,5.62398672065448e-05,0.8046330580759689,0.8781414696716981
Usp2,5.5055191953546476e-05,0.9955480457100263,0.9964927755452466
Wnt8b,5.427467598313526e-05,0.8375205319376572,0.9003566350714413
Amelx,5.2297474011203557e-05,0.8669884490993164,0.9175327964430732
Bsx,5.037336818750631e-05,0.8529571418265013,0.9106183299407667
Bco1,4.865447838530455e-05,0.8599123041854296,0.9144194102796133
Mepe,4.8412434748983975e-05,0.894151595742098,0.9334971939992719
Abcg8,4.644406185838683e-05,0.8503988009164342,0.9094097030345348
Upk3b,4.377048851897867e-05,0.8886405080789024,0.9301297353201845
Spop,4.3245958166371e-05,0.9949584983882902,0.9963257362148936
Gnrh1,3.8832232238641414e-05,0.966405808790751,0.9790736902962505
Hoxd1,3.6283763571454076e-05,0.9844650107113664,0.9893736663367988
Tbr1,3.556783854465484e-05,0.9348704007561093,0.9587402320580848
Irx4,3.428026953393154e-05,0.904454361639901,0.9373469521993366
Wnt1,3.3160087921627363e-05,0.872462772610529,0.9206521727526497
Pnpla1,2.819973021615386e-05,0.9540382754117458,0.9699437879483555
Cbln3,2.7008979283081766e-05,0.9546316053687152,0.9702282962713321
Mtnr1b,2.5737268651669285e-05,0.8677378341291926,0.9177546530982814
Urm1,2.5072451569395232e-05,0.9938537402258869,0.995610355241997
Lipm,2.3023933240688984e-05,0.9335964344571158,0.9584091894404612
Gkn2,2.2962563721779924e-05,0.9232175359769288,0.9513803335390534
Itgb6,1.8437146668185738e-05,0.9780298208998912,0.9865394732866019
Il12a,1.6988766746775633e-05,0.993748200195254,0.995610355241997
Fgf17,1.6249755098173523e-05,0.9753272346681416,0.9844899718236028
Hoxd12,1.4793169963365551e-05,0.9455564596643802,0.9651130272409211
Cfc1,8.840791922389424e-06,0.9799818435450914,0.9875751485480236
Pla2g10,8.24526529676822e-06,0.9815606560465981,0.9881470113466937
Brs3,6.34838704494787e-06,0.9698940162964396,0.980465591979417
Gata4,4.1870734017221435e-06,0.9823042680145211,0.9885054391678975
Dlx1,2.109130938206071e-06,0.9965822574644294,0.9969731506817129
Ccl20,-4.352925380216762e-06,0.9857780280804443,0.9900479860677981
Fezf1,-4.98424633724698e-06,0.9905966209245542,0.9933228549903974
Sim1,-5.5408698566368854e-06,0.9826091070004452,0.9886171705738207
Dazl,-9.177306710750583e-06,0.9885525845778307,0.9919334692938475
Gjc1,-9.65757148323493e-06,0.9985063843298296,0.9985063843298295
Olig3,-1.165756329780204e-05,0.975797100689735,0.9846767577879996
Foxl2,-2.2227799613793614e-05,0.9902945022198524,0.9932151505748067
Hoxb1,-2.52031016717283e-05,0.9483027077182761,0.9661714116282406
Cyp2c29,-2.7809179683839565e-05,0.8471421515141113,0.9074489951435283
Ube2u,-2.8496202040472764e-05,0.9005421566774446,0.9359546742485014
Tbpl2,-2.8610699916433336e-05,0.8700920807928699,0.9195614540749613
Cldn8,-3.459754617306686e-05,0.9068263349349608,0.9388634352267268
Edc4,-3.487132491946873e-05,0.9963540078667037,0.9969403283891831
Spdye4a,-3.5373843296646836e-05,0.8865843366892093,0.9290194538725672
Gpbar1,-3.646306450236359e-05,0.8584830956709973,0.9136495453823821
Ins1,-3.880306748579344e-05,0.9012995216055377,0.93616959065564
Mmrn1,-3.958813593160453e-05,0.9342558772910565,0.9584954203663876
Lyg1,-4.002336079985514e-05,0.8633281874486238,0.9161658095351168
Foxn4,-4.018167985138366e-05,0.897874566518276,0.9348965429291132
Gabrp,-4.147720028742916e-05,0.8747152101692163,0.9215974089833264
Il12rb1,-4.2770699751287275e-05,0.997672835189954,0.997868457314501
Chrnd,-4.950886545664262e-05,0.8645023651442163,0.9166265894320013
Trim36,-5.092247623793415e-05,0.9932142800875305,0.9953607156633583
Sry,-5.423107208786978e-05,0.8935139132850709,0.9332134462872946
Mageb4,-5.64234123297124e-05,0.8148423114701762,0.8851172552830853
Adgrf1,-5.7273630220049357e-05,0.8746752892050195,0.9215974089833264
Mettl21c,-5.782820545130211e-05,0.8225678543533657,0.8900972899992614
Fgf15,-6.037249216961202e-05,0.7831316152753192,0.8646654479479228
Ptprq,-6.0422181445933235e-05,0.8628598435758182,0.916014164845005
Tnni3k,-6.875469729502515e-05,0.7564802788027509,0.8456730006953392
Taar5,-7.368945374630875e-05,0.8347363630980751,0.8986893601020012
Il23a,-7.433992510358442e-05,0.8281741089024607,0.8939718056624634
Hmx3,-7.588871876938244e-05,0.7916232358190521,0.87064901378029
Tph2,-7.595280062296699e-05,0.8768929885994878,0.9229130173505883
Ptk6,-7.727934554193983e-05,0.8801601948376369,0.9251385027543346
Nt5c1b,-7.822593283090572e-05,0.8194950775661537,0.8881772882437777
Nkx3-2,-7.878316522094361e-05,0.8654754891453751,0.9168357019553447
Sost,-8.030789949085985e-05,0.9024929813733216,0.9370276201883397
Colq,-8.052213481417347e-05,0.9804615992441688,0.9875751485480236
Dkk1,-8.125325075723567e-05,0.7349059303204442,0.8335043585525114
Prl7a1,-8.199962354343929e-05,0.6418237848667343,0.7699085216178035
Krt20,-8.422256753635092e-05,0.836776405259933,0.899746299163347
Esr2,-8.47707982241697e-05,0.8986196950469236,0.9350997683464621
Sycp3,-8.512500000369843e-05,0.9425414679826081,0.963894151599696
Hand1,-8.573348950669883e-05,0.5797285485467425,0.7244476546146335
Hes2,-8.727003529098187e-05,0.7361086163217667,0.8339383397673942
Nr2e3,-8.848943552144729e-05,0.8187705528591076,0.8880605124674268
Il21,-9.0426672026613e-05,0.9515423787791555,0.9678599549655976
Angptl3,-9.397859513895572e-05,0.7676311826633185,0.8547667895144265
Neurog1,-9.491816444249617e-05,0.6593656058873136,0.7812223066658709
Foxa1,-9.525042180484403e-05,0.8222554274375482,0.8900972899992614
Ifnb1,-9.683253004919869e-05,0.7131749382706133,0.8187948143413005
Polk,-9.710661156766183e-05,0.9886276725916331,0.9919334692938475
Cblif,-9.90868501998664e-05,0.5148320018307555,0.6733738567535087
Npy4r,-9.950748382822566e-05,0.6892417731319368,0.8016010681135453
Cyp21a1,-9.996768591411881e-05,0.7554357866315529,0.8451502391154362
Tbx5,-0.0001001674875050803,0.6725732285807997,0.789778093690299
Fbxl3,-0.00010057140136594095,0.9957113658016314,0.9964927755452466
Lmx1a,-0.00010265077696405473,0.7276105669101831,0.8293947490075629
Cyp8b1,-0.00010295796524028974,0.6914118309676225,0.8034093047971825
Cfap65,-0.00010459706007489249,0.9681016310439765,0.9800131811778774
Nr5a1,-0.00010493401015457787,0.6176853974628782,0.7519012503460496
Prok1,-0.00010525655128197043,0.8990925898712455,0.9353920489146794
Cyp1a1,-0.00010538237737171352,0.5745756379220122,0.7201253879705611
Slc5a12,-0.00010585505504491169,0.5999376954959426,0.7381288433972029
Klb,-0.00010671001817019756,0.7430300515878185,0.8370574852361886
Cldn17,-0.00010730035953918248,0.5789822460975569,0.7238697150352053
Fgf23,-0.00010750129182052284,0.7944763559459951,0.8715320197162411
Smgc,-0.0001080362768712219,0.6526016553122314,0.7781489115819757
Wnt3a,-0.00010859411981078858,0.5355227384724843,0.6889473730575664
Piwil1,-0.0001091154885397744,0.7942190920656071,0.8715320197162411
Hnf1a,-0.00011140692423523275,0.6348867822945413,0.7641711836914713
Hoxa13,-0.00011332818106657559,0.7146462431659515,0.8202149723675681
Barx1,-0.00011390161748193155,0.654644701149748,0.7791228315879487
Myog,-0.00011600917936900987,0.7958711455772874,0.8726867398086293
Spata4,-0.00011780648188877144,0.36754053099969075,0.5467553947592366
Emx2,-0.00012258933413905742,0.6876117040429406,0.8000700963328101
Nox1,-0.00012303445079056853,0.5759197640521793,0.720924347590225
Prl2c2,-0.0001233893901781105,0.6351273204159218,0.7642803636333138
Mbl2,-0.00012364669017995528,0.7260311945055866,0.8283348519733834
Uba1y,-0.000125654132601234,0.6678075706484292,0.7876180096034351
Evx2,-0.00012579920349990487,0.830155763136124,0.8952694604138199
Sprr2f,-0.00012671619359571216,0.5438113541330023,0.6948851997576264
Retn,-0.0001272685944207114,0.7973389275452862,0.873545075044782
Slurp2,-0.00012727750524065185,0.725123726863131,0.8278084595056141
Pcp2,-0.0001296612633753783,0.7027960867820657,0.8122777131380132
Cd209b,-0.0001323749203971215,0.8593757869248709,0.9144088212565221
Gpx2,-0.00013270074820122727,0.48775239335249243,0.6510554134057486
Plin5,-0.00013314251310080603,0.8846875144340252,0.9281758558469688
Chil4,-0.00013403014148852854,0.5868965858060298,0.7304793206426696
Fgf21,-0.00013484785022011835,0.8027239163525349,0.8775599437021605
Lifr,-0.00013551194256112572,0.9957042084922629,0.9964927755452466
Cryge,-0.00013647778033115327,0.5505745693088039,0.698800915164023
Dio1,-0.00013899921671631547,0.5919618965230584,0.7333616771460175
Pdc,-0.00013980708109054382,0.5317465755748094,0.6861723455621308
Cyp11b2,-0.00014008674621489317,0.6040020496246715,0.7418768252192269
Acer1,-0.00014096212351244526,0.5206712141813916,0.676730655640744
Zmynd19,-0.00014273800015132172,0.9794927991868673,0.9875751485480236
Trp53cor1,-0.00014290850988079708,0.9448646201602566,0.9651130272409211
Traf6,-0.00015052760856912905,0.9748058911061019,0.9844555237640519
Slc30a8,-0.00015085971132658543,0.6588233840620783,0.7811703290689251
Ereg,-0.00015353698985072272,0.8015153679365286,0.8766144708070824
Kcnq1,-0.00015402107788044312,0.9156706802409513,0.945665108601019
Nlrp9b,-0.00015766714123008216,0.5563647221066458,0.7035749001312258
Prl3b1,-0.00015930504708993324,0.4388011388644738,0.6108964545162885
Agrp,-0.00015951670867816884,0.7173182821259347,0.8219642889574618
Klk1b4,-0.00016041065991810239,0.5730687950944449,0.7191202764518483
Wnt8a,-0.00016157824794899866,0.4928280004000054,0.6553481830136673
Drd5,-0.00016541739500209067,0.9351936754933279,0.9588789826515509
Gpat2,-0.0001655869077867013,0.8344699519105072,0.8986893601020012
Mfrp,-0.00016814513822956614,0.5207151192687551,0.676730655640744
Tmprss15,-0.0001711173505769204,0.5220574167617685,0.6777843937138665
Onecut1,-0.00017311880433311497,0.7914761836771294,0.87064901378029
Hesx1,-0.00017397649656551514,0.44431576003220385,0.6152157144202693
Adgrg7,-0.00017502873007732976,0.3827054412212021,0.5614554085905528
Unc13b,-0.00017537411462568522,0.9866492113406583,0.9905328925504228
Chrnb1,-0.00017907315274490315,0.9204071963771853,0.9488676452546528
Prss42,-0.00018091816072686613,0.42028633689435346,0.5937082815004423
Maff,-0.00018174168772487663,0.9940879423564206,0.9956494392224823
Hpd,-0.00018246556460449495,0.6636611262582737,0.7845504994306962
Bbs7,-0.00018464811180556251,0.9805219574880986,0.9875751485480236
Cyp7a1,-0.00018817588949652524,0.5834608897454305,0.7283850840056038
Gdf9,-0.0001922808943244272,0.4567006678257326,0.6261847395324955
Spink8,-0.00019686071370587715,0.46882846956711155,0.6353597298782774
Il31,-0.0002019008649641193,0.5485204760964413,0.6975330670245676
Gcm1,-0.00020249909729551689,0.4507803885906323,0.6207966420628551
Fthl17a,-0.00020286809885290352,0.32955561666010047,0.5122069471612348
Apob,-0.00020343470723040063,0.8353677179352571,0.8991793055893114
Rfx6,-0.00020513316201767613,0.43859700004967583,0.6107789509291282
Tdh,-0.00020675683672909207,0.5927909948864171,0.7339385594455372
Oxt,-0.00020784247257874265,0.4101852171322231,0.5865867094453238
Il5,-0.0002119309257440259,0.4984478690493146,0.6607543087371501
Otc,-0.00021255672032386374,0.5234962693207874,0.6786161295566293
Rnf144a,-0.00021298546848771887,0.9839706817785585,0.9893736663367988
Dlg5,-0.00021406300723800315,0.9772937969200806,0.9859920209828581
Gja8,-0.00021458584089090584,0.4149106849418892,0.5895088967794948
Adad2,-0.00021479586278311735,0.3652416542973216,0.5450841657608652
Cyp19a1,-0.00021527108525120722,0.511117714936693,0.670406650525089
Rpe65,-0.00021562978925079054,0.46198553966515354,0.6307784362505215
Klrg1,-0.00021624039704257655,0.9250584495153429,0.9526658788488382
Mep1a,-0.00021753213624958818,0.44898516824030954,0.6194950887730103
Krt82,-0.00022082506679409325,0.39524072311267444,0.571787557741847
Gfi1b,-0.00022114516928933747,0.2936946853776541,0.47756984064756564
Pinlyp,-0.00022162383972728,0.6178152116398619,0.7519012503460496
Krt79,-0.00022402270313924663,0.2627444748853545,0.4427682743277811
Kdm5a,-0.00022630458403609936,0.9808951683188532,0.9876719805753
Nlrp4f,-0.0002322803375936229,0.5355154601198977,0.6889473730575664
Myh8,-0.00023299309237535904,0.5204672163919812,0.676730655640744
Clcnkb,-0.00023474901231010365,0.6119486820962117,0.7494582515770783
Gys2,-0.00023838353536054883,0.46389871942945815,0.6325440705184887
Foxn1,-0.00023898014073579288,0.3841817454438944,0.5629735948030179
Cyp17a1,-0.00024095735314036645,0.3609032424066101,0.5406288132753645
Vsig1,-0.00024280716562373008,0.5513677723017658,0.6996335837092804
G6pc2,-0.00024350646438648914,0.3777405040252405,0.5573775849096766
Cxcl3,-0.00024390052422024408,0.8448895096437644,0.9055694212823379
Tmprss4,-0.0002443233243233999,0.5451644437720162,0.6956631333846541
Barhl2,-0.0002460286708628902,0.8812841473270172,0.9261290555243334
Pip,-0.0002460783050050497,0.32978005864390736,0.5122436294587611
Lyzl6,-0.0002474056525059143,0.503408889688004,0.6647333043169845
Fscn2,-0.00025483772456673636,0.6622533891573845,0.7830678113332912
Gpx5,-0.0002566063414074878,0.2242791389894385,0.40226718986818766
Zfpl1,-0.000257016403383216,0.8729001832731524,0.9209232336869392
Zic2,-0.000260535485003345,0.9900406524660494,0.9931558246272012
Gip,-0.0002615365840936405,0.4364398296171972,0.6093259743803402
Zfp42,-0.00026839031593225385,0.3524083960566232,0.5327905240915338
Tpsab1,-0.00026910706116781033,0.4723870435200579,0.638022758734556
G6pc,-0.0002728926243177585,0.605378512897141,0.7432095774460448
Tlx1,-0.000274773364475647,0.3853865506737777,0.5638659264991799
Slc17a2,-0.00027535264632829815,0.3348632097462402,0.5169573160758306
Fermt1,-0.00027641991556633105,0.4541188617673275,0.6241945028852534
Lhx9,-0.0002800037531138699,0.7754933830683777,0.8612653487985618
Cldn16,-0.00028137285392276974,0.3077724509892344,0.49183811794990123
Trpm6,-0.0002826988879408341,0.9391936672685562,0.9614342558171595
Srsf4,-0.0002833924506950118,0.9710610504266115,0.9812564219940858
Ghrh,-0.0002879697005559399,0.5163102917590086,0.6744427140237395
Lamp3,-0.0002881510160591424,0.7212803579764433,0.8247592705756193
Igfbp1,-0.0002882284083735141,0.3816867214897365,0.5607870146786326
Prap1,-0.0002891094638988171,0.5416170986759529,0.6936451971745006
Klrb1,-0.0002894083906061348,0.3424951326304939,0.5232308090889936
Pde4c,-0.00029026434887213527,0.9452213026629608,0.9651130272409211
Neurod2,-0.00029284914016347607,0.865549337379056,0.9168357019553447
Pah,-0.000294957239328336,0.6996350398318625,0.8101789644000751
Six6,-0.0002970402640529809,0.30917431793742783,0.49299724782707705
Smcp,-0.00029710566343579,0.15837411765412718,0.3257724046985672
Ffar3,-0.0002973267408542655,0.2659721474601098,0.4468787629097562
D1Pas1,-0.00030155197072776824,0.278622144007471,0.4596165536078631
Pth,-0.00030193329496044317,0.2074314107811337,0.3833723284038271
Bmp15,-0.0003021745876352847,0.5021873649674377,0.6639859379727577
Tectb,-0.0003038971671556002,0.42412453897720614,0.5973106773392404
Prl8a2,-0.00030581161440818456,0.31086149504559624,0.49491400943432784
Hc,-0.00030648819697613435,0.5328280850868752,0.6867079400227346
Spink12,-0.0003072559664006365,0.4382839298380967,0.6105096466696153
Adad1,-0.0003084007002546742,0.38808598852530396,0.5651232165194334
Noxo1,-0.00030858304503662837,0.9264524208173335,0.9537505143469662
Tex19.1,-0.00030972625429384935,0.5152384396145786,0.6737327045562588
Gsx2,-0.0003134467796652363,0.17084483797603545,0.3410878741744645
Csta1,-0.0003134748667780025,0.2583072448836699,0.4383317552067865
Hdac3,-0.000314668079512312,0.9671255237840357,0.9794137972647143
Irx6,-0.0003211105210025701,0.5995862746479287,0.7378744480046042
Col10a1,-0.00032194701809601107,0.27710070172262224,0.45818174375594684
Nrf1,-0.00032251034596497105,0.9615045334413219,0.9754643247979681
Pde6c,-0.0003227154894311762,0.35081477490116597,0.5308597380235499
Tpbpa,-0.00032341289921896836,0.24511032356286833,0.4249856425881004
Mbl1,-0.00032525492789712424,0.4793920219988653,0.6447083322478808
Gabra6,-0.00032526466241101744,0.22675011927592123,0.4049903215778971
Treh,-0.0003254153486512776,0.21537890499152257,0.39181447730447816
Cxcl1,-0.00032615949041108654,0.9846508236611764,0.9893736663367988
Plin1,-0.0003278434174339859,0.5033160970239579,0.6647333043169845
Gucy2f,-0.0003284439905063188,0.5952878436320261,0.7354536820495945
Fshr,-0.00032860082900417706,0.03189738138632648,0.1232876833115495
Alox12,-0.0003292541818321192,0.8620408404348985,0.9153352054659486
Ccnb3,-0.0003306208852083244,0.2605075066507691,0.4408389137359728
Phlda2,-0.0003368767385915877,0.2401150754579999,0.4189647375974918
Hrh1,-0.00033969195635865106,0.9633957783830085,0.9766060941040791
Snai3,-0.0003397745831286931,0.91480171328022,0.9453830428539234
Gprc6a,-0.0003424441259202507,0.31812777007557275,0.5016016140545303
Scnn1b,-0.0003432396742318605,0.22936582132344022,0.4083281472779318
Prl8a1,-0.00035557087068474705,0.24851733030431428,0.42870710242891685
Pax7,-0.0003562671000607555,0.19109051098934396,0.3645298042470619
Crtc1,-0.0003612987072957525,0.29941206970811135,0.4827021100502856
Ghrhr,-0.00036373309007068993,0.19940058683963383,0.37519084967501737
Trpm1,-0.0003647891134666657,0.3195250955517171,0.5030547877806509
Gja3,-0.0003652393592081368,0.1942202398854426,0.3682441281646543
Mixl1,-0.0003719278559798894,0.15447571368085744,0.3207084312112551
Wnt2,-0.00037730022054446036,0.44102722336514844,0.6133260268226887
Rbp3,-0.00038008305505005243,0.20697063625956305,0.3827685129116848
Cdx1,-0.00038041149920652,0.359437576337577,0.5394207345978171
Ms4a2,-0.00038083594224747535,0.2556480451942786,0.4362866104168669
Otx2,-0.0003834949047806704,0.22372736665129123,0.4021947943056208
Mpl,-0.00038362976861135145,0.4846260519633627,0.6498626422358342
Tas1r2,-0.00038555743729047116,0.2560109524053879,0.43646787039434615
Opn1sw,-0.0003870834439899806,0.5298866872451775,0.6846430662428034
Map2k5,-0.0003875126253232063,0.9598644758886232,0.973994169784736
Mc1r,-0.00038965671827785554,0.43528876073657086,0.608330950278698
Lect2,-0.00039282073110743213,0.15976068830237913,0.3273321771607028
Pou1f1,-0.00039529206335340645,0.2802598664509236,0.460420476253192
Ifng,-0.0003980035159286265,0.8167280781538863,0.8867879792811779
Nr2e1,-0.0003987456887961163,0.09698982622497852,0.24180637824249826
Hoxb13,-0.00040209996298038055,0.16701734472138827,0.3359730269907453
Zfp750,-0.0004022030861365821,0.6374790860550967,0.7658456942927575
Grm6,-0.00040375181747716413,0.21828916123047823,0.3954165523567718
Hand2,-0.00040548700110522426,0.08547923270085891,0.22385691352654963
Il23r,-0.0004176978265912193,0.7771976521421142,0.861986159478085
Clic3,-0.00042071272817361186,0.4640388176524507,0.6325660098463792
Myocd,-0.00042095508660316755,0.653119285157046,0.7782031326178119
Abcb4,-0.0004250926157406845,0.8635415040668186,0.9161658095351168
Slc22a2,-0.0004265275306885507,0.6594481134718934,0.7812223066658709
Adtrp,-0.0004274210140670491,0.43774000009989156,0.6102519104972798
Nos3,-0.0004275171984672714,0.9709013358264222,0.9812564219940858
Slc6a14,-0.0004275820025137536,0.22561743346234206,0.4039573633174471
Mst1,-0.000427607859000147,0.34455453483268883,0.5248052201199002
Hsf1,-0.0004312616286278847,0.9474589750528628,0.9661381853687463
Dkk4,-0.0004348923947157612,0.1276910382909893,0.2864344706782482
Foxg1,-0.000435218567448097,0.07654060199328022,0.21024965577152527
C7,-0.0004381123703719509,0.6963464880127046,0.807287144398365
Shox2,-0.00044045358030550964,0.8829014200112725,0.9268738718825892
Tnnc1,-0.00044081099731779793,0.5300950654728157,0.6846430662428034
Afp,-0.0004410597570106926,0.5656827757536556,0.713587522831593
Drd1,-0.00044335882019381725,0.7049917948186988,0.8134335886294923
Klk5,-0.0004505385428805555,0.33253443604881305,0.5157367462100929
Kdm4a,-0.0004542875961819651,0.9396080355842035,0.9616290285154422
Avpr1b,-0.0004599862567198211,0.25702629650693815,0.4370999214932182
Bnc1,-0.00046046968949864164,0.40283403196388146,0.5791590747034271
Pitx2,-0.000462032308017231,0.8854935534478072,0.9286107491935957
Foxi1,-0.00046676836419192586,0.21502266056652483,0.3913059548875644
Neurog3,-0.00046836146928064026,0.08731677592380513,0.22689906978468158
Kdf1,-0.00047155740795884303,0.07912353267077037,0.21458623278983405
Gcg,-0.0004725427337512713,0.07010966315770904,0.19890399987067509
Slc2a2,-0.00047655811300520873,0.06767236654606319,0.19403976489683436
Pin1,-0.0004814036827548769,0.380070829384772,0.559682823525324
Sp9,-0.0004907371101336642,0.3718979479655492,0.5511216468059961
Pou5f1,-0.0004907945881459647,0.09811700693778383,0.24339249563429455
Prss21,-0.000491053033498256,0.143777934699541,0.3071236368937851
Gata5,-0.0004941011262644349,0.2721768917385563,0.45342074616537414
Agtr1b,-0.0004963813813703939,0.33779852561234824,0.5190091202254784
Cdx2,-0.0005022987063220207,0.11831320906866881,0.2730840178548776
Gpsm2,-0.0005058012220524566,0.9488019197824291,0.9661714116282406
Chrna1,-0.0005069087243562937,0.2675025069371701,0.44786757442513925
Krt2,-0.0005099568615149113,0.1427145341281479,0.30561999940708756
Cdcp1,-0.0005100038675826419,0.43565502206815954,0.6085093832337574
Spata25,-0.0005104389301758453,0.5802344447545895,0.7249022539047664
Dlx2,-0.0005140499164887199,0.07971549966036366,0.21538146959177515
Tbpl1,-0.0005187976159616538,0.9424753539715524,0.963894151599696
Il5ra,-0.0005188195465679082,0.5871979720230152,0.7305602086071709
Yif1a,-0.0005188920508126287,0.9044376610590737,0.9373469521993366
Ppm1d,-0.000518970043301808,0.8320838267654573,0.8967799704903017
Actc1,-0.000519774058710693,0.5167974046279027,0.6746471232563931
Pax9,-0.000520729295573517,0.3847102445917784,0.5632361050721229
Ghrl,-0.0005235239208122679,0.09754882822776569,0.24249345652525964
Meiob,-0.0005281276268788257,0.15440439895018612,0.3206908953765877
Decr1,-0.0005291806611486236,0.948935262155947,0.9661714116282406
Crygd,-0.0005327484399845894,0.0925512204828977,0.233946370507067
Myh3,-0.000533089223400766,0.2550978557017682,0.4357850508823575
Trpm5,-0.0005331324171364237,0.08195425642535269,0.21864469771219877
Vps72,-0.000536607989964387,0.937200170533419,0.9597787733167978
Muc5ac,-0.0005386391103038304,0.08601698271749718,0.22501160453433494
Ntf5,-0.0005412014054787407,0.11850455830660372,0.27327836886165713
Chrng,-0.000546803065764846,0.30662615337732685,0.49038343151243163
Selenoi,-0.0005471045677150999,0.954852510903555,0.9702594936492099
Tex101,-0.0005490030163512816,0.14079466151275963,0.3027797505803486
Nkx2-1,-0.000549177132272802,0.060283655512641365,0.18182348983345067
Eci3,-0.0005492020388062196,0.3137039982490673,0.4975759002078645
Foxi2,-0.0005514752776836814,0.10374473480208585,0.2521209586590948
Plac9a,-0.0005572503520575293,0.529074528302613,0.6841087880536448
Gnrhr,-0.0005594414582494146,0.21970176450219894,0.39712923484256446
Gna11,-0.0005605239100858439,0.9376944618347363,0.9600922219628641
Sufu,-0.0005625831263676491,0.9356131871562716,0.9591163319300927
Mov10l1,-0.000563294358562253,0.12327732027127287,0.279673870810394
H1foo,-0.0005679112025633075,0.15838376076307523,0.3257724046985672
Crygc,-0.0005686522424969697,0.33779305684982774,0.5190091202254784
Dlx6,-0.000584435613150438,0.08640596466296209,0.2257975541730377
L3mbtl2,-0.0005847548762717526,0.9143029618863106,0.9452491707705858
Egr4,-0.0005910053116968106,0.6372397093552874,0.7657384587564949
Dsg2,-0.0005925582407839996,0.5948632733163963,0.735255041722059
Nlrp4e,-0.0005981995116098917,0.11758353897827503,0.2720934236439146
Scgb1b27,-0.0006000427165374141,0.08684176668123843,0.22604404190902572
Prss1,-0.0006016171809713585,0.020323452625314892,0.09373411558926878
Pgk2,-0.000602952517121852,0.04325591185440462,0.1474922502468703
Dkk2,-0.000603176348725836,0.7108392474389897,0.8170326726422458
Hrg,-0.0006046640633204966,0.1792060399876981,0.35091363146919313
Sdr16c5,-0.0006064449534665265,0.022475153310268264,0.09933035753582167
Pax4,-0.0006078752589612864,0.034638429761644475,0.12993959274443312
Mei4,-0.0006101300294598459,0.39958589760746055,0.5762357457099373
Slco1a1,-0.0006109834080324459,0.10047803820429635,0.2471922412408441
Thbd,-0.0006112095709004117,0.9752672692454585,0.9844899718236028
Krt71,-0.0006146269513081534,0.15025769162375713,0.3156041874563826
Stra8,-0.0006172288992934617,0.11585749181991177,0.26936296985395974
Anapc2,-0.0006199006969178633,0.9011131984292258,0.9361666853742322
Lig4,-0.0006206505343433065,0.9003337059643838,0.9359287210361364
Zp3,-0.0006269025796802213,0.1888780221378922,0.3623848506492696
Sult2a8,-0.0006298813823599675,0.10012160873694499,0.24683513323744832
Adam28,-0.0006367911111016489,0.17568299331691384,0.34682282838180634
Epx,-0.0006370115580174846,0.5824755074114852,0.7273457927309636
Prkn,-0.0006411045472097919,0.9471193046856359,0.9661381853687463
Uts2b,-0.0006453211234296634,0.8039613944864445,0.8780578347769641
Il1f10,-0.00064962903436622,0.6659640886847635,0.7857808036219719
Efcab3,-0.0006514630663381213,0.26153989626508933,0.4416137076624365
Hmcn1,-0.0006519152408682857,0.9397609698391451,0.9616290285154422
Foxc1,-0.0006523308338962355,0.9669227298909786,0.979402868382423
Pf4,-0.0006569502248474738,0.3898634472687682,0.5669023502046712
Kcnj8,-0.0006592158843269383,0.9148031169431416,0.9453830428539234
Cyp11a1,-0.0006639813192039057,0.31297736279306937,0.4966131052082355
Prm1,-0.0006657703252555226,0.040747925350167295,0.14339677353803965
Rag2,-0.0006662063622074848,0.05684027346757649,0.17599375053814528
Adamts13,-0.000667947917648229,0.18778260103127833,0.3610550500793633
Nobox,-0.0006693378502546506,0.09240746700806234,0.2336988047635726
Dct,-0.0006712128884994916,0.5467836264970869,0.6965530299246908
Ido2,-0.0006723449203034556,0.6182069876399396,0.7519012503460496
Misp,-0.0006726610542500317,0.544467988049121,0.695192989795028
Htr3b,-0.0006732403848850136,0.11338844358945954,0.26690354458622134
Gdf15,-0.0006752734777794537,0.5794217451912143,0.7242416864053869
Lrrc15,-0.0006755507656583946,0.1467588674377708,0.3114047349417924
Pde6b,-0.0006758999057081487,0.2895114404689928,0.47209006108694895
Pbx2,-0.0006774575842929936,0.9070055067306926,0.9388634352267268
Tnp1,-0.0006788894094390385,0.06298299232874931,0.1868971750255673
Bsnd,-0.0006791594903086704,0.17117353008440975,0.3413155920669054
Igll1,-0.0006804031359640057,0.01339381150199851,0.07191771839125727
Nanog,-0.0006805249933878109,0.29896456805712945,0.48229546542043555
Adamdec1,-0.0006810746747456433,0.03498380779355066,0.13066703263479307
Ascl1,-0.0006818771939897671,0.7614696354152948,0.8499467418497634
Klf17,-0.0006835528432498283,0.1094939233528627,0.2607070341457932
Elac2,-0.0006844279120034964,0.8960053717789306,0.9341157378122535
Pon1,-0.0006849381436041251,0.03562447232950902,0.1319683611857847
Hfm1,-0.0006905849313136646,0.3748052553264025,0.5538475108400867
Klhl18,-0.0006907451679126746,0.9303474556753444,0.9565136656920448
C2cd6,-0.000697932939976679,0.08181572030197572,0.21860567704997075
Tmprss2,-0.000700162324284102,0.06083394125171475,0.18264504668922715
Tctn1,-0.0007016792999856311,0.8511233295569266,0.9098030394111237
Gata1,-0.0007019536869729184,0.015670599378734055,0.07954052672286487
Cubn,-0.000705519104092403,0.7049970388808049,0.8134335886294923
Drd4,-0.0007104221516214558,0.10510877945431607,0.25370757397146976
Epb42,-0.0007135611276062304,0.1425980687594075,0.30549884449463993
Ly6m,-0.0007145889000531206,0.4279497770737082,0.6007077085451253
Tslp,-0.0007188273090761175,0.3039377426355762,0.48738963382083444
B4galnt2,-0.00072367579415668,0.15556539204270067,0.3220632909839305
Trpv5,-0.0007284417202680731,0.019956789887507646,0.0927981633693496
Sox3,-0.0007412015868349022,0.8673793863791577,0.9175657921858322
Cps1,-0.0007412719409214959,0.49125093335208636,0.653762330036262
Muc2,-0.0007435040744041438,0.45520076695230205,0.6248300734862311
Psmd11,-0.0007440925853594895,0.7767345299084737,0.861986159478085
Muc1,-0.0007455856921751675,0.08664523321373933,0.22595978252724147
Csnk1e,-0.0007461860483197662,0.898439640836884,0.9350997683464621
Ufd1,-0.0007465838068893038,0.9569811822873364,0.9720352470823781
Fmo4,-0.0007471897177638244,0.29950052505570557,0.4827021100502856
Rho,-0.0007523002731670914,0.2354667292290467,0.41432072638750167
Cplx3,-0.0007586017453349294,0.1188026300146422,0.2736294149958303
Rad21l,-0.0007594275142639656,0.3163471272435259,0.5005231687559634
Zfp219,-0.0007605577862842794,0.8648742942435252,0.9166265894320013
Tfap2c,-0.000765092448190128,0.061687259450265715,0.18423109511464017
Fezf2,-0.000771437798102782,0.18036581309029573,0.35237304196614266
Krt28,-0.0007739582933590877,0.40978248365103487,0.5863395369155481
Prl3c1,-0.00077396748436394,0.08865386451627434,0.2279529312128778
Il25,-0.0007757355080801747,0.17267149948823496,0.3425893889107299
Abca13,-0.0007765187700292472,0.3654645636152576,0.5451682507153254
F2rl3,-0.0007769288781792969,0.4268635215395511,0.6003393502545492
Sox14,-0.000778051249794578,0.7419647158599383,0.8362767714191405
Cdk8,-0.0007810913370085218,0.934586796143579,0.9586421168567054
Hcrtr2,-0.0007835746223611565,0.7472004642481967,0.8399056629331576
Bmp10,-0.0007845780052772437,0.010569630964212873,0.06157748089807497
Prl,-0.0007875163762157775,0.11590898232296444,0.26936296985395974
Pklr,-0.0007882441355649013,0.5907026629022586,0.7331324290667691
Cfap53,-0.0007956637028649889,0.46996686899734597,0.6362263797121714
Dsc1,-0.0007982258326042255,0.4318214019499801,0.6049769215454128
Igf2bp1,-0.0007994139753432071,0.0237803893155549,0.10203538036983512
Hao1,-0.0008014631982806734,0.36236472627363103,0.5421804167917906
Dusp11,-0.0008014927236672983,0.9027023063029531,0.9370542255700781
Mymk,-0.0008017395636042448,0.6778518175536663,0.7935169184686444
Fbxl13,-0.0008022523824451763,0.3872356267995648,0.5648415747305792
Tmem108,-0.0008094551623583719,0.8090679406699979,0.8816816283092774
Oc90,-0.0008140463304517404,0.0012289255504467857,0.016453410059918776
Aqp5,-0.0008234814438755186,0.470155391451512,0.6363127226835136
Adrb3,-0.0008243978666335353,0.2562423592078581,0.43671642977590514
Gucy2e,-0.0008311764671310097,0.41373609532226885,0.5885297886890388
Sec23a,-0.0008340500494095223,0.9429664110485034,0.9641354304987806
Wfdc18,-0.0008366969506337945,0.8169108520390266,0.8867976710472599
Il22ra2,-0.0008538563155699822,0.20558269115529712,0.38125016730230893
Cxcr1,-0.0008551875761804963,0.33699551250623005,0.5187127668359323
Adgrv1,-0.0008555368177806296,0.6241183231288545,0.7563155631969568
Qsox1,-0.000861907558581168,0.8604811094556125,0.9145004948675682
Btbd9,-0.0008655263335820016,0.8488711311676533,0.908347312793413
Ocstamp,-0.0008686522484311804,0.02022038718013241,0.09342771286762265
Trim63,-0.0008715420901414769,0.11762331769070239,0.2720934236439146
Pdzk1,-0.0008720072000769523,0.10315811742850171,0.25153420506825397
Chmp4c,-0.0008731068726565527,0.36891766646070134,0.5484841202611592
Sucnr1,-0.0008794576147727087,0.26194586218308263,0.4419134258468928
Tgfa,-0.0008816954905293635,0.9319839717024593,0.9576518655239593
Ccr3,-0.0008819274911914194,0.15621533687696254,0.3231364287953714
Tmco5,-0.0008829519282697806,0.05170810675230575,0.16547242945013274
Klrd1,-0.0008883293182408068,0.321687553420991,0.5049009876924538
Gzmk,-0.0008990472838495653,0.10413398485663705,0.2526755882340484
Ctr9,-0.000900365838544196,0.9456253499608163,0.9651130272409211
Dcaf11,-0.0009005411085700407,0.8061267279740723,0.8792072780405694
Echs1,-0.0009033602600204256,0.9098181431324046,0.9413757298414596
Slc52a3,-0.0009046080207337118,0.8119649629989951,0.8827436650165972
Sycp1,-0.0009060486788505113,0.1749668503589923,0.3457984903840448
Mc3r,-0.0009089623806665197,0.009079765041646369,0.055856156161944406
Etv2,-0.0009158435967422405,0.017026719984403603,0.08375438634565359
Krt78,-0.0009165361819051248,0.0021420424414759897,0.022730397268121115
Ccr10,-0.0009183160710773041,0.23682860048048496,0.41562737728709154
Terf2,-0.0009240309323575547,0.8541381728873553,0.9114127820347058
Zscan2,-0.0009260990005788409,0.8510015707851282,0.9098030394111237
Setx,-0.0009312326056739578,0.9002335204577592,0.9359287210361364
Nos2,-0.0009313969209479927,0.9623988685442434,0.9761774962108145
Gosr1,-0.0009564458458528972,0.9104717699969143,0.941860981292691
Oca2,-0.0009572252743446343,0.029358411970728606,0.11645199025092272
Csf2,-0.0009590380297347557,0.42942562044404564,0.6021165722608787
Plk4,-0.0009630908368893833,0.6201930895724934,0.7537776864210838
Dnttip1,-0.0009641459372094603,0.854237308548898,0.9114127820347058
Fibcd1,-0.0009642065553191636,0.6286881334315911,0.7597968706522144
Arx,-0.0009656355443231344,0.040187716571006636,0.14216195716276342
Hnf1b,-0.0009718336461160515,0.001473659065951318,0.018174186609143397
Armc12,-0.0009765355124828993,0.007136111913607767,0.04865171019004254
Grxcr2,-0.0009794731412891894,0.12430193005785879,0.2811814391242296
Fabp12,-0.0009821559478784487,0.24914041883476817,0.4294100357671024
Lin7c,-0.0009965192783189761,0.9321194887916993,0.9576518655239593
Dmc1,-0.000997911048023462,0.3372120150186161,0.5188894384947091
C4bp,-0.000998192692434226,0.1740929712831762,0.3446054507238967
Wap,-0.000998272082394717,0.23030784025971424,0.40886053244489695
Arg2,-0.001002757069732827,0.9252120689702303,0.9526658788488382
Nat1,-0.0010028363689036646,0.4112439237882308,0.5873592862273347
Smad4,-0.001003299027969076,0.9187832549269195,0.9476414353096614
Qrfpr,-0.0010044418560986488,0.09275129425869123,0.23433598415729767
Foxj3,-0.001004796340371734,0.8732615103968189,0.9209857688912435
Exoc3l2,-0.0010088856618808005,0.39062329491887327,0.5676835975444936
Ly6g6d,-0.0010116983458148933,0.48560206767792546,0.6501459704002882
Bcar1,-0.0010139989048804307,0.9154120311956953,0.945665108601019
Cbx2,-0.0010150157705148609,0.12490658452528543,0.2820489099882607
Usp50,-0.0010184708253792325,0.04572392078662679,0.15364803684623404
Six2,-0.0010231844515734884,0.0008094184143428426,0.012324905467351762
Tubb1,-0.0010258812667111959,0.3259131772192032,0.5085601459147003
Nubpl,-0.001047847504798069,0.4924157298094318,0.6549707008495207
Polr1e,-0.0010530774538767224,0.7487808634135447,0.8409359718785758
Trem1,-0.0010543840038052784,0.8605376152449182,0.9145004948675682
Dio3,-0.0010568791334572094,0.006176063050970098,0.045134810348135344
Rgr,-0.001065473753209248,0.017105141228465726,0.08392873886256641
Atoh7,-0.0010662142467956332,0.2247840197666621,0.402889418422257
Nek2,-0.0010671526875550559,0.890206528596178,0.93084251528528
Nlrp6,-0.0010672700355211537,0.07961484503523324,0.21538146959177515
Gpr4,-0.0010681528249499265,0.8486259763986743,0.9082755152349218
Cnga2,-0.001072037894498458,0.08216225639159283,0.21897056941144985
Pitx1,-0.001072520062260106,0.024341767128529392,0.10347279510219036
Cse1l,-0.0010731901053369411,0.874670135034839,0.9215974089833264
Chtop,-0.0010735521922715248,0.9044541902721142,0.9373469521993366
Gpr141b,-0.0010767968419246091,0.20958114587994922,0.38528965656596326
Il13,-0.0010816533529059947,0.07939209329523039,0.21507119909663847
Elf3,-0.001090767106725359,0.1258531205762271,0.2838826897423652
Spta1,-0.0010944990815991485,0.31820874790834347,0.5016016140545303
Il27,-0.001096626101882911,0.613725085175809,0.750206484419315
Cyct,-0.0010975954011526044,0.17384940161976511,0.34425690903044326
Neil1,-0.0010996959694356545,0.7758700965497161,0.8614961607531784
Brwd3,-0.001099725413795837,0.8696321519474572,0.9193769133852807
Sqstm1,-0.0011041431502225114,0.8992673216776295,0.9353920489146794
Onecut2,-0.0011061693186441854,0.6642122224178402,0.7850200524915206
Wwox,-0.0011142844139598604,0.7414052160672049,0.835965518823787
Picalm,-0.0011181150260757109,0.9033294783024414,0.9371581171646822
Adgra3,-0.001128531878518036,0.7157070109544843,0.8207782065824696
Snapin,-0.0011327541343100498,0.9365588664703866,0.9593282978706761
Adipoq,-0.0011356357442970039,0.08040243764423632,0.21631478608821175
Rxrb,-0.0011390593130341587,0.87810693275698,0.9235796626962062
Cd8b1,-0.0011409018322858654,0.9158176115446058,0.945665108601019
Psmd13,-0.001142441982564719,0.8747458703405643,0.9215974089833264
Csnk2a2,-0.0011441147387737485,0.7871619229978895,0.8674516016497016
Atg16l1,-0.001146826932742612,0.8257091433747494,0.8921716459128568
Dppa3,-0.0011496951435443364,0.025640806221496604,0.10729594137477783
Psmd10,-0.0011539654240350907,0.7793178596586562,0.8627515340198891
Pdx1,-0.001157535336819036,0.03615574264383736,0.1333553457890198
Lhx8,-0.0011633868355865576,0.04790773500268977,0.1573582461356861
Pdk1,-0.001181943847110863,0.9037491907608555,0.9371873596403991
Foxf1,-0.0011827089557746029,0.2687270883875274,0.4492877344689536
Cnn1,-0.0011881608450859092,0.7904001370441232,0.8702419812350685
Adgrg2,-0.001193992627812674,0.6358159658038258,0.7643877543165958
Rln3,-0.0012041546879429414,0.5328347435032315,0.6867079400227346
Il2,-0.0012144976831554766,0.3236828165730392,0.5069407575496079
Alx4,-0.0012376597729975034,0.19178166116323367,0.36543827179441724
Vax2,-0.0012378419624024777,0.33957643470612453,0.5203302473523403
Cltrn,-0.0012486437071422692,0.2443873843694993,0.4238762487823243
Spon1,-0.0012494548660774286,0.9122287637866938,0.9432959505525896
Sema5b,-0.0012503139320817396,0.7523684330066377,0.8434067392021937
Espn,-0.001260905858403692,0.23559712684535933,0.4144072220821303
Tyw5,-0.0012621495317869317,0.7991566255896411,0.8747849671958711
Scarb2,-0.0012790003040023619,0.9008802109010303,0.9361152894288359
Stat5b,-0.0012806320840714842,0.8865481596175544,0.9290194538725672
Tespa1,-0.0012868831543094905,0.2098484007749693,0.3853263831364717
Utp25,-0.0012871886388964632,0.8872487257403208,0.9295246970633345
Ehmt2,-0.0012898317829856247,0.8409215326592834,0.902871129887393
Pou4f1,-0.0012912086847159262,0.8557929040069396,0.9119280558469602
Folr1,-0.001294217980930741,0.5437939134707699,0.6948851997576264
Sntn,-0.0013058096192917518,0.2160761783419919,0.3926628378063772
Cldn2,-0.0013069569036198052,0.10133215449863116,0.24838794814873502
Fras1,-0.0013086865096741506,0.5977069858101987,0.7362722372899839
Dnmt3l,-0.0013169297986980887,0.10687800456601322,0.25631626764985116
Mettl7b,-0.001321113955984401,0.16284304257737797,0.3321301815111478
Cyp1a2,-0.001324678692535003,0.04025863401812555,0.14231413175776744
Cd2bp2,-0.0013250032891872277,0.7439444780562378,0.8377176120452249
Ash1l,-0.001339519051236316,0.9167378719086896,0.9462322712679535
Havcr1,-0.0013430475516524089,0.2895843562323198,0.47209006108694895
Ntf3,-0.0013438106191800822,0.08846839953634969,0.22780277942196858
Thpo,-0.0013497462797590436,0.03401739968435661,0.1283231274543776
Hamp,-0.001351453685544718,0.442721791789471,0.6140409044343454
Pla2g2f,-0.0013596961109478868,0.08138608970327774,0.21815577697131883
Casc4,-0.001373399845492103,0.9121685221874117,0.9432959505525896
Spink1,-0.0013758390333775679,0.003424549674485136,0.031027758240761417
Zfp148,-0.001379878492431864,0.8960259370937771,0.9341157378122535
Dlx5,-0.001381325842782223,0.0003237201332678451,0.006851852281324805
Cd27,-0.0013939504047371222,0.3619660869953374,0.5417808127239484
Fgf16,-0.001403899891785091,0.19358067758594522,0.3673567843623164
Psmd9,-0.0014155616519538692,0.7211554971333185,0.8247592705756193
Dsg1b,-0.001416102312586233,0.07475964634361579,0.20770640304944668
Pde7b,-0.0014196187183344127,0.8346001888534673,0.8986893601020012
Psmd14,-0.0014264002243057484,0.8861512851385666,0.9289473295297633
Grhl2,-0.0014343536731861435,0.023929845296743097,0.10257658895687945
Vipr2,-0.0014360251318340936,0.032505199471356244,0.12523340068231736
Cryaa,-0.001444355586956179,0.056815908421633594,0.17599375053814528
Fzd5,-0.001446495812253673,0.5542385599733543,0.7022282400457228
Kcna10,-0.001450971601560903,0.1480464845755864,0.3127667541871987
Dpm1,-0.0014637925144394127,0.7639943699663247,0.8519350636625201
Ska2,-0.0014757520551479857,0.8577322357005499,0.9132315037170748
Dut,-0.0014792785623884146,0.737786202544491,0.834758115646287
F8,-0.0014842144465055907,0.605641437118398,0.743353457829872
Parpbp,-0.0014876490368538747,0.599029132162542,0.7373666996045191
Phox2a,-0.0014901379988281325,0.37021937290750884,0.5499756985029748
Galp,-0.00150781444537868,0.000425851785295906,0.008015756298134379
Cndp1,-0.0015083555794725967,0.0028109207258521546,0.027415882643540803
Cacna1s,-0.001511661799499086,0.7705509081331143,0.8568956142112527
Ifngr2,-0.0015308426286518944,0.8673605477682359,0.9175657921858322
Pax1,-0.001531444758160568,0.07127451332095476,0.201424538753568
Lrrc52,-0.0015386875421215215,0.2878562442568611,0.4701744162517607
Scnn1a,-0.0015421123490242357,0.47811436593379186,0.6434990450206524
Slc6a4,-0.0015488144717345953,0.005782401081227321,0.04312284782944527
Saysd1,-0.0015579221453430735,0.5110657610059036,0.670406650525089
Aicda,-0.0015742210391502833,0.04606600994736346,0.1544538791525103
Hcrtr1,-0.0015743702137553943,0.6153109620050646,0.7508854586573767
Klf1,-0.0015789311847087628,0.22529943375787223,0.40352963890411037
Acox1,-0.001583313339881137,0.8498033269842387,0.9089776067727049
Prmt5,-0.0015840231281835564,0.7117716771794533,0.817664859355612
Madcam1,-0.0015845393652456337,0.4543036290689323,0.6241945028852534
Tbp,-0.0015846800726475336,0.6273933726062701,0.7590924083644649
Cntnap3,-0.0015856974983740823,0.250161289490254,0.43049681240413995
Nppa,-0.001588130925126826,0.001311132951627686,0.017148946631417503
Nmur1,-0.0016231466540810467,0.0064136446009868614,0.04575664490857899
Gnb3,-0.0016281166274317994,0.05859358857204951,0.17940329850301592
Serpinb5,-0.0016310221042811783,0.08506990888885008,0.22310622377481967
Tcam1,-0.001631140932817343,6.14560222927227e-05,0.0021257669948958704
Prmt3,-0.001632410051761013,0.8414897398654072,0.9029647617591973
Chchd3,-0.001634568547588099,0.7095973223318244,0.8162651406420791
Sele,-0.0016439851235217826,0.8797748974777098,0.9249241038816565
Cyp24a1,-0.0016535868271849803,0.05656799480423191,0.1758195048256644
Lpar1,-0.001654714299673543,0.8827013402333612,0.926854577301436
Nfix,-0.0016555218497431208,0.8756758643646083,0.9221351329735482
Ezh1,-0.0016732505857569764,0.8710070540530122,0.9196958081498309
Nr5a2,-0.0016757332317111455,0.06695463288524732,0.1926921520141261
a,-0.0016881683417510175,0.0011233307969510207,0.015562412059112261
Frs2,-0.001688259868834343,0.8605239511579305,0.9145004948675682
Ldah,-0.0016890895003944908,0.8975412442117024,0.9348814102073695
Selenov,-0.001693913321907372,0.06517744438009353,0.1898744396247042
Vegfc,-0.0017011960652354168,0.5696613281168765,0.7162539893330508
Ly6g5b,-0.0017043145297019242,0.499534595182472,0.6616879188906246
Atf5,-0.0017107841743001337,0.9294673424982641,0.9558897004200897
Tnfsf4,-0.001732575545407632,0.026492367853041383,0.10934456081149706
Serpinf2,-0.001733674697407648,0.45291470379793786,0.6227271978634181
Cdc42ep4,-0.0017433608492791943,0.8253671089147316,0.8919910217317895
Vwa8,-0.0017445541383263766,0.807843380145301,0.8808912103722061
Bmp8b,-0.001748570165533703,0.0027218734774550383,0.026803622796328475
St6galnac5,-0.0017516309614718439,0.5936731261993353,0.734533943461836
Vhl,-0.0017535382187095897,0.6828150710020919,0.796851905097614
Wnt16,-0.0017555452776389794,0.17869581666262527,0.350317971097637
Adrb1,-0.0017621664888922783,0.7826730990379028,0.86453345131926
Crx,-0.0017695137943574972,0.03652871068618192,0.13434243201889978
Zmpste24,-0.001778483894887081,0.7793743781185896,0.8627515340198891
Gpr50,-0.0017790047429797912,0.22591326632295114,0.4042032870969392
Twist2,-0.0017802532762781857,0.004350652737227907,0.036199982990622194
Cd207,-0.001783285023568071,0.07610485170814157,0.2095935160469035
Cdk4,-0.001783790992803462,0.18682069514286492,0.35961221355613354
Xiap,-0.0017869414085104358,0.897659374607033,0.9348814102073695
Chrm1,-0.0017964759574857208,0.511535869661017,0.6707826403961048
Ercc2,-0.0018071788783795195,0.4755104568269467,0.6415178101756823
Setd6,-0.0018231365559291726,0.6287203667953336,0.7597968706522144
Bdkrb1,-0.001823745273760398,0.29989718774181845,0.48318874121004923
Ap1s1,-0.0018272497716583674,0.804119556285308,0.8780578347769641
Carmil1,-0.0018303786588326663,0.824844968838099,0.8918046176437352
Drd3,-0.0018310417337139518,0.002804476425181711,0.027405429587838905
Ffar4,-0.0018350467045033677,0.016857622490740562,0.08340517199347003
Dglucy,-0.0018391898947722508,0.7386979286468025,0.834758115646287
Taf12,-0.0018442791732772217,0.7297966352463239,0.8309581777659594
Mbtd1,-0.0018481283367236265,0.7885139986671906,0.8685402520408851
Fdx1,-0.0018516985962944979,0.734324873033519,0.8331386070604939
Tacstd2,-0.0018550911499591724,0.20628389597783345,0.3820821181492115
Ap3s2,-0.0018583541717773868,0.777900297684391,0.861986159478085
Hif1an,-0.0018639997651697256,0.5749902712834991,0.7202911035896682
Kcnk18,-0.0018677401308172994,0.013765468963576711,0.07314339289917167
Has2,-0.0018762907165471884,0.36611872967881454,0.545552761120213
Azin2,-0.0018768199731729917,0.38449985087346783,0.5632361050721229
Ubap1,-0.0018828754816925001,0.8450324338960848,0.9055694212823379
Plekhg4,-0.001901521091555721,0.48557070413697256,0.6501459704002882
Gdf5,-0.0019073339105057487,0.022310613275249313,0.09894935884611585
Iqgap3,-0.001908701025637832,0.6552235505861331,0.7792751840246165
Lpin3,-0.0019112171703973507,0.5904810226989089,0.7330357013353941
Slc30a10,-0.0019136927374099363,0.8525187546774371,0.9106183299407667
Fgg,-0.0019146167260712433,0.13915644560539012,0.30084171731920745
Itsn1,-0.0019158035177098771,0.8720243664460139,0.9203799489429169
Cop1,-0.0019162083734870065,0.6419453690291993,0.7699085216178035
Opn4,-0.001918755046179425,0.08855073378149877,0.22789974420758086
Ucp1,-0.0019217387495144007,0.015495666985740753,0.0794353819621739
Pcsk9,-0.0019242156817414846,0.006742932142733958,0.047267164214682564
Dbn1,-0.001925670322357969,0.8912695487859699,0.9314415014048827
Gfpt2,-0.001929370389427656,0.8546058072065618,0.9115688784853634
Cyp2r1,-0.001937414844051826,0.04290091564231452,0.1473182252502601
Pzp,-0.0019481289271361289,0.4760816535361436,0.6419488540015513
Hsf2,-0.0019570932810436957,0.6532573640206765,0.7782031326178119
Serpinc1,-0.001958371121931137,0.11944997045492857,0.2743423229583929
Lefty1,-0.0019634265809800808,0.18232438227257647,0.35484039449538823
Vangl2,-0.001975368183899553,0.8470429225380254,0.9074489951435283
Gcnt3,-0.001976257695578688,0.06361885297266032,0.18780079225320617
Ibsp,-0.0019786696019497333,0.1033068143739235,0.25165618916971527
Ambra1,-0.001980043088552346,0.821379953117398,0.8895666965715174
Wt1,-0.0019822773302676324,0.027169695958115376,0.11105177811085461
Plg,-0.001983152197904805,0.2469923505177959,0.42723227534461744
Dhfr,-0.001987108833068331,0.6291988026167323,0.7600149401250181
Appl1,-0.001987700822964989,0.8877777132743528,0.9298879087089269
L3hypdh,-0.0019883130420569814,0.21808619498761248,0.395189229354107
Il22,-0.001993188541688094,0.22721879554077543,0.40530166961683284
Uncx,-0.0019982291528764084,0.13584263490967244,0.29641669318896036
Aqp3,-0.0020013263734045593,0.36806774931924746,0.5473800551829392
Kat2a,-0.0020014883604245613,0.7234022931290447,0.8260745684466659
Rsbn1,-0.0020040290645673346,0.8442952352788357,0.9051597299616101
Ep400,-0.0020071552012424295,0.7044021868123745,0.8134335886294923
Ifi208,-0.002014502163143598,0.30802423281448676,0.49186055085664987
Tesmin,-0.0020309531346479103,0.015994287034582097,0.08053984024027964
Ipo9,-0.0020318495892950217,0.6584941145477053,0.781074620913571
Mfsd2b,-0.0020362943676892242,0.26848509543236937,0.44903031862312004
Apex1,-0.0020496738156570125,0.213493223974588,0.38955139703828817
Fpr1,-0.002054679942526712,0.792655905592989,0.8713855229658583
Cnmd,-0.0020642797586401937,0.08799030007195317,0.22718453345368333
Id4,-0.002071074020783689,0.9591859050739008,0.973692995379496
Osgep,-0.0020726861475747135,0.7024465093742274,0.8121440716949079
Ero1lb,-0.0020738975384475876,0.7723867110581955,0.8580018756767976
Hacl1,-0.002080943975384883,0.8360376462727227,0.8995207833025012
Gtf2e1,-0.002082453566127816,0.5168592877760821,0.6746471232563931
Kctd15,-0.0020911580174447528,0.780275359276884,0.8630565850555623
Kdm6a,-0.0020983854325275397,0.8422211637458199,0.9035058162497218
F9,-0.002106653259145714,0.018358349378076493,0.08760144076479719
Gsdma3,-0.002114875525673958,0.13059022172091542,0.29089114454078147
Slc5a2,-0.002116034510956775,0.0007426414214957005,0.011642905846480148
Cbx1,-0.0021166962536652467,0.6264389568277052,0.7584773602606514
Aqp2,-0.002138532682528046,0.008989165649369964,0.05551299513006802
Cfap61,-0.002144638566401456,0.2456450685699625,0.42547894559435606
Cdh26,-0.0021449464817265254,0.002783458254390726,0.027304654914705948
Otud5,-0.002161939729580672,0.7865817368095773,0.8673483440262979
Fbxo11,-0.002167915615371217,0.8855462101481893,0.9286107491935957
Naip1,-0.002177854472937054,0.04527560689301887,0.15254350776835485
Fanci,-0.0021910700887005034,0.15851310015853842,0.3258837049293784
Klf4,-0.002193429233395638,0.8225238525903206,0.8900972899992614
Inpp5b,-0.002200485281635139,0.7047297335336724,0.8134335886294923
Nrip1,-0.002202060973888235,0.810082681918799,0.8822014860093497
Smc3,-0.002215911785116379,0.7355799912426986,0.8339335782985303
Spag9,-0.0022209899332713626,0.8998135735067774,0.9357694268008301
Foxp2,-0.002224241266036937,0.7405209721532958,0.835707023258533
Fga,-0.002233985474251109,0.07519066164877941,0.20846353774897958
Cpa4,-0.0022480581691058216,0.10929708668824237,0.2604037548793668
Il3ra,-0.0022870474798945438,0.0005214034615646172,0.009398159213572836
Ube2r2,-0.0022893366056780198,0.6133099973643596,0.750058570260273
Becn1,-0.0022989204492283506,0.7323263549734126,0.832751509607763
Anapc5,-0.0023025300674010154,0.7549580390414061,0.8451502391154362
Bmpr1b,-0.00231089249653854,0.8279422229377298,0.8939718056624634
Phb,-0.0023120553427727997,0.8440393398272075,0.9050756090936694
Padi4,-0.0023287106038051473,0.4134811063343047,0.5883311362374584
Cnot4,-0.002329933091640395,0.8392039207618315,0.9015962931352364
Cd1d1,-0.0023363588343698048,0.5757510577550031,0.720890070105123
Tepsin,-0.002339196560749502,0.691426553236548,0.8034093047971825
Slc25a51,-0.00234150010843732,0.7871855448022875,0.8674516016497016
Mapk11,-0.002349722671537276,0.7640860451393903,0.8519350636625201
Glp1r,-0.0023588591857786217,0.19467854566065268,0.36861739473459143
Rprml,-0.002365921242411214,0.3719604263951193,0.5511216468059961
Cdk5rap2,-0.002370043892015561,0.7940279361961079,0.8715320197162411
Npy1r,-0.002377096538222871,0.7645163270315144,0.8521404842644063
Hnf4a,-0.002386983658868872,0.01907197684267555,0.08917154342299538
Slc26a5,-0.00239091161517156,0.033696245986539905,0.1277002606072363
Fgfbp3,-0.002392907896868288,0.6411305847648568,0.7694521211699068
Sdc2,-0.002407720046236922,0.8748038922362805,0.9215974089833264
Tacr2,-0.0024142880484491367,0.0001428808318446551,0.00373761601661326
Fam13b,-0.0024272223802143432,0.8271404742047161,0.8933397329913735
Rab23,-0.0024279130737173845,0.7670816199328109,0.8543413413269144
Pfkfb1,-0.0024311055324186515,0.37136440228902357,0.5509465318552542
Comt,-0.0024333925826209653,0.6131422774989226,0.7500332751851329
Nkd2,-0.0024677524882495577,0.3124162776976511,0.49640770738630463
Crabp2,-0.0024818633263798255,0.9536136122609111,0.9697733325643755
Prps1,-0.002485768148090155,0.6887741406201257,0.8012398839916216
Clic6,-0.0024861205108639268,0.29576122501042135,0.47909749405467106
Tmem119,-0.0025005945509650775,0.7807956512621814,0.8630565850555623
Marveld2,-0.0025033491673435355,0.18424271777528017,0.3563982189502102
Epha2,-0.0025177223024224135,0.5230047178406301,0.6784426659765549
B3gnt6,-0.002546035671938841,0.0016407773231158695,0.019284804435977076
Edar,-0.002570475995344538,0.01871753745669049,0.08848763537217626
Il1rl1,-0.00257446241558422,0.18099468823373577,0.3531745148659703
Gtf2b,-0.0025821433440933847,0.5735920490655593,0.7192460772574774
Pax6,-0.0025855599982068348,0.6942856596627924,0.8052640177216699
Slc26a4,-0.00259006742573953,0.0023913743917639203,0.024299603132246526
E2f5,-0.0026025660434135047,0.7809976860647864,0.8630565850555623
Psmd12,-0.0026167412334650603,0.6937474262161991,0.8048684247213056
Crh,-0.0026308880153329507,0.11113694067738597,0.2630183955569679
Vtcn1,-0.002635408437363841,0.0064350925776320645,0.04584554083589548
Bcl6,-0.002657264623683471,0.8667617502732196,0.9174832305755743
Selenok,-0.002661461464438448,0.06422903488068059,0.18880279606653227
Mybl2,-0.0026615048382728234,0.0676382478326458,0.19403976489683436
Apoa1,-0.002675026788523232,0.41615485861483303,0.5901601150387165
Elmo3,-0.0026837825791875894,0.2728565821085971,0.4542563398616037
Grpel1,-0.002686757584541539,0.6502687688566,0.7770018716180643
Hcfc1,-0.00268914314137602,0.5361636512913368,0.6889473730575664
Efna5,-0.0026909203674693916,0.715572323774953,0.8207782065824696
Lilra5,-0.0027119324521878195,0.34488835333241696,0.5250001463290537
Spaca9,-0.0027221591461031943,0.3023261363558696,0.48565134737845594
Vsx1,-0.0027329512965500948,0.01736877747051917,0.08478290323169214
Cyren,-0.0027431401318060785,0.020939734796750667,0.09511450329316576
Szt2,-0.0027477488074563157,0.5981025484470379,0.7365816271434912
Pawr,-0.002749456798430976,0.013864284053254884,0.0735152941326956
Tie1,-0.0027497153535865145,0.7384805858786064,0.834758115646287
Cyp2a5,-0.0027552683314208434,0.07347096507282941,0.2054689653708897
Cryba2,-0.002776796799111921,0.0013376210105386886,0.017379657463099222
Cd160,-0.002779941031800077,0.096753783274982,0.24134036600766906
Cdc16,-0.0027806629851979546,0.5959932593860499,0.7354536820495945
Traf3,-0.0027995427859580225,0.686030140698884,0.7993238345603032
Ets2,-0.0028059359432877377,0.8146374206009105,0.8851172552830853
Ap2a2,-0.0028171943325332933,0.7078505097147109,0.8156190309588299
Nkx6-1,-0.0028193560153302335,0.5184354448842445,0.6756615238514387
Wnt2b,-0.0028357263383748067,0.1773185589684107,0.3489201075291473
Krit1,-0.00283923401091049,0.5502081125934197,0.6985096023740752
Cd209d,-0.0028528519686901654,0.1200042855403944,0.27511993732204576
Mark3,-0.002864461870366915,0.8084243458809994,0.8813363086853983
Fzd4,-0.0028721149350252224,0.7155468012807632,0.8207782065824696
Ifi27,-0.002873379167560927,0.9157465143347928,0.945665108601019
Cenps,-0.002875226595464761,0.1209946282469662,0.27639659591929
Nqo1,-0.0028936471827658286,0.8535420575790494,0.9110521104228356
Slc15a1,-0.002920860873707465,0.0005705501523071222,0.01003578043765045
Kmt2a,-0.002925196120847659,0.7083853441695693,0.815836194638347
Gsc2,-0.00292789396553278,0.04991694427120894,0.16158996083870333
Smarce1,-0.0029286219236748833,0.5452384252640359,0.6956631333846541
Cfap52,-0.002930137277978795,0.28469408588556094,0.4663534142910233
Chrnb3,-0.0029337802393608874,0.003898376499751757,0.03393450260278791
Smim7,-0.0029499447056216283,0.7524689414054467,0.8434067392021937
Dsp,-0.0029612152962358233,0.06347539371328496,0.1874858038977803
Ska1,-0.002966193570503504,0.11410535661834455,0.26737429967799675
Klra8,-0.002974331389685738,0.0008869504831904893,0.013209194761671504
Sf3b6,-0.002982205348338054,0.6799393450844429,0.7947686982758349
Cgas,-0.0029824618497009776,0.2715912792143602,0.45288889024924855
Sart3,-0.002997203674138796,0.6168231347005766,0.7519012503460496
Kdm5c,-0.0030012176985899338,0.5739376715984668,0.7195025959262175
Cldn6,-0.0030158531698737568,0.05901125783411276,0.1799568322351583
Gpr84,-0.003069819896548633,0.7268461069129388,0.8290791572815074
Mrtfa,-0.003072343730555684,0.034787889933494666,0.13028856574945394
Cd34,-0.003091643571710281,0.7698957761084014,0.8563537623046131
Ubash3b,-0.0030998498009663484,0.7708932264981649,0.8570067594644283
Glyat,-0.003112399627266526,0.05170507513296919,0.16547242945013274
Rb1,-0.0031180734173420436,0.7373791555826235,0.8345638575073534
Trpm2,-0.0031216493317154943,0.8599235269773192,0.9144194102796133
Ptger3,-0.0031228039120364042,0.004342670881827997,0.03619601988268727
Kif21b,-0.0031251842087991846,0.7420091486851657,0.8362767714191405
Setd1a,-0.0031268902425218327,0.6764500407558763,0.7928703258032457
Cab39l,-0.003130049727993038,0.7519800514907877,0.8434067392021937
Clca3a2,-0.0031383123209016888,5.549980241598838e-05,0.002051481826985194
Vipas39,-0.0031479045807876606,0.4083542675611431,0.5849522939706238
Orm1,-0.0031528319793252195,0.19747277069565677,0.37225003818128055
Cyp2e1,-0.0031719024079336572,0.20117618221524694,0.37674685311251077
Eif2a,-0.0031729919112613446,0.7468991154666986,0.8399056629331576
Agl,-0.0031730262074335515,0.7410121282490384,0.835707023258533
Sgca,-0.0031867777856615094,0.08907783349647287,0.2285644007371771
Primpol,-0.003188266614075827,0.43763355630823675,0.6102519104972798
Mad2l1,-0.0031894502083966037,0.19465387375564883,0.36861739473459143
Piwil4,-0.0031911967275861756,0.024100031993098535,0.10287386041572856
Gbf1,-0.0031978898988338582,0.703266023166047,0.8125390677621758
Lyplal1,-0.0032030219868397197,0.30181888640187565,0.48521214608760405
Mkx,-0.003213693910466248,0.42978546055305156,0.6024555191759045
Ccl21b,-0.003218338412676885,0.05385003951224383,0.1692477212273295
Crybb3,-0.0032279466707958123,0.169625382593828,0.33974395236928534
Racgap1,-0.003228467227162332,0.8200389666405272,0.8884916671268753
Slc44a5,-0.0032289442948138423,0.236922206991042,0.41562737728709154
Lypd6,-0.003234094251953594,0.1624914871795437,0.33172979411791365
Pparg,-0.0032347782298934582,0.20064934117981,0.3764494459089519
Scin,-0.0032367792060802526,0.09123369244410255,0.2316491115765889
Il12b,-0.003242913625024943,0.10050513788149591,0.2471922412408441
Ntmt1,-0.0032465077358987877,0.39967105828695515,0.5762357457099373
Gcgr,-0.0032474654575025976,0.018165659468737935,0.08687391756596755
Rgs3,-0.0032570479401359195,0.6148933396465894,0.7507669579596052
Kiss1r,-0.003267554607123512,0.18942134794527643,0.3628382635632201
Phex,-0.0032793795050201006,0.00014045087043214064,0.0037121237827686497
Zbtb7b,-0.0032813743976498216,0.6311586588262961,0.7611206427122781
Trp73,-0.003290516172018353,0.03394439929971554,0.1282595413539622
Kmt5c,-0.0032976733498877677,0.677071662955895,0.7930522509157337
Gli2,-0.0032987956166946352,0.418557184571446,0.5918819376613064
Htr1f,-0.0033060164912542766,0.2865361207652646,0.4684681897511585
Nhlh2,-0.0033143310255636113,0.047742638583431,0.15701818144041363
Nod2,-0.00332241864971098,0.20086415568768012,0.3765744720199435
Il22ra1,-0.003323379682712156,8.355581412021899e-07,0.00011213130974263696
Gtf2e2,-0.003327034031695333,0.32390610639024464,0.5071347601892688
Ascl2,-0.003330024782046521,0.01547500014451335,0.0794353819621739
Crb2,-0.0033377259360510385,0.5684176113792758,0.715395567640189
Gzmb,-0.003342155238676626,0.6339960056317331,0.7634593070650307
Patj,-0.0033547932863476986,0.8294367783802253,0.8948724633074301
Mast2,-0.0033818972445394417,0.7175469474078764,0.8219642889574618
Gpr6,-0.0033842781562346724,0.08685861644295077,0.22604404190902572
Ror2,-0.003384511404415398,0.26058600058142833,0.4408389137359728
Fam136a,-0.0033987916314817544,0.634705880806949,0.7641337498221021
Nthl1,-0.0034049198029006346,0.38089315143220936,0.560246818182151
Fmr1,-0.00341181369666109,0.6754875472948695,0.792457506158758
Glra2,-0.0034285248858426116,0.692681592398567,0.8041349118855462
Anapc4,-0.003428526897934603,0.46850092121626585,0.6353597298782774
Preb,-0.003429799041203747,0.614167130062668,0.7505669694417033
Clec9a,-0.003446132122142241,0.08975573046429268,0.22941983988272252
Nfe2,-0.0034600328759711247,0.43409648589580374,0.6074968928818917
Dmrt2,-0.0034661038756755463,0.11481441954873084,0.26801418308495534
Ly6k,-0.0034729289959580223,0.7472048418723131,0.8399056629331576
Musk,-0.0034784827097200616,0.034643765170050786,0.12993959274443312
Vsx2,-0.0034796653625277876,0.05389952559514861,0.1692989409241706
Eme1,-0.003483363047566103,0.3796945478377487,0.55958119574332
Slc31a1,-0.0034860941698504865,0.8039558926472119,0.8780578347769641
Sh3rf2,-0.0034904972630762886,0.020566106722277062,0.0942567029562761
Anks6,-0.0034962358046458438,0.3556998111853943,0.5366532791649501
Gfi1,-0.003499531139460171,0.6289142003415344,0.7598510980440945
Myh11,-0.0035040265915656857,0.8284797538572111,0.894029029918687
Cdh4,-0.003508058164238151,0.6380220252011268,0.7663174830588528
Trim65,-0.003512443585376762,0.5622460911262519,0.7095540105974792
Mttp,-0.0035147309291429316,0.41261660451891324,0.5877676215013522
Polr2a,-0.0035211390842531144,0.7590861039359732,0.8476572277095883
Ager,-0.0035408094849231657,0.26719090791522204,0.447787714455513
Hmga1b,-0.0035437749751612234,0.49103438387782294,0.6536446743634591
Tmigd1,-0.0035562942416855706,0.0029975826320410015,0.02836390450592807
Zfpm2,-0.00355896514677188,0.6089816950793152,0.746743185559226
Egr3,-0.003561591928648658,0.7312344014368742,0.832038073104951
Ints11,-0.0035651436483845646,0.6046881919019784,0.7425407960741435
Samd11,-0.0035819992504988103,0.02892274249415006,0.11553242714382102
H2afy,-0.0035858927190936447,0.6602798097989457,0.781640127589794
Retreg3,-0.003592190543639203,0.5472378247337775,0.6966459056568501
Drc7,-0.0035923838500304317,0.37322777822830355,0.5523164771518934
Cdc27,-0.0035931547023799093,0.38896463272057535,0.5659180238184982
Inhbb,-0.0036044471828984115,0.014128089347781798,0.07452676707656149
Nipsnap2,-0.0036087442602764715,0.6697542010396282,0.7884233428823371
Prdm9,-0.0036109470420301725,0.07743235819075267,0.2119004609072046
Irf7,-0.0036195724827107253,0.6149194962468596,0.7507669579596052
Sema6a,-0.003621031141021262,0.8090867873192957,0.8816816283092774
Lhcgr,-0.0036218597184121838,0.30164133633299345,0.4851213294412425
Neu1,-0.0036224016591329205,0.732588888999679,0.832751509607763
Mtf2,-0.003633979569642777,0.7795978380078046,0.8627515340198891
Ly75,-0.0036344235476015426,0.84855353069068,0.9082755152349218
Th,-0.0036378993873620986,0.7007491847381736,0.8110492494179561
Mybph,-0.003639170970188102,0.04413559747240414,0.14979087339104027
Sgo1,-0.003658233700500571,0.3305482162423592,0.5131243003810938
Ercc6l,-0.0036710591967329814,0.23669512146504693,0.41562196715772953
Wdr4,-0.0036757703808301357,0.2864774089565598,0.4684681897511585
Cldn7,-0.003680420956429488,0.04202666263453026,0.1459077027806344
Cnksr3,-0.003681522909423891,0.6091351490123387,0.746743185559226
Prf1,-0.0036829414855855916,0.09663378098488157,0.24121453806897009
Chka,-0.0036844692260213398,0.5599364104783282,0.7071640578979828
Chek1,-0.0036964819573372994,0.2421042052538753,0.42134887444558783
Cdkn2b,-0.0037038069287853134,0.03675764927381439,0.13489263952930014
Cyp27b1,-0.0037407660781642858,0.051165249140562266,0.16435386389547113
Cnot8,-0.003745951856460126,0.4671393206345543,0.6344189761865979
Bfsp1,-0.0037493057164765305,0.008223217719112113,0.05217242983232698
Brcc3,-0.003750601798704796,0.4223563740073095,0.5958074844610857
Ccnb1,-0.0037512748839653278,0.5289736666291476,0.6841087880536448
Vstm4,-0.0037729909146821043,0.8528839247400354,0.9106183299407667
Il7,-0.0037810110791473665,0.0011306604266036748,0.015562412059112261
Hk1,-0.0037861455531531664,0.6913673672336045,0.8034093047971825
Nup205,-0.0037869442603525247,0.560657950584496,0.7077248715494961
Trim33,-0.0038007290903695713,0.5455147548865471,0.695669641099817
Eya3,-0.0038077259539820735,0.5359000422920039,0.6889473730575664
Galr2,-0.003850297278082986,0.08800561421377735,0.22718453345368333
Cenpu,-0.0038576442163358315,0.06501996051983848,0.18960931078134152
Smc5,-0.003868762904179992,0.725407530678317,0.8278084595056141
Pfkl,-0.0038740564498617046,0.8884714418064921,0.9301297353201845
Rab21,-0.0038941908155999995,0.8566573567673473,0.9125734416946337
Hspa9,-0.003912551567968026,0.7392168489805312,0.8351595009190896
Tjp1,-0.00393150890555094,0.7039137876527415,0.8131033131378248
Gdnf,-0.00394643057733302,0.32865993895178813,0.5111855012554967
Ctbp2,-0.003946568415356228,0.6727535128287859,0.7898079790424941
Nck1,-0.003947580868335557,0.5708593547626035,0.7174066441596552
Ffar2,-0.003949223270849396,0.6173934668423392,0.7519012503460496
Nfyc,-0.003975271425518757,0.20191978819530346,0.3774250053441711
Nmrk1,-0.003984154075552536,0.016934841107171875,0.08354412426275024
Snx6,-0.003993339758783684,0.612231431939166,0.7494582515770783
Polr2b,-0.0040124061815659025,0.5476420647112445,0.6966804087874084
Taf6l,-0.004037322513775962,0.09639625397335269,0.24103788799905496
Ptgdr,-0.004050138275244429,0.01720278728994043,0.0842144126353034
Usp47,-0.0040605095482097045,0.6430997950978732,0.7706018451478156
Orc1,-0.00406375285336139,0.10447806301768356,0.2529390600157588
Ints4,-0.00408147651161398,0.25022996447329443,0.43049681240413995
Ick,-0.0040858267452579195,0.48376840296145174,0.6492245786651842
Taf9,-0.004090725282670653,0.7099755083538668,0.8162651406420791
Kdm2b,-0.00409741701160314,0.27032011204278655,0.45147769658964254
Ppp6c,-0.004101531615977304,0.6305089910209739,0.7606435358834214
Bhlhe22,-0.004102214216051809,0.0824641796588614,0.21943128870101825
Ticam1,-0.004102904590513602,0.002372475539469391,0.024155684085495732
Rsph9,-0.0041071984082043005,0.2889325555842327,0.4713287387384621
Tnfsf13b,-0.004108974889893749,0.7089273265900735,0.8161223861286313
Synpo,-0.004109141783338222,0.5214303851447661,0.6774876196188111
F2rl1,-0.004114930546021953,0.06687627118223483,0.19262329717706372
Zfp111,-0.004118339416247122,0.5272787188690646,0.6828252716301342
Gja4,-0.004122799930245808,0.5564048514270467,0.7035749001312258
Shcbp1l,-0.004136217255240455,0.34754639864194725,0.527875988205819
Kdm4c,-0.004138229268112515,0.7179853320999987,0.8222026956058646
B9d2,-0.004150453381722098,0.33764052727019367,0.5190091202254784
Rxfp1,-0.004150801629939752,0.026848140546011926,0.11044545558484423
Trhr,-0.004159932512047395,0.6355228736744636,0.7643877543165958
Tyrp1,-0.004167561588945613,0.20821415842937077,0.38417964151275436
Ndst3,-0.004167887476075506,0.5230964527123683,0.6784426659765549
Ess2,-0.004170992882968755,0.31818216808530786,0.5016016140545303
Eif2s2,-0.0041770392055068195,0.5836889263886051,0.7283850840056038
Llgl2,-0.004193687239104538,0.23523343875160807,0.4140638682749247
Lipg,-0.004204675841358556,0.4086819125771268,0.5850930216266977
Aurka,-0.004214991192868992,0.5915354054504223,0.7332739011427956
Syce2,-0.004222317307415769,0.08305260441026763,0.2203604571331044
Ndc80,-0.0042227481461394965,0.28761579055046216,0.4699321420877346
Amigo3,-0.004228746496492675,0.04507569474854835,0.15197033635977866
S1pr3,-0.00423435092282632,0.861186102366639,0.9148084773369898
Hmga2,-0.004242428546743359,0.023591085514402,0.10172284633048571
Pycrl,-0.004246190074817699,0.35922413836758016,0.5394178186084858
Cfap299,-0.004253344597696023,0.2599794326274823,0.44029053314501565
Nlrp12,-0.00425369802761443,0.2955782274950637,0.47909749405467106
Btc,-0.004255527381238275,0.009620087839283186,0.05787651741039261
Tlr11,-0.004264102715283848,0.0002572081102323816,0.005679734070542764
Tlr12,-0.004266342826015833,0.16367859044456867,0.3330372915268228
Hoxa11,-0.004271551371599288,0.27334445262696394,0.4544752453879215
Src,-0.004279454504526562,0.30100029229118014,0.48450693940590406
Tal1,-0.0042806725613879285,0.01615174182339471,0.08109255417434687
En1,-0.004292384789144238,0.028909473991105824,0.11553242714382102
Selenoh,-0.004293665666051274,0.32977064631509134,0.5122436294587611
Bard1,-0.004297011796626259,0.26076906501955266,0.4408389137359728
Rnf20,-0.004300637305957089,0.42770663301622147,0.6007077085451253
Hcrt,-0.004305675667259379,0.007953424672583009,0.051160680018721226
Atg3,-0.0043128957182922475,0.3343137153502427,0.5167995385407959
Pla2g2e,-0.004320723260168645,0.042247081451760565,0.14617392040640162
Alkbh5,-0.004335424088654098,0.4502192654539079,0.6202524099645467
Sox6,-0.004349220529272743,0.7085187889135223,0.815836194638347
Clec10a,-0.004352830455187149,0.5367604507422709,0.6893290682870906
Nrep,-0.0043550870847733495,0.6454850732810039,0.7729153424428171
Il12rb2,-0.004369326266193279,0.08548779995093485,0.22385691352654963
Frk,-0.004370862994728495,0.022647690331188703,0.09953371831413083
Epc1,-0.004381436997437231,0.7020347628727973,0.8118520347799
Igf2r,-0.004381481905468108,0.7912279305869205,0.87064901378029
Foxo3,-0.004387849573326262,0.6756317769622502,0.792457506158758
Cdc6,-0.004392647953339834,0.015649509263201244,0.07954052672286487
Itga1,-0.00439279896021903,0.6213605974226137,0.7543016252384525
Nppb,-0.004396028571700362,0.06186976212904844,0.18440602164923578
Ednra,-0.004411476104928299,0.21583553296352104,0.39250518846592547
Nxph4,-0.004427113183982887,0.7807491783340065,0.8630565850555623
Bub1,-0.004431368039999036,0.3736409811994099,0.552767588485554
Egfl7,-0.004432077030600354,0.652992448338636,0.7782031326178119
Chrm5,-0.004432729596336723,0.23424377278848063,0.41295301379914195
Pias1,-0.004445916687968821,0.5698806027288996,0.7163531184130402
Cish,-0.004452441184931298,0.7978133534371614,0.8736644221633975
Pcgf1,-0.00446303301195075,0.01060082627067991,0.061590308937290617
Foxp3,-0.004468058782260548,0.44915157978694775,0.6195571142491132
Rif1,-0.004470207767484736,0.7589592795779685,0.8476572277095883
Fosl1,-0.004498447131264774,0.38778928322355255,0.5650137485642222
Zap70,-0.004499684503112626,0.6937867993529858,0.8048684247213056
Cd276,-0.0045044797226753575,0.0020217162436042234,0.02198885833395553
Rad51,-0.004509442435678348,0.49724190486035735,0.6593805170912826
Aph1c,-0.004512416211405414,0.09784551518703234,0.24299414458084323
Ubr5,-0.004518854009607673,0.7290892271548162,0.8306583106374683
Plk2,-0.004530743049763786,0.6427518923745072,0.7703659311565699
Trpv1,-0.004534769772503448,0.21192060940314458,0.3874577163316991
Kif2c,-0.004544936821405568,0.55462846726956,0.7023733395089438
Kpnb1,-0.004552727459710016,0.5474111165606407,0.6966804087874084
Knl1,-0.004566728093760603,0.2656473559238457,0.44648011946212085
Adh5,-0.0045777739942797786,0.6554864430507701,0.7792751840246165
Pcsk4,-0.00460113312705262,0.029395570394638932,0.116508783669816
Fgb,-0.004604914691936209,0.02692305415459789,0.11049611659795433
Mafk,-0.004615332899964018,0.25275872649533093,0.4332400080150145
Elp2,-0.004633099213717097,0.347301294532539,0.527875988205819
Timm50,-0.0046352524159509354,0.5553184518868022,0.7030725795667853
Fut1,-0.004635999607474686,0.015649660986051004,0.07954052672286487
Dnmt3b,-0.004638056689601073,0.0007882097628308785,0.012110415663253951
Gorasp1,-0.004644654878651665,0.3847166562463723,0.5632361050721229
Washc3,-0.004646426158690026,0.28057114001536454,0.460783446625362
Ptch2,-0.004661251186539823,0.005231362424128282,0.04074073240531048
Dnah5,-0.004665073723228701,0.3353749871371957,0.5174675769470162
Satb2,-0.0046666920364688055,7.961768048087782e-09,2.6806014235101785e-06
Il15ra,-0.00467033397293847,0.5280601985087936,0.6831709795187342
Ifnlr1,-0.004675385263100882,0.01463980788451802,0.0764356806744385
Ttll3,-0.0046780931074009435,0.29854204020125896,0.481877077346716
Ggnbp1,-0.004690355919932276,0.3006232257317425,0.48420558082021425
Slc22a18,-0.004691529658909825,0.08921772809661219,0.22861698356318622
Esam,-0.004694265694663122,0.5727576241689127,0.7189066537612263
Cetn2,-0.004705828814164399,0.5035603833962469,0.6647333043169845
Mbd3,-0.004710497802536225,0.5392616065053764,0.6915322854523054
Cfap45,-0.004715239906579999,0.1269710523651984,0.28544704191929354
Sap18,-0.00471723435849871,0.3987139004578374,0.5756444261851302
Wnt6,-0.004720026602831614,0.8780234913110779,0.9235796626962062
Gper1,-0.004722858706929266,0.3344401142219465,0.5167995385407959
Rubcn,-0.004726916934036535,0.5585136728997218,0.7055419131900645
Chrd,-0.00472801484899971,0.20138458437555193,0.3767568137542517
Fbh1,-0.0047282601669764385,0.45114485872107823,0.6209632823357312
Ect2,-0.004731043157461046,0.4423676375421276,0.6140183181231
Taf15,-0.0047348925820906475,0.6221801195775584,0.7547540523103746
C5ar2,-0.004743503548300366,0.07882983733519633,0.21423068739842113
Il17f,-0.0047497722027834985,0.08866077544135455,0.2279529312128778
Crygs,-0.004751507714210984,7.923969125657306e-07,0.00011213130974263696
Klrb1c,-0.004758011613646131,0.0007667144360630954,0.011923812007188566
Cysltr1,-0.00476413931701386,0.10798612694742635,0.258245304059457
Trib2,-0.004784784986334032,0.5439648831201749,0.6949073049827228
Ptger1,-0.004792922475881423,0.006238468661100165,0.04546061234324563
Mdm4,-0.0048239575632095695,0.7215410009797559,0.824872399371971
Bhlha15,-0.004827055682933333,0.0012867741725926468,0.016960814094044162
Rfx4,-0.004835585024305843,0.6656074937477001,0.7855770073130537
Chia1,-0.004839469552497688,0.009393462701202995,0.05705450537640859
Trim29,-0.004841541306216291,0.044958744141690134,0.15177667363783018
Pclaf,-0.004842850414349362,0.1519030300363873,0.31717452157822823
Bhmt,-0.004844665590211147,0.0016795705713975094,0.019528483033593134
Supt3,-0.004852585922840936,0.37198820426446666,0.5511216468059961
Eif4enif1,-0.00485338662592516,0.6146672184578047,0.7507669579596052
Duxbl1,-0.00485587457840813,0.18380769435635844,0.35611488816758785
Pkd1,-0.0048682074976700365,0.6867231969147185,0.7996116434766473
Tjp3,-0.0048686246239388374,0.3106497792825197,0.4947313531439691
Ndc1,-0.004882856581877981,0.459934364635197,0.6289879876686701
Lta,-0.004884089656910614,0.5162679849111809,0.6744427140237395
Ccr7,-0.0049029256336936295,0.8033891961188548,0.8780578347769641
Suz12,-0.004903707388057647,0.47319264427734586,0.6387286791370048
Plod1,-0.004909311583130053,0.5734136474403503,0.7191991678370363
Sp5,-0.004916989344356206,0.0007063814931962952,0.01136672554193786
Ppp1r10,-0.004938323455114411,0.3826208519875006,0.5614554085905528
Brca1,-0.004946087623269405,0.3286979894369788,0.5111855012554967
Ubr7,-0.004947639797140705,0.24099143504910292,0.4199854151641524
Dffb,-0.004960224652316512,0.08778374425793094,0.2270865910012481
Ccl24,-0.004964673831345209,0.3885443148331452,0.5654677745973963
Csf3,-0.004972303323153258,0.4482114289358715,0.6185948319810283
Cep152,-0.004974700448789139,0.19312996014938522,0.36671241649158365
Il15,-0.00497552258156536,0.028273632257551307,0.1143001725375714
Polr2h,-0.004976290220502839,0.3667894624711302,0.5459565357645857
Prorp,-0.004984014951931697,0.18891097455057745,0.3623848506492696
Gtpbp2,-0.004989232386944415,0.6122044524085564,0.7494582515770783
Arnt,-0.004995283644810246,0.46224879792015305,0.6308001921323436
Invs,-0.004998609734217367,0.5581558944710949,0.7052646068112597
Dnah11,-0.005012882832674074,0.0638397528364258,0.18801982624067134
Cited4,-0.005013325919952534,0.03839886057915924,0.13877270540699524
Anxa8,-0.00501948305832246,0.290290401505833,0.47308988437100774
Ogt,-0.00502060639104887,0.5412360866297725,0.6935054704592991
Aif1l,-0.005025434739645027,0.6520081357706071,0.7778048411052074
Washc4,-0.0050533936324074075,0.7310127479600005,0.8319714474216784
Fn1,-0.0050682256239476245,0.9274708011879434,0.9542211691931624
Ung,-0.005068479967524963,0.4656634479655637,0.6334264661526241
Atxn3,-0.005081958459071109,0.43921618514531746,0.611307438042637
Ffar1,-0.005083699890162288,0.3923315892503485,0.5696548814323062
Kmt2c,-0.005088765743795155,0.5840389151360201,0.7285839074887128
Srgap1,-0.005096539907537165,0.7194290127461241,0.8235653936306058
Plk1,-0.005104806554800907,0.5187668420795766,0.6757481260081512
Cs,-0.0051151488919205105,0.6715380161690355,0.7891332569794349
Suv39h1,-0.005115462269399587,0.1655963236229575,0.33506816612483387
Tgs1,-0.005117279530295241,0.04124553470519175,0.14460032476369974
Pianp,-0.005120121769921121,0.5468818353784379,0.6965530299246908
Kat14,-0.00512311174266348,0.38195645718412197,0.5607870146786326
Itpa,-0.005126359074731031,0.1395447240476422,0.30097997351671163
Etfbkmt,-0.005133932436182336,0.1147009614764405,0.26801418308495534
Sgo2a,-0.005157365524989584,0.23391027269872083,0.41295301379914195
Pifo,-0.005162621429622162,0.048210798990672,0.1579367774708336
Kdm1b,-0.005163862981667938,0.14787896851865157,0.31274072073534065
Med6,-0.005172614498413147,0.3197916572680116,0.5033191125344422
Dmap1,-0.005178614235327894,0.27248435131715915,0.45378474569664673
Mark2,-0.005180528378874559,0.4997901463817027,0.6618456741155414
Fam210b,-0.00519173754922965,0.18823890617045574,0.36152359200884593
Apip,-0.005206932093241022,0.19988808551586862,0.3756923818041436
Mmp9,-0.0052222599402156206,0.8195746904064813,0.8881772882437777
Pik3cb,-0.005227593921054041,0.5913417040997119,0.7332119670910623
Nbn,-0.005241085254506816,0.4525225787625998,0.622355803253713
Fas,-0.005243584698127892,0.7008635740902471,0.8110492494179561
Gpr107,-0.005247133791343021,0.5084153261057759,0.6685812267248163
Tbc1d1,-0.0052472001333779975,0.39035388573503416,0.5674537392802534
Slc17a8,-0.005258495486366453,0.0016407341758018334,0.019284804435977076
Dpp4,-0.00526140005389431,0.5197211326621476,0.6763003820687793
Pmaip1,-0.005264651723474662,0.3476054586126929,0.527875988205819
Lvrn,-0.00527613931695644,0.00508902892648586,0.0399845436542211
Casr,-0.00527948025527273,7.854339809552532e-05,0.00240613730660158
Gramd1a,-0.005284095206358952,0.5117794442150572,0.6709295669342088
Exosc9,-0.005291855297088923,0.34395750960576565,0.5244204095669049
Ppm1h,-0.005292321543010126,0.6191071780938338,0.7528166187024187
Rgs18,-0.005298367596534348,0.012436764911565661,0.06828841530021144
Senp3,-0.005302239993990397,0.2675264652564986,0.44786757442513925
Osr2,-0.005303287369323537,0.00037936311015336605,0.007442812403432001
Eif2s1,-0.005303460324127135,0.059339333929381136,0.1803873315695907
Spopl,-0.005321823067865847,0.38394913626794613,0.5627944092249406
Gdf11,-0.0053263212843968405,0.44324516541982406,0.6145674337609466
Slc26a3,-0.005338627641411895,0.05220042017719004,0.1665255430418051
Afg3l2,-0.005353004862516845,0.4971555475516485,0.6593805170912826
Jak2,-0.00535491510889784,0.6935774892017477,0.8048684247213056
Kif4,-0.0053572498846647335,0.3858475573083281,0.5638659264991799
Abraxas1,-0.005360114912051755,0.05406436783765761,0.16950358963730272
Kmt2e,-0.005362925030603309,0.678148533248193,0.7935169184686444
Ogg1,-0.005366798232813006,0.048157414327808123,0.15787337434842497
Meis3,-0.005370712458124658,0.29523073572152364,0.47906691242376465
Chek2,-0.005371795241754874,0.4775376273054467,0.6432319611526495
Cd3eap,-0.005384429720659169,0.058953103879604486,0.1799568322351583
Ufl1,-0.005394254796808847,0.5403434632658182,0.6927097275996327
Hmga1,-0.0053957195352767814,0.459932374336833,0.6289879876686701
Ptger2,-0.005416990676584018,0.25586622710433066,0.43636697574697114
Csf1,-0.00541781463349214,0.7047998583465189,0.8134335886294923
Mcu,-0.0054249645355710354,0.650258279016499,0.7770018716180643
Blmh,-0.005449818049192835,0.3067660321419661,0.49038343151243163
Pik3ca,-0.005482068091326507,0.4831176745702327,0.6485219099954623
Rad51d,-0.005489055839175176,0.22113791254652254,0.39831373301547013
Amfr,-0.00550794909164196,0.35111215453815736,0.5311456406581081
Pim1,-0.0055210832080912296,0.3081965683677097,0.49186055085664987
Inpp1,-0.005522470820189697,0.48579607441610995,0.6502350500122217
Abcd2,-0.0055321640541389685,0.4473107921054028,0.6178533307689303
Brpf3,-0.005551053928091329,0.36098446148125696,0.5406288132753645
Vps13a,-0.0055632778008082055,0.4995413008523417,0.6616879188906246
Eda,-0.005563478643529764,0.03295481295482179,0.12607598072710166
Inka2,-0.005566133449699779,0.11054150465749558,0.2623881876490856
Zbtb46,-0.005576105844018728,0.20056522905854812,0.3764494459089519
Inpp5e,-0.005588001679983495,0.20274673524084685,0.37809072167250696
Pomc,-0.00559055448024,0.06034643565732837,0.18182348983345067
Rhpn1,-0.005593156877628971,0.39892237729159685,0.5756444261851302
Nup155,-0.005598105146580261,0.06290102448093063,0.18676258782143604
Ncor1,-0.00560494643741351,0.4377161008831567,0.6102519104972798
Sdccag8,-0.0056088549354866984,0.263103808410296,0.4430810586665302
Cryba4,-0.005613799153044407,0.1358843175052602,0.29641669318896036
Nefl,-0.00561917457140842,0.8153005235588878,0.8854264361664652
Epcam,-0.005637572580103583,0.20503561094568976,0.38073776899671036
Twf1,-0.005644791778982798,0.6848223418891429,0.7983836173174701
Psmb9,-0.005648050153546357,0.5057717928199632,0.6664591266954025
Cetn3,-0.005664575808627661,0.2525375972580241,0.4331520792243379
H2afx,-0.005665354697410789,0.6038704486599842,0.7418768252192269
Twnk,-0.0056664054941860525,0.004395800048491284,0.03631481135880423
Ccdc130,-0.005666994199675913,0.16765513996247342,0.33656389962557137
Ireb2,-0.005685276562008243,0.5107225914810485,0.6704055427547164
Brip1,-0.005688935113671976,0.358629514507373,0.539245170196779
Dctn4,-0.005691538662229087,0.6255441859085605,0.757573811092015
Gabrq,-0.005693662455741176,0.3942297626064478,0.5712971645044006
Commd10,-0.005699644452035729,0.26197729852205526,0.4419134258468928
Phykpl,-0.005719356226916805,0.020281320216382338,0.09362444744232244
Ctcf,-0.005729076480165226,0.3367397685299771,0.5185793683794429
Klrc1,-0.005753456346862206,0.038376130885216755,0.13877270540699524
Sct,-0.005792045857704169,0.005341703415081741,0.04142821195798013
Babam2,-0.005804489966932905,0.44167159176660364,0.613887408610748
Cyp2g1,-0.005805156843722371,0.21854793537641096,0.3957447704490849
Bdkrb2,-0.005807095179346882,0.5970933855004437,0.7358717949837553
Nr1h4,-0.005825822024031927,5.075645538700471e-05,0.001959757469137948
Kif24,-0.005829884524888943,0.02421860089365824,0.10320725410071067
Cklf,-0.005870715634904257,0.0005505404762353997,0.009785041704797121
Ccr4,-0.005876711912559018,0.3613992078945689,0.541091094649309
B3glct,-0.0058778235313112805,0.13171779796468436,0.2925087015314997
Ppp1r2,-0.005904884422140539,0.7271322098121832,0.8292200765150786
Smc1a,-0.005905716122809761,0.24167985410482865,0.42075390299956683
E2f3,-0.00590730852594769,0.13870548510834366,0.3005678332785306
Riox1,-0.005914849005875795,0.09630248127587122,0.24092150906729726
Ncor2,-0.005917372064890473,0.46430189712110814,0.6327555375941151
Knstrn,-0.005956037910811618,0.6683183010620787,0.7877328510419592
Cd40lg,-0.005977589569465848,0.1773003798613989,0.3489201075291473
Ilkap,-0.005977767558667909,0.19152624013868574,0.36522443026072376
Efna1,-0.0059866735825054845,0.5067790334729656,0.6671173805795091
Tor1a,-0.005996232513387835,0.4243469764807162,0.5974589917273346
Aldh3a1,-0.006003532005705263,0.0024128922784708382,0.02446950996516848
Hells,-0.006006570199978065,0.34265959180063366,0.5232490329023817
Rtcb,-0.006009675517421258,0.5041159463431195,0.6649845984733005
Selp,-0.006022060595698882,0.8114461902234174,0.8827014694912073
Psmc2,-0.0060259427098526865,0.5434362330742406,0.6948330422234466
Omp,-0.006036152312758461,0.09871571664320503,0.2443225961169281
Trpm8,-0.006041364582413758,0.2720267476540026,0.4533186670313843
Cdc25a,-0.006079157414534641,0.06722098952713271,0.19317986905797405
Cfap44,-0.006080852726919982,0.45484541628609054,0.6247082575324038
Il13ra1,-0.0060836777646069715,0.7460756011672524,0.8395613592663036
Tgif2,-0.006086072443671319,0.007121598326467035,0.04865171019004254
Sh3tc2,-0.00609418629733069,0.45130710687969033,0.6210190321535745
Taf4,-0.006096319541636059,0.22941942170134338,0.4083281472779318
Atp2b4,-0.00609931940458476,0.5712623228175022,0.7177362336679997
Dvl3,-0.006101314922857372,0.31795179513707394,0.5016016140545303
Ccn2,-0.00610303758893297,0.8793493261373101,0.9246672670843988
Eif4ebp1,-0.006107192395776758,0.006334585330069993,0.04575664490857899
Zfp281,-0.00611146117243643,0.46752945429803794,0.6347798100543762
Cxcl5,-0.006116510058686571,0.26721540929280174,0.447787714455513
Ttk,-0.006117405891942811,0.2663727966504464,0.4471101137591073
Commd1,-0.006122590741318712,0.3115453912308369,0.4954454013542176
Abraxas2,-0.006124983904869527,0.18577225723619348,0.3585411593499141
Stk3,-0.006126103097412103,0.11406646426720886,0.26737429967799675
Ccnt1,-0.006134224384450103,0.33387362479940175,0.5167995385407959
Lef1,-0.006141962302595411,0.5470283156005316,0.6965530299246908
Rap1a,-0.006144972005699204,0.668921497905979,0.7880296907201845
Brd8,-0.0061458004504400315,0.17372399917329645,0.3441421824399943
Thap12,-0.006149697459843158,0.5917558652941475,0.7333616771460175
Sirt6,-0.006165136565006385,0.14626996500024333,0.31074679035991326
Socs1,-0.006172511569818748,0.28461737024390876,0.4663534142910233
Disc1,-0.0061805909130265724,0.000696128642647595,0.011237190525776526
Bnc2,-0.006198293171875797,0.6235231923121909,0.7558440598822447
Cnot2,-0.006200320422588042,0.3208568224570927,0.5043730820812419
Prkdc,-0.0062044666998963185,0.4798866647194441,0.6452034466878979
Psen1,-0.006206918388999022,0.40211896172520456,0.57878352814906
Synj2bp,-0.006207197971032031,0.4902272939782333,0.653031080648094
Prpf4b,-0.006220414925357046,0.3387463493453141,0.5193703420530349
Grk5,-0.006228215183636521,0.30798378107571417,0.49186055085664987
Lats2,-0.006248258453436356,0.536175173047087,0.6889473730575664
Ptgir,-0.00624944077007682,0.4331632459967949,0.6063572222364574
Zyx,-0.006250965797720091,0.5520206806449199,0.7002878617184125
Emd,-0.006280639091422584,0.2302236149482232,0.40886053244489695
Spdl1,-0.0062944890609593854,0.13614544951669916,0.2966586663753449
Blk,-0.006325319589378477,0.2866607794129953,0.4685218313956069
Rnaseh2b,-0.006331233043656835,0.20806605380419027,0.38412773813071827
Skp2,-0.006349112343727762,0.04241959781069087,0.14620430299482037
Pdpn,-0.00635225681673785,0.7028805774928819,0.8122777131380132
Mdp1,-0.006366928881729146,0.3624456422779859,0.5421804167917906
Mycn,-0.00636808341605777,0.06991617422346329,0.19857594917254243
Elob,-0.006378777717109,0.36395670235423816,0.543962243981532
Yeats4,-0.006386660248560563,0.3417580168335417,0.5227180138301751
Fgf4,-0.0063876447553568695,0.0008255686032273737,0.012467783073496146
Trmt2a,-0.006401768955837828,0.10526502642094065,0.2537603496092714
Actr1b,-0.006408268352322676,0.4406274216095257,0.6129371359776904
Sharpin,-0.0064116741975130025,0.4622365369295717,0.6308001921323436
Xcr1,-0.006413755593207956,0.010846685861025083,0.06251858144303836
Tab1,-0.006416597338015865,0.20899476809415957,0.38472836955911516
Fancl,-0.006418652525872001,0.0006855776353692541,0.011209240369554096
Casp2,-0.006444479487808873,0.08889176345761864,0.2283166593138533
Xrcc5,-0.006447319928394995,0.26652491566942493,0.44721828777293965
Cntrob,-0.006458217547372175,0.0038658677006545763,0.03381795551919056
Als2,-0.006469352218760088,0.20548162450109891,0.38125016730230893
Stk32a,-0.006471810393502739,0.38723327195613255,0.5648415747305792
G6pdx,-0.006475656362781643,0.01870303752414553,0.08848763537217626
Nog,-0.006481546542509387,0.08877798841345312,0.22813930423023898
Bmpr1a,-0.006488836895763423,0.42137297139953045,0.5945846548019377
Mlf1,-0.006491354263897392,0.031318862699717294,0.12204879782711495
Jade3,-0.006502065616626647,0.005469708273902975,0.042082928967087596
Rorc,-0.0065166825369266795,0.34807336320722193,0.5281929028093155
Itk,-0.006517009515548497,0.4930334921470714,0.6554505716555149
Mef2c,-0.006527809814216333,0.07632546521754618,0.2099550063544308
Trpc6,-0.006528947232540195,0.00016866206372847565,0.004136274937879588
Tnfrsf18,-0.0065294598231448,0.3129996340412619,0.4966131052082355
Fam104a,-0.006545381921541405,0.05685898860750116,0.17599375053814528
Pithd1,-0.0065605534089533055,0.041493249607084844,0.14506593316034744
Gpa33,-0.006566037051331848,0.0020852912290334315,0.02225328568891116
Khsrp,-0.006575733864573178,0.2764390850812337,0.4575326972742937
Pgpep1,-0.006576786967346306,0.2422527388185628,0.42146358141660595
Cd69,-0.006584523200617673,0.23100496659841957,0.40957814898107
Tnfrsf9,-0.006585319674508971,0.7936189762361007,0.8715320197162411
Steap1,-0.006624557694694411,0.013065862915000871,0.07060271899302907
Gzma,-0.006645035888585189,0.28105584024609476,0.4614309111990117
Ceacam1,-0.006645305271610403,0.18831973333653215,0.36154270220159973
Rybp,-0.006648912570003746,0.11980843638893886,0.27491805399009317
Mettl3,-0.0066548086302442525,0.15163581610590063,0.3170058598181144
Zup1,-0.006656840124444071,0.15116087517190246,0.316423966592153
Gh,-0.0066702437341518315,0.40058179037544395,0.5773856209960835
Prl8a6,-0.00668191376707581,0.031903497739903024,0.1232876833115495
Rcan1,-0.0066915510294115,0.5461008586456659,0.6962410597229548
Prpf3,-0.006709158953366813,0.05330342349689731,0.16825542280796607
Dsc3,-0.006710063938241292,2.8201987139396615e-06,0.0002438276888102748
Npr1,-0.006716002185031693,0.19668397898828507,0.3713119825385796
Acot6,-0.006723005180969043,0.3947027892222277,0.5716099584825266
Srpx2,-0.006736395703869897,0.09111641783439477,0.23158188708183744
Tacr1,-0.006747198165151021,0.09408662878682068,0.23700537947731967
Hs3st2,-0.006754123454129328,0.24604608787893387,0.4260288846810732
Asic3,-0.00675591537522096,0.30534123457629286,0.48902359429232106
Cited2,-0.006756932667180831,0.2947444482518113,0.47877136971882944
Tdg,-0.006765383919282155,0.20561050975272532,0.38125016730230893
Gadd45a,-0.006776958194276895,0.1018250564055138,0.24947627892628527
Eomes,-0.006780494223700975,0.0006120293202349799,0.010371965323982168
Loxl1,-0.006784398388023655,0.07678919552294765,0.2106592442675671
Lrrk2,-0.006797063200408963,0.6317878218306987,0.7616992860218373
Tubb3,-0.006811622889212402,0.7571896910705256,0.8459099023545228
Magoh,-0.006812372080781446,0.170510260536055,0.34055318676367136
E2f1,-0.006817107562382498,0.5101209638122962,0.669788168959208
Acss1,-0.006831761144546852,0.37143797746524587,0.5509465318552542
Haspin,-0.006832721416594093,0.1264963454333386,0.2850078878336838
Mpzl1,-0.006858924394498537,0.7331674239655879,0.832751509607763
Eif4g1,-0.006887174865014307,0.3338781596606253,0.5167995385407959
Flt3l,-0.0068921195860777995,0.06618385894874504,0.1910604779273053
Gpam,-0.00690393161536799,0.6011454742282358,0.7392582121596507
Cops2,-0.006905696781955789,0.24943263570741997,0.4294147400416974
Atrx,-0.0069115932230966156,0.2411162409032097,0.4200594073931942
Lif,-0.006912498054470569,0.34228076343428904,0.5230619015886286
Lhx6,-0.006931423255113565,0.00699664566056178,0.04809958376716139
Rab39,-0.006946882885453878,0.0264946860429431,0.10934456081149706
Edn3,-0.006977810649800773,0.1331493337452543,0.29427848848983634
Orai1,-0.006980147724025633,0.06539674596308999,0.19000359996893393
Ror1,-0.00698296497559833,0.2640634513927062,0.44411067113557345
Sec22b,-0.006987082228646374,0.4170316009461582,0.5907465138645801
Cd5l,-0.00699686166265118,0.32860041987927435,0.5111855012554967
Ext2,-0.006997257021256295,0.19268690851764433,0.36620563351285534
Sf3a1,-0.00704286279759261,0.2115008025117299,0.387193086111293
Fancc,-0.007045654195148295,0.13558187056405327,0.29641669318896036
Anapc16,-0.0070517843047534804,0.3753704501231888,0.5542641393414669
Plvap,-0.0070537647631183685,0.029038970513247806,0.11590593786234513
Maz,-0.007062286664430459,0.126735783903688,0.28504375383276565
Pfas,-0.007065189720322809,0.2124994744677211,0.38823775761455775
Cadm1,-0.007071420732163064,0.5762383433101141,0.7211461700748019
Birc2,-0.007075264987020068,0.091200745280451,0.2316491115765889
Cd96,-0.007076792678391574,0.1009167980733632,0.24787820143020026
Mxd4,-0.007091842944569715,0.4476251452108647,0.6181201585599948
Ift88,-0.007094025445301889,0.3925172659915729,0.5696548814323062
Bglap,-0.0071057613052941055,0.07339328395329127,0.2054689653708897
Pde12,-0.007107961752560024,0.015649772263929072,0.07954052672286487
Ang,-0.007116513411028085,0.01847957524419073,0.08799936668620444
Mnx1,-0.007135646097679315,0.019043232240668433,0.08917154342299538
Abitram,-0.00714631894975708,0.2815420711441462,0.4620804713340701
Atad3a,-0.007147594085375024,0.23448964073442366,0.4131715569555423
Sulf2,-0.007147746255956371,0.5276405773991637,0.6829972941726465
Cdca5,-0.007152066439660257,0.40753075448211973,0.5842012911653178
Ncbp2,-0.0071535080691317605,0.3507832165238096,0.5308597380235499
Rpn1,-0.007170863928160343,0.5691062233509248,0.7157324569312296
Olfml3,-0.007191434834889521,0.5868499452446554,0.7304793206426696
Sox2,-0.007191487853543725,0.2774243010487499,0.4584196176383781
Ift122,-0.007208996252315959,0.26736623090724787,0.44786757442513925
Tmem259,-0.007223906259667616,0.39191485105075075,0.5692362343991685
Smap1,-0.007232617716428933,0.05931332845281848,0.1803873315695907
Abracl,-0.0072365310291686085,0.06096273129243382,0.18292405430747347
Pld1,-0.007237898671858625,0.4698302911919676,0.6362103306000071
Arid3b,-0.0072400598436532255,0.20751741944009305,0.38339237832811107
Luc7l3,-0.007295845857735229,0.4419742093142002,0.6139734318387078
Htr2b,-0.007298311785991571,0.4059115479633387,0.5827623997075685
Phc2,-0.007362330778268961,0.10678861853222993,0.25622236271538323
Tfap2a,-0.007368426579829372,0.05242241576456736,0.16688502424023707
Pkig,-0.007378629941005668,0.1564128572799268,0.3232828140133333
Zscan21,-0.007389107268710272,0.22922382800391852,0.4082649255055825
Myb,-0.007389248545924603,0.020408155423610803,0.09395487438252591
Ring1,-0.007393108635741375,0.2957599600441065,0.47909749405467106
Tnfsf14,-0.007402630925605266,0.35362922978826683,0.5343195204828048
Cacna1d,-0.007402949904510218,0.3099697702979328,0.49380256036532016
Hat1,-0.007407332655176144,0.21191624741447618,0.3874577163316991
Tlr5,-0.0074860018055910565,0.05815430109493492,0.17870186137666447
Taf5l,-0.0074940094466568515,0.13808476828577507,0.2996045950768773
Trpv4,-0.00749484047433055,0.0378076573290559,0.13765657390115216
Agtrap,-0.007527986825974465,0.5204586208642115,0.676730655640744
Nploc4,-0.007539710189858597,0.27308889813159515,0.45434653273622533
Brca2,-0.007551785574742713,0.013681402123682535,0.07284846788403404
Stac,-0.007552558802996923,0.033137351812176474,0.12661695250480315
Rab20,-0.007571960198427956,0.5331302275196206,0.6869152034800667
Pex3,-0.007582468725480801,0.35079747594143196,0.5308597380235499
Mctp2,-0.007583434122861398,0.11556199926505677,0.2690948429583485
Ctla4,-0.00758370194130913,0.4903232133626345,0.653031080648094
Erg28,-0.007584264204051937,0.35394857926522005,0.534485406403756
Hnrnph1,-0.007590216905675867,0.4195319154047519,0.5929709893265833
Cd8a,-0.007590735426817358,0.38352568603965353,0.562335304538164
Akt2,-0.007590921772672155,0.15343788668022842,0.3194639428391205
Ncoa3,-0.0075996916583377806,0.5064973584154203,0.6669186952186523
Fbxo4,-0.0076385106816061945,0.0221411003127219,0.09863908532331389
Acvr1,-0.007639200335380779,0.20376369988593984,0.3788127100847958
Lgr5,-0.007643075075881642,0.16447612931462294,0.33387502953555076
Tnfrsf13c,-0.007664125516485523,0.24298470270584516,0.42244886452028496
Sec24c,-0.007670153412519989,0.4511193773858262,0.6209632823357312
Erp44,-0.00773766024263651,0.23497830502942138,0.4138896180784111
Rbbp7,-0.007740406640107239,0.07951194717858043,0.21528155125155987
Zfp24,-0.007748085149729044,0.24268185949212903,0.4220662002282135
Vdac2,-0.00776590237824127,0.2793231364876428,0.4596165536078631
Kat6b,-0.0077778851218352095,0.1636638293111296,0.3330372915268228
Prr5,-0.007784265719285958,0.17197653915310285,0.3420525961610287
Zzef1,-0.007791909604567484,0.13548526119197576,0.29641669318896036
Mavs,-0.007792812675091455,0.1445881306490588,0.30770479781702004
Dsg1a,-0.007808117357195729,0.157108158553619,0.3242288898851501
Mplkip,-0.00781813829708386,0.3665243068890325,0.5457211002454626
Snrpa,-0.007831120543620444,0.3115088845831694,0.4954454013542176
Chat,-0.007832624823201155,0.15659512604943532,0.32352844794579566
Mllt10,-0.007840451433239084,0.11405509958169249,0.26737429967799675
Sp8,-0.007847511656032997,4.787653794062664e-05,0.001878601692577973
Adcyap1,-0.007863686144814142,0.7068651251712443,0.8148392946399581
Kif3b,-0.007866235093915663,0.190874050387473,0.36446534601856584
Cenpf,-0.007867247877741403,0.48497731712309,0.6499919323817347
Selenos,-0.00787745713259643,0.2456378967583071,0.42547894559435606
Cd226,-0.007879071029910013,0.13448647411755604,0.29570160352604963
Gata3,-0.007889471419514295,0.21657107781690849,0.3931420170619396
Ctps,-0.007902321405594251,0.47811178856128755,0.6434990450206524
Smn1,-0.007911241745002712,0.20286890908011201,0.37809072167250696
Efemp1,-0.007916531906674764,0.5941199519833936,0.7346923333496463
Esd,-0.007929163743508947,0.3820299698114582,0.5607870146786326
Il1a,-0.007946613652995965,0.6545093168902969,0.7791228315879487
Agrn,-0.00795532518096044,0.4209854812158783,0.5945312679075845
Rab3gap2,-0.007957968479010142,0.10097367082208794,0.24787820143020026
Tpsb2,-0.007965269076670202,0.1744243126183631,0.34501302840070747
Stoml3,-0.007966107795462246,0.026720606284500372,0.11009839471505364
Fzd8,-0.007976922334557622,0.058529634666432115,0.17940329850301592
Cybc1,-0.007984548467318301,0.44482245831821465,0.6155831144550225
Bloc1s6,-0.008016328903673417,0.023168084664675872,0.10103922232630937
Cep164,-0.008027791551844259,0.08109572739070313,0.2177206870631456
Lamp1,-0.008033013754475522,0.6176175252466196,0.7519012503460496
Cnot11,-0.008033646768305052,0.006504047919681518,0.046174124733731316
Bbc3,-0.008038721201156306,0.1150396175700425,0.26807541764494597
Dll3,-0.008039489375167953,0.05700849009127668,0.1763045212290306
Mettl14,-0.008052526029526504,0.028321573790124843,0.1143001725375714
Rab38,-0.0081077635793854,0.0015336866708597263,0.018494883470580294
Setd5,-0.008112949847517025,0.4687271914850659,0.6353597298782774
Nfatc2,-0.008117887323158908,0.2558253557188027,0.43636697574697114
Nectin2,-0.008121482568387,0.07611438470009119,0.2095935160469035
Acod1,-0.008129568316059151,0.9267393917814105,0.9538534377475737
Bcl10,-0.008134649214855365,0.13385582349243105,0.29520041315818885
Numb,-0.008144810168536293,0.0176563661045004,0.08512771597264324
Usp7,-0.008149347962840904,0.1756533976438255,0.34682282838180634
Rnf219,-0.008157519459247352,0.006406575608180949,0.04575664490857899
Dhx33,-0.008170466037177913,0.01873948332285816,0.08850935595361063
Ddx42,-0.008184011454765883,0.333461160400232,0.516702727582498
Jarid2,-0.008196681590563824,0.22636667093930715,0.4047305953247129
Mia2,-0.008213192154101557,0.07442703411953769,0.20723378877934592
Sap130,-0.008215013612324757,0.0744692417901197,0.20723819005531946
Uri1,-0.008216251372021224,0.4084762753130249,0.584962796286283
Cd300ld,-0.008227810579541906,0.0845868905323929,0.22246656933176245
Angpt1,-0.008228408950284547,0.06136409605847705,0.18369615844735415
Dnajc7,-0.008242665821427499,0.3328619750751831,0.5160878221454435
Foxm1,-0.008244860078778664,0.2570671955459037,0.4370999214932182
Nr4a3,-0.008252069782147122,0.30367371849871133,0.4871193830383417
Hprt,-0.008264323058802741,0.410933829684869,0.5871634356365594
Zfp979,-0.008272153416673748,0.017127978270129705,0.08392873886256641
Ercc6,-0.008285601843215955,0.15978379163500295,0.3273321771607028
Hdc,-0.008298103104128499,0.3794380084779203,0.5593969020941825
Chrna6,-0.008313019375516258,0.04886915254046108,0.15938717845837083
Il17a,-0.008315411007356185,0.18983785710535925,0.36336319290598035
Mcur1,-0.0083421732427069,0.05326061951095969,0.16822440874638103
Rab24,-0.008342588203656815,0.22303038498611932,0.40115585113335495
Selplg,-0.0083559003167041,0.7222884987630267,0.8255419296863543
Ehhadh,-0.008358340044140256,0.0015138361337197594,0.018308936371584303
Cdk9,-0.008365908412752586,0.27941010247755016,0.4596165536078631
Stmn2,-0.008373603500236443,0.6875208334649697,0.8000700963328101
Lacc1,-0.008419304980632824,0.13159288012081133,0.292358572080252
Sh2d1a,-0.008422179732158827,0.1036754740688425,0.25207273270980246
Yeats2,-0.008430167212550368,0.3831684690874838,0.5619730767151394
Rbck1,-0.008430980264636683,0.1126568783740294,0.26580145077979833
Abcc1,-0.008434260507900906,0.1640129826663566,0.3333948646476875
Pfkfb2,-0.008458851612537016,0.4993851415322632,0.6616879188906246
Aurkb,-0.008473418605685677,0.41233244088792564,0.5877676215013522
Eif2b1,-0.008490637085755332,0.34431557136012947,0.5247546248903557
Fbxo5,-0.008492864538143168,0.0865137879429282,0.22592508369216316
Il2ra,-0.00849892025737893,0.650907238677068,0.7770896689094745
Dvl2,-0.008512188713864213,0.09017128010841882,0.23009689836570507
Slc4a7,-0.008517753069937859,0.10701885540526378,0.25653344991647115
Rfx2,-0.008522385168166127,0.03403669700956144,0.1283231274543776
Pdap1,-0.008526687963700432,0.17895751604889895,0.35056155505585007
Cnot9,-0.008552614833049853,0.12324930472567,0.279673870810394
Slc22a5,-0.00856261215426624,0.4862776329931019,0.6505382129288783
Slc9a8,-0.008578771230519294,0.2272422613417255,0.40530166961683284
Bcl3,-0.008595360731919474,0.7002786197488631,0.8107401814205516
Il27ra,-0.008624344971590023,0.39299910531103976,0.569957717692055
Abhd4,-0.008626247604392937,0.6125386325420945,0.7496544060933839
Cdipt,-0.008630146358756911,0.3232146144200805,0.5063629447656114
S100b,-0.008633993419657562,0.7098959958887702,0.8162651406420791
Izumo1r,-0.008658447644391056,0.41196693260383854,0.5875545664796827
Birc5,-0.008681852468606177,0.4597210415667776,0.6289879876686701
Phf3,-0.008701330116147212,0.03877320411298924,0.1392871092765175
Jak3,-0.008708241014180843,0.7448538239803094,0.838556467915153
Gtf2a1,-0.008712200378598708,0.48597331523660914,0.650301647697257
Bach2,-0.008721745753205513,0.21715994240430764,0.39379056743845475
Dtl,-0.008732998906636237,0.2597420217128221,0.4401807484242876
Ggnbp2,-0.008749750704718886,0.238452043559284,0.4171275288737681
Dnah12,-0.00876736115040209,0.04402431347737723,0.14961227384950118
Pgf,-0.008791718338288273,0.3162394877344409,0.5005081064019185
Polr3e,-0.00879475837201263,0.23925002098834264,0.4179590077819225
Sgms2,-0.008816317714339628,0.07519563016234511,0.20846353774897958
Rhod,-0.008817980800499618,0.04846955359440887,0.15848922620838438
Setd1b,-0.008820520566834245,0.36649079699185116,0.5457211002454626
Fasl,-0.008831044585877502,0.15101281777033085,0.316423966592153
Mad1l1,-0.008834691693313362,0.24329039664009394,0.42269220478920955
Aida,-0.008839731585532199,0.39489384310770903,0.5716099584825266
Ruvbl2,-0.008847765618114511,0.13933023980016002,0.30084171731920745
Tfpi,-0.00885234505676733,0.6835587585077336,0.7973549570427508
Trip13,-0.008853009413799002,0.17824973754702128,0.3495778205410825
Pou2f1,-0.008858908243992342,0.0796779284382403,0.21538146959177515
Trib3,-0.008893640766087403,0.012591130090881324,0.068913470593976
Prkaa1,-0.008921056383656895,0.12085421011852007,0.27619951873412674
Ctdspl2,-0.008925515913955706,0.23414773347839177,0.41295301379914195
Map2k3,-0.008972378939668726,0.12918504992937402,0.28915003935486483
Pkd2,-0.00898161824888998,0.2797414771942453,0.45981685171287817
Kif20b,-0.008994891429027912,0.09665605093373356,0.24121453806897009
Cpeb2,-0.009000144549965863,0.6298821884725063,0.7603002942258056
Chd7,-0.009002046849912017,0.32853713092354997,0.5111855012554967
Ssr2,-0.009021028606837627,0.22058834105184857,0.3979251040827797
Glb1,-0.009022001630494039,0.4652618064864278,0.6330489396871881
Col4a3bp,-0.00902244580038548,0.13748274611656083,0.2986795093443683
Hace1,-0.009030409294293613,0.130126645837732,0.2903922954042781
Alpl,-0.009038535853030561,0.5029428502750217,0.664468137594635
Irf9,-0.00904901852701411,0.7225971466994807,0.8256266652432488
Cd109,-0.009075462717093776,0.3591491783656503,0.5394178186084858
Zc3h14,-0.009080890145257925,0.06598868454725698,0.19082102033761783
Scmh1,-0.009101568083466247,0.0852164318178086,0.22337565195408102
Tbx21,-0.009109790696384281,0.25643635622677274,0.43688652152761576
Srrm1,-0.00912965272050334,0.29053199698083876,0.47333239112081077
Scimp,-0.009130861104195583,0.18808525309925553,0.36136454842158283
Lats1,-0.00914100048202659,0.47499009868786,0.6409853157160778
Polr2e,-0.009143823566757527,0.17206566589868647,0.3420525961610287
Ofd1,-0.00916140353647833,0.05132226798083767,0.16454738464503643
Fut4,-0.00920078110164469,0.06970801420367194,0.19809503089299754
Tubb2b,-0.009206444036331866,0.6761947390847083,0.7928703258032457
Mlx,-0.009213181059233445,0.06065971851651388,0.18233660822200196
Epc2,-0.009219941922059594,0.09738749646386816,0.24223766818419948
Xrcc1,-0.00923081342533365,0.0382946359398951,0.13877270540699524
Cldn14,-0.009236973448334379,0.024267727621082917,0.1032549272701767
Nup62,-0.009242431512319432,0.024752672039839566,0.10486991700599803
Rsad1,-0.00924478156474628,0.13037692138449658,0.2906698758663973
Onecut3,-0.009246311661788369,0.09814906165844813,0.24339249563429455
Amy2a5,-0.00925361873627864,0.21270467177540517,0.388334477711647
Clec4e,-0.009254568184103674,0.8235845971657263,0.890819556858009
Msra,-0.009296814760097596,0.0026016061178067997,0.026021162366534286
Map3k15,-0.00929803500570799,0.01890339149874342,0.08895405907296143
Me1,-0.009317795950372175,0.18897151592375167,0.3623848506492696
Ada,-0.00931970540516362,0.11917725452819929,0.2739626747851936
Lamb3,-0.009326639629899183,0.00023416665079786282,0.005332518239820974
Cdk7,-0.00933551911798288,0.08430166957767025,0.22211922340686777
Zfand2b,-0.009348047509163737,0.012286769039506238,0.06761036555611792
Smad6,-0.009350966202998884,0.0919511919550287,0.23277569735116693
Ebi3,-0.009356890465442538,0.13125272745130218,0.2918570892454631
Snap29,-0.009388769480913706,0.08390007088550956,0.22140417050542383
Phf10,-0.009391857888209822,0.1205708910802658,0.2759228871244665
Rspo1,-0.009397864260870602,0.04116391585990747,0.1445128250525726
Trim7,-0.009405648911654447,0.27596610580927505,0.4570464629003611
Tmem109,-0.009408007626447402,0.3165023170313714,0.5006134323029536
Gbp2b,-0.009411022462533626,0.6159541361421854,0.7513054365503319
Fst,-0.009414628157627395,0.0024387473426437886,0.024682639275448347
Fbxl12,-0.009454867177197304,0.1951259284531688,0.3693274066937344
Camk2d,-0.009481131157067637,0.42779714849044437,0.6007077085451253
Wls,-0.009483144560706857,0.4839218472291369,0.6492596903513486
Lbr,-0.009499538440839358,0.3805710728430891,0.5601526331122367
Itpr2,-0.009520657487421208,0.2650742218471001,0.44566368017206914
Id2,-0.009534131041549569,0.5180586161087763,0.6753429595632171
Ezh2,-0.009543859447343112,0.0715948848020816,0.2017709985499548
Rnf10,-0.009546111883962897,0.1578345171342828,0.32516715343375463
Cd28,-0.00954646962415136,0.06458907665654172,0.18924117175474975
Eed,-0.009547006098945057,0.17041932589516756,0.34055318676367136
Tubgcp2,-0.009594217542959966,0.10952659756409232,0.2607070341457932
Hes6,-0.009636148876835993,0.2763842673122352,0.4575326972742937
Abhd17c,-0.009657779534124611,0.13481668496472207,0.29603956521956404
Rras2,-0.00966260991428917,0.11339628796516026,0.26690354458622134
Cxcr5,-0.00966661730942313,0.14999279199298263,0.31552392968260284
Eif3i,-0.009677680774819734,0.212618734624086,0.38831656473951404
Lbh,-0.009685767218502693,0.4960053859634813,0.6585433299843099
Eya4,-0.009694138365112773,0.031768001052133385,0.1232876833115495
Epb41l4a,-0.009699037795800692,0.04721104342079749,0.15648052793339048
Ppt1,-0.00970090598611405,0.5083900241618351,0.6685812267248163
Kdm7a,-0.009710893642388703,0.1528735296316871,0.31867914779372125
She,-0.009711084892943572,0.1410351094149963,0.30316902365187365
Gli3,-0.009715126669097745,0.27584528663500585,0.4569947408655943
Tigit,-0.009715576291005295,0.3649205586759632,0.5449238202008455
Syt4,-0.009746790740202694,0.6111064932257584,0.748799957229064
Creb1,-0.009748995324541843,0.04029671429948533,0.14235009670476084
Usp25,-0.009758245862755853,0.17775101155932896,0.34914783719874315
Med1,-0.009765656433505262,0.03744951334578899,0.13654751077689037
Idh1,-0.009769122577457089,0.4354152418878411,0.6083410432401746
Nelfe,-0.009784300125046148,0.042339701759974785,0.14620430299482037
Dctn2,-0.00978679806625375,0.12126859262372738,0.27674567044073234
Cyb5a,-0.009834232442328502,0.10845826743650783,0.25882581461152926
Glo1,-0.009837311624529802,0.4236555289283137,0.5971447507773773
Rad50,-0.009839927399387015,0.007845706124489604,0.05078800373226075
Speg,-0.009848561509190681,0.13019691922675497,0.2903954897138947
Smarca5,-0.009870621135791634,0.12608663887182822,0.2842103159015448
Ltbp1,-0.009906071616025067,0.45927165867296516,0.6285872634533929
Pip5k1c,-0.009919284867714017,0.5526630692227137,0.7009284724279121
Nox4,-0.009921645785566528,0.00012576980176610096,0.0034678473449128704
Fign,-0.009953622491128099,0.24315812693752564,0.422606339185117
Brd7,-0.00996009955864207,0.1103951932320309,0.2621628867209449
Foxj2,-0.00996400114370724,0.44192308054496365,0.6139734318387078
Hps4,-0.00997075228352501,0.0943368408847802,0.23748221966974317
Crhbp,-0.009976319144812744,0.05528963104021649,0.1726024528372976
Kdm1a,-0.00997942344784639,0.07686271966653978,0.210680673304148
Emc3,-0.009999677011265161,0.1308202329667567,0.2911492183086501
Cenpe,-0.010016234111827903,0.20610961948181206,0.3818979909105424
Derl2,-0.010076407901073618,0.047598858936757346,0.15698693780358727
Slc25a28,-0.010076676414330077,0.04460194723393698,0.15107206695903885
Xpa,-0.010114756950896241,0.016840417432112596,0.08340517199347003
Huwe1,-0.010116558358645666,0.28509917767554643,0.4667172353411304
Dicer1,-0.010128523153159453,0.15790864872793375,0.3251885414457772
Cd2ap,-0.010131140566816257,0.25907808039657954,0.43925699450336003
Setdb1,-0.010145144977169396,0.021426208885447356,0.09655043420906977
Tlr3,-0.010146466169263308,0.3950832537935456,0.5717218943548584
Arf2,-0.010155040428101256,0.08329846097969919,0.22061549816066747
Tbxa2r,-0.010155407141536012,0.02709672445721084,0.11093129330355739
Npy2r,-0.010161860075078076,0.044739624124664354,0.15133741555697142
Ptp4a1,-0.010181776455853867,0.3741616707459181,0.5532170094130227
Fxr1,-0.01020368834650997,0.21358284744307074,0.38955139703828817
Ecpas,-0.010220328067808591,0.38793896877025746,0.5650704396622168
Ninl,-0.01022325071693031,0.011806098602949958,0.06581738685644561
Gna12,-0.010227512698790521,0.2942775503586461,0.4783651320520886
Nmt1,-0.010248267735989072,0.21605918137195865,0.3926628378063772
Ino80d,-0.010267102220579548,0.1304858855298059,0.29078571519770197
Lyar,-0.010287849718792073,0.017523627112052215,0.08487921835204747
Nsun2,-0.010288583420000295,0.25549270197758944,0.4362866104168669
Fscn1,-0.010297578502886925,0.5258175331004759,0.6811059513320283
Hoxc12,-0.01033120581519433,0.2577870557554777,0.4376151425154343
Acacb,-0.010375947385183316,0.2138036430351126,0.3897828388570798
Timeless,-0.010379459905346352,0.1499991235993554,0.31552392968260284
Sall1,-0.010394835987733195,0.5657464952107099,0.713587522831593
Pdyn,-0.010399391599770536,0.430960803587658,0.6039371041485284
Arid1a,-0.01041286492248808,0.4415278590400974,0.6138548947842837
Cav2,-0.01042065298506948,0.5216491546727553,0.6775992711957537
Kpna2,-0.01043374496938007,0.3571919028332906,0.5379248604285818
Cspg4,-0.01045542422496395,0.23035976676075945,0.40886053244489695
Scamp4,-0.010474088741063908,0.20832011143389112,0.38417964151275436
Wdr5,-0.010498941682318316,0.04167488732163904,0.1453066303675193
Lama3,-0.010509528136041474,0.028854118703957737,0.11552971703994382
Pdcd1lg2,-0.010516850144154783,0.367058527605127,0.5461976514917599
Rlim,-0.01053017625614263,0.20315287343610822,0.37825027826681273
Serpina3i,-0.010568592929852797,0.676824696106511,0.7929450562331907
Cd5,-0.010587610273074718,0.3337897331041676,0.5167995385407959
Mcph1,-0.010589020440963387,0.004404259154402101,0.03631481135880423
Ntn1,-0.010595969130243292,0.48651804912588825,0.6505529302756183
Dusp4,-0.01060432858206015,0.009812104293572592,0.0584714299083105
Topbp1,-0.010609895967387673,0.3142053501290833,0.49821619241792164
Tfeb,-0.010650216899003941,0.08145384167513328,0.21822271343742378
Kitl,-0.010653287705404432,0.3031268038951232,0.4865480889455706
Ccl19,-0.01066738822587096,0.20317697754382805,0.37825027826681273
Sfxn1,-0.010676258700500688,0.043156808642083135,0.1473513258924137
Tardbp,-0.010681646223249942,0.0555662495706556,0.17335990156569678
Pyroxd1,-0.010712612406024223,0.00876300825380008,0.05459739477584871
Zdhhc8,-0.010720119545577042,0.32268840611340976,0.5058492807573765
Sulf1,-0.010744509667248582,0.4427450395039252,0.6140409044343454
Aebp2,-0.010752702259426237,0.03794303829741549,0.1378543008227325
Memo1,-0.010759902233474847,0.013823974896282133,0.0733778313693394
Cd80,-0.010796432705374899,0.25286957610112154,0.4332844164231847
Polr2f,-0.010804738064702177,0.17239912152992407,0.34231689412026567
Cmah,-0.010810769338613647,0.03503672704925229,0.13066703263479307
Batf,-0.01082653947325063,0.4938054812455819,0.6561348684120117
Prkd3,-0.01082843514999129,0.11441836266735148,0.2676057166282255
Palmd,-0.01085281597860721,0.13689827995852222,0.2980998910054643
Arid2,-0.010854480321310162,0.32468250400325804,0.5078822546575276
Dnmt3a,-0.010872749249806453,0.33320127800463495,0.5164569185966705
Mindy1,-0.010876300378226886,0.05250738071946032,0.16688502424023707
Fcgrt,-0.010880306826855654,0.49369364659265336,0.6561348684120117
Atf6,-0.010896704073234974,0.0625218688069967,0.1859615468131138
Clic4,-0.0109490689815112,0.5000886158165283,0.6618972572081242
Smarcb1,-0.010963550341187334,0.050237362956952955,0.16249891467559735
Idua,-0.010971847084728762,0.3082686102898862,0.49186055085664987
Trim28,-0.010987531788083298,0.031137901353749504,0.12171221057890899
Atm,-0.011006453492906252,0.004799911751593279,0.03867985757484568
Gch1,-0.011007033998101667,0.05752090485641159,0.17710778427985102
Btla,-0.011015401017581587,0.39152550507673745,0.5688326976349865
Sema6d,-0.011015809683809967,0.584713431352139,0.7285839074887128
Aldh9a1,-0.011023211964618295,0.1447336168919379,0.3078758047396894
Ntrk1,-0.011027644262369003,0.33494293856706925,0.5169573160758306
Cd59b,-0.01107435694013839,0.010016504192683453,0.05938709150179677
Sfxn3,-0.011082756290663933,0.1401010901328857,0.30179715404047713
Paxbp1,-0.011102151942642573,0.19769010574138987,0.3723845012506757
Rbl1,-0.011114346401110071,0.0525421189825173,0.16688502424023707
Sin3a,-0.011127034369071852,0.013716729284992164,0.07296041301641817
Wdr36,-0.011165959222685084,0.0012938071160104622,0.01700956211023033
Dgcr8,-0.0111701277001205,0.012147876862542045,0.06723649535357898
Sertad1,-0.011178940358208544,0.0007221103181124359,0.011469724619549154
Arhgef7,-0.011208529593185728,0.0955491008385661,0.23986021819760123
Hmcn2,-0.011208600709572492,0.11901252830341016,0.27371257921937114
Lta4h,-0.011239568973867554,0.13273909812652473,0.29392317600830625
Plpp3,-0.01124124818749904,0.3470793773350779,0.527705485480248
Ankle2,-0.011252340247125181,0.09052649902591713,0.23056636020964
Col9a3,-0.011259911609831438,0.5000459828138784,0.6618972572081242
Vit,-0.011285136314639658,0.023995612167473864,0.10259984716369168
Sox9,-0.011286183519392815,0.6135785535958611,0.750206484419315
Rad54l,-0.011364078249922875,0.13074501630453686,0.2911088294061294
Klf11,-0.011367474534488846,0.0615715387685563,0.1840575842937907
Socs2,-0.01137290004338586,0.12045064177216365,0.27577141996400667
Raf1,-0.011390388510940942,0.21965455797656516,0.39712923484256446
Cdk1,-0.011403891029230355,0.2316490866813152,0.4101499448668479
Vegfd,-0.011410563942210883,0.00026015578315472453,0.00570760897209107
Ccser2,-0.011412824754829649,0.36013577553752085,0.5401507177350466
Srsf1,-0.011416416704951126,0.3016672920971616,0.4851213294412425
Nfib,-0.01142367587348252,0.5357666742800629,0.6889473730575664
Cops5,-0.011427660512931705,0.17991506149373784,0.35192109028278284
Crebbp,-0.011429681574039,0.0973954114088937,0.24223766818419948
Sf1,-0.011433727176120954,0.035378735569386505,0.1313441995192435
Dxo,-0.011451023212084284,0.012364669292044519,0.06796570911499902
Evl,-0.011487083622051817,0.27381283841487236,0.4551056659349182
Ndel1,-0.011510152685884801,0.3571491122315592,0.5379248604285818
Actg2,-0.011520964040929164,0.0016387033149038992,0.019284804435977076
Apoa4,-0.01152371004395455,0.31098348428634304,0.4949537451933341
Tead2,-0.01152961838316263,0.0030924670952887133,0.029065975616809635
Gar1,-0.011535551965397673,0.006945050285081503,0.047993870906177405
Stam2,-0.011550636531591593,0.11012748993326006,0.2618915921136598
Xrcc4,-0.011587030275241578,0.004386413188596267,0.03631481135880423
Plagl2,-0.01159089884046467,0.0950000675738504,0.2388345710666392
Trrap,-0.011596888282027668,0.052478654257444406,0.16688502424023707
Polg,-0.011599008696782893,0.036443790771356795,0.1341268230336876
Atr,-0.011610222408680277,0.005864064783680157,0.043414505749713325
Fen1,-0.01161140526728394,0.12469069484045452,0.28168610911477343
Grem1,-0.01163834992795177,0.08694342486287168,0.22604404190902572
Diablo,-0.011648776451289951,0.1745065143363963,0.34502237582556494
Htra2,-0.011655482515813295,0.12330651547786241,0.279673870810394
Nfia,-0.01167016318757562,0.5985538161194848,0.7369594535422379
Cyp7b1,-0.011675233803808298,0.17970175595287963,0.35174929283025286
Adrb2,-0.011676976834443836,0.005051291259742282,0.03984673033424078
Galc,-0.011708779126952088,0.1891058570160941,0.36250619189744304
Dennd1a,-0.011725097487541278,0.0011349181113487084,0.015562412059112261
Elf2,-0.01173861845572385,0.11084269821624687,0.2626831581022826
Zfand2a,-0.01174254293398814,0.051470810577420804,0.16491997786144694
Prickle3,-0.011752553304955369,0.0385590257383344,0.1389318586493622
Kif20a,-0.011763483498290995,0.45530158462033343,0.6248300734862311
Mcub,-0.011769606838842648,0.0003146443016650027,0.006715483610013301
Nefh,-0.011772152184069058,0.6242086887000957,0.7563155631969568
Erg,-0.01177427363289634,0.02325470925744566,0.10103922232630937
Slc25a20,-0.011777597711964004,0.20962262737993625,0.38528965656596326
Ssrp1,-0.01178302717607132,0.14595171682973654,0.3102082114785359
Kat6a,-0.01178827607184404,0.0572943624606407,0.17691195091508974
Adamts14,-0.011793958442076041,0.004099636978659942,0.03497684842734633
Dgat1,-0.011802939746992688,0.39414207438865134,0.5712971645044006
Dnttip2,-0.011807520597723623,0.013656269454561037,0.07279062746887759
Bcam,-0.011810854097905669,0.42741897512221605,0.6007077085451253
Sox13,-0.011851537889009703,0.200398677675017,0.3763746888145294
Ncaph,-0.011853694062317597,0.3247990007158983,0.5078822546575276
Cdkn2a,-0.011858616844014161,0.08460794834417157,0.22246656933176245
Slc4a1,-0.011866268446658978,0.1029825244513662,0.25134634317053545
Ttll6,-0.011871576892899671,0.019061719487637817,0.08917154342299538
B3gnt2,-0.011900721138444146,0.17884601682392307,0.3504777302415795
Tgfbr3,-0.01194827946203568,0.6509516085571818,0.7770896689094745
Srp72,-0.011950583968989984,0.044078013206501315,0.14969503686175978
Dync1li1,-0.011952333809051675,0.03678526673165132,0.13489694147962142
Hsd17b7,-0.011954266932002916,0.2906409243043924,0.4733586701394335
Ephb3,-0.01195983873509272,0.014476638410002874,0.07566120136211542
Cwc27,-0.01201775200682163,0.006343879445091329,0.04575664490857899
Hps6,-0.01202579916152025,0.3484365506527827,0.528351618573081
Tiam1,-0.012061744885438139,0.11352518457039255,0.26698569225153174
Trpa1,-0.012061983632430065,0.0009894432966593566,0.014151459256006716
Inhba,-0.012073590690469748,0.17122654383438757,0.3413155920669054
Alg13,-0.012073805495136222,0.007919777513294887,0.0510730532178473
Tet3,-0.012090836365832247,0.11410975306782963,0.26737429967799675
Fbxo17,-0.012093511910011977,1.6540850868585666e-05,0.0009374986697850609
Ltb4r1,-0.012103607275289792,0.3727175828139411,0.5520419250679192
Slc4a10,-0.012110000231658508,0.6441668049259213,0.7715179318917879
Stx8,-0.012128512315784067,0.016874689042060426,0.08340819087096804
Ranbp2,-0.012141450343874486,0.025946902683288486,0.10813329296360667
Smad5,-0.012155572636323988,0.21615410622346998,0.3926645640476924
Slc11a2,-0.01216264070536298,0.10844362155960921,0.25882581461152926
Yap1,-0.012172027423269415,0.008136184172848239,0.05168452735454404
Six1,-0.012180919369121279,0.0005744975528852997,0.010054197896490034
Pde3b,-0.012181923276265109,0.018874104224334,0.08889825082948082
Kremen1,-0.012183148699245524,9.162919576552819e-05,0.0027144693571639887
Rad9a,-0.01218383849366498,0.20846709505945354,0.3842089931142535
Ighm,-0.012259631557041548,0.711852825064374,0.817664859355612
Chuk,-0.01226403285355332,0.08384610184249067,0.2213762761379632
Vav2,-0.012270764665497544,0.003871728293120425,0.03381795551919056
Lamtor4,-0.01228743447062137,0.4127797018106888,0.5877676215013522
H2-DMb2,-0.012304598785437538,0.2757509202804913,0.45698682402559654
Kras,-0.012315302073018333,0.36257566421753584,0.5422159082889623
Tmem176a,-0.012317411284086402,0.6505433480570523,0.7770896689094745
Etv3,-0.012321770400652417,0.14159053674197025,0.3041066643877012
Nfat5,-0.012328408492998665,0.4579523945243966,0.6274550535774771
Fbxl7,-0.0123327291904676,0.003946267837515808,0.03423454462443561
Sept10,-0.012349325065993786,0.13341509298010246,0.2947381504077534
Bad,-0.012360267248554147,0.1445929034243084,0.30770479781702004
Cers6,-0.012394503141108645,0.2466650125941069,0.4268107968936701
Isl1,-0.01240404339285356,0.04422043190420678,0.14996975533012755
Mapk14,-0.01249949616162726,0.09393915265240052,0.23686782880864807
Eif4a3,-0.012508051142793762,0.015201413639056091,0.07848422163241409
Rspo3,-0.012568888240048167,0.04075007664590633,0.14339677353803965
Themis,-0.012572491272867315,0.21033874569137687,0.3860877804144345
Mmp25,-0.012574534078383012,0.4705788137164868,0.6367168511320422
Wsb1,-0.012611868567191807,0.18013686332334627,0.3520605899664327
Pou4f3,-0.012613401973370962,0.0486431106756872,0.15885307782117825
Rabep2,-0.012634241812048617,0.00030580077338934893,0.006554158592685164
Ch25h,-0.012653679475932792,0.25908333331161476,0.43925699450336003
Ankrd11,-0.012653861468277433,0.03909676493034758,0.13985455673892216
Mc5r,-0.012688214341540747,0.3143733542091425,0.498327681734256
Nt5e,-0.012705947186901097,0.38842801109095404,0.5654598414882867
Plxdc2,-0.012710316767652477,0.5544050044626085,0.7022646952480174
Naa15,-0.012732467333379734,0.022563688646287,0.09939324333740068
Uhrf1,-0.01275838945420878,0.43489979485201014,0.6079539198520426
Klhl21,-0.012758587992577083,0.02090292122678444,0.09509373618251929
Rab1a,-0.012788697491709272,0.050901548243337244,0.1638162760815541
Lratd2,-0.012797716063045111,0.000998381873673817,0.014151459256006716
Rsph1,-0.012798742193252858,0.10789411756403004,0.2581462916013683
Angpt4,-0.012830867871973317,0.0647042817983828,0.18936118270427466
Rad51b,-0.012833693645312887,0.00020002511854824712,0.004680404264745911
Spib,-0.012902525660845817,0.5094470079821272,0.6690754860239008
Ccna2,-0.012928576995489114,0.5300637032840984,0.6846430662428034
Usp22,-0.012958026744431153,0.3584214651188231,0.5391648167417036
Pmm2,-0.012964144461082953,0.0021649410374715234,0.02281686824822777
Hoxc11,-0.012975401375330597,0.26119578010947764,0.44117870011206806
Myo5a,-0.01300855715740073,0.3818787029014836,0.5607870146786326
Itga8,-0.013021291457901653,0.0018014105999101095,0.020465468753099042
Ndor1,-0.01304324264817822,0.06344908984870251,0.1874858038977803
Ifit1,-0.013064205542463429,0.5423331122268713,0.6938653637996666
Rnf31,-0.013073549515652812,0.22221281209401408,0.39982629788062285
Sirt1,-0.013100442118270246,0.010688831716655836,0.06174827926009221
Pdcd1,-0.013102670159139683,0.03632480182315869,0.13378542534291155
Uchl1,-0.013108607297692773,0.5874892873368127,0.7306686703348719
Cd72,-0.013120935002034676,0.6698698756373649,0.7884233428823371
Cfb,-0.013134561150839608,0.8228688226360065,0.8902341175538216
Osm,-0.013138476336995495,0.24015935948540795,0.4189647375974918
Zdhhc7,-0.013150976756833976,0.06949470930110982,0.19770915345508155
Slc9a3,-0.013178720820426676,0.014767204172258313,0.0770219923135886
Gabpb1,-0.013199805114650173,0.09943210519308622,0.24573796927806824
Cln8,-0.013208612930232077,0.08395289827239573,0.2214290248642661
Ep300,-0.013237033170577544,0.0683918980986934,0.1953343069436926
Tmem120a,-0.013255127502920183,0.03356004600492006,0.1274682015421424
Ubtf,-0.013298390160086307,0.13460312125429896,0.29582530009400215
Ddx6,-0.013304209590838932,0.07108501077260358,0.2013298423893906
Tor2a,-0.013307933644743617,0.04619343679927626,0.15461464639967729
Cdca8,-0.013320149121498625,0.28389603944327474,0.4653450183805092
Ripk2,-0.013332981366934567,0.046176724499923105,0.15461464639967729
Gpr101,-0.013367097845431853,0.2795982143740485,0.45977772131593214
Ticam2,-0.013369486880132377,0.16322738558164837,0.3325171301325832
Flot2,-0.01339178447850827,0.11103592835243702,0.26294998631651867
Mta1,-0.013421119132219472,0.021726992453208725,0.097561081429417
Smad3,-0.013426444908955629,0.0966118471511094,0.24121453806897009
Yy1,-0.013428801255797068,0.25303067811077895,0.4334148720762537
Mre11a,-0.013485875183845525,0.018520703644998998,0.0880467001799999
Cd3e,-0.013502721714325263,0.4577228754678281,0.6273090778509917
Ccnd1,-0.013502928162867545,0.5497900549885764,0.6983264617770737
Cd6,-0.013505256465143257,0.5455162839441812,0.695669641099817
Pald1,-0.013524289186982012,0.10550971482189522,0.2542300686379252
Hdac1,-0.013562319109911469,0.08016370618160833,0.21601429753427578
Mapk7,-0.013575683731712803,0.05751135777200624,0.17710778427985102
Pcnt,-0.013577396508813802,0.1983297625083787,0.3733136968838523
Wiz,-0.013581298190163387,0.03185978751620842,0.1232876833115495
Irs1,-0.013582031256813034,0.2398139599291312,0.4186485316901089
Tgfb2,-0.01360158090056402,0.21500596380677214,0.3913059548875644
Gtse1,-0.013643683294225302,0.13309849749579628,0.29427848848983634
Stat4,-0.013644852648865472,0.2241395028468368,0.4021947943056208
Ube2g2,-0.013644995117633625,0.05736575776995167,0.17702524524169597
Foxd1,-0.01366882008749228,0.0003649859718124204,0.0072594706109072125
Kmt2d,-0.013699144248076766,0.1821777092345457,0.35469026519290753
Kmt5b,-0.013700291228448151,0.298529905707325,0.481877077346716
Tnfrsf11b,-0.013722773291761104,0.035609261198364536,0.1319683611857847
Tcf7,-0.013740306494665361,0.4260353568509617,0.5995052014611739
Rad23b,-0.013774397599489537,0.08678686766430739,0.22604404190902572
Top2b,-0.013793681867448476,0.041562947122454875,0.14506593316034744
Clspn,-0.013798743314798514,0.05939245755316263,0.1804412900409068
Mms19,-0.013822862122506515,0.008080181860505135,0.051585741765252435
Zdhhc6,-0.013838997889913811,0.013415033390754807,0.07195592568479524
Per1,-0.013852202152353173,0.09065882495694332,0.23076380544180033
Usp18,-0.013853021102328522,0.5717935614114857,0.7180604173493736
Itga2b,-0.013858278299652527,0.013620000417368217,0.07274934254345054
Cd177,-0.01386981212933496,0.09141741312088907,0.23188474606148937
Washc5,-0.013896768182930211,0.08593574283474428,0.22491443006671655
Ngf,-0.013898655649138643,0.17134980542617506,0.341347168864598
Nlrc4,-0.013918374407894011,0.04372626186659189,0.14899643405576835
Creg1,-0.013960596915957453,0.06340223796207556,0.1874858038977803
Ppp6r3,-0.013996579608718264,0.0018737028933121062,0.021052331407015536
Pecam1,-0.013999293121809881,0.2714491198965432,0.4527998563087857
Gba,-0.014021161862046647,0.5169062726608269,0.6746471232563931
Usp3,-0.014044036554927135,0.0011657240476464334,0.015814782891075685
Akip1,-0.014060947524324787,7.78007863064276e-05,0.0024052230966611346
Ntng2,-0.014076438550255227,0.05768156293490869,0.1774629991139742
Diaph3,-0.014093226735352328,0.021414048566883413,0.09655043420906977
Actl6a,-0.014104365792442659,0.07779519867091814,0.2125513167757651
Khdrbs1,-0.014123851377690835,0.22383272030023377,0.4021947943056208
Brpf1,-0.01412849059776235,0.17149314422245307,0.34144673250536034
Faap100,-0.014181371455749868,0.009955393762369402,0.059118118255932856
Pip4k2c,-0.014193532971265717,0.18628643688390598,0.35899022083294463
Vip,-0.014195207213994645,0.0006942224800319168,0.011237190525776526
Dab2,-0.014209321381699216,0.3481338546779652,0.5281929028093155
Dot1l,-0.014224925690800043,0.0706807737210469,0.2003014593061446
Abcf1,-0.014269842037973855,0.06285679685195524,0.18673996548737545
Chic2,-0.014295378707029417,0.0050950702558799675,0.0399845436542211
Litaf,-0.014310472250985333,0.48667123739105267,0.6505529302756183
Gpr35,-0.014315931671066822,0.19698899742267031,0.3715282626016604
Rnf19a,-0.01433199442217471,0.05702851598272897,0.1763045212290306
Nipbl,-0.014332110800562637,0.1506338039153254,0.3160769369691793
Fam49b,-0.014343889510290904,0.29822159179125574,0.48174318019309265
Wdr62,-0.014368792806636162,0.08133100667547594,0.2181227471354378
Rack1,-0.014395763580155374,0.1512771317728642,0.31651544264699766
Ddb1,-0.014420739951099923,0.1998281771415856,0.3756923818041436
Psma4,-0.014467073587238106,0.08122899789956788,0.2179637655369257
Cdc73,-0.014484570690867562,0.04881961867817015,0.15932749512306202
Ehmt1,-0.014488387306036772,0.009093763502813863,0.055856156161944406
Cdc20,-0.014512441113577437,0.33860225264950516,0.5193703420530349
G3bp1,-0.014521713641614935,0.12265853998474321,0.2788829351250675
Cks1b,-0.014543751886411414,0.04193901335430863,0.1459077027806344
Psmd6,-0.014550909849423737,0.10355107887244863,0.25197511946368417
Wapl,-0.014583769570092244,0.2772137230786166,0.4582200911937858
Ascc2,-0.014628786828727177,0.15873552958726947,0.3258837049293784
Id1,-0.014643025022026225,0.30429093849310207,0.487802664127377
Agps,-0.014660827372636217,0.02626400618604886,0.10909828628260199
Ptpn22,-0.014678307523893722,0.1351508361114829,0.29641669318896036
Irak3,-0.01471609892340895,0.054927455663313286,0.17157682262006188
Per3,-0.014761333819878646,0.23142443725225428,0.40989446334157953
Synpo2,-0.01478528078244536,0.17779793391261575,0.34914783719874315
Golga5,-0.014795141101291674,0.0019539334290627716,0.021411453104212788
Lpar5,-0.01479723684148154,0.011007100533338362,0.06308676384332469
Cul4a,-0.014823217214633198,0.011148736992898875,0.06347065558122451
Kmt2b,-0.01482688319476522,0.18669773923043306,0.3595111996279498
Glmp,-0.014828906921584237,0.4869673450585812,0.6506834618296856
Prkca,-0.014833054585828481,0.079717744479371,0.21538146959177515
Espl1,-0.014835054808502824,0.24767997625788588,0.42798630043749186
Col24a1,-0.014836101383680184,0.0009986750104568442,0.014151459256006716
P2ry12,-0.014903733992543189,0.4592630451486872,0.6285872634533929
Mmp28,-0.014917340041276752,0.01807316270532292,0.08664586744347012
Stat5a,-0.014947797709559833,0.1692811694082254,0.33942737623874125
Nfil3,-0.01495273869655329,0.26385536383665253,0.4439070616526269
Ripk3,-0.014966712858320826,0.17738277251219195,0.3489201075291473
Fyn,-0.014973806376010985,0.32518005169799746,0.5078822546575276
Slc16a2,-0.01500437110784931,0.05857767890081279,0.17940329850301592
Prdm16,-0.015008974574212913,0.0003653646237298212,0.0072594706109072125
Atf6b,-0.015023177905406325,0.06337701856835891,0.1874858038977803
Gmds,-0.015025805189671974,0.003092645497957963,0.029065975616809635
Mlh1,-0.015108238463096599,0.0022737018079746194,0.023573481549753115
Klrk1,-0.01511879864233772,0.01485847046465977,0.07733693484075481
Ndst1,-0.015119526360615488,0.060559448273777856,0.18224999743040757
Pdia3,-0.015120694994370992,0.54892251665399,0.6977457656247203
Dek,-0.01514330602751516,0.14854293868702614,0.3132430325248346
Metrnl,-0.01515843370175084,0.000561334310834637,0.009920809691679943
Cdkn1a,-0.015168191755576306,0.07894492567544034,0.21431509625887238
Scrib,-0.015184365324886281,0.002058362914719138,0.02213210358945526
Gyg,-0.015221126439591002,0.15303254314808643,0.3187501031434826
Plxna1,-0.015222622599704692,0.16746933907004802,0.3364557300497499
Smoc1,-0.015236764947971724,0.4878129366862911,0.6510554134057486
Katna1,-0.015246014336847014,0.021269921410086226,0.0960158133742034
Smad2,-0.015304493004737463,0.04899391543521308,0.15959001445403698
Max,-0.015322826047607613,0.014275324421062179,0.07491608011505985
Ccl21a,-0.015337537812629884,0.1778471438371377,0.34914783719874315
Abcb1b,-0.015390729120125717,0.001352621841374317,0.017379657463099222
Abcg2,-0.015429116898208053,0.2992291454022721,0.48256967141858675
Cd40,-0.015449238457082721,0.34271221700193244,0.5232490329023817
Dbnl,-0.015451538422431707,0.33134240256300973,0.5140442808618956
Hadh,-0.015456004494666681,0.118945144595448,0.27371257921937114
Axin1,-0.015456894635562886,0.005700961014995887,0.042905675023620825
Tle1,-0.0154570845220705,0.15491392287737968,0.32122598398272917
Cers5,-0.015469566279077541,0.18975370664251814,0.3633384600538607
Dhx58,-0.015496426435446027,0.3700454843696718,0.5499756985029748
Saa1,-0.015497094359850661,0.5177671129493757,0.6753081163781043
Pafah1b3,-0.015528393952312404,0.10358592933059119,0.25197511946368417
Bmp4,-0.015562619476274245,0.19457689897248742,0.36861739473459143
Cct3,-0.015576226747512016,0.28813766802734814,0.47033287827440096
Cebpg,-0.015606081141016605,0.05458905734387378,0.17072886665303502
Cxcr3,-0.015612093903544266,0.0847994812781643,0.2227405530380618
Golga3,-0.015622174287364848,0.032823837867677834,0.12589052403234935
Was,-0.015623813559031708,0.13938682902223504,0.30084171731920745
Padi2,-0.0156305628985544,0.6155586681161795,0.751008076072861
Mtmr12,-0.015662689136123814,0.005535880678216153,0.04240019120057147
Trp63,-0.01566361550747493,0.00927151514984909,0.05650418014262869
Mtx1,-0.015669933713441806,0.11293233963185029,0.26620511296768407
Pcgf2,-0.01567892832105542,0.0006298151079600288,0.010568048900342457
Psmb6,-0.015679025766028202,0.19365894908140058,0.36736864978215855
Herc6,-0.01572295280942606,0.5392894396254206,0.6915322854523054
Eif2ak3,-0.01573984603976713,0.0026636869556114916,0.026370024861760554
Rassf5,-0.01574441236726678,0.23014011414592603,0.40886053244489695
Mdm2,-0.015760121576256572,0.07334524387963406,0.2054689653708897
Il11ra1,-0.01579860254440349,0.0806509506429952,0.2168690032840899
Hnrnpm,-0.015798825602579836,0.14326094781727108,0.30640423262721167
Ranbp1,-0.015820789550347394,0.1270817264545769,0.28556999411665057
Frzb,-0.015838445311988213,0.3574338596431931,0.5379964939627996
Wnt9a,-0.015843736010648774,0.03324134142500627,0.1268118647913496
Tgfb3,-0.01590930101720497,0.27907767071983886,0.4596165536078631
Micu2,-0.01591429596517702,0.00017969099431751722,0.00434409365883249
Ptger4,-0.015944289632836242,0.19043858819119988,0.3640353260389081
Setbp1,-0.015950198018708575,0.14193139988842499,0.30455724988147015
Itgav,-0.01595993670639598,0.14197944328918566,0.30455724988147015
Leprot,-0.01596724902966849,0.16517095094619205,0.3346135077553391
Gfra3,-0.01597197385950112,0.006369903238929564,0.04575664490857899
Vangl1,-0.016009307764697462,0.013118533452292526,0.07081231655041711
Ldb1,-0.016037884122204128,0.22402455557716888,0.4021947943056208
Thrap3,-0.016064765405284648,0.011107979577720762,0.06333120706999815
Smg9,-0.016081795510182514,0.1199387055235597,0.27509322701244515
Igf1,-0.016110225266929623,0.6227053121213957,0.7552115542394767
Agr3,-0.01613131009356655,0.0012532395133847468,0.016604609760456086
Cd19,-0.016146189454753383,0.22437404380589887,0.4022959569257962
Ago2,-0.016172109261991544,0.052522336131210406,0.16688502424023707
Ncl,-0.016213204328950633,0.0737793065417879,0.20583847652467513
Nfatc3,-0.016298073625392415,0.06697572741051667,0.1926921520141261
Lama5,-0.016303519842295347,0.036903413793697395,0.13504653737957284
Nr3c1,-0.016305209150149245,0.08189677491521155,0.21860567704997075
Ppp2r1b,-0.016345591544999507,0.013143991597281387,0.0708747369320638
Cd200r1,-0.01638977783705658,0.03246685608921882,0.12518022139917248
Eps15l1,-0.016406922792146148,0.009799606798701633,0.05846525646804331
Nuak2,-0.016427734238501655,0.22030960149054216,0.39775307827405343
Cln3,-0.016458972125445486,0.16607604173585097,0.33550649065131716
Bcl2l12,-0.016460800446013984,0.004406757151754523,0.03631481135880423
Srf,-0.016468502823287528,0.007141013620822106,0.04865171019004254
Sp3,-0.016498343087933617,0.16294113247562583,0.3321301815111478
Gmfb,-0.01651334343792022,0.47223813226441846,0.638022758734556
Sfpq,-0.016526613097446796,0.10231782564303611,0.2502028900312211
Stim2,-0.01652918726664312,0.008078824589794439,0.051585741765252435
Idh2,-0.01656106447028521,0.18419006446921066,0.3563982189502102
Rae1,-0.016572189627993922,0.000679515616791588,0.011208167780966973
Olr1,-0.016587635899994055,0.3248885664256955,0.5078822546575276
Ern1,-0.01665493276315341,0.12261999036706335,0.2788829351250675
Rnf2,-0.0167152145554302,0.06307831457661052,0.187071210846099
Pcna,-0.016751689372088572,0.2793768622398047,0.4596165536078631
Sigmar1,-0.01676351387913008,0.0442471048366677,0.14996975533012755
Naip5,-0.016788320054659855,0.004251888248640229,0.035672503217621394
Dapk1,-0.016790480391667962,0.05882110630403618,0.17993459203775702
Ncr1,-0.016804811467644516,2.485918741789499e-05,0.001255512029887944
Xcl1,-0.016816395140614476,0.03536491201325756,0.1313441995192435
Adamts6,-0.01682302471093634,0.004039561946121583,0.034865999132260905
Ube2i,-0.01687340864214625,0.11720001068702961,0.2716207426235975
Pwp1,-0.01687532477331291,0.06525078983010614,0.189933533835601
Bcor,-0.016895625736533415,0.0036547282847216585,0.0327066122462547
Klf10,-0.01697051515479819,0.004691601478157584,0.038228267721979285
Kif1c,-0.016981372349601107,0.12983863956104277,0.2903390429973018
Ptgfr,-0.016989195747902072,4.664716499568145e-05,0.0018589624112732115
Icos,-0.016997630508533337,0.3303229267523351,0.5129306695170963
Nlrp3,-0.017061039601496925,0.5169958056869713,0.6746471232563931
Tceal9,-0.017082056889135364,0.11718295381735314,0.2716207426235975
Ddit3,-0.01708877541508601,0.049287919643833826,0.160276495420312
Lrp5,-0.017122490418405484,0.017405591634678214,0.08487921835204747
Cd247,-0.017144766924801363,0.15938682412391184,0.3270443241577129
Cdhr1,-0.017145838714455887,0.04756859475435297,0.15698693780358727
Ptgr1,-0.017149858857332227,0.5085887912952096,0.6686369650507382
Clk1,-0.0171715478394353,0.31273369156289516,0.49650001888027645
Sirt7,-0.0171944413245686,0.061807487728312634,0.18437426602463317
Smarcd2,-0.017204783652078982,0.03960759559428939,0.14093057639824658
Rcc2,-0.017222953851339092,0.02157138523090413,0.09703318876793825
Odc1,-0.017231018462245576,0.3345131765992817,0.5167995385407959
Atp7a,-0.017294468257827014,0.23014364236114293,0.40886053244489695
Anp32e,-0.017294501238290756,0.017446104583888657,0.08487921835204747
Ifih1,-0.01731219574974872,0.22653477469396266,0.4048224970970728
Fam20c,-0.01732248278174713,0.5093426079621144,0.6690754860239008
Pou3f1,-0.01732450603157396,0.001238773137891919,0.016471775716139277
Fpr2,-0.017388045258509163,0.603205487493155,0.7414409045178803
Acaa2,-0.017396007999146753,0.0537306498906148,0.16908084212956578
Riox2,-0.017442881567120688,0.010949595580309574,0.06282776946587079
Gna13,-0.017449801083670342,0.17695169202519753,0.3486406261183981
Tirap,-0.01745892148873568,0.022346532325176527,0.09894935884611585
Adam17,-0.017466413592967238,0.2516362873321936,0.4321874416436093
Stk11,-0.017487092909736553,0.03138324941849508,0.12204879782711495
Mt2,-0.01749781941610758,0.3856357323161326,0.5638659264991799
Hoxd10,-0.017530959351976946,0.11430189036327564,0.26745593703810505
Itga11,-0.017582213785606177,4.678550386995115e-06,0.00034587370324727656
Ccnd3,-0.01761833882446301,0.3066769933429947,0.49038343151243163
Hk2,-0.01764963089263058,0.6513800106283891,0.7772372945533129
Rtn4,-0.017654545664654697,0.12074687829785008,0.27619951873412674
Sh3bp1,-0.01768877313173297,0.47221097408854285,0.638022758734556
Il17rc,-0.017691956227401252,0.09828046137652154,0.24359991908728687
Mmp3,-0.017748739281335066,0.1339546825264708,0.2952907673152669
Atg5,-0.01774999503166393,0.023273682652357502,0.10103922232630937
Gtf2h1,-0.01775772140273833,0.00772159740316655,0.050546343237555455
Mki67,-0.017838716542262514,0.5970910116614789,0.7358717949837553
Hoxd11,-0.017872577752374472,0.2680565692866455,0.44860779525301137
Gli1,-0.017873779624825406,0.009767789064156308,0.05843176927313207
Shmt1,-0.017897971988726568,0.00949816691883802,0.0574053903471478
Oasl2,-0.017935920656072114,0.7928053738648398,0.8713855229658583
Eif4ebp2,-0.017939671572660118,0.061755755728810466,0.1843277413532254
Cblb,-0.01796389164074393,0.03597798718557792,0.1327957399664493
Bglap2,-0.018044445767402998,0.1032543414657791,0.25164854076299054
Tet2,-0.018067529425358005,0.20967733515528603,0.38528965656596326
Slc14a1,-0.018074905164737313,0.27939956937863675,0.4596165536078631
Adra2a,-0.01808659522877653,0.03185945612404994,0.1232876833115495
Gipc1,-0.01809682230685895,0.08798277201147366,0.22718453345368333
Prep,-0.01812357269648241,0.030441147384019037,0.11944637908144701
Gipr,-0.018140017815817224,0.03442940087519277,0.12939282993107049
Sumf1,-0.018185121299655507,0.010393466461436308,0.060939163700904145
Nr4a2,-0.018197214510977836,0.001582936064516492,0.01882181087435577
Ptprf,-0.01820399242402349,0.05492724803034166,0.17157682262006188
Rsrp1,-0.0182284703834919,0.12358040199619565,0.2801705024811529
Zc3h11a,-0.01826278862188053,0.02046715536963735,0.09397206079254736
Maml1,-0.01826410145498917,0.0020518216423397817,0.02213210358945526
Casp9,-0.018279105317018617,0.003177482310913537,0.029558863330206943
Socs6,-0.01828037792898703,0.010536805610612222,0.0614968483063306
Dgka,-0.018302018832288602,0.022327611484105978,0.09894935884611585
Rab43,-0.01831497426536064,0.15528352717725494,0.32173081727505176
Gigyf2,-0.018327237442158438,0.0029206406156563097,0.028109185321673634
Rgs20,-0.018343884291205176,0.1393280688743637,0.30084171731920745
Adipor1,-0.01835289374179099,0.07265815177100873,0.2040639603768847
Psen2,-0.01836111985959624,0.33802137834802837,0.5191951372939755
Ly6i,-0.018370455692529167,0.5912989590797866,0.7332119670910623
Vamp3,-0.018381804419254782,0.3362074600044248,0.5181260844426102
Bclaf1,-0.018394349654690962,0.05747008051363793,0.17710778427985102
Lamtor1,-0.018412817125286213,0.04743795069233849,0.15682500744110087
Washc1,-0.01846117491329712,0.0008133498656698601,0.012347909716612966
Ccl11,-0.018490813223891414,0.00045771915906878753,0.008467304832776072
Fbl,-0.018526936166246722,0.10241536053387913,0.25032139630249994
Malt1,-0.01853589957721904,0.21652047326949095,0.3931420170619396
Stk38,-0.018554866984637833,0.017538266250354446,0.08487921835204747
Slc6a8,-0.018565877903211916,0.13935255035498262,0.30084171731920745
Ikbkg,-0.018602140075214813,0.0047850181788871736,0.038620850839404225
Sgsh,-0.018615786611448335,0.012803592511264587,0.06955391416396237
Cd14,-0.018634937534328457,0.6558679557551226,0.7792751840246165
Rab29,-0.018682236723019146,0.25330439100144514,0.43362248631812755
Sox11,-0.0187031633869553,0.010386707981668878,0.060939163700904145
Nmb,-0.01876422366265507,0.13906030279975798,0.30084171731920745
Msrb1,-0.018768076185467178,0.5723448156334989,0.7185653223102333
Cttn,-0.018775558769742434,0.022949452279296095,0.10048511251217972
Fam20a,-0.018779638789108762,0.04314806443994238,0.1473513258924137
E2f2,-0.0187817609786833,0.029935261865248315,0.11809727051402293
Sidt2,-0.018786663327698624,0.038566459879924894,0.1389318586493622
Eea1,-0.018788731351882287,0.002852836641244007,0.02760532650978946
Tll1,-0.018837657598800774,0.0009440676613783154,0.013680935058780645
Nras,-0.018860204113415744,0.0029713070306625496,0.02829932153390995
Rab8a,-0.018887270693711804,0.054010910467306626,0.16944013179196254
Daxx,-0.018954816953815557,0.11116793978059651,0.2630183955569679
Pitrm1,-0.018972266174065108,0.01364391646911029,0.07279062746887759
Hnrnpk,-0.018989506575829207,0.15107767094991006,0.316423966592153
Mme,-0.019017716807876034,0.2668121210502353,0.4475529856880139
Bub1b,-0.019034986982651898,0.26838724867778346,0.44901389160556693
Abi1,-0.01903726646869037,0.15723201137371287,0.3243188394732347
Pkd2l1,-0.019069422637404708,0.11503705235098777,0.26807541764494597
Klhl36,-0.019071718852922342,0.12160773226673884,0.27730042123050286
Parvb,-0.019117895518691648,0.13186560181187432,0.292534724574944
Supt16,-0.019123163866043912,7.266687591194412e-05,0.0023023213293591736
Nr1h3,-0.01913103511813097,0.24917735853178263,0.4294100357671024
Gdpd2,-0.019147166947315608,0.09187197240059705,0.23277569735116693
Vipr1,-0.01918522252216678,0.03277250394326529,0.12584047245287747
Ccr1,-0.019187390881384308,0.6091348329442619,0.746743185559226
Zfhx3,-0.019205151356058502,0.07560378632116051,0.2092538871536841
Cdkn2c,-0.019222460349172816,0.05043557016408836,0.16287381014410307
Fcgr4,-0.019229927582376256,0.7226863478359353,0.8256266652432488
Ifi209,-0.019230984104349726,0.22105488844086427,0.3983048343118505
Ctnnb1,-0.01924230785161959,0.10822816081022008,0.25858166196390286
Tgm2,-0.01925225520943147,0.7070140596111458,0.8148392946399581
Epha3,-0.019252748085379648,0.03861836263819421,0.1390206547758847
Arhgef6,-0.019373994182696308,0.03328780375526703,0.1268118647913496
Tbl1xr1,-0.019374516051385234,0.07772265605678465,0.21246691776294666
Smarcc1,-0.01938297975875026,0.00035807553184701095,0.0072594706109072125
Casp7,-0.01939025127436618,0.03760353512816831,0.1370111662062761
Crtc2,-0.01939915344615998,0.017486156295305807,0.08487921835204747
Mbnl1,-0.019400515524983737,0.027813169571924423,0.11304779122421234
Hps5,-0.01940194564168821,0.004831291569063094,0.03881222728522287
Rock1,-0.019414188460351877,0.0005116487906805607,0.009255037167594115
Ptpn23,-0.019487251866156855,0.04174951891118281,0.14546741527728382
Plod3,-0.01950711565978938,0.35907664100185144,0.5394178186084858
Spry1,-0.01951861585691201,0.0387899253274076,0.1392871092765175
Ripk1,-0.01952832161553832,0.012657832921792416,0.06905626281717979
Ccr6,-0.01954187051447151,0.1834018829335748,0.3557458567916905
Supt5,-0.019550425363399727,0.023633015589255818,0.10181757814256244
Ptges,-0.019570986044954174,0.10409753650935212,0.2526755882340484
Tead3,-0.01957933707344272,0.011953659242020876,0.06647724122737542
Jaml,-0.019594057503443542,0.39890488762962173,0.5756444261851302
Esyt2,-0.019599696913600244,0.023039165038487297,0.10079140725670986
C6,-0.01960385163647871,0.14840736324255777,0.3132089201076902
Traf3ip2,-0.019632653868049015,0.010817003200603692,0.06241802412475049
Mcm2,-0.019639995065354254,0.08209955097065176,0.21891783037182155
Trpm7,-0.019645005184060094,0.1574731721109242,0.3245537983587169
Tns2,-0.019671624246103393,0.3504706699774973,0.5308597380235499
Acp2,-0.01967854333651384,0.09303687884754412,0.2349411480204567
Arid3a,-0.019695223754843966,0.01067291242803568,0.06174827926009221
Srd5a3,-0.01973006415353598,6.868667556915857e-05,0.0022544932743921975
Tnpo1,-0.019741950646114986,0.0896643072658415,0.22937694652109203
Golga2,-0.0197548666931098,0.0028864209649125685,0.027832955277918736
Hes1,-0.019758632955049607,0.050449053132264825,0.16287381014410307
Ifnar1,-0.019805357520552472,0.037081285630769754,0.1353984523998257
Dusp5,-0.019840618670593134,0.16524042855042131,0.3346135077553391
Sra1,-0.0198563104129234,0.25674722662639776,0.4370999214932182
Sirt2,-0.01992255214470713,0.3211887446220992,0.5044949899346594
Bak1,-0.019948620492808267,0.2537360413988837,0.43418569177313177
Col26a1,-0.019962914565750334,0.0015739590777131566,0.018802728935397688
Ddx41,-0.019974035401049885,0.0013982446412553937,0.017831114787609407
P2rx3,-0.019983842750949166,0.20203980210665048,0.3775110002000089
Sesn1,-0.019987748846539415,0.1480529902910723,0.3127667541871987
Ajuba,-0.020005609748317627,7.618934134999218e-05,0.0023990236433722844
Pygb,-0.020008673147307914,0.1517834513585043,0.31705462136762097
Tyk2,-0.020020145313232984,0.027038454643679814,0.1107816523192054
Il1r1,-0.020104941256575914,0.2112182202323386,0.3870057979185198
Vps25,-0.020105984771788172,0.0049607430635037215,0.03953867244833201
C1qtnf12,-0.020124637590561715,0.00114760536492766,0.015652232530737952
Marcksl1,-0.020130680570092842,0.147427116599381,0.3121617838320773
Cd200,-0.020151305563420752,0.07875663629687482,0.2141458431505109
Traf2,-0.020184100593622228,0.10512484632809753,0.25370757397146976
Cd3d,-0.020205225738579455,0.40349247990892334,0.5799422767020056
Cpsf6,-0.02025242739147418,0.013366380280215773,0.07184605459365717
Rgmb,-0.02025612978991732,0.07414698257569219,0.2065667712280753
Vps54,-0.020263503999110203,0.00236575892938315,0.024135472597566897
Parp1,-0.02027986634336153,0.03442893746537202,0.12939282993107049
Card9,-0.02027995327198789,0.2765844007574098,0.4575941201245247
Icam1,-0.020335900480787053,0.5969326708900239,0.7358717949837553
Fzd7,-0.020376300135016158,0.0007758039190972907,0.011992047852470544
Tmem43,-0.020376692310292877,0.0005245262472830605,0.0094211562936299
Runx3,-0.020428522947122003,0.16815708347995054,0.3374387422624814
Relb,-0.020472522255348742,0.3892682685097887,0.566198299876941
Fgfr1,-0.020475586461307795,0.144180080495897,0.3073444004633617
Mrgprf,-0.020495716518140892,0.03957410995110102,0.14093057639824658
Gas6,-0.02049981288183517,0.19228319915425848,0.36598380555443005
Rpa1,-0.020507639395901903,0.004094751376616956,0.03497684842734633
Tnfsf12,-0.02051081670461794,0.13550385349686409,0.29641669318896036
Rapgef1,-0.020511244624061432,0.0004883697517858988,0.00886538826996395
Dlgap4,-0.02051309906472553,0.005716427060029536,0.042905675023620825
Dtnbp1,-0.020534554411906953,0.11838758283421114,0.2731320940919543
Il18r1,-0.020536539840011362,0.133687709139034,0.2949571817985348
Piezo2,-0.020537602238781764,0.007302830761093606,0.048984140437486966
Pld2,-0.020543248106521198,0.004073510286737908,0.03497684842734633
Lmnb1,-0.020547157760206228,0.44974380853667906,0.6200386938771891
Cd4,-0.020601842633444927,0.45553243935086385,0.6249787447898754
Panx1,-0.020614158668973086,0.013887753548441425,0.07356327191131849
Phb2,-0.020631405723106382,0.21864517984171578,0.39578036280077794
Tbk1,-0.020643842826291878,0.002293331216300395,0.023646270430669913
Clcn7,-0.020691800920454147,0.37024437338937766,0.5499756985029748
Saa2,-0.020696981287829267,0.3479584348802779,0.5281929028093155
Pak2,-0.02070630211842015,0.10123657699513984,0.24838794814873502
Map2k2,-0.020711620411326938,0.09388526808180175,0.2368490368374237
Cr2,-0.020724955864061364,0.1713762202435278,0.341347168864598
Csnk1d,-0.020741325029317602,0.0077222933174426545,0.050546343237555455
Bhlhe40,-0.02083010558752218,0.3220503203433114,0.5053148828272013
Mybbp1a,-0.02086436874239906,0.0006179147773028797,0.010402585079280493
Chd1,-0.020867017194520363,0.005738516970368367,0.04297287075748513
Rxrg,-0.020877821361577086,0.00021728383868792943,0.004992634509671748
Rela,-0.0209730941042305,0.06728417135932072,0.19322016653757837
Socs3,-0.020993117627193258,0.6981444911439088,0.8090038730861151
Bcl7c,-0.021006080627762398,0.0005834233635289257,0.010054197896490034
Gna14,-0.02101739722033908,0.11560583335580696,0.2690948429583485
Cenpa,-0.021075821390462327,0.14928075487295178,0.31427203079113786
Prpf31,-0.021087475480423397,0.10776839688305312,0.25796649108421116
Bbox1,-0.021150142561896405,0.173042171516517,0.34319133627750903
Scarb1,-0.021178739129653866,0.0007181427774565725,0.011469724619549154
Map3k8,-0.021251205805307035,0.22201865220860445,0.39961790575726586
Mitf,-0.021261209880691568,0.00022866900950467664,0.005230675414723567
Ackr4,-0.021308432162687175,6.234099526174815e-05,0.0021257669948958704
Ephb4,-0.021312998909966033,0.04068327848582326,0.14339677353803965
Itgb8,-0.02138167275654621,0.3777369411364656,0.5573775849096766
Sdk1,-0.02140409959841751,0.0025501543062664634,0.025708176119101245
Zbp1,-0.021429233062843805,0.4501714368615931,0.6202524099645467
Plgrkt,-0.021469885456791328,0.07578965795390365,0.20954584530741743
C5ar1,-0.021509285949969804,0.4063077803420936,0.5831671321117106
Rapsn,-0.021557878663038654,6.182669826384754e-05,0.0021257669948958704
Slamf6,-0.02156855338525448,0.06479721710775257,0.18941581917859365
Fat1,-0.02157544565452692,0.16523860888518302,0.3346135077553391
Bid,-0.0216064904863284,0.039166176332772376,0.14000467096949676
Vasp,-0.02166371178173627,0.051757219619271926,0.16550157661293538
Inpp4b,-0.021689086527290572,0.07842763171829086,0.21375289520356977
Gal,-0.021693690083692433,0.11017827027561536,0.2618915921136598
Supt20,-0.02170361238875409,0.002856189933601643,0.02760532650978946
Rp2,-0.02173868964770669,0.02378358503425484,0.10203538036983512
Sema3a,-0.021740819125654603,0.009468284196847128,0.05736070984336959
Itga2,-0.021822585655658148,1.2823063026355584e-05,0.0007880776445474679
Tnfsf13,-0.02182854592919979,0.3875190588088766,0.5649427604984508
Hspa5,-0.021846071597317156,0.33404535631711507,0.5167995385407959
Mertk,-0.021873368445944272,0.3274785409860559,0.5103782577359826
Nfkbib,-0.021873911288930126,0.085053554084527,0.22310622377481967
Ndst2,-0.021875376640516114,0.03596352439885676,0.1327957399664493
Prdm1,-0.021899074482111234,0.0002031996722542131,0.004711461491676096
Kdm6b,-0.021900208296764593,0.13349609088492395,0.2947894197419901
Acvrl1,-0.021926084350191687,0.0643625056752733,0.18890284318157022
C1qtnf5,-0.021951535987678128,0.1444199376382794,0.30759336195944187
Top2a,-0.02200860808768899,0.4770158571851715,0.6430385537794819
Zdhhc18,-0.022011462439277683,0.035039328337802565,0.13066703263479307
Borcs8,-0.02202041902019568,0.059607003768054674,0.18066270126015857
Mrc1,-0.022031536402860624,0.20141169164335973,0.3767568137542517
Adamts1,-0.022038819373336967,0.42573064634360025,0.5992417293042784
Med15,-0.02206128650025282,0.0007802122279168736,0.012023754001824689
Fos,-0.02208702812828839,0.25731424471415415,0.43737419603029004
Stat2,-0.022104844449084116,0.481529723580843,0.6472419288500343
Ilk,-0.022152446037467972,0.0015146777394253236,0.018308936371584303
P3h3,-0.022153912344579012,0.05356528667986808,0.16876870126868876
Tpcn1,-0.02215768728965971,0.10197235551964455,0.2495974018741396
Notch1,-0.02217444356772987,0.006786672016156848,0.0473777996620644
Pbrm1,-0.022183318449310912,0.0013390748731621272,0.017379657463099222
Rab7,-0.022193552153991266,0.3593472937569494,0.5394207345978171
Selenon,-0.02219506947091043,0.0049948199680685855,0.0395947692135838
Mlec,-0.02220060432487661,0.00903502679010937,0.055661439198487796
Csnk1a1,-0.022226678740483036,0.09436903730064093,0.23748221966974317
Parp2,-0.02228359726223178,1.5757051627507023e-05,0.0009046384106091747
Irak2,-0.022296681044458897,0.10763165983712358,0.2577679111647705
Plk3,-0.022302251051609465,0.08307256598058416,0.2203604571331044
Arg1,-0.022313675638461723,0.852773762734246,0.9106183299407667
C2,-0.02232637592743798,0.16861441142469524,0.3382234025471374
Twf2,-0.022338058570567518,0.10097841650106962,0.24787820143020026
Tlr8,-0.022389028991083634,0.04608484690651258,0.1544538791525103
Lrrk1,-0.022417924533449138,0.2515730222371014,0.4321874416436093
Nod1,-0.022427245266251027,0.020916520681589227,0.09509373618251929
Tcf7l1,-0.02245960962654648,0.002053925235530211,0.02213210358945526
Itgb3,-0.02246310046078297,0.008293739180978057,0.052489284816586934
Med12,-0.02247613521058308,0.011026853085174912,0.06312904330805524
Frrs1,-0.022489366067967066,0.05320254332988795,0.16822440874638103
Ly96,-0.02253249203823155,0.002020745817863919,0.02198885833395553
Tlr6,-0.022543333950940134,0.004778134918952636,0.038620850839404225
Rab5c,-0.022597236061188807,0.32149934085549936,0.5047608918756239
Fcmr,-0.02259806967726513,0.3572388718715417,0.5379248604285818
Ccr5,-0.022602608237174134,0.18144088429221197,0.3537255140416072
Tsc22d4,-0.022614845518661563,0.008905273689042158,0.0550851490238573
Prkab1,-0.02263311279576049,0.002624627991895603,0.026097909135788442
Trex1,-0.02266650579805467,0.20651223072762487,0.38236620288261863
Mthfr,-0.02266832607331031,0.0006868175909617651,0.011209240369554096
Pkib,-0.022695244838812918,0.06387734931877738,0.18801982624067134
Piezo1,-0.022706830550777293,0.0650492636477843,0.18960931078134152
Fryl,-0.02271429197808692,0.039519051827772454,0.14093057639824658
Nr1h2,-0.022718595256077577,0.06427912714095323,0.18880279606653227
Sox4,-0.022793921746857793,0.038428515188431815,0.13877270540699524
Baiap2,-0.022884812281909868,0.02189442825704407,0.09788210213775794
Casp3,-0.02290336666599203,0.0801147092498604,0.21601429753427578
Mlkl,-0.02290925380668231,0.09585412914341722,0.24019598832047306
Xpo1,-0.02294358007649966,0.022327996717363744,0.09894935884611585
Cnppd1,-0.022959462481667525,0.00910978630054046,0.055856156161944406
Pisd,-0.023048250397315527,0.00405252254374264,0.03487066271810992
Chd4,-0.023093930600865252,0.06669544898048034,0.1922110086154973
Ifi204,-0.023101520165527335,0.22790088673268902,0.40619232118219656
Smurf1,-0.02315732842025765,5.109738157132858e-05,0.001959757469137948
Atf4,-0.02316201309597578,0.06245759851713819,0.1858787689824515
Rhoa,-0.023177456536752586,0.2975837721302967,0.48113306549497414
Wipf1,-0.023213930045212165,0.008878634842585085,0.0550851490238573
Ano1,-0.02324974983481046,0.0192258225129031,0.08980853538307575
Mmp15,-0.02330287392689349,0.34370699279258565,0.5242970604769674
Fgf7,-0.02331741941025466,0.0001266712129170265,0.0034688366552638075
Kit,-0.0233358850002344,0.03394002017987326,0.1282595413539622
E2f4,-0.02334809790815499,0.0323083675406763,0.12475774627175609
Irf3,-0.023352275110794882,0.010920402541555988,0.06280154832522784
Sema4a,-0.023362597208110115,0.2861165805388467,0.468082321144534
Hoxd4,-0.023388392560695553,0.00790401472060876,0.05103592289851301
Il21r,-0.023426667562564802,0.24869331106908518,0.4288656456265732
Mt1,-0.02342767884350869,0.09053605557731992,0.23056636020964
Plekha2,-0.023438307995505097,0.08380572389371525,0.2213762761379632
Snai2,-0.02346510186085075,3.402777056428916e-05,0.0014963418762796465
Plekha1,-0.023484892900071785,0.060627519053479094,0.18233660822200196
Wtip,-0.023506518265197604,0.0037808123066613935,0.033424477601871345
Gart,-0.02357010029451523,0.0037114756971485846,0.033098317362158965
Ikbkb,-0.023576085216494503,0.08172812640666899,0.21860567704997075
Brd2,-0.02365748700115615,0.07867582585038252,0.214040206753494
Foxd2,-0.023665835444651367,0.00017237847337996126,0.0041871552033865824
Abca8b,-0.02368652781074776,0.12403172725609689,0.2808192812842211
Ece1,-0.023693485958750215,0.0023132514853861415,0.023742245124657363
Cd82,-0.023730105147945327,0.0389905796610995,0.13967060874386836
Fus,-0.023730946961560313,0.053372403170387946,0.16826491259094495
Pdgfb,-0.023736724819089543,0.008106925151946593,0.05166870106195428
Caprin1,-0.02379143143569864,0.015424478920516151,0.07939482035676376
Ptpn2,-0.0238143372798047,0.14427332582241742,0.3074094548956355
Pias3,-0.02382798415952827,7.640418464583512e-06,0.000512812823524217
Ppp1r1c,-0.02382973486557501,0.19257332222094653,0.36620563351285534
Csk,-0.023855831902128335,0.029518772862821837,0.11680524750945494
Gem,-0.023867687850925145,4.0346931982084276e-05,0.001686964754431245
Nup98,-0.02387334901874737,0.0017002987155543376,0.019667174031842805
Elovl1,-0.023889014068960497,0.018958376923747855,0.08909026001134925
Stra6l,-0.023917146736424946,0.18297907026316604,0.35530119429478874
Akt1,-0.02392925976939993,0.14412388439859314,0.3073444004633617
Cdkn1b,-0.023971306698496175,0.20247906304482668,0.3780547952385289
Zic4,-0.023979344643715882,0.005841399196739539,0.04330956003280289
Cr1l,-0.02406714915722575,0.006996645982206185,0.04809958376716139
Birc3,-0.024077433387858466,0.3474325932718477,0.527875988205819
Cxxc1,-0.02408306584206476,0.0344472579977247,0.12939282993107049
Tiparp,-0.024107767883459794,0.0022575284369549887,0.023501331748790606
Gabra2,-0.024116466613675787,0.08268284969062531,0.21978385423235003
Nfya,-0.024129047565671562,0.009782538905950752,0.05843176927313207
Tnf,-0.02420601807040103,0.37383253970518016,0.5528906306280441
Ppfibp1,-0.02422778336404346,0.02742627715632093,0.11183168647033817
Tcof1,-0.0242323905065454,0.03137328233670873,0.12204879782711495
Cd38,-0.024235770181175446,0.38196301674775923,0.5607870146786326
Lasp1,-0.02429434331982513,0.1273754209132972,0.28610392870045315
Cdh5,-0.024308359448497747,0.08657773832015066,0.22592508369216316
Lrp1,-0.024343309700194982,0.2027809478995218,0.37809072167250696
Gusb,-0.024403943048768414,0.21451475604722264,0.3906603965001366
Parva,-0.024404904080320006,0.009556315266743474,0.05768847831438871
Lsm14a,-0.024473407983731644,3.135590878544871e-05,0.0014399900627779425
Arf6,-0.024480252904136114,0.00010662228428994896,0.0030384372746537973
Pax5,-0.024488175486201823,0.27039097492283043,0.45147769658964254
Fosl2,-0.02451436160820219,0.2908382311302837,0.4735288276398267
Irak1,-0.024547407894347936,0.021030642268193664,0.09527291848139954
Trp53,-0.024584849779031998,0.022337561403203872,0.09894935884611585
Arhgef1,-0.02464075072624188,0.13562242882467782,0.29641669318896036
Clec14a,-0.02466492425230637,0.2203587922373015,0.39775307827405343
Lamb2,-0.024685048788549675,0.21665417489190406,0.3931529513068668
Erap1,-0.02470729644595226,0.01728946625217973,0.08455759094186845
Fubp1,-0.02470753363093363,0.0021020690636755317,0.022385499569538385
Bmf,-0.024713837779333617,0.0004805602839408189,0.008817762620079557
Fadd,-0.02473134386769341,0.08843532855175876,0.22780277942196858
Nedd4,-0.024734795458757133,0.07063348963143974,0.20027872740965766
Atxn1,-0.024750285015607713,0.000911768674624674,0.013403262274525827
Cadm3,-0.024823651887889778,0.08323501124821896,0.22056197006605968
Fhl2,-0.02485208494081069,0.007189128570014587,0.04872207814215245
Cd3g,-0.024949453312096016,0.14415362764530112,0.3073444004633617
Actr2,-0.02503452060349585,0.07122322940179904,0.20139118247149496
Ackr3,-0.02504033085815796,0.018625672670564274,0.0882168582103513
Thbs3,-0.0250764965248919,0.09703541585226308,0.24180637824249826
Atg7,-0.025090330393649527,0.005103120397114503,0.03998620145265911
Gpr65,-0.025161802265854252,0.10192566173677181,0.2495974018741396
Ecscr,-0.025175517995126923,4.627094046696695e-06,0.00034587370324727656
Isg20,-0.025196649114987316,0.12257788672913071,0.2788829351250675
Nr4a1,-0.025209092384638716,0.06106487992591166,0.18312284097711662
Trim27,-0.025218281744237753,0.05434674836280528,0.17017971970452409
Nagk,-0.025222789166832325,0.046944856018779554,0.1563092105429468
Cic,-0.025366806241671473,0.006394302625975839,0.04575664490857899
Sp1,-0.02536998124675507,5.840450645491512e-06,0.0004256019820378886
Slc18a3,-0.025405219771901036,0.08471586228587176,0.22263555565184537
Eepd1,-0.025415570839256964,0.11901480115831507,0.27371257921937114
Dpysl3,-0.025423923401679562,0.028530713083555065,0.11477536864291354
H2-T23,-0.025455030400450718,0.571801884978074,0.7180604173493736
Lck,-0.02551380448804401,0.23772531789748488,0.41657054159913104
Flot1,-0.02551603288672774,0.059978801948251975,0.18125110707229464
Zc3h12a,-0.025518296136273832,0.08740907942251416,0.22702327603576616
Daglb,-0.025547295632289052,0.015300012063861907,0.07891340903716844
Tlr4,-0.025550394852528784,0.022021837233372397,0.09836549188041384
Sox10,-0.025601302140646633,0.12460474488011339,0.28161666089209497
Isg15,-0.0256056798234012,0.6506629814110034,0.7770896689094745
Ap3b1,-0.025641264271958487,0.04222331649725109,0.14617392040640162
Cxcr6,-0.025650329021349904,0.21071794552443116,0.3865056598777861
F11r,-0.02568682853364246,0.0041098420634789355,0.03499883867413364
Ace,-0.025702782059709474,0.028660017042965603,0.11502340435575731
Epb41l2,-0.025743761122599986,0.14037956070484264,0.3021418308672584
Glis3,-0.025756653937886054,0.010151428361137017,0.05993337508120362
Rbpj,-0.02578692474086769,0.13568435250254174,0.29641669318896036
Il6st,-0.025856267388854298,0.19543316492830273,0.36970859880241563
Cnr2,-0.025857326441086757,0.11087175835997146,0.2626831581022826
Stab1,-0.0259007612240987,0.43717574442329554,0.609965391767842
Myo10,-0.02590105633985659,0.0005620690062527943,0.009920809691679943
Mef2a,-0.025954334519940683,0.007463705108885859,0.049573385104722346
Met,-0.025986284264294335,7.877375616594078e-05,0.00240613730660158
Smo,-0.026000956256921427,0.006800453653452742,0.0473777996620644
Rel,-0.026082638822570607,0.022927097059536918,0.10048511251217972
Igtp,-0.026108654177989667,0.6621669033830508,0.7830678113332912
Adgra2,-0.026137305110275726,0.014039299287706352,0.07421188151978249
Nfkbie,-0.026195545025612024,0.18277950716789382,0.35523040854658944
Fap,-0.02620171756983995,2.4902058274634486e-09,9.771184558377732e-07
Dnmt1,-0.026373304393251213,0.22999637481268936,0.40886053244489695
Tpr,-0.026416456537332683,0.018580087412139738,0.08811020644864329
Cdk2,-0.026462358785430587,0.005054074598363808,0.03984673033424078
Riok3,-0.02649104339347033,0.007833978391670554,0.05078800373226075
Cux1,-0.02650239791044569,0.004844062074943384,0.03881222728522287
Slk,-0.02652520343153487,1.0010198028289773e-05,0.0006463546853456472
Lat,-0.026527790431836906,0.5361931133186706,0.6889473730575664
Cxcl16,-0.02657367869723593,0.553432450223796,0.7017017796937493
Clmp,-0.0266005341157161,1.2693867009149268e-06,0.0001471623082128873
Fhod1,-0.02661536488282566,0.18395662229398038,0.35611488816758785
Bcl2,-0.026680928094240643,3.806164471803396e-05,0.0016179370808890934
Foxo1,-0.026688769239808813,0.006817350510087291,0.0473777996620644
Stk4,-0.026693550396727595,0.02350883161572387,0.1015398391801926
Cdk6,-0.02677668983767319,0.002222694008745107,0.023226491750816248
Fgf2,-0.026809908311759705,0.0042213916139846675,0.035474989494128153
Grb2,-0.02683911006028516,0.009856813752814999,0.0586693196652384
Lrp6,-0.026840429815148798,0.0034051879682824872,0.030962324110889422
Pik3r1,-0.026929242933470335,0.17359244776730948,0.3440151810648973
Wif1,-0.026937592706782927,8.757361678843257e-07,0.00011213130974263696
Atf1,-0.02703661939384977,0.0010015049581294695,0.014151459256006716
Map4k4,-0.027046209141641492,0.003335106748101606,0.03043359485163916
Ifnar2,-0.02711405588677948,0.08354983555525329,0.22111789280590896
Ncstn,-0.027143848866203916,0.016829828792097906,0.08340517199347003
Cbfb,-0.027224753585524775,0.00042083485471262476,0.008012055043586956
Trim21,-0.02723705692297708,0.08189265924591492,0.21860567704997075
Ric8a,-0.02725777238713863,0.00015180243281576853,0.0039001931608829607
Rest,-0.027259663416418944,0.0025358242185180412,0.025614335324080254
Boc,-0.02733781990712268,0.0011827261955325613,0.016002881494460466
Shh,-0.02736349256743858,0.011111827156959094,0.06333120706999815
Pla2r1,-0.027366217876820885,1.2682194320005363e-06,0.0001471623082128873
Cpt1a,-0.027369340224337093,0.033881204117006715,0.12824153029587904
Nfkb2,-0.02741490969233763,0.20943275789049112,0.38525658059841156
Pa2g4,-0.027418974912461733,0.0023598466084401777,0.024123401903112917
Coro1c,-0.027443356492442166,0.08070133520011111,0.21689015324329122
Apaf1,-0.027485594919441827,0.10599582318167894,0.25497988790985265
Tlr1,-0.027518207878780915,0.002217110428692661,0.02322275214940711
Def6,-0.02755932503907304,0.14307955417256787,0.3061446333197436
Nfkb1,-0.027602179406289076,0.08777040465393714,0.2270865910012481
Homer3,-0.027644428525223193,0.00010989218939124749,0.003090776605566682
Cd33,-0.02770979046795164,0.08448442461086253,0.22237102680083062
Msr1,-0.027745007000117106,0.5094142208595455,0.6690754860239008
Lamtor3,-0.027837944579634514,0.15177639978951918,0.31705462136762097
Eif2ak2,-0.027937032075015758,0.07891231784310329,0.21431509625887238
Gla,-0.027940835991622736,0.27470956277940695,0.456298756020109
Ets1,-0.02797789766256816,0.22859500208829983,0.4072871483242813
Aatf,-0.028011219573061838,0.0016920761381232963,0.019616546319470306
Mmp13,-0.02807616828992368,0.08965805129142075,0.22937694652109203
Tnfaip3,-0.02808781818030348,0.4162895016663597,0.5901869783213176
Zic1,-0.028177162538989314,0.17049119986924366,0.34055318676367136
Ddx58,-0.028193374473490223,0.08228314226429426,0.21906383543328029
Egr1,-0.02822987287540761,0.020041828777837584,0.09293942599613592
Meox2,-0.028303503707733452,1.794169758050765e-05,0.000963374730085995
Jak1,-0.028319323726666915,0.010097255652753663,0.05975185740684041
Lmo2,-0.028350243536111087,0.04235962767552976,0.14620430299482037
Spn,-0.028391681421204434,0.1388595554866782,0.30077392464439295
Isl2,-0.02852507703909528,0.13215581501556603,0.2929297638789166
Hspb2,-0.028525088631483942,0.0014536755159224781,0.01813007043207961
P3h1,-0.028531400753279777,0.0002930858496774113,0.006334876776290147
Diaph1,-0.02857120417047157,0.09194328365288626,0.23277569735116693
Tnfrsf13b,-0.0285737585928763,0.017626647235006426,0.0850648321152013
Ly86,-0.02859948731118591,0.1416665501225322,0.304141865393534
Abi3bp,-0.028631770600750783,0.0006811472284061482,0.011208167780966973
Adgrg6,-0.028644620948073296,0.0036092580246863313,0.03235645902271525
Cxcr2,-0.028705618802264986,0.4442292796697008,0.6152157144202693
Csf2rb2,-0.028831511065839685,0.4328206961482376,0.6062104258792311
Ghr,-0.028832860186025273,0.006759210553946169,0.047295930090095216
Cntf,-0.028850876324872595,0.0004427920653947389,0.008303979138156482
Hgf,-0.02889181834106078,0.0054145018794558965,0.041721108892907144
Uts2,-0.028910939704729022,0.004986230192165641,0.0395947692135838
Csf2rb,-0.028929846377112385,0.44401359358698933,0.6151312712893081
Cst7,-0.02894981462531865,0.477295533750442,0.6430756781988919
Cd59a,-0.028957941714828878,0.01107818806048808,0.06333120706999815
Gak,-0.0290208730165471,0.007153474655703816,0.048653165624993555
Snx4,-0.029031915240127902,3.506566587077459e-06,0.00028849993807551804
Tnfsf10,-0.029050864869454778,6.530815012449857e-05,0.002163226453149787
Trim34a,-0.029080678431740472,0.05428273372060704,0.17008367611106667
Slc16a3,-0.029155915770650572,0.5847525028933132,0.7285839074887128
Tlr7,-0.029184581129908006,0.05105102782366129,0.1641937534227593
Cln6,-0.02944114041813745,0.04581492435481855,0.15385248790910427
Plcb2,-0.029481556471517078,0.0745379907490791,0.20731640720340921
Ppp4r3a,-0.029499240319135752,0.0007227806952513667,0.011469724619549154
P2rx4,-0.02950811510131208,0.1223655959226304,0.27877932326991406
Grik1,-0.029509181146406334,0.09592942826633213,0.24022386528549838
Serping1,-0.029587777964591073,0.43647855526088275,0.6093259743803402
Rhoj,-0.02964578655055673,0.05376821037235556,0.16909472324869648
Mapre1,-0.02965137215355836,0.002701268205279229,0.02665216463274535
Ctnnd1,-0.029690453790169408,1.9816791847554267e-06,0.00019585634793473046
Hbegf,-0.0297237051252778,0.013473640869380667,0.07207970962600403
Thbs4,-0.029730372013567548,0.0017731104058681835,0.020279453319133642
Man2b2,-0.029804266999853606,0.22510915276798565,0.40333044898823145
Itgb4,-0.02982899217042475,0.3240880377801665,0.5072639093944858
Rcor1,-0.029982248040442024,0.012652152206381566,0.06905626281717979
Itgam,-0.029988481415816816,0.5785137515280795,0.7236387068525585
Arhgap31,-0.030028495747615642,0.00024484186290754645,0.005477799748646467
Syncrip,-0.03026392066552635,0.02349500348599314,0.1015398391801926
Ccnd2,-0.030307414225733624,0.026943442315490417,0.11049611659795433
Gnai3,-0.03033257771925068,0.001112961462018647,0.015511520267095952
Rxra,-0.030394289873524147,0.013351509380906502,0.07184182421097475
Sept2,-0.03043146093835048,0.001973483137644623,0.021556183051660002
Arrb2,-0.030579743331619225,0.10402382150808466,0.2526755882340484
Nefm,-0.0306155231219016,0.28215507987665456,0.4627887660613553
Icosl,-0.030635388747033743,0.06112472089455473,0.1831945953484863
Serpine1,-0.030692308426450658,0.4212931981517044,0.5945846548019377
Sh3gl1,-0.030703393624015772,8.756686713892213e-06,0.0005733294769847689
Chil3,-0.030757641100809745,0.7407638761862427,0.835707023258533
Sell,-0.03077935055017253,0.30863201292118525,0.4922863970953615
Cd93,-0.030781287335646057,0.24790522262202258,0.42823045736367665
Pml,-0.030869820120373606,0.14717525155055255,0.3118990270707805
Scn9a,-0.03087448219452533,0.020795316991291505,0.0947115285469446
Tcf7l2,-0.030902918461216015,0.00019336198375647168,0.004587625484380288
Irgm2,-0.03109580027807407,0.5934508959418713,0.734533943461836
Map3k11,-0.031166133520771806,0.00010311881830737825,0.002981811278708495
Mknk1,-0.031217115880295826,0.0003405532192959496,0.00709045702705567
Msln,-0.03127972112244138,0.05930852870742725,0.1803873315695907
Hfe,-0.031389559284305424,0.0003711616720897645,0.007338355384999568
Csf1r,-0.031439936510781134,0.13422388258761636,0.2956181004564408
Tbc1d22a,-0.03147133754423253,0.012672914185748521,0.06906079446463811
Traf3ip3,-0.03176885983511148,0.14591007026156505,0.3102082114785359
Lyst,-0.03177007647156901,0.08180771819040732,0.21860567704997075
Cygb,-0.03186419822619002,0.0030982641504098962,0.029065975616809635
Tcf3,-0.03192292311240024,0.0037582201391332696,0.03334031466038054
Casp12,-0.03196414993543324,0.001475027103741495,0.018174186609143397
Fcrls,-0.03203507769530188,0.1146866478575629,0.26801418308495534
Tmem173,-0.03204441059692142,0.18105300066153934,0.3531745148659703
Gpr34,-0.03208456514905002,0.007143722982227379,0.04865171019004254
Pycard,-0.032101082359185594,0.09038353626367769,0.23040800523789098
Acp5,-0.032122206687584,0.5228376193738593,0.6784426659765549
Ccl8,-0.032160610413560824,0.46465974457444315,0.6329050352668183
Cd300lb,-0.03216869812013881,0.001664606976945833,0.01947513804908416
Ms4a7,-0.03222965455251192,0.014967681639419373,0.07759160979946975
Sdcbp,-0.03223249950210284,0.2330427923977424,0.41218837864801805
Sult1a1,-0.03234464397924794,0.2207501134719369,0.3980368783387594
Il7r,-0.0323515079209502,0.43955196575956823,0.6116079043479425
Cebpa,-0.03238158178306552,0.11343793073180315,0.26690354458622134
Gbp3,-0.032396784867103526,0.5495475927543035,0.6983264617770737
Vwf,-0.03250351499766781,0.1329226831076201,0.2941599160659306
Plaur,-0.032569745276241485,0.42381104444489204,0.5971581070723813
Foxp4,-0.032618072111140525,0.11563534518029797,0.2690948429583485
Mxd1,-0.03262735946126392,0.2712838441416445,0.45267219135313336
Batf3,-0.032640383505126505,0.008794405447378893,0.05470763681351187
Cbl,-0.03273910376962298,0.015624735207299711,0.07954052672286487
Slc9a3r1,-0.03275742439043526,0.015848984430411377,0.07996604310536937
Etv6,-0.03280349351850256,0.06387568361544471,0.18801982624067134
Reln,-0.03280947269054849,0.18274794361791122,0.35523040854658944
Ptx3,-0.03292531069595876,0.12081733101568219,0.27619951873412674
Ltbr,-0.03298595584323492,0.03839158532996368,0.13877270540699524
Mapk3,-0.033012437110960906,0.048636015190884285,0.15885307782117825
Cd2,-0.033037842113348724,0.14665796289781757,0.31132012848180085
Cyfip1,-0.03322715127656501,0.008907763528721989,0.0550851490238573
Lamp2,-0.033389135895000276,0.031895126297028946,0.1232876833115495
Il6ra,-0.033399802582485504,0.0249519982544433,0.10527720686179923
Ighd,-0.03340117186364761,0.3254153518996885,0.5080941873401625
Mlc1,-0.03345613193769922,0.08167175124443707,0.21857691663057371
Chil1,-0.03349608683740381,0.672266559399509,0.7895997512081269
Ccn1,-0.03352853857563443,0.2780821851719289,0.4592408514670914
Avil,-0.033532674358307785,0.16509452876041159,0.3346135077553391
Ctdsp1,-0.03356474285499042,0.004093316120432822,0.03497684842734633
Cldn19,-0.03360250891278381,0.00010578453862228606,0.003031499615237535
Mapkapk2,-0.03362988604688916,0.1510986603759407,0.316423966592153
Pon3,-0.0336601550860896,0.028345367233881164,0.1143001725375714
Twist1,-0.03368256339781975,0.00012902187591352728,0.003482225338809009
Gbp2,-0.03370205651363381,0.6776009979765998,0.7934900575478961
Kcnj2,-0.03386326859161125,0.016687339455528565,0.08296502783884134
Srsf2,-0.03389247606286483,0.005806998473546238,0.043225447663193896
Bax,-0.033944871156455066,0.18390941162448052,0.35611488816758785
Flnb,-0.03396383196348203,0.01802447875984695,0.08649375931700778
Dusp6,-0.03410414033678456,0.010688196020861889,0.06174827926009221
Atp2a3,-0.03410800695903026,0.09405201964462963,0.23700537947731967
Nampt,-0.0342214718913015,0.23925510737565453,0.4179590077819225
Ifit3,-0.03432121117555298,0.2070296661680726,0.3827685129116848
P2ry2,-0.034528552324619745,2.0516988084173534e-05,0.001078939754818239
Gpr183,-0.03455992380286307,0.007266584748619692,0.04897597321094813
Kcnk5,-0.03458008284906341,0.0003657486663405516,0.0072594706109072125
Casp4,-0.03459166016207958,0.04762011408273315,0.15698693780358727
Notch2,-0.034599995336992935,0.08915236310814405,0.22861698356318622
Nek7,-0.034659257878838105,0.0016806516470784915,0.019528483033593134
Plxnc1,-0.034690427386867825,0.01659174800694647,0.08281262875091384
Tlr2,-0.03472890987712895,0.41758922485023164,0.5911731896326234
Appl2,-0.03497689693763248,0.19089721803289392,0.36446534601856584
Mylk,-0.0349770277559155,0.1916808124063921,0.36538259494955383
Sh3bp5,-0.0350482133357169,0.005228180898060186,0.04074073240531048
Ddx21,-0.0350519178050939,0.00571963517272342,0.042905675023620825
Calcrl,-0.035247728140690215,3.628904370658191e-05,0.001568732304637918
Pygl,-0.035342988920146416,0.29573759624956797,0.47909749405467106
Ctnna1,-0.03535249444972571,0.001421188924456801,0.01796198422734371
Cmklr1,-0.03541027029700727,0.18728254785704382,0.3602974741414788
Ctnna3,-0.03541167701094145,0.02327408081423515,0.10103922232630937
Tdgf1,-0.03549040953786231,0.0038153171183828026,0.0336206308406617
Slamf9,-0.03549978221437304,0.007265782272239701,0.04897597321094813
Ccl2,-0.03551039844158882,0.597076492702556,0.7358717949837553
Irf4,-0.035536249767477664,0.027750093654506394,0.11288136182746182
Map3k1,-0.03554234675072816,0.007116332353396565,0.04865171019004254
Ctnnal1,-0.03555471382751319,0.07552241271579095,0.20914214292250252
Stat1,-0.035562412395708044,0.5665556099146185,0.7140396294285808
Sardh,-0.03570593878136154,0.00012776158407219225,0.0034688366552638075
Il18rap,-0.03574010000905158,0.18618011891922442,0.3589209322021783
Aim2,-0.035747940924753155,0.006685962188352661,0.046978316611560884
Vsir,-0.03577478347899547,0.028561760653343808,0.11480972505335442
Akr1b3,-0.035900521717552716,0.0006509120771981117,0.01081531760842856
Scn10a,-0.03593535674060531,0.18382783808251119,0.35611488816758785
Plcg2,-0.03630598412006055,0.08979529148350074,0.22941983988272252
Ccr2,-0.036379032871176595,0.01785391802203312,0.08583679154608008
Cd37,-0.036381638320194566,0.21682126190479742,0.3933162364780838
Wwtr1,-0.036423431812472956,1.748742558599597e-05,0.000959175891550166
Zeb2,-0.03642722423225289,0.032971056320320255,0.12607598072710166
Baz1a,-0.036432396436789284,0.11486396782924274,0.26801418308495534
Tnfrsf11a,-0.03648380197843378,0.00019890860732288445,0.004675727216378035
Casp8,-0.03653828302550843,0.11739473397099888,0.2718250285910419
Naaa,-0.03656986139950591,0.06795233283940738,0.19440541212216322
Rab8b,-0.0366150054200165,0.00035997631291985504,0.0072594706109072125
Rab3d,-0.036619153667099,0.00027980473729869744,0.006099504123763486
Pkn1,-0.036633706028442015,0.026253162436740876,0.10909828628260199
Hhex,-0.03667473920093532,0.0357490923417775,0.13223794056229662
P2ry13,-0.036711423803152184,0.002995720997431045,0.02836390450592807
Ms4a1,-0.036725913564557344,0.17793498036147642,0.34914783719874315
Sec61a1,-0.03676849331958539,0.044900596200297085,0.15168075577332146
Lpp,-0.03676999944539805,0.060343148743853346,0.18182348983345067
Il4ra,-0.03686233547068031,0.2920926929144626,0.47541953623378225
Irgm1,-0.03686989494847228,0.5937038715728582,0.734533943461836
Plp2,-0.036913460983969075,0.01301031721186464,0.07037712417573863
Cflar,-0.036980733575236735,0.00393697808570127,0.03421213835632398
Hexa,-0.0370054321916236,0.2636135674150417,0.44364658772158616
Cat,-0.03708110438200781,0.12668159607832027,0.28504375383276565
Itgb7,-0.03710752499715748,0.4025222889153207,0.5790372802473353
Jag1,-0.03713414420254392,0.00010780268657222455,0.0030550083566939857
Cdh11,-0.03713705398441767,0.0074058239382911945,0.04938121469682355
Rap2a,-0.03730730222107809,0.0029260884935911977,0.028109185321673634
Slit2,-0.03739575691743799,0.0019538650107411536,0.021411453104212788
Btk,-0.037474514068906783,0.016504991368259454,0.08246029477912975
Cd300a,-0.03754371316697951,0.0424042540936206,0.14620430299482037
Runx2,-0.037570773355143826,0.07738136681764173,0.2118745851512563
Ccl7,-0.037587234603862374,0.11034036403702864,0.26215472610753754
Slc8b1,-0.03762969863557788,0.11194550765439856,0.2643676085856884
Pxn,-0.0378273222588568,0.004641988331514478,0.037946766793357935
Ybx3,-0.037950365395233714,0.00504297254008611,0.03984673033424078
Selenof,-0.037978570015339205,0.0008510706575051195,0.012806228389184703
A2m,-0.03802228711890963,0.2663310942411684,0.4471101137591073
Hic1,-0.03807848960848106,0.023250519687371404,0.10103922232630937
Anxa6,-0.03807974587333104,0.004514946263600795,0.03702691461515701
Hey2,-0.038089739653372263,2.929576457990339e-05,0.001383682362241548
Adam10,-0.03812353810185499,1.4011572769391974e-06,0.00015882896154815213
Il17ra,-0.038157389221457824,0.1193080291086502,0.2741397551726237
Gbp7,-0.03818461561681711,0.5434981059540388,0.6948330422234466
9630013A20Rik,-0.03840379876409323,0.020766659046638863,0.09466552975594712
Pik3cd,-0.03846204814697665,0.22695644955019384,0.4052169580523412
Erbb3,-0.038568674610854475,0.03570116318306359,0.13215648287141318
Angpt2,-0.03856982496484098,9.722812651097456e-05,0.0028340609904713215
Slc16a1,-0.038624191918428655,0.009923375144031842,0.05899666271527555
Map3k14,-0.0386868761819535,0.010253759412761148,0.060467545392479324
Pou2af1,-0.038748342962519465,0.053257213683460855,0.16822440874638103
Myc,-0.038840539747684026,0.03401862243026009,0.1283231274543776
Dusp15,-0.03907283737391657,0.06317813514398005,0.18724065763518674
Slc9a9,-0.0392389491724109,0.0003632768191012427,0.0072594706109072125
Actn1,-0.0392481322455219,0.02240606507684481,0.09912691930354327
Itpkb,-0.03934041802128199,0.036864860210548835,0.13504653737957284
Bace2,-0.03938524624618567,0.0012198018979768948,0.01638719800095353
Pik3cg,-0.039489281891634254,0.028595781226234223,0.1148559685315124
Clec4n,-0.03948957958470577,0.08282903461917294,0.2200577633293756
Cav1,-0.03951375515793343,0.007881029087794585,0.050952001745044585
Efnb1,-0.03958501914103447,0.0009380193048165517,0.013632012746066183
Ifngr1,-0.03959445698271004,0.04632054910563228,0.154711167317382
Celsr1,-0.039613824124601967,1.6232688269774887e-06,0.00017250613096692023
Myo7a,-0.03979223379377583,4.696540788126253e-08,1.1408121219158104e-05
Stat3,-0.03983545695551441,0.04936176716434231,0.160276495420312
Snta1,-0.03987584087754153,0.00024055431759156473,0.005429502539975982
P2rx7,-0.039880932517733794,0.00035759103998893055,0.0072594706109072125
Sema3c,-0.03990183287457583,0.009168210059896037,0.05614290458046781
Cxcl10,-0.040036713910542095,0.5862927641036212,0.7303246372875632
Egfr,-0.04009859737032844,9.316747321476139e-05,0.0027313062118879184
Rarg,-0.040101259652550535,3.958405150090834e-08,1.0627276142428075e-05
Plxnb2,-0.04019699190293418,0.040562421380035185,0.14309053351283504
Dock7,-0.04027483924668745,8.792888433063081e-07,0.00011213130974263696
Sntb1,-0.04033639913732745,6.345850952564287e-05,0.0021437209078828097
Pltp,-0.04054939084324668,0.1394216466854747,0.30084171731920745
Sgpl1,-0.04058846888585767,0.05115430848204186,0.16435386389547113
Dmd,-0.040819502559031905,0.051200474245694606,0.1643635110933217
Fam107b,-0.04083391774296716,0.02321650856502252,0.10103922232630937
Adgre5,-0.040995053992924184,0.07844450496394484,0.21375289520356977
Cyp26b1,-0.04111054432345079,0.0011557809606633593,0.015721703147583456
Fcgr3,-0.04131369607259949,0.37308700255011407,0.5522683691259813
Pdgfrb,-0.04135115300461674,0.023508061213389733,0.1015398391801926
Rnaset2a,-0.04135249307319744,0.07508570824760881,0.20838530890699267
Hist2h2bb,-0.0414161258680838,0.23802834847945642,0.41667213644259
Itga4,-0.04142144331707155,0.051782104739118776,0.16550157661293538
Havcr2,-0.04149838852605501,0.033266300714759035,0.1268118647913496
Nes,-0.04150759190545219,0.04537513525795553,0.15277793066061462
Bcl2a1a,-0.04151134026976168,0.41977343014560664,0.5931479964467422
Iqgap2,-0.041705481120511236,3.6980730820056336e-05,0.001585199226160566
Dock8,-0.04175520828777863,0.05907930055540336,0.1800259929110589
Cd86,-0.04182942344536084,0.006953536484553377,0.047993870906177405
Sptlc2,-0.041860168908765226,0.00035754787173784516,0.0072594706109072125
Tead1,-0.04204661572949806,0.002958922392469734,0.02829932153390995
Casp1,-0.04208302061056721,0.008333182027840997,0.052673558270157274
Calu,-0.04209353797872897,0.0040326713692909865,0.03486551975381919
Slit3,-0.042150581304768966,3.714027994642092e-06,0.00029668881299658447
Serpine2,-0.042207212054854275,0.025898123950754044,0.10810665325106088
Tnfrsf1a,-0.04224391019137922,0.04740097753988679,0.15680440105769294
Arhgap17,-0.04227033263035947,0.0005830862433981082,0.010054197896490034
Adamts5,-0.042379385098221325,0.02930246738137816,0.11635717725941784
Erbb2,-0.04240658417276472,4.622632030382519e-06,0.00034587370324727656
Tbx18,-0.04245744061865262,4.90377253496399e-07,8.069078613177842e-05
Lpar6,-0.04249735713187849,0.0008882089400614244,0.013209194761671504
Nptx2,-0.0426234547882294,0.010919412928800085,0.06280154832522784
Tgfb1i1,-0.0426766448562097,1.3975538860150199e-05,0.0008310978873943372
Il2rg,-0.042694450234618216,0.3385231280483564,0.5193703420530349
Rbms1,-0.04271993850066241,0.0030997629358056147,0.029065975616809635
Aldh1a3,-0.042724823669157884,6.468713386471334e-05,0.0021566605872150504
Kirrel,-0.042736384082089796,1.6979960043818926e-05,0.0009414649585165254
Apobec3,-0.042765281788992804,0.15458805015395005,0.32081108374096795
Il2rb,-0.043061057067913584,0.18432650824415428,0.3564251397094128
Tlr13,-0.043075990180656526,0.10811786338296579,0.258439185153003
Itga6,-0.0431293151416706,0.003193598606734571,0.029619175441732815
Limd1,-0.04317621870344065,0.0007240249612810876,0.011469724619549154
Lamc1,-0.04321826566154982,0.009595068332748303,0.057853952204904364
Ptafr,-0.043227002026915144,0.0809479527696627,0.2174383923528433
Trpv2,-0.04368868910296888,0.047181424032599915,0.15648052793339048
Myo1e,-0.0437026641071679,0.024052168941235637,0.10275553917022026
Eln,-0.043738875684882945,0.09739844294173557,0.24223766818419948
Lyn,-0.04399848483411625,0.12307302839836157,0.27951714953697343
Mknk2,-0.04401586653997077,0.08014923177777085,0.21601429753427578
Fli1,-0.04407995359633965,0.00861662789230318,0.05406324585318391
Esr1,-0.044139048200589816,8.3923317748866e-07,0.00011213130974263696
Ext1,-0.04418704767769369,1.578373231605892e-05,0.0009046384106091747
Srebf1,-0.04423566497273021,0.0007440869056954575,0.011642905846480148
Utrn,-0.0443126149768025,0.08945482280465589,0.2290708087984687
Itgb5,-0.04438975482209498,0.04630271430546168,0.154711167317382
Il1rn,-0.04456284282732541,0.27489915011679467,0.45631648706338096
Ncf1,-0.044714903768514794,0.2948090320107515,0.47877136971882944
Lcp2,-0.044827710154032606,0.20284532306092265,0.37809072167250696
Mbd2,-0.044920731282190686,8.388252808183044e-05,0.002546933188960816
Mcam,-0.045050287264905085,0.01281934905071649,0.06956542500819662
Gfra1,-0.04506762488212866,0.00756138398233893,0.049961942608692855
Angptl4,-0.04514090702436382,0.19426484001001465,0.3682441281646543
Bcl2l11,-0.04525946897118597,0.003470163402628876,0.03132974073771663
Cd274,-0.04538379028349463,0.4851350417784641,0.6500172641884764
Hpse,-0.04542924493140049,0.12668516066650995,0.28504375383276565
Svil,-0.045748154763150785,0.0003460907029918639,0.007176458032363812
Sh3bp2,-0.045958862526789025,0.1298870213918531,0.2903390429973018
Dysf,-0.04613513222324014,5.404352232075009e-05,0.002051481826985194
S1pr2,-0.04615458961030086,0.007965800263885535,0.05117575207314876
Pirb,-0.04658777665611354,0.11767067095833672,0.2720934236439146
Snx5,-0.04662879939205407,0.016850300641292476,0.08340517199347003
Snai1,-0.04669188361444799,0.00026070827102474405,0.00570760897209107
Csf3r,-0.046786885209111825,0.059722669274836895,0.18074660034258164
Itgax,-0.04680257291882804,0.001586754738221955,0.018823339348070213
Mzb1,-0.046869009714763814,0.0011222363947646298,0.015562412059112261
Itga7,-0.04687422264277714,0.0003652353095756155,0.0072594706109072125
Spsb2,-0.047066592531522525,0.0002914471507954212,0.006326263473223164
Tent5c,-0.047110620886049386,0.058000715939818634,0.1783373429831313
Ccl3,-0.04712414078579154,0.05635138826311205,0.17527343385983812
Slc12a7,-0.0474745461734821,6.061171556281914e-05,0.0021257669948958704
Eya2,-0.04748310326070684,0.004415283710050938,0.03631799286440116
Nrp1,-0.04748632060277722,0.005832134391194869,0.04330381008658665
Ikzf1,-0.0474974875716733,0.012222058771374219,0.06754574408751884
Osmr,-0.04753652995391989,0.014245834313785908,0.0748383118791163
Axl,-0.047560632008068524,0.13613111210450518,0.2966586663753449
Unc93b1,-0.04778342125121667,0.11475092320085974,0.26801418308495534
Cd151,-0.0478430675249621,1.3842115792990104e-05,0.0008310978873943372
Foxc2,-0.047943591100878626,0.02213082406851843,0.09863908532331389
Mta2,-0.04813246132879146,5.544145173802972e-05,0.002051481826985194
Ahr,-0.048145021302705315,5.0358217201402414e-05,0.001959757469137948
Tnfrsf14,-0.04817234361432608,0.16977570437506218,0.33975122323153867
Arap1,-0.04822537697650693,0.030261995285762948,0.11901807089643546
Vcl,-0.048242754821977,2.253810272770959e-05,0.001173131245041292
Emilin1,-0.04824938692189812,0.03241277036924567,0.12506621910251298
Cd44,-0.04841706791953584,0.04258903765876737,0.14650513239897217
Nfe2l2,-0.04845158664761071,0.0242702720637016,0.1032549272701767
Nrp2,-0.04852293126512204,0.000131172462751665,0.0035207176896420818
Cd22,-0.04852986344527005,0.0984538679244405,0.243911209462152
Ptpn1,-0.04894966128765539,0.1669307110777048,0.3359730269907453
Hif1a,-0.049000344397036974,0.011977790832410858,0.0664839075474731
Postn,-0.04905393669079221,0.014173405717532339,0.07468857703009552
Hck,-0.04917116886025401,0.14854634300677805,0.3132430325248346
Fcgr1,-0.04931157639148135,0.14389409598184427,0.30724310741037575
Foxp1,-0.049394452980953615,0.0004226292288892594,0.008012055043586956
Gnai2,-0.0493978748521186,0.08754468617832913,0.2270865910012481
Entpd1,-0.049568980541953356,0.04588681592523151,0.15399253160171442
Hpgds,-0.049663856291282754,0.0001565099152970229,0.003979386271202317
Shc1,-0.04970220393006354,0.001007373197670562,0.014195057130711427
Hexb,-0.04977158274374274,0.050294500146317124,0.16258063703825326
Ctsl,-0.04986544941908241,0.04105070216478787,0.1442146224122472
Rnh1,-0.049940886870491225,0.19219613942579372,0.36595464994810517
Lima1,-0.050374873794133995,0.0006114027591271134,0.010371965323982168
Cx3cr1,-0.05048253598821596,0.0020609192717097134,0.02213210358945526
Mmp2,-0.05051897694187401,0.0398952207834908,0.14132327862262956
Tap1,-0.050520631444011074,0.4183042272818338,0.5917276382042801
Gpc6,-0.050637959028853,0.00037902395053163206,0.007442812403432001
Tlr9,-0.05079056604824965,0.02467959402315709,0.10466884849027688
Nr2f2,-0.05080641160918527,0.0021478242468602974,0.022730397268121115
Crlf2,-0.05084405591665238,0.06527219855201108,0.189933533835601
Furin,-0.050883372126151905,0.1482880355664966,0.3130866181393623
Il10ra,-0.05110131050375111,0.0881577595337872,0.22746218076977667
Sema6c,-0.051264336670142296,0.014385785145876523,0.07541818091378842
Cmtm6,-0.051346267561704684,0.00023719048848216406,0.0053773719188778615
Gdf10,-0.051504691932114155,0.0015114472619314223,0.018308936371584303
Plec,-0.05153610856474412,0.0008975288299223684,0.013308995818122097
Fermt3,-0.05157913548808449,0.1354576201531532,0.29641669318896036
Bach1,-0.05171467767097887,0.00015756562543666023,0.003979386271202317
Hal,-0.051885740091767316,0.41734874662054244,0.5910316370103795
Tgfb1,-0.05210378502163978,0.017961381104502683,0.08627213278160846
Rhoc,-0.05233802244791869,0.011651367274722857,0.0655277006266387
Fgr,-0.05246120121516435,0.18605809737703263,0.3589209322021783
Ctss,-0.052892140055766736,0.33453677244887436,0.5167995385407959
Vav1,-0.05292583150931495,0.14226924732603313,0.3049224498361744
Prrx1,-0.05330485547825144,5.873365198909477e-05,0.0021248252396905845
Jun,-0.053370797378563505,0.009406555385524333,0.05705450537640859
Bmp1,-0.053404387644913204,0.02216847477664744,0.09867486024055723
Aif1,-0.05341779433829614,0.11574191877561331,0.26922003085928115
Itpr3,-0.05344278630079696,4.589989636712734e-05,0.0018519709075552134
Rhbdf2,-0.053564045659874694,0.0372714760048006,0.13599556444956212
P4hb,-0.05359708267562796,0.03179685504054273,0.1232876833115495
Myd88,-0.05373390700166459,0.08220689942206348,0.21897514044488034
Rab7b,-0.053779641238750064,0.002667503005032042,0.026370024861760554
Lgals9,-0.05396788971364002,0.13714760954844818,0.29820543747085854
Ptk2b,-0.0539688972195968,0.02821226874288988,0.1143001725375714
Foxd3,-0.05400806767841567,0.00011027667951639602,0.003090776605566682
H2-DMa,-0.054196294513010716,0.1063020492148943,0.2552950814713634
Ncf4,-0.054208065115976374,0.06159307908047456,0.1840575842937907
Sgcd,-0.05460514243866418,0.00012784577361097744,0.0034688366552638075
Rab32,-0.05465613668137561,0.03987884483518649,0.14132327862262956
Gsdmd,-0.05492841731953595,0.10489541723454221,0.25358839967459706
Cldn1,-0.055012550013919664,1.5722623080238163e-06,0.00017250613096692023
Itgb1,-0.05517377415318145,0.0021962294931003826,0.02309890029753619
Grn,-0.05540059563324609,0.3256338174494351,0.5082797132220221
Lama4,-0.05579803490580176,0.0002026982877098766,0.004711461491676096
Gfap,-0.05605795682128492,0.02046516854468348,0.09397206079254736
Cd53,-0.05619644392702499,0.11250500842667241,0.26556596389840625
Abca8a,-0.056216546715438964,0.05052524944142729,0.16291358874887524
Hoxa7,-0.0562397751691925,0.0001118089949116988,0.00311659936089932
Dag1,-0.05646869087249147,0.0009163700602218604,0.013432194474688821
Gpnmb,-0.05664966184231015,0.566236814047183,0.7138838330337816
Frmd4a,-0.05673356239158371,4.573003933649762e-06,0.00034587370324727656
Neat1,-0.056748585412049794,0.05317382180784727,0.16822440874638103
Fzd1,-0.05692622844547879,4.3649160716282407e-05,0.0018101981204370452
Cd79a,-0.05695989049822342,0.15093780021536438,0.316423966592153
Tgfbr1,-0.05696999773130083,0.002216336268253677,0.02322275214940711
Spi1,-0.05711008108629796,0.17038034432847918,0.34055318676367136
Irf5,-0.05714421956441273,0.04036183265523741,0.14248145908260626
Stom,-0.057151481854199784,0.016624894432544217,0.08289695650088763
Tln1,-0.057303359624211216,0.006328100243648708,0.04575664490857899
Col14a1,-0.05742717748536106,0.00021287476051455077,0.0049134577076231836
Samhd1,-0.05764213372268945,0.1903013798936065,0.3640353260389081
H2-K1,-0.05775234185393154,0.25562101913492324,0.4362866104168669
Gpc3,-0.05787491749231333,0.006410272973291868,0.04575664490857899
Gas1,-0.05799290140699064,0.0017213244256969063,0.019816833507575397
Gimap4,-0.05840609127831031,0.0869198455998423,0.22604404190902572
Fcgr2b,-0.05846539597946269,0.3572808130037316,0.5379248604285818
Capn1,-0.05875258823229046,0.00113205822962227,0.015562412059112261
Atp6v0d2,-0.05876500808710623,0.16430548678763895,0.3337802820006955
Hoxc5,-0.05902037893065903,3.353410205416512e-07,6.109194806367723e-05
Irf8,-0.059040869754012175,0.10763490507370342,0.2577679111647705
Irf1,-0.059122975082329166,0.3054360265468212,0.48902359429232106
Rara,-0.05913761327744013,0.015671089856200585,0.07954052672286487
Tgfbr2,-0.05918462396665361,0.003210930970296409,0.029725878184177823
Apobec1,-0.05926921460532345,0.031249284352681737,0.12196067290208841
Cyb5r3,-0.05930544155541614,6.0358860218115646e-05,0.0021257669948958704
Mmp12,-0.059371066287111036,0.00782900840720621,0.05078800373226075
Adamts20,-0.05945967206604604,0.002973620141575325,0.02829932153390995
Jpt1,-0.05948766545099118,0.04321333378719833,0.14744562919632018
Ptprc,-0.05979926938781767,0.06938402665661568,0.19750441962912757
Ptbp1,-0.0599318903211503,0.025129444730753625,0.1058507824703338
Afap1l2,-0.060145217268879864,1.0528733888950634e-05,0.0006713383945942148
Mcl1,-0.060201214396144835,0.10266552636098744,0.2508126676089066
Cd79b,-0.06045321834258639,0.14219412868846995,0.3048895546195398
Plac8,-0.06045605705020674,0.2781013507511949,0.4592408514670914
Prkcd,-0.0606160568074242,0.10007652604619155,0.24683513323744832
Stat6,-0.061285089901345964,0.018999158404632815,0.08909026001134925
Tec,-0.061417055847334256,0.0037310003409726645,0.033174018835860096
Itgal,-0.06152892776088939,0.1488763044573302,0.3137403526586912
Lag3,-0.061831051745581546,0.0015438812366087972,0.018530207501038766
Kcnn4,-0.061858512071280604,0.01701394365093126,0.08375438634565359
Dock2,-0.06216724426301846,0.06427615231263832,0.18880279606653227
Ngfr,-0.062241476262741756,7.730542388614823e-05,0.0024044815075807448
Lama2,-0.062271594468048974,0.0013443811922228884,0.017379657463099222
Sorbs1,-0.062348500510384666,0.0010811674229176157,0.015109684998089748
Syk,-0.0625403858278504,0.23364318491030167,0.4128208819630928
Plekhg2,-0.06263459807463041,4.545089821469736e-05,0.0018519709075552134
Itga5,-0.06287619957976424,0.1309011629296762,0.29120228177247204
Sept9,-0.06298533566988074,0.000902716322468097,0.01334002766159463
Tnxb,-0.06322879275670025,0.020085890219205677,0.09297470599652283
Inpp5d,-0.06367926491001044,0.07658982956974027,0.21027164727408243
Rnase4,-0.06394508275736416,0.002144446458197777,0.022730397268121115
Trbc1,-0.06435347559421219,0.08658763744720231,0.22592508369216316
Myo1c,-0.06473077321829156,0.0016212816547460983,0.019188300976472963
Nfatc1,-0.0647676522763112,0.0032862360433785643,0.030149442549054058
Kif19a,-0.06518042049245382,0.001906173991849816,0.021309225209085795
Ciita,-0.06560794102084785,0.05840792347870382,0.17915743696023342
Blnk,-0.06613115391449435,0.008398750718290876,0.052972402214529944
Sirpa,-0.06665862285630993,0.024684694125426992,0.10466884849027688
Ecel1,-0.06704574902501566,6.25103017514959e-05,0.0021257669948958704
Col15a1,-0.06730857812799215,0.004564259338193182,0.03737124700501352
Egr2,-0.06734216600525207,7.025905867101957e-05,0.002268300368866271
Cd36,-0.06744470843610109,0.029296468249887343,0.11635717725941784
Plxnd1,-0.06762697701852077,0.019606500338917865,0.09141934024572215
Prelp,-0.0678256362046067,0.007478567834260468,0.04960750913207106
Tbx1,-0.06821024510937336,2.9819122432861236e-09,1.0864810252144656e-06
Cd48,-0.0682247657603981,0.006685631805630888,0.046978316611560884
Nlrc5,-0.0683726473446857,0.2493945658882485,0.4294147400416974
Vat1,-0.06853194747080514,0.010601115712005716,0.061590308937290617
Aplnr,-0.0690179489123028,0.047702362986779115,0.15698693780358727
Lpl,-0.06955303036573102,0.01295951076939957,0.0701767138372688
C3,-0.06990814369804217,0.0970939655104301,0.24183413968198436
Col23a1,-0.07042032785731868,3.2463998670743653e-05,0.0014399900627779425
Ehd4,-0.07048126270054424,7.198924796835229e-05,0.0022951072117910316
Cdh1,-0.0708098032774387,0.006162425701841676,0.0450997611263908
Cemip2,-0.07101023864104898,6.602419329348436e-06,0.0004613553561507723
Slc17a7,-0.07113382114539242,9.171288295418612e-05,0.0027144693571639887
Tagln,-0.07148840943082857,0.09861808279717589,0.2441994370623273
Cxcr4,-0.0715067425157265,0.05308965270709016,0.1681007563369751
Lmo4,-0.07191213598371315,8.76684948143736e-06,0.0005733294769847689
Rai14,-0.07212142700349941,0.001318354251228318,0.01719929676602468
Pdlim4,-0.07220473892236116,2.3358505034744757e-06,0.00021663951669496912
Slc2a4,-0.07222807926984341,0.0002538264289615137,0.005629428757098614
Cd300lf,-0.07228644502742888,0.2709060128635727,0.4521896503982606
Sept11,-0.07247712815431814,0.005608780358965498,0.042765902258718985
Msn,-0.07259843830970962,0.1300519341211545,0.2903922954042781
Itgb2,-0.07307912301451341,0.19654732369742733,0.3712226562434514
Lox,-0.07311417653933924,0.0003056790782969589,0.006554158592685164
Cxcl12,-0.07324498139928137,0.0009533938052678414,0.013776945610966738
Cybb,-0.07324591761646349,0.23695850496418785,0.41562737728709154
Klf5,-0.07426275599035126,0.0148730705898413,0.07733693484075481
Fbn1,-0.07426543841576368,0.005713777613175574,0.042905675023620825
Iqgap1,-0.07488108094560035,0.03139149632408838,0.12204879782711495
Fam129a,-0.0752139871768566,2.530039143177953e-05,0.00125651792138447
Igha,-0.07540398516881733,0.0013047552280171966,0.017109399532431156
Runx1,-0.07594005241308012,0.012241638599827975,0.06756557066481098
Cd84,-0.076256519768525,0.016846511388310087,0.08340517199347003
Mdk,-0.07645977551254644,3.780586717266808e-06,0.00029668881299658447
Sdc1,-0.07698248925589758,0.0009959903836686248,0.014151459256006716
Adgre1,-0.07707325347657738,0.0331686012459741,0.12664149323032478
Plin2,-0.077244609765605,0.17774958370060595,0.34914783719874315
Myh9,-0.07795530994443411,0.010520219949387562,0.061470380254096166
Cavin1,-0.07804335850123446,3.218627798612499e-05,0.0014399900627779425
Hmox1,-0.07816790820898999,0.10514366033634326,0.25370757397146976
Cd55,-0.07904716137884447,0.0016797421361623474,0.019528483033593134
Maf,-0.07922467060345624,0.00019119786843636754,0.0045788747741498164
Cd9,-0.0799715370865149,0.00042337420015570247,0.008012055043586956
Aqp4,-0.08019065492154939,6.775508908172828e-06,0.00046705231000796746
Shisa3,-0.08082249178973866,1.0494709780096586e-07,2.2305631078446954e-05
Cd180,-0.08142641447697686,0.006570979260961939,0.04642918027638562
Psmb8,-0.08161291662307393,0.21939870670924536,0.39686269607229097
Abca1,-0.08182206348663797,0.10566947095935479,0.2544947929006935
Mafb,-0.08379032599867249,0.0785826057891356,0.2139103064134182
Slc11a1,-0.0840526050091322,0.003822773159690999,0.0336206308406617
Nid1,-0.08450563153925628,0.0018676158698347565,0.02103026170425407
Ptpn6,-0.08496324584700449,0.0717348487940989,0.20205381761385893
B2m,-0.08518469077732795,0.042377773656447196,0.14620430299482037
Ctsk,-0.0853323699989239,7.475969917197606e-06,0.0005084656339683332
Lamb1,-0.08540738764753376,3.3238779146351364e-07,6.109194806367723e-05
Lmna,-0.08582010672172069,7.18809725887149e-05,0.0022951072117910316
Plau,-0.08588641181628885,0.015602758737432379,0.07954052672286487
H2-D1,-0.08632028406199528,0.20141459147379812,0.3767568137542517
Marcks,-0.08713870502963439,6.206960606713112e-05,0.0021257669948958704
C3ar1,-0.08731229781962768,0.07293534975273781,0.2046442349222858
Flna,-0.0873282750793966,0.005524955495986176,0.04238014734590299
Tnfrsf1b,-0.0873403692413643,0.09510080520962817,0.2389700528937504
Txnip,-0.0888997726865767,0.006370955924835562,0.04575664490857899
Ret,-0.08924946409031775,5.591365832325167e-05,0.002051910583502926
Dhh,-0.08968253516123313,3.075086750064711e-05,0.0014390841754201918
Trem2,-0.08983703328444217,0.022550953218767475,0.09939324333740068
Ezr,-0.09013847438559433,0.00048735017434137006,0.00886538826996395
Cartpt,-0.0917153204935478,2.58644151627856e-05,0.00125651792138447
Nid2,-0.09248750524082203,2.002513449220145e-06,0.00019585634793473046
Cd24a,-0.09266020506172379,0.0006091528883655267,0.010371965323982168
Fbln2,-0.0982793637467433,0.004010702037723127,0.03473445007542559
Gldn,-0.1037372276313605,0.0003357137154149342,0.007044328300366033
Col12a1,-0.10387152652570394,8.483082267247303e-08,1.8814001150099343e-05
Cd74,-0.10416422664870734,0.09773462780532632,0.2428369880345687
Cd68,-0.10468351371618989,0.026342768507535985,0.10924753020889517
Sostdc1,-0.1049225638637327,6.149557003103328e-06,0.00044181535595535316
Col4a2,-0.10528266035151763,0.00042408446613771385,0.008012055043586956
Mmp14,-0.1055879284172594,0.0017210543347151123,0.019816833507575397
Tnc,-0.10571097050716377,0.005372789804147538,0.041525152713570594
Slc47a1,-0.10628519438111336,0.007307769236017954,0.048984140437486966
Col18a1,-0.10782461686122613,0.0011449089012251406,0.015652232530737952
Prph,-0.10873119699057357,0.003769470917508284,0.03338206796911416
H2-Eb1,-0.10976048061318112,0.04186938661698798,0.1457854888281609
Lum,-0.11130307129763796,0.0017321237534118187,0.019855198350907165
Hspg2,-0.11204102984469849,4.012401163028998e-05,0.001686964754431245
Col6a1,-0.11295273795221712,1.5948800290060375e-06,0.00017250613096692023
Jchain,-0.1131031268717085,0.0019373023328060823,0.021411453104212788
S100a10,-0.11580011550078272,0.001381160420723068,0.017657391744632506
Smtn,-0.11777317150290467,0.00013182848043945063,0.0035207176896420818
H2-Ab1,-0.11824103753866236,0.059021325294926444,0.1799568322351583
Sema3b,-0.1193555410903083,0.00031738058831956464,0.006745659920908747
Ogn,-0.11971691003191788,0.002560793811153397,0.02576451524791613
Col5a1,-0.12324295993235744,1.3800187690284763e-08,3.9573494480130486e-06
H2-Aa,-0.12391021530802361,0.035819517929908964,0.13240243547859828
Fmod,-0.1285775560234669,0.00684454208230927,0.047502053281441615
Anxa2,-0.1314037570744471,0.0015675438256645751,0.01877004942421361
Smoc2,-0.13168292898847034,2.0349708764047664e-06,0.00019585634793473046
Cemip,-0.13270908794466948,6.776569292949759e-07,0.00010474933322223248
Fstl1,-0.1332915811248766,0.0001175706861156896,0.0032593916841094166
Sncg,-0.13652355745943276,0.0003640122658938826,0.0072594706109072125
Col6a3,-0.13775796952273311,5.087716225488486e-08,1.179656384828035e-05
Thbs2,-0.1388305367750889,4.235236103233349e-08,1.0801969681296656e-05
H19,-0.13908003784994982,0.00015758400838715311,0.003979386271202317
Col4a1,-0.13977127202463216,0.002616454850571776,0.026067453501497324
Lgals1,-0.14444756268394784,0.002294629261552952,0.023646270430669913
Igkc,-0.1566097800810031,0.0058131066647620095,0.043225447663193896
Sfrp4,-0.1617387819326388,0.00016194658571654544,0.004069406570148267
Col1a2,-0.18509361028867943,1.95577125360137e-05,0.001039207204647978
Mfap5,-0.19771120472981663,8.408081312715714e-09,2.6806014235101785e-06
Col1a1,-0.21523542989917135,1.1293032499720452e-06,0.0001405018506855464
Hoxc10,-0.22600003570970126,3.729867655607453e-12,2.718007844464803e-09
Col6a2,-0.2261447376731937,3.7711784457638827e-06,0.00029668881299658447
Thbs1,-0.24380470627683284,5.7053636858188734e-05,0.0020787900115258624
Pmp22,-0.2446149051231691,3.1823155151299404e-05,0.0014399900627779425
Hoxc8,-0.24738384668720034,1.1389499952834075e-14,1.9365946419802206e-11
Hoxd9,-0.26437127201278654,1.8786375265291023e-13,2.3957325057062376e-10
Hoxc6,-0.30635404206329875,9.583744991174639e-15,1.9365946419802206e-11
Hoxa10,-0.3167556386045747,1.933812583055432e-12,1.644062997694293e-09
Hoxb9,-0.34542915901903576,4.893478095737741e-11,2.773514640706469e-08
Hoxa9,-0.3752240716256312,1.585060658233398e-16,8.085394417648563e-13
