lesion_row,animal,pred_resid,pred_day,noise_sd,cohort,area_um2,n_cells,cells_per_mm2,immune_fraction,pu1_fraction
324,RR_R1_1,-16.449940019423074,12.479319177994412,0.21257959895838852,rr,101800.0,1055,8506.87622789784,0.6341232227488152,0.2511848341232227
325,RR_R1_1,-6.824094420906574,22.10516477651091,0.2746460763358227,rr,18600.0,185,7096.774193548387,0.5135135135135135,0.2648648648648649
326,RR_R1_1,-19.828383972361017,9.10087522505647,0.09418044055680497,rr,10000.0,108,3800.0,0.3425925925925926,0.287037037037037
327,RR_R1_1,-11.481545606589295,17.447713590828194,0.8304070925189011,rr,8800.0,99,3977.272727272727,0.30303030303030304,0.303030303030303
328,RR_R1_1,-17.86359460489393,11.065664592523557,0.5400075623509917,rr,42900.0,270,4335.664335664335,0.5481481481481482,0.3925925925925926
355,RR_R1_1,-17.491204134492236,11.438055062925251,2.2168571424452397,rr,11400.0,90,2719.298245614035,0.43333333333333335,0.4
356,RR_R1_1,-12.66828336436935,16.260975833048136,1.5392450626033325,rr,12700.0,121,5196.850393700787,0.35537190082644626,0.3057851239669421
357,RR_R1_1,-4.645401410951278,24.283857786466207,0.03772769161328737,rr,12900.0,126,4341.085271317829,0.3253968253968254,0.2857142857142857
358,RR_R1_1,-11.51389984938514,17.415359348032347,1.7635372970426184,rr,54000.0,434,4703.7037037037035,0.3294930875576037,0.3110599078341013
359,RR_R1_1,-4.742431436609432,24.186827760808054,0.42345664187222365,rr,22800.0,173,3245.614035087719,0.4277456647398844,0.3410404624277456
360,RR_R1_1,-18.979224664430472,9.950034532987015,1.4529339219377295,rr,12800.0,130,4375.0,0.3923076923076923,0.3076923076923077
361,RR_R1_1,-9.93161269187067,18.997646505546818,0.08435752733195745,rr,26900.0,195,3680.297397769517,0.4256410256410256,0.3897435897435897
362,RR_R1_1,-20.250852296981897,8.67840690043559,0.29613953628703626,rr,6600.0,145,7121.212121212121,0.2,0.1724137931034483
363,RR_R1_1,-12.516652585138623,16.412606612278864,2.268750920349097,rr,39000.0,363,7282.051282051282,0.5537190082644629,0.2975206611570248
364,RR_R1_1,-4.9290964488653355,24.00016274855215,0.9393231874814116,rr,13600.0,223,9779.411764705885,0.3542600896860987,0.1704035874439461
365,RR_R1_1,-24.7813412528462,4.147917944571287,0.31576206028639753,rr,40800.0,307,5367.647058823529,0.5439739413680782,0.3257328990228013
371,RR_R1_1,-7.636758494513921,21.292500702903567,2.2741181110642037,rr,22800.0,223,6491.228070175438,0.484304932735426,0.2466367713004484
372,RR_R1_1,-13.501916620076418,15.427342577341069,0.2886519701884005,rr,36900.0,217,4254.742547425474,0.4930875576036866,0.3594470046082949
373,RR_R1_1,-3.6223361935100105,25.306923003907478,0.15484134329345434,rr,14900.0,111,4026.8456375838928,0.42342342342342343,0.3603603603603603
374,RR_R1_1,-6.653605626249211,22.275653571168277,2.6682415129579264,rr,19600.0,199,5816.326530612245,0.2814070351758794,0.236180904522613
375,RR_R1_1,-7.217257775284858,21.71200142213263,2.8242037805740297,rr,5700.0,92,5789.473684210526,0.3695652173913043,0.2391304347826087
376,RR_R1_1,-11.730913143252979,17.19834605416451,4.856171702863325,rr,6400.0,88,4843.75,0.32954545454545453,0.2613636363636363
377,RR_R1_1,-3.201926985222126,25.72733221219536,2.64753761301098,rr,5100.0,80,3725.490196078431,0.3,0.275
378,RR_R1_1,-7.422086814316306,21.50717238310118,2.133026207261778,rr,27300.0,212,4322.344322344322,0.33962264150943394,0.3349056603773584
379,RR_R1_1,-2.8953549155604605,26.033904281857026,2.2232419384067406,rr,14300.0,157,6013.986013986014,0.2929936305732484,0.2229299363057325
380,RR_R1_1,-14.182754604647645,14.746504592769842,3.0444407956211217,rr,26300.0,171,3612.167300380228,0.4619883040935672,0.3742690058479532
381,RR_R1_1,-4.51178383667781,24.417475360739676,2.7279327112858374,rr,12200.0,210,6967.213114754098,0.6,0.1761904761904762
382,RR_R1_1,-19.27718601645438,9.652073180963107,5.7231100936575015,rr,6200.0,61,3387.0967741935483,0.4098360655737705,0.3442622950819672
383,RR_R1_1,-17.01325847643292,11.916000720984567,2.252391567291565,rr,73900.0,443,3991.880920162382,0.5507900677200903,0.3340857787810384
384,RR_R1_1,-22.78803687495827,6.1412223224592175,3.083275857868623,rr,17200.0,265,6511.627906976744,0.7584905660377359,0.1773584905660377
329,RR_P2M_1,8.649885873841553,39.583190145855504,0.6949694368590249,rr,47000.0,291,4319.148936170212,0.5017182130584192,0.3539518900343643
330,RR_P2M_1,-1.7467089919837477,29.186595280030204,0.6221151062626589,rr,140400.0,927,4850.427350427351,0.3969795037756203,0.3182308522114347
331,RR_P2M_1,8.811726451169806,39.74503072318376,2.188766128488933,rr,53800.0,373,3587.360594795539,0.43967828418230565,0.3270777479892761
332,RR_P2M_1,7.37506634896088,38.308370620974834,1.274614633517246,rr,35800.0,430,7877.09497206704,0.26976744186046514,0.1906976744186046
333,RR_P2M_1,-2.9354872783535626,27.99781699366039,0.9981809857228564,rr,10600.0,88,4528.301886792453,0.5340909090909091,0.3636363636363636
334,RR_P2M_1,2.962982359824872,33.89628663183883,0.6868666477710896,rr,266700.0,1577,5061.8672665916765,0.5034876347495244,0.4077362079898541
335,RR_P2M_1,3.490438768753569,34.42374304076752,1.413528379264055,rr,170000.0,1122,5082.35294117647,0.428698752228164,0.3449197860962567
336,RR_P2M_1,13.758202856052963,44.69150712806692,2.245856573810899,rr,9400.0,123,4787.234042553191,0.4715447154471545,0.2520325203252032
343,RR_P2M_1,12.999384262325117,43.93268853433907,2.7376006432291,rr,14200.0,156,5211.267605633802,0.5641025641025641,0.2243589743589743
344,RR_P2M_1,4.174876348320182,35.10818062033413,0.6583676153601004,rr,30400.0,177,3618.4210526315783,0.4689265536723164,0.3898305084745763
345,RR_P2M_1,11.864023372289811,42.79732764430376,0.6821254884253776,rr,18600.0,183,4623.655913978495,0.4644808743169399,0.2459016393442623
346,RR_P2M_1,2.0585026681556977,32.99180694016965,0.7363173289249548,rr,132200.0,837,4372.163388804841,0.5185185185185185,0.3309438470728793
347,RR_P2M_1,5.54352796218407,36.47683223419802,0.5390151034773694,rr,7800.0,69,3205.128205128205,0.463768115942029,0.391304347826087
348,RR_P2M_1,12.351269870421985,43.284574142435936,1.97499411915605,rr,6900.0,97,7681.159420289855,0.4020618556701031,0.2164948453608247
349,RR_P2M_1,9.667181126897509,40.60048539891146,2.937635625086139,rr,23800.0,282,6176.470588235294,0.2978723404255319,0.2127659574468085
350,RR_P2M_1,9.871027079332492,40.80433135134645,2.389661074787367,rr,28500.0,259,6070.175438596491,0.5637065637065637,0.2586872586872586
351,RR_P2M_1,26.43956613212839,57.37287040414235,0.13164559501091588,rr,10800.0,85,5000.0,0.4235294117647059,0.3176470588235294
385,RR_P2M_1,19.741482228210796,50.67478650022475,1.9025877269813112,rr,18300.0,258,7595.628415300546,0.3682170542635659,0.2325581395348837
386,RR_P2M_1,-1.8903606623766325,29.04294360963732,1.3964301123438205,rr,43800.0,410,7305.936073059361,0.3780487804878049,0.3292682926829268
387,RR_P2M_1,-5.563798698141497,25.369505573872456,1.9863742305784815,rr,9300.0,181,8387.09677419355,0.6298342541436464,0.1767955801104972
388,RR_P2M_1,-2.6543485058621337,28.278955766151817,0.48320359786612443,rr,100600.0,846,6958.250497017893,0.44799054373522457,0.3569739952718676
389,RR_P2M_1,1.7142746366440385,32.64757890865799,0.4146673494787356,rr,88500.0,750,7242.937853107345,0.448,0.3186666666666666
337,RR_OS1_1,-19.883863719292624,9.3089918086296,0.7635880805530117,rr,142500.0,526,3122.8070175438597,0.6825095057034221,0.494296577946768
338,RR_OS1_1,-22.910472791131472,6.282382736790751,1.041715671263109,rr,21100.0,138,2701.4218009478673,0.2826086956521739,0.2463768115942029
339,RR_OS1_1,-33.63100603920757,-4.438150511285347,1.8106334262715293,rr,25600.0,225,5195.3125,0.29777777777777775,0.2177777777777777
340,RR_OS1_1,-22.21208462126994,6.980770906652282,1.3821616865957935,rr,15200.0,147,5065.789473684211,0.6870748299319728,0.2108843537414966
341,RR_OS1_1,-7.348907743873587,21.843947784048638,0.07591506136608661,rr,104300.0,934,6423.777564717162,0.4014989293361884,0.2922912205567451
342,RR_OS1_1,-16.83297846191691,12.359877066005314,1.698194728402746,rr,5900.0,115,3898.305084745763,0.3130434782608696,0.1478260869565217
352,RR_OS1_1,-14.233509231605368,14.959346296316856,0.752081268296946,rr,6700.0,64,2238.805970149254,0.15625,0.15625
353,RR_OS1_1,-4.240972531917552,24.95188299600467,12.95836556383346,rr,14000.0,96,3285.714285714286,0.21875,0.1875
354,RR_OS1_1,-4.733408700218278,24.459446827703946,0.5358926409471843,rr,20700.0,121,3719.806763285024,0.2066115702479339,0.1900826446280991
366,RR_OS1_1,-12.240044051992248,16.952811475929977,0.08028483303793443,rr,10900.0,92,3944.954128440367,0.18478260869565216,0.1521739130434782
367,RR_OS1_1,-19.550434188919574,9.642421339002649,3.165722152518919,rr,16900.0,37,1360.9467455621302,0.32432432432432434,0.3243243243243243
368,RR_OS1_1,-16.280658945757867,12.912196582164356,1.3397938122081845,rr,7400.0,41,1621.6216216216214,0.14634146341463414,0.1463414634146341
369,RR_OS1_1,-13.46259532052031,15.730260207401914,0.7589746647260611,rr,11400.0,30,1666.6666666666663,0.26666666666666666,0.2666666666666666
370,RR_OS1_1,-36.73898106743199,-7.54612553950977,0.05026261194295145,rr,9400.0,28,1808.510638297872,0.2857142857142857,0.2142857142857142
390,RR_MP_1,35.52579278735459,63.71775583071185,2.0949414318334085,rr,7800.0,60,2307.6923076923076,0.21666666666666667,0.2166666666666666
391,RR_MP_1,17.38079838057061,45.57276142392787,0.15672948225034844,rr,40700.0,203,3341.5233415233415,0.33004926108374383,0.2660098522167488
392,RR_MP_1,23.02259967491249,51.21456271826976,0.5568761506293409,rr,35200.0,236,3409.090909090909,0.3516949152542373,0.1991525423728813
393,RR_MP_1,13.786888766275556,41.97885180963282,0.025241615737981782,rr,43000.0,268,4511.627906976744,0.2947761194029851,0.2126865671641791
407,RR_MP_1,14.829842408282888,43.021805451640155,0.9542939879786525,rr,63900.0,311,3599.3740219092333,0.2797427652733119,0.2411575562700964
408,RR_MP_1,-5.4618544055175136,22.730108637839752,1.2989580416275879,rr,5400.0,49,2592.5925925925926,0.14285714285714285,0.1428571428571428
409,RR_MP_1,19.022444629524767,47.21440767288203,0.9865697456897156,rr,78600.0,409,2849.8727735368957,0.254278728606357,0.2322738386308068
410,RR_MP_1,-2.4247695192927807,25.767193524064485,0.6776589547748975,rr,14100.0,95,2553.191489361702,0.2,0.2
411,RR_MP_1,27.34950361064433,55.541466654001596,3.7374826306495272,rr,43300.0,144,2170.9006928406466,0.3333333333333333,0.3055555555555556
412,RR_MP_1,18.00774251371637,46.199705557073635,5.070097478424259,rr,32500.0,191,3046.153846153846,0.19895287958115182,0.193717277486911
429,RR_MP_1,25.527770397320207,53.71973344067747,4.144847211381636,rr,11900.0,70,2857.142857142857,0.2571428571428571,0.2285714285714285
430,RR_MP_1,14.718703141351584,42.91066618470885,2.121994246877475,rr,93200.0,464,3390.557939914163,0.2801724137931034,0.2349137931034483
431,RR_MP_1,13.981646214180653,42.17360925753792,4.071989643364333,rr,9300.0,78,3225.8064516129034,0.23076923076923078,0.1666666666666666
432,RR_MP_1,14.999649720756894,43.19161276411416,0.2951555686267726,rr,14400.0,99,2777.777777777778,0.23232323232323232,0.1919191919191919
433,RR_MP_1,11.358894586073813,39.55085762943108,1.0375509842117268,rr,6200.0,29,1935.483870967742,0.41379310344827586,0.3793103448275862
434,RR_MP_1,13.03981837772884,41.231781421086104,0.8395835641261824,rr,16300.0,109,1840.4907975460123,0.21100917431192662,0.1834862385321101
435,RR_MP_1,11.142630855840881,39.33459389919815,0.054368367440508436,rr,71100.0,388,3459.915611814346,0.2603092783505155,0.2216494845360824
436,RR_MP_1,17.058764369501475,45.25072741285874,0.11130520444742942,rr,27600.0,95,1847.8260869565215,0.30526315789473685,0.3052631578947368
437,RR_MP_1,10.987197434019814,39.17916047737708,1.2018301318497082,rr,26700.0,205,2734.082397003745,0.1951219512195122,0.1756097560975609
438,RR_MP_1,18.65190695907638,46.84387000243365,2.7524431446628412,rr,9900.0,70,3333.333333333333,0.2571428571428571,0.2285714285714285
439,RR_MP_1,19.55884311114548,47.75080615450275,1.061754852473424,rr,7000.0,58,2714.285714285714,0.27586206896551724,0.2068965517241379
394,RR_CFA_1,-1.744338533563875,25.18903706438437,1.7172463488076308,rr,6100.0,16,819.6721311475409,0.25,0.25
395,RR_CFA_1,6.0753854500041635,33.00876104795241,5.594536996165033,rr,5300.0,30,1698.1132075471698,0.13333333333333333,0.1333333333333333
396,RR_CFA_1,9.021143458620772,35.95451905656902,3.953780308977017,rr,18000.0,51,1611.1111111111113,0.1568627450980392,0.1568627450980392
406,RR_CFA_1,-5.563467623636667,21.36990797431158,6.878875447352403,rr,9800.0,17,1020.408163265306,0.29411764705882354,0.2941176470588235
397,RR_P1_1,-21.66488593277267,11.730988385702965,0.45490451406683263,rr,112200.0,861,5935.828877005348,0.5981416957026713,0.4274099883855981
398,RR_P1_1,-16.912057281843566,16.483817036632068,1.6363239672700853,rr,94900.0,792,6111.696522655427,0.6287878787878788,0.4204545454545454
399,RR_P1_1,-13.414221022502721,19.98165329597291,1.9126410000262286,rr,15700.0,197,7388.535031847135,0.45685279187817257,0.3604060913705584
400,RR_P1_1,10.68969787835488,44.08557219683051,3.2896352043227997,rr,15700.0,179,5541.401273885351,0.4134078212290503,0.3687150837988827
401,RR_P1_1,1.331437719484347,34.72731203795998,4.001349269091445,rr,14500.0,163,5103.448275862069,0.4662576687116564,0.3742331288343558
402,RR_P1_1,-12.113462702202906,21.28241161627273,1.4822295508508283,rr,7000.0,113,7142.857142857143,0.48672566371681414,0.3451327433628318
403,RR_P1_1,-25.181733160015447,8.214141158460187,0.8201237013642455,rr,26300.0,201,4372.623574144487,0.6666666666666666,0.5422885572139303
404,RR_P1_1,-4.9019430200148815,28.49393129846075,2.9025037429905294,rr,30800.0,201,4545.454545454545,0.6865671641791045,0.5671641791044776
405,RR_P1_1,-11.61266884360003,21.783205474875604,0.015797890004742854,rr,64400.0,760,9394.409937888198,0.6052631578947368,0.325
413,RR_P1_1,-18.421765122302524,14.97410919617311,0.1177558465493096,rr,5500.0,126,10363.636363636364,0.8412698412698413,0.373015873015873
414,RR_P1_1,-6.971834974248607,26.424039344227026,0.24814127472619107,rr,16400.0,275,6646.341463414634,0.6145454545454545,0.4290909090909091
415,RR_P1_1,-3.719233656044622,29.676640662431012,1.742958561514035,rr,17800.0,253,8595.505617977527,0.6482213438735178,0.4505928853754941
416,RR_P1_1,-18.550616403916816,14.845257914558818,2.267680631747149,rr,12500.0,138,5600.0,0.7391304347826086,0.644927536231884
417,RR_P1_1,-20.529744248145764,12.86613007032987,1.1872742997268944,rr,65400.0,722,8761.467889908257,0.6135734072022161,0.4944598337950138
418,RR_P1_1,-4.4021842232077235,28.99369009526791,0.42636630294126254,rr,39800.0,737,11281.407035175878,0.592944369063772,0.3120759837177748
419,RR_P1_1,-10.278293445133954,23.11758087334168,0.8295535485276009,rr,30100.0,505,11029.900332225914,0.7029702970297029,0.3504950495049505
420,RR_P1_1,-11.672140140912884,21.72373417756275,0.4006042085299333,rr,143400.0,1468,8486.750348675036,0.611716621253406,0.5061307901907357
421,RR_P1_1,-9.729095935829646,23.666778382645987,1.3290865059116888,rr,9300.0,159,8709.677419354839,0.5534591194968553,0.440251572327044
422,RR_P1_1,-6.938848997335196,26.45702532114044,0.012824474384359963,rr,19100.0,354,9738.21989528796,0.4632768361581921,0.3220338983050847
423,RR_P1_1,5.83034164685638,39.22621596533202,0.33836225058796154,rr,6200.0,148,11774.193548387097,0.42567567567567566,0.3648648648648648
424,RR_P1_1,-8.213512157568593,25.18236216090704,0.7863301034392376,rr,6300.0,105,9206.349206349209,0.7428571428571429,0.5142857142857142
425,RR_P1_1,-4.134269505478226,29.26160481299741,0.5337382093603877,rr,32200.0,380,8540.372670807454,0.6552631578947369,0.4789473684210526
426,RR_P1_1,-5.995515839861915,27.400358478613718,3.8605875750511425,rr,5100.0,83,4705.882352941177,0.7710843373493976,0.6385542168674698
427,RR_P1_1,-6.88802535147427,26.507848967001365,0.5654207410504943,rr,20600.0,263,8203.88349514563,0.7072243346007605,0.494296577946768
428,RR_P1_1,-3.5385432166377795,29.857331101837854,2.4501585696175883,rr,20300.0,231,8128.078817733991,0.7662337662337663,0.5367965367965368
440,RR_P1_1,-1.8177379923934642,31.57813632608217,0.4533681306575701,rr,57600.0,511,6944.444444444444,0.6086105675146771,0.4481409001956947
441,RR_P1_1,8.590419099762789,41.986293418238425,3.640285405170737,rr,7200.0,186,8333.333333333334,0.3333333333333333,0.2634408602150537
442,RR_P1_1,-14.548857592046216,18.847016726429416,0.15778563326524875,rr,20700.0,268,9033.816425120773,0.7425373134328358,0.3992537313432835
443,RR_P1_1,5.9939508536356385,39.38982517211127,2.34973829954935,rr,9200.0,190,11956.521739130436,0.38421052631578945,0.2947368421052631
444,RR_P1_1,-33.30555946338391,0.09031485509172654,0.17410663117045644,rr,9100.0,99,6263.736263736263,0.6868686868686869,0.5454545454545454
445,RR_P1_1,-20.46277245207528,12.933101866400353,1.6106530685964024,rr,13500.0,135,4962.962962962963,0.7407407407407407,0.6
446,RR_P1_1,-13.29850099009194,20.097373328383696,0.8622426099518172,rr,275400.0,2247,7211.328976034859,0.5718736092567869,0.5015576323987538
447,RR_P1_1,-30.926475571104778,2.4693987473708567,0.36593005080019303,rr,31200.0,372,9935.897435897436,0.6935483870967742,0.4112903225806452
448,RR_OS2_1,-30.07649120638736,-0.033530346078393336,1.033735702996271,rr,65500.0,359,3236.6412213740455,0.4233983286908078,0.2952646239554317
449,RR_OS2_1,-23.510231912387255,6.532728947921711,1.5877788045558034,rr,73700.0,480,3839.89145183175,0.47291666666666665,0.3645833333333333
450,RR_OS2_1,-48.44613560313774,-18.403174742828774,0.028794521068618906,rr,9600.0,58,2291.666666666667,0.4827586206896552,0.396551724137931
458,RR_OS2_1,2.042412638287605,32.085373498596574,1.7052708511061008,rr,29700.0,97,2020.20202020202,0.24742268041237114,0.2268041237113402
459,RR_OS2_1,-23.315807090190408,6.727153770118559,4.75334383435446,rr,7400.0,53,2432.4324324324325,0.18867924528301888,0.1698113207547169
481,RR_OS2_1,-51.25128362544853,-21.208322765139563,2.886856131815396,rr,7600.0,45,3289.4736842105262,0.4444444444444444,0.3555555555555555
482,RR_OS2_1,-22.192696827832044,7.850264032476922,8.676922790973963,rr,8100.0,77,4567.901234567901,0.37662337662337664,0.2987012987012987
483,RR_OS2_1,-27.289451594250995,2.7535092660579714,0.11207155801370128,rr,87900.0,512,3777.019340159271,0.412109375,0.326171875
484,RR_OS2_1,-25.561499881378708,4.481460978930258,3.816487367996835,rr,9400.0,101,4361.702127659574,0.2871287128712871,0.2376237623762376
485,RR_OS2_1,-8.035050647706582,22.007910212602383,0.6133547114605205,rr,7300.0,94,5753.424657534247,0.23404255319148937,0.202127659574468
486,RR_OS2_1,-15.978176031249758,14.064784829059208,1.5559854482840834,rr,60300.0,555,5456.053067993366,0.22342342342342342,0.1909909909909909
487,RR_OS2_1,-30.490252394570586,-0.4472915342616197,0.41586046669300636,rr,9600.0,128,2916.666666666667,0.265625,0.2421875
451,RR_P2M_2,5.558205651555999,37.53648097853449,1.2504849400332896,rr,58000.0,579,7293.103448275861,0.4542314335060449,0.3765112262521589
452,RR_P2M_2,7.620017882949539,39.59829320992803,0.9585976892080326,rr,23000.0,279,8478.260869565218,0.40860215053763443,0.3082437275985663
453,RR_P2M_2,1.8097476327856175,33.78802295976411,0.46261848202992106,rr,78100.0,626,6261.2035851472465,0.5990415335463258,0.4472843450479233
454,RR_P2M_2,-6.535360406688322,25.44291492029017,5.991296725963926,rr,8700.0,84,5632.183908045978,0.4642857142857143,0.4523809523809524
455,RR_P2M_2,14.153077046868763,46.13135237384726,2.0509899834230536,rr,5000.0,116,11400.0,0.5086206896551724,0.2672413793103448
456,RR_P2M_2,4.643023037337256,36.62129836431575,1.1321965221001757,rr,115100.0,909,6550.825369244136,0.49834983498349833,0.4466446644664466
457,RR_P2M_2,11.9746000703891,43.95287539736759,0.5452290369202064,rr,73400.0,759,7084.468664850136,0.37549407114624506,0.3069828722002635
460,RR_P2M_2,22.44282421041057,54.42109953738907,1.375718747752348,rr,120200.0,698,3818.6356073211314,0.3510028653295129,0.2793696275071633
461,RR_P2M_2,21.943328789695098,53.92160411667359,0.813148781992254,rr,20700.0,231,3574.8792270531403,0.30303030303030304,0.1861471861471861
462,RR_P2M_2,5.59528798391535,37.573563310893846,2.6595314811912196,rr,36900.0,301,4010.840108401084,0.3654485049833887,0.2624584717607973
463,RR_P2M_2,18.1174863927165,50.09576171969499,0.9677830622454096,rr,85100.0,614,4594.594594594595,0.40390879478827363,0.255700325732899
464,RR_P2M_2,4.498024920133423,36.476300247111915,1.607467094838416,rr,8400.0,86,5952.380952380952,0.3488372093023256,0.2209302325581395
465,RR_P2M_2,5.898581048405423,37.876856375383916,0.47921283748791765,rr,256000.0,1383,4710.9375,0.3767172812725958,0.3239334779464931
466,RR_P2M_2,7.37311800289604,39.35139332987453,1.372364043646019,rr,83900.0,424,3957.0917759237186,0.535377358490566,0.4386792452830189
496,RR_P2M_2,16.222731892517505,48.201007219496,0.612755664531071,rr,104400.0,738,5431.0344827586205,0.45528455284552843,0.3658536585365853
497,RR_P2M_2,18.895311864278177,50.873587191256675,0.8208797234619656,rr,19200.0,214,5937.500000000001,0.2897196261682243,0.2616822429906542
498,RR_P2M_2,13.532668437821288,45.510943764799784,0.8091740186608023,rr,5500.0,102,9818.181818181818,0.43137254901960786,0.2352941176470588
499,RR_P2M_2,19.445495380962722,51.423770707941216,3.5023114506298363,rr,9500.0,97,5157.894736842105,0.5051546391752577,0.3402061855670103
500,RR_P2M_2,1.715996309473224,33.69427163645172,0.2829796486801516,rr,65600.0,532,5929.878048780487,0.41541353383458646,0.3026315789473684
501,RR_P2M_2,9.338917624040068,41.31719295101856,0.6506516495867389,rr,43400.0,286,5161.290322580645,0.42657342657342656,0.3881118881118881
467,RR_MP_2,20.431493625331303,49.19799890702144,1.7505583142062093,rr,14200.0,166,6619.718309859155,0.4036144578313253,0.2228915662650602
468,RR_MP_2,-6.644876734764153,22.121628546925987,1.241507045734576,rr,145700.0,806,4591.626630061771,0.5012406947890818,0.3945409429280397
469,RR_MP_2,17.69894532730344,46.46545060899358,0.4792382727573088,rr,38500.0,332,6389.61038961039,0.35843373493975905,0.2439759036144578
470,RR_MP_2,26.09120098072708,54.857706262417224,1.1799212012089786,rr,12800.0,147,4531.25,0.35374149659863946,0.2176870748299319
471,RR_MP_2,15.098773913121788,43.865279194811926,1.2052700596268648,rr,5900.0,106,11864.406779661018,0.27358490566037735,0.160377358490566
472,RR_MP_2,29.433138228824237,58.19964351051438,2.205983314892805,rr,33600.0,224,4404.761904761905,0.38839285714285715,0.3214285714285714
473,RR_MP_2,25.26473798873562,54.03124327042576,1.254781328357268,rr,16700.0,126,4910.179640718563,0.3333333333333333,0.3015873015873015
474,RR_MP_2,-0.9961374303727684,27.77036785131737,2.7299955440256136,rr,12300.0,121,6910.569105691056,0.5289256198347108,0.2727272727272727
475,RR_MP_2,11.15556024613314,39.92206552782328,2.211340802199361,rr,9100.0,142,2307.6923076923076,0.45774647887323944,0.1830985915492957
476,RR_MP_2,9.035630555129114,37.802135836819254,0.04744546977636155,rr,275900.0,1843,5523.740485683219,0.3754747693977211,0.2577319587628865
477,RR_MP_2,12.795615918004522,41.56212119969466,0.25416027359113436,rr,69200.0,623,6893.063583815029,0.36757624398073835,0.2006420545746388
478,RR_MP_2,32.16630593463817,60.932811216328304,0.3900458938644622,rr,11900.0,196,3865.5462184873945,0.35714285714285715,0.1530612244897959
479,RR_MP_2,-3.006346743735012,25.760158537955128,0.23656549015609918,rr,10800.0,108,3981.4814814814818,0.2962962962962963,0.1944444444444444
480,RR_MP_2,24.816008189738177,53.582513471428314,0.7589609364275685,rr,20900.0,234,5980.861244019139,0.2777777777777778,0.188034188034188
488,RR_MP_2,9.246425259905005,38.012930541595146,0.11777880855341305,rr,9300.0,174,9247.31182795699,0.5114942528735632,0.160919540229885
489,RR_MP_2,-7.823638410174286,20.942866871515854,0.02088785548454375,rr,17400.0,81,2586.206896551724,0.5555555555555556,0.4567901234567901
490,RR_MP_2,-17.432207035362477,11.334298246327663,5.90692688724019,rr,12200.0,110,3524.590163934426,0.4636363636363636,0.2636363636363636
491,RR_MP_2,7.209698275706136,35.976203557396275,0.5417077034280262,rr,10700.0,120,6448.598130841122,0.4583333333333333,0.2166666666666666
492,RR_MP_2,15.928367654345092,44.69487293603523,1.9037171434109155,rr,31000.0,289,5354.8387096774195,0.27335640138408307,0.2110726643598615
493,RR_MP_2,5.965444540499639,34.731949822189776,1.651852312524547,rr,9000.0,78,3555.5555555555557,0.3717948717948718,0.2948717948717949
494,RR_MP_2,-1.4607446888939923,27.305760592796148,0.43130980590481216,rr,258900.0,1860,6253.379683275395,0.4456989247311828,0.3403225806451613
495,RR_MP_2,11.383026272433465,40.149531554123605,1.3605818028735763,rr,46100.0,279,3839.479392624729,0.4157706093189964,0.2867383512544803
502,RR_R1_2,18.270155391133052,47.39317475733023,0.052942158796392746,rr,300600.0,2639,7411.842980705257,0.6472148541114059,0.5305039787798409
503,RR_R1_2,14.328210093007868,43.45122945920505,0.47830008251450273,rr,23900.0,325,8912.133891213389,0.48,0.3015384615384615
504,RR_R1_2,-2.4088047415835603,26.71421462461362,0.7722668889491622,rr,21200.0,347,10188.67924528302,0.41210374639769454,0.2536023054755043
505,RR_R1_2,8.88245217457475,38.00547154077193,0.19975703391276678,rr,184900.0,1490,7106.544077879935,0.6731543624161074,0.5543624161073826
506,RR_R1_2,21.01201865924577,50.13503802544295,2.373018355163868,rr,54800.0,381,5054.744525547445,0.6377952755905512,0.4986876640419947
507,RR_R1_2,21.382251679629807,50.50527104582699,0.28289381039212635,rr,11600.0,178,7327.586206896552,0.4044943820224719,0.2921348314606741
508,RR_R1_2,20.61499387293501,49.73801323913219,2.989787991789722,rr,30600.0,243,6143.7908496732025,0.7613168724279835,0.6049382716049383
509,RR_R1_2,13.351610350708643,42.474629716905824,0.3706578272994525,rr,389800.0,2700,6300.667008722422,0.642962962962963,0.5596296296296296
510,RR_R1_2,8.873305163757895,37.996324529955075,0.406133040311051,rr,113000.0,1075,6601.769911504424,0.6381395348837209,0.3637209302325581
524,RR_R1_2,24.432806094805805,53.55582546100298,0.46352814810033216,rr,42900.0,327,4265.734265734266,0.25382262996941896,0.2232415902140672
525,RR_R1_2,22.46635348028962,51.589372846486796,0.7446994899709285,rr,15700.0,162,4840.764331210192,0.2962962962962963,0.1851851851851851
526,RR_R1_2,18.307136020598346,47.430155386795526,5.448965349565689,rr,55700.0,500,5350.089766606822,0.4,0.212
527,RR_R1_2,43.012549562422016,72.1355689286192,9.928178352503746,rr,11000.0,71,2909.0909090909095,0.29577464788732394,0.2816901408450704
528,RR_R1_2,32.99843987574609,62.12145924194327,2.860441059383902,rr,46000.0,303,4065.217391304348,0.297029702970297,0.2442244224422442
529,RR_R1_2,-1.1353768485092017,27.987642517687977,0.7073545766401089,rr,47700.0,397,5366.876310272537,0.3224181360201511,0.216624685138539
530,RR_R1_2,31.601085167506216,60.7241045337034,4.410673490424481,rr,18100.0,283,5856.35359116022,0.3321554770318021,0.1625441696113074
511,RR_CFA_2,27.437516609918752,54.370892207867,2.8039624059241124,rr,21100.0,71,2132.7014218009476,0.16901408450704225,0.1690140845070422
512,RR_CFA_2,11.064749572215257,37.998125170163505,3.721458751212697,rr,18000.0,43,944.4444444444446,0.27906976744186046,0.2093023255813953
513,RR_CFA_2,3.1455974808500677,30.078973078798313,5.502261651768935,rr,19200.0,47,1354.1666666666667,0.2127659574468085,0.2127659574468085
514,RR_CFA_2,6.1422263115731015,33.075601909521346,2.7385242413302273,rr,10600.0,31,1792.4528301886792,0.1935483870967742,0.1935483870967742
521,RR_CFA_2,3.6321148087528545,30.5654904067011,6.357831050344286,rr,9700.0,11,1134.020618556701,0.45454545454545453,0.3636363636363636
522,RR_CFA_2,10.700731747924637,37.634107345872884,6.3252029616371015,rr,5100.0,18,1176.470588235294,0.2222222222222222,0.2222222222222222
523,RR_CFA_2,18.438317160218443,45.37169275816669,7.9192801440289315,rr,14800.0,40,1216.2162162162165,0.2,0.2
515,RR_P3_1,7.005135616564335,38.38594613873846,0.2990226406216032,rr,96600.0,922,7370.600414078675,0.5813449023861171,0.351409978308026
516,RR_P3_1,0.7681691507555781,32.148979672929705,0.4297553792945667,rr,75200.0,849,8151.595744680851,0.6124852767962309,0.287396937573616
517,RR_P3_1,2.8791688130111845,34.259979335185314,0.4862748377460193,rr,20500.0,299,8878.048780487805,0.46153846153846156,0.2107023411371237
518,RR_P3_1,3.2358384648527516,34.616648987026885,2.0998140058958437,rr,34000.0,327,7264.7058823529405,0.5474006116207951,0.3149847094801223
519,RR_P3_1,-4.331111925496209,27.04969859667792,0.4823584646244683,rr,155800.0,1438,7727.856225930681,0.7023643949930459,0.4645340751043115
520,RR_P3_1,10.65442816211265,42.03523868428678,0.013249792963866192,rr,427400.0,3624,7311.651848385587,0.5949227373068433,0.4177704194260486
531,RR_P3_1,-3.975959003527991,27.40485151864614,0.19654799098942188,rr,5900.0,145,6101.6949152542375,0.47586206896551725,0.2
532,RR_P3_1,5.65269341584671,37.03350393802084,0.38729399375345475,rr,89700.0,542,4704.570791527313,0.34317343173431736,0.2675276752767527
533,RR_P3_1,8.618636931493976,39.999447453668104,2.310532965924061,rr,14500.0,121,3034.4827586206893,0.3305785123966942,0.3140495867768595
534,RR_P3_1,3.9618972987132697,35.3427078208874,1.498480843980173,rr,20300.0,144,4285.714285714286,0.4722222222222222,0.3055555555555556
535,RR_P3_1,28.018018472877003,59.39882899505113,2.2056681017590094,rr,19300.0,211,4248.704663212435,0.24644549763033174,0.2132701421800948
536,RR_P3_1,-5.712502448842029,25.6683080733321,0.16450990435321033,rr,6800.0,95,4411.764705882353,0.24210526315789474,0.1789473684210526
537,RR_P3_1,21.42815816963953,52.80896869181366,1.433546729876861,rr,9900.0,112,6767.676767676767,0.17857142857142858,0.1785714285714285
538,RR_P3_1,-0.2638087821953281,31.117001739978804,0.08990009002984903,rr,28800.0,238,6319.444444444444,0.48739495798319327,0.2436974789915966
539,RR_P3_1,-16.345968761254557,15.034841760919573,0.4902324219720544,rr,56700.0,472,7213.403880070547,0.5529661016949152,0.3008474576271186
540,RR_P3_1,-14.42086576137452,16.95994476079961,0.8724297271370824,rr,18600.0,132,4462.36559139785,0.4696969696969697,0.3106060606060606
541,RR_P3_1,10.093664468013262,41.47447499018739,0.7548297228448897,rr,19400.0,197,3144.3298969072166,0.25888324873096447,0.2131979695431472
542,RR_P3_1,-4.732808944996114,26.648001577178015,1.6545810579304001,rr,7200.0,95,9027.777777777776,0.37894736842105264,0.1684210526315789
543,RR_P3_1,-1.3075370007889768,30.073273521385154,3.629260053909305,rr,8300.0,62,2650.602409638554,0.3709677419354839,0.3709677419354839
544,RR_P3_1,-5.941956787390764,25.438853734783365,0.044490885933236246,rr,406100.0,3370,6995.813838955922,0.5741839762611276,0.4172106824925816
545,RR_P3_1,-4.833515151664719,26.54729537050941,0.523233200569936,rr,45000.0,347,5422.222222222223,0.4438040345821326,0.2680115273775216
546,RR_OS2_2,-12.767493524511849,17.275467335797117,2.659865281570781,rr,15800.0,71,1392.4050632911392,0.19718309859154928,0.1971830985915492
547,RR_OS2_2,11.666479290605508,41.709440150914475,4.732030155254961,rr,8300.0,45,1807.2289156626505,0.15555555555555556,0.1555555555555555
548,RR_OS2_2,-18.20098681868173,11.841974041627235,3.2055193621897082,rr,37900.0,180,3509.2348284960417,0.35,0.2
549,RR_OS2_2,7.419587716459847,37.46254857676881,3.4747257755902266,rr,13500.0,58,2222.222222222222,0.25862068965517243,0.1896551724137931
550,RR_OS2_2,-31.632367352242888,-1.5894064919339215,0.631865005492255,rr,14800.0,67,1418.918918918919,0.19402985074626866,0.1940298507462686
551,RR_OS2_2,-27.15826139024262,2.8846994700663444,6.1069536737603425,rr,7300.0,38,1506.849315068493,0.21052631578947367,0.2105263157894736
552,RR_OS2_2,-17.343065237743893,12.699895622565073,1.0889585002663065,rr,8900.0,49,1797.7528089887642,0.16326530612244897,0.1632653061224489
569,RR_OS2_2,-29.25656519997386,0.7863956603351063,0.8917701580352091,rr,13300.0,85,3157.8947368421054,0.4117647058823529,0.2705882352941176
570,RR_OS2_2,-33.45976327150089,-3.4168024111919237,1.7264195419556003,rr,209300.0,898,3277.591973244147,0.5367483296213809,0.311804008908686
571,RR_OS2_2,-15.104292751365271,14.938668108943695,2.159747355779057,rr,82100.0,566,4859.926918392204,0.30212014134275617,0.2208480565371024
572,RR_OS2_2,-22.065580748149863,7.9773801121591035,2.6261479039391684,rr,17500.0,123,3828.571428571428,0.5121951219512195,0.2276422764227642
573,RR_OS2_2,-23.824437494701442,6.218523365607524,0.3378025422026525,rr,172300.0,628,3302.3795705165408,0.7213375796178344,0.6735668789808917
574,RR_OS2_2,-10.8357379567671,19.20722290354187,3.074727846284801,rr,7400.0,67,3783.783783783784,0.26865671641791045,0.2388059701492537
553,RR_P1_2,-7.363273705233272,27.882761292133143,2.122160210348974,rr,54500.0,586,8055.045871559633,0.6177474402730375,0.4829351535836177
554,RR_P1_2,-6.7957366267537775,28.450298370612636,0.3802460893220245,rr,26400.0,547,9848.484848484848,0.39853747714808047,0.2888482632541133
555,RR_P1_2,-2.7934371757327674,32.452597821633645,0.03913439297829879,rr,31500.0,437,10158.73015873016,0.4988558352402746,0.391304347826087
556,RR_P1_2,-3.872252503566292,31.373782493800125,0.5210804281743779,rr,7000.0,109,5428.571428571428,0.6422018348623854,0.5963302752293578
557,RR_P1_2,-21.517100037315586,13.728934960050829,0.028706087162381877,rr,283500.0,2435,7216.931216931218,0.682135523613963,0.5379876796714579
558,RR_P1_2,-22.43163181093186,12.814403186434554,0.44088395354356713,rr,6900.0,117,8260.869565217392,0.5726495726495726,0.4700854700854701
559,RR_P1_2,8.842996266125313,44.08903126349173,2.5687535793257763,rr,6200.0,67,6774.193548387097,0.8507462686567164,0.7164179104477612
560,RR_P1_2,-16.488063434316544,18.75797156304987,1.8097389523004814,rr,53500.0,581,7644.859813084112,0.6678141135972461,0.4836488812392427
561,RR_P1_2,-28.538883679586583,6.707151317779832,0.34490186105161413,rr,100600.0,1018,8081.510934393638,0.6581532416502947,0.4980353634577603
562,RR_P1_2,-22.390157064827143,12.855877932539272,1.5840590821436322,rr,45100.0,418,6141.906873614191,0.6985645933014354,0.5550239234449761
575,RR_P1_2,-25.325591239782653,9.920443757583762,1.5010642810283539,rr,162700.0,895,4505.224339274739,0.7597765363128491,0.6435754189944134
576,RR_P1_2,-29.687760611659357,5.558274385707058,4.491534063158587,rr,10500.0,97,3714.285714285714,0.6494845360824743,0.5979381443298969
577,RR_P1_2,-20.663295164619417,14.582739832746999,0.5623022502558062,rr,17200.0,204,6220.930232558139,0.4264705882352941,0.3676470588235294
578,RR_P1_2,-13.886005080282112,21.360029917084304,2.594889200572351,rr,8100.0,115,3580.246913580247,0.5304347826086957,0.3478260869565217
579,RR_P1_2,-15.992151734528397,19.253883262838016,0.06667528901893949,rr,216400.0,1411,5536.044362292051,0.6435152374202693,0.5216158752657689
580,RR_P1_2,-23.220696024882397,12.025338972484018,1.0301958277251249,rr,69700.0,426,4002.8694404591106,0.5657276995305164,0.4906103286384976
581,RR_P1_2,-25.475293387496798,9.770741609869617,0.6037287752981708,rr,69800.0,470,4312.320916905444,0.6127659574468085,0.4829787234042553
582,RR_P1_2,-21.807088666414213,13.438946330952202,1.0399491643124552,rr,6900.0,92,5072.463768115942,0.45652173913043476,0.4239130434782608
583,RR_P1_2,-30.936016371472803,4.310018625893612,0.21195708874577512,rr,122100.0,1105,6552.006552006552,0.5755656108597285,0.4425339366515837
584,RR_P1_2,-15.432608384936081,19.813426612430334,1.0691036181315194,rr,200500.0,1395,5371.571072319201,0.628673835125448,0.5347670250896057
585,RR_P1_2,-23.115980074719737,12.130054922646679,3.941487750777222,rr,10100.0,86,4356.435643564357,0.6744186046511628,0.5813953488372093
586,RR_P1_2,-22.61165555248266,12.634379444883756,1.731821758623525,rr,29400.0,204,4421.768707482994,0.6372549019607843,0.5637254901960784
587,RR_P1_2,-20.083523851854878,15.162511145511537,1.6278031016293362,rr,19500.0,213,6871.794871794872,0.6901408450704225,0.3896713615023474
588,RR_P1_2,-15.506336932485953,19.739698064880464,0.5228222607079971,rr,8300.0,99,3734.939759036145,0.6565656565656566,0.4646464646464646
589,RR_P1_2,-11.658896288151567,23.587138709214848,2.5028177810192,rr,14700.0,110,4625.850340136055,0.6181818181818182,0.4818181818181818
590,RR_P1_2,-4.77328482734645,30.472750170019964,0.6131621883566196,rr,72500.0,812,8537.931034482759,0.5344827586206896,0.4211822660098522
591,RR_P1_2,-15.552635227957236,19.69339976940918,1.0604797302160494,rr,15400.0,259,6753.246753246753,0.5752895752895753,0.3938223938223938
592,RR_P1_2,-14.672097873610944,20.57393712375547,1.4652616522597892,rr,20000.0,297,7700.0,0.5757575757575758,0.404040404040404
593,RR_P1_2,-16.802864790561546,18.44317020680487,0.888128313039009,rr,38100.0,405,5721.784776902887,0.6197530864197531,0.5456790123456791
594,RR_P1_2,-7.217736254217116,28.0282987431493,0.2794495329982576,rr,96500.0,1115,8145.077720207254,0.5596412556053811,0.4089686098654708
595,RR_P1_2,-7.674495175707734,27.571539821658682,1.5455786505385016,rr,5500.0,112,6727.272727272728,0.625,0.4821428571428571
596,RR_P1_2,-18.027664236973003,17.218370760393412,0.7283598845695032,rr,46400.0,480,7715.517241379311,0.6395833333333333,0.5208333333333334
597,RR_P1_2,-2.1081616542223336,33.13787334314408,0.763945768015546,rr,12600.0,211,7460.31746031746,0.4549763033175355,0.3933649289099526
598,RR_P1_2,-25.76104037138228,9.484994625984136,0.25506496717607696,rr,12100.0,136,6363.636363636364,0.6617647058823529,0.6029411764705882
599,RR_P1_2,-13.3045054358999,21.941529561466517,2.7233165767311505,rr,6200.0,128,10645.16129032258,0.5546875,0.359375
600,RR_P1_2,-18.268361636841224,16.97767336052519,0.8470394547715436,rr,46200.0,448,6796.536796536797,0.6941964285714286,0.5736607142857143
601,RR_P1_2,-4.628037450923902,30.617997546442513,1.617673571889034,rr,21600.0,329,9629.62962962963,0.6534954407294833,0.3738601823708207
563,RR_P3_2,-13.91811792738621,17.882666294536893,0.8567543347233917,rr,143900.0,1182,5851.2856150104235,0.760575296108291,0.7191201353637902
564,RR_P3_2,-16.003453672238944,15.797330549684158,0.5947117996277349,rr,155800.0,1387,6450.577663671374,0.7512617159336697,0.7166546503244412
565,RR_P3_2,-9.911068200149938,21.889716021773165,1.137762869847048,rr,27200.0,336,6691.176470588236,0.7410714285714286,0.6815476190476191
566,RR_P3_2,6.961458144551262,38.76224236647437,1.4084680753656782,rr,107500.0,1128,6260.46511627907,0.699468085106383,0.599290780141844
567,RR_P3_2,11.022774844675963,42.82355906659907,0.5195555649793953,rr,6800.0,174,6323.529411764706,0.6379310344827587,0.5402298850574713
568,RR_P3_2,7.923254559067111,39.72403878099021,1.2758826642007546,rr,20700.0,310,8647.342995169081,0.6806451612903226,0.6
602,RR_P3_2,15.487749727884799,47.2885339498079,0.1998369438798111,rr,24000.0,374,9708.333333333334,0.3609625668449198,0.2272727272727272
603,RR_P3_2,-6.365377614558939,25.435406607364165,0.6098150942335789,rr,31400.0,186,4426.751592356688,0.6827956989247311,0.5752688172043011
604,RR_P3_2,-2.7179649937439385,29.082819228179165,1.163983361418826,rr,343200.0,2243,5393.356643356643,0.5974141774409273,0.4939812750780205
605,RR_P3_2,16.153856712917978,47.95464093484108,3.296996646940749,rr,24200.0,255,6818.181818181818,0.42745098039215684,0.3411764705882353
606,RR_P3_2,-11.770439441310579,20.030344780612523,0.843519820482932,rr,485900.0,2893,5264.457707347191,0.594192879363982,0.5219495333563775
607,RR_P3_2,-3.4236419613693996,28.377142260553704,0.9889941388391084,rr,16500.0,156,3696.969696969697,0.42948717948717946,0.3717948717948718
608,RR_P3_2,-6.076066280809622,25.724717941113482,1.139320053536124,rr,31600.0,518,6772.151898734177,0.8764478764478765,0.8146718146718147
609,RR_P3_2,-4.797958564009411,27.00282565791369,0.23559644089040876,rr,34600.0,513,7225.433526011561,0.8674463937621832,0.8304093567251462
610,RR_P3_2,2.6000587830325292,34.40084300495563,2.3606451171590193,rr,7800.0,214,9102.564102564103,0.822429906542056,0.7616822429906542
611,RR_P3_2,0.9204053573245041,32.72118957924761,0.4963619031915304,rr,9500.0,231,7684.21052631579,0.8268398268398268,0.7922077922077922
612,RR_P3_2,-4.093451857836265,27.707332364086838,2.3238984511324308,rr,23200.0,438,8275.862068965518,0.8424657534246576,0.7785388127853882
613,RR_P3_2,-10.853236504205501,20.9475477177176,1.7057330674649798,rr,8900.0,231,11797.752808988764,0.8441558441558441,0.7965367965367965
614,RR_CFA_3,-5.1419783777768036,21.79139722017144,2.6353696700920697,rr,8100.0,36,1728.3950617283951,0.1388888888888889,0.1388888888888889
615,RR_CFA_3,13.139131056079368,40.07250665402761,1.4600164733693717,rr,11300.0,38,1415.929203539823,0.15789473684210525,0.1578947368421052
651,RR_CFA_3,-2.52079327824975,24.412582319698494,1.4849423271318418,rr,7600.0,32,1315.7894736842106,0.1875,0.1875
652,RR_CFA_3,8.605807718690675,35.53918331663892,4.904409737838223,rr,7200.0,11,1250.0,0.45454545454545453,0.3636363636363636
661,RR_CFA_3,-9.234128818307353,17.699246779640895,0.3891309621411505,rr,5000.0,29,1800.0,0.1724137931034483,0.1724137931034483
662,RR_CFA_3,2.068602622455734,29.00197822040398,0.7209042749094192,rr,11100.0,48,1351.3513513513512,0.1875,0.1875
663,RR_CFA_3,0.4534926161500325,27.38686821409828,0.6327702016843413,rr,7200.0,26,1111.111111111111,0.23076923076923078,0.1923076923076923
664,RR_CFA_3,-11.433009513788,15.500366084160245,12.044644914279877,rr,8800.0,44,1250.0,0.13636363636363635,0.1363636363636363
616,RR_MP_3,13.122589091102919,41.93365863335644,1.2193302754453663,rr,18900.0,122,2698.4126984126983,0.2459016393442623,0.1967213114754098
617,RR_MP_3,15.1085942284047,43.91966377065822,1.2184509538053643,rr,9000.0,59,2111.1111111111113,0.2711864406779661,0.2033898305084746
618,RR_MP_3,24.546574242847665,53.35764378510119,0.7562917210850966,rr,40900.0,284,2420.5378973105135,0.24295774647887325,0.2007042253521127
619,RR_MP_3,14.31276665265514,43.12383619490866,0.5309242683786692,rr,51500.0,204,2932.0388349514565,0.3480392156862745,0.2696078431372549
620,RR_MP_3,18.559483450164457,47.37055299241798,3.0344260652604245,rr,10100.0,88,2079.207920792079,0.2159090909090909,0.2045454545454545
621,RR_MP_3,10.562058931389458,39.37312847364298,5.547930324843287,rr,6500.0,48,3692.307692307693,0.3125,0.2083333333333333
636,RR_MP_3,-2.715376047659733,26.09569349459379,1.5741239592849672,rr,38500.0,174,3090.909090909091,0.3333333333333333,0.293103448275862
637,RR_MP_3,17.019907775177796,45.83097731743132,1.884253788662897,rr,37500.0,197,3040.0,0.2639593908629442,0.2131979695431472
638,RR_MP_3,14.876746651743927,43.68781619399745,1.256384605150891,rr,49300.0,173,2393.509127789047,0.42196531791907516,0.3526011560693641
639,RR_MP_3,-1.1820356879835854,27.629033854269935,0.3705337087870264,rr,5500.0,44,2909.0909090909095,0.2727272727272727,0.2727272727272727
640,RR_MP_3,9.371744209246645,38.18281375150016,0.7584513605640746,rr,7400.0,54,2432.4324324324325,0.42592592592592593,0.2407407407407407
641,RR_MP_3,15.63343935849356,44.44450890074708,1.0390305896799932,rr,30500.0,171,2819.672131147541,0.25146198830409355,0.2339181286549707
642,RR_MP_3,17.699310500440976,46.51038004269449,1.350779578823433,rr,55600.0,450,4802.158273381296,0.24222222222222223,0.1911111111111111
643,RR_MP_3,15.107018407888269,43.91808795014179,0.6656056993620441,rr,5100.0,28,2352.9411764705883,0.39285714285714285,0.3928571428571428
644,RR_MP_3,15.239521982177338,44.05059152443086,0.06464384100755449,rr,13200.0,88,2651.5151515151515,0.23863636363636365,0.2045454545454545
645,RR_MP_3,-3.971504355555,24.839565186698522,2.6450566022775397,rr,45000.0,163,2444.4444444444443,0.37423312883435583,0.263803680981595
646,RR_MP_3,4.149665412682075,32.960734954935596,2.631025721802141,rr,12200.0,61,2131.147540983606,0.2459016393442623,0.2295081967213114
647,RR_MP_3,-2.0083905776757254,26.802678964577794,3.599864374760565,rr,5800.0,53,3103.4482758620693,0.20754716981132076,0.2075471698113207
648,RR_MP_3,-0.6259447264751264,28.185124815778394,0.5316243953754614,rr,8000.0,70,1875.0,0.18571428571428572,0.1714285714285714
649,RR_MP_3,-5.3441688907415275,23.466900651511992,0.1266506645029839,rr,169800.0,1029,4876.325088339222,0.39941690962099125,0.2448979591836734
650,RR_MP_3,-5.660453414381535,23.150616127871984,2.6128087335637007,rr,12200.0,65,2377.0491803278687,0.26153846153846155,0.2153846153846154
622,RR_R2LONG_1,28.549407996710443,56.64744936994988,1.258728119884717,rr,46300.0,286,1965.4427645788337,0.21328671328671328,0.1923076923076923
623,RR_R2LONG_1,10.925747657581809,39.02378903082125,1.3053030056749328,rr,7000.0,25,1571.428571428571,0.48,0.48
624,RR_R2LONG_1,25.080229350215344,53.17827072345478,0.1270673749366491,rr,10400.0,97,2403.846153846154,0.16494845360824742,0.1443298969072164
625,RR_R2LONG_1,26.451591331438436,54.549632704677876,0.5421615035765583,rr,96900.0,504,3054.6955624355005,0.22817460317460317,0.2063492063492063
626,RR_R2LONG_1,11.360049821733126,39.45809119497256,2.5231380619516406,rr,23900.0,79,1673.6401673640166,0.35443037974683544,0.3544303797468354
627,RR_R2LONG_1,34.021887297499575,62.119928670739014,1.7319564601316593,rr,18300.0,108,1530.0546448087432,0.24074074074074073,0.2037037037037037
628,RR_R2LONG_1,22.12180286729547,50.21984424053491,4.100707859024611,rr,17300.0,88,1965.3179190751448,0.23863636363636365,0.2272727272727272
629,RR_R2LONG_1,28.886542412193823,56.98458378543326,1.0753494350459665,rr,117300.0,777,3955.669224211424,0.24967824967824967,0.2252252252252252
630,RR_R2LONG_1,19.977414698492932,48.07545607173237,2.064934868049269,rr,19400.0,165,3865.9793814432983,0.2909090909090909,0.206060606060606
631,RR_R2LONG_1,32.71835697434257,60.81639834758201,1.0405667039184632,rr,11600.0,158,4568.9655172413795,0.22151898734177214,0.189873417721519
632,RR_R2LONG_1,32.65835434277735,60.75639571601678,1.4365808570049605,rr,23900.0,251,4142.259414225941,0.26294820717131473,0.1872509960159362
633,RR_R2LONG_1,24.92510713430986,53.023148507549294,0.06807366621311672,rr,42900.0,290,3589.74358974359,0.2620689655172414,0.2206896551724138
634,RR_R2LONG_1,21.586544220291128,49.684585593530564,0.2889068455812964,rr,7300.0,88,2328.767123287671,0.38636363636363635,0.2159090909090909
635,RR_R2LONG_1,27.277703329094525,55.37574470233396,1.7546199041617019,rr,5900.0,51,3898.305084745763,0.3333333333333333,0.2549019607843137
653,RR_R2LONG_1,20.835782519823738,48.93382389306318,2.0781551694924207,rr,61200.0,219,1928.1045751633987,0.2146118721461187,0.2054794520547945
654,RR_R2LONG_1,15.247967277450805,43.34600865069024,1.547020682226627,rr,29300.0,159,3412.9692832764504,0.3333333333333333,0.1886792452830188
655,RR_R2LONG_1,14.228131839322687,42.326173212562125,3.354599528910234,rr,45900.0,170,1895.424836601307,0.2235294117647059,0.2117647058823529
656,RR_R2LONG_1,14.504319287732475,42.60236066097191,0.16073634595287434,rr,72600.0,312,2589.5316804407717,0.22435897435897437,0.2019230769230769
657,RR_R2LONG_1,2.307703576872896,30.405744950112332,2.0540270650025065,rr,7300.0,63,2191.780821917808,0.12698412698412698,0.1269841269841269
658,RR_R2LONG_1,20.94695632731298,49.044997700552415,0.28325407722895335,rr,30700.0,132,2573.2899022801303,0.2196969696969697,0.1893939393939394
659,RR_R2LONG_1,17.705981657763246,45.804023031002686,0.1529299299383382,rr,52400.0,280,2938.9312977099235,0.21428571428571427,0.1821428571428571
660,RR_R2LONG_1,26.581058989360162,54.6791003625996,0.7783314922436659,rr,11900.0,62,1764.705882352941,0.22580645161290322,0.2258064516129032
665,RR_P1_3,-14.857050205549712,17.799899473013802,1.296501495960853,rr,31400.0,407,7770.700636942675,0.6093366093366094,0.3808353808353808
666,RR_P1_3,-8.535142488765626,24.121807189797888,0.009518880464451485,rr,16800.0,305,7857.142857142858,0.5967213114754099,0.3081967213114754
667,RR_P1_3,-18.32898946194333,14.327960216620184,2.3295136952633246,rr,12200.0,140,6147.540983606557,0.7357142857142858,0.4428571428571428
668,RR_P1_3,-13.045231716613282,19.611717961950234,1.0213125457276053,rr,14400.0,169,6250.0,0.5562130177514792,0.4733727810650887
669,RR_P1_3,-25.235512833616234,7.42143684494728,0.23871247067549106,rr,13100.0,140,5038.167938931298,0.6785714285714286,0.5357142857142857
670,RR_P1_3,-33.887068438034376,-1.2301187594708622,4.511116982264632,rr,6700.0,85,3134.3283582089553,0.7647058823529411,0.6588235294117647
671,RR_P1_3,-23.07026454560315,9.586685132960366,0.7372226837020861,rr,6800.0,102,5000.0,0.6372549019607843,0.5392156862745098
672,RR_P1_3,-19.018314126543245,13.638635552020268,3.63437020674752,rr,10100.0,158,8118.81188118812,0.5886075949367089,0.4050632911392405
673,RR_P1_3,-33.39557376086353,-0.7386240823000136,2.8676734392196206,rr,23400.0,248,6581.196581196581,0.5564516129032258,0.4758064516129032
704,RR_P1_3,-14.313494665529198,18.343455013034315,1.540674588374313,rr,20500.0,220,6487.804878048781,0.6772727272727272,0.4181818181818181
705,RR_P1_3,-14.74493244546904,17.912017233094474,0.1831970374221763,rr,33100.0,284,5709.969788519638,0.7852112676056338,0.5105633802816901
706,RR_P1_3,-25.757981320572984,6.89896835799053,0.10597476908111148,rr,9800.0,108,4489.795918367347,0.6944444444444444,0.5925925925925926
707,RR_P1_3,-12.70194680472531,19.955002873838204,0.40795110250346234,rr,18600.0,185,5376.344086021506,0.5351351351351351,0.4864864864864865
708,RR_P1_3,-13.499418547276019,19.157531131287495,1.391372849062483,rr,9700.0,161,6804.123711340206,0.5341614906832298,0.3416149068322981
709,RR_P1_3,-33.238551762795815,-0.5816020842323013,0.4082884249767851,rr,10500.0,162,9428.571428571428,0.5308641975308642,0.345679012345679
710,RR_P1_3,-13.42626290098968,19.230686777573833,1.2888783044465075,rr,17900.0,242,7765.36312849162,0.5991735537190083,0.3512396694214876
711,RR_P1_3,-24.993759235919594,7.66319044264392,0.21708236533207348,rr,99600.0,908,7630.522088353414,0.6244493392070485,0.4724669603524229
712,RR_P1_3,-6.123313252161515,26.533636426401998,4.944075030431285,rr,5200.0,84,5769.2307692307695,0.5714285714285714,0.4880952380952381
713,RR_P1_3,-9.35842290968517,23.298526768878343,1.1414203788370392,rr,13800.0,206,10000.0,0.5679611650485437,0.3398058252427184
714,RR_P1_3,-28.32310494699794,4.3338447315655735,1.3618517918966386,rr,18500.0,154,5621.621621621622,0.7467532467532467,0.5714285714285714
715,RR_P1_3,-11.269235121610011,21.387714556953505,0.5976484726566804,rr,36400.0,437,8818.681318681318,0.5491990846681922,0.3752860411899313
725,RR_P1_3,-31.732358103910908,0.9245915746526059,0.2239463117296836,rr,144200.0,697,3488.210818307906,0.5552367288378766,0.381635581061693
726,RR_P1_3,-31.785895080963776,0.8710545975997377,2.1687618021805743,rr,32200.0,190,3571.4285714285716,0.4789473684210526,0.3578947368421052
727,RR_P1_3,-29.354677060073982,3.302272618489532,1.5126817418241956,rr,133200.0,591,3783.7837837837833,0.7225042301184433,0.5499153976311336
728,RR_P1_3,-31.674344139474364,0.9826055390891497,3.121782350442027,rr,67100.0,337,3740.685543964232,0.5905044510385756,0.3887240356083086
729,RR_P1_3,-24.644492600933063,8.012457077630451,1.1120580964099833,rr,10500.0,87,3333.333333333333,0.41379310344827586,0.3333333333333333
730,RR_P1_3,-16.092705080242556,16.564244598320958,0.8970815615405447,rr,45200.0,435,7123.893805309735,0.367816091954023,0.2298850574712643
731,RR_P1_3,-6.759246179702892,25.897703498860622,1.3340260377558182,rr,179300.0,1034,4261.015058561071,0.5019342359767892,0.3288201160541586
732,RR_P1_3,-14.943098573069408,17.713851105494108,0.19696195412772255,rr,44600.0,460,7399.103139013453,0.40652173913043477,0.2847826086956522
674,RR_MP_4,7.501357223780095,35.69332026713736,0.02598174999832814,rr,17400.0,201,3678.16091954023,0.19402985074626866,0.1691542288557214
675,RR_MP_4,13.114239592018391,41.306202635375655,1.5642769227782667,rr,40200.0,316,4601.9900497512435,0.25316455696202533,0.2278481012658227
676,RR_MP_4,16.569827953910792,44.76179099726806,0.24386975401191613,rr,16400.0,165,5426.829268292682,0.24848484848484848,0.1878787878787878
677,RR_MP_4,18.314721675582476,46.50668471893974,0.11965242244667884,rr,8600.0,83,4883.720930232558,0.30120481927710846,0.2409638554216867
678,RR_MP_4,2.6571069491980333,30.8490699925553,2.331199852642394,rr,29700.0,277,6161.616161616162,0.22743682310469315,0.1913357400722021
679,RR_MP_4,-0.9705653821796004,27.221397661177665,0.5634137689928771,rr,160800.0,1071,5441.542288557214,0.46405228758169936,0.323062558356676
680,RR_MP_4,-12.177750498157714,16.014212545199552,0.8235622122684427,rr,12400.0,67,2338.709677419355,0.40298507462686567,0.3582089552238806
681,RR_MP_4,2.041601663517974,30.23356470687524,1.5162782328457625,rr,43300.0,273,4318.706697459585,0.46886446886446886,0.2673992673992674
682,RR_MP_4,0.5231151745877197,28.715078217944985,1.401987516803914,rr,16600.0,215,5542.168674698795,0.3627906976744186,0.1720930232558139
683,RR_MP_4,10.364916723737359,38.55687976709463,1.6371208881201804,rr,31900.0,213,3354.2319749216304,0.30985915492957744,0.2347417840375587
684,RR_MP_4,-3.6894202528902116,24.502542790467054,2.1404013425820567,rr,11900.0,77,2100.8403361344535,0.2987012987012987,0.2987012987012987
685,RR_MP_4,-4.361179276008196,23.830783767349068,0.17714345983864765,rr,90800.0,470,3469.1629955947133,0.3276595744680851,0.2808510638297872
686,RR_MP_4,-7.526636496174043,20.665326547183223,0.8044128144260472,rr,154100.0,992,5223.880597014926,0.3941532258064516,0.2560483870967742
687,RR_MP_4,-11.82142175218866,16.370541291168607,2.56347131265038,rr,63400.0,323,4116.719242902208,0.4674922600619195,0.3065015479876161
688,RR_MP_4,-10.42486731774129,17.767095725615974,1.8255746710234018,rr,16800.0,98,3095.2380952380954,0.5510204081632653,0.2959183673469387
689,RR_MP_4,-18.76280104333327,9.429162000023997,2.4320686791342716,rr,24500.0,134,3918.3673469387754,0.6417910447761194,0.3432835820895522
698,RR_MP_4,0.13229792069804663,28.324260964055313,1.5403046467158492,rr,29600.0,373,6520.27027027027,0.3190348525469169,0.225201072386059
699,RR_MP_4,-11.346199048886634,16.84576399447063,0.32076597186875855,rr,108100.0,764,5263.644773358002,0.443717277486911,0.4031413612565445
700,RR_MP_4,-6.711127734388108,21.48083530896916,0.22167273467501758,rr,12000.0,106,3916.6666666666665,0.5094339622641509,0.3962264150943396
701,RR_MP_4,5.244035530588702,33.435998573945966,0.9083853943875169,rr,120900.0,946,5624.483043837883,0.4249471458773784,0.3234672304439746
702,RR_MP_4,-11.368431825237762,16.823531218119506,0.7687908682281765,rr,78200.0,522,5217.391304347826,0.4885057471264368,0.446360153256705
703,RR_MP_4,-2.519726898655186,25.67223614470208,1.3563659919484539,rr,56200.0,447,5409.252669039146,0.44966442953020136,0.3310961968680089
690,RR_P3_3,10.163620259734087,43.07577569954213,0.941327632654736,rr,133900.0,763,4757.281553398058,0.3420707732634338,0.3171690694626474
691,RR_P3_3,22.680067103810273,55.59222254361831,1.660066062417453,rr,63700.0,425,3924.646781789638,0.2917647058823529,0.2517647058823529
692,RR_P3_3,23.00740561773472,55.91956105754276,0.7533778296299793,rr,134500.0,875,4386.617100371747,0.36228571428571427,0.24
693,RR_P3_3,7.510256280796501,40.42241172060454,0.36695075568814106,rr,180600.0,1024,4413.067552602436,0.4892578125,0.3388671875
694,RR_P3_3,2.2862340583283904,35.19838949813643,0.2746604715709817,rr,23700.0,280,6624.472573839663,0.21428571428571427,0.175
695,RR_P3_3,6.570104012033165,39.4822594518412,0.173944823536488,rr,81500.0,459,3889.570552147239,0.3202614379084967,0.2832244008714596
696,RR_P3_3,-10.105153317475908,22.80700212233213,3.533895403498235,rr,7400.0,72,5540.54054054054,0.3472222222222222,0.2222222222222222
697,RR_P3_3,5.263337862756986,38.17549330256502,0.7806373228081998,rr,10300.0,121,4466.019417475728,0.30578512396694213,0.1900826446280991
716,RR_P3_3,-0.2535332930774289,32.65862214673061,0.945782319504543,rr,41100.0,537,9172.749391727495,0.659217877094972,0.4059590316573557
717,RR_P3_3,9.48287600956898,42.395031449377015,2.024516024144952,rr,12500.0,133,6880.0,0.6917293233082706,0.5413533834586466
718,RR_P3_3,-0.9855796998018307,31.926575740006207,0.16667051816324197,rr,292500.0,2803,7743.589743589744,0.6328933285765251,0.5483410631466286
719,RR_P3_3,14.799551689885151,47.71170712969319,0.3737975335512864,rr,9600.0,184,10000.0,0.40217391304347827,0.3152173913043478
720,RR_P3_3,12.901616541689098,45.81377198149714,3.092479859060524,rr,5700.0,83,4736.8421052631575,0.5662650602409639,0.5662650602409639
721,RR_P3_3,-2.5439827277443428,30.368172712063696,1.1906635792001747,rr,22700.0,293,9691.629955947135,0.5665529010238908,0.4197952218430034
722,RR_P3_3,-1.301498328752947,31.610657111055094,0.11012356126243772,rr,8900.0,174,7415.730337078652,0.6206896551724138,0.3620689655172414
723,RR_P3_3,0.024198824570602268,32.93635426437864,0.1293965966988385,rr,225800.0,2182,7271.9220549158545,0.6040329972502292,0.4862511457378551
724,RR_P3_3,4.6491673448663615,37.5613227846744,1.1137359034006706,rr,35200.0,347,5880.681818181818,0.5821325648414986,0.484149855907781
733,RR_P3_3,19.075759884091035,51.987915323899074,0.5094551528072468,rr,28600.0,386,7517.482517482517,0.39896373056994816,0.2901554404145077
734,RR_P3_3,-0.6716800531746102,32.24047538663343,1.345779017203079,rr,32900.0,390,5410.334346504559,0.49743589743589745,0.3102564102564102
735,RR_P3_3,7.043490573658715,39.955646013466755,1.1330847341062356,rr,196900.0,1890,7795.835449466735,0.6285714285714286,0.4687830687830688
736,RR_P3_3,-9.275286691165892,23.636868748642147,0.44076887047234514,rr,74000.0,745,7878.378378378378,0.6389261744966444,0.4939597315436241
737,RR_P3_3,2.8997633878517846,35.811918827659824,2.9004038754477457,rr,14800.0,120,4391.891891891892,0.5833333333333334,0.5333333333333333
738,RR_P3_3,11.777289297561342,44.689444737369385,0.5144513040019278,rr,19400.0,537,11237.113402061856,0.44692737430167595,0.1508379888268156
739,RR_P3_3,6.2431987649089296,39.15535420471697,0.34521934162738876,rr,63200.0,838,8259.493670886075,0.5011933174224343,0.2959427207637231
740,RR_P3_3,-3.5679857908646193,29.34416964894342,2.27617277239351,rr,24600.0,168,4390.243902439024,0.6964285714285714,0.6190476190476191
741,RR_P3_3,-1.3460897130868414,31.5660657267212,0.6688403385351464,rr,137300.0,1089,6081.573197378004,0.5573921028466483,0.4921946740128558
742,RR_P2_3,-16.766580375856947,16.150773103996535,0.7663091611135275,rr,116900.0,1148,7117.194183062446,0.5313588850174216,0.5087108013937283
743,RR_P2_3,-29.154959686052973,3.762393793800509,1.2277276027230588,rr,61100.0,773,8199.672667757774,0.4501940491591203,0.4191461836998706
744,RR_P2_3,1.2755979472147856,34.192951427068266,1.936425535555165,rr,26400.0,287,7083.333333333333,0.6027874564459931,0.5261324041811847
745,RR_P2_3,-10.00333429478009,22.914019185073393,0.7999128416007393,rr,144600.0,1230,6120.331950207468,0.5991869918699188,0.573170731707317
769,RR_P2_3,-19.03035906828308,13.886994411570402,2.2883981262560837,rr,23800.0,394,11680.67226890756,0.5736040609137056,0.4441624365482233
770,RR_P2_3,-38.23274154690211,-5.31538806704863,1.480436727801223,rr,10600.0,125,6415.094339622641,0.696,0.656
771,RR_P2_3,-8.864898282229111,24.05245519762437,1.5277561077063235,rr,139900.0,1240,6225.875625446748,0.65,0.5935483870967742
772,RR_P2_3,-17.35992628493282,15.557427194920663,0.6757728803398777,rr,5600.0,100,5178.571428571428,0.64,0.62
773,RR_P2_3,-25.973945571646606,6.943407908206876,1.5768371894141282,rr,166400.0,1447,6856.971153846154,0.6627505183137526,0.6240497581202488
774,RR_P2_3,-22.96544794581065,9.951905534042833,6.880724707935546,rr,5000.0,104,6800.0,0.6153846153846154,0.5961538461538461
783,RR_P2_3,-21.567595250679126,11.349758229174356,0.12599266746540572,rr,230300.0,1218,4528.87537993921,0.44499178981937604,0.4203612479474548
784,RR_P2_3,7.7225881933014335,40.639941673154915,7.601327610795005,rr,6700.0,107,7014.925373134328,0.3925233644859813,0.2429906542056074
785,RR_P2_3,-6.453382015278738,26.463971464574744,0.6953718313318373,rr,304400.0,1897,5358.081471747701,0.5166051660516605,0.441222983658408
746,RR_OS1_2,-32.62113999850674,-3.7208460803516417,1.5866095822603672,rr,98600.0,472,3458.41784989858,0.4788135593220339,0.3665254237288136
747,RR_OS1_2,-7.011715341223006,21.888578576932094,4.198075103347352,rr,19300.0,89,1658.0310880829015,0.24719101123595505,0.2134831460674157
748,RR_OS1_2,-30.412929471120922,-1.512635552965822,1.042950301509995,rr,6300.0,42,3015.873015873016,0.19047619047619047,0.1904761904761904
749,RR_OS1_2,-25.05142333998844,3.848870578166661,0.024834903014792076,rr,6800.0,31,2500.0,0.3548387096774194,0.3225806451612903
750,RR_OS1_2,-7.165903249301347,21.734390668853752,7.6734245889495725,rr,7100.0,25,1267.6056338028168,0.52,0.48
751,RR_OS1_2,-6.37542146269591,22.52487245545919,2.147870743565061,rr,11100.0,56,1621.6216216216214,0.16071428571428573,0.1607142857142857
752,RR_OS1_2,-10.637161464735895,18.263132453419203,4.114899742018587,rr,25800.0,82,1666.6666666666667,0.17073170731707318,0.1707317073170731
753,RR_OS1_2,-9.668299843569208,19.23199407458589,1.342400330495833,rr,9100.0,37,989.010989010989,0.21621621621621623,0.2162162162162162
754,RR_OS1_2,-20.84530911420343,8.054984803951669,10.805092607125353,rr,6100.0,26,1639.3442622950818,0.19230769230769232,0.1923076923076923
755,RR_OS1_2,-19.761873854958385,9.138420063196715,1.468049713859541,rr,18100.0,49,1381.2154696132595,0.20408163265306123,0.2040816326530612
765,RR_OS1_2,-12.688532108342006,16.211761809813094,8.27568731318938,rr,11500.0,29,956.5217391304348,0.27586206896551724,0.2758620689655172
766,RR_OS1_2,-7.6815060255657075,21.218787892589393,2.0540984102527617,rr,13300.0,47,2105.263157894737,0.1702127659574468,0.1702127659574468
767,RR_OS1_2,-27.360346856013575,1.5399470621415254,5.844020643561233,rr,9600.0,37,1979.1666666666667,0.16216216216216217,0.1621621621621621
768,RR_OS1_2,-5.246108068875745,23.654185849279354,3.3366150032508743,rr,5800.0,36,1551.7241379310346,0.1388888888888889,0.1388888888888889
756,RR_R1_3,-8.484341755293297,20.388202353350326,0.3374795153343486,rr,197400.0,1259,4964.5390070921985,0.3494837172359015,0.2652899126290707
757,RR_R1_3,2.0320363100223444,30.90458041866597,1.4145765411246722,rr,7300.0,128,7671.232876712329,0.1953125,0.1484375
758,RR_R1_3,3.747293539418767,32.61983764806239,1.1254722535235315,rr,45100.0,438,6851.441241685144,0.2579908675799087,0.2123287671232876
759,RR_R1_3,-7.25492515923424,21.617618949409383,0.8005624541380483,rr,20300.0,287,6108.374384236454,0.3170731707317073,0.1881533101045296
760,RR_R1_3,-13.287574998182748,15.584969110460875,1.7080582720515807,rr,19500.0,166,3897.4358974358975,0.23493975903614459,0.2228915662650602
761,RR_R1_3,-18.612053136865306,10.260490971778317,3.23101386949536,rr,11400.0,81,2982.456140350877,0.41975308641975306,0.3333333333333333
762,RR_R1_3,-5.789866209007839,23.082677899635783,1.4367306374164635,rr,10800.0,116,6851.851851851851,0.4224137931034483,0.2068965517241379
763,RR_R1_3,-13.684992764537757,15.187551344105866,0.7529261063321222,rr,75000.0,496,5426.666666666667,0.5020161290322581,0.2842741935483871
764,RR_R1_3,-27.370411246141842,1.5021328625017816,3.415228420726521,rr,5500.0,31,2727.2727272727275,0.7419354838709677,0.5161290322580645
775,RR_R1_3,-13.070079119535798,15.802464989107825,3.05992957628038,rr,5100.0,62,3725.490196078431,0.45161290322580644,0.3225806451612903
776,RR_R1_3,0.7741972068956142,29.646741315539238,2.239484548454593,rr,22600.0,297,6415.929203539823,0.2558922558922559,0.1986531986531986
777,RR_R1_3,-3.758687512143286,25.113856596500337,0.09226218840233447,rr,36300.0,314,6473.829201101928,0.43312101910828027,0.2929936305732484
778,RR_R1_3,-11.855731897594808,17.016812211048816,0.04800685643212255,rr,64500.0,401,4992.248062015504,0.4463840399002494,0.3640897755610973
779,RR_R1_3,-15.312606641272925,13.559937467370698,4.097055722979683,rr,8600.0,76,3372.093023255814,0.3026315789473684,0.3026315789473684
780,RR_R1_3,-17.038823500293272,11.833720608350351,0.024478804578739854,rr,17000.0,121,3117.6470588235293,0.36363636363636365,0.3553719008264462
781,RR_R1_3,1.4274533719512814,30.299997480594904,1.2306669942052022,rr,6700.0,54,2686.567164179105,0.46296296296296297,0.3888888888888889
782,RR_R1_3,-12.463439725399978,16.409104383243644,3.6296195115018373,rr,7200.0,95,6527.777777777778,0.30526315789473685,0.2631578947368421
786,RR_R1_3,-15.132397105752885,13.740147002890739,0.026546607107877485,rr,27300.0,184,3992.673992673992,0.40217391304347827,0.358695652173913
787,RR_R1_3,-14.685806888836375,14.186737219807249,0.5995595188884257,rr,44400.0,241,3648.648648648648,0.36929460580912865,0.3360995850622407
788,RR_R1_3,-8.447641262371661,20.424902846271962,0.5776271265438115,rr,6200.0,94,3064.516129032258,0.26595744680851063,0.2553191489361702
789,RR_R1_3,8.685634211215335,37.55817831985896,0.6120893078406144,rr,23400.0,177,4358.974358974358,0.327683615819209,0.3050847457627119
790,RR_R1_3,0.4432434812378788,29.315787589881502,0.493907590341035,rr,27000.0,309,5000.0,0.3592233009708738,0.2071197411003236
791,RR_R1_3,12.699383204197774,41.571927312841396,2.9381778293388914,rr,33000.0,390,6545.454545454545,0.24102564102564103,0.2051282051282051
792,RR_R1_4,13.978590439011457,43.69385873968289,0.21612097157837784,rr,23000.0,344,9826.08695652174,0.311046511627907,0.1831395348837209
793,RR_R1_4,-6.936600160251932,22.7786681404195,2.6238544798341716,rr,19200.0,145,5260.416666666667,0.5655172413793104,0.3862068965517241
794,RR_R1_4,11.217376235249144,40.93264453592057,2.0391193000032866,rr,17800.0,213,8146.067415730337,0.43661971830985913,0.2394366197183098
795,RR_R1_4,3.969174963827097,33.684443264498526,0.10961048656830652,rr,41500.0,372,6216.867469879518,0.43548387096774194,0.2876344086021505
796,RR_R1_4,13.664174248873838,43.379442549545274,2.803445810464768,rr,15500.0,212,7032.258064516129,0.2688679245283019,0.2169811320754717
797,RR_R1_4,6.107931000477717,35.82319930114915,0.49598120536069246,rr,55100.0,541,7749.546279491832,0.37153419593345655,0.2569316081330868
798,RR_R1_4,-1.0092729208812237,28.70599537979021,1.080470577576762,rr,116100.0,879,5805.340223944875,0.4630261660978385,0.3686006825938566
799,RR_R1_4,-2.027552019231117,27.687716281440316,0.5589624868658996,rr,156700.0,1271,6279.514996809189,0.4028324154209284,0.3115656963021243
823,RR_R1_4,-8.653001118219516,21.06226718245192,0.39821517778700777,rr,176000.0,1112,5687.5,0.4226618705035971,0.3633093525179856
824,RR_R1_4,5.115315085070973,34.83058338574241,1.8425195885440635,rr,9600.0,126,8333.333333333334,0.36507936507936506,0.2619047619047619
825,RR_R1_4,5.500040926352958,35.21530922702439,0.47442524411077835,rr,20500.0,182,4829.268292682927,0.4010989010989011,0.3626373626373626
826,RR_R1_4,-5.862881159696514,23.85238714097492,2.219254985895497,rr,19200.0,196,7395.833333333334,0.4030612244897959,0.3163265306122449
827,RR_R1_4,0.2782774128354676,29.9935457135069,0.7038294638978223,rr,8000.0,80,3250.0,0.45,0.425
828,RR_R1_4,-5.6970432954566395,24.018225005214795,1.5665994984507616,rr,104400.0,876,6925.287356321839,0.3984018264840183,0.3299086757990868
829,RR_R1_4,10.502821304518605,40.21808960519004,0.5927538548605833,rr,47000.0,556,7680.851063829788,0.39748201438848924,0.2607913669064748
850,RR_R1_4,-22.14613522418763,7.569133076483801,3.9274527951991125,rr,13000.0,64,2153.846153846154,0.359375,0.3125
851,RR_R1_4,3.3777800074837585,33.09304830815519,0.698102325689705,rr,46400.0,281,4353.448275862069,0.40569395017793597,0.2419928825622775
852,RR_R1_4,-6.0693344631511295,23.645933837520303,0.966971282137226,rr,12300.0,144,4227.642276422765,0.5486111111111112,0.1944444444444444
853,RR_R1_4,-21.065290649103623,8.64997765156781,1.772658869450563,rr,95900.0,394,3399.374348279458,0.41878172588832485,0.3705583756345177
854,RR_R1_4,7.464956736161238,37.18022503683267,1.4126752507723532,rr,24600.0,390,6463.414634146341,0.20512820512820512,0.1564102564102564
855,RR_R1_4,6.559418015431807,36.27468631610324,0.15679279458797524,rr,32100.0,128,2211.83800623053,0.375,0.34375
856,RR_R1_4,2.9416582384450978,32.65692653911653,1.6409172986621283,rr,20800.0,97,2259.6153846153848,0.3917525773195876,0.3298969072164948
857,RR_R1_4,3.981878407033724,33.69714670770516,1.64672885827671,rr,41500.0,252,2795.180722891566,0.25,0.2182539682539682
858,RR_R1_4,-3.857747376322391,25.857520924349043,1.1603801464733199,rr,10800.0,112,3518.5185185185182,0.17857142857142858,0.1696428571428571
859,RR_R1_4,-7.388554119070319,22.326714181601112,6.703369563756848,rr,8900.0,86,2471.9101123595506,0.20930232558139536,0.1627906976744186
860,RR_R1_4,-5.311937196652114,24.40333110401932,4.589353218151853,rr,15800.0,114,4430.379746835442,0.2807017543859649,0.2368421052631578
861,RR_R1_4,9.60232869242303,39.31759699309446,1.112077300954013,rr,20200.0,210,4851.485148514852,0.21904761904761905,0.1714285714285714
862,RR_R1_4,-0.7105514414166014,29.00471685925483,3.0792731653368346,rr,22100.0,133,3891.4027149321264,0.2781954887218045,0.2406015037593984
863,RR_R1_4,-1.93984174377541,27.775426556896022,2.2138248175115547,rr,5500.0,44,2181.818181818182,0.2727272727272727,0.2727272727272727
864,RR_R1_4,-1.5181689985203275,28.197099302151106,1.7514687389902222,rr,42100.0,462,6104.513064133017,0.3246753246753247,0.1818181818181818
800,RR_P2_4,-11.807488027812397,21.771490142726606,0.00960337723637572,rr,182300.0,1478,5754.251234229293,0.557510148849797,0.3051420838971583
801,RR_P2_4,-7.594430417515505,25.9845477530235,0.09028351590994887,rr,206300.0,1654,6907.4163839069315,0.56590084643289,0.3500604594921402
802,RR_P2_4,-7.85079091558249,25.728187254956513,1.4983977226822773,rr,13500.0,152,6592.592592592593,0.3684210526315789,0.2039473684210526
803,RR_P2_4,-15.537514694387065,18.04146347615194,1.0758040192328933,rr,50300.0,500,6998.011928429424,0.712,0.248
804,RR_P2_4,-4.031432421473632,29.54754574906537,2.481205940722756,rr,8600.0,78,3837.2093023255816,0.3717948717948718,0.3076923076923077
805,RR_P2_4,-11.246690236463595,22.33228793407541,1.5990475732120286,rr,6500.0,101,6769.2307692307695,0.2871287128712871,0.1782178217821782
806,RR_P2_4,-18.474392591605802,15.1045855789332,0.8153187007753626,rr,332200.0,2111,5406.381697772426,0.6423495973472289,0.4012316437707248
807,RR_P2_4,-0.1792417118706987,33.3997364586683,0.6412043150626359,rr,28700.0,220,4285.714285714285,0.45454545454545453,0.2545454545454545
808,RR_P2_4,-16.21141743630215,17.367560734236854,0.46436992573800406,rr,77200.0,465,4572.538860103627,0.6086021505376344,0.3655913978494624
830,RR_P2_4,-9.864282836630816,23.71469533390819,0.4922607661903955,rr,11300.0,222,10884.95575221239,0.44594594594594594,0.3198198198198198
831,RR_P2_4,-12.6629137236469,20.9160644468921,0.36768648534337345,rr,594700.0,5617,7746.763073818732,0.6487448816094,0.537831582695389
832,RR_P2_4,-18.2939504162537,15.285027754285302,0.029099206417724233,rr,17600.0,198,8750.0,0.7121212121212122,0.51010101010101
833,RR_P2_4,-14.388593661353362,19.19038450918564,0.000705069406273573,rr,16200.0,287,9876.543209876543,0.5331010452961672,0.337979094076655
834,RR_P2_4,-16.732410012870687,16.846568157668315,1.1628553624948648,rr,48900.0,616,9079.754601226994,0.6152597402597403,0.4626623376623376
835,RR_P2_4,-8.814216185705087,24.764761984833918,1.811115221884323,rr,9600.0,187,9062.5,0.5026737967914439,0.3582887700534759
836,RR_P2_4,-12.507436869310204,21.071541301228798,0.716140989630996,rr,497400.0,4595,8019.702452754323,0.6681175190424374,0.5749727965179543
837,RR_P2_4,-13.357117482689937,20.221860687849066,1.2510462736603412,rr,13600.0,274,11176.470588235296,0.5802919708029197,0.3868613138686131
838,RR_P2_4,-6.483774660650093,27.09520350988891,2.9998989352118928,rr,7500.0,191,10933.333333333334,0.5916230366492147,0.3821989528795811
839,RR_P2_4,-15.50023875866027,18.078739411878733,0.8586298710305629,rr,11500.0,287,12869.565217391304,0.5609756097560976,0.3205574912891986
840,RR_P2_4,-4.858881921323217,28.720096249215786,0.17097320298351848,rr,337500.0,4029,9345.185185185184,0.5944403077686771,0.4849838669645073
841,RR_P2_4,-14.678380838492753,18.90059733204625,1.7646462304179966,rr,12800.0,225,11640.625,0.6044444444444445,0.4044444444444444
842,RR_P2_4,-7.134531113997054,26.444447056541946,0.30796196143138,rr,143900.0,1600,9145.239749826267,0.65875,0.59125
843,RR_P2_4,-10.753000980706842,22.82597718983216,0.3705436791533261,rr,175100.0,1693,7886.921758994859,0.7005316007088009,0.6048434731246308
809,RR_R2_4,29.229859521983126,58.62407565592528,0.7884016864897667,rr,16600.0,129,3734.939759036145,0.3643410852713178,0.3023255813953488
810,RR_R2_4,32.29346438005126,61.68768051399342,0.9918505504034574,rr,6100.0,69,5081.967213114754,0.36231884057971014,0.2753623188405797
811,RR_R2_4,16.720115469224503,46.11433160316666,1.1627731923115192,rr,19600.0,158,5204.081632653061,0.34177215189873417,0.3227848101265823
812,RR_R2_4,1.0280418234381805,30.42225795738034,0.6222031219300922,rr,72200.0,443,4556.7867036011085,0.40857787810383744,0.3747178329571106
813,RR_R2_4,13.686324118018126,43.08054025196029,0.5886194713167221,rr,90000.0,622,4633.333333333334,0.4340836012861736,0.3553054662379421
814,RR_R2_4,39.526173672152325,68.92038980609448,1.7384829046315318,rr,9300.0,118,5913.978494623657,0.288135593220339,0.2457627118644068
815,RR_R2_4,18.991500421597255,48.38571655553942,1.1652530088607556,rr,99100.0,692,4924.318869828457,0.3236994219653179,0.3005780346820809
816,RR_R2_4,27.0867166187201,56.480932752662255,0.568503796653685,rr,23200.0,223,5646.551724137931,0.5291479820627802,0.2511210762331838
817,RR_R2_4,23.72756566730318,53.121781801245334,0.27367912850601606,rr,53000.0,494,5452.830188679245,0.27530364372469635,0.2368421052631578
818,RR_R2_4,22.189864183107137,51.5840803170493,1.030838302039177,rr,29400.0,245,4965.986394557824,0.33877551020408164,0.310204081632653
819,RR_R2_4,13.533328056018632,42.92754418996079,0.9486093141403984,rr,125200.0,1254,7763.578274760384,0.3397129186602871,0.2647527910685805
820,RR_R2_4,8.585528657077392,37.97974479101955,0.14858476015578592,rr,298600.0,1858,4202.9470864032155,0.3772874058127018,0.3293864370290635
821,RR_R2_4,8.524630234229937,37.9188463681721,0.7671332407532798,rr,90600.0,679,5463.576158940397,0.3136966126656848,0.2871870397643593
822,RR_R2_4,38.21721893961144,67.6114350735536,0.6446955758914719,rr,46100.0,437,6225.596529284165,0.3295194508009153,0.2471395881006865
844,RR_R2_4,19.90026543476243,49.29448156870459,1.4565934427624612,rr,185300.0,849,3437.6686454398273,0.2944640753828033,0.2391048292108362
845,RR_R2_4,-6.684643458299263,22.709572675642896,3.6034791232436403,rr,19900.0,131,3065.326633165829,0.26717557251908397,0.2061068702290076
846,RR_R2_4,9.372545902867175,38.76676203680933,2.5781975067107537,rr,21500.0,161,4325.581395348838,0.2422360248447205,0.2049689440993788
847,RR_R2_4,12.339019910427817,41.733236044369974,2.229309126263166,rr,9400.0,61,2765.9574468085107,0.22950819672131148,0.2295081967213114
848,RR_R2_4,28.233192918584514,57.62740905252667,0.9644772223162619,rr,112100.0,855,4843.889384478144,0.22573099415204678,0.191812865497076
849,RR_R2_4,14.109310172645475,43.50352630658763,1.2262274530821884,rr,62600.0,334,3306.709265175719,0.3203592814371258,0.2365269461077844
865,RR_R2_3,37.45486483428631,67.00944191626066,0.5149204645772301,rr,11700.0,120,5470.08547008547,0.225,0.2083333333333333
866,RR_R2_3,8.980277492328668,38.53485457430301,2.017298170367705,rr,12100.0,114,3223.1404958677685,0.40350877192982454,0.2982456140350877
867,RR_R2_3,19.576648006368202,49.131225088342546,0.8159791927113638,rr,24600.0,135,2845.528455284553,0.37777777777777777,0.3333333333333333
868,RR_R2_3,8.995766127231322,38.550343209205664,2.856559095906889,rr,11900.0,84,2268.90756302521,0.34523809523809523,0.3452380952380952
869,RR_R2_3,15.410599479531083,44.96517656150543,1.5145947171494294,rr,66700.0,555,5307.346326836582,0.4252252252252252,0.2234234234234234
870,RR_R2_3,22.536589917076437,52.091166999050785,2.639221423684507,rr,76500.0,448,3098.0392156862745,0.3392857142857143,0.2946428571428571
871,RR_R2_3,16.26373849973782,45.81831558171216,2.6198826586519033,rr,42500.0,230,3529.411764705882,0.391304347826087,0.3130434782608696
905,RR_R2_3,16.101031688968902,45.655608770943246,0.5755319816580196,rr,184500.0,1111,3897.018970189702,0.23942394239423942,0.2079207920792079
906,RR_R2_3,3.835603022227524,33.39018010420187,0.020017000816030972,rr,16100.0,143,2981.3664596273293,0.3006993006993007,0.1958041958041958
907,RR_R2_3,13.606616084121455,43.1611931660958,1.2934918065745347,rr,52700.0,317,3548.3870967741937,0.2996845425867508,0.2050473186119873
912,RR_R2_3,5.713097940207529,35.267675022181876,2.6213922542146095,rr,26200.0,172,2671.7557251908397,0.29069767441860467,0.2267441860465116
913,RR_R2_3,23.79346311595254,53.348040197926885,0.05395269595237018,rr,321100.0,1962,4254.126440361259,0.25739041794087664,0.2313965341488277
914,RR_R2_3,-2.2146770933232083,27.339899988651137,1.9366893083094645,rr,18000.0,120,3611.1111111111113,0.26666666666666666,0.2416666666666666
915,RR_R2_3,25.188760961971745,54.74333804394609,1.9850722082116423,rr,20900.0,130,3014.354066985646,0.27692307692307694,0.2538461538461538
916,RR_R2_3,25.82829274626169,55.38286982823603,0.4842573456941679,rr,32500.0,207,3476.9230769230767,0.2222222222222222,0.2125603864734299
917,RR_R2_3,14.26655722711302,43.82113430908736,0.38709153099370486,rr,60700.0,417,4332.784184514004,0.31414868105515587,0.211031175059952
918,RR_R2_3,15.425505060828337,44.98008214280268,0.38877791834980613,rr,77000.0,525,2727.2727272727275,0.21142857142857144,0.1923809523809523
919,RR_R2_3,19.549928510432515,49.10450559240686,0.07143801830815377,rr,23600.0,167,3093.220338983051,0.25748502994011974,0.2155688622754491
920,RR_R2_3,26.732492400268743,56.28706948224308,1.7557835334937515,rr,15000.0,143,6066.666666666667,0.23076923076923078,0.1678321678321678
872,RR_P1_5,-18.297397760903735,18.43438872623259,1.0223591839666462,rr,169500.0,1125,5309.734513274336,0.7013333333333334,0.648
873,RR_P1_5,-24.18802744609456,12.543759041041767,0.29590378369322323,rr,229100.0,1936,7721.518987341772,0.7432851239669421,0.6900826446280992
874,RR_P1_5,-40.77388238828148,-4.042095901145153,1.38343707655158,rr,14700.0,145,5442.1768707483,0.6137931034482759,0.5310344827586206
875,RR_P1_5,-4.100576216839935,32.63121027029639,1.5434358342214944,rr,5200.0,98,6346.153846153847,0.4489795918367347,0.4081632653061224
876,RR_P1_5,-24.35361807284011,12.378168414296216,0.20150547624398918,rr,12400.0,202,9032.258064516129,0.5891089108910891,0.3415841584158416
877,RR_P1_5,-16.578153016181272,20.153633470955054,0.8696928082348538,rr,181000.0,1379,6646.408839779006,0.766497461928934,0.7034082668600435
878,RR_P1_5,-2.3469503853111453,34.38483610182518,0.7328722775882522,rr,44400.0,484,6756.756756756757,0.4318181818181818,0.384297520661157
879,RR_P1_5,-5.56107845532686,31.170708031809465,0.1139933516883378,rr,17200.0,153,5465.116279069767,0.5751633986928104,0.5163398692810458
880,RR_P1_5,-17.564658798194746,19.16712768894158,0.09380716952271761,rr,349200.0,2880,7164.948453608247,0.7329861111111111,0.6753472222222222
881,RR_P1_5,-12.615542783648415,24.11624370348791,1.6276859675197857,rr,6200.0,122,8870.967741935485,0.47540983606557374,0.3852459016393442
882,RR_P1_5,-15.775412487686564,20.95637399944976,0.810323156898006,rr,81100.0,685,7435.265104808877,0.8890510948905109,0.8642335766423358
883,RR_P1_5,-30.5929941221889,6.138792364947424,3.507346660937692,rr,17300.0,134,4971.098265895954,0.7686567164179104,0.7164179104477612
884,RR_P1_5,-14.537289466986358,22.194497020149967,1.6189261235455916,rr,35100.0,346,6894.586894586895,0.7658959537572254,0.7138728323699421
885,RR_P1_5,10.148842112338844,46.88062859947517,1.8171153635640467,rr,15600.0,211,6474.358974358975,0.47393364928909953,0.4265402843601896
886,RR_P1_5,-21.595867109822944,15.135919377313382,0.5811122689591723,rr,139700.0,1042,6607.015032211883,0.8502879078694817,0.7907869481765835
887,RR_P1_5,-38.3621179566248,-1.6303314694884747,1.4761165548863708,rr,10900.0,113,4954.128440366972,0.6194690265486725,0.5752212389380531
888,RR_P1_5,-27.861101389675024,8.870685097461301,0.36647709099574755,rr,358000.0,2863,6734.63687150838,0.7387355920363256,0.6608452672022355
889,RR_P1_5,-40.47586370212455,-3.7440772149882235,0.9034106765762964,rr,10200.0,151,10098.039215686274,0.5099337748344371,0.4172185430463576
898,RR_P1_5,-23.420484216165057,13.311302270971268,0.1056384060485911,rr,52700.0,453,6091.081593927894,0.5827814569536424,0.3664459161147902
899,RR_P1_5,-14.514818556718891,22.216967930417432,0.5677278926745091,rr,6500.0,111,4615.384615384615,0.5315315315315315,0.3063063063063063
900,RR_P1_5,-16.81379805002912,19.917988437107205,1.0042856307893917,rr,85300.0,759,7502.930832356389,0.7404479578392622,0.6495388669301713
901,RR_P1_5,-20.562134112600972,16.169652374535353,0.49089527571375413,rr,122100.0,638,3619.98361998362,0.5830721003134797,0.5454545454545454
902,RR_P1_5,-19.156296457871576,17.57549002926475,2.0937892534820737,rr,54200.0,452,7214.022140221403,0.7190265486725663,0.5862831858407079
903,RR_P1_5,-34.48553528587525,2.2462512012610745,0.5797803181964944,rr,21000.0,234,7666.666666666666,0.5085470085470085,0.329059829059829
904,RR_P1_5,-17.344614669425543,19.387171817710783,2.453984318886107,rr,24300.0,156,4526.748971193416,0.6346153846153846,0.5448717948717948
890,RR_P3_5,43.705066106377934,75.01870783534201,2.345184654667225,rr,13600.0,97,2867.6470588235297,0.32989690721649484,0.2474226804123711
891,RR_P3_5,21.001839034765105,52.315480763729184,0.023748735304783608,rr,151600.0,738,3766.4907651715034,0.3319783197831978,0.2831978319783197
892,RR_P3_5,28.15144809534551,59.465089824309594,0.655140132645057,rr,141600.0,903,4180.790960451977,0.30454042081949056,0.2336655592469546
893,RR_P3_5,25.187478422485952,56.50112015145004,0.5964751320716655,rr,178400.0,1021,3475.336322869955,0.32027424094025464,0.2311459353574926
894,RR_P3_5,0.6057860904529332,31.919427819417017,0.5470740553541965,rr,12800.0,115,3046.875,0.20869565217391303,0.208695652173913
895,RR_P3_5,27.259243448710116,58.572885177674195,0.10668890537755615,rr,158500.0,1119,4908.517350157728,0.40482573726541554,0.2645218945487042
896,RR_P3_5,38.80565848402074,70.11930021298483,1.1243681901448035,rr,6300.0,86,5873.015873015873,0.1744186046511628,0.1627906976744186
897,RR_P3_5,26.412540341097365,57.72618207006145,1.133012325589993,rr,11700.0,93,4615.384615384615,0.25806451612903225,0.2043010752688172
908,RR_P3_5,16.532636676275985,47.84627840524007,5.060734141171158,rr,5600.0,67,4285.714285714285,0.40298507462686567,0.3432835820895522
909,RR_P3_5,21.84839980668338,53.16204153564746,0.23461794196210128,rr,390600.0,2626,5465.949820788531,0.3952779893373953,0.3175932977913176
910,RR_P3_5,26.020658223521778,57.334299952485864,2.7119086031380153,rr,11900.0,178,6638.655462184874,0.43820224719101125,0.2247191011235955
911,RR_P3_5,31.89218364587267,63.20582537483675,1.572881063430895,rr,103400.0,901,5947.775628626692,0.341842397336293,0.2597114317425083
921,RR_P3_5,28.094798941930353,59.408440670894436,1.4969280145406891,rr,20300.0,225,4876.847290640394,0.28888888888888886,0.2177777777777777
922,RR_P3_5,23.750730573681412,55.064372302645495,0.7311866815902324,rr,56400.0,465,4609.929078014185,0.34623655913978496,0.2645161290322581
923,RR_P3_5,35.69647741366489,67.01011914262897,2.7551396635404863,rr,5100.0,106,5882.35294117647,0.24528301886792453,0.2075471698113207
924,RR_P3_5,20.51924691624405,51.83288864520813,0.08871989006805414,rr,10200.0,87,3333.333333333333,0.3793103448275862,0.3563218390804598
925,RR_P3_5,29.503763971947517,60.8174057009116,0.05895047144567478,rr,276300.0,1868,5175.533840028954,0.3436830835117773,0.2890792291220557
926,RR_R1_6,-7.093575498241292,22.16313664964603,0.9599882830117563,rr,30500.0,183,3278.688524590164,0.366120218579235,0.2185792349726776
927,RR_R1_6,-14.682251844141865,14.57446030374546,3.0966128508871433,rr,16400.0,100,4207.317073170731,0.43,0.22
928,RR_R1_6,-15.092008157317467,14.164703990569857,3.777813232324373,rr,30200.0,136,2913.907284768212,0.3602941176470588,0.2941176470588235
929,RR_R1_6,-13.19208151678989,16.064630631097433,0.12324869298908148,rr,158900.0,943,3870.3587161736937,0.47295864262990456,0.2820784729586426
930,RR_R1_6,-2.305036195913835,26.95167595197349,0.18813266364790104,rr,26200.0,128,2251.9083969465646,0.296875,0.265625
931,RR_R1_6,-22.939955764618343,6.316756383268981,0.4927914915571261,rr,6400.0,79,3281.25,0.3037974683544304,0.1772151898734177
932,RR_R1_6,3.879401382549461,33.13611353043679,0.47416852018231426,rr,26400.0,150,2840.909090909091,0.24666666666666667,0.2266666666666666
933,RR_R1_6,-11.401147742168074,17.85556440571925,3.3054496172343786,rr,7400.0,42,2162.162162162162,0.30952380952380953,0.3095238095238095
934,RR_R1_6,-4.011513660036024,25.2451984878513,0.8801730678606028,rr,63800.0,296,2899.686520376176,0.2905405405405405,0.2398648648648648
935,RR_R1_6,-4.145261383761548,25.111450764125777,0.8731572108815118,rr,20700.0,337,7681.159420289855,0.3916913946587537,0.2373887240356083
936,RR_R1_6,-8.204200829789592,21.052511318097732,1.875494911251336,rr,6200.0,96,5645.1612903225805,0.40625,0.3541666666666667
937,RR_R1_6,-7.816286643607056,21.440425504280267,0.19959700006098968,rr,7300.0,156,7123.287671232877,0.5897435897435898,0.2371794871794871
938,RR_R1_6,-0.8499368754177091,28.406775272469616,6.249894594712318,rr,11900.0,126,3529.411764705882,0.4444444444444444,0.4365079365079365
939,RR_R1_6,-9.093172641710135,20.163539506177187,0.28500419499140417,rr,93000.0,810,6387.096774193548,0.43333333333333335,0.3469135802469136
940,RR_R1_6,-6.501798027154998,22.754914120732327,1.4351150877952827,rr,14500.0,213,9793.103448275862,0.36619718309859156,0.2629107981220657
941,RR_R1_6,-5.214556761492429,24.042155386394896,0.5531398158456575,rr,20100.0,280,8706.467661691542,0.44642857142857145,0.275
942,RR_R1_6,-4.419374796490963,24.83733735139636,0.06197820635916784,rr,148500.0,1182,6195.286195286196,0.40524534686971236,0.3697123519458545
954,RR_R1_6,-10.946062650148825,18.3106494977385,3.751251638084348,rr,5400.0,46,3148.148148148148,0.30434782608695654,0.2826086956521739
955,RR_R1_6,-1.7926240608394197,27.464088087047905,3.4646774572145222,rr,7200.0,36,1805.5555555555557,0.3888888888888889,0.3888888888888889
956,RR_R1_6,-15.703309201066808,13.553402946820515,8.272268495590197,rr,7300.0,38,1369.86301369863,0.47368421052631576,0.4736842105263157
957,RR_R1_6,-6.880576972662178,22.376135175225144,0.06302348052716766,rr,8600.0,79,4186.046511627907,0.20253164556962025,0.2025316455696202
958,RR_R1_6,9.370202627230867,38.626914775118195,0.979640719246337,rr,50200.0,228,2310.7569721115538,0.2894736842105263,0.2587719298245614
943,RR_R2_5,23.511047059277754,52.42528910305744,0.5745286769196536,rr,32800.0,146,3048.780487804878,0.3082191780821918,0.2602739726027397
944,RR_R2_5,11.324519168406614,40.23876121218629,0.4995472158555865,rr,26300.0,129,3079.847908745247,0.29457364341085274,0.2558139534883721
945,RR_R2_5,17.322891655287876,46.237133699067556,0.1256783518877711,rr,22300.0,79,1704.0358744394618,0.379746835443038,0.3670886075949367
946,RR_R2_5,10.498764655852614,39.41300669963229,0.2227296852070344,rr,47600.0,244,3550.4201680672268,0.38114754098360654,0.2295081967213114
947,RR_R2_5,15.885215986655783,44.79945803043546,0.07403096197435577,rr,92400.0,378,2261.904761904762,0.3439153439153439,0.2671957671957672
948,RR_R2_5,24.381050786478685,53.29529283025836,1.2927044998040031,rr,31600.0,228,2974.683544303797,0.25877192982456143,0.2061403508771929
949,RR_R2_5,37.643678631552646,66.55792067533233,2.8520092270452864,rr,8800.0,63,1931.8181818181815,0.2698412698412698,0.238095238095238
950,RR_R2_5,13.950510611615508,42.864752655395186,0.7168479675294019,rr,8700.0,116,2873.5632183908046,0.2672413793103448,0.2327586206896551
951,RR_R2_5,20.04238549330816,48.95662753708784,0.3231349288182219,rr,372700.0,2721,5390.394419103837,0.30135979419331127,0.2616685042263874
952,RR_R2_5,0.17045118150091726,29.084693225280596,2.1717652356972943,rr,7000.0,80,2571.4285714285716,0.35,0.3125
953,RR_R2_5,16.264635984129708,45.17887802790939,1.1270450278771031,rr,6400.0,102,6093.75,0.27450980392156865,0.2058823529411764
971,RR_R2_5,2.3987289484729657,31.312970992252644,0.38597010118782804,rr,73600.0,358,3206.521739130435,0.388268156424581,0.3128491620111732
972,RR_R2_5,-14.752561864170966,14.161680179608714,0.42806995994089814,rr,42200.0,297,4075.829383886256,0.30976430976430974,0.2525252525252525
973,RR_R2_5,0.6718013101991501,29.58604335397883,0.19197427300788758,rr,122000.0,781,4565.573770491804,0.45966709346991036,0.235595390524968
974,RR_R2_5,-8.207763729188732,20.706478314590946,5.1969010847202135,rr,7100.0,43,1971.8309859154929,0.37209302325581395,0.3488372093023256
975,RR_R2_5,-3.5406752632668357,25.373566780512846,5.76078303267913,rr,5100.0,65,3333.333333333333,0.2,0.2
976,RR_R2_5,11.787375684260423,40.701617728040105,0.034708622653200294,rr,17300.0,153,2890.1734104046245,0.23529411764705882,0.1699346405228758
977,RR_R2_5,16.39291459689186,45.307156640671536,0.09177906501947852,rr,24000.0,215,2958.3333333333335,0.27906976744186046,0.1860465116279069
978,RR_R2_5,-8.734122009464548,20.18012003431513,1.5569297740942711,rr,11700.0,109,4102.5641025641025,0.22018348623853212,0.1926605504587156
979,RR_R2_5,20.19938729441107,49.11362933819075,0.5521460880026705,rr,11100.0,68,3063.063063063063,0.3235294117647059,0.2794117647058823
959,RR_P3_4,17.36095697884794,48.39952935747796,0.20320164855178469,rr,55200.0,443,6105.072463768116,0.38826185101580135,0.3205417607223476
960,RR_P3_4,19.729741658508342,50.76831403713835,1.1734078641640426,rr,218100.0,1614,5502.063273727648,0.37174721189591076,0.3271375464684015
961,RR_P3_4,30.54979875904511,61.588371137675125,1.2780402702108624,rr,230500.0,1425,4750.54229934924,0.4589473684210526,0.3298245614035088
962,RR_P3_4,11.45206470583464,42.49063708446465,0.5149336712958155,rr,11800.0,136,6440.677966101695,0.34558823529411764,0.2720588235294117
963,RR_P3_4,14.292848088946375,45.33142046757639,0.678193329591914,rr,251300.0,1625,5256.665340230799,0.4590769230769231,0.3876923076923076
964,RR_P3_4,30.768379492807856,61.806951871437875,1.3943615220017662,rr,17200.0,169,5348.837209302325,0.33727810650887574,0.2662721893491124
965,RR_P3_4,28.514437089696454,59.553009468326465,1.4743701152836532,rr,80000.0,504,3862.5,0.4087301587301587,0.3353174603174603
966,RR_P3_4,36.207368409763774,67.2459407883938,3.312982021243151,rr,53200.0,346,4830.827067669174,0.3352601156069364,0.3005780346820809
967,RR_P3_4,39.47679726706068,70.5153696456907,2.115084506331403,rr,38200.0,321,4005.235602094241,0.3987538940809969,0.2305295950155763
968,RR_P3_4,13.400330360728576,44.43890273935859,0.5691923634479776,rr,16900.0,162,5680.473372781065,0.6172839506172839,0.2530864197530864
969,RR_P3_4,21.864247013809322,52.90281939243934,1.0405955886346057,rr,54600.0,412,5622.710622710622,0.3592233009708738,0.2766990291262136
970,RR_P3_4,32.527723064482316,63.56629544311233,0.7069983798610657,rr,125400.0,1009,6323.763955342902,0.4905847373637265,0.3359762140733399
980,RR_P3_4,43.42544026657348,74.4640126452035,2.265959535518828,rr,8700.0,67,2413.793103448276,0.31343283582089554,0.2835820895522388
981,RR_P3_4,21.10747171766054,52.14604409629055,0.011593377663785986,rr,21900.0,215,5799.086757990868,0.3209302325581395,0.1813953488372093
982,RR_P3_4,23.889926209343535,54.92849858797355,2.3992157591496763,rr,9900.0,76,4444.444444444444,0.5526315789473685,0.1973684210526315
983,RR_P3_4,24.933247335356647,55.97181971398666,7.057646958031423,rr,9200.0,83,3369.5652173913045,0.5542168674698795,0.216867469879518
984,RR_P3_4,40.071818993431414,71.11039137206143,2.188929531201474,rr,17600.0,109,3295.454545454545,0.3577981651376147,0.2752293577981651
985,RR_P3_4,33.031606673137794,64.07017905176781,1.5841898744037337,rr,21300.0,191,2676.056338028169,0.31413612565445026,0.2041884816753926
986,RR_P3_4,41.876434116544374,72.9150064951744,5.56291066237225,rr,27700.0,219,3249.097472924188,0.2831050228310502,0.228310502283105
987,RR_P3_4,20.06832841068788,51.10690078931789,0.17055847965167636,rr,7100.0,89,4647.887323943662,0.42696629213483145,0.1685393258426966
988,RR_P3_4,-5.411618821172961,25.626953557457053,13.609563018157754,rr,11100.0,102,4054.0540540540537,0.29411764705882354,0.2156862745098039
0,C_S16_2,35.69354319479396,61.974292571796454,0.5392597879677332,chronic,100400.0,1194,7868.525896414342,0.5175879396984925,0.4103852596314908
1,C_S16_2,25.585048873021094,51.86579825002359,1.2374426011274462,chronic,5700.0,114,10175.438596491227,0.49122807017543857,0.4385964912280701
2,C_S16_2,33.023666522467295,59.30441589946979,2.333944215637594,chronic,15500.0,244,5354.8387096774195,0.48360655737704916,0.4508196721311475
3,C_S16_2,28.203894615376612,54.484643992379105,0.7456712284454952,chronic,61300.0,682,6623.1647634584015,0.5175953079178885,0.4501466275659824
4,C_S16_2,25.36384755219459,51.64459692919708,0.6029940852060154,chronic,81500.0,964,8417.177914110429,0.4896265560165975,0.4242738589211618
5,C_S16_2,36.749240653589084,63.02999003059158,1.111858462488204,chronic,11100.0,190,7477.477477477477,0.5368421052631579,0.4
6,C_S16_2,39.9006075983644,66.1813569753669,0.5654158329168091,chronic,93600.0,946,7040.59829059829,0.5602536997885835,0.4830866807610993
7,C_S16_2,36.66957126020751,62.950320637210005,0.14770146882886337,chronic,52500.0,563,7161.904761904762,0.5026642984014209,0.4671403197158081
8,C_S16_2,42.42566305796086,68.70641243496335,1.2893344306007748,chronic,12200.0,138,5163.934426229508,0.6304347826086957,0.6014492753623188
78,C_S16_2,19.136666299619577,45.41741567662207,0.4586500511036746,chronic,19700.0,105,3401.0152284263963,0.42857142857142855,0.419047619047619
79,C_S16_2,33.01378995647659,59.29453933347909,0.19960961884917694,chronic,181200.0,1081,4950.3311258278145,0.3654024051803885,0.3293246993524514
80,C_S16_2,27.52872377587064,53.80947315287313,1.5169056818385354,chronic,15500.0,131,5290.322580645161,0.3053435114503817,0.2900763358778626
81,C_S16_2,3.786013279743357,30.06676265674585,0.6332632237610527,chronic,6400.0,59,3437.5,0.423728813559322,0.3389830508474576
82,C_S16_2,28.75861925544452,55.03936863244701,0.06881690184320277,chronic,91400.0,538,4365.426695842451,0.40148698884758366,0.3605947955390334
83,C_S16_2,31.4691158541292,57.74986523113169,6.321073016400128,chronic,8700.0,61,3103.4482758620693,0.39344262295081966,0.3934426229508196
84,C_S16_2,24.490255149618893,50.77100452662138,1.5558910441901919,chronic,21600.0,145,3055.555555555555,0.41379310344827586,0.3862068965517241
85,C_S16_2,34.857448113046196,61.13819749004869,1.0713141550191772,chronic,16800.0,107,3750.000000000001,0.45794392523364486,0.3644859813084112
86,C_S16_2,20.332811819198152,46.61356119620065,1.579111249048152,chronic,58700.0,338,3645.655877342419,0.35502958579881655,0.3254437869822485
9,C_M16_1,-6.490537542927343,16.067461428266075,1.1035577005558732,chronic,5400.0,43,3333.333333333333,0.4186046511627907,0.3488372093023256
10,C_M16_1,22.362747955491297,44.920746926684714,1.8936944734448193,chronic,16100.0,105,2795.031055900621,0.4095238095238095,0.3142857142857143
11,C_M16_1,26.064524700645126,48.62252367183854,3.6238861101995195,chronic,15900.0,132,2389.937106918239,0.2803030303030303,0.25
12,C_M16_1,27.77330205750174,50.33130102869516,0.10979044156989737,chronic,17600.0,194,3465.9090909090905,0.30927835051546393,0.1855670103092783
13,C_M16_1,17.267721793303675,39.82572076449709,0.8350194734458949,chronic,67100.0,351,3233.9791356184796,0.36752136752136755,0.282051282051282
14,C_M16_1,-2.8829473166910558,19.67505165450236,1.9542462339412205,chronic,20800.0,127,2500.0,0.36220472440944884,0.3385826771653543
15,C_M16_1,26.66571788229905,49.22371685349246,0.25803961258676544,chronic,89000.0,643,4146.067415730337,0.2954898911353033,0.2286158631415241
16,C_S30_2,23.496738989953478,48.09481692570914,0.5362545974863,chronic,342500.0,2282,5445.255474452554,0.5363716038562665,0.4566170026292726
17,C_S30_2,25.687558845063474,50.28563678081913,0.18117182869733028,chronic,27600.0,272,6304.347826086957,0.4522058823529412,0.3051470588235294
18,C_S30_2,30.55841512965914,55.15649306541479,0.4590880349174338,chronic,11800.0,128,4830.5084745762715,0.4453125,0.3203125
19,C_S30_2,34.64503979535847,59.243117731114125,0.47895857041075374,chronic,100800.0,947,5535.714285714285,0.3558606124604013,0.2914466737064414
20,C_S30_2,30.932416304140233,55.53049423989589,1.87792623972968,chronic,5500.0,98,2909.0909090909095,0.3673469387755102,0.336734693877551
50,C_S30_2,37.68296005247009,62.28103798822575,0.828491398223516,chronic,48500.0,307,2907.216494845361,0.34527687296416937,0.3159609120521172
51,C_S30_2,20.290938813107946,44.889016748863604,1.399464619316138,chronic,12900.0,91,3178.294573643411,0.4065934065934066,0.3626373626373626
52,C_S30_2,37.63084574237934,62.228923678135004,0.0777053077947123,chronic,7200.0,37,2500.0,0.5675675675675675,0.5675675675675675
53,C_S30_2,28.80951316409565,53.40759109985131,0.2486785543418275,chronic,102700.0,699,4586.1733203505355,0.37052932761087265,0.3147353361945637
54,C_S30_2,36.64791879341236,61.24599672916801,0.711782464930458,chronic,9600.0,90,5520.833333333334,0.34444444444444444,0.2888888888888888
55,C_S30_2,35.38175523700135,59.97983317275701,0.15400882990313036,chronic,148100.0,950,4523.970290344361,0.3526315789473684,0.2926315789473684
21,C_OS1_5,-7.1904564744861545,11.385370007934696,0.8535691831204626,chronic,110200.0,548,3058.076225045372,0.21350364963503649,0.1952554744525547
22,C_OS1_5,8.946930336070258,27.52275681849111,3.60083205206559,chronic,6000.0,37,2000.0,0.2972972972972973,0.2972972972972973
23,C_OS1_5,6.307205538309606,24.883032020730457,0.5374570238084426,chronic,15200.0,106,4671.0526315789475,0.2169811320754717,0.1886792452830188
24,C_OS1_5,-13.25447079433884,5.321355688082011,3.1268162328856324,chronic,24900.0,111,2851.40562248996,0.23423423423423423,0.2252252252252252
25,C_OS1_5,5.569904759087946,24.1457312415088,2.0499275734908915,chronic,19000.0,104,3421.0526315789475,0.21153846153846154,0.1826923076923076
26,C_OS1_5,5.704561538085408,24.28038802050626,3.3695205317428862,chronic,5700.0,86,3333.333333333333,0.13953488372093023,0.1395348837209302
27,C_OS1_5,6.851544500800738,25.42737098322159,0.2040650892622966,chronic,80200.0,339,3354.114713216958,0.2949852507374631,0.2625368731563421
28,C_OS1_5,-11.77454213533455,6.801284347086302,2.629198939593561,chronic,5000.0,32,2200.0,0.25,0.25
29,C_S16_1,9.150034955009751,35.3591841184131,1.3223588812553513,chronic,50700.0,351,5325.443786982249,0.48148148148148145,0.3846153846153846
30,C_S16_1,19.850979654547043,46.060128817950385,0.32230711401448175,chronic,160500.0,1269,5788.16199376947,0.3987391646966115,0.3341213553979511
31,C_S16_1,-18.090850006207603,8.118299157195743,0.28523187723942023,chronic,5500.0,72,3090.909090909091,0.3055555555555556,0.2916666666666667
32,C_S16_1,-15.533795093418952,10.675354069984394,0.3513805312200571,chronic,14400.0,98,2638.888888888889,0.37755102040816324,0.3673469387755102
33,C_S16_1,4.75756778745938,30.966716950862725,1.9490538307662761,chronic,32600.0,252,4601.226993865032,0.4007936507936508,0.3015873015873015
91,C_S16_1,11.851202258662994,38.06035142206634,3.1831043590269874,chronic,5000.0,164,11200.0,0.4024390243902439,0.2256097560975609
92,C_S16_1,8.89505236699406,35.104201530397404,0.023263170680742462,chronic,176100.0,1493,6229.415105053947,0.5733422638981915,0.4842598794373744
93,C_S16_1,12.292534686955593,38.50168385035894,0.1420143404031391,chronic,264700.0,2373,7400.831129580658,0.5722713864306784,0.4766118836915297
94,C_S16_1,-20.84060028992632,5.368548873477025,1.0155974572383855,chronic,5300.0,147,9433.962264150943,0.5374149659863946,0.3129251700680272
95,C_S16_1,11.911745335995407,38.12089449939875,2.187440368842017,chronic,5400.0,122,6481.481481481481,0.48360655737704916,0.3442622950819672
34,C_P1_4,0.2498286616426335,27.604581242632307,1.4674875727532193,chronic,5400.0,118,6296.296296296296,0.4067796610169492,0.3559322033898305
35,C_P1_4,-16.332606768722645,11.022145812267027,1.3685063905842192,chronic,9500.0,156,6842.105263157895,0.3782051282051282,0.3269230769230769
36,C_P1_4,-16.737483150258964,10.617269430730708,0.18352946275219928,chronic,38500.0,421,6649.350649350649,0.5415676959619953,0.3515439429928741
37,C_P1_4,-11.45967532676584,15.895077254223832,0.169267636173573,chronic,11400.0,207,7631.578947368421,0.3719806763285024,0.2657004830917874
38,C_P1_4,-17.565845347040398,9.788907233949274,0.04788691183351723,chronic,12800.0,137,6015.625,0.6861313868613139,0.4817518248175182
39,C_P1_4,-13.046526465173168,14.308226115816504,0.12693201877503935,chronic,111200.0,950,7140.287769784173,0.6768421052631579,0.5378947368421053
40,C_P1_4,-12.555507680221922,14.79924490076775,0.14123542642584486,chronic,127400.0,1085,6797.488226059654,0.752073732718894,0.5889400921658986
41,C_P1_4,-2.9358399002733004,24.41891268071637,0.40138181883544455,chronic,199100.0,1811,7709.693621295832,0.7752622860298177,0.6940916620651574
42,C_P1_4,-23.088348578586537,4.266404002403135,1.4738314318936716,chronic,24600.0,335,7520.325203252032,0.6298507462686567,0.3104477611940298
43,C_M16_2,36.44673928084964,58.10064138593265,0.8640056516448489,chronic,104300.0,1122,5752.636625119846,0.3253119429590018,0.2094474153297682
44,C_M16_2,12.550123663190504,34.20402576827351,0.6708870423109801,chronic,5900.0,65,3559.322033898305,0.4153846153846154,0.3384615384615385
45,C_M16_2,16.991783266675498,38.6456853717585,0.7518823489682429,chronic,19600.0,267,7806.122448979592,0.38202247191011235,0.2059925093632958
46,C_M16_2,24.9590984091417,46.61300051422471,1.4436506661366284,chronic,9700.0,100,3711.340206185567,0.33,0.29
47,C_M16_2,28.571962373075987,50.225864478159,0.20664038792424932,chronic,69800.0,513,4985.67335243553,0.4405458089668616,0.3021442495126705
48,C_M16_2,35.76137608257854,57.41527818766155,0.7736123114899804,chronic,28800.0,317,5069.444444444444,0.28391167192429023,0.2176656151419558
120,C_M16_2,17.407575507943257,39.06147761302626,2.51868651112885,chronic,29300.0,249,4846.41638225256,0.42570281124497994,0.2449799196787148
121,C_M16_2,25.22476322300048,46.878665328083486,0.8471270546560437,chronic,13100.0,80,3129.770992366412,0.425,0.375
122,C_M16_2,25.976671132489095,47.6305732375721,0.5246967542095344,chronic,6100.0,78,3442.622950819672,0.28205128205128205,0.2435897435897435
123,C_M16_2,19.557709559368774,41.21161166445178,2.2062210781007874,chronic,8900.0,53,2471.9101123595506,0.5471698113207547,0.5094339622641509
124,C_M16_2,32.37330366071901,54.027205765802016,0.6724334272656431,chronic,11000.0,86,2727.2727272727275,0.313953488372093,0.3023255813953488
125,C_M16_2,37.43138377026568,59.08528587534869,0.725689396354575,chronic,16200.0,151,3827.1604938271607,0.2781456953642384,0.2582781456953642
126,C_M16_2,30.93992254581363,52.593824650896636,0.8175525912323369,chronic,7200.0,99,2916.666666666667,0.43434343434343436,0.2727272727272727
127,C_M16_2,32.286487648548565,53.94038975363157,1.2818167511750023,chronic,9700.0,76,4123.711340206185,0.35526315789473684,0.3157894736842105
128,C_M16_2,34.547177833047755,56.20107993813076,0.6265285861364944,chronic,130300.0,993,4827.321565617805,0.2759315206445116,0.2537764350453172
49,C_NS_4,-19.3865747173976,-1.5427416498803268,3.3530098983492795,chronic,7900.0,31,1265.8227848101264,0.12903225806451613,0.1290322580645161
56,C_P1_5,-24.957216557520926,4.767131750854002,1.7753438615806765,chronic,10500.0,179,8285.714285714284,0.6033519553072626,0.5083798882681564
57,C_P1_5,-21.671629675434765,8.052718632940163,0.225340501063096,chronic,130500.0,1386,7716.47509578544,0.7034632034632035,0.6334776334776335
58,C_P1_5,-17.603458754340437,12.120889554034491,1.4006178540121237,chronic,25600.0,324,9414.0625,0.7623456790123457,0.6265432098765432
59,C_P1_5,-15.908316566187667,13.816031742187262,0.1893524302368208,chronic,596100.0,5792,8174.802885421909,0.7316988950276243,0.6251726519337016
60,C_P1_5,-19.48999710074694,10.234351207627988,1.7807322717365661,chronic,5600.0,115,9821.42857142857,0.6869565217391305,0.5478260869565217
61,C_P1_5,-6.8076974072055645,22.916650901169362,1.0107671746943558,chronic,12800.0,190,9453.125,0.6736842105263158,0.5368421052631579
62,C_P1_5,-23.42500330686401,6.299345001510918,0.20193758482574609,chronic,8400.0,175,7976.190476190477,0.56,0.5314285714285715
63,C_P1_5,5.132645775363858,34.85699408373878,0.965648273723577,chronic,10800.0,229,11759.25925925926,0.5938864628820961,0.462882096069869
64,C_S30_1,39.08431210835904,64.43425870857264,1.5132672001975358,chronic,118900.0,554,3271.6568544995794,0.3844765342960289,0.3501805054151624
65,C_S30_1,24.83682327500204,50.18676987521564,0.21582223211959928,chronic,50000.0,236,3100.0,0.4364406779661017,0.326271186440678
66,C_S30_1,28.29748844721491,53.64743504742851,0.9836150633953302,chronic,32400.0,235,3487.6543209876545,0.31063829787234043,0.251063829787234
67,C_S30_1,18.04124733305019,43.39119393326379,0.0645844684105743,chronic,13500.0,62,2296.2962962962965,0.45161290322580644,0.4516129032258064
68,C_S30_1,21.97610438010248,47.32605098031608,0.9640050461532166,chronic,13000.0,67,2230.769230769231,0.417910447761194,0.417910447761194
69,C_S30_1,32.94038342616502,58.29033002637862,0.0866402269011779,chronic,211900.0,1044,3213.780084945729,0.3438697318007663,0.2950191570881226
111,C_S30_1,38.381800728872236,63.731747329085835,0.12245460834839506,chronic,451400.0,3835,5888.3473637572,0.3199478487614081,0.2672750977835723
112,C_S30_1,32.58682559043734,57.93677219065094,0.9594138962049232,chronic,36100.0,291,4598.337950138504,0.35051546391752575,0.2920962199312715
70,C_M16_3,29.68884737619928,51.34274948128228,4.5128897681649764,chronic,17300.0,104,1560.6936416184972,0.3269230769230769,0.2692307692307692
71,C_M16_3,28.027216538618568,49.68111864370157,0.21133474336703983,chronic,12000.0,62,2583.3333333333335,0.3387096774193548,0.3225806451612903
72,C_M16_3,32.6471942398315,54.301096344914505,2.2865744401027612,chronic,29800.0,157,3355.7046979865772,0.3248407643312102,0.286624203821656
73,C_M16_3,35.42684744485688,57.08074954993989,0.6341785533878159,chronic,100200.0,368,2894.2115768463073,0.4429347826086957,0.4021739130434782
74,C_M16_3,28.840724302223716,50.494626407306725,0.3255670103986148,chronic,25500.0,218,4823.529411764706,0.22477064220183487,0.1743119266055046
75,C_M16_3,12.997888496139023,34.65179060122203,2.8678046512650717,chronic,9200.0,99,3260.8695652173915,0.18181818181818182,0.1818181818181818
76,C_M16_3,35.40029975475012,57.05420185983313,3.9237634570122157,chronic,6900.0,43,2318.840579710145,0.27906976744186046,0.2790697674418604
77,C_M16_3,16.749549959483154,38.40345206456616,1.6749440844923527,chronic,29600.0,136,2195.945945945946,0.33088235294117646,0.2794117647058823
96,C_M16_3,32.01178818914461,53.665690294227616,0.40925185281388465,chronic,58800.0,247,2925.170068027211,0.3076923076923077,0.2753036437246963
97,C_M16_3,20.459002821676755,42.11290492675976,3.7740681167369026,chronic,8000.0,36,1875.0,0.4166666666666667,0.4166666666666667
98,C_M16_3,28.222539356591717,49.87644146167472,0.46230363323050483,chronic,45100.0,215,2705.09977827051,0.3209302325581395,0.2697674418604651
99,C_M16_3,30.130493613032986,51.78439571811599,2.2497918378747457,chronic,8800.0,62,2386.363636363636,0.3225806451612903,0.2741935483870967
100,C_M16_3,34.3978135707467,56.051715675829705,1.6504784434983328,chronic,30200.0,199,4172.185430463576,0.4120603015075377,0.2613065326633166
101,C_M16_3,24.482307507704075,46.136209612787084,2.932255140751833,chronic,28500.0,146,3684.210526315789,0.3561643835616438,0.2808219178082192
102,C_M16_3,17.96960272431309,39.6235048293961,0.993144151392352,chronic,15500.0,143,4000.0,0.21678321678321677,0.1678321678321678
103,C_M16_3,20.987011295082834,42.64091340016584,2.51885702009627,chronic,17500.0,85,2971.428571428571,0.3058823529411765,0.3058823529411765
87,C_CFA_4,-11.730351162309917,5.578660001964403,4.364440751054083,chronic,9400.0,21,1170.212765957447,0.23809523809523808,0.1904761904761904
88,C_CFA_4,-16.28400448795787,1.0250066763164511,1.5991025382516266,chronic,12700.0,21,787.4015748031496,0.23809523809523808,0.238095238095238
89,C_CFA_4,-12.358181416002882,4.950829748271438,7.416210725403992,chronic,6300.0,23,1269.84126984127,0.13043478260869565,0.1304347826086956
90,C_CFA_4,-17.712953510042,-0.4039423457676783,7.59075967931058,chronic,5400.0,21,555.5555555555555,0.14285714285714285,0.1428571428571428
104,C_S16_3,22.163164558209818,48.44391393521231,0.5319539777420612,chronic,9100.0,139,4615.384615384615,0.4172661870503597,0.2805755395683453
105,C_S16_3,27.273072446826642,53.55382182382914,0.2920851612541604,chronic,7000.0,68,4142.857142857143,0.5441176470588235,0.4852941176470588
106,C_S16_3,10.955804615052964,37.236553992055455,0.8124173408001045,chronic,42800.0,406,5911.214953271028,0.5320197044334976,0.3078817733990148
107,C_S16_3,22.653231450564473,48.93398082756697,5.917624484398372,chronic,9500.0,78,3789.4736842105262,0.5,0.4871794871794871
108,C_S16_3,24.00526722867436,50.28601660567685,0.45783290622109263,chronic,72400.0,590,5455.8011049723755,0.3983050847457627,0.3576271186440678
109,C_S16_3,9.53114534126544,35.811894718267936,1.2843277568596436,chronic,27500.0,298,7018.181818181818,0.4664429530201342,0.285234899328859
110,C_S16_3,10.364022673492505,36.644772050495,1.0317619833853868,chronic,24000.0,291,7458.333333333333,0.3917525773195876,0.2405498281786941
113,C_S16_3,21.65993869743772,47.94068807444022,0.6813420433490158,chronic,74200.0,560,4016.172506738544,0.45357142857142857,0.3267857142857143
114,C_S16_3,25.579411353703076,51.86016073070557,0.03476959054210127,chronic,24800.0,287,6209.677419354839,0.30313588850174217,0.229965156794425
115,C_S16_3,25.152614844989564,51.43336422199206,1.7776203586464856,chronic,77700.0,625,5456.885456885457,0.4032,0.3136
116,C_S16_3,11.947032907561706,38.2277822845642,1.1609973197526005,chronic,21000.0,252,9428.571428571428,0.6349206349206349,0.246031746031746
117,C_S16_3,27.681123902640074,53.96187327964257,0.18380756756056904,chronic,60800.0,692,6809.210526315789,0.3829479768786127,0.2341040462427745
118,C_S16_3,20.27168862390921,46.55243800091171,1.2216513312737671,chronic,67200.0,603,5937.5,0.39303482587064675,0.2736318407960199
119,C_S16_3,23.105442410219023,49.38619178722152,1.4592953801181459,chronic,13800.0,184,6159.420289855073,0.25,0.217391304347826
129,C_P1_6,-14.77057965020127,16.361973863721822,0.5231371397150335,chronic,274200.0,3123,9653.537563822028,0.7431956452129362,0.5981428113992956
130,C_P1_6,-15.83989536117312,15.292658152749972,1.0936093462498153,chronic,125500.0,1557,10111.553784860558,0.7964033397559409,0.6095054592164418
131,C_P1_6,-14.253251118959604,16.87930239496349,0.5780546201516339,chronic,220100.0,2590,10168.105406633347,0.7501930501930502,0.6123552123552124
132,C_P1_6,-17.83014642076615,13.30240709315694,3.1942873851465157,chronic,9100.0,223,11428.571428571428,0.7847533632286996,0.4753363228699551
133,C_P1_6,-19.555130594275017,11.577422919648075,1.386088672581538,chronic,28300.0,512,10812.720848056537,0.650390625,0.45703125
134,C_CFA_6,-17.560312735359194,-0.31815430899024477,2.029106465534392,chronic,6200.0,24,1451.6129032258066,0.20833333333333334,0.2083333333333333
135,C_CFA_6,-2.0063855496009277,15.23577287676802,2.892510843465893,chronic,12000.0,43,1500.0,0.18604651162790697,0.1860465116279069
136,C_CFA_6,9.273675549548638,26.515833975917587,4.117923030360361,chronic,11200.0,49,1607.142857142857,0.1836734693877551,0.1836734693877551
137,C_NS_5,-0.9068605753405533,16.93697249217672,7.843294586799054,chronic,7000.0,40,1571.428571428571,0.15,0.15
138,C_NS_1,16.391962947577376,34.168943277189285,12.054385294898658,chronic,8500.0,20,941.1764705882352,0.25,0.2
139,C_NS_1,-14.052475664853416,3.724504664758493,4.095655018525716,chronic,10500.0,22,761.9047619047618,0.18181818181818182,0.1818181818181818
140,C_NS_1,-9.61683882348644,8.16014150612547,1.0588173728087167,chronic,5500.0,19,727.2727272727274,0.15789473684210525,0.1578947368421052
141,C_NS_1,-7.734345209172508,10.042635120439401,1.6417640607157749,chronic,13200.0,29,1212.1212121212122,0.1724137931034483,0.1724137931034483
142,C_NS_1,-2.3254712637868593,15.45150906582505,6.868098364801678,chronic,6600.0,21,1515.1515151515152,0.14285714285714285,0.1428571428571428
234,C_NS_1,6.70568737472318,24.48266770433509,10.34170648096121,chronic,10400.0,16,673.0769230769231,0.1875,0.1875
235,C_NS_1,-20.08285414418243,-2.3058738145705213,8.423055187524357,chronic,13100.0,37,1221.3740458015266,0.13513513513513514,0.1351351351351351
236,C_NS_1,-10.311918070408577,7.465062259203332,6.2855776705669015,chronic,7600.0,13,657.8947368421053,0.15384615384615385,0.1538461538461538
237,C_NS_1,-23.299939264604966,-5.522958934993056,1.3606307421492545,chronic,9500.0,25,947.3684210526316,0.16,0.12
143,C_P1_1,2.626170081267644,32.2375122886997,0.5581686788106379,chronic,400400.0,3611,7867.132867132867,0.8163943505954029,0.7327610080310163
144,C_P1_1,-5.5286304846447925,24.082711722787263,0.6117536482439951,chronic,53600.0,592,9011.194029850743,0.7888513513513513,0.6300675675675675
145,C_P1_1,14.097898222642403,43.70924043007446,0.7807790030867476,chronic,21100.0,206,8293.838862559242,0.6990291262135923,0.6650485436893204
146,C_P1_1,-0.7220207375965524,28.889321469835505,0.0016856381802559661,chronic,396000.0,3377,7287.878787878788,0.7669529167900503,0.6721942552561445
147,C_P1_1,0.5819825208995595,30.193324728331614,2.4602288363550606,chronic,5500.0,137,12363.636363636364,0.4744525547445255,0.3722627737226277
148,C_P1_1,-15.87063794838347,13.740704259048586,0.9058668112468942,chronic,7000.0,130,12000.0,0.7,0.4692307692307692
149,C_P1_1,-6.352003545521185,23.25933866191087,0.8307158603366132,chronic,45300.0,519,7593.818984547462,0.6994219653179191,0.5510597302504817
150,C_P1_1,2.755620894798925,32.36696310223098,0.3975780878759858,chronic,119400.0,1182,8266.331658291458,0.6751269035532995,0.5854483925549916
238,C_P1_1,-13.43165571137602,16.179686496056036,0.6328300719147864,chronic,52000.0,590,7134.615384615385,0.188135593220339,0.1728813559322033
239,C_P1_1,-22.301542630390674,7.309799577041382,2.2192801564820694,chronic,38700.0,171,2248.062015503876,0.631578947368421,0.3859649122807017
240,C_P1_1,-24.560970258481827,5.050371948950229,1.5256835009748588,chronic,53000.0,259,3754.716981132075,0.6138996138996139,0.4671814671814672
241,C_P1_1,-18.59603531981754,11.015306887614518,4.683483416017297,chronic,5200.0,94,5576.923076923077,0.32978723404255317,0.1702127659574468
242,C_P1_1,-7.719902753014004,21.89143945441805,2.236037187242925,chronic,10000.0,143,5400.0,0.2097902097902098,0.1608391608391608
243,C_P1_1,-21.972942951174968,7.638399256257088,0.5627759030368225,chronic,47900.0,410,5511.482254697286,0.44146341463414634,0.2195121951219512
151,C_OS1_3,-3.5988285378268277,15.763009009800465,0.7677276575974457,chronic,27100.0,145,4095.940959409594,0.503448275862069,0.2758620689655172
152,C_OS1_3,-11.323609595836114,8.038227951791178,5.325707760054071,chronic,14600.0,89,2465.753424657534,0.3707865168539326,0.2808988764044944
153,C_OS1_3,-10.880513154765442,8.48132439286185,4.403648363664175,chronic,6500.0,37,1692.3076923076924,0.4594594594594595,0.4594594594594595
154,C_OS1_3,-6.4848127214893045,12.877024826137987,2.66391035115426,chronic,51700.0,532,5783.3655705996125,0.19548872180451127,0.169172932330827
155,C_OS1_3,-9.19676249726888,10.165075050358412,1.4673570634154025,chronic,12900.0,90,2790.6976744186045,0.24444444444444444,0.2333333333333333
156,C_OS1_3,-14.684992962504916,4.676844585122376,3.595860266257164,chronic,6300.0,68,2698.4126984126983,0.25,0.2352941176470588
157,C_OS1_3,-1.2510484493222163,18.110789098305077,0.9470569571401282,chronic,53200.0,258,3834.5864661654136,0.5658914728682171,0.4806201550387597
158,C_OS1_3,-4.398036065105678,14.963801482521614,0.5399220138585541,chronic,140300.0,811,4447.6122594440485,0.4759556103575832,0.3711467324290999
159,C_OS1_3,3.422741780125223,22.784579327752514,1.6172852295246267,chronic,7100.0,61,3661.9718309859154,0.29508196721311475,0.2786885245901639
160,C_OS1_3,-0.8025345497266675,18.559302997900623,4.416768802324171,chronic,13800.0,122,3333.3333333333335,0.22131147540983606,0.221311475409836
161,C_OS1_3,-23.287601646185813,-3.9257640985585205,1.2148138750971782,chronic,12900.0,74,3178.294573643411,0.35135135135135137,0.3108108108108108
244,C_OS1_3,0.4190846409467525,19.780922188574046,2.4760533042375092,chronic,11300.0,60,2920.353982300885,0.3,0.2166666666666666
245,C_OS1_3,-15.798249346117407,3.5635882015098854,2.4233281776519675,chronic,18300.0,81,3442.622950819672,0.2839506172839506,0.2222222222222222
246,C_OS1_3,-2.0449489592577024,17.31688858836959,0.44606784444589165,chronic,72100.0,256,2690.707350901526,0.42578125,0.33203125
247,C_OS1_3,-3.0178054444929114,16.34403210313438,0.7165091965412906,chronic,85200.0,638,5762.910798122066,0.3557993730407524,0.280564263322884
248,C_OS1_3,-5.651978301638149,13.709859245989144,0.37735721130443833,chronic,10000.0,66,3000.0,0.21212121212121213,0.1969696969696969
162,C_NS_2,20.539691348148367,38.316671677760276,6.594234211194936,chronic,5300.0,8,566.0377358490566,0.25,0.25
163,C_NS_2,4.946727805775662,22.72370813538757,4.1606247909401795,chronic,10400.0,26,961.5384615384615,0.15384615384615385,0.1538461538461538
164,C_NS_2,-13.290768035625595,4.4862122939863145,1.1392638120588252,chronic,9700.0,17,515.4639175257731,0.23529411764705882,0.2352941176470588
249,C_NS_2,10.872803733534463,28.64978406314637,3.133911513094259,chronic,12000.0,40,1083.3333333333333,0.15,0.15
250,C_NS_2,-2.6867461635632455,15.090234166048663,1.5833844340492396,chronic,17300.0,29,867.0520231213873,0.1724137931034483,0.1724137931034483
251,C_NS_2,6.443384519026342,24.22036484863825,1.0566620789036607,chronic,20700.0,57,966.1835748792272,0.15789473684210525,0.1578947368421052
252,C_NS_2,8.318518242192741,26.09549857180465,3.944390620520358,chronic,7800.0,24,641.0256410256411,0.16666666666666666,0.1666666666666666
253,C_NS_2,-0.3805530512756436,17.396427278336265,1.4226182457114875,chronic,10200.0,24,882.3529411764705,0.125,0.125
165,C_OS1_1,3.942355402062731,23.21889679451164,0.3707876320108281,chronic,15500.0,74,2451.6129032258063,0.35135135135135137,0.2702702702702703
166,C_OS1_1,5.036310373208864,24.312851765657772,0.35235864792724003,chronic,71400.0,506,4243.697478991597,0.24308300395256918,0.1798418972332015
167,C_OS1_1,0.48171344294715684,19.758254835396066,0.2918247205473478,chronic,100200.0,446,3562.8742514970063,0.6076233183856502,0.4775784753363228
168,C_OS1_1,11.382706537144236,30.659247929593143,0.3589293705166732,chronic,392400.0,1928,4518.3486238532105,0.7053941908713693,0.5954356846473029
169,C_OS1_1,5.020074265042124,24.29661565749103,2.8555681180656984,chronic,42000.0,194,2976.190476190476,0.5309278350515464,0.2938144329896907
170,C_OS1_1,-10.115185716433787,9.161355676015122,4.15835147995136,chronic,6800.0,54,4264.705882352941,0.35185185185185186,0.2222222222222222
254,C_OS1_1,-1.7072213239610363,17.569320068487873,0.4695938991718164,chronic,64400.0,428,4611.801242236025,0.4088785046728972,0.25
255,C_OS1_1,0.543470900596903,19.820012293045814,2.2825849752595104,chronic,10400.0,53,2788.4615384615386,0.2830188679245283,0.2075471698113207
256,C_OS1_1,-4.528039327140363,14.748502065308546,2.1123320346481496,chronic,7100.0,38,1549.2957746478871,0.23684210526315788,0.2368421052631578
257,C_OS1_1,10.683203817740017,29.959745210188927,1.1795034679869039,chronic,6500.0,76,1230.7692307692307,0.19736842105263158,0.1578947368421052
258,C_OS1_1,8.635336300255078,27.91187769270399,0.09324564874007102,chronic,6000.0,31,2166.6666666666665,0.2903225806451613,0.2903225806451613
259,C_OS1_1,9.87462040580612,29.15116179825503,0.892998531111675,chronic,82800.0,477,4275.36231884058,0.27253668763102723,0.1970649895178197
171,C_P1_2,-8.74680713455162,20.63852287099469,0.20312160560475867,chronic,218000.0,1248,4633.027522935779,0.6546474358974359,0.4775641025641026
172,C_P1_2,-10.330957047845397,19.054372957700913,0.9075106786785003,chronic,86600.0,554,5000.0,0.7021660649819494,0.4494584837545126
173,C_P1_2,-11.453337363955093,17.93199264159122,0.19741927908137757,chronic,203000.0,1562,6871.921182266009,0.6248399487836107,0.470550576184379
174,C_P1_2,-7.0180339739938,22.367296031552513,1.2843969552211063,chronic,8300.0,146,7469.879518072289,0.3904109589041096,0.273972602739726
175,C_P1_2,-13.631249979995966,15.754080025550346,0.09024462415600976,chronic,94100.0,829,5897.98087141339,0.571773220747889,0.2979493365500603
176,C_P1_2,3.882149794405469,33.26747979995178,0.19829116462184082,chronic,30200.0,178,4105.960264900662,0.6123595505617978,0.5337078651685393
260,C_P1_2,-8.130688382395569,21.254641623150743,0.8334963612296877,chronic,250000.0,1387,4732.0,0.6669069935111752,0.5803893294881038
261,C_P1_2,-11.871786582390381,17.51354342315593,0.4302048814154462,chronic,47000.0,293,5021.276595744681,0.7303754266211604,0.5836177474402731
262,C_P1_2,-18.276817371919897,11.108512633626415,3.0352008227802028,chronic,5500.0,61,3636.363636363637,0.5573770491803278,0.5245901639344263
263,C_P1_2,-15.377295301948065,14.008034703598247,2.648586758165866,chronic,12200.0,130,8032.786885245901,0.5384615384615384,0.3769230769230769
264,C_P1_2,-5.075795681039428,24.309534324506885,0.40678118598829993,chronic,10400.0,167,5673.076923076924,0.33532934131736525,0.2874251497005988
265,C_P1_2,-0.33077242185457234,29.05455758369174,1.0628733946483684,chronic,122500.0,653,4171.428571428572,0.6186830015313936,0.55895865237366
266,C_P1_2,-9.161857401643795,20.223472603902515,3.380441288659384,chronic,12500.0,107,3440.0,0.5607476635514018,0.4953271028037383
177,C_NS_3,12.928297388430856,30.705277718042765,1.3328487576313317,chronic,7100.0,11,281.6901408450704,0.2727272727272727,0.1818181818181818
178,C_NS_3,-3.4080841601612897,14.36889616945062,5.197868473889909,chronic,6200.0,17,967.741935483871,0.17647058823529413,0.1764705882352941
179,C_NS_3,-25.69374676510937,-7.916766435497461,3.9223229333279868,chronic,17900.0,24,893.8547486033519,0.25,0.2083333333333333
180,C_NS_3,-6.067127669063752,11.709852660548158,2.169658050102787,chronic,29400.0,31,748.2993197278912,0.5806451612903226,0.2258064516129032
181,C_NS_3,-8.116091233942278,9.660889095669631,2.7919960197751945,chronic,32500.0,68,1200.0,0.36764705882352944,0.1617647058823529
182,C_NS_3,-5.803266611866028,11.97371371774588,2.7649855855443812,chronic,9400.0,15,1170.212765957447,0.4,0.2
267,C_NS_3,0.0681554248117949,17.845135754423705,3.1570804427361514,chronic,26600.0,68,1203.0075187969926,0.16176470588235295,0.1617647058823529
183,C_OS1_2,18.475680290365524,37.83751783799282,2.850996843731502,chronic,7800.0,33,2435.897435897436,0.21212121212121213,0.2121212121212121
184,C_OS1_2,-32.81008044190799,-13.448242894280696,3.5842291178218932,chronic,20300.0,78,2118.226600985222,0.21794871794871795,0.1923076923076923
185,C_OS1_2,-9.825553120577633,9.536284427049663,6.877637565466725,chronic,30600.0,86,1895.424836601307,0.2441860465116279,0.2325581395348837
186,C_OS1_2,-14.977451249730578,4.384386297896718,1.3302667984754484,chronic,27800.0,119,2841.7266187050363,0.23529411764705882,0.1932773109243697
187,C_OS1_2,20.686844393049224,40.048681940676516,5.291459821901546,chronic,11300.0,39,1769.911504424779,0.2564102564102564,0.2564102564102564
188,C_OS1_2,4.377687523814308,23.739525071441605,2.3099553268804742,chronic,11500.0,46,1565.2173913043478,0.17391304347826086,0.1739130434782608
189,C_OS1_2,-35.776620119063494,-16.4147825714362,1.853870533793522,chronic,7200.0,61,694.4444444444445,0.21311475409836064,0.1967213114754098
190,C_OS1_2,-21.37649671447631,-2.0146591668490146,3.092819893842467,chronic,7200.0,28,1527.7777777777778,0.25,0.2142857142857142
191,C_OS1_2,-33.436964806570195,-14.0751272589429,1.6666549376538882,chronic,5700.0,18,1228.0701754385964,0.2777777777777778,0.2222222222222222
192,C_OS1_2,-14.763926158540057,4.597911389087239,0.06800661925588436,chronic,6900.0,40,1304.3478260869565,0.175,0.175
193,C_OS1_2,-19.314208272046173,0.047629275581122954,2.3995103646795464,chronic,34200.0,139,2631.578947368421,0.2733812949640288,0.1870503597122302
268,C_OS1_2,-17.33522387539403,2.0266136722332675,11.210967514418305,chronic,29300.0,69,1467.5767918088738,0.3188405797101449,0.2608695652173913
269,C_OS1_2,-18.458327798605314,0.9035097490219819,4.39642714970706,chronic,6000.0,19,2166.6666666666665,0.3157894736842105,0.2105263157894736
270,C_OS1_2,-2.5430693231537473,16.818768224473548,4.243705619287654,chronic,17200.0,78,2093.0232558139537,0.19230769230769232,0.1666666666666666
194,C_P1_3,1.499673496509688,30.885003502056,1.1023823507142516,chronic,26100.0,190,5478.927203065134,0.5157894736842106,0.431578947368421
195,C_P1_3,4.1712376621578455,33.55656766770416,0.18235052765543047,chronic,265900.0,1579,5419.330575404287,0.6257124762507916,0.4990500316656111
196,C_P1_3,-5.509660431265392,23.87566957428092,0.6267750002148551,chronic,231000.0,1366,5233.766233766233,0.7357247437774525,0.5812591508052709
197,C_P1_3,4.105466431507398,33.49079643705371,1.0961130376892665,chronic,69800.0,417,4799.4269340974215,0.6187050359712231,0.5323741007194245
198,C_P1_3,-6.440064709167815,22.945265296378498,1.1337508426712137,chronic,57700.0,366,3986.135181975737,0.5819672131147541,0.4672131147540984
199,C_P1_3,7.5242965864639055,36.90962659201022,1.6400988126881382,chronic,78600.0,568,6030.534351145038,0.7658450704225352,0.5651408450704225
200,C_P1_3,-4.961103704705291,24.42422630084102,0.35914559742230523,chronic,20200.0,121,3663.366336633664,0.7768595041322314,0.5619834710743802
201,C_P1_3,-26.2613438102843,3.123986195262013,0.6330355932727123,chronic,6900.0,107,5797.101449275362,0.35514018691588783,0.3271028037383177
202,C_P1_3,-5.6159283826852695,23.769401622861043,2.09818868702137,chronic,15400.0,208,6428.571428571428,0.4807692307692308,0.2740384615384615
203,C_P1_3,-20.522447680484227,8.862882325062085,3.7477283364629006,chronic,8200.0,77,4146.341463414634,0.5064935064935064,0.4545454545454545
271,C_P1_3,-14.806491046367078,14.578838959179233,2.2779799928145437,chronic,5900.0,71,7118.64406779661,0.5774647887323944,0.2676056338028169
272,C_P1_3,4.412950768943066,33.79828077448938,2.2726979207835836,chronic,38400.0,261,3020.8333333333335,0.5440613026819924,0.3908045977011494
273,C_P1_3,-5.321487152834825,24.06384285271149,0.7331535518983054,chronic,97500.0,647,5220.51282051282,0.5255023183925811,0.3771251931993817
274,C_P1_3,-4.425148787469716,24.960181218076595,0.99571685905592,chronic,49900.0,318,4589.178356713427,0.48742138364779874,0.4088050314465409
275,C_P1_3,-9.55260444864658,19.83272555689973,0.56696791080899,chronic,7500.0,65,3466.666666666667,0.5384615384615384,0.3538461538461538
276,C_P1_3,-29.967446003227952,-0.5821159976816404,0.11136904515009327,chronic,25700.0,181,3968.871595330739,0.5082872928176796,0.3867403314917127
277,C_P1_3,-0.2528314161966128,29.132498589349698,2.411392717956562,chronic,82900.0,458,4149.577804583836,0.5589519650655022,0.4737991266375546
278,C_P1_3,-20.23549808735352,9.149831918192792,0.7285615058818067,chronic,12400.0,102,3225.8064516129034,0.43137254901960786,0.4117647058823529
279,C_P1_3,1.2673739607595675,30.65270396630588,0.4927915566307935,chronic,99100.0,520,3935.418768920282,0.5153846153846153,0.4423076923076923
204,C_L_1,46.08132376740879,66.28176920170723,0.41971556398564047,chronic,544200.0,2475,3590.5916942300623,0.32727272727272727,0.2949494949494949
205,C_L_1,37.79613861348002,57.996584047778455,0.4428240966652943,chronic,13100.0,78,3358.7786259541986,0.3717948717948718,0.2307692307692307
206,C_L_1,32.94045414839939,53.14089958269783,0.7225366526913213,chronic,5600.0,57,2321.4285714285716,0.19298245614035087,0.1929824561403508
207,C_L_1,36.844703842176884,57.04514927647533,0.886976308498248,chronic,9500.0,103,4105.263157894737,0.2524271844660194,0.1650485436893204
293,C_L_1,33.86195624395605,54.06240167825449,0.10254648903319818,chronic,125200.0,493,2691.693290734824,0.3509127789046653,0.2961460446247465
294,C_L_1,39.627946756206065,59.8283921905045,1.1391204270641708,chronic,27800.0,128,3021.5827338129498,0.3203125,0.296875
295,C_L_1,34.310071310728596,54.51051674502703,1.0701742766794418,chronic,5600.0,32,1428.571428571429,0.375,0.375
296,C_L_1,43.28332137613746,63.483766810435895,0.3085915921292788,chronic,158500.0,446,2145.1104100946372,0.45067264573991034,0.4170403587443946
297,C_L_1,29.730578093351323,49.931023527649764,1.1689062229756857,chronic,44800.0,241,3102.6785714285716,0.26556016597510373,0.2365145228215767
208,C_CFA_3,12.009702103974142,29.853535171491416,2.4361756684912184,chronic,5000.0,32,1800.0,0.125,0.125
209,C_CFA_3,-12.919409713747209,4.924423353770065,3.9259943972129587,chronic,6300.0,34,1269.84126984127,0.11764705882352941,0.1176470588235294
310,C_CFA_3,2.810915888230039,20.654748955747312,4.387978254877463,chronic,6800.0,18,735.2941176470589,0.16666666666666666,0.1666666666666666
311,C_CFA_3,3.3754927128776746,21.219325780394946,10.376801848786528,chronic,9800.0,30,1224.4897959183677,0.16666666666666666,0.1666666666666666
210,C_L_4,46.77618188419332,66.75686545452054,0.15283684820758836,chronic,305100.0,1231,3058.0137659783677,0.330625507717303,0.3151909017059301
211,C_L_4,33.71675636475747,53.69743993508469,2.223379459206992,chronic,8600.0,50,2325.5813953488373,0.36,0.32
212,C_L_4,46.85734634898324,66.83802991931046,1.6334444604520826,chronic,25600.0,123,2539.0625,0.34959349593495936,0.3170731707317073
319,C_L_4,34.52839587070012,54.50907944102734,0.007297239772469766,chronic,109200.0,496,2380.9523809523807,0.3407258064516129,0.3024193548387097
320,C_L_4,38.162767943029515,58.14345151335674,0.49281567291733097,chronic,194900.0,699,2806.5674704976914,0.44206008583690987,0.4248927038626609
321,C_L_4,28.13663509613408,48.1173186664613,1.0280237287730944,chronic,106100.0,470,3166.823751178134,0.3702127659574468,0.3106382978723404
322,C_L_4,25.62998159031864,45.61066516064586,3.316086788336472,chronic,6600.0,84,4242.424242424242,0.36904761904761907,0.1904761904761904
323,C_L_4,21.81126605523593,41.79194962556315,1.489976801503726,chronic,5600.0,51,2500.0,0.39215686274509803,0.3333333333333333
213,C_L_2,54.01145767765752,74.14911400796419,0.48188018414850475,chronic,498700.0,2661,4363.344696210146,0.3216835776024051,0.2946260804208944
214,C_L_2,43.51653298977246,63.65418932007912,2.145764282960968,chronic,12300.0,81,3333.3333333333335,0.30864197530864196,0.2716049382716049
288,C_L_2,43.58656454311986,63.724220873426525,1.3547910509985783,chronic,182000.0,920,3598.901098901099,0.31956521739130433,0.292391304347826
289,C_L_2,31.941841306350575,52.07949763665724,0.9193340690751981,chronic,5000.0,48,2200.0,0.3333333333333333,0.2708333333333333
290,C_L_2,40.884995859737195,61.02265219004386,0.8273759614821721,chronic,87700.0,377,2531.356898517674,0.35278514588859416,0.3076923076923077
291,C_L_2,39.99263627598854,60.1302926062952,1.7505454252077044,chronic,11300.0,94,3008.849557522124,0.23404255319148937,0.2234042553191489
292,C_L_2,45.86589184535485,66.0035481756615,0.2312195664365504,chronic,48000.0,360,5104.166666666667,0.2916666666666667,0.2444444444444444
215,C_L_5,29.477788974401438,49.584050752712216,2.607533656096866,chronic,49900.0,190,2404.809619238477,0.5105263157894737,0.431578947368421
216,C_L_5,24.29883904871933,44.405100827030104,1.2343537057276155,chronic,23900.0,207,5188.284518828452,0.3188405797101449,0.1932367149758454
217,C_L_5,43.48080944670246,63.58707122501323,0.4658913160915752,chronic,231900.0,1334,4420.008624407072,0.3493253373313343,0.2698650674662669
218,C_L_5,35.56901388733544,55.67527566564621,3.0349657692321834,chronic,5700.0,52,5263.157894736842,0.36538461538461536,0.2307692307692307
219,C_L_5,27.88611551918358,47.99237729749436,0.5050935808270527,chronic,125000.0,617,4184.0,0.5640194489465153,0.4246353322528363
305,C_L_5,42.635833167599074,62.74209494590985,0.9748944833496687,chronic,170000.0,632,2147.0588235294117,0.28164556962025317,0.254746835443038
306,C_L_5,33.15846590772582,53.26472768603659,3.319174496386731,chronic,26900.0,87,1747.2118959107806,0.3793103448275862,0.3218390804597701
307,C_L_5,30.27806984709996,50.38433162541074,6.318938028766912,chronic,21100.0,108,2037.914691943128,0.23148148148148148,0.1944444444444444
308,C_L_5,46.42908133113098,66.53534310944175,0.6714151089123668,chronic,242400.0,979,3044.5544554455446,0.33094994892747703,0.306435137895812
309,C_L_5,35.8057766419082,55.91203842021898,1.098855280649559,chronic,7700.0,47,2467.5324675324673,0.2765957446808511,0.2553191489361702
220,C_CFA_1,-44.431133368538084,-26.654153038926175,7.0681708592823504,chronic,10700.0,10,654.2056074766356,0.4,0.4
221,C_CFA_1,3.7429032798718858,21.519883609483795,6.810629113465374,chronic,5000.0,19,1200.0,0.15789473684210525,0.1578947368421052
316,C_CFA_1,-8.184174097601648,9.592806232010261,8.478362643975846,chronic,5100.0,21,1176.470588235294,0.14285714285714285,0.1428571428571428
317,C_CFA_1,3.4870048566341563,21.263985186246067,0.8308042417406916,chronic,7400.0,24,405.40540540540536,0.125,0.125
318,C_CFA_1,-29.382770774366683,-11.605790444754774,10.083403296671563,chronic,5300.0,8,566.0377358490566,0.25,0.25
222,C_L_3,46.46015777783562,66.59781410814227,3.5086085975918664,chronic,14400.0,135,4166.666666666667,0.3851851851851852,0.3481481481481481
223,C_L_3,40.756155302968125,60.89381163327479,0.2955329648860392,chronic,856700.0,6260,6450.332671880471,0.6389776357827476,0.4715654952076677
224,C_L_3,2.02221938284885,22.15987571315551,2.2519541670721477,chronic,7400.0,107,5540.54054054054,0.35514018691588783,0.2803738317757009
280,C_L_3,30.53480544493343,50.672461775240095,0.5163270002651306,chronic,109100.0,630,3226.397800183318,0.28888888888888886,0.2603174603174603
281,C_L_3,37.26170343110484,57.3993597614115,5.357621342344759,chronic,9300.0,86,3225.8064516129034,0.2558139534883721,0.2558139534883721
282,C_L_3,28.174431347829632,48.312087678136294,0.6844349846788678,chronic,11200.0,119,2857.1428571428573,0.2689075630252101,0.2184873949579832
283,C_L_3,0.08386307026623176,20.221519400572895,0.22045851529856314,chronic,5700.0,96,3508.771929824561,0.22916666666666666,0.21875
284,C_L_3,34.42749577358449,54.56515210389115,1.7340124942744914,chronic,36800.0,246,3722.826086956522,0.5650406504065041,0.3414634146341463
285,C_L_3,52.23946051961899,72.37711684992564,1.5278388127250082,chronic,81700.0,593,4920.440636474908,0.30016863406408095,0.2799325463743676
286,C_L_3,29.641473280152212,49.779129610458874,0.5507580896259459,chronic,6800.0,54,3088.2352941176473,0.37037037037037035,0.3333333333333333
287,C_L_3,40.65765860415707,60.79531493446373,4.397128314311633,chronic,13300.0,119,3007.5187969924814,0.2857142857142857,0.226890756302521
225,C_OS1_4,11.557371071615755,30.833912464064664,1.5465659276670678,chronic,75900.0,336,3715.415019762846,0.5148809523809523,0.3928571428571428
226,C_OS1_4,15.453531178561555,34.73007257101047,0.544489021030782,chronic,5200.0,48,3846.153846153846,0.20833333333333334,0.1875
227,C_OS1_4,16.88911033455571,36.165651727004615,0.22605451391750897,chronic,6200.0,41,1612.9032258064517,0.3170731707317073,0.2439024390243902
228,C_OS1_4,6.601599098174279,25.87814049062319,3.6085854284483885,chronic,14900.0,73,2080.536912751678,0.2876712328767123,0.2328767123287671
229,C_OS1_4,5.16690579617356,24.443447188622468,1.6493431235251492,chronic,14500.0,107,4413.793103448275,0.22429906542056074,0.1775700934579439
230,C_OS1_4,-1.8968602845897768,17.37968110785913,1.6580241566660092,chronic,9700.0,64,3195.8762886597938,0.1875,0.171875
231,C_OS1_4,5.245681288938003,24.52222268138691,0.8277677027890005,chronic,100900.0,464,3855.302279484638,0.5668103448275862,0.3534482758620689
232,C_OS1_4,-11.40881690274389,7.867724489705019,8.17093426308668,chronic,5000.0,32,1400.0,0.3125,0.28125
298,C_OS1_4,0.8549496679859003,20.131491060434808,5.13242957969433,chronic,5800.0,33,1551.7241379310346,0.24242424242424243,0.2424242424242424
299,C_OS1_4,4.208036348878871,23.48457774132778,0.4434067840739726,chronic,14900.0,86,3557.046979865772,0.36046511627906974,0.1627906976744186
300,C_OS1_4,1.3744515128101498,20.65099290525906,1.763408505119341,chronic,12400.0,49,1451.6129032258066,0.2653061224489796,0.2653061224489796
301,C_OS1_4,-2.6525602206710124,16.623981171777896,5.857893674789668,chronic,7400.0,32,2027.0270270270269,0.25,0.25
302,C_OS1_4,0.6546791945170682,19.931220586965978,0.747457685518248,chronic,50400.0,406,5277.777777777777,0.3793103448275862,0.270935960591133
303,C_OS1_4,-2.3763971102720047,16.900144282176903,0.3519949363314492,chronic,12500.0,60,2720.0,0.18333333333333332,0.1833333333333333
304,C_OS1_4,-3.7888641927678948,15.487677199681015,2.244209680288809,chronic,7500.0,43,2133.3333333333335,0.18604651162790697,0.1860465116279069
233,C_CFA_2,-45.58289288015786,-27.805912550545948,4.668817210463089,chronic,10600.0,43,1226.4150943396226,0.13953488372093023,0.1395348837209302
312,C_CFA_2,-22.091245411959957,-4.314265082348047,2.7316404201805895,chronic,9400.0,25,638.2978723404256,0.16,0.16
313,C_CFA_2,3.3896085646508327,21.16658889426274,1.2597191891192598,chronic,9100.0,39,989.010989010989,0.1282051282051282,0.1282051282051282
314,C_CFA_2,-16.080643498390366,1.6963368312215437,8.132332973561441,chronic,11500.0,16,695.6521739130435,0.1875,0.1875
315,C_CFA_2,-18.57815502563589,-0.8011746960239812,2.022406567848634,chronic,6200.0,14,967.741935483871,0.14285714285714285,0.1428571428571428
