,rho_sev,rho_day_given_sev,rho_day_raw
A2m,0.5818296455348893,-0.018290717578059425,0.06587229493844415
Aatf,0.30578398927909284,-0.08324280233807858,-0.03612893727491197
Abca1,0.5989669899889923,0.40645152446602667,0.4053162637538961
Abca3,0.13457855791898535,0.2957323283447252,0.3088604033083172
Abca7,0.5329378098864189,-0.1266063881134893,-0.03226398119433999
Abca8a,-0.5396583371233221,0.4689766731307733,0.3162542323320201
Abcb1a,-0.4326339408756395,0.27264384285394805,0.1835013930428087
Abcc9,-0.21875316156119717,-0.05488909240601564,-0.08334861808537831
Abcd3,0.10551227761937929,0.18377101270151835,0.1956003859906862
Abcf1,-0.1505398101066303,-0.21023269254739957,-0.2266880762039825
Abcg2,0.012264962207348228,0.40655949313334083,0.40430801434157304
Abhd17c,-0.1730535763502558,0.43718190986590066,0.4024595570856473
Abhd4,-0.15978053505737214,0.2849399850638724,0.2564314338675147
Abhd5,0.11139273895166953,-0.32164652485577316,-0.3011304911471732
Abi1,-0.16095662732383018,0.0865950535786129,0.06234342199531322
Abl1,-0.03629084707927695,0.4263278451054455,0.416911131995612
Abraxas2,0.1678451677416559,-0.03311149289310819,-0.009074244710908123
Acaa2,-0.3286337818845635,0.5380584724776679,0.4577452331946986
Acaca,-0.4124723591649302,0.10636416921767054,0.038817602374440305
Acacb,-0.1241617407017855,0.2996554467531481,0.2772685883888593
Ace,0.40323163421418834,-0.10595516659710649,-0.040161934924204466
Ace2,0.5441946930082316,-0.26386182429803084,-0.14384358282476578
Ackr3,-0.14465934877434006,-0.07746500698888875,-0.09595173573941737
Acly,-0.2577322195352354,-0.4168150388423854,-0.43455549671126675
Acox1,-0.013441054473806276,0.05312768492641518,0.05074855375359728
Acp2,0.23051408422577765,0.2863146900387928,0.3078521538959941
Acsl1,-0.006216487694135403,0.30884063712758686,0.30499544722774524
Acsl4,0.3573640358223244,-0.2679006413029463,-0.19828905109021452
Acsl6,-0.8057912157046864,0.24334547918600147,0.031087690213296347
Acss1,-0.112400818037205,0.4242810876622308,0.4019554323794857
Acss2,-0.7414421674113388,-0.14330957826269825,-0.1979529679527735
Actn1,0.24412315188050654,0.1955727605503958,0.22164682914236689
Actr1a,-0.36610072123029846,-0.3530358924532317,-0.37607703079652555
Actr1b,-0.18195827493915248,-0.4082713570156541,-0.4227925869008303
Actr2,-0.11609710801750173,-0.16541532332265965,-0.17879622911863413
Acvr1,0.005040395427677355,0.11603466916000699,0.11561259927971831
Acvrl1,0.17154145772195262,0.0820813199122909,0.10384968946928186
Adam10,0.037298926164812424,-0.07076243179731974,-0.06486404552612103
Adamts1,0.30595200246001536,-0.38732255242926783,-0.32280785351212044
Adar,0.30376783110802186,-0.5242056898276305,-0.45253594456436247
Adarb1,-0.4613641948134005,0.38352169011214654,0.2730675491708463
Adcy1,-0.5821656718967344,0.2815090949539887,0.14602812321813258
Adcyap1r1,-0.41012017463201406,0.3962938501379943,0.3011304911471732
Add2,-0.6634840514632624,-0.06486256362784679,-0.1399786267441938
Adgra2,0.5215129135836836,0.2082193103510646,0.24819739700020918
Adgrb1,-0.82427266560617,-0.045387611083909006,-0.13964254360675277
Adgre5,0.04637163793463166,0.5606703279839015,0.5610907979578189
Adgrf5,-0.36173237852631146,0.23009122778359814,0.16232815538402307
Adgrg1,0.3025917388415638,-0.1314636767804478,-0.08217232710433467
Adgrl1,-0.7128799266545004,0.319065486711693,0.1228383867347007
Adgrl3,-0.3019196861178735,0.21231822612810036,0.15863124087217162
Adh5,-0.12449776706363065,-0.052732339067474314,-0.06906508474413404
Adipor1,0.2379066641863711,-0.09890014066577599,-0.062175380426592694
Adora1,-0.4670766429647682,-0.035295908786425245,-0.09561565260197633
Adora2a,-0.01982555534886426,-0.02319193659646574,-0.02571036001423968
Aebp2,-0.0312504516515996,0.034081742293613895,0.029407274526091137
Afap1l2,0.4566598257475683,-0.04529355395376821,0.023357778052152393
Afdn,-0.43666625721778146,0.2553768849534102,0.16703331930819768
Afg3l2,-0.07241368097763132,0.3446207919807459,0.3303697241045439
Agl,-0.6035033458739019,0.3374018700785424,0.18282922676792662
Ago1,-0.2429470596140485,0.39431680005752595,0.34515738215194974
Ago2,0.0608207714939734,0.18169778885217885,0.18803851539826277
Ago3,-0.4202009654873688,0.25905582399707827,0.1745951899006211
Agpat3,-0.7668121577306481,-0.11864599352149495,-0.18165293578688296
Agpat4,-0.39147071154960783,0.12663016644310965,0.06116713101426957
Agps,0.27218135309457714,-0.43261906748482193,-0.37456465667804084
Agrn,0.48135776334318736,-0.1846447645576219,-0.09359915377733008
Agt,-0.43246592769471703,0.5761370028286711,0.4545524433890088
Ahi1,-0.34677920542420193,-0.03927558605276316,-0.08452490906642195
Aida,-0.11576108165565657,-0.24847763622630087,-0.2604644315168072
Aif1,0.5452027720937671,-0.4755478990554469,-0.3192789805689895
Aif1l,-0.482701868790568,0.1394856046352525,0.0541093851280077
Aip,-0.45884399709956186,0.0340457401070336,-0.033608313744104154
Ajuba,0.22446560971256482,-0.07993092405448275,-0.046043389829422694
Akap9,-0.041163229326031725,0.5131901559801263,0.5021082073369162
Akr1b3,0.3425788759011375,0.2316405025847533,0.26298505504761505
Akt1,0.2903267766342156,-0.027368828279579507,0.014283533341244267
Akt1s1,0.1693572863699591,0.07753925482435674,0.09914452554510726
Aldh2,-0.13323445247160473,0.22664702682309157,0.20400246442671224
Aldh4a1,0.10383214581015349,0.17970964672942355,0.19139934677267317
Aldh9a1,-0.38374210522716923,0.1426533187716929,0.07729912161143956
Aldoa,-0.2389147432719066,-0.23363066705693505,-0.2577757664172789
Aldoc,-0.602663279969289,0.17878942192030237,0.05780629963985916
Alkbh5,0.07510189187239258,0.3313125331153317,0.3375955115595263
Alpl,-0.6985988062760813,0.5342646150238501,0.2818057107443134
Ambra1,0.03847501843127047,0.31859889360039384,0.3206233131187537
Amd1,-0.4741331965635165,0.4950662014176591,0.3659945366732943
Amfr,0.17506973452132676,-0.018325027010750897,0.006385579611379789
Anapc16,0.07459785232962485,0.09485963934456788,0.10401773103800237
Anapc2,0.1920390657945072,0.029509689150841695,0.05528567610905134
Anapc4,-0.1520519287349335,-0.25676319965081246,-0.2723953828959642
Anapc5,0.0967755922114052,0.21159994621630895,0.221982912279808
Ank,-0.6013191745219084,0.4760564148266572,0.29340057898602934
Ank1,-0.49547087054068395,0.1657419611745882,0.07393829023702915
Ank2,-0.4687567747739939,-0.04524611705977758,-0.10452185574416392
Ankle2,0.30864021335477665,0.44945450985296037,0.46614731163072465
Ankrd11,-0.21589693748551336,0.011119904789281652,-0.01915673883413937
Ankrd13a,0.3901266061022272,-0.2286227912284844,-0.1544302016541586
Ano1,0.3487953635952729,-0.04445700151439952,0.007057745886261873
Anp32e,-0.19909561939325549,-0.06282731003528429,-0.08855790671571445
Anxa2,0.4529635357672716,-0.20182378147739266,-0.11544455771099776
Anxa6,0.3494674163189632,-0.20266611709514257,-0.13964254360675277
Ap1b1,-0.3847501843127047,-0.08121627522867868,-0.1275435506588753
Ap1g1,-0.1382748478992821,0.09902439065237797,0.07797128788632166
Ap1s1,-0.09324731541203106,-0.05830502805968566,-0.07040941729389821
Ap2a1,0.10870452805690826,-0.10234836518796689,-0.0857012000474656
Ap2a2,-0.1686852336462688,-0.24667152555663363,-0.26416134602865865
Ap2b1,-0.24933156048910646,-0.27533495201704666,-0.29860986761636543
Ap3b1,-0.14717954648817874,0.16113955068426694,0.137458003213386
Ap3m2,-0.2983914093184994,0.18026546052599382,0.12905592477735997
Ap3s2,-0.6024952667883664,0.20445568508932488,0.07813932945504216
Apba3,0.10752843579045021,-0.2547462435182186,-0.23593036248361116
Apc,-0.6159363212621727,0.002324097233713576,-0.08351665965409884
Apc2,0.022681779424548094,0.025509239366978884,0.02839902511376801
Apip,0.10652035670491476,-0.10235804425617467,-0.08603728318490665
Apln,-0.619800624423392,0.2711300777902657,0.12485488555934696
Aplp1,-0.6486988915420755,0.13707199577522194,0.013443325497641663
Aplp2,-0.6527312078842173,0.2869342209636514,0.12485488555934696
Apmap,-0.21085654205783597,0.1844871548750617,0.14938895459254298
Apobec1,0.42171308411567193,-0.4458726870576058,-0.3419645923462598
Apobec3,0.7103597289406618,-0.6725104444801758,-0.3703636174600278
Apod,0.39617508061544005,-0.002516012016559665,0.052597011009523006
App,-0.2597483777063063,0.04447923066143057,0.006553621180100311
Appbp2,-0.2053121070873909,-0.01694468492732866,-0.044867098848379056
Appl1,-0.32661762371349257,0.22696610482540094,0.16720136087691817
Appl2,-0.2978873697757316,0.6184866356031339,0.5434464332421642
Aqp4,0.000672052723690314,0.06523192829327167,0.06469600395740051
Araf,-0.5742690523933732,0.1928438252351243,0.076794996905278
Arap1,0.4275935454479622,-0.12416843932159856,-0.05192484473464093
Arf2,0.12920213612946282,-0.24409406993372895,-0.22181487071108744
Arfip2,-0.16347682503766886,0.2182182788775899,0.1905591389290706
Arhgap17,-0.0734217600631668,-0.09569684898096065,-0.10468989731288446
Arhgap31,-0.13390650519529504,0.19594305526844483,0.1737549820570185
Arhgap35,-0.3840781315890144,0.03926161253768565,-0.017308281578213642
Arhgap44,-0.5095839777381805,0.199985989340175,0.09981669181998935
Arhgef1,0.6221528089563081,-0.18225238955588496,-0.055117634540330813
Arhgef11,-0.2864624734729963,0.2536361092924847,0.20097771618974286
Arhgef12,-0.3235933864568861,0.48073341399117764,0.4056523468913372
Arhgef15,-0.22043329337042297,0.016478871469720754,-0.014619616478685309
Arhgef28,0.01612926536856753,-0.23729077251309957,-0.23273757267792128
Arhgef3,-0.3333381509503957,0.022462292767673617,-0.02520623530807812
Arhgef6,0.14264319060326913,-0.025474261324000436,-0.005209288630336145
Arhgef7,0.36190039170723404,0.25111594779416524,0.2819737523130339
Arid1a,-0.3313219927793247,0.1296879287443909,0.0752826227867933
Arid1b,0.036794886622044685,-0.11619499707587501,-0.1098991859432206
Arid2,-0.17389364225486872,0.1544456439258643,0.12653530124655216
Arid5b,0.271845326732732,0.05640140495882302,0.09141461338396331
Arnt,0.3427468890820601,-0.08986974199655455,-0.03612893727491197
Arnt2,-0.6607958405685012,0.29338308828377524,0.12653530124655216
Arrb1,-0.13642670290913372,0.021833463296451774,0.002520623530807812
Arrdc2,0.4916065673794646,-0.14404987079765774,-0.05612588395265395
Arrdc3,0.4042397132997238,-0.5588064289829991,-0.4501833626022752
Asap1,-0.6480268388183852,0.3701025091330893,0.18938284794802693
Asap2,-0.16330881185674628,-0.08536812819146491,-0.10603422986264861
Asf1a,-0.15020378374478516,-0.019765842513903616,-0.040161934924204466
Ash1l,-0.43112182224733636,0.2654207716003189,0.17745189656886995
Ash2l,0.1132408839418179,0.152612795536091,0.16585702832715402
Asna1,-0.1523879550967787,0.15359293111292086,0.1292239663460805
Atf2,-0.3672768134967565,0.04392675839250347,-0.01041857726067229
Atf4,0.05191607290507674,-0.1776887014889809,-0.16854569342668235
Atf5,-0.2679810235715127,0.3171786094695987,0.26550567857842283
Atf6b,0.5393223107614769,0.05931402576303514,0.12418271928446487
Atg101,0.293351013890822,0.006594574263570277,0.0468835976730253
Atg13,-0.17826198495885576,0.5292109727463866,0.4910174638013618
Atg3,-0.4435547976356071,0.13113750956916465,0.0549495929716103
Atg5,0.017977410358715896,0.2433875724525928,0.2434922330760346
Atg7,0.25739619317339024,0.17854371214531692,0.20652308795752006
Atg9a,-0.20195184346893932,-0.07960835530682103,-0.10519402201904601
Atn1,-0.2535318900121709,0.03613718682709733,-0.0005041247061615624
Atp1b2,-0.5144563599849353,0.28456401035601764,0.17039415068260808
Atp2a2,0.08467864318497954,0.2752198083250395,0.2833180848627981
Atp2a3,-0.1288661097676177,0.3725353061612818,0.3480140888201986
Atp2b2,-0.5448667457319221,-0.02909852419300407,-0.09964865025126883
Atp2b4,-0.12063346390241135,0.15562001816121762,0.13628171223234234
Atp5f1,-0.304103857469867,-0.29376070165754814,-0.3192789805689895
Atp5o,-0.33602636184515694,-0.1253817351404939,-0.16350444636506672
Atp6ap2,0.02553800350023193,-0.01901928008901109,-0.015291782753567393
Atp6v0a1,-0.4714449856687552,0.02552565587472137,-0.043018641592453326
Atp6v1a,-0.15642027143892057,-0.020450839152373654,-0.04167430904268916
Atp6v1b2,-0.39550302789174974,0.038437281397873266,-0.019828905109021452
Atp7a,0.5285694671824319,-0.1902402645981499,-0.08670944945978873
Atraid,-0.05544434970445089,0.11075093797890855,0.1018331906446356
Atrx,-0.00436834270398704,0.24664612392677895,0.24366027464475515
Atxn10,0.008568672227051502,0.21939046138672028,0.218454039336677
Axin2,-0.2836062493973125,0.48797491496347795,0.42413691945059445
Axl,0.45531572030018763,-0.3320584919573247,-0.2297128244409519
Azi2,0.09879175038247615,0.002993174179024048,0.01663611530333156
B2m,0.4176807677735301,-0.31641479620002894,-0.22685611777270306
B3gnt2,0.39163872473053046,0.3404410357745009,0.3644821625548096
B4galnt1,0.4309538090664138,-0.2789096259121276,-0.18955088951674745
Babam2,0.02335383214823841,-0.061992270000373835,-0.05814238277730019
Bace1,-0.255884074545087,0.6251990609810669,0.5631072967824651
Bach1,0.3909666720068401,-0.04614696384693545,0.012098992947877498
Bad,0.4506113512343554,-0.42983794459066016,-0.3175985648817843
Baiap2,0.11021664668521149,0.1488889991040926,0.16182403067786152
Bap1,-0.3262815973516474,-0.070545249394132,-0.11124351849298475
Bax,0.49479881781699364,-0.31942135890119133,-0.20635504638879953
Baz1b,-0.11189677849443726,-0.35819094614766517,-0.3680110354979405
Bbs9,-0.21169660796244888,0.13707182361248593,0.10334556476312029
Bcam,-0.029738333023296388,0.4597783365201365,0.45102357044587776
Bcar1,0.25622010090693215,-0.031111044999104182,0.005713413336497707
Bcl2l1,0.27906989351240286,-0.022453155107244403,0.017308281578213642
Bcl2l2,-0.4674126693266133,0.12328815662965781,0.04318668316117384
Bcl6,0.21841713519935202,-0.025571501453163323,0.005545371767777186
Bcl7b,-0.20732826525846182,0.2455873087405532,0.20921175305704837
Bcl7c,0.06922143054010234,-0.11124754424339792,-0.10032081652615091
Bclaf1,-0.06266891648412176,-0.028958886009151294,-0.037305228255955614
Bcr,0.5011833186920516,-0.409455419980438,-0.28146962760687233
Bdh1,-0.6866698704305783,0.2362295185325729,0.07494653964935227
Becn1,-0.12701796477746932,-0.2222597279773136,-0.23593036248361116
Bex3,-0.42624944000058157,-0.17042529812474236,-0.21173237658785618
Bhlhe40,-0.279405919874248,-0.18831751970884572,-0.21778187306179494
Bicd2,-0.1171051871030372,0.2034083314425346,0.18383747618024973
Bin1,-0.4035676605760335,0.3997769885702941,0.3063397797775094
Blmh,0.2143848188572101,0.07283192775511069,0.1001527749574304
Bmi1,-0.4756453151918197,0.21259584943691193,0.11930951379156976
Bmp1,0.8034390311717703,-0.41390742118548,-0.13275283928921142
Bmp4,-0.28831061846314465,0.3559442970307555,0.29760161820404235
Bmp6,-0.385422237036395,0.5210829558516102,0.4227925869008303
Bmpr2,0.1717094709028752,-0.26223953276664763,-0.23206540640303921
Borcs8,0.16028457460013987,0.09142654173350048,0.11157960163042581
Braf,-0.40390368693787865,0.3377572506954628,0.25004585425613496
Brd2,0.06048474513212825,0.182931086262024,0.1892148063793064
Brd4,0.30780014745016376,0.0817211483835365,0.11964559692901079
Brd7,-0.23236222921592606,0.45698981448264997,0.4080049288534245
Brd8,0.025706016681154506,0.2162081943663148,0.21761383149307442
Brpf1,0.2342103742060744,-0.31295151787680603,-0.26886650995283323
Brsk2,-0.7137199925591133,0.1267936765483551,-0.01092270196683385
Btrc,-0.06485308783611529,0.38657037504916786,0.37305228255955614
C1qtnf5,0.6103918862917276,-0.0006896777884715824,0.08402078436026039
C3,0.6429864433907079,-0.10702731498158691,0.007897953729864477
C4b,0.5687246174229281,0.08873105606212395,0.15106937027974818
Cabp1,-0.4012154760431174,0.205760181436543,0.13107242360200622
Cacna1c,0.4657325375173875,-0.07016993644419577,0.0030247482369693745
Cacna1h,-0.20430402800185543,0.30687572863362045,0.2692025930902743
Cadm1,-0.6004791086172955,0.43097305495717203,0.25811184955471994
Calb2,-0.5828377246204247,-0.2832519050868847,-0.3086923617395967
Calcrl,0.005040395427677355,0.043411680263056286,0.0436908078673354
Calu,0.36744482667767914,-0.29499298306715666,-0.2208066212987643
Camk1d,-0.4531315489481942,0.18664224662587628,0.10200123221335612
Camk2b,-0.6061915567686631,0.07163222040928476,-0.027558817270165407
Camk2d,0.10265605354369545,0.10752752694420434,0.12014972163517236
Camk2g,-0.3419068231774472,0.5811979454204023,0.49353808733216953
Camsap1,-0.016969331273180427,0.07670365659263606,0.0736022070995881
Camsap2,-0.49883113415913544,-0.029317914039108856,-0.09427132005221217
Camta2,-0.12315366161625002,-0.09480281515188313,-0.11023526908066163
Canx,-0.41936089958275585,-0.1265864695034843,-0.17190652480109278
Cap2,-0.02385787169100614,0.1493027185279042,0.14451574909964787
Capn1,0.4672446561456908,-0.06548267620437719,0.007393829023702915
Capn2,0.48135776334318736,0.24200597580286798,0.27676446368269775
Caprin1,0.04569958521094135,-0.19052242950153045,-0.18215706049304453
Car2,-0.5650283274426314,0.42011051011234973,0.26500155387226126
Car4,0.08047831366191509,-0.20212211444162412,-0.1883745985357038
Carm1,-0.037466939345735,0.2850701407450045,0.27693250525141827
Carmil1,0.17422966861671388,-0.5358319149631621,-0.4984112928250647
Casc4,-0.6917102658582556,0.17721621787807618,0.030919648644575824
Caskin1,-0.7083435707695909,0.43244022618738254,0.20417050599543277
Casp12,0.4684207484121488,0.04087302957274795,0.10065689966359195
Casp8,0.5956067263705407,-0.37515465428246597,-0.21593341580586922
Casq2,-0.1579323900672238,0.19437937649414236,0.1682096102892413
Cat,-0.18767072309052016,0.2601086869996849,0.2270241593414236
Cav1,-0.4543076412146522,0.5057963485526641,0.3833028182515079
Cav2,-0.6865018572496556,0.3369542724388482,0.14754049733661725
Cavin1,0.0436834270398704,0.35615187096556566,0.3584326660808708
Cbl,0.12533783296824352,-0.17176714823728556,-0.15140545341718922
Cbx3,-0.33585834866423436,0.27235417511142146,0.20753133736984317
Cbx5,-0.4354901649513234,0.40544769265691105,0.3011304911471732
Cbx7,-0.28965472391052527,0.5557286945576341,0.4866483830146282
Ccar2,0.2458032836897323,0.08881155868898105,0.11930951379156976
Ccn1,0.47262107793521324,6.960012337279494e-05,0.06553621180100311
Ccn2,0.35887615445062765,0.17581304278309492,0.21223650129401775
Ccnd1,0.29049478981513815,-0.2701521823570822,-0.21576537423714867
Ccnd2,-0.5601559451958766,0.18348665707438316,0.07293004082470603
Ccnd3,0.0109208567599676,-0.2815127071291763,-0.2772685883888593
Ccnt1,-0.221609385636881,0.11339845253264715,0.07881149572992426
Ccp110,-0.5453707852746897,0.5106587344322114,0.3483501719576396
Ccser2,-0.32426543918057643,0.15342053698904148,0.09880844240766622
Cct3,0.15961252187644956,-0.3634580804054394,-0.33322643077279274
Cct5,0.1310502811196112,-0.4439799036859972,-0.4177513398392147
Cct7,0.0967755922114052,-0.29182132157988333,-0.2742438401518899
Cct8,0.1224816088925597,-0.4470693205362563,-0.4224565037633892
Cd151,0.5164725181560063,-0.11349920424573796,-0.024702110601916554
Cd200,0.5369701262285608,-0.3519237060856919,-0.21963033031772067
Cd248,0.4380103626651621,-0.10099932262951905,-0.029239232957370617
Cd2ap,-0.3442590077103633,-0.007804736883319432,-0.0549495929716103
Cd34,0.3368664277497698,-0.18718827456692316,-0.1278796337963163
Cd38,0.3089762397166218,0.06873560616413057,0.1075466039811333
Cd47,-0.06300494284596693,-0.019731563500915324,-0.02823098354504749
Cd68,0.5641882615380186,0.16376429538983586,0.21206845972529723
Cd74,0.4504433380534329,-0.13234231903590382,-0.05461350983416925
Cd81,-0.271845326732732,0.1583535295298506,0.11326001731763101
Cd9,0.5099200041000257,0.001106858990837172,0.07158570827494186
Cd93,0.6873419231542686,-0.07934714567698402,0.03814543609955822
Cdc16,-0.12080147708333393,0.3917005305444361,0.36834711863538155
Cdc23,-0.12937014931038543,0.14556051051807725,0.12502292712806748
Cdc27,0.05846858696105731,-0.060713207212112236,-0.05192484473464093
Cdc37,-0.21085654205783597,0.2959257259296986,0.2572716417111173
Cdc42bpb,0.45934803664232954,0.15077552009366058,0.19627255226556828
Cdc42ep4,0.22513766243625516,-0.019436401324396172,0.012435076085318538
Cdc73,0.0819904322902183,0.401350486822095,0.4075008041472629
Cdh2,-0.3635805235164598,0.3361893834039725,0.25979226524192517
Cdh4,-0.2652928126767514,0.13475289269804686,0.09191873809012487
Cdh5,0.26260460178199013,-0.08203315985499748,-0.042010392180130196
Cdipt,0.4252413609150461,-0.0970316528334168,-0.028062941976326975
Cdk5,-0.2481554682226484,0.37791512513799236,0.3281851837111771
Cdk5r2,-0.6278652571076758,0.0051503567700114114,-0.08301253494793727
Cdk5rap2,-0.0631729560268895,-0.08652503007673461,-0.09427132005221217
Cdk9,0.4354901649513234,-0.03091750071285611,0.032768105900501554
Cdkn1b,-0.4538036016718845,0.20795525316202346,0.12065384634133393
Cdkn1c,-0.15591623189615283,0.14335614582444284,0.11863734751668767
Cdkn2d,0.2609244699727644,-0.08825433389959028,-0.04822793022278947
Cebpg,0.0811503663856054,-0.03743594431202389,-0.02571036001423968
Celsr2,-0.3781976702567241,0.06924650649629754,0.011090743535554372
Cemip,-0.07476586551054742,0.38227445420043393,0.3671708276543379
Cemip2,0.44741910079682645,-0.016290265102337522,0.047555763947907385
Cep250,-0.05040395427677354,0.2732831594262095,0.26332113818505604
Cers2,0.19875959303141033,-0.026984611988350237,0.0013443325497641664
Cers4,0.04670766429647682,0.18931129230569163,0.19375192873476046
Cers5,-0.3368664277497698,-0.0784421401739605,-0.11981363849773133
Cetn3,-0.047883756562934865,-0.27511266618042146,-0.278780962507344
Cfap36,-0.5176486104224642,-0.14164509440809772,-0.19173542991011422
Cflar,-0.03225853073713506,-0.11975390946172564,-0.1230064283034212
Chchd3,0.053092165171534804,0.3490493209692632,0.35255121117565263
Chd1,0.11693717392211463,-0.253268774472703,-0.23290561424664183
Chd4,0.1740616554357913,-0.07762477632682972,-0.051588761597199884
Chd6,-0.14566742785987555,0.553297503341135,0.5219371124459375
Chil1,0.6838136463548944,-0.37201322425559763,-0.17409106519445952
Chmp3,-0.4314578486091815,0.11260701218017016,0.04083410119908656
Chtop,-0.19439125032742327,0.13600525715200334,0.10519402201904601
Cic,0.21169660796244888,0.04226997083485079,0.07024137572517769
Cisd2,-0.2921749216243639,0.0001552420107441416,-0.04032997649292499
Cit,-0.4605241289087876,0.013699188242029892,-0.0517568031659204
Cited2,-0.00890469858889666,0.3638613658086876,0.3591048323557529
Ckb,-0.730185284289526,0.34642849482947236,0.13325696399537298
Clcn4,-0.24966758685095164,0.5344123827678773,0.4779102214411611
Clcn7,0.3461071527005116,0.2686901750754594,0.29760161820404235
Cldn10,-0.6539073001506754,0.16194484404423046,0.0307516070758553
Cldn11,-0.08803890680343113,-0.4678226527201819,-0.4737091822231481
Clec14a,0.07627798413885063,0.13241453795847805,0.14132295929395797
Clic4,0.170197352274572,-0.21477500223008575,-0.18602201657361653
Clic5,-0.4423787053691491,0.40142159109765085,0.29524903624195503
Clk1,-0.19153502625173946,0.20588186246247495,0.17358694048829798
Clock,-0.09005506497450205,0.018611768569921118,0.005881454905218227
Cltb,-0.13693074245190145,-0.22937798840706686,-0.24399635778219617
Cltc,-0.011592909483657914,0.13313086680548106,0.1302322157584036
Cmip,0.025874029862077083,-0.028571600365075018,-0.024702110601916554
Cmklr1,0.21522488476182303,-0.1084954925519091,-0.0751145812180728
Cmtm6,0.36526065532568563,-0.40612483338651806,-0.32381610292444357
Cnp,-0.656091471502669,-0.27656886547136267,-0.29760161820404235
Cnppd1,0.4532995621291167,0.41180100492852806,0.42632145984396125
Cntn1,-0.5067277536624967,0.22215928126391876,0.11947755536029027
Cntn2,-0.41936089958275585,0.09228148070113137,0.024870152170637077
Cntnap1,-0.5361300603239478,0.1571873531914823,0.057134133364977066
Col15a1,-0.5344499285147222,0.4136770140325273,0.2722273413272437
Col18a1,0.4393544681125427,0.2513653278377122,0.2844943758438417
Col1a1,-0.31704087240090556,0.16627189087668504,0.1122517679053079
Col1a2,0.15742835052445603,0.32443320743548365,0.339107885678011
Col4a1,0.4642204188890843,-0.49611245949157784,-0.37086774216618934
Col4a2,0.4971510023499097,-0.4923852910700456,-0.3542316268628578
Col4a3bp,-0.43044976952364605,0.16747023739147693,0.09007028083419914
Col4a5,-0.45934803664232954,0.3556274328815706,0.24920564641253234
Col6a2,-0.033938662546360854,0.19863392854419717,0.19190347147883474
Commd1,-0.07913420821453446,-0.12438378852289617,-0.13376108870153455
Comt,-0.18515052537668147,0.045866536435509975,0.01898869726541885
Copg1,-0.14247517742234656,0.07224934301557934,0.051084636891038315
Cops2,0.0702295096256378,0.10973026924081342,0.11813322281052613
Cops8,-0.4178487809544526,0.03034591160422933,-0.030583565507134786
Cops9,-0.6028312931502116,-0.16545525133044875,-0.214253000118664
Coro1c,0.5104240436427934,0.2441202666623435,0.2786129209386235
Coro2b,-0.07375778642501195,-0.05362722851348145,-0.06318362983891582
Cpeb2,-0.4386824153888524,-0.025365727188562514,-0.08334861808537831
Cpeb4,-0.3489633767761955,0.2412970537776145,0.17560343931294423
Cpsf6,0.06149282421766372,0.02589160462741289,0.03411243845026572
Cpt1a,-0.1179452530076501,0.23908807507464064,0.21879012247411805
Cpt1c,0.3489633767761955,0.4280810380084439,0.44564624024682115
Cr1l,0.568388591061083,-0.2129511374922475,-0.09477544475837373
Crbn,-0.3202331228384346,0.041375590429995446,-0.005545371767777186
Creb1,0.16129265368567536,0.2762943162632541,0.29239232957370614
Crebbp,-0.41432050415507854,0.0021578266467343495,-0.05545371767777186
Crebrf,-0.3944949488062143,0.3438671829714512,0.25827989112344046
Creld1,0.16213271959028822,0.011750304374685555,0.0339443968815452
Crk,0.01108886994089018,-0.49924663875284564,-0.4928659210572875
Crlf2,0.8005828070960864,-0.1789639967246831,0.0047051639241745815
Cry2,-0.15675629780076572,0.2673634238098602,0.23979531856418315
Cryab,-0.2269858074264035,0.4979589872987725,0.44883903005251097
Cs,-0.20783230480122958,0.12287271694433835,0.09023832240291967
Csde1,-0.12701796477746932,-0.0007327980464165941,-0.018316530990536768
Csf1,0.3889505138357692,-0.2185592105772369,-0.145523998511971
Csf1r,0.35181960085187935,-0.19070091704966285,-0.12804767536503686
Csk,0.009240724950741816,0.015166740724307622,0.016300032165890516
Csnk1a1,0.016465291730412692,0.1259901792564159,0.1270394259527137
Csnk1d,0.4435547976356071,-0.5156468712919792,-0.396242019042988
Csnk1e,0.4059198451089496,0.1123904852144865,0.15795907459728953
Csnk2a1,-0.16246874595213337,-0.10335932179833593,-0.12351055300958277
Csnk2a2,0.3138486219633766,0.10494704641719783,0.14216316713756058
Cspg4,-0.06670123282626365,0.06529995020866894,0.05528567610905134
Cspg5,-0.16448490412320432,-0.03498820003312724,-0.05696609179625655
Ctbp1,-0.3818939602370209,-0.0161853304339864,-0.06772075219436988
Ctbp2,-0.18867880217605562,0.18289751979836075,0.15174153655463027
Ctcf,-0.3192250437528991,0.4112991509457079,0.3417965507775393
Ctdsp1,-0.23236222921592606,0.15082548084007866,0.1130919757489105
Ctnna1,0.10988062032336633,-0.1743967087635632,-0.15644670047880485
Ctnna3,-0.2921749216243639,0.29502635270417166,0.23895511072058054
Ctnnb1,-0.6619719328349591,0.4474936452791978,0.24046748483906527
Ctnnd1,-0.08988705179357948,-0.05075163616637958,-0.06251146356403374
Ctps,0.3753414461810403,-0.32556464923028317,-0.24685306445044503
Ctr9,-0.027722174852225445,-0.07114696012788096,-0.0742743733744702
Ctsl,0.5415064821134704,0.23282513567036495,0.26886650995283323
Ctss,0.5173125840606192,-0.10993668448357675,-0.021509320796226663
Cttn,0.39936733105296907,-0.5586106556834995,-0.45186377828948043
Cul1,-0.3198970964765894,-0.10069608896560256,-0.13880233576315015
Cul3,-0.5482270093503736,0.14241826251319936,0.042010392180130196
Cul4a,0.12197756934979197,0.3749777846116892,0.3854873586448747
Cux1,-0.13373849201437246,0.09849305470876143,0.07813932945504216
Cx3cr1,0.3775256175330339,-0.054099001245390584,0.002688665099528333
Cxcl12,-0.45985207618509727,0.4760002884126498,0.3549037931377399
Cxcl14,-0.28411028894008017,0.032956550170139765,-0.008065995298584998
Cxcl16,0.0631729560268895,0.09910631166728684,0.1067063961375307
Cxxc1,0.3825660129607112,0.032800433564969554,0.08301253494793727
Cxxc5,-0.3180489514864411,0.26348207177186883,0.20333029815183015
Cyb5a,0.040155150240496255,-0.04926404418883725,-0.04318668316117384
Cyb5r3,0.2847823416637705,0.15014097790966896,0.181989018924324
Cyfip1,-0.2350504401106873,0.011657760729182363,-0.02134127922750614
Cyfip2,-0.5211768872218384,-0.0422144360835351,-0.10788268711857434
Cygb,0.06787732509272171,0.15630118963778358,0.16384052950250777
Cyld,-0.2199292538276552,-0.0016847152081753327,-0.03209593962561947
Cyp7b1,0.6060235435877406,-0.4540582013096492,-0.2737397154457284
Daam2,-0.12281763525440487,-0.14186353169060942,-0.15644670047880485
Dab2,-0.07610997095792804,0.00012705358620904904,-0.01041857726067229
Dag1,0.3753414461810403,0.3422455562643116,0.3661625782420148
Dbn1,0.5589798529294187,-0.49272204361240857,-0.32717693429885397
Dbnl,0.28545439438746084,-0.6388344175493452,-0.5668042112943166
Dbp,-0.7224566779670875,0.7074095068892589,0.38431106766383105
Dbx2,-0.4929506728268453,0.33453538537062855,0.21996641345516169
Dcaf7,-0.41079222735570436,0.06414413240426352,0.0010082494123231248
Dctn1,0.03528276799374148,-0.261481407248863,-0.2539108103367069
Dctn2,0.2199292538276552,-0.18599267650716292,-0.14922091302382245
Dctn4,-0.04586759839186392,0.0363177286300234,0.02957531609481166
Ddah1,-0.36794886622044687,0.234001445023373,0.16451269577738986
Ddb1,0.30948027925938953,0.014606595814368805,0.056630008658815505
Ddit3,-0.4996712000637484,0.2373995466251091,0.13443325497641662
Ddit4,0.4916065673794646,-0.1834093273380477,-0.09007028083419914
Ddr1,0.5188247026889223,0.40297045026487893,0.4130461759150401
Ddx21,0.20968044979137793,-0.3234465783191404,-0.2841582927064007
Ddx42,-0.2679810235715127,-0.007057272404293772,-0.043858849436055926
Ddx56,0.03410667572728343,0.012713162686187711,0.017308281578213642
Ddx58,0.2621005622392224,-0.5478832368115153,-0.4873205492895103
Ddx6,-0.09610353948771488,-0.0078023095580141075,-0.021005196090065098
Decr1,-0.112400818037205,0.1510653452682324,0.1330889224266525
Def6,0.24462719142327424,-0.21291160928069033,-0.1705621922513286
Dek,-0.04200329523064462,-0.11792346792768099,-0.12250230359725965
Des,0.5290735067251996,0.2883005161377619,0.31558206605713807
Dgcr2,0.009744764493509552,-0.15153513603180024,-0.1487167883176609
Dgkg,-0.08047831366191509,0.44776384523851703,0.43085858219941525
Diaph1,0.2143848188572101,0.160732611167274,0.1851818087300139
Dicer1,-0.03713091298388984,0.0157249501225952,0.01041857726067229
Dip2a,-0.3311539795984022,0.28754037079256384,0.22282312012341057
Disp2,0.033434623003593116,0.031651700523849975,0.035960895706191445
Dixdc1,-0.45514770711926505,0.7239821242255613,0.5753743312990631
Dkk3,0.0655251405598056,0.15745652096615892,0.16468073734611038
Dlg1,-0.19153502625173946,0.35473019481163154,0.3182707311566664
Dlg4,-0.7486667341910096,0.04535757018893352,-0.07393829023702915
Dlg5,0.2752055903511835,0.37806812770929954,0.39809047629891375
Dlgap4,0.018313436720561054,0.23892968293297098,0.2391231522893011
Dll4,0.1381068347183595,0.1953284492235581,0.21072412717553304
Dmd,-0.2957031984237381,0.14916320070527272,0.1001527749574304
Dnajb1,-0.12264962207348228,-0.10598085141470459,-0.12115797104749548
Dnajb6,-0.1935511844228104,-0.3044635212020415,-0.3226398119433999
Dnajc5,-0.07157361507301843,-0.368976145172779,-0.3743966151093203
Dnajc7,-0.3879424347502337,0.3659499647077506,0.28029333662582867
Dner,-0.6204726771470823,0.2945844358958758,0.14283533341244267
Dnm1,-0.48438200059979375,0.03827285755030759,-0.0339443968815452
Dnm1l,-0.24412315188050654,-0.04089784399684519,-0.07309808239342654
Dnm2,0.42944169043811053,-0.1298359978111602,-0.056630008658815505
Dnmt3a,-0.03847501843127047,0.2594120639789515,0.25139018680589914
Dnttip1,-0.05846858696105731,-0.13730009410654986,-0.14384358282476578
Dpf2,-0.2678130103905901,0.05438137884075468,0.01478765804740583
Dpm1,0.010416817217199866,-0.16045389894950116,-0.157454949891128
Dpp9,0.3324980850457828,-0.0966351626076568,-0.04419493257349697
Dpy30,-0.21388077931444238,-0.1976103972445311,-0.2208066212987643
Dpysl2,-0.6270251912030629,-0.10434814068034111,-0.1673694024456387
Dpysl3,-0.044523492944483295,0.3814245436386716,0.37120382530363044
Drosha,-0.4717810120306004,0.221296047585136,0.1278796337963163
Dst,-0.2310181237685454,0.05658358707713149,0.022517570208549786
Dtnbp1,0.0016801318092257845,-0.1692342797173987,-0.1673694024456387
Dusp1,0.5278974144587415,-0.10592708407741887,-0.015963949028449474
Dusp3,-0.5112641095474063,0.2387933301025035,0.1324167561517704
Dusp6,0.20951243661045538,-0.0697111847130061,-0.03848151923699926
Dusp7,-0.30645604200278315,0.31883462178060196,0.25811184955471994
Dvl1,0.04620362475370908,0.22097123103269312,0.2250076605167773
Dvl3,0.07947023457637961,0.06731758353238496,0.07746716318016009
Dync1h1,-0.4284336113525751,0.07045879973463982,0.0036969145118514574
Dync1i2,-0.20716025207753927,0.11981023500955687,0.0873816157346708
Dync1li1,0.32611358417072484,-0.10084750574953508,-0.04923617963511259
Dyrk1a,-0.2489955341272613,-0.15587552703590113,-0.18400551774897025
Dysf,0.3691249584869049,-0.11179076797273327,-0.0517568031659204
E2f4,0.11189677849443726,-0.17608600320094375,-0.15779103302856903
E2f5,-0.16381285139951401,-0.0005072873669488665,-0.02318973648343187
Ece1,0.11811326618857265,-0.30729520579273845,-0.28583870839360587
Echdc1,-0.5376421789522511,-0.19213249728805856,-0.23492211307128807
Echs1,-0.08988705179357948,-0.1439425920275549,-0.1544302016541586
Ecpas,-0.060652758313050836,-0.054566437358704284,-0.06234342199531322
Edc4,-0.000672052723690314,0.28718878648824164,0.28432633427512116
Edil3,-0.5213449004027609,0.0659759657877724,-0.01646807373461104
Edn1,0.4541396280337296,-0.01493166665620452,0.049740304341274154
Ednra,0.3279617291608732,-0.140344836942264,-0.08586924161618613
Ednrb,-0.09475943404033427,0.19296412119288853,0.1771158134314289
Eea1,-0.5221849663073739,-0.17040745138831426,-0.21626949894331024
Eed,-0.011760922664580493,-0.03823172354942579,-0.03948976864932238
Efcab14,-0.41079222735570436,-0.010484149418659754,-0.06637641964460571
Efnb3,-0.4916065673794646,0.3429904902419063,0.22769632561630568
Egfl7,0.29015876345329306,-0.06280394717094114,-0.01932478040285989
Egln1,-0.38374210522716923,0.32547979457123943,0.24450048248835773
Egln2,0.16633304911335267,0.08102513566256352,0.10216927378207663
Ehd4,0.26327665450568044,-0.04116548922102672,-0.0028567066682488535
Ehmt2,-0.11290485757997273,0.37229170478540236,0.3507027539197269
Eif2a,-0.19237509215635235,0.12148437554268927,0.09141461338396331
Eif2ak2,0.1646529173041269,-0.48007929440001834,-0.4461503649529827
Eif2ak3,0.3175449119436733,-0.039508045358711316,0.006889704317541352
Eif2b1,0.06636520646441849,0.03746040979780059,0.04621143139814322
Eif3i,0.39315084335883366,-0.2288493404680107,-0.15392607694799704
Eif4a3,0.17943807722531382,-0.46584914268762145,-0.42901012494348956
Eif4ebp2,-0.3956710410726723,0.17555423625420788,0.10485793888160498
Eif4enif1,-0.28948671072960275,0.008625644295095904,-0.03192789805689895
Eif4g1,0.30158365975602835,-0.11472109665731962,-0.06654446121332624
Eif4g3,0.38995859292130464,-0.3041284905489036,-0.2233272448295721
Elavl1,0.0687173909973346,-0.02732365907921252,-0.017476323146934165
Elavl3,-0.7369058115264292,0.03928725272649129,-0.07578674749295489
Elf2,-0.13625868972821112,0.15009432365776812,0.12838375850247788
Elmo1,-0.35551589083217605,0.20025306693067543,0.13611367066362184
Eln,0.16498894366597208,0.06038093773148295,0.08183624396689362
Elob,0.1513798760112432,-0.509097321909471,-0.4774060967349995
Elovl1,0.20127979074524902,-0.40689015759820135,-0.3668347445168969
Elp2,0.23925076963375175,0.08383890038109372,0.11376414202379256
Emc1,-0.05326017835245738,0.3892686919694729,0.3775894049150102
Emc10,-0.02016158171070942,-0.01669601317087871,-0.01932478040285989
Emc2,-0.37500541981919516,0.01394035287081607,-0.03915368551188134
Emc3,0.07006149644471522,0.07250157063549638,0.08133211926073207
Emc4,-0.30091160703233805,0.26867928752558673,0.21206845972529723
Emc6,-0.31082438470677015,0.1971310493876519,0.14249925027500163
Emd,0.24076288826205494,-0.43661178686253466,-0.3863275664884773
Emilin1,0.6737328554995397,-0.269436035453534,-0.10384968946928186
Emsy,-0.18750270990959758,0.37235820758676236,0.3362511790097621
Enah,-0.30175167293695093,0.4043153415419876,0.33994809352161354
Eng,0.2862944602920737,-0.25802554697142666,-0.20517875540775588
Eno1,-0.2342103742060744,-0.24153719779788566,-0.26500155387226126
Eno2,-0.4501073116915877,-0.07884107970009191,-0.13208067301432933
Enpp1,-0.5011833186920516,0.29906131603837655,0.18686222441721914
Entpd1,0.3316580191411699,0.07654283194140402,0.11746105653564404
Ep300,-0.31284054287784113,0.174341512533684,0.12065384634133393
Ep400,-0.20749627843938442,0.3026862436855621,0.26449742916609975
Epas1,0.257900232716158,-0.03049059814408859,0.006553621180100311
Epb41,0.1145849893891985,-0.3845565674135143,-0.3624656637301633
Epb41l1,-0.7286731656612229,-0.10015904834856844,-0.1688817765641234
Epb41l2,-0.32325736009504097,-0.029674875220611824,-0.07259395768726498
Epb41l3,-0.562004090186025,-0.2692805850610685,-0.2984418260476449
Epc1,-0.13121829430053378,0.3957471100267398,0.3703636174600278
Epc2,-0.23370633466330665,0.18440030698894036,0.14518791537452996
Epha2,0.4040717001188012,0.18361727634108863,0.222318995417249
Ephb4,0.21488885839997787,0.13965653373700337,0.16484877891483088
Eps15,-0.6814614618219783,0.16294416611761045,0.02369386118959343
Eps15l1,-0.20413601482093285,0.5520992363573604,0.5069814128298112
Erbin,-0.30443988383171217,0.16405849407849268,0.11258785104274893
Erg,-0.03897905797403821,-0.1497466274676837,-0.153589993810556
Ermn,-0.665668222815256,-0.012098474166306683,-0.10116102436975352
Ero1l,0.011760922664580493,0.07505433664024481,0.0759547890616754
Erp44,0.25134771866017735,-0.24721877959801844,-0.20215400717078652
Esam,0.5803175269065861,-0.01925683337733969,0.06486404552612103
Esd,0.275037577170261,-0.10637519707549371,-0.06318362983891582
Esyt2,-0.0702295096256378,0.4815294065947246,0.4659792700620041
Etnk1,-0.40675991101356246,0.12785077661896757,0.059318673758343834
Etnppl,-0.34795529769066,0.4211326703324642,0.3428048001898624
Ets1,-0.1481876255737142,-0.14203263941739536,-0.15963949028449476
Ets2,-0.1747337081594816,0.28504128191163225,0.2537427687679864
Etv5,-0.5618360770051024,-0.31808824469762714,-0.3384357194031289
Etv6,0.3355223223023892,-0.4093400675065521,-0.33541097116615953
Evl,0.02990634620421897,-0.13116107920560885,-0.12569509340294957
Ewsr1,0.0991277767443213,0.2375782174635859,0.24786131386276816
Exoc4,0.08787089362250855,0.23924755020850214,0.24819739700020918
Ext2,0.555619589310967,0.23855380166783446,0.2734036323082873
Ezh1,-0.19187105261358461,0.5081552401760879,0.46732360261176825
F11r,0.4953028573597614,0.12532890892809945,0.1764436471565468
Fabp7,-0.07426182596777968,0.14245142948083586,0.13040025732712412
Fadd,0.15541219235338508,-0.11682147761364832,-0.09275894593372748
Fam107a,0.03998713705957368,-0.12956199634096316,-0.12267034516598017
Fam107b,0.330817953236557,-0.29950135045487475,-0.23408190522768546
Fam13b,-0.5426825743799285,0.31158339650871364,0.18400551774897025
Fam20a,0.4065918978326399,0.10136672661448917,0.1480446220427788
Fam20c,-0.17708589269239772,0.3098060867597105,0.27743662995757984
Fam214a,-0.3412347704537569,0.31830133741112615,0.2490376048438118
Fam49b,0.17658185314962996,-0.3198767599989362,-0.2873510825120905
Fam92a,-0.3224172941904281,0.20036709864227795,0.14317141654988372
Fas,0.37248522210535645,-0.5216433122551585,-0.42783383396244595
Fasn,-0.41432050415507854,-0.18073215302989398,-0.22030249659260276
Fat1,-0.05040395427677354,0.33291583929596297,0.32230372880595887
Fbh1,0.03645886026019953,0.4558780354480157,0.45623285907621397
Fbln1,0.13155432066237896,0.2907318292761873,0.30365111467798106
Fbln2,-0.36408456305922754,0.2749409557032022,0.20316225658310963
Fbn1,0.3580360885460147,-0.19865636647471924,-0.1340971718389756
Fbxl17,-0.37181316938166614,0.25050800612724866,0.17879622911863413
Fbxl19,0.3571960226414018,-0.21971659524012097,-0.15375803537927651
Fbxl20,-0.33703444093069246,0.5446056219138825,0.461106064569109
Fbxl3,-0.5006792791492839,0.2794735106190106,0.17022610911388755
Fbxo11,-0.14969974420201743,0.16361709872547764,0.13947450203803224
Fbxo2,-0.6056875172258954,-0.0331930903035407,-0.11006722751194112
Fbxo21,-0.652059155160527,-0.03209936664627547,-0.11443630829867465
Fbxo3,-0.4018875287668077,0.17702216739616164,0.10485793888160498
Fbxo31,-0.19019092080435884,0.07583839613141591,0.04738772237918686
Fbxo33,-0.36173237852631146,0.3027102571659863,0.22937674130351088
Fbxw11,-0.49580689690252905,0.101746789204565,0.018820655696698326
Fbxw7,-0.5626761429097153,-0.19439852223905585,-0.23710665346465484
Fcgr3,0.7187603879867908,-0.40281946607207075,-0.177787979706311
Fcgrt,-0.30074359385141547,0.27451088390830203,0.21761383149307442
Fdx1,-0.10080790855354708,-0.09804580278912912,-0.11057135221810269
Fgf1,-0.34140278363467946,0.28440846489935995,0.21744578992435387
Fgf12,-0.5914063968474762,-0.06784646450595745,-0.13611367066362184
Fgfr1,-0.04956388837216065,0.16697492084901633,0.1582951577347306
Fgfr2,-0.6216487694135403,0.5295279652234255,0.32465631076804613
Fgfr3,-0.5546115102254315,0.3401740143003262,0.20349833972055067
Fh1,-0.43313798041840734,0.10901508412299883,0.037305228255955614
Fhod1,0.5541074706826637,0.23240397733345997,0.26836238524667166
Fkbp5,0.4749732624681294,-0.31015878964425264,-0.2045065891328738
Fli1,0.3516515876709567,-0.06904134056876306,-0.015291782753567393
Flna,0.34409099452944075,0.2870303942434401,0.31457381664481493
Flnb,0.5079038459289547,-0.18155784823230203,-0.08452490906642195
Flot1,0.4761493547345874,-0.22219675970716313,-0.1275435506588753
Flot2,0.338378546378073,0.17743552226064907,0.21223650129401775
Flt1,-0.45497969393834253,0.4415031326218992,0.32633672645525136
Flt4,0.4054158055661819,-0.13647113127412092,-0.06738466905692884
Fmc1,-0.4210410313919817,0.34385098939994235,0.2505499789622965
Fmod,-0.47698942063920025,0.5489014823457554,0.41170184336527593
Fmr1,-0.248323481403571,0.058281209933324155,0.021509320796226663
Fn1,0.47094094612598747,0.029187316661281725,0.09074244710908122
Fosl2,0.4701008802213746,-0.39497869014463616,-0.28012529505710815
Foxc1,-0.26126049633460957,0.22770722800472565,0.18148489421816244
Foxj2,-0.21976124064673266,-0.03875575988474811,-0.0678887937630904
Foxo1,0.025706016681154506,0.14831466859108866,0.15039720400486611
Foxo3,-0.204472041182778,-0.0018077720440798511,-0.03007944080097322
Foxp1,-0.04754773020108971,0.12369911259886564,0.11578064084843882
Foxp4,0.5868700409625666,-0.06660434417908008,0.027894900407606452
Frmd4a,0.47833352608658086,-0.26940976083946166,-0.16804156872052078
Frs2,-0.5104240436427934,-0.07205950843960021,-0.13208067301432933
Fryl,0.12684995159654675,0.12135346493651766,0.13678583693850394
Fscn1,-0.10803247533321796,-0.250371665213757,-0.26147268092913034
Fstl1,0.43784234948423945,-0.5709008157491849,-0.44766273907146736
Fto,-0.19808754030772002,0.07587451214122044,0.04621143139814322
Fubp1,0.340394704549144,-0.35055498177829325,-0.27928508721350553
Fundc1,-0.39970335741481416,-0.3466093031237324,-0.3700275343225868
Furin,0.6463467070091594,-0.07246167429047955,0.03478460472514781
Fus,0.30847220017385407,-0.40639722345931606,-0.3401161350903341
Fxr1,0.11844929255041782,0.14992184265382144,0.16384052950250777
Fyn,-0.15356404736323673,-0.09914771031527427,-0.11830126437924664
Fzd1,-0.2402588487192872,0.6228173787176357,0.5654598787445525
Fzd4,0.2565561272687773,0.08242064618100492,0.11443630829867465
Fzd6,-0.05477229698076058,0.5631837615263274,0.5493278881473824
G3bp1,0.2970473038711187,0.050663296345811265,0.08906203142187602
Gaa,-0.02385787169100614,0.3446573858688987,0.3379315946969673
Gab1,-0.25067566593648705,0.25987216784696177,0.21442104168738454
Gabbr1,-0.6554194187789787,0.4997201021032014,0.28298200172535704
Gabpb1,-0.059980705589360514,-0.05312854364755202,-0.060831047876828526
Gak,0.03494674163189632,-0.06176832034170987,-0.056293925521374466
Galnt15,0.3743333670955048,-0.042380009480146454,0.0129392007914801
Galnt17,0.25874029862077086,-0.05538733012533442,-0.01714024000949312
Galnt18,-0.13088226793868862,0.23942204171359383,0.21694166521819236
Gap43,0.005208408608599933,0.09989166355219532,0.09964865025126883
Gars,0.013441054473806276,-0.30783695959477864,-0.30297894840309897
Gas6,-0.48438200059979375,0.5181031408106604,0.3817904441330232
Gata2,0.1154250552938114,0.1004147130301743,0.1147723914361157
Gatad2b,-0.28747055255853177,0.4917832189494774,0.4266575429814023
Gatd3a,-0.3294738477891764,0.3947598681290281,0.3234800197870025
Gba,0.5008472923302064,-0.22287711952502356,-0.12166209575365705
Gbf1,-0.21724104293289398,0.22599487864622497,0.1883745985357038
Gbp2,0.5226890058501416,-0.5536846056034076,-0.3950657280619444
Gbp3,0.3138486219633766,-0.6172089946882711,-0.536892812062064
Gbp7,0.3198970964765894,-0.6222838241618293,-0.5395814771615922
Gdf11,-0.29721531705204135,0.3705271601268888,0.30919648644575826
Gfap,0.4114642800793947,-0.15549060320235825,-0.08334861808537831
Gfpt1,-0.6577716033118948,0.28435463018747587,0.12098992947877496
Gfra1,0.39147071154960783,0.08247275960232638,0.12939200791480102
Ggnbp2,-0.20346396209724255,-0.08392363617020562,-0.10956310280577955
Ggps1,-0.3902946192831498,0.014331978239485394,-0.04100214276780707
Ghr,-0.2357224928343776,0.21638509541208098,0.17560343931294423
Gigyf2,-0.2318581896731583,-0.04375626240768376,-0.0742743733744702
Gipc1,0.05158004654323159,-0.11375467265973589,-0.10536206358776652
Gja1,-0.4608601552706328,0.5326500298194161,0.40430801434157304
Gja4,0.5552835629491218,-0.17011149260033379,-0.06318362983891582
Gjb2,-0.16834920728442365,0.3239211287552189,0.2928964542798677
Gjb6,-0.5751091182979862,0.4331005178327848,0.27121909191492055
Gjc1,0.5603239583767993,-0.037886800112163756,0.04654751453558426
Glb1,0.08803890680343113,0.3840157929753722,0.39103273041265185
Glg1,-0.2505076527555645,-0.027950806630061515,-0.0615032141517106
Glmp,-0.1241617407017855,-0.07449459166755998,-0.09040636397164017
Glo1,-0.32191325464766035,0.28180034634669365,0.21963033031772067
Glra1,-0.5361300603239478,-0.1722642898943837,-0.21828599776795649
Glud1,-0.62097671668985,0.24395323725378393,0.10334556476312029
Gm2a,-0.5725889205841475,0.07617385680023947,-0.017476323146934165
Gmfb,-0.37517343300011774,0.03556646183946647,-0.01932478040285989
Gna12,-0.07745407640530867,-0.1385585583101304,-0.14754049733661725
Gna13,-0.2308501105876228,-0.1317819967866423,-0.15896732400961266
Gnai1,-0.21589693748551336,0.16578057305855806,0.13040025732712412
Gnai2,0.3864303161219305,-0.25196000687773645,-0.17661168872526734
Gnai3,0.31300855605876365,-0.28853702173279727,-0.2280324087537467
Gnal,-0.5368021130476383,0.02444499490960478,-0.05394134355928717
Gnao1,-0.4075999769181754,0.1729988094482625,0.09998473338870986
Gnaq,0.17809397177793318,0.19419137019485613,0.21391691698122298
Gnb1,-0.28528638120653826,0.006230910216724307,-0.033608313744104154
Gng11,0.135922663366366,0.0928169745697959,0.1098991859432206
Golga2,0.011256883121812757,0.25482451052989175,0.2539108103367069
Gopc,0.02217773988178036,0.010813882367249665,0.013779408635082703
Got2,-0.15272398145862384,-0.2714604956498611,-0.28684695780592895
Gpam,0.013945094016574013,0.22119699665968962,0.22097466286748482
Gpc3,-0.47934160517211644,0.16823749180640524,0.07981974514224738
Gpc4,-0.2461393100515775,0.40420837150795924,0.3538955437254168
Gpc6,-0.44725108761590393,0.4233789157956311,0.3130614425263302
Gpd1,-0.7029671489800684,0.18812368720867262,0.035120687862588845
Gper1,-0.0038643031612193048,0.20313728170788092,0.20064163305230182
Gphn,-0.3514835744900342,0.15908888001560706,0.09880844240766622
Gpi1,-0.062332890122276614,0.43885752667006817,0.4251451688629176
Gpm6a,-0.525713243106748,0.15426840029959635,0.057134133364977066
Gpr107,-0.026546082585767402,0.09537300187847272,0.09074244710908122
Gpr37l1,-0.5954387131896182,0.09480568273917449,-0.007057745886261873
Gpr4,0.22480163607441,-0.25760299761800054,-0.21744578992435387
Gprc5b,-0.5870380541434892,0.5116086924950405,0.32885734998605914
Gps1,-0.36190039170723404,-0.1470031899963483,-0.18585397500489598
Gpsm1,-0.23454640056791956,0.4020447796479165,0.35456771000029885
Gpt2,-0.1209694902642565,0.21396194128365523,0.19358388716603997
Gramd1a,0.24160295416666785,0.01710417010908328,0.04990834590999468
Gramd1b,-0.483877961057026,0.095570756986068,0.015795907459728954
Grb10,0.2029599225544748,-0.11529024856890133,-0.08368470122281935
Grb2,-0.02637806940484482,0.09517932993020689,0.09057440554036071
Gria1,-0.7436263387633323,0.3979461624224445,0.16047969812809734
Gria4,-0.8079753870566798,0.12817960493749825,-0.0371371866872351
Grin1,-0.42624944000058157,0.12162263767334966,0.04990834590999468
Grk2,-0.01528919946395464,-0.2549528123559753,-0.254582976611589
Grk3,-0.18515052537668147,0.13427001258805232,0.10502598045032549
Grn,0.7017910567136102,-0.3657474181256255,-0.16081578126553842
Grpel1,0.31569676695352494,-0.08945907334206149,-0.04032997649292499
Gsdmd,0.5898942782191731,-0.4171800388248171,-0.2518943115120607
Gsk3a,-0.5761171973835216,-0.06872020256148627,-0.13544150438873975
Gsk3b,-0.5776293160118248,-0.03238296048090672,-0.10620227143136912
Gstp1,-0.5668764724327797,0.11335384884468115,0.013947450203803226
Gtf2a1,-0.2122006475052166,0.016658699882306335,-0.01327528392892114
Gtf2a2,0.1975835007649523,0.050214815682665205,0.07612283063039592
Gtf2i,-0.5421785348371607,0.5310829876319516,0.3668347445168969
Gtpbp2,0.022849792605470674,0.2880458209891361,0.2883593319244137
Gucy1a1,0.14264319060326913,0.24024339459168498,0.2552551428864711
Gyg,0.09408738131664394,0.3832088365796345,0.3908646888439314
H2-Aa,0.47194902521152293,-0.07469074231543459,0.0001680415687205208
H2-Ab1,0.5067277536624967,-0.09127552694204535,-0.007729912161143956
H2-D1,0.5205048344981481,-0.2996906782843864,-0.18131685264944195
H2-Eb1,0.45867598391863923,0.05172001115014584,0.109058978099618
H2-K1,0.40675991101356246,-0.232049514096154,-0.153589993810556
H2-T23,0.5944306341040827,-0.6205738205120501,-0.41186988493399646
H2afy,0.3081361738120089,-0.30784870796352276,-0.2473571891566066
H2afz,0.23773865100544855,-0.19337694840758782,-0.15308586910439442
Hadh,-0.0593086528656702,0.6321264265211497,0.6167125572043113
Hadhb,-0.5576357474820379,0.6947332213642881,0.49387417046961063
Hat1,0.04032316342141884,-0.5081302938838572,-0.49723500184402103
Hcfc1,-0.0507399806386187,0.1263743488595063,0.11796518124180558
Hcn2,-0.8002467807342413,0.319661528574062,0.07897953729864476
Hdac1,0.14482736195526263,0.05978015002664052,0.07864345416120373
Hdac2,-0.3728212484672016,0.056387429775251637,0.0001680415687205208
Hdac3,0.19859157985048775,-0.24405968612515647,-0.20937979462576892
Hdac4,-0.20329594891631994,-0.20230624037350975,-0.22433549424189525
Hdac5,-0.44926724578697486,0.5064108719978032,0.38582344178231576
Hdac6,-0.08400659046128924,0.009919938973245886,-0.0018484572559257287
Hdgfl2,0.4081040164609431,-0.10751030305852832,-0.040666059630366035
Hecw2,0.2380746773672937,-0.20305028354163576,-0.16232815538402307
Herc6,0.38827846111207887,-0.5266130173166268,-0.4268255845501228
Hes1,-0.6256810857556823,0.40671208349669463,0.22752828404758513
Hexa,0.2755416167130287,0.26085404604399054,0.28651087466848796
Hexb,0.2943590929763575,0.1177691368712403,0.15224566126079184
Hey1,-0.613416123548334,0.33531483749834606,0.17728385500014943
Hey2,0.3825660129607112,0.11011631737022134,0.15375803537927651
Heyl,0.22463362289348743,-0.25304131121603646,-0.21307670913762036
Hgs,0.42742553226703967,-0.22435590776434253,-0.14165904243139904
Hibadh,-0.41801679413537524,0.1599992517586982,0.08603728318490665
Hic1,-0.34157079681560204,0.2470810197561669,0.1826611851992061
Hif1a,0.2990634620421897,-0.41778778717122056,-0.35339141901925525
Hip1r,-0.20497608072554574,0.2697437205326229,0.23307365581536232
Hipk2,-0.3585401280887825,-0.14003189989360293,-0.17913231225607515
Hist1h2bc,-0.22093733291319068,0.1646075581126211,0.12838375850247788
Hist2h2bb,0.40928010872740117,-0.5198550588385361,-0.4130461759150401
Hivep2,-0.19859157985048775,0.3661135094769691,0.32784910057373606
Hk1,-0.045531572030018765,-0.02861406674469011,-0.034616563156427284
Hlf,-0.7668121577306481,0.636597394860386,0.2984418260476449
Hmgcr,-0.4862301455899421,-0.3808083895128615,-0.3969141853178701
Hnrnpa1,0.20783230480122958,-0.23631911119886714,-0.20013750834614025
Hnrnpdl,-0.2476514286798807,-0.04007593476772159,-0.0727619992559855
Hnrnph1,-0.41633666232614946,0.028223895577953087,-0.03226398119433999
Hnrnpk,-0.14734755966910132,-0.14076102408495672,-0.1582951577347306
Hnrnpm,0.07358977324408937,-0.003006172915434321,0.007225787454982395
Hopx,0.34358695498667297,-0.2846135843152965,-0.21710970678691285
Hoxb3,-0.0011760922664580493,0.2855626498491841,0.28264591858791593
Hoxb5,-0.2820941307690093,0.3011165455803204,0.24702110601916555
Hoxb8,-0.2372346114626808,0.2089995955157062,0.1682096102892413
Hoxb9,-0.31788093830551845,0.26558914821912355,0.20534679697647643
Hoxc6,-0.36190039170723404,0.2692658258840843,0.19845709265893505
Hprt,-0.2253056756171777,-0.21390719399782274,-0.23761077817081638
Hps5,0.2842783021210028,-0.16872611671058166,-0.12082188791005445
Hsd17b4,-0.06602918010257335,0.11026574707436075,0.09981669181998935
Hsf1,-0.10769644897137279,0.49115301183565035,0.4686679351615325
Hspa1b,0.052252099266921904,0.19776184500787525,0.2028261734456686
Hspa5,0.13928292698481756,-0.3858459866514142,-0.3591048323557529
Hspa9,-0.16263675913305595,0.025809037670168032,0.002688665099528333
Hspb2,0.4425467185500717,0.23806192396718465,0.27273146603340526
Hspd1,-0.05090799381954128,-0.04553783622022198,-0.052092886303361445
Hspg2,0.4346500990467105,0.08603822022017724,0.13695387850722443
Hsph1,-0.6246730066701467,0.057797300631183005,-0.04184235061140967
Htt,0.008064632684283765,-0.026920017235624507,-0.025542318445519158
Huwe1,-0.21203263432429403,0.1173368306550216,0.08418882592898091
Icam1,0.4791735919911938,-0.7023264210008263,-0.5441185995170463
Id1,0.31855299102920875,-0.3210634179204707,-0.2572716417111173
Id2,-0.13138630748145638,-0.05232105817316597,-0.06956920945029561
Id4,-0.5089119250144902,0.5664128208182989,0.412374009640158
Idh1,-0.41012017463201406,-0.16834881894252984,-0.20887566991960735
Idh2,-0.39483097516805943,0.5103712792404637,0.40968534454062966
Idi1,-0.5772932896499796,-0.58456013930729,-0.5526887195217929
Ifi27,0.5366340998667157,-0.5317490352525674,-0.3700275343225868
Ifih1,0.08131837956652797,-0.40739489517205235,-0.3908646888439314
Ifit3,0.24933156048910646,-0.7494754390131649,-0.6842652678299607
Ifnar1,-0.11912134527410813,0.23347716667665014,0.21307670913762036
Ifnar2,0.5203368213172256,-0.3737404214243164,-0.24399635778219617
Ifngr1,0.022513766243625513,-0.07069901063994809,-0.06688054435076728
Ift27,-0.1623007327712108,0.013207044893695152,-0.009578369417069686
Igdcc4,-0.6087117544825018,0.6327876327126366,0.41287813434631954
Igf1r,-0.279405919874248,0.2135341438333419,0.16434465420866934
Igf2,-0.4165046755070721,0.47804667628849234,0.3727161994221151
Igf2r,0.2585722854398483,-0.21046050939324998,-0.16552094518971297
Igfbp3,0.29167088208159625,-0.507774275708674,-0.4406049931852055
Ighm,-0.15171590237308835,-0.08204248029941968,-0.10132906593847403
Igsf11,-0.2421069937094356,0.39043784396501935,0.34162850920881876
Ikbkb,0.3933188565397562,0.16383438309085355,0.2036663812892712
Ikbkg,0.7490027605528549,-0.03367429796208339,0.08166820239817311
Il11ra1,-0.494630804636071,0.25219897314969447,0.1485487467489404
Il13ra1,0.4154965964215366,-0.24428509215545383,-0.16249619695274362
Il15ra,0.038811044793115625,0.32874433582418217,0.3307058072419849
Il17rc,0.39751918606282066,-0.16692786074592542,-0.09662390201429945
Il1r1,0.2515157318411,-0.28284285007310755,-0.23626644562105226
Il33,-0.5124402018138643,0.09770311421096176,0.012098992947877498
Il34,0.3655966816875308,-0.06059669823268725,-0.005209288630336145
Il4ra,0.5967828186369988,-0.6128169570775737,-0.40430801434157304
Il6st,-0.18851078899513304,-0.2487253568871647,-0.2680263021092307
Ilf2,-0.32661762371349257,-0.20317197557524563,-0.23542623777744964
Ilk,0.3699650243915178,-0.22026094822338532,-0.15140545341718922
Ilkap,-0.0819904322902183,0.10821057734792267,0.0954476110332558
Immt,-0.06922143054010234,0.062432946515225234,0.052092886303361445
Impact,-0.7458105101153258,0.05752937667705245,-0.06536817023228259
Impad1,-0.21808110883750687,0.062380214055954716,0.03007944080097322
Ina,-0.4758133283727422,-0.23395382835166276,-0.26970671779643585
Ing3,-0.2192572011039649,0.17160690970155013,0.13544150438873975
Ino80d,-0.07795811594807642,0.3758380885060038,0.36028112333679657
Inpp1,-0.07090156234932812,-0.11933728357755728,-0.1277115922275958
Inpp4b,-0.1216415429879468,0.40519328712133085,0.38145436099558216
Inpp5b,0.23051408422577765,0.1893628641307554,0.21442104168738454
Inpp5d,0.5020233845966644,-0.34115459005321785,-0.22265507855469005
Insr,0.2847823416637705,-0.26051573288809854,-0.2078674205072842
Ints4,0.2711732740090417,0.058603361223386684,0.09343111220860957
Iqgap1,0.3027597520224864,0.1562062489110602,0.18938284794802693
Irak1,-0.329641860970099,-0.2676502897988317,-0.2959212025168371
Irak2,0.1179452530076501,-0.0031160754399187367,0.01327528392892114
Ireb2,-0.025706016681154506,0.13989334832474604,0.1349373796825782
Irf1,0.4825338556096454,-0.6421556369612352,-0.49017725595775913
Irf3,0.15961252187644956,-0.08088524351751387,-0.05696609179625655
Irf9,0.4309538090664138,-0.6920221126646777,-0.5587382159957317
Irgm1,0.5371381394094834,-0.6462939959501395,-0.46547514535584256
Irgm2,0.4929506728268453,-0.5180482952599722,-0.37809352962117176
Irs1,-0.18347039356745568,0.532884288545723,0.49337004576344906
Irs2,0.15390007372508188,-0.07193128976607582,-0.04906813806639207
Isca1,-0.29099882935790594,0.035631167634058894,-0.006553621180100311
Isg15,0.3998713705957368,-0.7220993133819222,-0.6000764419009798
Itch,-0.48774226421824535,0.2511391593266723,0.1495569961612635
Itga1,0.14314723014603686,-0.1954477367853071,-0.17173848323237226
Itga3,-0.23169017649223572,0.43327064405615856,0.3853193170761542
Itga4,-0.15322802100139157,-0.07858539351987852,-0.09813627613278414
Itga5,0.45632379938572315,-0.22772134922068066,-0.137458003213386
Itga6,-0.09089513087911495,0.17872086265619258,0.16367248793378725
Itga7,0.24630732323250004,0.03675433991123164,0.06940116788157508
Itga8,-0.05477229698076058,0.4822957409919559,0.4693401014364146
Itgav,-0.46220426071801335,0.2265595753170092,0.1349373796825782
Itgb1,0.48740623785640014,-0.13093997007265445,-0.045707306691981656
Itgb4,-0.2999035279468026,0.43350070126280976,0.3680110354979405
Itgb5,0.12617789887285644,0.1034780459212345,0.11914147222284924
Itgb8,-0.485894119228097,0.395178238574903,0.2747479648580515
Itih5,-0.4758133283727422,0.47674525201112067,0.34935842136996276
Itpkb,-0.20548012026831347,0.5037309759839894,0.4597617320193449
Itpr1,-0.028226214394993183,0.5610542864487355,0.5515124285407492
Itpr2,0.019153502625173947,0.1979160749079728,0.19862513422765557
Itsn1,-0.7543791823423774,0.2488990740916729,0.05730217493369758
Itsn2,-0.20228786983078448,0.028894563286966612,0.0
Ivd,-0.49832709461636776,0.23149089895104874,0.12972809105224206
Jade1,-0.5347859548765672,0.2909440536521927,0.16938590127028497
Jade2,0.4326339408756395,0.11128939067285538,0.1593034071470537
Jag1,0.18851078899513304,0.24803425530836629,0.2673541358343486
Jag2,-0.04653965111555424,0.32636702989593136,0.3164222739007406
Jak1,0.2631086413247579,-0.41153076057003685,-0.35675225039366565
Jak2,0.1334024656525273,-0.0799506615205101,-0.059990840033225926
Jak3,0.6896941076871846,-0.44020971876470444,-0.22013445502388224
Jam2,-0.4336420199611751,0.30834802058792343,0.2150932079622666
Jam3,-0.24630732323250004,0.2676947596231737,0.22282312012341057
Jmjd6,0.27285340581826745,0.11376816689028742,0.14619616478685307
Jpt1,0.4785015392675035,-0.4715891823169127,-0.34381304960218556
Jun,0.42406526864858807,-0.13220163119548453,-0.059822798464505396
Jup,-0.45195545668173603,0.18043633470864642,0.09679194358301998
Kansl2,-0.35971622035524053,0.04501843710630298,-0.00823403686730552
Kat14,0.07695003686254094,0.15632281375124904,0.16501682048355143
Kat2a,-0.17540576088317195,-0.2565240411441342,-0.27441188172061043
Kat5,-0.19556734259388134,0.20939233601257523,0.17627560558782632
Kat6a,-0.49110252783669683,0.10710750628504431,0.024366027464475516
Kat8,0.10668836988583734,0.054616044750471236,0.06856096003797248
Kcnab2,-0.7632838809312741,-0.19532908397735438,-0.23072107385327506
Kcnip3,-0.6107279126535727,0.06439122725346998,-0.03411243845026572
Kcnj10,-0.6708766314238559,0.06385706222727376,-0.046043389829422694
Kcnj8,0.05544434970445089,0.0736330171147965,0.08049191141712946
Kcnk2,-0.49983921324467095,0.43375103054036884,0.30281090683437845
Kcnt2,-0.09106314406003753,0.4176279092812619,0.3992667672799574
Kdm2a,0.000336026361845157,0.24632506554980962,0.24399635778219617
Kdm4a,0.29603922478558325,0.054347133335172194,0.09242286279628643
Kdm4b,-0.17372562907394615,0.16854553650786774,0.14031470988163486
Kdm4c,-0.09627155266863746,0.3563441087128109,0.3379315946969673
Kdm5a,-0.07644599731977321,0.21595699584708933,0.20265813187694806
Kdm5b,-0.14180312469865625,0.4773601959990792,0.4483349053463494
Kdm5c,0.13676272927097888,-0.012289854292921723,0.006889704317541352
Kdm6b,0.1772539058733203,0.17255746741982592,0.19274367932243736
Kdr,-0.11828127936949523,-0.19539583915150488,-0.2085395867821663
Keap1,0.04620362475370908,-0.09649547835401572,-0.08906203142187602
Khdrbs1,-0.3252735182661119,-0.19788817959319405,-0.23038499071583401
Khsrp,-0.14969974420201743,0.10973107860598977,0.08670944945978873
Kif1b,-0.7249768756809261,0.38496412334035485,0.16216011381530257
Kif1c,-0.25689215363062246,0.04736648766189695,0.009746410985790207
Kif3b,-0.06787732509272171,-0.13317167483070438,-0.14098687615651695
Kif5a,-0.6658362359961785,-0.02912591789252667,-0.11376414202379256
Kif5b,-0.6347537975255015,0.03256558050117236,-0.0630155882701953
Kif5c,-0.6562594846835915,0.04520789951195578,-0.057134133364977066
Kifap3,0.01629727854949011,0.15045017605325278,0.1512374118484687
Kirrel,0.5616680638241799,0.2030214266169805,0.24416439935091672
Kitl,-0.3503074822235761,-0.005651968752232457,-0.05377330199056665
Klc1,-0.5942626209231601,0.37825428775612746,0.2189581640428386
Klc2,-0.5917424232093214,-0.09832924150240704,-0.16047969812809734
Klf11,-0.41969692594460106,0.441363897933719,0.3386037609718494
Klf12,-0.371477143019821,0.26175191241362805,0.1892148063793064
Klf4,-0.12516981978732097,0.005505661837169173,-0.011930951379156975
Klhl21,0.02385787169100614,0.38075169164231815,0.38027807001453856
Kmt2a,-0.2795739330551706,0.3397509873646415,0.28432633427512116
Kmt2b,0.33216205868393767,0.09878902362189657,0.1382982110569886
Kmt2c,-0.48202981606687767,0.3819776341221672,0.2646654707348202
Kmt2d,0.21623296384735852,0.23456912731993979,0.25676751700495576
Kmt2e,-0.35568390401309863,0.029090312040355382,-0.022349528639829266
Kmt5b,-0.32006510965751195,0.20808959969645013,0.15090132871102768
Kpnb1,-0.10181598763908256,-0.3017382726839418,-0.31138102683912505
Kras,-0.38911852701669175,-0.5599886762616542,-0.5647877124696703
Lama1,-0.6103918862917276,0.4436813727533523,0.2634891797537766
Lama2,0.23370633466330665,0.12169093746392845,0.1495569961612635
Lama4,0.3167048460390604,-0.30913259997455034,-0.24651698131300398
Lama5,0.37248522210535645,0.28666962633796744,0.3150779413509765
Lamb1,0.2400908355383646,-0.22826486761340115,-0.18619005814233705
Lamb2,0.12281763525440487,0.3685725511911793,0.3792698206022154
Lamc1,0.15961252187644956,-0.19243619919893948,-0.16602506989587454
Lamp1,-0.0725816941585539,0.03297694103074594,0.022517570208549786
Lamp2,0.276213669436719,-0.4549090107556853,-0.39472964492450335
Lamtor1,-0.4748052492872068,-0.12773886470742174,-0.1771158134314289
Lamtor2,-0.10786446215229538,-0.20959974459773284,-0.22131074600492587
Lamtor3,-0.05527633652352832,-0.08979993542207572,-0.09645586044557894
Lamtor4,0.26243658860106756,-0.04859511064899678,-0.010082494123231247
Lamtor5,-0.2836062493973125,0.3696001458056954,0.31171710997656604
Laptm4b,-0.6429864433907079,0.3081918129918051,0.1446837906683684
Lasp1,0.5777973291927473,-0.13270772993542493,-0.027222734132724368
Lats1,0.04620362475370908,0.19056644720164923,0.19492821971580412
Lats2,-0.11996141117872103,0.3853891395765599,0.36229762216144284
Lbh,0.00655251405598056,0.4572230699663043,0.45371223554540613
Lbr,-0.13877888744204983,0.019088877824026202,-0.0005041247061615624
Ldah,-0.2802459857788609,0.2048729876059943,0.1559425757726433
Ldb1,-0.16498894366597208,0.5580863205111356,0.5222731955833787
Ldha,0.2975513434138865,-0.27962040372899505,-0.22315920326085162
Ldhb,-0.715064098006494,-0.15182000434403248,-0.20417050599543277
Ldlr,-0.3459391395195891,-0.4388712669272058,-0.4557287343700524
Lef1,-0.3644205894210727,0.5915243285839834,0.49505046145065423
Leprot,0.1421391510605014,-0.024201236726544704,-0.004032997649292499
Letmd1,-0.09240724950741816,0.11113635103414113,0.09679194358301998
Lfng,-0.2926789611671317,0.3272657401302999,0.26937063465899486
Lgals1,0.7017910567136102,-0.31620528321419306,-0.12586313497167007
Lgals9,0.5109280831855612,-0.6464828332604806,-0.4795906371283663
Lgi3,-0.35467582492756317,-0.054369713687775996,-0.09948060868254831
Lifr,-0.2856224075683834,0.3626890491484907,0.3046593640903042
Lima1,0.09660757903048263,-0.17706317111113126,-0.16115186440297943
Limd1,0.16414887776135917,0.1253396175005513,0.14518791537452996
Limk1,-0.431289835428259,-0.12721611701602897,-0.17341889891957746
Limk2,-0.2421069937094356,0.05799001844399939,0.022181487071108744
Lin7c,-0.3335061641313183,-0.10133902806784711,-0.14081883458779643
Litaf,0.48370994787610344,-0.4764820315463433,-0.3459975899955523
Lmna,0.4423787053691491,0.02635406810644036,0.08469295063514248
Lmo2,0.1982555534886426,0.14187625970363665,0.16518486205227195
Lmo4,0.112400818037205,0.07160548478287643,0.08603728318490665
Lox,0.36341251033553723,-0.06931964451478383,-0.013611367066362184
Lpar6,0.43784234948423945,0.18118684016065162,0.221982912279808
Lpin1,-0.431289835428259,0.22879713015768804,0.1446837906683684
Lpp,0.16902126000811393,-0.0253660521025458,-0.0013443325497641664
Lrig1,-0.13407451837621762,0.3019587096152966,0.2777727130950209
Lrp1,-0.3635805235164598,0.4616859745540617,0.375572906090364
Lrp5,-0.09744764493509551,0.14923559714486487,0.13359304713281403
Lrp6,-0.5116001359092515,0.17235354877674988,0.07578674749295489
Lrpprc,-0.3691249584869049,0.03456326665501421,-0.01932478040285989
Lrrk1,0.04704369065832197,0.2752193156980733,0.278780962507344
Lsm14a,-0.0023521845329160986,-0.21821647649113177,-0.2164375405120308
Lsr,0.05662044197090895,-0.3060260600156198,-0.29474491153579346
Lta4h,0.08367056409944408,0.10455217797154985,0.1147723914361157
Ltbp1,0.06821335145456686,0.39385085951747556,0.3985946010050753
Ltbr,0.3523236403946471,-0.5479822106620661,-0.4590895657444628
Luc7l3,-0.01965754216794168,0.2747963028140226,0.26937063465899486
Lum,-0.2400908355383646,0.3953643618090043,0.3468377978391549
Luzp2,-0.6419783643051724,0.3948613755413991,0.2108921687442536
Lyn,0.5119361622710966,-0.36700953300967565,-0.24130769268266786
Lyst,-0.20413601482093285,0.18048493862500986,0.14670028949301467
Lztr1,0.2921749216243639,0.3106836183592228,0.3347388048912774
Mad1l1,0.08232645865206345,-0.15780515120920463,-0.14434770753092735
Maf,-0.17355761589302357,0.3270256875940943,0.294912953104514
Maf1,-0.056116402428141206,0.4629763785801364,0.4500153210335546
Mafb,0.43011374316180084,-0.12434759767012532,-0.051588761597199884
Mag,-0.2999035279468026,0.13664413205511905,0.08754965730339134
Magoh,0.13760279517559176,-0.09103998455736878,-0.07024137572517769
Mal,0.28747055255853177,-0.5982537068047478,-0.5276505257824353
Maml1,0.37114111665797583,0.15020744803579777,0.18955088951674745
Man2b2,0.36173237852631146,0.20089088143318154,0.23559427934617014
Maoa,-0.5334418494291867,0.13295600198448257,0.037473269824676136
Map1b,-0.46623657706015526,-0.08412823640220961,-0.1382982110569886
Map1lc3a,-0.43414605950394275,0.09020652694247551,0.020333029815183017
Map2,-0.7454744837534807,-0.0031605891852531753,-0.10536206358776652
Map2k1,-0.17910205086346867,-0.2680722488207147,-0.2860067499623264
Map2k2,0.170197352274572,0.00855539864789986,0.03192789805689895
Map3k11,-0.05393223107614769,0.4259107839202695,0.4137183421899222
Map3k5,0.05830057378013473,0.03534218977648675,0.043018641592453326
Map3k7,-0.09039109133634722,0.009459276161569219,-0.0031927898056898947
Map4,-0.5494031016168316,0.23108277692002724,0.11510847457355673
Map4k4,0.466740616602923,-0.5480968673674804,-0.41539875787712743
Map7,-0.059140639684747615,0.08392642300909393,0.07477849808063175
Mapk1,-0.20548012026831347,-0.03391226305675359,-0.06133517258299009
Mapk10,-0.6777651718416816,0.1907894291771394,0.04503514041709957
Mapk14,0.38609428976008536,-0.053582643794589775,0.004537122355454061
Mapk3,0.1881747626332879,0.3653726367857897,0.38145436099558216
Mapk8ip1,-0.6839816595358169,-0.3310083385980777,-0.33389859704767477
Mapk8ip2,-0.7120398607498876,-0.15924791888536383,-0.20937979462576892
Mapk9,-0.42960970361903317,0.040056643557060095,-0.02369386118959343
Mapkap1,-0.28243015713085445,-0.01860036375044797,-0.05679805022753602
Mapkapk2,0.485894119228097,-0.44973027095111867,-0.3219676456685178
Mapre1,0.3301459005128667,-0.1706212930903091,-0.11376414202379256
Mapre2,-0.49782305507360003,0.24659254431738264,0.14283533341244267
Mapt,-0.6421463774860949,0.020451812873760352,-0.07343416553086758
March2,-0.41096024053662694,-0.3620416169066626,-0.3838069429576695
Marcks,0.3449310604340536,-0.45109286863822895,-0.3715399084410715
Marcksl1,0.518152649965232,-0.40236291375494376,-0.2690345515215538
Mark2,0.060652758313050836,0.27997409296615566,0.2851665421187238
Mark3,-0.34761927132881487,0.10596933465677921,0.050244429047435715
Mast2,-0.21640097702828107,0.020230781413744264,-0.01041857726067229
Mast3,-0.04435547976356072,-0.005168792973928588,-0.011258785104274893
Max,-0.25874029862077086,0.10299104667843333,0.06267950513275425
Mbd2,-0.19640740849849425,-0.229994630100974,-0.2505499789622965
Mbd3,-0.025033963957464194,-0.33324314872758554,-0.33339447234151326
Mbnl1,0.1575963637053786,0.202250696646416,0.21963033031772067
Mboat7,-0.1154250552938114,0.2572812145174535,0.23710665346465484
Mbp,-0.7204405197960164,0.0024334026926958654,-0.09813627613278414
Mcam,0.6324016129925853,-0.027459989307881915,0.06654446121332624
Mcl1,0.4931186860077678,-0.176616309232712,-0.08385274279153988
Mcur1,0.1880067494523653,-0.033169028869290816,-0.006217538042659269
Mdk,-0.1428112037841917,0.3087091554899837,0.2828139601566365
Mdm2,-0.009240724950741816,0.16113594322763203,0.1582951577347306
Mdm4,-0.10332810626738576,0.23817651361585132,0.22030249659260276
Mdp1,0.07980626093822478,0.015014497522674648,0.0258784015829602
Mecom,-0.1920390657945072,0.23865167444835098,0.20534679697647643
Mecp2,-0.03561879435558664,0.40245349521271134,0.39338531237473917
Med1,-0.09039109133634722,-0.18050905196087721,-0.1905591389290706
Med12,0.18447847265299117,0.31263739095184145,0.32986559939838234
Med15,0.19304714488004268,-0.20564082117745291,-0.1730828157821364
Med21,0.09895976356339871,-0.0007817177642449692,0.0129392007914801
Mef2a,0.2523557977457129,0.2653009678410171,0.28919953976801627
Mef2d,0.3177129251245959,0.24911061128858997,0.2779407546637414
Meg3,0.6327376393544305,-0.14388217893765035,-0.022685611777270305
Meis3,0.30998431880215727,-0.2533467119678024,-0.1956003859906862
Men1,0.04973190155308323,-0.13251259627396134,-0.12418271928446487
Mertk,0.10786446215229538,0.39631655484948997,0.40514822218517565
Mfn1,-0.42608142681965905,0.2701291970059744,0.18299726833664715
Mfn2,-0.2842783021210028,0.5285256099730421,0.46245039711887326
Mfsd2a,-0.22664978106455835,0.04004330163064576,0.007225787454982395
Mia2,-0.3644205894210727,-0.11252470822037008,-0.15426216008543808
Mib1,-0.4711089593069101,0.240143174351638,0.14451574909964787
Micu1,-0.3748374066382726,-0.10944267007844291,-0.15241370282951236
Micu2,0.28679849983484146,0.40198015507819657,0.4211121712136251
Miga2,-0.04637163793463166,-0.15606273281542585,-0.16081578126553842
Mindy1,0.3439229813485181,-0.07563002700039688,-0.022685611777270305
Mkln1,-0.08316652455667634,-0.19026310176513697,-0.19929730050253766
Mknk1,0.28192611758808667,0.061115340709904015,0.09712802672046102
Mknk2,0.19321515806096526,0.04889077565352213,0.0742743733744702
Mlc1,-0.5421785348371607,0.5086683145318066,0.34818213038891904
Mllt10,0.09291128905018589,0.31567685679780744,0.3241521860618846
Mllt6,-0.3748374066382726,0.45975492975100113,0.3701955758913073
Mmd2,-0.2807500253216286,0.11534638871817465,0.07074550043133926
Mmp14,0.5467148907220704,-0.370174641167019,-0.23122519855943663
Mmp15,-0.5579717738438831,-0.034962909765413844,-0.10603422986264861
Mms19,0.5176486104224642,-0.09097941160730703,-0.005377330199056666
Mmut,-0.38054985478964026,0.11462784519066883,0.05226092787208196
Mob2,0.2372346114626808,0.15482544262202844,0.1818209773556035
Mog,-0.5752771314789087,-0.024836793604812085,-0.09981669181998935
Moxd1,0.4608601552706328,-0.04511033971538837,0.024197985895754996
Mpc1,-0.45531572030018763,-0.05919907647914684,-0.11527651614227725
Mpc2,-0.4959749100834517,-0.12879329510290938,-0.17946839539351622
Mpp2,0.4417066526454588,-0.04088033707221272,0.024870152170637077
Mprip,0.4050797792043367,-0.27447339448583546,-0.1924075961849963
Mpzl1,-0.367108800315834,0.1867287181690379,0.12115797104749548
Msmo1,-0.46321233980354887,-0.491299766756035,-0.4953865445880952
Msn,0.4821978292478002,-0.6053604039969446,-0.45841739946958066
Msra,0.18380641992930083,-0.044109915539129865,-0.017476323146934165
Mt2,0.5322657571627286,-0.36073232278588174,-0.22870457502862881
Mta1,0.14953173102109485,-0.03076521365432722,-0.009410327848349163
Mta2,0.19254310533727492,0.348984377203983,0.36582649510457377
Mta3,-0.5514192597879026,0.08229382735199962,-0.008402078436026039
Mtch1,-0.2417709673475904,0.14344574760888323,0.1043538141754434
Mtch2,-0.23001004468300995,-0.3604518296931055,-0.3792698206022154
Mtmr12,-0.11072068622797923,0.05109537506484501,0.03495264629386833
Mtor,-0.004032316342141883,0.2567795163796729,0.2537427687679864
Mtrex,-0.2609244699727644,-0.08434828169846999,-0.11678889026076195
Mturn,-0.4931186860077678,0.16530396738355124,0.07410633180574967
Mtus1,0.5020233845966644,0.08674086839739138,0.14384358282476578
Mxd4,-0.2404268619002098,0.08674060540267617,0.0500763874787152
Mybbp1a,-0.006216487694135403,-0.17407149982186013,-0.17325085735085693
Mycbp2,-0.10971260714244375,0.010831321900136383,-0.004537122355454061
Myd88,0.5846858696105731,-0.511385666039817,-0.32986559939838234
Myh10,-0.21858514838027457,-0.22392492223276075,-0.24668502288172453
Myh11,-0.19002290762343627,0.43477297251448643,0.3964100606117086
Myh9,0.36240443125000177,-0.27831867776527996,-0.20669112952624058
Mylk,0.23824269054821626,0.4265657524455879,0.44329365828473377
Myo10,-0.06787732509272171,0.33520100001265085,0.3217996040997973
Myo18a,-0.0935833417738762,-0.2719734229173492,-0.2811335444694313
Myo1c,0.18397443311022343,-0.027735933750727523,-0.0015123741184846873
Myo1d,-0.14852365193555936,0.36966145568716535,0.34146046764009824
Myo1e,0.11021664668521149,0.10142944830348836,0.11510847457355673
Myo5a,-0.4148245436978462,0.05370413097245209,-0.009074244710908123
Myo6,-0.42742553226703967,0.35310857345595986,0.25693555857367634
Myo9a,-0.4027275946714206,0.054503478420669944,-0.006385579611379789
Naa15,-0.3284657687036409,-0.28207995529976054,-0.3093645280144788
Nadk2,-0.5495711147977541,0.3599056971653158,0.22164682914236689
Nae1,-0.15860444279091407,-0.038536875248349416,-0.05965475689578488
Nampt,-0.011760922664580493,-0.32755225497728935,-0.3260006433178103
Nbr1,-0.09324731541203106,0.3169603626233332,0.29961811702868857
Ncam1,-0.5430186007417737,0.16118192553094454,0.05881454905218227
Ncan,-0.43952248129346533,-0.030346847709721347,-0.08788574044083237
Ncbp2,-0.11777723982672753,0.01573649995195979,-0.0008402078436026039
Nck1,-0.023689858510083567,-0.13602971354397894,-0.13796212791954757
Ncl,-0.12113750344517908,-0.3849716258034865,-0.39523376963066487
Ncoa1,-0.4465790348922136,0.21375434474417765,0.1275435506588753
Ncoa2,-0.21102455523875857,0.4648606709405421,0.42077608807618405
Ncoa3,-0.07375778642501195,0.253987985578106,0.24063552640778577
Ncor1,-0.2886466448249898,0.12511204873625625,0.07864345416120373
Ncor2,0.20228786983078448,0.06068069011492693,0.08687749102850925
Ncstn,0.5089119250144902,-0.035984271307175845,0.03982585178676343
Nde1,0.12264962207348228,-0.2296303764327131,-0.2087076283508868
Ndel1,-0.11996141117872103,-0.04001071996077332,-0.05595784238393342
Ndn,-0.2745335376274932,-0.05464345448049482,-0.09007028083419914
Ndrg2,-0.39751918606282066,0.05653304877263898,-0.0036969145118514574
Ndrg4,0.061828850579508876,-0.24989978679966515,-0.23845098601441897
Ndst1,-0.004872382246754776,0.05905141548749676,0.05780629963985916
Ndst2,0.5008472923302064,-0.054676669955062436,0.022517570208549786
Ndst3,0.1796060904062364,0.2725101619284431,0.2903758307490599
Ndufa9,-0.5198327817744578,-0.2930569264276126,-0.3199511468438716
Ndufs1,-0.550411180702367,0.11315393812386677,0.017308281578213642
Ndufs4,-0.32762570279902803,0.27963938423844475,0.21626949894331024
Ndufv2,-0.37954177570410474,0.054268656771685485,-0.0028567066682488535
Neat1,0.4494352589678974,-0.026121529986437752,0.03915368551188134
Nedd4,-0.2536999031930935,0.4045384981252098,0.35238316960693206
Nedd4l,-0.2893186975486801,0.3694990877679885,0.3102047358580814
Nefh,-0.5488990620740638,-0.33300164872720533,-0.35171100333205
Nefl,-0.6359298897919595,-0.30334925710619676,-0.3199511468438716
Nefm,-0.20430402800185543,-0.33913923339806573,-0.3570883335311067
Nek7,-0.0028562240756838343,-0.12618055249156032,-0.1253590102655085
Nelfb,0.23841070372913886,0.1700769334515743,0.19660863540300932
Neo1,-0.39163872473053046,0.4003276774524856,0.31054081899552244
Nes,-0.2429470596140485,0.17741803599932704,0.13678583693850394
Neu1,0.2832702230354673,0.12003731644172717,0.15325391067311497
Nf1,-0.30948027925938953,0.1308203614393802,0.08032386984840893
Nf2,-0.4390184417506976,-0.1070901638209306,-0.1561106173413638
Nfat5,-0.4208730182110591,0.25083112079435244,0.16703331930819768
Nfatc1,0.08165440592837314,0.2342047447766066,0.24248398366371152
Nfatc3,-0.23521845329160987,0.2405514119628167,0.19896121736509662
Nfe2l1,-0.3193930569338217,0.16532520048795682,0.11090743535554372
Nfe2l2,0.25252381092663545,-0.04545109793317244,-0.00857012000474656
Nfia,-0.4148245436978462,0.21370331842991835,0.1351054212512987
Nfib,-0.41801679413537524,0.26198079092983606,0.177787979706311
Nfix,-0.49211060692223235,0.15899133381477992,0.06889704317541352
Nfkb1,0.5126082149947869,-0.28271064394775225,-0.16938590127028497
Nfkbib,0.2536999031930935,-0.5706582473956314,-0.5115185351852652
Nhsl1,-0.01982555534886426,0.1066370404839721,0.10284144005695872
Nid1,-0.17506973452132676,0.0307334585940617,0.005713413336497707
Nid2,0.1817902617582299,0.3082016633311435,0.3253284770429283
Nipbl,-0.20464005436370059,0.07102157783558598,0.04049801806164551
Nipsnap2,-0.32325736009504097,0.049756966004349236,0.0018484572559257287
Nlgn2,0.2303460710448551,-0.2252646392471804,-0.1851818087300139
Nlrc5,0.742954286039642,-0.582162703755107,-0.28298200172535704
Nmt1,0.06334096920781208,-0.141663273075779,-0.13124046517072674
Nod1,0.04183528204972204,-0.02895368076538,-0.022853653345990828
Nos3,0.14079504561312076,-0.003269051755194031,0.016300032165890516
Nosip,0.4882463037610131,0.17430000794815265,0.21828599776795649
Notch1,0.08719884089881823,-0.30435448671404264,-0.28819129035569313
Notch2,-0.2510116922983322,0.5323444436671102,0.4755576394790738
Notch3,0.2733574453610352,0.034509892577457846,0.07074550043133926
Notch4,0.13239438656699185,-0.03580303684125135,-0.016804156872052077
Npc1,-0.24143494098574525,0.37173946132949287,0.32381610292444357
Npepps,-0.45229148304358124,0.28668263798578814,0.1905591389290706
Nploc4,-0.04754773020108971,-0.319831075094347,-0.32297589508084096
Npy1r,0.6658362359961785,-0.07798898803758227,0.034616563156427284
Nr1d1,-0.6949025162957846,0.6132271466081793,0.3404522182277751
Nr1h2,-0.01108886994089018,0.09861289727904037,0.0961197773081379
Nr1h3,0.42305718956305255,0.18262120183417851,0.2224870369859695
Nr2c2,-0.23068209740670026,0.3878543964216019,0.3417965507775393
Nr2f1,0.07123758871117328,0.20621918726142677,0.21358083384378193
Nr2f2,0.49513484417883874,0.25892571763925243,0.29138408016138306
Nr3c1,-0.5972868581797665,0.3119287267334863,0.16501682048355143
Nr3c2,-0.32443345236149906,0.6248671851469657,0.5404216850051948
Nrarp,0.34560311315774395,-0.31388893803639595,-0.24382831621347567
Nrcam,-0.2767177089794867,0.22179853397640745,0.17274673264469537
Nrf1,-0.2708372476471965,0.2417101945328907,0.19291172089115788
Nrip1,-0.13945094016574014,0.09235294386255578,0.07124962513750081
Nrp1,-0.279405919874248,0.18702677816433222,0.13913841890059123
Nsf,-0.37349330119089197,0.011508179652995026,-0.041170184336527596
Nsmf,-0.8155359801981958,-0.06938778071688803,-0.1527497859669534
Nsun2,-0.12785803068208224,-0.2113872720160883,-0.2253437436542184
Ntn1,-0.1898548944425137,-0.34313252308904973,-0.3599450401993555
Ntn4,0.4249053345532009,0.17332559415550214,0.214253000118664
Ntng2,-0.3909666720068401,0.2000802060955158,0.12821571693375736
Ntrk2,-0.6972547008287007,0.4016531981607157,0.18854264010442434
Ntsr2,-0.6927183449437911,0.29575422521217376,0.11527651614227725
Numb,0.2597483777063063,0.04759212383624084,0.08150016082945258
Oasl2,0.46354836616539397,-0.7608375333429672,-0.6034372732753901
Ocln,-0.3215772282858152,0.22329881993209097,0.16484877891483088
Odc1,0.4643884320700069,-0.4111225971503011,-0.29625728565427817
Odf2,-0.20027171165971355,0.06357813661553012,0.0339443968815452
Odr4,-0.3560199303749438,0.08634065945653994,0.030583565507134786
Ogdh,-0.34089874409191173,-0.10720254720270755,-0.1470363726304557
Ogn,-0.4613641948134005,0.37587175091053504,0.26634588642202545
Ogt,0.14734755966910132,0.4100948917648789,0.42212042062594823
Olfml3,-0.1382748478992821,0.2521875786911822,0.22820045032246725
Olig1,-0.5068957668434193,-0.2663454446273313,-0.29760161820404235
Opa1,-0.2856224075683834,0.28478556507482433,0.23072107385327506
Osgep,-0.3545078117466406,0.05049458940910049,-0.0023525819620872908
Osmr,0.5515872729688251,-0.5923117336034812,-0.41287813434631954
Otud5,0.11391293666550821,0.13237681676263297,0.14602812321813258
Otud7b,-0.42204911047751714,-0.04904705664082248,-0.10250535691951768
P3h3,-0.01209694902642565,0.058708202751311105,0.05646196709009498
P4hb,0.5238650981165996,-0.2720825829566214,-0.15695082518496642
Pa2g4,-0.05729249469459925,-0.3903513585630016,-0.39388943708090074
Pacsin3,-0.34761927132881487,0.22576708271782484,0.16148794754042048
Padi2,-0.46153220799432304,0.600865638900966,0.46396277123735785
Pafah1b1,-0.6327376393544305,0.20282497045330372,0.0678887937630904
Pafah1b2,-0.42574540045781384,-0.02906713527578435,-0.08502903377258353
Paip1,-0.5702367360512313,-0.18752472059140907,-0.23156128169687765
Pak1,-0.5836777905250375,-0.040080618295695224,-0.1130919757489105
Pak2,-0.13911491380389499,-0.1071431496805496,-0.12435076085318539
Pakap,0.24143494098574525,-0.13534182756234125,-0.09662390201429945
Pald1,-0.13071425475776605,0.30288820231121455,0.27928508721350553
Palmd,0.050235941095850965,0.22146887713451818,0.22601590992910045
Panx2,-0.8570352358860728,-0.03142985439207317,-0.1347693381138577
Pard3,-0.15591623189615283,-0.08545285381322285,-0.10519402201904601
Park7,-0.06115679785581856,-0.01182850048154105,-0.020164988246462495
Parp1,-0.05477229698076058,0.05032652208781017,0.04217843374885072
Parva,0.4218810972965945,0.05580606779874981,0.10855485339345643
Parvb,0.0725816941585539,-0.15938088496217898,-0.14737245576789673
Paxbp1,-0.019321515806096524,-0.060598298199064905,-0.06267950513275425
Paxip1,-0.07392579960593453,0.09510089695527829,0.08368470122281935
Pbrm1,0.41969692594460106,-0.014956371438641806,0.04469905727965853
Pbx2,0.2684850631142804,-0.24507852629185028,-0.19660863540300932
Pcdh10,-0.45951604982325217,0.3457545050352415,0.24046748483906527
Pcm1,-0.30158365975602835,0.18252529241451335,0.13056829889584468
Pcmtd2,0.02604204304299966,0.2608034357367095,0.2618087640665714
Pcna,0.25554804818324184,-0.39781381362161566,-0.34549346528939073
Pcnt,0.10937658078059859,0.07883485285612792,0.09275894593372748
Pcx,-0.492278620103155,0.23018652395937228,0.1302322157584036
Pdap1,-0.4321299013328718,-0.1758739269513199,-0.21694166521819236
Pdcd4,-0.4020555419477303,0.14778224345578453,0.07830737102376269
Pde1b,0.09022307815542464,0.07472851992569393,0.08620532475362716
Pde4c,-0.08148639274745056,0.2850187362739912,0.2700428009338769
Pde7b,-0.31855299102920875,-0.0594966836475491,-0.09998473338870986
Pde8a,-0.4543076412146522,-0.2000792496992153,-0.2394592354267421
Pde8b,-0.07526990505331516,0.06943465608436057,0.05814238277730019
Pdgfa,0.46321233980354887,-0.20885629649537754,-0.11914147222284924
Pdgfb,-0.10904055441875343,0.44925276096842437,0.42716166768756386
Pdgfra,0.04149925568787688,-0.3232112600982958,-0.31406969193865336
Pdgfrb,0.3775256175330339,-0.3236412965190799,-0.24450048248835773
Pdia3,0.34308291544390523,-0.3654101963067457,-0.29239232957370614
Pdpk1,-0.5208408608599933,0.04340897883175332,-0.035456771000029884
Pdpn,0.25033963957464195,-0.29870761706803106,-0.25172626994334013
Pdxk,-0.4937907387314581,0.46714919180063846,0.33389859704767477
Pecam1,0.25571606136416447,0.11446662581754058,0.14501987380580944
Peg3,-0.5762852105644442,0.20535790086432326,0.08637336632234768
Per1,0.2357224928343776,0.1396198604556582,0.16703331930819768
Per2,0.15490815281061734,0.1465534628459545,0.16484877891483088
Per3,-0.011592909483657914,0.538857572554737,0.5320196065691688
Pfkl,0.4242332818295107,0.40046724643162535,0.41791938140793516
Pfkp,-0.07090156234932812,0.1700127290979274,0.15812711616601005
Pgam5,-0.22076931973226813,-0.09150718039482672,-0.11897343065412873
Pgf,0.6055195040449728,-0.5189924173440595,-0.3251604354742077
Pgk1,-0.05830057378013473,-0.3553897231456867,-0.359440915493194
Phb,-0.2879745921012995,-0.12005742980278684,-0.15375803537927651
Phb2,0.4423787053691491,-0.40047560335062704,-0.2944088283983524
Phc1,0.18767072309052016,-0.15611493535034804,-0.12586313497167007
Phc2,0.4657325375173875,-0.5042746767460601,-0.37742136334628973
Phf10,0.07779010276715383,-0.027593763425130282,-0.01646807373461104
Phtf1,0.0304103857469867,-0.018854985924064087,-0.01445157490996479
Pi4ka,-0.3366984145688473,0.30806495896422154,0.24063552640778577
Pias1,-0.30091160703233805,-0.027742341782950163,-0.0678887937630904
Pias2,-0.26428473359121596,0.28041652430233227,0.23122519855943663
Picalm,0.4138164646123108,-0.1893969946183232,-0.11342805888635153
Pik3c3,-0.39550302789174974,0.5060157688549757,0.40548430532261664
Pik3ca,-0.3449310604340536,-0.037172477164318055,-0.08234036867305519
Pik3cd,0.6483628651802303,-0.48931572759564235,-0.27911704564478507
Pik3r1,-0.20027171165971355,-0.06163564035583452,-0.08754965730339134
Pik3r2,-0.527729401277819,0.484429529336792,0.33440272175383634
Pink1,-0.7454744837534807,0.4800079248252718,0.21358083384378193
Pip4k2c,0.2271538206073261,-0.06503575707720054,-0.03125573178201687
Pip4p1,-0.5312576780771932,0.4205800928924031,0.27928508721350553
Pip5k1c,0.14885967829740454,-0.32580096170303885,-0.2984418260476449
Pisd,0.458339957556794,-0.05801129124110915,0.012435076085318538
Pitpnm1,-0.38979057974038206,-0.11638212125886235,-0.16014361499065632
Pitrm1,-0.14029100607035302,0.3150956367625095,0.2895356229054573
Pja2,-0.5408344293897801,0.07400827924181717,-0.01327528392892114
Pkd1,0.2941910797954349,0.2781007479709909,0.3039871978154221
Pkd2,0.29183889526251877,0.39070702331746754,0.4105255523842323
Pkig,0.20900839706768762,-0.16992011241242974,-0.13560954595746028
Pkm,0.14902769147832712,-0.3779976166396284,-0.3495264629386832
Pkn1,0.11895333209318555,0.056553400156169886,0.07208983298110343
Pkp4,-0.6119040049200307,0.09170382747411432,-0.0129392007914801
Pla2g4a,0.24378712551866136,-0.21554329830196564,-0.17325085735085693
Pla2r1,-0.08014228730006993,0.16496035957063593,0.15174153655463027
Plcb4,0.061828850579508876,0.31145005512539853,0.3164222739007406
Plcg1,0.2264817678836358,0.31710136213920337,0.33725942842208523
Plcg2,0.15574821871523023,0.13288395547219795,0.15157349498590977
Pld1,0.241938980528513,0.2671255112728897,0.2902077891803394
Pld2,-0.037466939345735,0.12461202763286133,0.11813322281052613
Plec,0.5845178564296505,0.03620145017336049,0.11006722751194112
Plekha1,0.03629084707927695,0.08813455387383946,0.09225482122756591
Plekha2,0.4494352589678974,-0.054422902195685595,0.014115491772523745
Plekha5,-0.6234969144036887,0.3867481923899209,0.21307670913762036
Plekhg2,0.5944306341040827,0.08544354431111156,0.15039720400486611
Plin2,0.5362980735048705,-0.36269093775916944,-0.2288726165973493
Plin4,0.2767177089794867,0.2593619826928239,0.2851665421187238
Plk2,-0.3686209189441372,0.36942553614207135,0.28903149819929574
Pllp,-0.3815579338751757,0.1352076832900759,0.07091354200005977
Pln,0.004200329523064462,0.4921608890300385,0.48799271556439233
Plod1,0.00655251405598056,0.125495995742349,0.12519096869678797
Plod3,0.6784372245653719,-0.25875011031238926,-0.09427132005221217
Plpp3,-0.22211342517964872,0.4048014822750881,0.36011308176807605
Pltp,-0.5626761429097153,0.6493950913103256,0.45371223554540613
Plxdc2,-0.26495678631490627,0.10970395813465127,0.06805683533181092
Plxna2,0.12668193841562417,-0.15265694917610126,-0.1324167561517704
Plxnb2,0.34560311315774395,0.03889028431846746,0.08402078436026039
Plxnd1,0.20632018617292636,-0.04978469877928035,-0.019660863540300933
Pml,0.35618794355586636,-0.46752335620267144,-0.3833028182515079
Pmp22,-0.46858876159307133,0.185215753442473,0.09712802672046102
Pnkd,-0.5863660014197989,-0.09375475412168895,-0.15644670047880485
Pnpla2,0.38928654019761433,-0.16356551475640518,-0.0952795694645353
Podxl,0.09643956584956005,-0.33523497626864074,-0.3170944401756227
Polg,-0.01848144990148363,0.2948206894894575,0.2893675813367368
Polr2a,0.11962538481687587,-0.04590877194507296,-0.028567066682488533
Polr2b,-0.1209694902642565,0.11276959422062496,0.09410327848349163
Polr2e,0.20077575120248128,0.31479535910796524,0.33322643077279274
Polr2f,0.3257775578088797,-0.4602605598009145,-0.38582344178231576
Polr2j,-0.10215201400092772,0.052572443381050236,0.03764131139339665
Por,-0.27587764307487384,0.22479805641300224,0.17577148088166475
Pou6f1,-0.3459391395195891,0.0987766287786528,0.043858849436055926
Ppargc1b,-0.08602274863236019,0.43120865836265787,0.4135503006212017
Ppfibp1,0.20480806754462316,-0.2253317959805862,-0.190055014222909
Ppm1h,-0.30007154112772516,-0.2678109161016637,-0.29457686996707294
Ppp1cc,-0.20564813344923605,-0.20536587718577032,-0.22752828404758513
Ppp1r10,0.08031030048099251,-0.06336031381847185,-0.05142072002847936
Ppp1r16b,-0.4687567747739939,0.20735132140079218,0.11645280712332091
Ppp1r1b,-0.5754451446598312,0.2828670567837232,0.14938895459254298
Ppp1r2,-0.2767177089794867,0.2417512453098471,0.19173542991011422
Ppp1r7,-0.39214276427329814,-0.13478044317303922,-0.1771158134314289
Ppp2ca,-0.44069857355992337,0.13823668762428623,0.06183929728915165
Ppp2r1a,-0.17557377406409452,-0.13413589270412274,-0.1551023679290407
Ppp2r2b,-0.5710768019558442,0.09194082422612997,-0.004369080786733541
Ppp2r5c,-0.08703082771789565,-0.05182107680251776,-0.06318362983891582
Ppp3cb,-0.41348043825046565,0.2975852768812697,0.21106021031297412
Ppp3r1,-0.3793737625231822,0.10998889242103997,0.04822793022278947
Ppp4r3a,0.275037577170261,0.24712246197230747,0.2734036323082873
Ppp5c,-0.46959684067860685,0.12398815422016181,0.043354724729894364
Ppp6c,-0.1997676721169458,0.03700476294806216,0.00823403686730552
Ppp6r3,-0.09979982946801161,0.016418033395483544,0.0023525819620872908
Ppt1,-0.457163865290336,0.2205234349126007,0.1309043820332857
Praf2,0.06300494284596693,-0.1558944577649971,-0.14535595694325049
Preb,0.38928654019761433,-0.06427701734441517,-0.0047051639241745815
Prelp,-0.543690653465464,0.40600221747336374,0.26214484720401243
Prep,0.029234293480528657,-0.34138501489556466,-0.33389859704767477
Prkaa1,-0.332834111407628,-0.05426977420942561,-0.09679194358301998
Prkab1,0.16952529955088166,0.0522087281634945,0.0744424149431907
Prkaca,-0.4963109364452968,0.04283626659622174,-0.03192789805689895
Prkacb,-0.514960399527703,0.2603999793161175,0.14972503772998402
Prkar1a,0.20514409390646832,0.1828782856273862,0.20568288011391744
Prkar2b,0.23219421603500345,0.16931224126815325,0.19526430285324517
Prkcd,0.6434904829334755,0.05441833073834101,0.13040025732712412
Prkce,-0.4581719443758715,0.016173656827722663,-0.04923617963511259
Prkci,-0.3815579338751757,0.3721905853771789,0.28785520721825214
Prkd3,-0.06905341735917975,0.00849211930835871,-0.0011762909810436454
Prmt5,-0.19808754030772002,-0.20317554387283562,-0.22467157737933627
Prom1,-0.2449632177851194,0.34546118685268057,0.2977696597727628
Prpf19,-0.39533501471082716,0.17510595490517106,0.10452185574416392
Prpf31,0.08669480135605048,-0.19867249882754365,-0.18400551774897025
Prpf4b,-0.051244020181386435,0.21071907612253468,0.2013137993271839
Prpf8,-0.4929506728268453,0.15082745644845869,0.06167125572043113
Prpsap2,-0.3088082265356992,0.25985089927348776,0.201985965602066
Prr5l,-0.31015233198307984,0.20144862195455318,0.14670028949301467
Prrc2b,-0.2676449972096675,0.3053002184780383,0.254246893474148
Prrx1,0.48337392151425823,0.19023926523269563,0.2318973648343187
Psd2,-0.6085437413015793,0.4399952386790275,0.26147268092913034
Psen1,0.1145849893891985,-0.19650276599612762,-0.17745189656886995
Psma4,0.17658185314962996,-0.4195162237681381,-0.3844791092325516
Psmb6,0.5734289864887603,-0.18738402331649878,-0.07259395768726498
Psmb8,0.6802853695555202,-0.6652958646414378,-0.3886801484505646
Psmc2,0.1880067494523653,-0.4959887784581727,-0.4564009006449345
Psmd1,-0.047379717020167134,-0.10242037318236934,-0.10788268711857434
Psmd12,0.3198970964765894,-0.011592344408412744,0.03344027217538364
Psmd13,0.0725816941585539,-0.216373241916459,-0.2036663812892712
Psmd14,0.2810860516834738,-0.4946562594866823,-0.43119466533685635
Psmd3,0.18347039356745568,-0.3475036185883134,-0.3128934009576097
Psmd5,-0.02318581896731583,-0.17785057705664803,-0.1793003538247957
Psmd6,0.05359620471430253,-0.2703774047291889,-0.25996030681064564
Psmd9,0.10568029080030186,-0.2404435702647841,-0.22215095384852848
Ptar1,-0.5080718591098773,0.10241261323321706,0.0169721984407726
Ptbp1,0.3704690639342855,-0.3106264744610492,-0.2344179883651265
Ptch1,-0.6461786938282368,0.4657157760600003,0.2624809303414535
Pten,0.10618433034306961,-0.029613384517500556,-0.01445157490996479
Ptgds,-0.25470798227862895,0.48287704975369244,0.42716166768756386
Pth1r,0.21102455523875857,0.2296599844969614,0.2515582283746196
Ptk2,-0.21068852887691342,0.034314855594292974,0.004032997649292499
Ptp4a1,-0.14381928286972717,-0.16038946113159785,-0.1771158134314289
Ptpa,-0.37298926164812424,-0.01801316403640926,-0.06822487690053144
Ptpn1,0.47833352608658086,-0.5151799863715624,-0.3817904441330232
Ptpn11,-0.42608142681965905,-0.027707378323037258,-0.08385274279153988
Ptpn23,0.15390007372508188,0.020971160616060507,0.04184235061140967
Ptpra,-0.37248522210535645,0.17937644479387554,0.11326001731763101
Ptprk,-0.438850428569775,0.3823483695006717,0.27945312878222606
Ptprn2,-0.21320872659075207,0.23719527433880616,0.19996946677741972
Ptprz1,-0.8027669784480799,0.23982740111310424,0.030415523938414263
Pygb,-0.5519232993306703,0.39332284755936403,0.24836543856892973
Qdpr,-0.5925824891139342,0.5252545999648888,0.3369233452846442
Qsox1,0.6460106806473143,-0.18485014433499541,-0.050244429047435715
Rab10,-0.4319618881519493,-0.12188944988105815,-0.16871373499540288
Rab11a,-0.31351259560153144,0.048685999049581145,0.0023525819620872908
Rab1a,-0.07594195777700546,-0.18521070439249854,-0.19341584559731942
Rab21,-0.38206197341794346,-0.27633186149136196,-0.30583565507134786
Rab23,-0.40171951558588515,0.13195783197460945,0.06402383768251843
Rab28,-0.3815579338751757,-0.2737759773219036,-0.30348307310926054
Rab29,0.5171445708796966,0.20015938810601747,0.24130769268266786
Rab3a,-0.6757490136706106,0.0274155133936271,-0.0736022070995881
Rab3gap2,0.4007114365003496,-0.06340285771250737,-0.0020164988246462495
Rab43,0.47194902521152293,-0.2735019416077471,-0.17341889891957746
Rab5a,-0.4684207484121488,-0.11001122931990685,-0.16115186440297943
Rab5b,-0.29973551476588,-0.012074918287316569,-0.052933094146964045
Rab5c,0.35467582492756317,-0.3145701253585314,-0.24214790052627047
Rab6a,-0.5880461332290247,-0.011160988970842846,-0.09040636397164017
Rab7,0.2577322195352354,-0.06383085055703587,-0.02537427687679864
Rab8a,0.21001647615322308,0.20042357392711363,0.22315920326085162
Rabep1,-0.6135841367292566,0.6171113138189012,0.3975863515927522
Rac1,0.016801318092257846,-0.37688220297331143,-0.37086774216618934
Rad23b,-0.07779010276715383,-0.3618088556522519,-0.3680110354979405
Rae1,0.2177450824756617,0.15585338432203555,0.18081272794328035
Raf1,0.3504754954044987,0.004540240169089165,0.05276505257824353
Rai14,0.4306177827045687,-0.42826908528367075,-0.3231439366495615
Rala,-0.48169378970503246,-0.12389452785248133,-0.17425910676318007
Ranbp1,-0.13558663700452084,0.10734192302042271,0.0865414078910682
Ranbp2,-0.006384500875057982,-0.052726134775297986,-0.05310113571568456
Rangap1,0.10551227761937929,-0.19980563825925884,-0.18215706049304453
Rap1a,0.057460507875521837,-0.006351626025883681,0.0016804156872052079
Rap1gap,-0.365092642144763,-0.14507987994537488,-0.18434160088641133
Rap2a,0.26714095766689977,-0.2159117998243681,-0.1690498181328439
Rapgef1,0.13709875563282403,-0.2425586327379604,-0.2189581640428386
Rapgef3,-0.048219782924780026,0.03665117693563675,0.02957531609481166
Rara,0.03158647801344475,-0.22850711677754865,-0.22181487071108744
Rarg,-0.05141203336230901,0.38829245719792554,0.3769172386401281
Rasgrf1,-0.6991028458188491,0.16358697399148858,0.01898869726541885
Rb1,0.13793882153743692,0.023175612901660664,0.04184235061140967
Rbbp4,-0.08501466954682471,-0.1592101574991104,-0.1688817765641234
Rbbp7,0.0640130219315024,-0.01764426390381162,-0.00857012000474656
Rbck1,-0.01881747626332879,0.32219250300969854,0.3164222739007406
Rbfox2,0.04082720296418657,0.21623793534273553,0.21963033031772067
Rbms1,0.07610997095792804,-0.01833538472834208,-0.007561870592423435
Rbp1,0.16717311501796558,0.3302899218718259,0.34566150685811126
Rbpj,0.21640097702828107,-0.14883974243262468,-0.1139321835925131
Rcan1,0.1179452530076501,-0.21858362905279655,-0.19862513422765557
Rcn2,-0.5720848810413797,0.37809272695922025,0.2278643671850262
Rcor1,0.2580682458970805,-0.08531189786928357,-0.04587534826070218
Rdx,-0.19086297352804912,0.20091868367883928,0.1688817765641234
Rela,0.09963181628708903,-0.24438766490870714,-0.2270241593414236
Retreg3,-0.05863660014197989,-0.023907798352415598,-0.031759856488178424
Rev1,-0.09022307815542464,0.29906891153692916,0.28247787701919547
Rgcc,-0.5082398722907999,0.37690222802912365,0.2510541036684581
Rgmb,-0.5057196745769612,0.4389811145275816,0.30499544722774524
Rgs3,-0.08904698588896659,0.2506616402694423,0.23492211307128807
Rgs6,-0.5329378098864189,0.16791517389294666,0.06688054435076728
Rheb,-0.49127054101761947,0.18019853155318283,0.0873816157346708
Rhoa,0.4359942044940911,-0.21011855155820983,-0.1268713843839932
Rhoc,0.41583262278338173,-0.36863605577887626,-0.27441188172061043
Rhog,0.4007114365003496,-0.3500868588841681,-0.26214484720401243
Rhoj,0.3823979997797886,-0.3265490354652869,-0.24584481503812192
Rhot2,-0.2631086413247579,0.024255225432910758,-0.01327528392892114
Ric8a,-0.014281120378419172,-0.03957735286318357,-0.041170184336527596
Ric8b,-0.28948671072960275,0.215497376583062,0.16417661263994882
Rictor,-0.1520519287349335,0.022893521461668037,0.0013443325497641664
Rif1,-0.3419068231774472,0.26558021916670704,0.19980142520869923
Ring1,0.08619076181328277,0.048699311478270446,0.059990840033225926
Riok3,0.01999356852978684,-0.04013393825475103,-0.036969145118514575
Rlim,-0.0241938980528513,0.010174469963701747,0.0067216627488208315
Rnase4,0.7395940224211904,-0.0029587856805718474,0.10048885809487143
Rnaset2a,0.01310502811196112,0.06315878516207686,0.06435992081995946
Rnd2,-0.514960399527703,0.1925062422686863,0.09208677965884539
Rnf10,0.12516981978732097,-0.10521193237097222,-0.08603728318490665
Rnf13,-0.5450347589128445,-0.004586357873402938,-0.07931562043608581
Rnf130,0.02738614849038029,0.46618153891531805,0.4653071037871221
Rnf14,-0.259076324982616,-0.201396933163364,-0.22853653345990826
Rnf19a,0.19909561939325549,0.0654244708959048,0.09107853024652227
Rnf220,-0.38676634248377567,0.0779885221123709,0.017644364715654684
Rnh1,0.633745718439966,-0.2663968597340461,-0.11628476555460038
Rock1,-0.10164797445815997,0.5437149763835342,0.5216010293084965
Rock2,-0.15037179692570773,-0.08581983464507603,-0.10485793888160498
Rora,-0.5877101068671795,0.2647745531040051,0.13073634046456517
Rp2,0.08484665636590212,-0.0698110058170013,-0.057134133364977066
Rpa1,0.18347039356745568,0.15409435803760047,0.1754353977442237
Rph3a,-0.6468507465519271,-0.07491888642859625,-0.14619616478685307
Rpn1,0.13071425475776605,-0.2164593992540792,-0.19442409500964256
Rptor,-0.1318903470242241,0.10060406249124931,0.08049191141712946
Rsbn1,-0.25117970547925483,0.17531130752977456,0.13325696399537298
Rsf1,-0.31200047697322825,0.25131918449074214,0.1932478040285989
Rsrp1,0.24798745504172584,0.16175938962075154,0.18955088951674745
Rtcb,0.028730253937760918,-0.27324062007037986,-0.26651392799074597
Rtn3,-0.35333171948018255,-0.0335014124007454,-0.0799877867109679
Rtn4,0.5186566895079998,0.047710930918367374,0.1122517679053079
Rubcn,-0.28831061846314465,0.3784489861415446,0.31894289743154847
Ruvbl1,-0.07627798413885063,-0.1203322187282901,-0.12939200791480102
Ruvbl2,-0.1429792169651143,-0.38301647738710587,-0.39523376963066487
Rxra,-0.2552120218213967,0.4684507568841289,0.41321421748376064
Rxrb,-0.2014478039261716,0.4899052151761549,0.4473266559340264
Ryk,-0.2471473891371129,0.2356548815157845,0.19190347147883474
S100a1,-0.03158647801344475,0.3188207310144852,0.3112129852704045
S100a10,0.5018553714157419,0.11049485750301462,0.16417661263994882
S100b,-0.8130157824843572,0.1422914621224832,-0.030583565507134786
S1pr1,0.24361911233773875,0.09275003020470962,0.1228383867347007
S1pr3,-0.15272398145862384,0.12978338694658112,0.10586618829392809
Sacm1l,-0.27906989351240286,-0.27439912925535564,-0.29961811702868857
Sall1,-0.34005867818729885,0.24346431364501472,0.17963643696223672
Samd8,-0.03141846483252217,0.12560690264592037,0.11998168006645185
Samhd1,0.5299135726298125,-0.617219479020234,-0.444974073971939
Sap130,0.0,-0.06973754504826357,-0.06906508474413404
Saraf,-0.15390007372508188,0.3757102818658894,0.34633367313299335
Sardh,-0.04771574338201228,0.337931237752709,0.32768105900501554
Sart3,0.09694360539232778,0.2729528642505408,0.28247787701919547
Scarb1,0.05208408608599932,-0.4426008967804411,-0.4305224990619743
Scarb2,-0.2636126808675256,0.36117939087407575,0.30852432017087617
Scn4b,0.153060007820469,-0.17997444146113828,-0.15493432636032017
Scn8a,-0.5569636947583476,0.06091625882848841,-0.02705469256400385
Scrib,0.01629727854949011,-0.010765073776886673,-0.008402078436026039
Scrt1,-0.7311933633750616,-0.256738711022198,-0.2747479648580515
Sdc2,-0.060652758313050836,0.2201385184947207,0.20921175305704837
Sdcbp,0.5492350884359091,-0.4448299147055452,-0.29205624643626515
Sdha,-0.49446279145514843,0.3479931121296326,0.23105715699071608
Sdhb,-0.28411028894008017,0.24248949284067386,0.1908952220665116
Sdhc,-0.2358905060153002,0.20367218280933289,0.16333640479634623
Sec22b,-0.029066280299606076,0.15005220256034527,0.14451574909964787
Sec23a,-0.5210088740409159,-0.11479536353686133,-0.16921785970156444
Sec24c,0.3034318047461767,-0.11648762479488281,-0.0678887937630904
Sec61a1,0.3963430937963626,-0.13043274713412129,-0.06368775454507739
Sel1l,0.22765786015009382,-0.1700165825633782,-0.1324167561517704
Selenof,0.4785015392675035,-0.22965805115510768,-0.1334250055640935
Selenon,0.35467582492756317,0.04438855719611498,0.09023832240291967
Selenoo,-0.0967755922114052,0.15816664025505617,0.14249925027500163
Selenop,-0.11357691030366306,0.007622914493408581,-0.00823403686730552
Selenos,-0.1481876255737142,-0.11663998249235819,-0.1347693381138577
Sema3c,-0.23320229512053892,-0.0660864103266535,-0.09595173573941737
Sema3f,0.3770215779902661,-0.26798478128167946,-0.19358388716603997
Sema4d,0.0008400659046128923,-0.18862953252139414,-0.1866941828484986
Sema5a,-0.3279617291608732,0.45825785867616675,0.3833028182515079
Sema6a,-0.16431689094228175,0.0021443865625240597,-0.020669112952624056
Sema6c,0.029234293480528657,0.30553329724856604,0.30650782134622995
Sema6d,0.017137344454103004,0.031033798227047663,0.0331041890379426
Sept10,-0.06653321964534108,-0.01294942267314748,-0.022013445502388224
Sept11,0.408944082365556,-0.30477561709787904,-0.21879012247411805
Sept2,0.14583544104079812,-0.18681529081961187,-0.16283228009018463
Sept4,-0.23925076963375175,0.08497243291962464,0.04856401336023051
Sept5,0.024865950776541614,-0.38757892700296137,-0.38027807001453856
Sept6,-0.2992314752231123,0.19679826538678546,0.14451574909964787
Sept7,-0.3983592519674336,-0.21654571078387477,-0.2518943115120607
Sept8,0.17977410358715895,0.10656140042658761,0.12871984163991892
Sept9,0.2891506843677576,-0.3270923894721516,-0.2700428009338769
Serpina3n,0.8153679670172733,-0.20668312621620272,-0.005545371767777186
Serpine2,-0.38659832930285304,0.385944142905816,0.29894595075380653
Serping1,0.7424502464968743,-0.2054394146130666,-0.03344027217538364
Serpini1,0.24949957367002903,0.37344564976467504,0.3927131460998571
Sesn1,-0.3985272651483561,0.4256119699352419,0.331377973516867
Setbp1,-0.19724747440310714,0.19810772453120995,0.16501682048355143
Setd1a,0.11055267304705664,-0.05380235341678321,-0.03764131139339665
Setd1b,0.04385144022079299,0.3532436709511435,0.355575959412622
Setd5,-0.08820691998435369,-0.13598043142621088,-0.1463642063555736
Setx,-0.4238972554676655,-0.24439355029927817,-0.2779407546637414
Sez6l2,-0.39936733105296907,-0.09230821289567702,-0.13913841890059123
Sf1,-0.22664978106455835,-0.21604737558214393,-0.23979531856418315
Sf3a1,-0.08518268272774729,-0.15407996124414125,-0.16384052950250777
Sf3b6,-0.1162651211984243,-0.26823838609472817,-0.2799572534883876
Sfpq,0.12483379342547582,-0.03264950994062109,-0.01478765804740583
Sfxn1,0.16683708865612043,0.06185867187295669,0.08351665965409884
Sfxn3,0.241938980528513,-0.21377508449165888,-0.17190652480109278
Sgk1,0.575949184202599,-0.23533718077435511,-0.11073939378682321
Sgta,-0.0608207714939734,-0.06338305644587738,-0.07108158356878029
Sh3bp1,0.45565174666203284,-0.05635514500280173,0.013443325497641663
Sh3bp4,0.04637163793463166,0.050579392513317036,0.05646196709009498
Sh3bp5,0.08803890680343113,-0.02309476554108093,-0.01058661882939281
Sh3gl1,0.47329313065890355,0.02885553431672283,0.09074244710908122
Sh3gl2,-0.6718847105093914,0.03503160700936205,-0.06738466905692884
Shank3,-0.10685638306675992,-0.029848449628896406,-0.04419493257349697
Sharpin,0.3813899206942531,-0.3769095866114786,-0.2922242880049857
Shc1,0.5127762281757096,-0.21063272219084986,-0.10805072868729487
She,-0.10282406672461802,-0.004644898612008034,-0.018820655696698326
Shoc2,0.0772860632243861,0.1979754989932457,0.206187004820079
Siah2,-0.13777080835651434,0.14776990940418133,0.12586313497167007
Sin3a,-0.2535318900121709,0.2475048554040158,0.201985965602066
Sin3b,-0.16028457460013987,0.09130342398689882,0.0670485859194878
Sirpa,0.3131765692396863,0.17505839655002142,0.20803546207600473
Sirt2,-0.3909666720068401,0.13574164137125894,0.06956920945029561
Sirt7,0.34627516588143425,-0.009672131490542015,0.03898564394316083
Ska2,-0.24160295416666785,0.33680812971243423,0.2902077891803394
Skp1a,-0.5275613880968965,0.05311584691359661,-0.02839902511376801
Slc12a2,-0.1481876255737142,-0.016613502848461834,-0.03680110354979405
Slc12a5,-0.3995353442338916,0.12352808316169202,0.05679805022753602
Slc12a7,0.2325302423968486,-0.1799906617548472,-0.14115491772523747
Slc14a1,0.12752200432023705,0.19927916019352251,0.2134127922750614
Slc16a1,0.28847863164406723,-0.012197070196904695,0.02839902511376801
Slc16a2,-0.37181316938166614,0.6414782633304688,0.538237144611828
Slc19a1,-0.01747337081594816,0.3236936288112738,0.31810268958794585
Slc1a3,-0.31737689876275077,0.15650010294058697,0.10300948162567924
Slc20a2,0.026882108947612553,0.29718558113732674,0.29793770134148334
Slc22a5,-0.08719884089881823,0.1563407483334344,0.14216316713756058
Slc22a8,-0.41398447779323333,0.05989009812421753,-0.0033608313744104158
Slc25a20,0.4889183564847034,-0.09649193133804439,-0.015627865891008435
Slc25a22,0.03595482071743179,-0.33900484918817114,-0.33053776567326437
Slc25a28,0.14801961239279163,0.1307293260656527,0.1485487467489404
Slc2a1,0.23269825557777116,-0.08040159488665675,-0.04520318198582009
Slc2a4,0.4731251174779809,0.42543807689670565,0.43674003710463355
Slc30a10,-0.3847501843127047,0.4112608746324445,0.3226398119433999
Slc31a1,0.5349539680574898,-0.4074900564394393,-0.266850011128187
Slc32a1,-0.17523774770224934,-0.18794698263191842,-0.20753133736984317
Slc40a1,-0.5297455594488899,0.27262117624547055,0.15560649263520224
Slc6a11,-0.7619397754838934,0.4273484399501052,0.16854569342668235
Slc6a8,0.09660757903048263,0.26668355127305987,0.2762603389765362
Slc6a9,-0.4529635357672716,0.40109107352175766,0.29138408016138306
Slc8a1,-0.6278652571076758,0.17126980052657226,0.04503514041709957
Slc9a1,0.1959033689557265,0.047322673104417366,0.07309808239342654
Slc9a3r1,-0.17742191905424287,-0.08943579003653862,-0.11174764319914632
Slc9a3r2,-0.27201333991365456,0.37297496931494695,0.3177666064505048
Slc9a8,0.17204549726472038,0.09217958769046096,0.11376414202379256
Slco3a1,-0.004872382246754776,0.4722215806779886,0.4669875194743273
Slit3,0.09274327586926331,0.25911864718802463,0.26836238524667166
Slk,0.3531637062992599,-0.2131315656239084,-0.1485487467489404
Smad1,0.04065918978326399,-0.19707740806540341,-0.18938284794802693
Smad2,0.1280260438630048,-0.053985605600758914,-0.03528872943130937
Smad4,-0.18582257810037178,0.035952385906266926,0.009242286279628644
Smad5,-0.2263137547027132,0.044346766428492765,0.011426826672995414
Smad6,0.12432975388270807,-0.15621266307044315,-0.13628171223234234
Smad7,0.06989348326379265,0.17168889912922203,0.1793003538247957
Smap1,-0.22295349108426166,-0.3664276048008402,-0.3846471508012721
Smap2,0.09341532859295364,-0.05573060633145271,-0.042010392180130196
Smarca2,-0.22429759653164227,0.016177899152781755,-0.015459824322287912
Smarca4,-0.005376421789522512,-0.22254701776786182,-0.22114270443620537
Smarcb1,0.371477143019821,0.04436323446717731,0.09225482122756591
Smarcc1,-0.1179452530076501,-0.39091102894651764,-0.40077914139844206
Smarcc2,-0.4905984882939291,0.23356079990434753,0.13359304713281403
Smarcd1,-0.00873668540797408,-0.136222018174847,-0.13611367066362184
Smarcd2,0.051244020181386435,0.11532084209182067,0.12115797104749548
Smarcd3,-0.1241617407017855,0.39319295635832513,0.36918732647898417
Smc1a,-0.506559740481574,-0.21753375507597905,-0.25592730916135314
Smc3,-0.443218771273762,-0.2037846072341838,-0.24231594209499097
Smc5,0.01747337081594816,0.18592638409502937,0.18652614127977807
Smdt1,-0.36257244443092435,-0.24180006587709435,-0.2734036323082873
Smg9,0.5606599847386443,0.04503594449674104,0.11460434986739516
Smim7,-0.2271538206073261,0.2394423413121055,0.19946534207125818
Smo,-0.030914425289754438,0.18885444214538985,0.1826611851992061
Smpd1,-0.32040113601935716,0.1841620108372638,0.12838375850247788
Smtn,-0.15826841642906891,0.5233462633171448,0.48984117282031814
Smurf1,0.1280260438630048,-0.04457589639559887,-0.026046443151680723
Smurf2,-0.16498894366597208,0.08378472635956417,0.05898259062090279
Smyd2,-0.037802965707580155,-0.020687381012181767,-0.02571036001423968
Snai1,0.3630764839736921,-0.2571914674060871,-0.18703026598593964
Snap25,-0.7036392017037587,-0.09454032131303342,-0.1640085710712283
Snapin,-0.28898267118683496,-0.007046478799478892,-0.046715556104304785
Sncb,-0.6023272536074438,0.008623854940619033,-0.07662695533655749
Sncg,-0.05275613880968964,0.26650949986399197,0.2562633922987942
Snf8,-0.14482736195526263,-0.036629579260600974,-0.05595784238393342
Snrk,-0.05258812562876706,0.30845207001241254,0.2977696597727628
Snrpa,-0.056956468332754105,-0.1582342818077919,-0.16434465420866934
Snrpn,-0.6579396164928173,-0.00914350489707363,-0.09796823456406362
Snta1,-0.007896619503361188,0.038604605829465476,0.0371371866872351
Sntb1,-0.13071425475776605,0.3381443081127391,0.31390165036993284
Snx27,-0.5189927158698449,-0.026824311494066375,-0.0946074031896532
Snx5,-0.07963824775730219,-0.010441976748549499,-0.02134127922750614
Snx6,-0.09408738131664394,-0.19385690796535626,-0.20417050599543277
Sod1,-0.25252381092663545,0.210641214317671,0.16686527773947715
Sod2,-0.21572892430459076,-0.39726273171366167,-0.4140544253273632
Sorbs1,0.0991277767443213,-0.26868845740903696,-0.2510541036684581
Sorl1,-0.3630764839736921,0.5895324865037725,0.49370612890089005
Sort1,-0.18515052537668147,0.5225891881096693,0.4829514685027767
Sos1,-0.42624944000058157,0.057660951027781696,-0.007393829023702915
Sox13,-0.014617146740264328,0.25709781953157096,0.25256647778694274
Sox17,0.16112464050475275,0.2718404211062118,0.28802324878697266
Sox18,0.1544041132678496,0.00012126041340094862,0.021509320796226663
Sox9,-0.31200047697322825,0.3248993878988787,0.2624809303414535
Sp1,-0.14012299288943045,0.20350348194688578,0.18014056166839829
Sp3,-0.0967755922114052,-0.11800757370695925,-0.12972809105224206
Spag9,-0.4748052492872068,0.3444177653921556,0.2344179883651265
Spast,0.09593552630679231,0.23147453815420924,0.24147573425138835
Speg,0.2745335376274932,0.32285910589399464,0.34549346528939073
Spi1,0.5883821595908698,-0.5485524630127634,-0.3577604998059888
Spon1,0.1927111185181975,0.1335150823528723,0.15644670047880485
Spop,-0.28948671072960275,-0.12077998087218363,-0.15459824322287913
Spred1,-0.6058555304068179,-0.027410408556176113,-0.10553010515648706
Spry1,0.47698942063920025,0.12852827845383172,0.17795602127503152
Spry2,-0.38659832930285304,-0.05156674949131573,-0.10065689966359195
Spry4,0.32124120192397004,-0.007137922073912736,0.037809352962117175
Spsb1,0.41936089958275585,-0.21975196920629603,-0.13947450203803224
Spsb2,0.46220426071801335,-0.08209575896326131,-0.008065995298584998
Sptan1,0.30847220017385407,0.04168467146286632,0.08200428553561415
Sptb,-0.8054551893428412,0.10679964674021546,-0.04890009649767155
Sptlc2,0.01528919946395464,-0.39074640556020784,-0.3848151923699926
Sqstm1,0.04099521614510915,0.23421687326118085,0.2374427366020959
Sra1,0.36526065532568563,-0.2714260185493463,-0.1996333836399787
Srebf1,0.26260460178199013,0.42265467253579264,0.4402689100477645
Srebf2,-0.306120015640938,-0.428230615441205,-0.4461503649529827
Srf,0.2723493662754997,0.03411716295478299,0.07024137572517769
Srrm1,-0.0967755922114052,0.2722163619467773,0.25491905974903
Srsf1,0.0109208567599676,0.05769329382622092,0.05864650748346176
Srsf2,0.10349611944830833,-0.08381690239307377,-0.06822487690053144
Srsf4,0.17842999813977833,0.1129340091846483,0.1347693381138577
Ssr2,-0.07140560189209585,-0.5236270245108944,-0.5271464010762738
Ssrp1,0.03427468890820601,-0.3363727752229603,-0.3281851837111771
Stab1,-0.09627155266863746,0.16388400029068498,0.14821266361149935
Stag2,-0.5184886763270772,0.12708750818629597,0.03579285413747093
Stam2,0.18363840674837825,0.02427023359665519,0.04906813806639207
Stat1,0.5505791938832897,-0.6900481243138867,-0.4942102536070516
Stat2,0.3551798644703309,-0.563563885556173,-0.4725328912421045
Stat3,0.5371381394094834,-0.23974864503808752,-0.12586313497167007
Stat5b,-0.1154250552938114,0.19441965704967556,0.17526735617550318
Stat6,0.22177739881780356,0.17038505253002592,0.19526430285324517
Stim1,0.3655966816875308,0.1654522907026484,0.20316225658310963
Stim2,-0.05477229698076058,0.08142422746131868,0.07293004082470603
Stip1,-0.45548373348111026,-0.3424053149809215,-0.36498628726097115
Stk11,0.05208408608599932,-0.011543434943305078,-0.004201039218013019
Stk3,0.05813256059921215,-0.24388736902582406,-0.23307365581536232
Stk38,-0.20632018617292636,-0.014029700710357803,-0.04217843374885072
Stk38l,0.05594838924721863,0.36671772506722466,0.3703636174600278
Stk39,-0.4259134136387364,-0.015540954473631529,-0.07293004082470603
Stk4,-0.5265533090113609,-0.12352442395031771,-0.1769477718627084
Stmn2,-0.34073073091098915,-0.00164136806540472,-0.04873205492895103
Stmn4,-0.6950705294767071,0.30516869743552155,0.12098992947877496
Stom,0.2684850631142804,-0.06822885055159023,-0.027894900407606452
Strn3,-0.5431866139226962,0.07756525500634782,-0.010754660398113331
Stub1,-0.11676916074119205,0.08376036872083083,0.0662083780758852
Stxbp1,-0.6194645980615469,0.006635450101492731,-0.08065995298584998
Sufu,0.17523774770224934,0.2949729542471091,0.3118851515452866
Sulf2,0.22933799195931961,-0.11192838174427976,-0.07612283063039592
Sult1a1,-0.04082720296418657,-0.011775477961284066,-0.017308281578213642
Sumo1,-0.2143848188572101,0.05380759439403359,0.022349528639829266
Sumo3,0.06434904829334756,0.0686835523795741,0.076794996905278
Sun1,-0.3797097888850274,0.3989338173219866,0.3128934009576097
Supt16,-0.0608207714939734,0.07669070720756008,0.06738466905692884
Supt20,-0.043515413858947825,0.06180002196515797,0.055117634540330813
Supt5,-0.004032316342141883,0.20333059841840825,0.20080967462102234
Supt6,0.15121186283032062,-0.20935681624203925,-0.18400551774897025
Suz12,-0.32812974234179576,0.0708642959593134,0.02083715452134458
Sv2a,-0.03897905797403821,0.04315386735966869,0.037305228255955614
Svil,0.11576108165565657,0.30109209801939707,0.3122212346827276
Syn1,-0.676421066394301,0.082626724960034,-0.03344027217538364
Syn2,-0.5754451446598312,0.0036118084976955924,-0.076794996905278
Syncrip,0.008232645865206346,-0.29724933409633325,-0.29323253741730876
Syne1,-0.146675506945411,0.6523263341839471,0.6187290560289576
Synj2bp,-0.36055628625985336,0.139391375232368,0.07881149572992426
Synpo,0.2881426052822221,0.1253550101640528,0.15879928244089214
Synpo2,-0.304103857469867,0.5838038883827128,0.5086618285170164
Syp,-0.22261746472241647,-0.2131131022656327,-0.23660252875849327
Syt2,-0.3699650243915178,-0.26829190042072293,-0.2981057429102039
Tab1,0.025706016681154506,0.34877030344244375,0.3488542966638012
Taf15,-0.24798745504172584,0.042113820281843524,0.006049496473938749
Taf4,-0.11172876531351468,0.37258858720021587,0.35120687862588845
Tagln,0.23437838738699696,0.24763196269627938,0.2708830087774795
Tap1,0.5919104363902439,-0.7020716113613296,-0.47841434614732264
Tardbp,0.3529956931183374,-0.17537072630126063,-0.11359610045507204
Tbc1d1,0.3237613996378087,0.0703152664942539,0.11073939378682321
Tbck,-0.35635595673678894,0.15595548729983516,0.09494348632709425
Tbl1xr1,-0.12752200432023705,-0.03778490681863425,-0.054781551402889775
Tbpl1,0.18095019585361702,0.14851376645077205,0.16972198440772598
Tbx1,0.03326660982267054,0.1610410676252237,0.1640085710712283
Tbx18,-0.338378546378073,0.30039780189891585,0.23307365581536232
Tbx2,0.6322335998116628,-0.054581015469691706,0.045707306691981656
Tbx3,-0.0865267881751279,0.2700086054058986,0.2544149350428685
Tbxa2r,-0.0421713084115672,0.3673001184484529,0.35759245823726826
Tcaf1,-0.5529313784162058,0.4583611165440118,0.3016346158533348
Tceal5,-0.566372432890012,-0.038308702336818004,-0.10973114437450009
Tceal9,0.46657260342200046,-0.36269953207007244,-0.2530706024931043
Tcf12,-0.14583544104079812,0.44168119704751657,0.41254205120887855
Tcf3,-0.03057839892790928,0.043832891213208575,0.03915368551188134
Tcf7,-0.40928010872740117,0.3883765444336239,0.2942407868296319
Tcf7l1,-0.05326017835245738,0.19369204237592438,0.18417355931769078
Tcf7l2,-0.13777080835651434,-0.0288520684448671,-0.04738772237918686
Tcp1,-0.19422323714650072,-0.15790199815656425,-0.1803086032371188
Tead1,-0.0640130219315024,-0.07365993364278034,-0.08166820239817311
Tead3,0.718256348444023,-0.12392007642410098,0.014115491772523745
Tec,-0.2014478039261716,0.5777323437790713,0.5325237312753304
Tecr,-0.4255773872768912,-0.38422570673915446,-0.4032997649292499
Tek,-0.21052051569599084,0.16411801074863483,0.12972809105224206
Terf2,-0.255884074545087,0.35542286642556026,0.3048274056590247
Tet2,-0.23051408422577765,0.04272864717067967,0.009242286279628644
Tet3,-0.18699867036682985,0.09088171019648957,0.06251146356403374
Tfeb,0.11760922664580493,0.31798394900595905,0.3290253915547797
Tfpi,-0.32896980824640865,0.3304664972781026,0.2634891797537766
Tfrc,-0.5848538827914956,0.16612720851702684,0.05242896944080249
Tgfb1,0.09627155266863746,-0.4417493472597419,-0.42212042062594823
Tgfb1i1,0.3523236403946471,0.14513995617976716,0.18333335147408816
Tgfb2,-0.32644961053257,0.4597548615050319,0.3851512755074336
Tgfb3,-0.5077358327480321,0.32764898703218087,0.20921175305704837
Tgfbr2,0.3377064936543827,-0.30905402635756246,-0.24130769268266786
Tgfbr3,-0.19808754030772002,0.29502920873786737,0.25895205739832255
Tgm2,0.31351259560153144,-0.31367788535827934,-0.2515582283746196
Thap12,-0.4617002211752456,-0.16916676959983287,-0.2125725844314588
Thbd,0.3355223223023892,0.028888987554313083,0.07343416553086758
Thbs1,0.34207483635836977,0.1951949072962385,0.22904065816606983
Thbs2,-0.037802965707580155,0.3824156716119525,0.37322032412827666
Thra,-0.47094094612598747,0.08679517941456596,0.01058661882939281
Thrap3,0.015121186283032063,-0.18878232070382106,-0.18484572559257287
Thumpd1,-0.043179387497102664,0.10573962737079795,0.09864040083894571
Tie1,-0.013945094016574013,0.3696782976776487,0.36414607941736854
Timp4,-0.2957031984237381,-0.1396484780032306,-0.1730828157821364
Tjp1,-0.07594195777700546,0.3731142203324527,0.35792854137470925
Tjp2,-0.17977410358715895,-0.2664576949037032,-0.2844943758438417
Tlcd1,-0.6987668194570038,0.24551582926740662,0.07713108004271904
Tle1,0.19791952712679742,0.40000943902535635,0.4157348410145684
Tle4,-0.394998988348982,0.252045884577544,0.1745951899006211
Tln1,0.537306152590406,0.16397339894402627,0.21139629345041516
Tmem106b,-0.5688926306038506,0.25500949019831415,0.12888788320863945
Tmem109,0.05712448151367669,0.209708703256587,0.21526124953098716
Tmem176a,0.6229928748609209,-0.4120555442875054,-0.23290561424664183
Tmem259,-0.08316652455667634,0.22723302733207312,0.21274062600017934
Tmem63b,0.1646529173041269,0.19838969112845067,0.21660558208075129
Tmem94,-0.21270468704798437,0.2772099372232142,0.23878706915186004
Tnfrsf14,0.5786373950973602,-0.4277473410584692,-0.26533763700970237
Tnfrsf1a,0.47934160517211644,-0.4756427444678509,-0.34700583940787544
Tnfrsf1b,0.6930543713056362,-0.39975187973208676,-0.18938284794802693
Tnfsf12,-0.43750632312239435,0.5063995901731052,0.3903605641377698
Tnfsf13,-0.13995497970850787,0.39848745274919606,0.37137186687235096
Tnks2,-0.16818119410350105,-0.07528049714315424,-0.09679194358301998
Tnpo1,-0.07963824775730219,-0.16346828915608397,-0.17241064950725432
Tns2,-0.31065637152584763,0.3261576554132743,0.2639933044599382
Tnxb,-0.5937585813803924,0.30313170316581706,0.1593034071470537
Togaram1,-0.14146709833681106,0.280006382984628,0.25491905974903
Top2b,-0.1653249700278172,-0.0525946869522347,-0.0742743733744702
Tor1a,0.4282655981716525,0.04918207607806371,0.10334556476312029
Tpcn1,-0.6149282421766372,0.2375365856744341,0.10032081652615091
Tpi1,-0.49412676509330333,0.04925439215417462,-0.026046443151680723
Tppp,-0.6537392869697528,0.13183617316899596,0.00823403686730552
Tpr,-0.2752055903511835,0.04286750901882827,0.002688665099528333
Traf2,0.5230250322119868,-0.23992746390071373,-0.13006417418968308
Traf3,-0.19019092080435884,-0.1830645599820303,-0.20433854756415326
Trappc10,-0.2404268619002098,0.4634459027852769,0.4122059680714375
Trim2,-0.5808215664493538,0.3299296089653326,0.18551789186745496
Trim24,-0.13222637338606927,-0.019684053638085883,-0.03764131139339665
Trim27,0.36694078713491135,-0.1671732124274978,-0.10317752319439977
Trim28,0.4238972554676655,-0.08982487184506294,-0.0218454039336677
Trim33,-0.14197113787957882,0.06583050907900287,0.044867098848379056
Trim34a,0.20783230480122958,-0.03527267245116244,-0.005377330199056666
Trim65,-0.15927649551460438,0.4369516336051296,0.40514822218517565
Trp53,0.3813899206942531,-0.18583236170367037,-0.11729301496692351
Trp53bp1,-0.20043972484063613,0.46298623157690144,0.4214482543510661
Trpc3,-0.15826841642906891,0.15010191930513744,0.12485488555934696
Trpc4,0.15255596827770126,-0.044770957800251504,-0.022685611777270305
Trpm7,-0.23269825557777116,0.1142481972719201,0.07780324631760112
Trpv2,0.11290485757997273,0.3256438952535716,0.33608313744104157
Trrap,0.17053337863641715,0.0329606174328369,0.055789800815212905
Tsc1,-0.4170087150498398,0.047005313257858145,-0.015459824322287912
Tsc2,-0.12315366161625002,0.08831599968936021,0.06973725101901612
Tsc22d3,-0.043515413858947825,-0.0025688088827839823,-0.00857012000474656
Tsc22d4,0.03696289980296726,-0.2447531098054774,-0.23710665346465484
Tshz1,-0.21572892430459076,0.33795569726909114,0.2969294519291602
Tspyl2,-0.3713091298388984,0.18769711058921468,0.12115797104749548
Tssc4,0.6747409345850752,-0.2770899374210056,-0.109058978099618
Ttbk1,-0.5776293160118248,0.017088236985349,-0.0662083780758852
Ttyh1,-0.5825016982585796,0.3275751710941095,0.18299726833664715
Tubb2b,0.27755777488409966,-0.5580793275310533,-0.4925298379198464
Tubb3,-0.018985489444251366,-0.27736243818935713,-0.2772685883888593
Twf1,-0.006048474513212825,-0.10181079039143381,-0.10166514907591508
Twf2,0.27201333991365456,0.09517156747978006,0.12838375850247788
Txnip,0.03175449119436733,0.26598875226756985,0.26769021897178963
Ubac1,-0.39483097516805943,-0.015973786599862514,-0.06923312631285457
Ubap1,-0.23454640056791956,0.047540393512451005,0.01327528392892114
Ube2b,-0.19909561939325549,0.2772276186486218,0.24147573425138835
Ube2g1,-0.2661328785813643,-0.04323099967673866,-0.07813932945504216
Ube2g2,0.429273677257188,-0.3426531192877739,-0.24702110601916555
Ube2i,0.18867880217605562,-0.08095668771476308,-0.052597011009523006
Ube2m,0.12752200432023705,-0.3389209681088063,-0.315245982919697
Ube2r2,-0.029738333023296388,0.09311228032662967,0.0880537820095529
Ube3a,-0.5037035164058903,-0.10031595475144024,-0.15560649263520224
Ubr5,-0.04754773020108971,0.06339531457853229,0.05612588395265395
Ubr7,0.06703725918810881,-0.19442428822149846,-0.18282922676792662
Ubtf,-0.07711805004346352,0.13845834712188895,0.1260311765403906
Ubxn7,-0.4687567747739939,0.21541907228698534,0.12351055300958277
Uchl1,-0.33518629594054405,-0.4319899213097474,-0.44951119632739317
Ufd1,-0.14381928286972717,-0.17547796147670436,-0.19190347147883474
Ufl1,-0.1520519287349335,0.03285060545462313,0.011090743535554372
Ugt8a,-0.6646601437297204,-0.2323337485068922,-0.2639933044599382
Ulk1,-0.4790055788102712,0.18554544590382313,0.09494348632709425
Unc13b,-0.29167088208159625,-0.12426952088422195,-0.15812711616601005
Unc93b1,0.4126403723458527,-0.1907818990784528,-0.11494043300483622
Uri1,-0.32409742599965385,0.01402452904827367,-0.031759856488178424
Usp14,-0.012769001750115964,-0.10461026025135678,-0.10536206358776652
Usp2,0.14331524332695944,0.3982466243397178,0.4101894692467913
Usp22,-0.17053337863641715,0.2287835800252349,0.1996333836399787
Usp25,-0.01780939717779332,-0.36763414361362073,-0.36649866137945586
Usp32,-0.43246592769471703,-0.019659052278455363,-0.07746716318016009
Usp47,-0.04435547976356072,0.26216705535258183,0.25323864406182484
Usp54,0.2395867959955969,-0.3826577449111887,-0.3347388048912774
Usp7,-0.007896619503361188,0.03385348139018285,0.032432022763060515
Utrn,-0.4171767282307624,0.6280456510231917,0.5074855375359728
Vamp2,-0.35467582492756317,0.5851502040688337,0.49269787948856697
Vamp3,-0.18615860446221696,-0.055353899199347405,-0.07965170357352686
Vangl1,0.3425788759011375,0.09419904328443747,0.1351054212512987
Vat1,0.5176486104224642,0.18765437437022378,0.23072107385327506
Vcam1,-0.01629727854949011,-0.06067873693731197,-0.06234342199531322
Vcl,0.27352545854195776,0.4162275277073664,0.4343874551425463
Vcp,-0.04267534795433493,0.1603528099215723,0.1527497859669534
Vdac1,-0.5020233845966644,-0.06260921255629785,-0.12317446987214174
Vdac2,0.1801101299490041,-0.057353483669750814,-0.030919648644575824
Vegfb,-0.6955745690194749,0.06481607689551755,-0.050244429047435715
Virma,-0.06703725918810881,0.1044623998832693,0.09393523691477113
Vps25,0.4502753248725103,-0.2563944032125288,-0.16434465420866934
Vps26b,-0.3012476333941832,0.07106275544778316,0.02537427687679864
Vps28,0.2893186975486801,-0.31047198307555657,-0.254246893474148
Vps51,0.2795739330551706,0.29416077235036525,0.3184387727253869
Vps72,-0.1888468153569782,0.08633967279608025,0.05780629963985916
Vsir,0.1811182090345396,0.03755700269120284,0.06167125572043113
Vstm4,0.18447847265299117,0.11807116793744546,0.14048275145035538
Vtn,-0.2827661834926996,0.2319330095009016,0.18114881108072142
Vwa8,0.10904055441875343,0.3678667464255778,0.37725332177756915
Vwf,0.5613320374623346,-0.1686901065758956,-0.06049496473938748
Wapl,-0.24781944186080324,-0.03409865742306274,-0.0670485859194878
Washc2,-0.2842783021210028,0.07846652912383555,0.035120687862588845
Washc4,-0.2481554682226484,0.05387544342817759,0.017308281578213642
Washc5,0.4465790348922136,-0.5871520651186528,-0.45841739946958066
Wasl,-0.35333171948018255,0.202288529468309,0.13846625262570914
Wdr45,-0.041163229326031725,0.44763899519780026,0.4372441618107951
Wdr61,0.06972547008287007,-0.05706288926580931,-0.046715556104304785
Wdr82,-0.17641383996870738,0.18383421570035313,0.15476628479159965
Wdtc1,-0.4499392985106652,0.009108257453038312,-0.05427742669672821
Wiz,-0.20396800164001028,0.35342919610980433,0.3144057750760944
Wls,0.20363197527816512,0.4965513074982653,0.5096700779293396
Wrnip1,0.15406808690600446,0.008755233248836662,0.029911399232252698
Wtip,-0.08719884089881823,0.4247753302526961,0.40699667944110135
Wwox,0.435658178132246,0.21449011043764302,0.2515582283746196
Wwtr1,0.12516981978732097,-0.2069704760546992,-0.18602201657361653
Xiap,-0.3615643653453889,-0.07059730879771842,-0.11527651614227725
Xpo1,0.05729249469459925,-0.07821978784172103,-0.06940116788157508
Yars,-0.01209694902642565,-0.3794317426938694,-0.37742136334628973
Ybx3,0.016801318092257846,-0.3561785981441246,-0.35036667078228584
Ywhae,0.14869166511648194,-0.044712419108662145,-0.02318973648343187
Ywhag,-0.11424896302735338,-0.23566626690775977,-0.2476932722940476
Ywhaz,-0.10534426443845671,-0.27012868108374344,-0.2806294197632697
Yy1,-0.3721491957435113,0.1275649986514964,0.06570425336972363
Zbtb16,0.1880067494523653,-0.07774069568300172,-0.04957226277255363
Zbtb46,-0.21673700339012622,0.45723671379771536,0.412037926502717
Zbtb7a,-0.2733574453610352,0.36855545035178267,0.31322948409505075
Zc3h11a,0.16028457460013987,0.21553852221339534,0.23290561424664183
Zdhhc18,-0.24361911233773875,-0.013498242418816225,-0.046715556104304785
Zdhhc6,0.1560842450770754,-0.01660783176306685,0.005377330199056666
Zdhhc7,0.32208126782858293,-0.267324677127879,-0.2060189632513585
Zdhhc8,-0.015457212644877219,0.27995812719658675,0.2750840479954925
Zeb1,-0.36038827307893084,0.1588198882923663,0.09679194358301998
Zeb2,-0.07779010276715383,0.05788819795125527,0.04637947296686374
Zfand2a,0.0030242372566064127,-0.2914216791985267,-0.28819129035569313
Zfhx3,0.07291772052039906,0.5037372229877152,0.5076535791046932
Zfp106,-0.6013191745219084,-0.015557539850526336,-0.09561565260197633
Zfp148,-0.14969974420201743,0.21304121908984872,0.18787047382954225
Zfp24,0.05964467922751536,-0.23698188956306135,-0.22601590992910045
Zfp281,0.2143848188572101,-0.1663760585266063,-0.13124046517072674
Zfyve9,-0.5542754838635864,0.27071435511788994,0.1463642063555736
Zic1,-0.4191928864018333,0.46229169011765714,0.35759245823726826
Zic2,-0.17506973452132676,0.629095603833715,0.5891537399341459
Zic4,-0.010416817217199866,0.4227898955113242,0.41724721513305313
Zkscan1,-0.07610997095792804,0.10767532724815382,0.09578369417069685
Zmpste24,-0.09375135495479879,0.05134845046753525,0.03764131139339665
Zscan21,0.037802965707580155,0.5241416990536971,0.5239536112705838
Zyx,-0.02536999031930935,-0.05687467507559234,-0.059822798464505396
Zzef1,0.44053056037900074,0.23338783223068726,0.26853042681539224
