,rho_sev,rho_day_given_sev,rho_day_raw
A2m,0.8423252750731492,0.07014231372661708,0.5219875832304662
Aatf,0.4655569270018477,-0.2044404899777742,0.1245599956461312
Abca1,0.9009475066962945,0.26917530979192333,0.6203486130026878
Abca3,0.6680135465597654,-0.36726473365236917,0.16761209746232172
Abca7,0.10231678622819498,-0.45041455326380464,-0.30427570892154565
Abcb1a,-0.6230750188698744,0.3612143639076531,-0.13390582557775974
Abcc6,-0.3388271689836426,0.12466274000355138,-0.1023444982676699
Abcd3,-0.04835945367320462,0.42640549582957676,0.3177582176753704
Abcf1,0.2080544984397035,-0.40591768956524044,-0.20116515902013563
Abcg2,-0.5709836459421459,0.2744605040613795,-0.14999290988630068
Abhd17c,0.6610161979575332,-0.06217582325822027,0.3476342313912321
Abhd4,0.542838754897612,0.7585342144654784,0.8340770188161601
Abhd5,-0.5227796889045463,0.021488084843446272,-0.2900271485339808
Abi1,-0.2402423020099715,0.005936936765108973,-0.13543792884523984
Abl1,0.5123614143190006,0.46881333369102646,0.6258641847656162
Abraxas2,0.5619648410770466,0.03208560378267783,0.3493195449854602
Acaa2,-0.23308945677213416,0.6907393573820655,0.4096844137241757
Acaca,-0.6507534200075927,0.08999549655639157,-0.3240398410720387
Acacb,-0.25656944874851323,0.3654509232077038,0.13727645276621595
Ace,0.218317276389644,-0.4443578208037713,-0.22491275966607702
Ackr1,-0.06219865424206382,-0.8202114607208155,-0.7012436655256364
Acly,-0.3951169510727104,-0.6068986866025595,-0.6833180572961195
Acox1,0.3714814624607261,0.28783266035397276,0.4337384350236131
Acp2,0.8092044916892502,0.20883534254853306,0.571627729096821
Acsl1,-0.07588235817531787,0.4577391305960465,0.3264912063000069
Acsl4,0.1410354484938797,-0.6012532143349643,-0.40125784575303514
Acsl6,-0.6754773850688129,0.4331538920598087,-0.13451866688475178
Acss2,-0.914164720722733,-0.19867009754118084,-0.5985927466044706
Actl6a,0.41315456080290897,-0.44629496226807863,-0.08916841016734116
Actn1,0.218317276389644,-0.7039267707434584,-0.43067422848865294
Actr1a,-0.26185633435908867,-0.6424188135039426,-0.6563530397884699
Actr1b,-0.5590104050005485,-0.24634577312923742,-0.4919583591878565
Actr2,0.13061717390833405,-0.17868271935279337,-0.06771896442261992
Acvr1,-0.19841370703218358,0.41380630547663844,0.21372840581347236
Acvrl1,-0.5414392851771656,-0.038777009116136886,-0.3422718699550518
Adam10,0.4271492580073733,-0.25680321372735243,0.060518079065463505
Adamts1,-0.27740599791960463,-0.5542004002525625,-0.5943028574555264
Adar,-0.18628496945498113,-0.2581756876008062,-0.3146940111404102
Adarb1,-0.8446577246072268,0.15096086751523946,-0.4269971806467007
Adcy1,-0.5921311883844476,0.2682594222777137,-0.16975704203679381
Adcyap1r1,-0.05131388974970265,0.5453093140403021,0.4124421996056399
Add2,-0.7580460985751528,0.1173355177113483,-0.379961610335062
Adgra2,-0.17120179580128067,0.1002629559452075,-0.019610921823745135
Adgrb1,-0.7816815871871371,-0.11349644121048257,-0.5134078049325776
Adgre1,0.8759125483638638,0.5510486046950696,0.726829790092554
Adgre5,-0.4756642083161831,0.4457362099536378,0.04106036756846637
Adgrf5,-0.7648879505417798,0.08221250067308476,-0.40309636967401136
Adgrg1,-0.4002483400476807,0.1291851805189294,-0.13727645276621595
Adgrg6,-0.3145696938292378,0.6693231862160247,0.33261961936992723
Adgrl1,-0.7344106099631685,0.3851036180697669,-0.21602656071469248
Adgrl2,-0.19468178777765976,-0.17669466718048762,-0.2543291424016947
Adgrl3,-0.4577820952215897,-0.18739333107578485,-0.40233031804027125
Adh5,-0.06935149947990116,0.3204724581759923,0.2192439775764007
Adipor1,0.3308968405677795,-0.4028751393628209,-0.1158270070214947
Adora1,-0.07292792209881983,0.29816577467065675,0.19902021444566353
Aebp2,0.2679207031476899,0.04758765663404958,0.19350464268273518
Afap1l2,-0.22515912835627103,0.3782897008193168,0.1680717284425657
Afdn,-0.6619491777711641,0.47582041901116195,-0.09636929552449758
Afg3l2,-0.127662737831836,-0.06903396100926838,-0.1300755674090595
Agl,-0.5279110778795166,0.23799368720054745,-0.1437112864896323
Ago1,0.1879954324466379,0.34822862355193596,0.3874689163457144
Ago2,0.2851808296998626,0.003221961058717174,0.1688377800763058
Ago3,-0.5436162380756377,0.40211885430186467,-0.04289889148944248
Agpat3,-0.6799867875013628,0.5141096849943796,-0.09039409278132522
Agpat4,-0.4495407735345162,-0.45200954402615934,-0.5901661786333301
Agps,0.359663718154734,-0.4578813057424745,-0.13727645276621595
Agrn,-0.03483124637555574,0.17827142652160163,0.12440678531938319
Agt,-0.09500844435475247,0.6682008748973293,0.484910684157448
Ahi1,-0.7673758967114624,0.17362611653137003,-0.3571332716496087
Ahr,0.4915248651479094,0.08920185541514125,0.34977917596570424
Aida,-0.26636573679163833,-0.10312454672728699,-0.23609711351868162
Aif1,0.9020359831455305,-0.13583505815198613,0.4784758504340317
Aip,-0.5400398154567191,0.5032942307662344,0.029109962082121684
Akap9,0.20385608927836418,0.0550927817185397,0.16270936700638539
Akr1b3,0.4510957398905678,0.27954997255460823,0.46575939331394695
Akt1,0.44705282736483365,-0.1654894161777691,0.14049386962792412
Akt1s1,0.014305690475674678,-0.3601861029917816,-0.2842051561175564
Aldh1a2,0.45591613559432775,0.27876271688806287,0.46744470690817497
Aldh2,-0.3148806871004481,0.2898734639282833,0.0398346849544823
Aldh4a1,0.1195769127803677,0.6291625563155105,0.5771433008597494
Aldh9a1,-0.14896577690974286,0.8135282496906084,0.5665717883141368
Aldoa,-0.34831246375555736,-0.598820222426575,-0.6591108256699342
Aldoc,-0.32545445832159897,0.2774551358449416,0.023287969665697347
Alkbh5,-0.3747468918084345,0.4664002350342304,0.13268014296377567
Alpl,-0.4189079363202999,0.6087569256954012,0.2046889965353398
Ambra1,-0.23464442312818573,-0.1790424724501254,-0.27822995337438405
Amd1,-0.7589790783887838,0.1382581111251253,-0.36954330811619734
Amfr,0.2966875807346444,0.09195270172305225,0.24437047116307414
Anapc16,0.04851495030880978,0.14281885858233054,0.14417091746987634
Anapc2,0.4378785258641293,-0.1741127664493393,0.1282370434880834
Anapc4,0.06561958022537734,-0.026803270083054505,0.016546715288784958
Anapc5,0.07246143219200435,0.016292551616554466,0.05546213828277921
Angptl4,-0.05520130563983164,-0.3671975426901241,-0.33001504381521113
Ank,-0.1957702642268959,0.6764918296162782,0.4246990257454805
Ank1,-0.8249096518853714,0.16458990800451673,-0.4055477349019795
Ank2,-0.7030002895709263,0.4768927324181366,-0.13451866688475178
Ankle2,0.7703303327879604,0.08356397339862816,0.4925712004948484
Ankrd11,-0.1002953299653279,-0.03093682921056455,-0.08349962807766483
Ankrd13a,0.042606078155813715,-0.2052453554426314,-0.1417195522419082
Anp32e,-0.4095781381839903,0.44868622668067837,0.09361150964303341
Anxa2,0.07432739181926626,-0.6370019304726561,-0.47265385801760734
Anxa6,0.10122830977895886,-0.26473112869729265,-0.15489564034223693
Ap1b1,-0.6087693283941996,-0.22622150830568288,-0.5008445581392409
Ap1g1,-0.1803760973019851,-0.4819551096999311,-0.4902730455936284
Ap1s1,-0.09547493426156796,-0.2850795580692457,-0.28619689036528057
Ap2a1,-0.7462283542691608,-0.19160702935268534,-0.5388407191727472
Ap2a2,-0.4377230292285242,-0.4425628803637522,-0.5785221938004814
Ap2b1,-0.5717611291201716,-0.3493118194602586,-0.5662653676606407
Ap3b1,0.5913537052064218,0.025689143485743453,0.3617295814520489
Ap3m2,-0.1948372844132649,0.42319273009866637,0.22353386672534492
Ap3s2,-0.4388115056777603,0.43753339871589225,0.06342907527367567
Apaf1,0.5750265584678801,-0.4311136991726945,0.04887409423261482
Apba3,0.07557136490410754,-0.4119182006019741,-0.2895675175537368
Apc,-0.6918045318073548,0.3948300672464093,-0.17190198661126593
Apc2,-0.4397444854913912,-0.06068813693517141,-0.30075187140634135
Apip,-0.06375362059811542,-0.03974670981594062,-0.06940427801684801
Apln,-0.8561644756420085,0.3037973916244074,-0.3718414630174175
Aplp1,-0.7295902142594086,-0.014505371670393464,-0.4335852246968651
Aplp2,-0.6501314334651721,0.5768753125944642,-0.02313475933894934
Apmap,-0.5674072233232271,0.1475136633718588,-0.2322668553499814
Apobec1,0.7169949867753905,0.13895255045248334,0.4968610896437928
Apobec3,0.5123614143190006,-0.7233484585585164,-0.2057614688225759
Apod,0.2842478498862317,0.5573159315029587,0.5998184292184547
App,-0.5765815248239315,0.3730371572895772,-0.08870877918709713
Appbp2,-0.7995637002817304,-0.10653217297775697,-0.5183105353885139
Appl1,-0.530243527413594,0.05907078260820326,-0.2685777027892595
Appl2,-0.08521215631162743,0.583501083056368,0.4225540811710084
Aqp4,0.5372408760158263,0.6724076453049423,0.7740185707309407
Araf,-0.6557293123469579,0.34555918893168336,-0.17052309367053387
Arap1,0.8782449978979411,0.16040634455633812,0.5745387253050331
Arf2,-0.08598963948965323,-0.5472426850984075,-0.4930308314750925
Arfip2,-0.16949133280962392,-0.08569713776527979,-0.1674588871355737
Arhgap17,0.229979524060031,0.4041895707966474,0.4536557775008543
Arhgap31,-0.07230593555639919,0.20560875921175034,0.12440678531938319
Arhgap35,-0.6644371239408468,0.18988434822763994,-0.27225475063121174
Arhgap44,-0.7160620069617598,0.20668179961232758,-0.3004454507528454
Arhgef1,0.7558691456766806,-0.4204383274233095,0.21725224332867657
Arhgef11,-0.6050374091396757,0.259458525433368,-0.1850780747115947
Arhgef12,-0.6241634953191104,0.5313627230370357,-0.02681180718090155
Arhgef15,-0.692893008256591,-0.2648006115477963,-0.5592176926302324
Arhgef28,-0.5282220711507271,-0.15730532452301463,-0.4165788784278361
Arhgef3,-0.21396337059269951,0.08544313934998847,-0.05699424155025929
Arhgef7,0.5957076110033662,-0.5468509081527833,-0.009345829931628542
Arid1a,0.21505184704193564,0.551843892935275,0.5632011611256805
Arid1b,0.38500966975837503,0.3035559782455468,0.4521236742333741
Arid2,-0.39076304527576594,0.3439447977363244,0.029263172408869696
Arid5b,-0.40491323911583543,-0.28643544466723353,-0.448906257371666
Arnt,-0.004353905796944468,0.20833934695493375,0.16669283550183364
Arnt2,-0.6272734280312137,0.440511204215757,-0.08717667591961703
Arrb1,0.6415791185068883,-0.25999767342980573,0.21219630254599225
Arrb2,0.936556236249876,-0.08409651814428583,0.5222940038839622
Arrdc2,0.040118131986131164,-0.330664133697657,-0.24498331247006616
Arrdc3,-0.22251568555098333,-0.7742269581434214,-0.7429168744010949
Asap1,-0.7998746935529407,-0.04652274217495222,-0.48920057330639233
Asap2,-0.1803760973019851,-0.5743827175565521,-0.5641204230861686
Ascc2,0.3214115457958648,-0.06464452369561163,0.13773608374645996
Asf1a,-0.37707934134251186,0.04123152575574816,-0.18890833288029493
Ash1l,-0.5744045719254594,0.4821820146782429,-0.014401770714312832
Ash2l,0.5784474844511935,-0.3500799410570983,0.10540870480263008
Asna1,0.12175386567883992,-0.26252092471764515,-0.14064707995467216
Atf2,-0.4143985338877503,0.38372201896409386,0.041979629528954426
Atf4,0.02736740786650808,-0.4743857669358435,-0.36923688746270134
Atf5,-0.138392005688592,0.024916212221864673,-0.06067128939221151
Atf6b,0.5719166257557768,-0.6831581539708617,-0.12164899943791903
Atg101,0.08583414285404806,-0.48686358982843664,-0.3439571835492799
Atg13,-0.45482765914509166,0.08141920289720164,-0.20637431012956792
Atg3,-0.21194191432983248,-0.06816275233310368,-0.1777239790276903
Atg5,-0.02969985740058547,0.04548745433684253,0.019610921823745135
Atg7,0.4689778529851612,-0.1958945856332428,0.1329865636172717
Atg9a,-0.5268226014302806,-0.5242470384116503,-0.6692227072353027
Atn1,-0.3455135243146645,0.17653121177448555,-0.06695291278887987
Atp1b2,-0.42372833202405974,0.3502546185501512,0.01057151254561261
Atp2a2,-0.6827857269422556,-0.18529624140739714,-0.5081986538231454
Atp2b2,-0.7196384295806785,0.04523386667114434,-0.39421017072262676
Atp2b4,-0.6551073258045372,0.11280408969094091,-0.3128554872194341
Atp5f1,-0.5975735706306281,-0.19010498862675718,-0.4723474373641113
Atp5o,-0.44720832400043886,-0.3765320200412443,-0.5343976196970549
Atp6ap2,-0.36401762395167847,-0.1539572121378029,-0.32878936120122704
Atp6v0a1,-0.8432582548867803,0.23830413349121288,-0.3877753369992104
Atp6v1a,-0.6425120983205193,0.059546002327404216,-0.3376755601526116
Atp6v1b2,-0.7798156275598751,-0.12455406260152446,-0.5181573250617659
Atp7a,-0.03467574973995058,-0.6445011214206023,-0.5434370289751874
Atraid,-0.13948048213782813,0.2982792836487473,0.15857268818418915
Atrx,0.6953809544262736,0.3004679007474804,0.5809735590284496
Atxn10,-0.3363392228139601,0.11724013700827479,-0.10648117708986617
Axin2,-0.12206485895005025,0.4869964781690723,0.3214352655173226
Axl,0.798164230561284,0.47323843148790545,0.6971069867034403
Azi2,-0.2963765874634341,-0.24917862783848324,-0.3661726809277412
B2m,0.7109306179867896,0.11120219136182756,0.4781694297805356
B3gnt2,-0.4678893765359251,0.3916508138154002,0.008273357644392479
B4galnt1,0.7384535224889026,-0.4526203062447007,0.18277991981037459
Babam2,0.08132474042149845,-0.2569098994912522,-0.1605644224319133
Bace1,-0.4493852768989111,-0.003437069340703208,-0.2645942342938113
Bach1,0.5966405908169973,0.1860746291837523,0.46928323082915113
Bad,0.26807619978329505,-0.45000107386408406,-0.1958027975839553
Baiap2,-0.3965164207931569,0.19876927651875517,-0.0830399970974208
Banp,-0.07697083462455398,-0.15644486833028592,-0.17159556595776992
Bap1,-0.08365718995557585,-0.023382042080603127,-0.06771896442261992
Bax,0.7667539101690417,-0.2826168571505757,0.2998326094458533
Baz1b,0.2501940866887017,0.0792016693045413,0.20821283405054403
Bbs9,-0.7008233366724541,0.46189761929579837,-0.14110671093491617
Bcam,-0.7508932533373155,0.007854432078953335,-0.4337384350236131
Bcar1,-0.04276157479141888,0.08566819404346049,0.04458420508367058
Bcl2a1a,0.915097700536364,-0.07886131311068119,0.5078922331696494
Bcl2l1,-0.33509524972911886,-0.03970887219188579,-0.2258320216265651
Bcl2l11,0.7852580098060556,0.3624037439413757,0.640265955479929
Bcl2l2,-0.5572999420088919,0.21751235684056103,-0.17833682033468232
Bcl6,0.5361523995665901,-0.34835397127106027,0.07384737749254026
Bcl7b,-0.23433342985697547,0.40084755447996206,0.17986892360216242
Bcl7c,0.522313198997731,-0.08434597295442663,0.2462089950840502
Bclaf1,0.03265429347708351,-0.12253351689484072,-0.08043542154270465
Bcr,0.22889104761079485,-0.5786251427560956,-0.3240398410720387
Bdh1,-0.3910740385469763,0.3983394537878167,0.06971069867034403
Becn1,-0.25034958332430685,-0.28540094131352856,-0.3704625700766854
Bex3,-0.5888657590367392,-0.20683295718377567,-0.47924190206777173
Bhlhe40,-0.1429014081211416,-0.3639874183093434,-0.3759781418396137
Bicd2,-0.08132474042149845,0.004652883004574959,-0.043664943123182524
Bin1,-0.40662370210749227,0.28488990692734,-0.02573933489366549
Birc3,0.5897987388503702,-0.6521634664385015,-0.08380604873116086
Blmh,0.09827387370246084,-0.40902791462085597,-0.27332722291844785
Bmi1,-0.29575460092101347,0.4852989374323415,0.2040761552283478
Bmp1,0.8256871350633972,-0.35882782061294943,0.3171453763683783
Bmp6,-0.48079559729115334,0.5711734516600232,0.1263985195671073
Bmpr2,-0.6664585802037137,-0.6271382015007426,-0.7685029989680124
Borcs8,0.6756328817044183,-0.07240221716267449,0.35069843792619226
Braf,-0.728190744538962,0.24769909601318232,-0.2868097316722725
Brd2,0.5677182165944376,0.23044657760020776,0.48521710481094404
Brd4,-0.29202268166648965,0.05890101659737183,-0.1245599956461312
Brd7,0.30601737887095404,0.15890082170471345,0.3013647127133334
Brd8,0.3675940465705972,-0.049964545870252584,0.17665150674045418
Brpf1,0.5913537052064218,-0.4505146127803608,0.049793356193102885
Brsk2,-0.7967647608408376,0.18388026425908457,-0.37444603857213365
Btrc,-0.6714344725430789,0.04632669553130756,-0.363721315699773
C1qtnf5,0.8754460584570484,-0.030693017027854576,0.49854640323802085
C3,0.8869528094918301,0.3902235159231284,0.6637071354723744
C3ar1,0.9241165054014633,0.48130371326950633,0.6883739980788037
C4b,0.734877099869984,0.6378329395433197,0.7799937734741131
Cabp1,-0.7530702062357877,-0.05596151118961732,-0.4691300205024031
Cadm1,-0.19934668684581455,0.622059465767552,0.37888913804782587
Calcrl,-0.016638140009752073,-0.12009948978232303,-0.1072472287236062
Calu,0.13279412680680627,-0.3371179546330483,-0.19396427366297922
Camk1d,-0.4854604963593081,0.3583566896785458,-0.02865033110187766
Camk2b,-0.7857244997128712,0.11925153657108246,-0.3983468495448231
Camk2d,-0.1310836638151495,-0.14877750639024162,-0.19626242856419934
Camk2g,-0.6196540928865608,0.3424177160335069,-0.14309844518264028
Camsap1,-0.2648107704355867,0.13419489655056857,-0.04933372521285885
Camsap2,-0.5226241922689413,0.36979325939927676,-0.04872088390586682
Camta2,-0.2282690610683742,-0.24042130486949123,-0.32327378943829865
Canx,-0.3618406710532063,-0.15933800882824165,-0.33170035740943915
Capn1,0.6765658615180492,-0.2488485807464477,0.2457493641038062
Capn2,-0.47131030251923856,-0.05278263157721346,-0.3127022768926861
Caprin1,0.04509402432549627,-0.36187634081005066,-0.2673520201752755
Car2,-0.5972625773594178,0.32938658355540545,-0.13375261525101176
Car4,-0.4532726927890401,0.5373593278949914,0.1247132059728792
Carm1,0.30757234522700555,-0.27193440053404333,-0.03079527567634978
Caskin1,-0.8477676573193299,0.12350356643157467,-0.44124574103426556
Casp12,0.40273628621736324,0.3770679277524593,0.5152463288535537
Casp8,0.7185499531314422,-0.1674330734342781,0.32449947205228274
Cat,-0.26434428052877124,0.36851377100698857,0.13451866688475178
Cav1,-0.6129677375555389,0.16291258325944438,-0.2529502494609626
Cav2,-0.659772224872692,0.3618383191331191,-0.16393504962036948
Cavin1,-0.23666587939105285,0.5064688973118183,0.2616832380855991
Cbl,0.42777124454979387,-0.196449490650519,0.1052554944758821
Cbx3,-0.098429370338066,-0.00782752222571888,-0.06373549592717168
Cbx5,-0.6420456084137037,0.33141995799265833,-0.1680717284425657
Cbx7,-0.16467093710586397,0.621834628541034,0.4021771077135233
Ccar2,0.3277869078556763,-0.0670441593910477,0.13972781799418407
Ccl5,0.9130762442734968,-0.11558570696040403,0.49425651408907656
Ccn1,-0.5608763646278105,-0.22642136205553745,-0.47939511239451976
Ccn2,-0.1582955750460524,-0.3358925509243395,-0.3617295814520489
Ccnd1,0.16280497747860204,-0.2844069169422523,-0.1329865636172717
Ccnd2,0.06717454658142893,0.33597740029037954,0.311476594278702
Ccnd3,-0.28036043399610266,-0.6332447020211344,-0.657272301748958
Ccnt1,-0.005597878881785743,0.3371156232266547,0.2705694370369836
Ccp110,-0.6166996568100628,-0.2691544797092863,-0.5317930441423387
Ccser2,-0.5823349003413225,0.2398609761443803,-0.18124781654289449
Cct3,-0.16513742701267942,-0.5481583227074371,-0.535470091984291
Cct5,-0.1940598012352391,-0.3882383355649911,-0.4225540811710084
Cct7,-0.5086294950644769,-0.6264755597750896,-0.7347967270834506
Cct8,-0.5000771801061932,-0.44874068112527676,-0.6073257352291072
Cd14,-0.09858486697367115,-0.8107817844634555,-0.7128876503584852
Cd151,-0.2819154003521543,-0.18278730717116112,-0.3068802844762617
Cd200,-0.1687138496315981,-0.6279816531649611,-0.6011973221591868
Cd2ap,-0.4282377344566094,0.2358988196104713,-0.07660516337400443
Cd2bp2,0.5602543780853899,-0.2745623108347035,0.1420259728954042
Cd300lf,0.7314561738866706,-0.45072909771814573,0.17695792739395022
Cd34,-0.3806557639614306,-0.5455995911029309,-0.6318393875087885
Cd38,0.8622288444306097,-0.12412433639255603,0.4518172535798781
Cd47,-0.2802049373604975,-0.11913146692474824,-0.25632087664941877
Cd53,0.7844805266280298,-0.27018614373227035,0.3214352655173226
Cd55,-0.059866204707986426,-0.47353320304061985,-0.4188770333290562
Cd68,0.8308185240383674,0.6097640375374102,0.7602296413236199
Cd74,0.9136982308159175,0.2597798352027098,0.6186632994084598
Cd81,0.0012439730848412764,0.3518138500992687,0.2865033110187766
Cd82,0.7684643731606985,-0.5613341000156558,0.15642774360971706
Cd83,0.5552784857460248,0.4883163627896225,0.6537484642337539
Cd84,0.8623843410662148,0.4679706669399872,0.6954216731092123
Cd9,0.817756806647534,0.02685895990023063,0.48950699395988834
Cd93,0.3375831958988014,-0.47130732735108916,-0.16347541864012546
Cdc16,0.2214272091017472,-0.3757905364836445,-0.16853135942280975
Cdc23,0.07059547256474244,0.07776253298501769,0.10418302218864602
Cdc27,-0.3705484826470952,0.19182003813836337,-0.07139601226457212
Cdc37,0.22033873265251105,0.010096393787661936,0.1365104011324759
Cdc42bpb,0.17571119823383027,-0.12854006223444558,-0.0003064206534960177
Cdc42ep4,-0.3837656966735338,-0.19671174794080803,-0.37138183203717345
Cdc73,-0.28626930614909873,0.5727931279743215,0.2788427946813761
Cdh2,-0.052091372927728447,0.21008002517712793,0.1400342386476801
Cdh5,0.2881352657763606,0.20644588261817098,0.328636150874479
Cdipt,0.44922978026330596,-0.5696144908964417,-0.15137180282703275
Cdk5r2,-0.8287970677755006,0.12069727864576688,-0.4285292839141808
Cdk5rap2,0.6546408358977217,-0.05216920730072631,0.34977917596570424
Cdk9,0.6190321063441402,-0.3706944788621047,0.1245599956461312
Cdkn1b,-0.41113310454004187,0.0691288301266106,-0.1886019122267989
Cdkn2d,-0.2895347354968071,-0.6232406453516001,-0.6534420435802578
Ceacam1,-0.4217068757611927,0.06767841053441365,-0.19610921823745134
Cebpg,-0.1334161133492269,-0.2971023203436696,-0.3169921660416303
Celsr2,-0.4106666146332264,0.5050162403972727,0.13451866688475178
Cemip2,0.5215357158197051,-0.2503224491292642,0.13068840871605156
Cep250,-0.32763141122007117,0.5158940744594064,0.20484220686208784
Cers2,0.3063283721421643,-0.4024455072379858,-0.13252693263702767
Cers4,0.03327628001950415,0.34428229463782667,0.2989133474853653
Cetn3,-0.2732075887582653,-0.027637004759016648,-0.18094139588939845
Cfap36,-0.677343344696075,-0.05345295619414505,-0.4269971806467007
Cfb,0.09391996790551638,-0.7592301154162474,-0.5592176926302324
Cflar,0.1942152978708443,0.17932675020918565,0.2561676663226708
Ch25h,-0.24070879191678698,-0.5364724798818322,-0.5633543714524285
Chchd3,-0.09563043089717312,0.01914638821241257,-0.04029431593472633
Chd1,0.3548433224509741,-0.32093393052073943,-0.03677047841952213
Chd4,0.8505665967602227,-0.3062828694394065,0.36525341896725316
Chd7,0.7356545830480098,-0.43953845611633224,0.18722301928606683
Chil1,0.8283305778686849,-0.16809382853516477,0.4066202071892155
Chka,-0.20494456572760028,0.10640776105740586,-0.03493195449854602
Chmp3,-0.6182546231661143,0.36777571126756725,-0.12578567826011527
Chtop,-0.2676097098764796,0.17769215805666225,-0.01700634626902898
Cic,0.5708281493065407,-0.029410567504034545,0.3133151181996781
Cisd2,-0.2791164609112614,-0.28313061839934556,-0.38363865817701415
Cit,-0.7653544404485952,0.09130233957788284,-0.39865327019831903
Ckb,-0.6208980659714021,0.21044748063488133,-0.2281301765277852
Clcn4,-0.5353749163885644,0.3287312833201354,-0.08671704493937302
Clcn7,0.6936704914346168,0.2417808965953649,0.5460416045299036
Cldn11,-0.42124038585437723,-0.456361810953141,-0.5818928209889377
Clec14a,0.4947902944956177,-0.0849873416905559,0.2285898075080292
Clic4,-0.3772348379781171,-0.5543509991683782,-0.6370485386182209
Clic5,-0.7103086314443688,0.15943635762416666,-0.3231205791115507
Clk1,-0.48577148963051847,0.09952707814273395,-0.2126559335262363
Cln6,0.8914622119243796,-0.427775128906202,0.36249563308578897
Clock,-0.5576109352801021,0.2716864633304448,-0.1420259728954042
Cltb,-0.7920998617726828,0.12958610190669417,-0.397734008237831
Cltc,-0.6125012476487235,-0.11461085313126708,-0.430827438815401
Cmip,0.3769238447069067,-0.3408549099433943,-0.036617268092774116
Cmklr1,0.8909957220175644,-0.2516901768797674,0.4268439703199527
Cmtm6,0.6594612316014817,0.013940545992389926,0.39313769843539076
Cnp,-0.7541586826850237,0.08384812441993478,-0.39512943268311485
Cnppd1,0.6667695734749242,-0.14204503432393623,0.3028968159808135
Cntn1,-0.07277242546321466,0.7577881924030399,0.571474518770073
Cntn2,-0.7317671671578809,0.03146332005435981,-0.4093779930706796
Cntnap1,-0.6076808519449635,0.0983986698153108,-0.29094641049446884
Col15a1,0.7025337996641108,0.14168654790353621,0.49165193853436046
Col18a1,0.5425277616264017,0.07829435135660087,0.3698497287696934
Col1a1,0.34022663870408915,0.15441070349840388,0.3163793247346383
Col1a2,0.5461041842453204,0.17834006756889922,0.4398668480935334
Col4a1,0.43492408978763125,-0.7479180870995537,-0.29339777572243697
Col4a2,0.4484522970852801,-0.7335495431915484,-0.27102906801722765
Col4a3bp,-0.5313320038628302,0.6179788319026124,0.11536737604125069
Col6a2,0.22064972592372142,0.3680069145333689,0.42025592626978836
Commd1,0.08801109575252031,-0.5805487310416675,-0.41841740234881225
Comt,0.49758923393651056,0.35177487109495403,0.5380746675390071
Copg1,-0.2987090369975115,0.12097847517069085,-0.08043542154270465
Cops2,0.23262296686531866,-0.4779585385506087,-0.241919105935106
Cops8,-0.6911825452649342,0.3367297173237325,-0.2054550481690799
Cops9,-0.747627823989607,-0.09370163815001958,-0.4865959977516761
Coro1c,0.5470371640589513,-0.3971095688545529,0.049027304559362835
Coro2b,-0.7438959047350833,0.12188525961135986,-0.3677047841952213
Cpeb2,-0.6277399179380292,0.1353695141813159,-0.2805281082756042
Cpeb4,-0.38252172358869246,-0.0013913026969938403,-0.22414670803233694
Cpsf6,0.20681052535486222,-0.07716767028567706,0.059292396451479434
Cpt1a,0.20183463301549712,0.5441549675264704,0.5506379143323438
Cpt2,0.45747110195037943,-0.19397484818767116,0.12670494022060333
Cr1l,-0.29000122540362255,-0.5526241389922927,-0.5987459569312186
Crbn,-0.46244699428974456,0.483408967143012,0.07844368729498054
Creb1,0.060177197979196746,0.2900313551970793,0.2702630163834876
Crebbp,-0.5226241922689413,0.05675165587277925,-0.2655134962542994
Crebrf,-0.30088598989598375,0.6450366937149546,0.32419305139878674
Crk,-0.32296651215191635,-0.38155306628494173,-0.48169326729573986
Crlf2,0.7407859720229801,-0.555395251512413,0.12900309512182348
Cry2,-0.5823349003413225,0.43289426715575113,-0.053776824688551106
Cryab,-0.016793636645357234,0.5638313077911175,0.4481402057379259
Cs,-0.2772505012839995,-0.3277501106303529,-0.41749814038832417
Csde1,0.024723965061220366,-0.32283843868956874,-0.24774109835153033
Csf1,-0.37739033461372223,-0.4430623178348852,-0.553395700213808
Csf1r,0.9113657812818401,0.3590872393306317,0.6516035196592816
Csf2rb,0.6470215007530689,-0.512078039679467,0.06021165841196748
Csf2rb2,0.5543455059323938,-0.40163587223285535,0.05178509044082699
Csk,0.6208980659714021,-0.1656937464696688,0.25662729730291484
Csnk1a1,-0.5842008599685845,-0.016979394893770896,-0.35192412054017636
Csnk1d,0.5227796889045463,-0.4814783889582114,-0.028497120775129645
Csnk1e,-0.2478616371546243,0.1301609254222326,-0.04213283985570244
Csnk2a1,-0.619809589522166,0.22460293953080002,-0.21832471561591263
Csnk2a2,0.24039779864557667,-0.25185628706946017,-0.05837313449099137
Cspg5,-0.18644046609058632,0.6066052427599954,0.37536530053262174
Ctbp1,-0.549680606864239,0.24260928348779115,-0.15596811262947302
Ctbp2,-0.3926290049030278,-0.03390805658523895,-0.2543291424016947
Ctcf,0.009329798136309573,0.10722814738754764,0.09253903735579735
Ctdsp1,-0.2391538255607354,0.3973212515217606,0.17389372085899008
Ctnna1,-0.2906232119460432,-0.38629009057041236,-0.4697428618093951
Ctnnb1,0.060177197979196746,0.8351685119219796,0.7122748090514931
Ctnnbip1,-0.43585706960126225,-0.04647733162798671,-0.28818862461300465
Ctnnd1,-0.35111140319645023,-0.2768541264298674,-0.41535319581385205
Ctps,-0.2637222939863506,-0.7997520550846812,-0.7804534044543572
Ctr9,-0.4285487277278197,0.06646735787534984,-0.20116515902013563
Ctsl,0.8605183814389529,0.27997551015066624,0.6177440374479717
Ctss,0.9538163628020487,0.22290848706456765,0.6106963624175634
Cttn,0.10076181987214339,-0.6674248829769125,-0.4806207950085038
Cttnbp2,-0.03856316563007957,0.11566867642602637,0.07139601226457212
Cul1,-0.49463479786001247,0.18685014144643877,-0.15658095393646504
Cul3,-0.5403508087279295,-0.0771075082203151,-0.3678579945219693
Cul4a,0.28844625904757093,0.24858483307752016,0.3615763711253009
Cux1,0.03156581702784739,-0.05985131117554498,-0.030182434369357743
Cx3cr1,0.8261536249702126,0.6397062958244577,0.7746314120379327
Cxcl12,-0.8647167906002923,0.002555756312209893,-0.5032959233672091
Cxcl14,-0.49307983150396095,0.3503625343410214,-0.03998789528123031
Cxcl16,0.9211620693249652,0.1518477157185547,0.5852634481773938
Cxxc1,0.3083498284050314,-0.2055763786252566,0.020989814764477213
Cxxc5,-0.3080388351338211,0.27054532064312586,0.0294163827356177
Cyb561,-0.25501448239246166,-0.5153962876553041,-0.553548910540556
Cyb5a,0.23262296686531866,-0.2477595673338673,-0.06005844808521948
Cyb5r3,0.6408016353288625,0.33575058827740706,0.5831185036029217
Cybb,0.8799554608895979,-0.08052489340814008,0.48215289827598384
Cybc1,0.6210535626070073,-0.487850993872318,0.05163188011407899
Cyfip1,0.10573771221150847,0.059649000985325086,0.10985180427832235
Cyfip2,-0.7624000043720973,-0.010112332217038039,-0.44997872965890207
Cyld,0.1049602290334827,-0.05131517598322511,0.019764132150493142
Daam2,-0.34287008150937676,0.3385700863018487,0.05837313449099137
Dab2,-0.2955991042854083,-0.15729997443480273,-0.294470248009673
Dach1,-0.18815092908224304,0.02405404535921544,-0.09054730310807324
Dag1,0.003109932712103191,0.08339784321053412,0.06955748834359601
Daglb,0.5475036539657668,0.5967985177426096,0.7249912661715779
Dapk1,-0.09391996790551638,0.1899308711598444,0.09882066075246572
Dbn1,0.3077278418626107,-0.36583013044415286,-0.10326376022815797
Dbnl,0.5254231317098341,-0.5974641098833942,-0.10648117708986617
Dbp,-0.1837970232852986,0.7342712077974464,0.4790886917410237
Dbx2,-0.18239755356485216,0.49748581402065034,0.29094641049446884
Dcaf7,-0.5196697561924433,0.2572514805232663,-0.1245599956461312
Dctn1,-0.3912295351825814,0.05437984807222154,-0.18752943993956286
Dctn2,0.16762537318236198,-0.3308150777641236,-0.16715246648207768
Dctn4,-0.566163250238386,-0.2376799553015321,-0.4893537836331403
Ddah1,-0.5541900092967886,0.28113124498511055,-0.1331397739440197
Ddb1,0.09283149145628024,-0.541279143469559,-0.38363865817701415
Ddit3,0.2002796666594455,0.6690961767031258,0.6493053647580616
Ddit4,0.13761452251056622,-0.06414870113317023,0.02865033110187766
Ddr1,0.5566779554664711,0.5096804514257928,0.6686098659283107
Ddx21,0.25952388482501126,-0.32634614792455896,-0.10464265316889006
Ddx42,-0.1778881511323025,0.034727773474635605,-0.0759923220670124
Ddx56,-0.032032306934662864,-0.1709825351163894,-0.1575002158969531
Ddx58,0.03187681029905771,-0.4374936039058413,-0.33660308786537546
Ddx6,-0.41097760790443666,0.12589667472437724,-0.14646907237109646
Decr1,0.41424303725214506,0.6399366448843772,0.7147261742794614
Def6,0.5132943941326317,0.1125223004694005,0.37781666576058986
Dek,0.04369455460504983,-0.1760191262292082,-0.11735911028897476
Des,-0.24133077845920758,0.009464943533239654,-0.13329298427076772
Dgcr2,-0.10387175258424657,-0.21193696918348426,-0.23180722436973739
Diaph1,0.49727824066530024,-0.2128420680191752,0.1400342386476801
Dicer1,0.113046054084951,0.23779182462138626,0.25785297991689893
Dip2a,-0.6950699611550633,0.2201086110905964,-0.276851060433652
Disp2,-0.5324204803120663,-0.22263808117709083,-0.46361444873947477
Dixdc1,-0.25066057659551716,0.7115731086762789,0.41336146156612796
Dkk3,-0.21551833694875114,0.32496642855083946,0.13206730165678363
Dlg1,-0.41813045314227404,0.3084921163340587,-0.016240294635288942
Dlg4,-0.6751663917976028,0.28949790479081233,-0.22031644986363672
Dlg5,0.5059860522591892,0.10667038846683029,0.3698497287696934
Dlgap4,-0.036230716096002175,0.19664961912178813,0.1385021353802
Dll4,-0.20556655227002094,0.3331425278637392,0.1449369691036164
Dmd,-0.5989730403510746,0.3926858046935026,-0.09391793029652944
Dnajb1,-0.6221420390562433,-0.4094656006625063,-0.6232596092109001
Dnajb6,-0.416108996879407,-0.1356457106296034,-0.3428847112620438
Dnajc5,-0.7280352479033569,-0.5162871907855441,-0.7121215987247451
Dnajc7,-0.5327314735832767,0.44351640150158356,-0.005821992416424337
Dner,-0.7322336570646962,0.21448395397922299,-0.3084123877437418
Dnm1,-0.7558691456766806,-0.11568061183616213,-0.502376661406721
Dnm1l,-0.773906755406879,-0.3117913689766013,-0.6117688347047994
Dnm2,0.631627333828158,-0.19182660763497736,0.2475878880247823
Dnmt1,0.38407668994474403,-0.36854485344375343,-0.05239793174781903
Dnmt3a,0.7113971078936049,0.29168684302948666,0.5814331900086935
Dnttip1,0.26247832090150935,-0.5062984924251936,-0.24375762985608207
Dock2,0.8825989036948857,-0.2703581067615927,0.4115229376451518
Dock8,0.8815104272456493,-0.2779221452008057,0.40753946914970357
Dpf2,0.15207570962184605,0.0023048525314499748,0.09054730310807324
Dpm1,-0.3892080789197143,0.3152539658366877,0.008886198951384514
Dpp9,0.138392005688592,-0.43132755667052436,-0.2662795478880394
Dpy30,-0.0791477875230262,-0.1787436760100161,-0.19090006712801905
Dpysl2,-0.8385933558186254,0.1583528429979329,-0.4190302436558042
Dpysl3,0.5549674924748145,-0.255222874243231,0.15121859250028474
Drosha,-0.7247698185556487,0.30415451280976175,-0.2524906184807186
Dst,-0.3896745688265298,0.4115326709558754,0.08058863186945266
Dtnbp1,0.24630667079857274,0.06234471397601995,0.19273859104899516
Dusp1,-0.42310634548163917,-0.14994424601245032,-0.3571332716496087
Dusp3,-0.7482498105320277,0.3327624550207899,-0.2570869282831589
Dusp6,-0.13777001914617135,-0.2998376715732142,-0.32158847584407063
Dusp7,-0.28689129269151936,0.45326774188813534,0.1853844953650907
Dvl1,0.020992045806696537,0.05944276199203366,0.060518079065463505
Dvl3,0.3259209482284144,-0.1848863642395678,0.04810804259887478
Dync1h1,-0.6263404482175826,0.034926715261068476,-0.34319113191553985
Dync1i2,-0.15627411878318534,0.0658627940501496,-0.038302581687002214
Dync1li1,-0.3693045095622539,-0.2726029872027884,-0.42117518823027644
Dyrk1a,-0.3685270263842282,0.3483497561953802,0.04810804259887478
E2f4,0.04975892339365105,-0.08506099455614999,-0.03998789528123031
Ece1,-0.17928762085274896,-0.46501382437690986,-0.47617769553281153
Echdc1,-0.7749952318561152,-0.0709564408226239,-0.4884345216726522
Echs1,0.45311719615343493,0.3787436381416614,0.5385342985192512
Ecpas,-0.39682741406436717,0.05602412624283324,-0.18967438451403495
Ecscr,0.1687138496315981,-0.6336305863105871,-0.40891836209043564
Edc4,-0.590576222028396,-0.20773473364232173,-0.4806207950085038
Edil3,-0.727102268089726,0.22141800506926956,-0.3005986610795934
Edn1,0.2072770152616777,-0.59730779385705,-0.3537626444611524
Ednrb,-0.18130907711561603,0.5585380779544494,0.34043334603407566
Eea1,0.0611101777928277,0.25687445590920166,0.2439108401828301
Eed,0.13637054942572494,-0.11045314132558363,-0.009345829931628542
Eepd1,0.49510128776682805,0.10034810505378867,0.3595846368775768
Efcab14,-0.6493539502871463,0.3296046630633991,-0.17511940347297414
Efna1,0.5240236619893877,0.33686386910298843,0.5386875088459991
Efnb3,-0.5787584777224039,0.20288820115030273,-0.2031568932678597
Egfl7,0.5503025934066597,-0.1888228280151707,0.19289180137574316
Egln1,-0.7526037163289722,0.45974012795871755,-0.19304501170249114
Egln2,-0.5610318612634158,0.033889853896126844,-0.30442891924829363
Ehd4,0.6118792611063028,-0.1536430278558878,0.25815940057039494
Ehmt2,0.7569576221259168,0.31357767074329024,0.6079385765360992
Eif2a,0.07370540527684562,0.4694939291510535,0.42332013280474845
Eif2ak2,0.15409716588471312,-0.1513053809574451,-0.03156132731008982
Eif2ak3,0.5132943941326317,-0.1977992929132072,0.16148368439240135
Eif2b1,-0.14554485092642933,-0.26784228344554717,-0.30013903009934934
Eif3i,0.2935776480225412,-0.5565241200869514,-0.2609171864518591
Eif4a3,0.3874976159280576,-0.2864636541466807,0.011490774506100665
Eif4ebp2,0.37521338171525,0.5092360291480234,0.6022697944464228
Eif4enif1,-0.37863430769856354,0.10217534802701417,-0.14401770714312834
Eif4g1,0.11180208100010972,-0.6881521379926466,-0.4902730455936284
Eif4g3,-0.02643442805287712,-0.527805353200393,-0.44400352691572975
Elavl1,0.15425266252031827,-0.5355089137211998,-0.33982050472708364
Elavl3,-0.807027538790778,-0.011755975537785556,-0.47633090585955956
Elf2,0.029233367493769993,-0.020055452041319238,0.0007660516337400443
Elmo1,0.17913212421714378,0.17907630892045584,0.2475878880247823
Eln,0.39698291069997227,0.11379862577458162,0.3163793247346383
Elob,0.4011813198613116,-0.5500303640014932,-0.17527261379972212
Elovl1,0.2220491956441678,-0.6624044548033621,-0.39512943268311485
Elp2,0.2668322266984538,-0.10505222403161527,0.07338774651229624
Emc1,-0.2267140947123226,0.44290155347866544,0.21817150528916465
Emc10,-0.05162488302091296,-0.04919449834972209,-0.07001711932384005
Emc2,-0.4411439552118376,0.20708949117117836,-0.10632796676311815
Emc3,0.10604870548271882,-0.32107742972311676,-0.1974881111781834
Emc4,-0.6872951293748052,-0.03962539442437663,-0.42423939476523653
Emc6,-0.3444250478654284,-0.312376943563352,-0.43910079645979333
Emd,0.11180208100010972,-0.06502817705461734,0.012716457120084736
Emilin1,0.5824903969769277,-0.5198750263997395,-0.0035238375152042037
Emsy,-0.4388115056777603,0.3718341818194652,0.015474243001548893
Enah,-0.49712274402969503,0.328553180915214,-0.05837313449099137
Eng,-0.14601134083324482,-0.5977394231781176,-0.5654993160269007
Eno1,-0.05520130563983164,-0.5109514110734767,-0.44660810247044586
Eno2,-0.7857244997128712,-0.05759912624117345,-0.4872088390586682
Entpd1,0.50178764309785,-0.35154529043440896,0.045656677370906645
Ep300,-0.17508921169140967,0.26542950960424977,0.11015822493181836
Ep400,-0.27833897773323557,0.1890253368087679,-0.01486140169455686
Epas1,-0.717305980046601,0.015874441623410094,-0.4093779930706796
Epb41,0.01710462991656755,-0.1088672597542655,-0.07844368729498054
Epb41l1,-0.7779496679326132,0.34416046508372306,-0.2780767430476361
Epb41l3,-0.6711234792718686,0.13785355866509869,-0.3084123877437418
Epc1,-0.38951907219092463,0.2962913662674464,-0.005515571762928318
Epc2,-0.21085343788059635,0.5054699735027723,0.2783831637011321
Epha4,-0.468822356349556,0.5137024565841417,0.0951436129105135
Ephb4,0.02425747515440489,0.3061446091359577,0.2627557103728352
Eps15,-0.6067478721313325,0.574164988537661,0.016853135942280974
Eps15l1,-0.1652929236482846,0.15935157819150322,0.031254906656593806
Erbin,0.30119698316719407,0.4538297025244696,0.5271967343398986
Erg,0.36370663068046816,-0.07563841713248452,0.15489564034223693
Ermn,-0.7801266208310854,0.31468249808494997,-0.29508308931666505
Ern1,0.30492890242171794,-0.504184059463617,-0.21219630254599225
Ero1l,-0.356709282078236,-0.33596877167653366,-0.46300160743248275
Erp44,-0.11475651707660774,-0.42665990700583634,-0.41121651699165573
Esam,-0.0642201105049309,-0.0739998832683,-0.09744176781173364
Esd,0.10340526267743111,-0.489935754870539,-0.3355306155781394
Ess2,0.12439730848412764,0.08999687157602129,0.1450901794303644
Esyt2,-0.512672407590211,0.4001772312378812,-0.01991734247724115
Etnk1,-0.7861909896196867,0.1934629790708122,-0.36142316079855286
Etnppl,-0.32389949196554735,0.4525525081541718,0.1588791088376852
Ets1,0.44129945184744285,-0.6078476755917888,-0.18569091601858673
Ets2,-0.26263381753711446,0.33539552439654047,0.10969859395157434
Etv5,-0.4598035514844568,0.009001644837887906,-0.2616832380855991
Etv6,0.5094069782425027,-0.510086930033795,-0.05944560677822744
Evl,0.4720877856972644,-0.2882297170354802,0.06894464703660398
Ewsr1,0.4105111179976212,-0.024146031114122973,0.22154213247762083
Exoc4,-0.27662851474157885,0.14034850704226476,-0.05178509044082699
Ext1,0.45482765914509166,-0.06617053167989376,0.21740545365542455
Ext2,0.35157789310326576,-0.019822689859526503,0.189980805167531
Ezh1,-0.36106318787518044,0.6501551285374227,0.28190700121633633
F11r,0.44363190138152014,-0.5951335447424229,-0.1745065621659821
F13a1,-0.055978788817857436,-0.6129922815786248,-0.5298013098946146
Fabp7,0.7586680851175734,0.5853729998487591,0.7522627043327235
Fadd,0.7771721847545875,0.15899181156886094,0.5345508300238029
Fam107a,-0.42310634548163917,-0.27921409078175086,-0.4522768845601221
Fam129a,0.7782606612038234,-0.422522422700135,0.23839526841990177
Fam13b,-0.7997191969173355,-0.5107061829658067,-0.7154922259132014
Fam20c,0.6857401630187535,0.3994683721529338,0.6361292766577328
Fam49b,0.42326184211724427,-0.38310952721080804,-0.03508516482529403
Fam92a,-0.5011656565554292,0.22773452259939386,-0.13222051198353163
Far2,-0.7499602735236846,-0.0789970966221092,-0.4798547433747637
Fas,-0.5059860522591892,-0.4405817085667699,-0.6038018977139029
Fasn,-0.794276814671155,-0.3670541808467722,-0.6444026343021252
Fat1,0.17089080253007036,0.6624315630973063,0.6298476532610644
Fat4,-0.3509559065608451,0.37747539650757855,0.08242715579042878
Fbh1,0.4307256806262919,0.025353559052382766,0.2698033854032436
Fbln1,0.020059065993065582,0.4702393624094779,0.3935973294156347
Fbn1,0.6177881332592988,-0.3311991221168366,0.14876722727231662
Fbxl17,-0.383921193309139,0.22929224895782774,-0.05193830076757501
Fbxl19,0.6395576622440212,-0.5131968720015946,0.052551142074567035
Fbxl20,0.09360897463430604,0.5851294178342396,0.5278095756468905
Fbxl3,-0.49432380458880226,0.4326070813978966,0.017159556595776993
Fbxo11,-0.5764260281883264,0.26644307825516433,-0.1593387398179292
Fbxo2,-0.7207269060299145,-0.02158578788763054,-0.432512752409629
Fbxo21,-0.7246143219200435,0.3838371815646931,-0.20775320307030004
Fbxo3,-0.7639549707281489,0.15440107335624523,-0.3646405776602611
Fbxo31,-0.7057992290118192,0.025250433661804628,-0.397121166930839
Fbxo33,-0.5891767523079496,0.29806325219057384,-0.14800117563857657
Fbxw11,-0.62867289775166,0.11501884791334761,-0.294010617029429
Fbxw7,-0.5378628625582469,-0.03970402419551214,-0.3408929770143197
Fcgr1,0.7833920501787938,-0.43675544070779276,0.2364035341721777
Fcgr2b,0.8962826076281397,-0.37595222888691204,0.38731570601896637
Fcgr3,0.866582750227554,-0.3193394323523875,0.3759781418396137
Fcgr4,0.637380709345549,-0.5386045697365458,0.03462553384505
Fcgrt,-0.23853183901831473,0.47351547524250487,0.23441179992445357
Fdx1,-0.19234933824358236,-0.12027332361789853,-0.20805962372379605
Fermt3,0.9045239293152131,-0.2257326667631269,0.44936588835190994
Fgf1,-0.46042553802687747,0.35477904263670595,-0.012716457120084736
Fgf12,-0.8959716143569294,0.052996666586550015,-0.5034491336939572
Fgfr1,-0.1360595561545146,0.4890865180437848,0.3142343801601662
Fgfr2,-0.22655859807671747,0.42940871865051644,0.207599992743552
Fgfr3,-0.49743373730090534,0.35105504740971394,-0.04274568116269447
Fh1,-0.8937946614584571,-0.26642781728178005,-0.6183568787549637
Fhod1,0.8017406531802027,-0.2780472880145595,0.33261961936992723
Fkbp5,0.12533028829775858,-0.34336321022829447,-0.20361652424810375
Fli1,0.4944793012244073,-0.41693862411941646,-0.0059752027431723455
Flna,0.332296310288226,-0.6421231672364629,-0.29814729585162525
Flnb,-0.33478425645790855,-0.7361106431073309,-0.7586975380561398
Flot1,0.2551699790280668,0.10214266965301927,0.22904943848827325
Flot2,0.4500072634413318,0.04560202724907747,0.2955427202969091
Flt1,-0.5728496055694078,0.35752989944854985,-0.09606287487100156
Flt4,-0.21054244460938604,-0.47105940487847486,-0.4968610896437928
Fmc1,-0.7681533798894881,0.2283652654696938,-0.3292489921814711
Fmod,-0.5636753040687034,0.3872297572157626,-0.06894464703660398
Fmr1,-0.5003881733774034,-0.11897153569735291,-0.37551851085936977
Fn1,0.4307256806262919,-0.7236798760925528,-0.2793024256616201
Fosl2,0.016949133280962394,-0.7097634364867448,-0.5665717883141368
Foxc1,-0.44705282736483365,0.28841908921524745,-0.05117224913383495
Foxj2,0.33696120935638074,0.35523405249007195,0.46821075854191513
Foxo1,0.44269892156788926,0.41180612826090307,0.5581452203429963
Foxo3,0.05613428545346259,0.22448456583799756,0.21480087810070841
Foxp1,0.3260764448640196,0.42211902425694586,0.5143270668930657
Foxp4,0.8141803840286154,-0.3516279939641033,0.3090252290507339
Frmd4a,0.7896119156030001,-0.09525738121155902,0.4130550409126319
Frs2,-0.45031825671254205,0.4250809738472171,0.045656677370906645
Fryl,-0.3815887437750615,0.07011949470447885,-0.16991025236354182
Fscn1,0.6342707766334459,-0.3070425254342073,0.17711113772069823
Fstl1,0.32156704243147,-0.24324298560972304,0.00045963098024402656
Fto,-0.2764730181059737,0.06015038637550765,-0.1142949037540146
Fubp1,-0.32965286748293826,-0.39078605892684704,-0.4919583591878565
Fundc1,-0.5498361034998442,0.3766782513886582,-0.06511438886790376
Furin,0.5431497481688223,-0.5100749781678822,-0.031101696329845798
Fus,0.2528375294939894,0.0615054033310647,0.1958027975839553
Fxr1,-0.17804364776790768,0.04768450105774808,-0.06572723017489579
Fyn,0.6933594981634064,-0.16031585691384767,0.310557332318214
Fzd1,-0.28860175568317614,0.5121194582906232,0.22996870044876128
Fzd4,-0.4678893765359251,0.14963841758793198,-0.16546715288784955
Fzd6,-0.1429014081211416,0.5652273593535581,0.37107541138367744
G3bp1,0.26885368296132084,-0.4694809234940003,-0.2105109889517642
Gaa,-0.0472709772239685,0.4610998118965561,0.346561759103996
Gab1,-0.25128256313793784,0.4722733221580073,0.22475954933932898
Gabbr1,-0.3455135243146645,0.6169037122738948,0.26873091311600755
Gabpb1,-0.11429002716979227,-0.18813348477242775,-0.2184779259426606
Gak,0.3669720600281765,0.09509616473567441,0.2858904697117845
Galnt15,-0.2755400382923427,-0.09203625173129254,-0.23257327600347746
Galnt18,0.0065308586954167,-0.5920435127395679,-0.4770969574932995
Gap43,-0.5485921304150029,0.4075009494914443,-0.04320531214293849
Gars,-0.48530499972370295,-0.7012048124629449,-0.7810662457613492
Gas6,-0.402580789581758,0.5747805817893661,0.19258538072224715
Gata2,-0.15098723317260992,0.2621178187299123,0.12241505107165906
Gatad2b,-0.15160921971503055,0.5360385299715329,0.34196544930155576
Gatd3a,-0.09018804865099254,0.4203075220514646,0.2874225729792646
Gba,0.8032956195362543,-0.5013132588003182,0.22598523195331308
Gbf1,-0.6338042867266303,0.20916313505677064,-0.2382420580931538
Gbp2,0.5739380820186439,-0.4387398246325291,0.04289889148944248
Gbp3,0.6182546231661143,-0.15276015895911288,0.2630621310263312
Gbp7,0.5053640657167685,-0.10640888678276794,0.22016323953688874
Gch1,-0.2525265362227791,0.03807363558192547,-0.11735911028897476
Gfap,0.7879014526113435,0.5018899384355779,0.7105894954572651
Gfpt1,0.4654014303662426,-0.0007865819408925102,0.27087585769047967
Gfra1,0.55061358667787,0.4008161307929853,0.5929239645147943
Ggnbp2,0.11537850361902836,0.07420123761584939,0.12716457120084734
Ggps1,-0.5868443027738721,0.19450676556942445,-0.21434124712046443
Ghr,-0.5123614143190006,0.5287546214300909,0.07001711932384005
Gigyf2,0.10107281314335372,0.41997348200707474,0.3983468495448231
Gimap4,0.6448445478545967,-0.5514908656882389,0.03370627188456195
Gipc1,0.5963295975457868,-0.5265751856889245,0.004443099475692257
Gja1,-0.29917552690432697,0.62243325964347,0.3079527567634978
Gjb6,-0.6631931508560055,0.4051357524037605,-0.14049386962792412
Gjc1,-0.6964694308755096,-0.046701758849954714,-0.4334320143701171
Glb1,0.7442068980062936,0.5110880504049159,0.7113555470910051
Glg1,-0.46306898083216513,-0.03621675065010797,-0.29615556160390116
Glmp,0.7751507284917204,-0.220578123803721,0.33890124276659556
Glra1,-0.7642659639993592,0.07148201339335608,-0.4083055207834436
Glud1,-0.6336487900910251,0.4540091967994445,-0.08426567971140488
Gm2a,0.6125012476487235,0.03610845939059377,0.380421241315306
Gmfb,-0.5100289647849233,0.12774662644847604,-0.20821283405054403
Gna12,0.6462440175750431,0.43200027363173565,0.6447090549556213
Gna13,0.1441453812059829,0.44072691273269937,0.4383347448260534
Gnai1,-0.8301965374959467,0.1253181452415671,-0.4274568116269447
Gnai2,0.42201786903240307,-0.5021306020855373,-0.12364073368564316
Gnai3,0.4105111179976212,-0.2574677779252519,0.04872088390586682
Gnal,-0.7613115279228612,0.37123106246860743,-0.24850714998527038
Gnao1,-0.7320781604290911,0.2084530498038898,-0.31162980460545003
Gnaq,0.17602219150504061,0.6976178882827211,0.6604897186106662
Gnb1,-0.3878086091992679,-0.3954811984211533,-0.5222940038839622
Gng11,-0.2713416291310034,-0.23614912363187512,-0.3428847112620438
Gopc,-0.18846192235345335,-0.13742723910503046,-0.21955039822989666
Got2,-0.4607365312980877,-0.36851202002452177,-0.5343976196970549
Gpam,0.3556208056289999,0.7780037746401571,0.7980725920303782
Gpc4,-0.18146457375122121,0.0989291334177167,-0.02681180718090155
Gpd1,-0.8435692481579905,-0.07084099168763522,-0.5229068451909542
Gphn,-0.7630219909145178,0.24793709301240888,-0.3148472214671582
Gpi1,0.2856473196066781,0.03436308254036622,0.19335143235598717
Gpm6a,-0.5852893364178205,0.20774760400292444,-0.2045357862085918
Gpr107,0.27414056857189634,0.010473392736699005,0.1680717284425657
Gpr37l1,-0.47193228906165924,0.13211666364248653,-0.18063497523590244
Gpr4,-0.5689621896792788,0.08415643527663638,-0.27562537781966795
Gprc5b,-0.4011813198613116,0.6737822477412236,0.2673520201752755
Gps1,-0.6711234792718686,-0.24733852730126035,-0.5403728224402272
Gpsm1,-0.5069190320728202,0.360105251168848,-0.04351173279643451
Gpt2,0.23573289957742188,0.48978986539690883,0.5241325278049384
Gramd1a,0.5888657590367392,-0.3560447674116552,0.10969859395157434
Gramd1b,0.5411282919059552,0.2032125461300244,0.4544218291345942
Grb10,-0.25143805977354294,-0.6253161922712814,-0.6382742212322049
Grb2,-0.4496962701701214,0.3222254704887527,-0.028497120775129645
Gria1,-0.6207425693357969,0.4094670302960154,-0.10127202598043387
Gria4,-0.8686042064904214,0.21339255861592238,-0.42071555725003235
Grin1,-0.6956919476974839,-0.018284821284297287,-0.41642566810108805
Grk2,0.5543455059323938,-0.3492865287585785,0.08717667591961703
Grn,0.9227170356810167,-0.0766245092110324,0.5141738565663178
Grpel1,-0.4195299228627205,-0.37378759105300247,-0.520302269636238
Gsdmd,0.845124214514042,-0.5025102319542049,0.2747061158591799
Gsk3a,-0.5913537052064218,0.04143781036905614,-0.3177582176753704
Gsk3b,-0.49525678440243315,0.09712281127869415,-0.22031644986363672
Gstp1,-0.31425870055802746,0.5070921002241779,0.20775320307030004
Gtf2a1,-0.09967334342290728,-0.020578955269253144,-0.07476663945302833
Gtf2a2,-0.5625868276194672,-0.11392088799066115,-0.4046284729414914
Gtf2i,-0.11506751034781806,0.6377957378992503,0.4475273644309338
Gtpbp2,0.6879171159172258,-0.11558237977859853,0.3330792503501712
Gucy1a1,-0.3815887437750615,0.2819270526966051,-0.010877933199108628
Gyg,0.5237126687181773,0.09461260242569423,0.3709222010569294
H2-Aa,0.908255848569737,0.3459510056684929,0.6473136305103374
H2-Ab1,0.8681377165836057,0.3071220222135594,0.6301540739145605
H2-D1,0.8867973128562249,0.12534726202273513,0.5642736334129166
H2-DMa,0.8644057973290821,-0.11727372982079413,0.4562603530555704
H2-Eb1,0.8853978431357785,0.39580952094617733,0.6658520800468465
H2-K1,0.8726471190161554,-0.08187763919007864,0.4764841161863076
H2-T23,0.8566309655488239,0.0756659386338435,0.5313334131620948
H2afy,0.3817442404106667,-0.4620551458869825,-0.12425357499263519
H2afz,0.1564296154187905,-0.4507703060166856,-0.27041622671023563
Hadh,0.028922374222559676,0.7328612334944691,0.6119220450315473
Hadhb,-0.39667191742876207,0.5163564491305365,0.15366995772825287
Hat1,0.0472709772239685,-0.35422524072456874,-0.25984471416462307
Hcfc1,-0.39698291069997227,-0.3571106273038241,-0.4977803516042808
Hck,0.756335635583496,-0.47636553059215003,0.18798907091980685
Hcn2,-0.5999060201647055,0.09352590150318459,-0.28910788657349273
Hdac1,0.23075700723805673,0.13114645129444663,0.2382420580931538
Hdac2,-0.5882437724943186,0.12322444404232746,-0.26214286906584316
Hdac3,0.524334655260598,-0.1978114160821171,0.16899099040305376
Hdac4,-0.48406102663886175,0.34891536475766705,-0.034319113191553986
Hdac5,-0.21458535713512017,0.15137720028341364,-0.0050559407826842925
Hdac6,-0.16467093710586397,-0.47387730752691126,-0.47571806455256754
Hdgfl2,0.30881631831184686,-0.49092712863145227,-0.19917342477241154
Herc6,0.36292914750244243,-0.24382843044311636,0.02711822783439757
Hes1,-0.030166347307400948,0.32019171322679735,0.24237873691534997
Hexa,0.807960518604409,0.4501386153270381,0.6866886844845757
Hexb,0.7777941712970081,0.7226478296233143,0.8225862443100594
Hey1,-0.7347216032343789,0.4693137730619013,-0.16991025236354182
Hgs,-0.34737948394192647,-0.3688079573300286,-0.4835317912167159
Hhex,0.5439272313468481,0.2518290034885166,0.4888941526528963
Hibadh,-0.605192905775281,0.46718608156531743,-0.050865828480338944
Hic1,-0.1957702642268959,0.1825756340106276,0.031254906656593806
Hif1a,-0.004353905796944468,-0.5964809954231926,-0.4870556287319202
Hip1r,-0.40491323911583543,0.16779328914872876,-0.11153711787255047
Hipk2,-0.232000980322898,0.17823285267575362,0.005515571762928318
Hist1h2bc,0.6635041441272158,0.08575662068427024,0.43910079645979333
Hist2h2bb,0.2887572523187813,-0.5256575073203418,-0.2403870026676259
Hivep2,0.02674542132408744,-0.08977703709832731,-0.05730066220375532
Hk1,-0.07028447929353211,0.1341640346391398,0.06771896442261992
Hk2,0.8998590302470583,-0.3293245843813424,0.4081523104566956
Hlf,-0.5058305556235839,0.6744419876103074,0.17757076870094227
Hmcn1,-0.6563512988893784,0.34414877375084585,-0.17190198661126593
Hmgcr,-0.5618093444414415,-0.6092735382762389,-0.7370948819846707
Hmox1,0.8200892561816113,-0.24289366770827173,0.36540662929400114
Hnrnpa1,0.37194795236754163,-0.4498522323113357,-0.12226184074491109
Hnrnpdl,-0.5227796889045463,0.154241419364302,-0.19810095248517545
Hnrnph1,-0.6785873177809163,-0.1059883790808106,-0.4590181389370346
Hnrnpk,-0.5703616593997252,-0.03737069398699665,-0.3575929026298527
Hnrnpm,0.09889586024488146,-0.6178091584200258,-0.4417053720145095
Homer3,0.4643129539170064,0.4571102211229342,0.5996652188917067
Hopx,0.6319383270993684,-0.14472108217216423,0.27746390174064406
Hoxb5,-0.43710104268610345,0.30909941424126985,-0.029109962082121684
Hoxb8,-0.3805002673258254,-0.14837912244057855,-0.3333856710036673
Hoxb9,-0.7121745910716307,0.24990035274740474,-0.2728675919382038
Hprt,-0.8460571943276731,0.1927458207788849,-0.4099908343776717
Hps5,0.6258739583107671,-0.29421164410275985,0.17864324098817833
Hsd17b4,0.09640791407519891,0.3134251651272494,0.3096380703577259
Hsf1,0.030788333849821593,0.16677448761985914,0.1533635370747569
Hspa5,-0.016327146738541756,-0.5966341341218455,-0.4941033037623285
Hspa9,-0.5308655139560147,0.1468700031631231,-0.20851925470404004
Hspd1,-0.3444250478654284,-0.370036939689594,-0.4830721602364719
Hspg2,0.2761620248347634,-0.6531610857671439,-0.34885991400521615
Hsph1,-0.849789113582197,-0.017182695205704864,-0.502989502713713
Htt,-0.5059860522591892,-0.016140403842485128,-0.3064206534960177
Huwe1,-0.3721034490031468,0.39737258958534444,0.08258036611717677
Icam1,-0.3509559065608451,-0.8461846486580465,-0.8483255792037251
Ick,-0.42217336566800817,-0.11295165425455513,-0.32940220250821906
Icosl,0.18395251992090375,-0.33374482998675836,-0.1591855294911812
Id1,-0.6258739583107671,-0.29925229796355723,-0.554621382827792
Id2,0.29762056054827535,-0.04069517784160587,0.1420259728954042
Id4,-0.25936838818940616,0.5707277632628958,0.29646198225739717
Idh1,0.22407065190703493,-0.1294729949987341,0.02819070012163363
Idh2,0.1853519896413502,0.5881785813362068,0.5776029318399934
Idi1,-0.7732847688644583,-0.4712685616699417,-0.6937363595149841
Ifi27,0.6689465263733964,0.16428960818087548,0.4893537836331403
Ifih1,0.015549663560515955,0.2900855583507201,0.24467689181657015
Ifit3,0.42092939258316686,0.31493402599953624,0.4775565884735436
Ifnar1,-0.2005906599306558,0.020139976936874363,-0.10096560532693784
Ifnar2,0.48950340888504223,-0.12554930573358267,0.19656884921769538
Ifngr1,0.41331005743851407,-0.11048255218034717,0.1593387398179292
Ift27,-0.6739224187127615,-0.060380236928788356,-0.42929533554792076
Igdcc4,-0.17400073524217352,0.6549322066923008,0.42240087084426037
Igf1r,-0.5557449756528403,0.206821863689103,-0.18446523340460266
Igf2,-0.15129822644382024,0.7750623014553928,0.534091199043559
Igfbp3,-0.041984091613393074,-0.5914797975202893,-0.5045216059811931
Ighm,0.47193228906165924,0.518034228878747,0.6462411582231014
Igsf11,0.08256871350633971,0.6354722989250214,0.5625883198186886
Igtp,0.5849783431466102,-0.4067141922978271,0.07323453618554823
Ikbkb,0.5983510538086539,-0.0957630758781705,0.28665652134552455
Ikbkg,0.6457775276682276,-0.12285937992200557,0.3004454507528454
Il10ra,0.8087380017824348,-0.4632861925761508,0.2503456739062465
Il11ra1,0.26434428052877124,-0.14751968735367876,0.03860900234049823
Il13ra1,0.34613551085708516,-0.3063195163942835,-0.03156132731008982
Il17ra,0.37521338171525,-0.5236273860669121,-0.17542582412647015
Il1r1,-0.4143985338877503,-0.4174892684110835,-0.5503314936788479
Il2rg,0.11475651707660774,-0.8746924610073316,-0.638887062539197
Il33,-0.6459330243038327,0.4269252686140984,-0.11199674885279448
Il34,-0.3767683480713016,0.34315452102953453,0.038455792013750226
Il4ra,0.4534281894246452,-0.6266232853963725,-0.1892147535337909
Il6ra,-0.022080522255932652,-0.5150291274847048,-0.43113385946889693
Il6st,-0.04385005124065499,-0.10460584685059114,-0.11046464558531438
Ilf2,-0.6891610890020672,-0.05062776369287326,-0.43174670077588895
Ilk,0.3585752417054979,-0.12406335879243652,0.11506095538775465
Ilkap,-0.39667191742876207,-0.2631963611403838,-0.42761002195369274
Immt,-0.34271458487377165,0.025427106544491988,-0.1804817649091544
Impact,-0.8356389197421273,0.46257566550908474,-0.28098773925584825
Impad1,-0.5646082838823343,0.008307263815335987,-0.3237334204185427
Ina,-0.7697083462455397,-0.1057330337028766,-0.5037555543474531
Ing3,-0.48017361074873266,-0.061082707297635895,-0.3235802100917947
Ino80d,-0.18317503674287794,0.3457904136674474,0.16929741105654977
Inpp1,-0.01788211309459335,0.24940048225833,0.1921257497420031
Inpp4b,-0.16964682944522907,0.39096850189433263,0.21403482646696836
Inpp5b,0.6125012476487235,-0.22588433187767126,0.21219630254599225
Inpp5d,0.9384221958771378,-0.1121270007238784,0.5158591701605458
Insr,0.10107281314335372,-0.6202744677137583,-0.4423182133215016
Ints4,-0.13434909316285787,0.0029389112731302873,-0.0759923220670124
Ipmk,-0.4265272714649527,0.03893422771629607,-0.22016323953688874
Iqgap1,-0.05613428545346259,-0.22599585475177797,-0.21602656071469248
Irak1,0.39278450153863304,0.2934415965764797,0.4482934160646739
Irak2,-0.3652615970365198,-0.26937803560150714,-0.41673208875458406
Ireb2,-0.29280016484451543,0.03168606342067508,-0.14616265171760046
Irf1,0.6339597833622355,-0.42762005595856517,0.10111881565368584
Irf3,0.6277399179380292,-0.03723732949743687,0.34257829060854783
Irf5,0.893639164822852,-0.32861552872266847,0.40141105607978317
Irf8,0.887885789305461,-0.22425685074217186,0.43404485567710904
Irf9,0.3912295351825814,-0.17222557750152812,0.09943350205945775
Irgm1,0.4545166658738814,-0.3498639321232388,0.011950405486344691
Irgm2,0.45716010867916906,-0.41063822500163,-0.03002922404260974
Irs2,-0.27569553492794785,0.04268094254369294,-0.12747099185434335
Isca1,-0.7291237243525932,-0.5477122403107993,-0.7297407863007662
Isg15,0.3685270263842282,-0.4571006668092757,-0.13022877773580752
Itch,-0.23153449041608257,-0.1061684284164816,-0.21893755692290465
Itga1,-0.45047375334814727,-0.3097398978768522,-0.48736204938541616
Itga3,-0.09671890734640924,0.14254121906842201,0.0588327654712354
Itga4,0.47473122850255206,-0.5330120639921366,-0.10418302218864602
Itga5,0.6624156676779798,-0.46822081096529866,0.10142523630718188
Itga6,-0.31534717700726356,0.16386592278721054,-0.05760708285725133
Itgam,0.7763947015765617,-0.4640404841543576,0.21526050908095246
Itgav,-0.42466131183769074,0.48991228241351464,0.11260959015978651
Itgb1,0.010729267856756007,-0.5943251568201245,-0.4764841161863076
Itgb2,0.8138693907574053,-0.3928544658502709,0.2892610969002407
Itgb4,-0.09578592753277829,0.48671710742489227,0.3376755601526116
Itgb5,0.8462126909632783,0.6175552617127543,0.760842482630612
Itgb8,-0.45840408176401043,0.680190970121114,0.2236870770520929
Itih5,-0.3529773628237122,0.6637756598769001,0.2986069268318693
Itpkb,-0.04213958824899824,0.7925810897427171,0.6186632994084598
Itpr1,0.1425904148499313,0.27368032110321816,0.30320323663430954
Itpr2,0.18581847954816566,0.6040147705527594,0.5904725992868262
Itsn1,-0.3562427921714205,0.39829201141604365,0.09453077160352147
Itsn2,-0.2732075887582653,0.041772771819192915,-0.12670494022060333
Ivd,-0.0634426273269051,0.5604641906424465,0.41734493006157614
Jade2,-0.1250192950265483,0.14902762106548625,0.04718878063838673
Jag1,-0.11817744305992126,0.5812063519392459,0.3998789528123031
Jag2,-0.4958787709448538,0.0014579167600609717,-0.28818862461300465
Jak1,0.40040383668328583,-0.29727675793207275,0.012256826139840709
Jak2,0.12408631521291731,-0.494664889413169,-0.32633799597325885
Jak3,0.3340067732798827,-0.3234695129693827,-0.05285756272806306
Jam2,-0.6310053472857374,0.30466637501076904,-0.1760386654334622
Jarid2,0.3853206630295854,-0.27038331441617736,0.022062287051713272
Jmjd6,-0.25827991174017,-0.18445650818300088,-0.29538950997016106
Jpt1,0.684185196662702,-0.3904008317092462,0.1677653077890697
Jun,-0.4498517668057266,0.15448377760365506,-0.1502993305397967
Jup,-0.42497230510890105,0.0203750649211317,-0.23287969665697347
Kansl2,0.2256256182630865,0.22576108029506634,0.3102509116647179
Kat14,0.38672013275003175,0.38386104740166566,0.5131013842790817
Kat2a,-0.26263381753711446,-0.35267750140737236,-0.42960175620141683
Kat5,-0.48172857710478423,0.39793287519200354,0.002298154901220133
Kat6a,0.005597878881785743,0.3571806079873674,0.29339777572243697
Kat8,0.29108970185285865,-0.05581748607354854,0.1263985195671073
Kcnab2,-0.8793334743471773,0.12890187111732038,-0.46300160743248275
Kcnip3,-0.6212090592426124,0.3277725552806359,-0.15366995772825287
Kcnj10,-0.5678737132300427,0.29829766796192697,-0.13176088100328762
Kdm1a,-0.10278327613501047,0.11666702156044077,0.034319113191553986
Kdm2a,-0.332296310288226,-0.06039576866994252,-0.24008058201412988
Kdm4a,0.6135897240979596,-0.2615121713948159,0.190134015494279
Kdm4b,-0.01415019384006952,0.18728661494489454,0.1438644968163803
Kdm4c,-0.40817866846354384,0.23385085316092968,-0.06465475788765974
Kdm5a,-0.16902484290280842,0.4140110960022288,0.23287969665697347
Kdm5b,-0.3058618822353488,-0.03360779012618837,-0.2043825758818438
Kdm5c,0.47317626214650055,-0.16534523451906025,0.15765342622370113
Kdm6a,-0.10464923576227238,0.16564033374901374,0.0727749052053042
Kdm6b,0.3675940465705972,-0.37872428329443797,-0.07170243291806813
Kdm7a,-0.23868733565391992,-0.13156254455393449,-0.24299157822234205
Kdr,-0.48639347617293904,0.07136705571510608,-0.2330329069837215
Keap1,-0.356709282078236,0.39166010703940307,0.08916841016734116
Khdrbs1,-0.27740599791960463,0.11583357091515895,-0.07139601226457212
Khsrp,0.3486234570267677,-0.13405302880774467,0.10127202598043387
Kif1b,-0.72601379164049,0.37460184202229335,-0.2141880367937164
Kif1c,0.1926603315147927,0.23961052394734375,0.30335644696105757
Kif21b,0.7798156275598751,-0.10714152956862782,0.40033858379254716
Kif3b,-0.1261077714757844,-0.2792898528674677,-0.2986069268318693
Kif5a,-0.8623843410662148,0.18103987875537797,-0.4285292839141808
Kif5b,-0.7591345750243889,0.19207336828119984,-0.3411993976678157
Kif5c,-0.7919443651370776,0.2618792295331217,-0.3320067780629352
Kifap3,-0.7468503408115813,0.1999923823668521,-0.327563678587243
Kitl,-0.6139007173691698,0.3720253177652835,-0.1195040548634469
Klc1,-0.8920841984668003,0.1811495289565701,-0.4538089878276023
Klc2,-0.7720407957796172,-0.0005915729361175557,-0.4505915709658941
Klf11,-0.3165911500921048,0.38101952198671885,0.1089325423178343
Klf12,-0.676410364882444,0.3999951681887543,-0.15520206099573297
Klf4,-0.6908715519937237,-0.026607212741136293,-0.4185706126755602
Klhl3,0.6491984536515412,-0.265919179890601,0.21434124712046443
Kmt2a,0.10045082660093307,0.48939999981875787,0.45411540848109827
Kmt2b,0.5764260281883264,-0.08178821863199463,0.28190700121633633
Kmt2c,-0.13730352923935588,0.5542434166175977,0.3658662602742451
Kmt2d,0.2394648188319457,0.08400128825135045,0.20591467914932393
Kmt2e,-0.36603908021454556,0.14480186166021541,-0.10402981186189802
Kmt5b,-0.3425590882381665,0.34571964203462724,0.0640419165806677
Kpnb1,0.05349084264817488,-0.42945138111818515,-0.3171453763683783
Kras,-0.6641261306696365,-0.21641064792007966,-0.5187701663687581
Lama1,-0.3915405284537918,0.3110585097085771,0.0041366788221962394
Lama4,0.014461187111279838,-0.1803427161685646,-0.138042504399956
Lama5,-0.35499881908657926,0.08219671203488546,-0.14463054845012036
Lamb2,-0.44689733072922855,0.32558769481312017,-0.02405402129943739
Lamc1,0.3633956374092579,-0.32278770734739415,-0.03232737894382987
Lamp1,0.8356389197421273,0.5318621277174232,0.7246848455180819
Lamp2,0.1892394055314792,0.03891680194717106,0.14141313158841218
Lamtor1,0.3004194999891683,0.3587861239082228,0.4531961465206102
Lamtor2,0.24055329528118186,-0.2510097130560117,-0.05760708285725133
Lamtor3,0.04835945367320462,0.024908196697599045,0.048414463252370796
Lamtor4,0.6582172585166404,-0.2271649905367528,0.24498331247006616
Lamtor5,-0.6255629650395569,-0.1577726262497765,-0.46484013135345886
Laptm4b,-0.644222561312176,-0.010498527775432262,-0.38225976523628213
Lasp1,0.3766128514356964,-0.36398183806911594,-0.05423645566879514
Lats1,-0.005753375517390903,0.2680053648609484,0.21434124712046443
Lats2,-0.703777772748952,0.16676896656765564,-0.3142343801601662
Lbh,0.7316116705222757,0.10759747343642649,0.48628957709818016
Lbr,0.05084739984288717,-0.021825509326000154,0.011950405486344691
Lcp2,0.7639549707281489,-0.35287377574575135,0.26061076579836306
Ldah,-0.3837656966735338,-0.07885789544650136,-0.28297947350357233
Ldb1,0.3169021433633151,0.5981035674640225,0.6456283169161093
Ldha,-0.1842635131921141,-0.6097682570608264,-0.5943028574555264
Ldhb,-0.6602387147795074,0.15655447672547987,-0.2895675175537368
Lef1,-0.4223288623036134,0.5197278775728135,0.1363571908057279
Leprot,0.22158270573735234,0.25289431023516823,0.3295554128349671
Letmd1,0.38454317985155956,0.577036540066292,0.656965881095462
Lfng,0.13916948886661779,0.4870633607041831,0.47296027867110335
Lgals1,0.6810752639505988,-0.25803601268090903,0.24375762985608207
Lgals9,0.6194985962509557,-0.4957559702327133,0.04519704639066261
Lgi3,-0.7689308630675139,-0.08167000734771147,-0.4908858869006204
Lifr,-0.42590528492253193,0.7261570940038885,0.2852776284047925
Lima1,-0.3570202753494463,-0.4478383195334321,-0.5480333387776276
Limd1,0.7619335144652819,-0.05694322031940726,0.41443393385336397
Limk1,-0.771885299144012,0.019406739933616916,-0.44017326874702944
Limk2,0.11786644978871094,-0.3824754690151568,-0.23977416136063387
Lin7c,-0.5454821977028997,0.30122915114909404,-0.11306922114003053
Lipe,-0.13559306624769915,0.08360654465576861,-0.011797195159596683
Litaf,0.5022541330046654,-0.4656835450350168,-0.03416590286480598
Lmna,0.15207570962184605,-0.3797425140665252,-0.21617977104144048
Lmnb1,0.48188407374038944,-0.5070177379309422,-0.07982258023571262
Lmo2,0.5918201951132372,0.5573803876774632,0.7101298644770212
Lmo4,0.04680448731715302,0.23164923524711592,0.21526050908095246
Lpar6,0.11879942960234188,-0.1706294293746709,-0.06833180572961196
Lpin1,-0.4565381221367484,0.16598196998595036,-0.14631586204434846
Lpp,0.4420769350254686,-0.4506014675232504,-0.07047675030408408
Lrig1,-0.13621505279011978,0.7014921559221994,0.485063894484196
Lrp1,0.1480327970961119,0.7619935638203474,0.6984858796441724
Lrp5,-0.40817866846354384,0.07248968413542603,-0.18431202307785463
Lrp6,-0.5851338397822153,0.44133098954461697,-0.05055940782684292
Lrp8,-0.5322649836764611,-0.06054953789134616,-0.3520773308669244
Lrpprc,-0.455138652416302,-0.16699791568992398,-0.3862432337317303
Lrrk1,0.5338199500325127,0.1728333334201987,0.4300613871816608
Lsm14a,-0.0611101777928277,-0.014430542046608949,-0.04734199096513473
Lsr,-0.0864561293964687,-0.5054671101304359,-0.45947776991727857
Lta4h,0.26838719305450537,-0.6024074474474239,-0.3148472214671582
Ltbr,0.5053640657167685,-0.2605071338156933,0.11214995917954249
Luc7l3,0.12626326811138955,0.01052220410405832,0.08212073513693274
Lum,0.40335827275978386,0.31300005925266655,0.46790433788841906
Luzp2,-0.3647951071297043,0.6919291317856114,0.310557332318214
Ly75,0.21847277302524917,-0.4038987845206228,-0.19273859104899516
Ly86,0.8098264782316709,-0.11890588735614716,0.415659616467348
Lyn,0.7235258454708073,-0.32742266070111437,0.23839526841990177
Lyst,0.36448411385849394,-0.496344023224317,-0.16286257733313342
Lztr1,-0.028611380951349356,-0.049075025768156255,-0.05653461057001526
Mad1l1,0.15751809186802662,-0.3649277706131622,-0.2008587383666396
Mad2l2,0.24708415397659853,-0.5466899042856759,-0.28619689036528057
Maf,0.2895347354968071,0.672306976491579,0.6915914149405119
Maf1,0.2833148700726007,0.17670466754218125,0.3028968159808135
Mafb,0.9252049818506993,0.2897423900210514,0.6289283913005763
Mag,-0.5006991666486137,-0.19347574833173484,-0.42806965293393673
Magoh,-0.471776792426054,-0.2002333698341691,-0.4185706126755602
Mal,-0.6324048170061839,-0.4919773314284984,-0.6784153268401832
Maml1,0.6264959448531878,-0.12316004419379617,0.2874225729792646
Man2b2,0.6944479746126426,0.3537103801352674,0.6117688347047994
Maoa,-0.564297290611124,0.215251320683807,-0.18477165405809867
Map1b,-0.734877099869984,0.18703676682561998,-0.3255719443395188
Map1lc3a,-0.8261536249702126,0.11615942252048418,-0.42868249424092886
Map2,-0.7292792209881983,0.33002999518172044,-0.241919105935106
Map2k1,-0.2170733033048027,-0.17305697749903454,-0.26382818266007124
Map2k2,0.4683558664427406,-0.2813461859588607,0.07124280193782412
Map3k1,0.3787898043341687,0.13369721887330527,0.3214352655173226
Map3k11,0.07323891537003015,0.3001719327797698,0.2858904697117845
Map3k7,-0.376146361528881,-0.0470403651362812,-0.2547887733819387
Map3k8,-0.2220491956441678,-0.49225350223256953,-0.5193830076757501
Map4,-0.6779653312384957,0.5652234834320456,-0.05791350351074735
Map4k4,0.684185196662702,-0.36324579961853454,0.18385239209761065
Map7,-0.43088117726189706,0.16810315652933222,-0.1280838331613354
Mapk1,-0.6093913149366202,-0.07378484325022469,-0.4029431593472633
Mapk10,-0.8364164029201532,0.2667218808379644,-0.3690836771359533
Mapk14,0.8034511161718595,0.022626008214409382,0.47954832272126774
Mapk3,0.38687562938563697,0.3747673428627837,0.5063601299021693
Mapk8ip1,-0.723214852199597,0.0052261162663284795,-0.4188770333290562
Mapk8ip2,-0.7715743058728017,0.05788528912335781,-0.42010271594304033
Mapk9,-0.8018961498158078,0.17731045312251476,-0.38164692392929006
Mapkap1,0.06484209704735154,0.06523884498924679,0.09070051343482124
Mapkapk2,0.8455907044208576,-0.4536611756517179,0.29646198225739717
Mapre1,0.38687562938563697,-0.33723785016119484,-0.026965017507649562
Mapre2,-0.8065610488839626,0.32717113573120477,-0.3133151181996781
Mapt,-0.676410364882444,0.22329628417632108,-0.2609171864518591
March2,-0.7516707365153413,-0.17088253803057626,-0.5299545202213627
Marcks,0.8267756115126332,0.17657519129153929,0.5628947404721846
Marcksl1,0.7990972103749149,-0.4592978818018937,0.24176589560835796
Mark2,-0.04556051423231174,-0.4343671666011775,-0.3790423483745739
Mark3,-0.25081607323112237,0.035228721251575966,-0.11858479290295887
Mast2,-0.49245784496154027,-0.28612851304115755,-0.48950699395988834
Mast3,0.5299325341423838,0.14093100307344,0.4061605762089714
Max,0.08085825051468297,-0.13772583040211325,-0.06434833723416372
Maz,0.1397914754090384,0.16416668174742002,0.21357519548672432
Mbd2,-0.04571601086791691,0.051551313404414066,0.015167822348052877
Mbd3,0.5977290672662332,-0.13396965609027808,0.2613768174321031
Mbnl1,-0.02083654917109138,0.20475029567161784,0.1541295887084969
Mboat7,0.011817744305992126,-0.03281869798690646,-0.019764132150493142
Mbp,-0.6037934360548346,0.5433851634755829,-0.0003064206534960177
Mcam,0.32934187421172795,-0.5876347074096606,-0.258619031550639
Mcl1,0.26558825361361255,-0.5802744492259259,-0.2995261887923573
Mdk,0.7042442626557676,0.3711601944282028,0.6247917124783802
Mdm2,0.05862223162314515,0.000724910830473659,0.03477874417179801
Mdm4,-0.01974807272185526,0.13340896584901504,0.09682892650474159
Mdp1,0.3237439953299422,-0.10035826388738658,0.11169032819929844
Mecom,-0.05131388974970265,-0.03317516387186585,-0.056841031223511286
Mecp2,-0.14772180382490158,0.35802049709808,0.20147157967363166
Med1,-0.4374120359573138,0.014292077320193419,-0.24467689181657015
Med12,0.26558825361361255,0.20600000709067962,0.3162261144078903
Med15,0.013994697204464359,0.021829397270585433,0.025892545220413496
Med21,-0.36230716096002175,-0.32049447478430676,-0.45396219815435024
Mef2a,0.3633956374092579,0.23193634034015115,0.3874689163457144
Mef2d,-0.24008680537436633,-0.11949931477610012,-0.23425858959770554
Meg3,-0.006064368788601222,0.04811345492644797,0.03554479580553806
Men1,-0.2772505012839995,-0.29398495995086554,-0.39114596418766656
Mertk,0.3733474220879881,0.3858382914915707,0.5085050744766414
Mfn1,-0.6607052046863229,0.446798358641271,-0.11291601081328255
Mfn2,-0.232000980322898,0.054910034180710464,-0.09192619604880532
Mfsd2a,-0.4273047546429785,0.25924237354810153,-0.0588327654712354
Mia2,-0.13777001914617135,0.19051733781300678,0.07292811553205221
Mib1,-0.4288597209990301,0.3826219766732079,0.030642065349601774
Micu1,-0.6058148923177016,0.30468491218090493,-0.15642774360971706
Micu2,0.4689778529851612,0.4289651866551634,0.5812799796819456
Miga1,-0.6387801790659955,0.274493151422458,-0.20101194869338762
Miga2,-0.25034958332430685,-0.07694664853041433,-0.20652752045631595
Mindy1,0.14134644176509004,0.015989342013129106,0.0952968232372615
Mkln1,-0.6243189919547156,-0.05923757033826118,-0.4017174767332792
Mknk1,0.7619335144652819,0.39707618160135205,0.6532888332535098
Mknk2,0.5146938638530781,-0.13008806019216823,0.20959172699127612
Mlc1,-0.2026121161935229,0.7028856126881121,0.4409393203807695
Mllt10,0.0657750768609825,0.3318494162172259,0.30733991545650574
Mllt6,0.2980870504550909,0.4709195448941212,0.5389939294994952
Mmp14,0.9269154448423561,-0.036983649758228584,0.5293416789143707
Mmp15,0.07837030434500042,-0.4739982197025533,-0.3381351911328555
Mmp28,0.12144287240762962,0.7548895139066962,0.6794877991274194
Mms19,0.6936704914346168,-0.17980801924968906,0.2993729784656093
Mmut,-0.5524795463051319,0.3231735765264779,-0.10341697055490598
Mob2,-0.5764260281883264,0.22743473915976958,-0.1852312850383427
Mog,-0.8407703087170976,-0.19034185893933825,-0.5740790943247892
Mpc1,-0.5728496055694078,0.007070199919528868,-0.32940220250821906
Mpc2,-0.7959872776628117,-0.07597768233046509,-0.5016106097729811
Mprip,0.09360897463430604,-0.36872661194589706,-0.2436044195293341
Mpzl1,-0.20510006236320547,0.38942375266373863,0.189980805167531
Msmo1,-0.7879014526113435,-0.5588597121219498,-0.7390866162323947
Msn,0.5325759769476714,-0.5567620348595406,-0.07216206389831217
Mt2,0.7255473017336745,0.012603491367718048,0.43021459750840885
Mta1,0.4507847466193575,0.09761036263980706,0.3336920916571633
Mta2,0.752292723057762,-0.32631676786682384,0.26413460331356725
Mta3,0.17540020496261996,-0.06412559590695202,0.05101903880708695
Mtch1,-0.42528329838011136,-0.3132293918835136,-0.47832264010728365
Mtch2,-0.48406102663886175,-0.2850158873971627,-0.484910684157448
Mtif2,-0.29140069512406896,0.0172139054818181,-0.15658095393646504
Mtmr12,0.3212560491602596,-0.2037434249041636,0.030642065349601774
Mtor,-0.25563646893488234,0.11338131762752247,-0.06005844808521948
Mtrex,-0.5448602111604791,-0.20824955439490866,-0.4596309802440266
Mtus1,-0.20354509600715384,0.3136002262363587,0.13068840871605156
Mxd4,-0.222204692279773,-0.06946977557270592,-0.18461844373135067
Mybbp1a,0.37039298601149007,-0.31900285651952937,-0.024666862606429425
Mycbp2,-0.4678893765359251,-0.003166587437524157,-0.27516574683942396
Myd88,0.6016164831563623,-0.33417255422887354,0.13405903590450774
Myh10,-0.3360282295427498,-0.42110362211580654,-0.5181573250617659
Myh9,0.4204629026763514,-0.635415694543886,-0.22307423574510094
Mylk,0.12206485895005025,0.17926376715875794,0.2157201400611965
Myo10,0.17555570159822512,0.19976843532205593,0.26214286906584316
Myo18a,0.36401762395167847,-0.037209226145713814,0.18415881275110663
Myo1c,-0.16886934626720324,-0.4912532375616635,-0.4918051488611085
Myo1d,-0.5599433848141795,-0.28283108546492886,-0.516931642447782
Myo1e,0.6532413661772752,-0.20097179690066475,0.2573933489366549
Myo5a,-0.3787898043341687,0.4715883447049216,0.13359940492426373
Myo6,-0.48654897280854426,0.6693020702012871,0.19120648778151506
Myo9a,-0.6857401630187535,0.361363118145283,-0.18630375732557877
Naa15,-0.09625241743959376,0.08970865474074637,0.01639350496203695
Nadk2,-0.49432380458880226,0.6565272800099142,0.17527261379972212
Nae1,-0.4125325742604882,0.1009237119388102,-0.1659267838680936
Nagk,0.7244588252844383,-0.029242472910108404,0.4061605762089714
Nampt,0.03452025310434542,0.0021869963536473836,0.021909076724965264
Nbr1,0.14476736774840354,0.14294677620437432,0.19932663509915952
Ncam1,-0.4601145447556671,0.3831419605705705,0.00796693699089646
Ncan,-0.48281705355402044,-0.23756701704302605,-0.4505915709658941
Ncf1,0.7877459559757384,-0.2975535017105573,0.310557332318214
Nck1,-0.23277846350092385,-0.2765321849935636,-0.35422227544139645
Ncl,0.232000980322898,-0.29011534681355217,-0.09391793029652944
Ncoa1,-0.5554339823816299,0.27931035341928423,-0.1352847185184918
Ncoa2,0.5064525421660047,0.09756617907363908,0.363721315699773
Ncoa3,0.1352820729764888,0.21301796025570924,0.2503456739062465
Ncor1,0.10433824249106205,0.31971016137743674,0.31913711061610245
Ncor2,0.08832208902373061,-0.008563447225184356,0.04458420508367058
Ncstn,0.6795202975945474,0.22320268105350724,0.5293416789143707
Nde1,0.32840889439809695,-0.47709415776148895,-0.1745065621659821
Ndel1,-0.6566622921605888,-0.3774383325002055,-0.6142201999327676
Ndn,-0.6756328817044183,-0.09261302155217901,-0.44951909867865797
Ndrg2,0.24770614051901915,0.6926791058941681,0.6895996806927879
Ndrg4,-0.6600832181439023,-0.30285729401092926,-0.569789205175845
Ndst1,0.37039298601149007,-0.07513315273845103,0.1593387398179292
Ndst2,0.7888344324249743,-0.1881010109507703,0.3661726809277412
Ndufa9,-0.7061102222830296,0.16248820549433718,-0.3183710589823624
Ndufs1,-0.7314561738866706,0.1940403542051593,-0.31913711061610245
Ndufs4,-0.4633799741033755,0.2087985025998371,-0.11996368584369092
Ndufv2,-0.6894720822732775,-0.35188708702989374,-0.6091642591500832
Neat1,0.40429125257341486,-0.0901289882860568,0.1688377800763058
Nectin2,0.6048819125040706,-0.62546156158177,-0.05178509044082699
Nedd4,-0.3853206630295854,0.01774966638677977,-0.21143025091225223
Nedd4l,-0.4888814223426216,0.13536536465829782,-0.1892147535337909
Nefh,-0.7043997592913728,0.0070445356433477945,-0.4067734175159635
Nefl,-0.7056437323762141,0.0897714613783863,-0.3598910575310728
Nefm,-0.6720564590854996,-0.14534149228424292,-0.47939511239451976
Nek7,-0.30057499662477344,0.1760499526537924,-0.03891542299399425
Nelfb,0.2739850719362911,-0.12218281914460324,0.06434833723416372
Nes,-0.3647951071297043,0.18569922800490807,-0.07231527422506018
Neu1,0.4476748139072544,-0.3284628693843115,0.022521918031957303
Nf1,-0.5846673498753999,0.2814791782107927,-0.155508481649229
Nf2,-0.19017238534511013,0.25666149787010106,0.09376471996978143
Nfat5,-0.14056895858706422,0.5627736624062265,0.37061578040343346
Nfatc1,0.692893008256591,0.4502642660859931,0.6678438142945706
Nfatc3,-0.24739514724780884,0.5019976504733596,0.25080530488649055
Nfe2l1,-0.1334161133492269,0.1097903723906606,0.01057151254561261
Nfe2l2,0.6641261306696365,-0.02527811901177493,0.3719946733441655
Nfia,-0.415176017065776,0.7245002475304022,0.29324456539568894
Nfib,-0.4666454034510838,0.17624059762928226,-0.1455498104106084
Nfix,0.03638621273160733,0.5364855561895472,0.45671998403581443
Nfkb1,0.6103242947502512,-0.4439143441575224,0.07032353997733608
Nfkb2,0.42917071427024034,-0.6813389281476043,-0.24957962227250644
Nfkbib,0.38765311256366275,-0.48958106875832214,-0.14049386962792412
Nfya,0.4977447305721157,0.039618857571176405,0.31821784865561437
Nhsl1,0.014461187111279838,0.2736968414206715,0.23073475208250138
Nid1,0.4310366738975023,0.09847912719222866,0.3235802100917947
Nid2,-0.07463838509047659,0.008914881285090246,-0.0363108474392781
Nipbl,-0.05006991666486137,0.16441409473491314,0.10418302218864602
Nipsnap2,0.0634426273269051,0.4871294138553038,0.431899911102637
Nlgn2,-0.2977760571838805,-0.05915932635400056,-0.21955039822989666
Nlrc5,0.8298855442247365,-0.44393953249571355,0.28282626317682436
Nmt1,0.41035562136201603,0.042370569969288535,0.27072264736373164
Nod1,-0.3363392228139601,0.355575076402998,0.07583911174026439
Nos3,0.016171650102936592,-0.0876340573440311,-0.061743761679447576
Nosip,0.3448915377722439,0.02834619453521721,0.22276781509160487
Notch1,-0.09500844435475247,-0.12189035855124873,-0.1539763783817489
Notch2,0.7449843811843194,0.2940512022763706,0.5938432264752823
Notch3,-0.04276157479141888,0.14475818884698344,0.09253903735579735
Notch4,-0.4999216834705879,0.014178148043282985,-0.28160058056284026
Nova2,-0.3696155028334642,0.41613591625088897,0.09851424009896968
Npc1,0.37956728751219443,0.5347638299430594,0.6232596092109001
Npepps,-0.5952411210965507,0.2199299012429804,-0.20361652424810375
Nploc4,-0.1699578227164394,-0.3106394756282979,-0.34778744171798015
Npr1,0.06266514414887929,0.3995979232350727,0.3605038988380649
Nr1d1,-0.21645131676238205,0.7264039704519779,0.44982551933215403
Nr1h2,0.029388864129375154,0.35571270233074825,0.3059610225157737
Nr1h3,0.553568022754368,-0.3785210502947753,0.06679970246213186
Nr2c2,-0.18457450646332438,0.4603240608710956,0.25984471416462307
Nr2f1,-0.13559306624769915,0.48795539355307294,0.3136215388531741
Nr2f2,0.09811837706685567,0.007104021848074369,0.06296944429343164
Nr3c1,-0.4742647385957366,0.6687361120357667,0.20162479000037967
Nr3c2,-0.3689935162910436,0.6783441320244767,0.29692161323764116
Nrcam,-0.3052398956929282,0.3931582943328939,0.1260920989136113
Nrf1,-0.04369455460504983,0.11447242755719361,0.0674125437691239
Nrip1,0.6555738157113526,0.010830311381499315,0.3890010196131945
Nrp1,-0.3061728755065592,0.3226595560018659,0.07093638128432811
Nrp2,0.04089561516415696,0.6284793315261014,0.5339379887168109
Nsf,-0.7487163004388432,-0.1928512291178426,-0.5405260327669752
Nsmf,-0.8182232965543497,0.07736587451232822,-0.4410925307075175
Nsun2,-0.13248313353559596,0.13421902062428295,0.03079527567634978
Ntn1,-0.5361523995665901,0.2297055680444575,-0.15520206099573297
Ntng2,-0.06079918452161738,0.35401248746301645,0.25157135652023055
Ntrk2,-0.593530658104894,0.49366235785838064,-0.023441179992445358
Ntsr2,-0.46959983952758183,0.3763537787250816,-0.00398346849544823
Numb,0.07354990864124047,-0.06297688554283945,-0.008120147317644471
Nup98,-0.13248313353559596,-0.06368321034319814,-0.12854346414157944
Nxn,0.4394334922201809,-0.189361007236373,0.11812516192271483
Oasl2,0.5170263133871555,-0.3748638647880047,0.04090715724171837
Ocln,-0.5969515840882075,0.06076715415529603,-0.30856559807048983
Odc1,0.1956147675912907,-0.3068927954149717,-0.13038198806255555
Odf2,0.21054244460938604,-0.18878857019267045,-0.02711822783439757
Odr4,-0.47846314775707594,0.3611596576012236,-0.02144944574472124
Ogdh,-0.6944479746126426,-0.013466615328763042,-0.41290183058588387
Ogt,0.6415791185068883,0.36383065374046897,0.6008909015056908
Olfml3,0.6700350028226326,0.2470471822438425,0.5397599811332353
Olig1,-0.6121902543775132,-0.55543509067013,-0.7138069123189733
Opa1,-0.7798156275598751,0.31834908497991077,-0.29293814474219293
Osgep,-0.023479991976379094,0.21043415069192004,0.1571937952434571
Osmr,-0.4122215809892779,-0.7319745585011793,-0.7821387180485851
Otud5,0.45747110195037943,-0.4094784233193107,-0.028956751755373676
Otud7b,-0.16933583617401876,0.19609027225152825,0.05821992416424337
P2rx4,0.901569493238715,0.3648602141297427,0.6540548848872498
P2rx7,0.5879327792231083,0.5763619491749601,0.7216206389831217
P2ry12,0.6614826878643486,0.37243430457579546,0.6126880966652873
P4hb,0.4612030212049032,-0.6438160924393489,-0.19503674595021528
Pa2g4,-0.058155741716329666,-0.36853510790260563,-0.3327728296966752
Padi2,0.0,0.7378550122766184,0.5993587982382106
Pafah1b1,-0.893639164822852,0.24834316160666728,-0.43067422848865294
Pafah1b2,-0.794276814671155,0.09085343140191232,-0.41841740234881225
Paip1,-0.41548701033698626,0.07748512689206143,-0.1850780747115947
Pak1,-0.771885299144012,0.33654997450371327,-0.276391429453408
Pak2,0.8006521767309664,-0.05601277835396398,0.4397136377667854
Pakap,-0.27771699119081494,-0.5271216862949321,-0.5733130426910491
Palmd,-0.7162175035973649,-0.111485637632741,-0.4809272156619998
Panx2,-0.775772715034141,0.29956730022217437,-0.2989133474853653
Pard3,-0.5624313309838621,-0.1279561892245992,-0.41397430287311987
Park7,0.10169479968577434,-0.23569307311294896,-0.1311480396962956
Parp1,0.5739380820186439,-0.20127424380001144,0.2008587383666396
Parva,-0.2772505012839995,0.041507147672643976,-0.1293095157753195
Parvb,-0.3346287598223034,-0.21058682715746738,-0.35636722001586857
Patz1,0.14165743503630035,0.28479940739978576,0.31162980460545003
Paxbp1,0.09065453855780801,-0.04736794897801755,0.014554981041060842
Paxip1,-0.43601256623686735,0.13619060012040182,-0.15474243001548893
Pbrm1,0.2352664096706064,-0.2714152504839167,-0.07706479435424846
Pbx2,0.6641261306696365,-0.27958112221355924,0.21755866398217258
Pbx3,-0.4374120359573138,0.11308076948361392,-0.17251482791825798
Pcdh10,-0.38189973704627184,0.6011878302656131,0.2285898075080292
Pcm1,-0.5364633928378004,0.31048238049334753,-0.10004634336644978
Pcmtd2,0.041828594977787924,0.3646759702956836,0.32036279323008654
Pcna,0.03358727329071447,-0.4604497213847647,-0.35422227544139645
Pcnt,0.32047856598223384,0.258651249797112,0.38593681307823424
Pcx,-0.47504222177376243,0.1331905029204097,-0.1818606578498865
Pdap1,-0.09982884005851243,-0.09818673765647805,-0.13758287341971198
Pdcd4,-0.35826424843428756,0.25492158333768805,-0.015627453328296903
Pde7b,-0.12144287240762962,-0.24620680412315402,-0.26934375442299957
Pde8a,-0.4661789135442683,0.2775079055606024,-0.0724684845518082
Pdgfa,-0.17275676215733224,-0.318518769755382,-0.3556011683821285
Pdgfb,-0.15611862214758018,0.2721701188429297,0.12731778152759538
Pdgfra,0.2977760571838805,0.3397174412582991,0.43710906221206924
Pdgfrb,-0.13450458979846303,-0.0007552115707348236,-0.07905652860197257
Pdia3,0.12548578493336376,-0.6410141417784738,-0.4433906856087376
Pdpk1,-0.8182232965543497,0.4431748292629126,-0.2702630163834876
Pdxk,-0.5345974332105385,0.355777059833211,-0.0675657540958719
Pecam1,0.016949133280962394,-0.5032022619497225,-0.398806480525067
Peg3,-0.6283619044804497,0.03056170468920917,-0.3471746004109881
Per1,-0.2363548861198425,0.16300768813795613,-0.009192619604880532
Per2,-0.42372833202405974,0.05331748398308285,-0.20790641339704802
Per3,-0.10962512810163748,0.5251183114298176,0.36004426785782084
Pfkl,0.5117394277765801,-0.34644944040732256,0.05668782089676328
Pfkp,-0.3271649213132557,-0.3102841034295577,-0.4289889148944248
Pgam5,-0.4140875406165399,-0.0944168857861262,-0.311323383951954
Pgk1,-0.36199616768881143,-0.5547949252964527,-0.6312265462017965
Phb,-0.6820082437642297,-0.025978081249985265,-0.41320825123937993
Phb2,0.6064368788601222,-0.26771179927897915,0.18078818556265044
Phc1,-0.2870467893271245,0.20176883992128414,-0.010418302218864603
Phc2,0.3814332471394563,-0.3515681595631373,-0.0415199985487104
Phf10,0.24552918762054696,-0.27972839610794564,-0.07706479435424846
Phtf1,-0.32016757271102353,-0.35004298997934336,-0.45610714272882236
Pi4ka,-0.6781208278741008,0.1263849986889336,-0.32005637257659053
Pias1,-0.39853787705602395,0.121160312634982,-0.14217918322215223
Pias2,-0.7664429168978315,0.30207385909319556,-0.28941430722698874
Picalm,-0.23479991976379092,-0.5819510801118459,-0.5964478020299985
Pick1,-0.03156581702784739,0.12306825061919853,0.08150789382994071
Piezo1,0.37832331442735323,0.03113378959454231,0.24406405050957813
Pik3c3,-0.619809589522166,0.32242437528677675,-0.15596811262947302
Pik3cb,-0.5162488302091297,0.05863774075032725,-0.26030434514486706
Pik3cd,0.719327436309468,-0.4279982989251662,0.17803039968118628
Pik3cg,0.9049904192220287,-0.07231825156238698,0.502836292386965
Pik3r1,0.046182500774732384,0.2218935994224806,0.20698715143655994
Pik3r2,0.5706726526709356,0.5061280011665173,0.6704483898492869
Pink1,-0.42015190940514113,0.6857838789383967,0.26045755547161503
Pip4k2c,0.3004194999891683,0.02558112633957439,0.19503674595021528
Pip4p1,-0.05240236619893877,0.3950245978906567,0.2898739382072328
Pip5k1c,0.5031871128182963,-0.12321375033914589,0.20698715143655994
Pisd,0.10387175258424657,-0.2676602114163739,-0.155661691975977
Pitpnm1,-0.20043516329505068,0.04851833029983752,-0.07829047696823252
Pitrm1,0.23075700723805673,0.1493678665824459,0.2526438288074666
Pja2,-0.7855690030772661,0.37812803265355754,-0.2681180718090155
Pkd1,0.06359812396251026,0.3131461881761881,0.29094641049446884
Pkd2,0.062354150877668976,0.5432504249615667,0.47679053683980355
Pkig,0.12859571764546696,-0.41738451938752497,-0.26122360710535514
Pkm,-0.00015549663560515955,-0.5768562730838973,-0.4686703895221591
Pkn1,0.8707811593888933,-0.10046605183629952,0.46775112756167103
Pknox2,-0.33151882711020014,-0.1081508312313665,-0.27623821912665997
Pkp4,-0.18815092908224304,0.798371865360738,0.5271967343398986
Pla2g4a,-0.23542190630621157,-0.5639214836677594,-0.5825056622959297
Plaur,0.07774831780257978,-0.6282811868526352,-0.4634612384127268
Plcb4,-0.8759125483638638,0.002512047055199175,-0.5098839674173734
Plcg1,0.007774831780257977,0.3265753613653855,0.2698033854032436
Plcg2,0.6872951293748052,-0.12084606835871596,0.3295554128349671
Pld2,0.36603908021454556,0.5649810217492455,0.640572376133425
Plec,0.280671427267313,-0.5556306966288975,-0.2694969647497476
Plekha1,0.1841080165565089,-0.0872851992073442,0.03768974038001018
Plekha2,0.6258739583107671,0.0008274794998916185,0.36555983962074917
Plekha5,-0.47597520158739337,0.5393677248927765,0.10770685970385024
Plekhg2,0.26356679735074545,-0.4010933482626719,-0.1605644224319133
Plin2,0.8992370437046378,-0.019064548137186128,0.5176976940815219
Plk2,-0.4588705716708258,0.31796227971915075,-0.03814937136025421
Pllp,-0.3769238447069067,0.2687690769096797,-0.01761918757602102
Plod1,0.5383293524650623,-0.6298742292271817,-0.11720589996222679
Plod3,0.5621203377126517,-0.6081926655946074,-0.08074184219620067
Plpp3,0.3072613519557953,0.356428540953765,0.4547282497880903
Pltp,-0.2809824205385233,0.6777652098103062,0.36448736733351306
Plxdc2,0.5586994117293382,0.5560678801405835,0.7004776138918966
Plxna2,-0.7368985561328512,-0.23570205046209494,-0.5592176926302324
Plxnb2,0.8883522792122766,-0.03852319828741102,0.5037555543474531
Plxnd1,0.47846314775707594,-0.2902772642774815,0.07200885357156417
Pml,0.7665984135334366,-0.494729546033132,0.18906154320704294
Pmp22,-0.5621203377126517,0.32973882065639787,-0.10632796676311815
Pnkd,-0.7317671671578809,0.17343078647640192,-0.3307810954489511
Pnpla2,0.060332694614801896,-0.2588102446716144,-0.1746597724927301
Podxl,-0.5852893364178205,-0.6424750970381938,-0.7645195304725643
Polg,0.3864091394788215,0.023725103880617514,0.24314478854909008
Polk,-0.4273047546429785,0.4730759531007063,0.09820781944547369
Polr2a,0.4195299228627205,0.1923930408387985,0.3865496543852263
Polr2b,-0.6260294549463724,0.036080420305473475,-0.3422718699550518
Polr2e,0.3439585579586129,0.25342031374630036,0.39390375006913075
Polr2f,0.28144891044533876,-0.17560971464155972,0.02727143816114558
Polr2j,0.027211911230902917,-0.3831381172757324,-0.2952362996434131
Pom121,0.37941179087658927,-0.20718813469464437,0.0655740198481478
Por,-0.5257341249810444,0.4652678212223553,0.01486140169455686
Ppfibp1,0.38081126059703574,-0.30713138667204554,-0.008579778297888497
Ppm1h,0.47504222177376243,0.08993977265698887,0.34135260799456374
Ppp1cc,-0.15425266252031827,-0.042721188400489156,-0.12425357499263519
Ppp1r10,0.2256256182630865,-0.3877748783913623,-0.17527261379972212
Ppp1r16b,-0.45684911540795875,0.2729156762550629,-0.0692510676901
Ppp1r1b,-0.5405063053635346,0.20481276903071427,-0.17527261379972212
Ppp1r2,-0.6984908871383767,0.35687353910372854,-0.19993947640615156
Ppp1r7,-0.4958787709448538,0.28272976145927997,-0.08978125147433319
Ppp2ca,-0.7568021254903116,0.15697357604622988,-0.35805253361009676
Ppp2r1a,-0.7485608038032381,-0.45182363796026886,-0.6799474301076633
Ppp2r2b,-0.8204002494528219,0.2840469913126389,-0.346561759103996
Ppp2r5c,0.009951784678730211,0.07245286322166596,0.06465475788765974
Ppp3cb,-0.8328399803012345,0.2918430025055986,-0.3545286960948925
Ppp3r1,-0.7787271511106391,0.14534971402443045,-0.38011482066180996
Ppp4r3a,0.20043516329505068,0.2083034297024194,0.2826730528500764
Ppp5c,-0.7048662491981883,-0.027577409821709826,-0.4269971806467007
Ppp6c,-0.46151401447611345,0.013371578220778006,-0.259538293511127
Ppp6r3,-0.36806053647741266,-0.13750733607108478,-0.31852426930911043
Ppt1,0.0741718951836611,0.35436986934124276,0.3303214644687071
Praf2,-0.09671890734640924,-0.3397405520377238,-0.33108751610244713
Preb,0.0649975936829567,-0.442939127400029,-0.3211288448638266
Prelp,-0.20883198161772928,0.7162995071707691,0.4472209437774379
Prep,0.04105111179976212,-0.6282860709938085,-0.4859831564446841
Prkaa1,-0.2198722427456956,0.4238134177795656,0.207599992743552
Prkab1,0.46415745728140123,0.21635771220666578,0.4263843393397086
Prkaca,-0.8365718995557584,0.04704983083849877,-0.466985075927931
Prkacb,-0.8320624971232088,0.2640390449049888,-0.36632589125448917
Prkar1a,-0.2668322266984538,-0.21904199405754457,-0.32710404760699896
Prkar2b,-0.6558848089825631,0.2970452820765958,-0.2003991073863956
Prkcd,0.9049904192220287,-0.1640907240348187,0.4711217547501272
Prkce,-0.6879171159172258,0.18470867605130786,-0.2923253034352009
Prkci,-0.382988213495508,0.3936536801774278,0.07200885357156417
Prkd3,-0.02410197851879973,0.5727493136713495,0.45105120194613807
Prmt5,-0.16202749430057625,-0.1667100906174348,-0.2281301765277852
Prom1,-0.4439428946527305,0.25595996577920027,-0.0726216948785562
Prpf19,-0.7700193395167501,0.05005222904379342,-0.42316692247800053
Prpf31,0.2937331446581464,-0.3325161471031563,-0.08687025526612102
Prpf4b,-0.028611380951349356,-0.3755095774935921,-0.32158847584407063
Prpf8,-0.5804689407140606,0.4972498414246735,-0.009652250585124558
Prpsap2,-0.17990960739516962,0.45785662667526156,0.2609171864518591
Prr5l,0.11817744305992126,-0.05790985986664631,0.022215497378461287
Prrc2b,-0.25827991174017,0.36416124011583234,0.1351315081917438
Prrx1,0.016016153467331432,0.38973054913335653,0.3258783649930148
Psd2,-0.24972759678188625,0.6105847511851138,0.3346113536176514
Psen1,0.43492408978763125,-0.2732782008475032,0.053776824688551106
Psma4,0.19359331132842364,-0.3985292983274443,-0.2046889965353398
Psmb6,0.2495721001462811,-0.35489712477219854,-0.13359940492426373
Psmb8,0.9126097543666813,-0.349297103512651,0.41627245777434
Psmc2,-0.33245180692383114,-0.6814453129353477,-0.7159518568934454
Psmd1,-0.36292914750244243,-0.39843286407041895,-0.5132545946058297
Psmd12,-0.22686959134792778,-0.35757009544314383,-0.415199985487104
Psmd13,-0.06282064078448446,-0.6185253494417499,-0.5380746675390071
Psmd14,-0.18224205692924697,-0.7138292534048477,-0.6764235925924591
Psmd3,-0.03778568245205377,-0.5356966312846297,-0.45687319436256235
Psmd5,-0.6243189919547156,-0.14326211124453792,-0.45503467044158624
Psmd6,-0.4207738959475617,-0.49778926295992953,-0.6122284656850434
Psmd9,0.08163573369270877,-0.3328384581684438,-0.22184855313111684
Ptar1,-0.5461041842453204,0.3250985399908922,-0.09728855748498562
Ptbp1,0.324521478507968,-0.32211729961451646,-0.05821992416424337
Ptch1,-0.7639549707281489,0.42711835071914545,-0.2216953428043688
Pten,-0.29575460092101347,0.25408942824716796,0.024666862606429425
Ptgds,-0.5092514816068976,0.5212989882483616,0.0674125437691239
Ptgs1,0.7956762843916013,0.39421993903155533,0.658038353382698
Ptgs2,-0.30850532504063655,-0.7095792419546764,-0.7282086830332861
Ptk2,-0.6691020230090016,0.3558563868964285,-0.17542582412647015
Ptk2b,0.8866418162206198,-0.08412731793793542,0.48552352546444
Ptp4a1,-0.5117394277765801,-0.17099946225195375,-0.4178045610418201
Ptpa,-0.3806557639614306,-0.47727009193911674,-0.5805139280482056
Ptpn1,0.5952411210965507,-0.5400958906536265,-0.00536236143618031
Ptpn11,-0.2969985740058547,-0.011532594258558418,-0.18216707850338254
Ptpn23,0.16840285636038782,0.07499302109253701,0.15826626753069314
Ptpn6,0.8354834231065222,-0.4148069243163117,0.3021307643470734
Ptpra,-0.43088117726189706,0.3762780082604857,0.024513652279681417
Ptprc,0.5572999420088919,-0.36493899402154534,0.07890331827522457
Ptprk,0.28860175568317614,-0.008992805101565596,0.16133047406565332
Ptprn2,-0.40926714491277993,0.16930249465908956,-0.11322243146677856
Ptpru,-0.35981921479033924,0.022997043972266717,-0.19243217039549912
Ptprz1,-0.561342854534626,0.6039394506259754,0.07859689762172856
Pygb,-0.41113310454004187,0.5406747057439265,0.1605644224319133
Qdpr,-0.553568022754368,0.4333291528883574,-0.02972280338911372
Qsox1,0.08287970677755004,-0.510920498968021,-0.36525341896725316
Rab10,0.007463838509047658,0.14308347358234974,0.12057652715068297
Rab11a,-0.7726627823220379,-0.167461355967168,-0.5370021952517711
Rab1a,-0.4605810346624826,-0.22155859322725352,-0.4283760735874328
Rab21,-0.5260451182522548,0.0770791480023621,-0.2535630907679547
Rab23,-0.22189369900856268,0.5446571667672273,0.30197755402032544
Rab27a,0.07790381443818493,-0.13821417294062455,-0.06649328180863585
Rab28,-0.5835788734261638,0.1236978350323782,-0.25877224187738695
Rab29,0.8088934984180401,-0.09088050284061389,0.4283760735874328
Rab32,0.5871552960450824,-0.30621418628667324,0.14110671093491617
Rab3a,-0.8611403679813736,0.09839055617755925,-0.4616227144917507
Rab3gap2,0.15720709859681628,-0.022623742617098968,0.07354095683904426
Rab43,0.7446733879131091,0.034526460095378506,0.45304293619386216
Rab4b,0.01741562318777787,-0.5963530857207584,-0.47418596128508744
Rab5a,-0.652930372906065,0.09900510375713063,-0.3199031622498425
Rab5b,-0.15969504476649887,0.10163287659536675,-0.011643984832848673
Rab5c,0.6319383270993684,-0.32821909378128944,0.16194331537264536
Rab6a,-0.7782606612038234,0.3161922882375815,-0.2926317240886969
Rab7,0.5572999420088919,-0.06349808872236774,0.28221342186983234
Rab8a,0.32312200878752156,-0.2758496577458305,-0.023594390319193366
Rabep1,-0.6240079986835053,0.3841391936694832,-0.12011689617043896
Rac1,-0.27818348109763047,-0.34638840720133524,-0.432512752409629
Rad23b,-0.2949771177429877,-0.2874252444562515,-0.39512943268311485
Rae1,-0.3470684906707161,0.09235604955695634,-0.13206730165678363
Raf1,0.47644169149420884,-0.26638203036917724,0.08763630689986106
Rai14,0.26310030744393,-0.6943357974748179,-0.39068633320742263
Rala,-0.6109462812926718,-0.14348368105192377,-0.44859983671816994
Ranbp1,-0.40491323911583543,-0.22578910146019762,-0.40386242130775135
Ranbp2,-0.08132474042149845,-0.11418988245201411,-0.13988102832093208
Rangap1,-0.21862826966085436,-0.5239541014176288,-0.5428241876681954
Rap1a,-0.5980400605374436,-0.10787292275176971,-0.4190302436558042
Rap1gap,-0.7121745910716307,-0.04054156158793603,-0.4384879551528014
Rap2a,0.20167913637989193,-0.16729589653478646,-0.015474243001548893
Rapgef1,-0.5462596808809255,-0.2475833969344041,-0.4870556287319202
Rapgef3,-0.351888886374476,-0.051670594819626534,-0.24452368148982218
Rara,0.4255942916513217,-0.35415827473722583,-0.012103615813092699
Rarg,-0.20136814310868162,0.5866401570732822,0.3493195449854602
Rasgrf1,-0.7288127310813828,0.15300488921642882,-0.33997371505383167
Rb1,0.6515309031856185,-0.0744011702698443,0.33415172263740733
Rbbp4,-0.3080388351338211,-0.5688602744936702,-0.6192761407154518
Rbbp7,0.032965286748293826,0.020854545671229543,0.03615763711253009
Rbck1,0.4388115056777603,0.22155778676264115,0.41765135071507214
Rbfox2,-0.7085981684527121,0.3323911381696669,-0.22276781509160487
Rbms1,-0.2494166035106759,0.1555188129431536,-0.02313475933894934
Rbp1,0.8432582548867803,0.48034466753071337,0.7015500861791325
Rbpj,0.5322649836764611,0.29470701017878437,0.5131013842790817
Rcan1,0.37863430769856354,0.11078085748056345,0.3041224985947976
Rcn2,-0.4245058152020856,0.5861991516722267,0.1835459714441146
Rcor1,0.05939971480117094,-0.26322622619401875,-0.17879645131492636
Rdx,-0.546726170787741,-0.08350896017135959,-0.37567172118611775
Rela,0.17151278907249098,-0.09647466311830101,0.022828338685453323
Relb,0.4871709593509648,-0.6748306225824673,-0.19457711496997124
Ret,-0.2798939440892872,-0.0981344963187358,-0.23977416136063387
Retreg3,0.45296169951782983,0.1365976077123164,0.36310847439278104
Rev1,-0.47737467130783984,0.46155644295115555,0.05101903880708695
Rgcc,-0.7368985561328512,-0.027837889964381714,-0.44507599920296576
Rgmb,-0.05582329218225227,0.6756303554509812,0.5153995391803018
Rgs3,-0.3570202753494463,-0.059545229085149885,-0.25340988044120666
Rgs6,-0.6362922328963129,0.5254726352099531,-0.04182641920220642
Rhbdf2,0.24397422126449533,-0.559502543355635,-0.29845371650512126
Rheb,-0.807027538790778,0.08438502283007364,-0.43021459750840885
Rhoa,0.25983487809622163,-0.2869552928263033,-0.07354095683904426
Rhoc,0.1803760973019851,-0.6542141362554222,-0.41749814038832417
Rhog,0.7496492802524741,-0.2279215921083182,0.3146940111404102
Rhoj,0.255325475663672,-0.3365063095616231,-0.11536737604125069
Rhot2,-0.5812464238920864,-0.061264163261944754,-0.37950197935481794
Ric8a,0.4363235595080777,0.38444218141844777,0.535470091984291
Ric8b,-0.7246143219200435,0.060611831857531565,-0.38869459895969843
Rictor,-0.5109619445985543,-0.49585803259009614,-0.6442494239753772
Rif1,-0.37319192545238294,0.30061448118290357,0.008886198951384514
Ring1,0.32654293477083507,-0.00021638421309830348,0.190287225821027
Riok3,0.12206485895005025,-0.4221947828876147,-0.26919054409625154
Rlim,-0.15409716588471312,-0.10563704384150092,-0.1746597724927301
Rnase4,0.5750265584678801,0.2261574469058589,0.48567673579118803
Rnaset2a,0.8818214205168599,0.23240729779082703,0.6033422667336589
Rnd2,-0.7861909896196867,0.2603034270108081,-0.32787009924073895
Rnf10,0.359663718154734,-0.5171083414208211,-0.18216707850338254
Rnf13,-0.6552628224401423,0.30697825233032117,-0.19381106333623122
Rnf130,0.23557740294181675,0.36470712360681196,0.4253118670524726
Rnf14,-0.8488561337685661,-0.034813958722622836,-0.5100371777441215
Rnf19a,-0.5196697561924433,-0.02091074619109227,-0.31760500734862235
Rnf2,-0.16467093710586397,0.09118879562854748,-0.02298154901220133
Rnf220,-0.4196854194983256,0.464776573971157,0.09790139879197765
Rnh1,0.765976426991016,-0.4441739284602966,0.21480087810070841
Robo1,-0.3041514192436921,0.6537435107101113,0.328482940547731
Rock1,-0.3864091394788215,0.29794874900542323,-0.002144944574472124
Rock2,-0.4937018180463816,-0.06736019506413078,-0.3355306155781394
Rora,-0.5941526446473147,0.5395215716383028,0.0059752027431723455
Rp2,0.7936548281287343,-0.20377954086708855,0.36218921243229296
Rpa1,-0.14430087784158807,0.3128499451617946,0.1673056768088257
Rph3a,-0.8692261930328419,0.02593055811674912,-0.49655466899029677
Rpn1,0.10542671894029818,-0.46115264245436094,-0.311016963298458
Rptor,0.17353424533535805,0.3361904379941502,0.3701561494231894
Rras2,0.0684185196662702,-0.3840594269594306,-0.2713354886707237
Rsbn1,-0.5297770375067786,0.2688097245451108,-0.12379394401239115
Rsf1,0.571139142577751,0.3227876525359422,0.5483397594311237
Rsrp1,-0.15114272980821508,-0.035419084126979694,-0.11659305865523474
Rtcb,0.8213332292664528,0.49342979609600196,0.7076784992490529
Rtf1,-0.15223120625745118,-0.09799235427082656,-0.1674588871355737
Rtn3,-0.8463681875988834,0.12464105821100563,-0.4397136377667854
Rtn4,0.6149891938184061,0.041585805685655224,0.3853239717712423
Rubcn,0.08738910921009967,0.04379889010047545,0.08641062428587698
Ruvbl1,-0.4367900494148932,-0.37368297797970135,-0.5278095756468905
Ruvbl2,0.2716526224022137,-0.1523039261012617,0.039375053974238274
Rxra,0.3288753843049124,0.7283977242940521,0.7505773907384954
Rxrb,0.34271458487377165,0.4176768907614523,0.51861695604201
Ryk,-0.4992996969281674,0.3637028005705195,-0.03523837515204204
S100a1,0.20649953208365185,0.7670041696244525,0.7300472069542623
S100a10,0.5790694709936142,-0.2034483883363399,0.20300368294111173
S100b,-0.5317984937696456,0.6551136944627242,0.14049386962792412
S1pr1,-0.36432861722288884,-0.1766237976936667,-0.34610212812375196
Sacm1l,-0.8695371863040523,-0.13971970300527634,-0.5632011611256805
Samd8,-0.1582955750460524,0.32446942970792003,0.1679185181158177
Samhd1,0.2893792388612019,-0.4452421769326542,-0.17741755837419426
Sap130,0.26558825361361255,-0.19075654862220323,0.005515571762928318
Saraf,-0.15782908513923694,0.4874168895420208,0.2989133474853653
Sardh,0.09298698809188541,0.06668397590773782,0.10816649068409426
Scamp4,0.43539057969444667,-0.17336149157326897,0.12716457120084734
Scarb1,0.03249879684147835,-0.395111367985807,-0.3018243436935774
Scarb2,0.0342092598331351,0.6385980137782806,0.5383810881925031
Scn4b,-0.7768611914833772,0.04983088437658482,-0.42761002195369274
Scn8a,-0.7686198697963036,0.2470742679275577,-0.3199031622498425
Scrib,0.226092108169902,-0.1513559167697314,0.012103615813092699
Sdc2,-0.05069190320728201,0.6415390980077984,0.4908858869006204
Sdcbp,0.2668322266984538,-0.3551684140786843,-0.12241505107165906
Sdccag8,0.464001960645796,-0.42890156908618693,-0.0379961610335062
Sdha,-0.7253918050980693,0.4955318991152228,-0.14600944139085242
Sdhb,-0.15751809186802662,0.14814544967602852,0.026965017507649562
Sdhc,0.1710462991656755,-0.2647804857976089,-0.11214995917954249
Sec22b,-0.19499278104887005,0.02351864784118858,-0.0949904025837655
Sec23a,-0.6300723674721065,0.12522478248025912,-0.2884950452665007
Sec24c,0.5375518692870366,-0.4590690083373984,-0.0009192619604880531
Sec61a1,0.3668165633925714,-0.6614381646314513,-0.2858904697117845
Sel1l,-0.0472709772239685,0.034168000200683904,0.00015321032674800886
Selenof,0.5266671047946754,-0.11890896072004158,0.225065969992825
Selenon,0.5462596808809255,-0.37210835154365235,0.06542080952139978
Selenoo,-0.07028447929353211,0.24080563044363196,0.1541295887084969
Selenop,0.0707509692003476,0.30361054096274476,0.28726936265251657
Selenos,-0.3291863775761228,-0.16815677095928924,-0.32097563453707856
Selp,0.11708896661068514,-0.5849020115591167,-0.40355600065425534
Selplg,0.8032956195362543,-0.48896242399104467,0.23196043469648542
Sema3c,-0.6854291697475433,0.22310471486343814,-0.26781165115551947
Sema4d,0.872336125744945,0.15593036942659588,0.5707084671363329
Sema5a,-0.3399156454328788,-0.007021111068404052,-0.20361652424810375
Sema6a,0.40382476266659934,-0.0458280173223543,0.20147157967363166
Sema6d,-0.14134644176509004,0.5959804579320978,0.3968147462773429
Sept10,0.02052555589988106,-0.04398194087615023,-0.023747600645941374
Sept11,0.5401953120923243,-0.2251186656624526,0.1611772637389053
Sept2,-0.019281582815039784,-0.17951751609880304,-0.15704058491670908
Sept4,-0.48499400645249263,0.298556448050047,-0.07078317095758009
Sept5,-0.5745600685610645,-0.09419883758034249,-0.397734008237831
Sept6,-0.26185633435908867,0.24797164292482834,0.04167320887545841
Sept7,-0.6065923754957274,-0.1392210658914765,-0.4436971062622337
Sept8,-0.564297290611124,0.20177195608699844,-0.19381106333623122
Sept9,0.5986620470798644,0.012718304411827443,0.3574396923031047
Serpina3n,0.8566309655488239,-0.09542521859942696,0.4596309802440266
Serpine2,0.019437079450644944,0.6033004283893368,0.501304189119485
Serping1,0.7020673097572953,0.41567098837380784,0.6499182060650536
Sesn1,-0.426838264736163,0.3174162424484788,-0.01578066365504491
Set,-0.4343021032452107,-0.16807830797636147,-0.3762845624931097
Setbp1,-0.08941056547296675,0.4909212129425192,0.34502965583651596
Setd1a,0.14523385765521904,0.2972226764412928,0.3235802100917947
Setd1b,0.3170576399989203,0.3384881922149391,0.4456888405099578
Setd5,-0.3271649213132557,-0.15799109576005568,-0.3120894355856941
Setx,-0.23371144331455482,-0.018100158996054116,-0.1506057511932927
Sez6l2,-0.7194829329450733,-0.15780569474391418,-0.5086582848033894
Sf1,0.23557740294181675,-0.2734127311503566,-0.07844368729498054
Sf3a1,-0.20214562628670743,0.10737392532192465,-0.032480589270577884
Sf3b6,-0.34193710169574587,-0.1698648295234514,-0.32909578185472305
Sfpq,-0.17508921169140967,-0.5589071622533374,-0.5491058110648638
Sfxn1,0.2915561917596742,-0.05578157483088042,0.12670494022060333
Sfxn3,-0.22966853078882063,-0.32532073059553324,-0.39114596418766656
Sgk1,0.08956606210857189,-0.43668975665642357,-0.3010582920598374
Sgta,0.14119094512948488,0.18719035571383308,0.23287969665697347
Sh3bp1,0.9059233990356597,-0.2840373322226232,0.43067422848865294
Sh3bp2,0.8836873801441217,-0.2663611862434028,0.4141275131998679
Sh3bp4,-0.29342215138693606,0.10910564544999277,-0.08641062428587698
Sh3bp5,0.2267140947123226,-0.6119630482812441,-0.35192412054017636
Sh3gl1,0.13668154269693525,-0.20188500116503794,-0.08273357644392478
Sh3gl2,-0.890684728746354,0.11021717429345351,-0.47878227108752763
Shank3,-0.16311597074981235,-0.44831172829151594,-0.4544218291345942
Sharpin,0.5590104050005485,-0.37739043823684576,0.07185564324481615
Shc1,0.5086294950644769,-0.48265909239572335,-0.04090715724171837
She,-0.13637054942572494,0.0329636360666654,-0.05301077305481106
Shoc2,-0.5520130563983164,-0.07953076079646569,-0.37582493151286567
Sin3a,0.1945262911420546,0.02470436395842232,0.1331397739440197
Sin3b,-0.4355460763300519,-0.02136430691178577,-0.2696501750764956
Sirpa,0.9104328014682092,0.5294498005588482,0.708904181863037
Sirt2,0.21147542442301695,0.561363604949589,0.5690231535421049
Sirt7,0.5317984937696456,-0.3611261745283088,0.061743761679447576
Ska2,0.17462272178459418,-0.09247466187061087,0.027884279468137617
Skp1a,-0.7662874202622263,0.3038678086337522,-0.2883418349397527
Slc11a1,0.872336125744945,0.258549399121229,0.6114624140513033
Slc12a2,-0.5862223162314515,-0.3330077159570271,-0.5610562165512084
Slc12a5,-0.8704701661176832,0.08955398641420215,-0.47188780638386735
Slc12a7,0.5257341249810444,-0.16881661308956483,0.189980805167531
Slc14a1,0.5185812797432071,0.526525356752161,0.6681502349480667
Slc16a1,0.3148806871004481,0.562047667683604,0.6169779858142317
Slc16a2,-0.5932196648336836,0.5199534983755696,-0.0059752027431723455
Slc1a1,-0.8056280690703317,-0.5919047141461315,-0.7547140695606916
Slc1a3,0.07479388172608174,0.6887216946378593,0.6015037428126827
Slc20a2,-0.2904677153104381,-0.017000273125058144,-0.18262670948362658
Slc22a5,-0.3753688783508552,0.5451502398640434,0.1915129084350111
Slc22a8,-0.46742288662910964,0.5669672961968228,0.13451866688475178
Slc25a20,0.5224686956333362,-0.05086301269330791,0.2694969647497476
Slc25a22,-0.49836671711453634,-0.5838788910702531,-0.7018565068326285
Slc25a28,0.3175241299057358,0.13709608369862808,0.2907932001677208
Slc2a1,-0.45933706157764126,-0.41414610740640656,-0.5667249986408848
Slc31a1,-0.276784011377184,-0.5631980892341906,-0.6010441118324388
Slc32a1,-0.7057992290118192,0.06412263910299655,-0.37475245922562966
Slc40a1,-0.1979472171253681,0.6412509301741702,0.39512943268311485
Slc52a3,-0.5762705315527212,-0.09168085854401432,-0.39696795660409095
Slc6a11,-0.684029700027097,0.28415698366664277,-0.23058154175575335
Slc6a8,0.08365718995557585,0.5420002997564529,0.48751525971216414
Slc6a9,-0.5638308007043086,0.318216882266659,-0.11536737604125069
Slc8a1,-0.5916646984776321,0.2892540986888561,-0.155661691975977
Slc8b1,0.8317515038519984,0.043042146812624284,0.5045216059811931
Slc9a1,0.18473000309892953,-0.1662437285240625,-0.024973283259925445
Slc9a3r1,0.7605340447448353,-0.14791721846846245,0.36555983962074917
Slc9a3r2,-0.5758040416459058,0.203004985988315,-0.20101194869338762
Slc9a8,0.1679363664535723,-0.022251843116859193,0.08012900088920864
Slc9a9,0.35468782581536895,0.6200682887818839,0.6778024855331911
Slk,-0.08085825051468297,-0.48693186188768156,-0.44139895136101354
Smad1,0.5594768949073641,-0.45553623199205434,0.019610921823745135
Smad2,0.34535802767905943,-0.11570572840801419,0.11322243146677856
Smad3,0.2882907624119658,0.3495411317762207,0.4400200584202814
Smad4,-0.24428521453570567,0.22931210352882767,0.03814937136025421
Smad5,-0.20323410273594353,-0.10755265673601407,-0.2040761552283478
Smad7,-0.3047734057861127,-0.011444021655316506,-0.1866101779790748
Smap1,-0.10060632323653823,-0.04170872467597818,-0.09238582702904934
Smap2,0.23231197359410838,-0.2610853565592617,-0.07078317095758009
Smarca2,-0.393717481352264,0.16103074620696822,-0.10939217329807834
Smarca4,0.04789296376638914,-0.5705154677926639,-0.4349641176375971
Smarcb1,0.27880546764005104,-0.42940278698555373,-0.17236161759150997
Smarcc1,0.21209741096543763,-0.25272241862536754,-0.07691158402750045
Smarcc2,-0.644222561312176,0.49306981470722505,-0.06940427801684801
Smarcd1,-0.1948372844132649,-0.0521692473414961,-0.15520206099573297
Smarcd2,0.5271335947014909,-0.5814533675317989,-0.09391793029652944
Smarcd3,-0.5392623322786934,0.18743229168203224,-0.18630375732557877
Smc1a,-0.23355594667894963,-0.05856171674044861,-0.18247349915687855
Smc3,-0.38034477069022027,0.06891092073099336,-0.17006346269028985
Smc5,-0.04462753441868079,-0.16956471967422737,-0.16362862896687347
Smdt1,-0.02441297179001005,-0.1830215882018729,-0.16286257733313342
Smg9,0.656973285431799,0.041287673414000005,0.40845873111019165
Smim7,-0.3349397530935137,0.21019412770153365,-0.03447232351830199
Smo,0.3183016130837616,0.5810245106064442,0.6330650701227726
Smpd1,-0.7224373690215713,-0.013318402029500152,-0.4288357045676769
Smtn,-0.22515912835627103,0.2381348152072396,0.0571474518770073
Smurf1,0.608147341851779,0.13992390609043903,0.4449227888762177
Smurf2,-0.47955162420631203,0.1194119594021813,-0.19457711496997124
Smyd2,-0.6572842787030094,0.10665234119511424,-0.3180646383288664
Snap25,-0.879177977711572,-0.015494353861928855,-0.5187701663687581
Snapin,-0.48654897280854426,0.3629537826284496,-0.026198965873909515
Sncb,-0.8801109575252032,-0.12378744263538144,-0.5610562165512084
Snf8,-0.3242104852367577,-0.36263662135518687,-0.46775112756167103
Snrk,-0.40320277612417876,-0.0610263815150043,-0.2805281082756042
Snrpa,-0.10231678622819498,-0.22079895037167485,-0.23808884776640576
Snrpn,-0.8088934984180401,0.14541569867342222,-0.40233031804027125
Snx27,-0.780748607373506,0.3821965292520873,-0.2613768174321031
Snx5,0.7754617217629307,0.43851929342150925,0.6771896442261991
Snx6,0.1956147675912907,-0.20707410590911945,-0.050865828480338944
Socs2,0.27009765604616215,-0.42336785863460413,-0.17358730020549404
Socs3,0.31565817027847387,-0.5294695327035301,-0.22399349770558896
Sod1,-0.5258896216166495,0.37896772100559706,-0.044890625737166595
Sod2,-0.5059860522591892,-0.6754348570849987,-0.7683497886412645
Sorbs1,-0.5137608840394472,0.12658426739233236,-0.21143025091225223
Sorl1,0.12066538922960379,0.29025599327310386,0.30442891924829363
Sort1,-0.47084381261242314,0.31329675279662195,-0.0500997768465989
Sos1,-0.7924108550438931,0.03325576644072028,-0.4456888405099578
Sox13,-0.2744515618431066,0.5150342512355108,0.242225526588602
Sox17,-0.32965286748293826,0.2928629297109955,0.03232737894382987
Sox18,-0.08567864621844291,-0.3214167045341676,-0.31009770133796993
Sox9,0.3083498284050314,0.7209606519857192,0.7369416716579226
Sp1,-0.2736740786650808,0.49609792203517783,0.22797696620103716
Sp3,-0.32327750542312667,-0.12683381931041313,-0.28604368003853253
Spag9,-0.5470371640589513,0.5764604829572811,0.07292811553205221
Spast,0.4010258232257065,0.062463090443456264,0.2803748979488562
Spi1,0.7480943138964226,-0.3978793101224592,0.22184855313111684
Spon1,0.37941179087658927,0.2584189268450103,0.4155064061406001
Spop,0.16451544047025882,-0.18706498988653758,-0.053930035015299124
Spred1,-0.52620061488786,0.3735491392984956,-0.04887409423261482
Spry1,0.05131388974970265,-0.6860115458537417,-0.5265838930329064
Spsb1,0.6156111803608266,-0.2985811677522919,0.1679185181158177
Sptan1,-0.678276324509706,-0.3164751055420217,-0.5844973965436538
Sptb,-0.8242876653429508,0.3391013678457584,-0.3248058927057788
Sptlc2,-0.19017238534511013,-0.3018292615004708,-0.35161769988668035
Sqstm1,-0.008552314958283775,0.22814680837117207,0.1803285545824064
Sra1,0.5512355732202906,-0.5015020553274697,-0.018385239209761064
Srebf1,0.3688380196554384,0.35285965446164236,0.4815400569689919
Srebf2,-0.5991285369866798,-0.5635493912689745,-0.7159518568934454
Srf,0.061265674428432865,-0.3091947755865132,-0.21495408842745645
Srgap1,-0.17073530589446517,-0.1803298594178911,-0.2439108401828301
Srp72,0.3926290049030278,-0.29504339512352046,0.008579778297888497
Srrm1,0.3542213359085535,-0.10214628054580696,0.12900309512182348
Srsf1,-0.16918033953841358,-0.4315366127518238,-0.4441567372424777
Srsf2,-0.3707039792827004,-0.25401646716385506,-0.40784588980319963
Srsf4,0.1995021834814197,0.16756281748302357,0.24973283259925447
Ssr2,0.048981440215625255,-0.6583832972874722,-0.5055940782684292
Ssrp1,0.532109487040856,-0.18860433135360385,0.18063497523590244
Stab1,0.7588235817531785,0.0032749772066282675,0.4443099475692257
Stag2,-0.6580617618810353,0.36199217807572454,-0.1624029463528894
Stam2,-0.04680448731715302,0.051581032125610334,0.014554981041060842
Stat1,0.6453110377614122,-0.3253108282086287,0.1745065621659821
Stat2,0.2736740786650808,-0.4619765483525088,-0.20131836934688363
Stat3,0.5319539904052508,-0.41743104147381105,0.02313475933894934
Stat5b,0.4173529699642482,-0.023407941179856454,0.22613844228006105
Stat6,0.752292723057762,0.35933719772862305,0.6310733358750485
Stim1,0.10682618866074463,0.13247305943510704,0.16929741105654977
Stim2,-0.44829680044967496,0.21429083778603605,-0.10586833578287412
Stip1,-0.855697985735193,-0.25752010551051646,-0.6073257352291072
Stk11,0.7869684727977125,0.1657389775176948,0.5420581360344553
Stk3,0.13621505279011978,-0.13318459233497057,-0.027731069141389605
Stk38,-0.35919722824791855,0.0014940899779456681,-0.20836604437729203
Stk39,-0.8325289870300242,0.38550333748134075,-0.3120894355856941
Stk4,0.72601379164049,-0.09484167698610896,0.3704625700766854
Stmn2,-0.8463681875988834,0.07258278131594657,-0.4622355557987427
Stmn4,-0.5206027360060741,0.40290371045466955,-0.024207231626185398
Stom,0.47597520158739337,0.2114747737433825,0.42868249424092886
Strn3,-0.6731449355347356,0.33909844897119473,-0.18890833288029493
Stub1,-0.08801109575252031,-0.20467746838325537,-0.21694582267518056
Stx1a,0.4812620871979688,-0.4824266799101703,-0.06281623396668364
Stxbp1,-0.9048349225864234,-0.00020930202535137182,-0.5278095756468905
Sufu,0.6750108951619976,-0.014733288200861474,0.38486434079099824
Sulf2,0.3539103426373431,0.20282135844971838,0.3605038988380649
Sult1a1,-0.3539103426373431,-0.1401034990275618,-0.3128554872194341
Sumo1,-0.36121868451078565,-0.4091750166184148,-0.5206086902897341
Sumo3,-0.4937018180463816,0.12003169406592998,-0.2031568932678597
Sun1,-0.6247854818615312,0.3170385440564478,-0.16332220831337746
Supt16,0.11133559109329424,0.01977027164551979,0.08089505252294868
Supt20,0.4322806469823436,-0.04928097357431062,0.21602656071469248
Supt5,0.29108970185285865,0.17406023600523368,0.30504176055528565
Supt6,0.0699734860223218,-0.25362279893919726,-0.16470110125410953
Suz12,-0.4105111179976212,0.08702706926180315,-0.17496619314622613
Sv2a,-0.5006991666486137,-0.08452901223310846,-0.3514644895599323
Svil,0.0861451361252584,0.09296648700076479,0.12547925760661927
Syk,0.7662874202622263,-0.4864636313440114,0.19304501170249114
Syn1,-0.8146468739354309,0.17145538788737733,-0.3943633810493748
Syn2,-0.645155541125807,-0.004942247306713688,-0.3793487690280699
Syncrip,-0.2209607191949317,-0.2989564724259323,-0.36571304994749715
Syne1,-0.40320277612417876,0.3546970171817218,0.028497120775129645
Synj2bp,0.12330883203489153,0.04116546416691816,0.10510228414913407
Synpo2,-0.14398988457037776,0.11610194075567833,0.009345829931628542
Syp,-0.7575796086683374,-0.20777139873145714,-0.5520168072730759
Syt2,-0.7869684727977125,0.1503521741807691,-0.38363865817701415
Taf15,0.32576545159280923,0.08296531035528174,0.25371630109470267
Taf4,-0.18737344590421726,0.20973572855621503,0.05806671383749535
Taf5l,-0.06872951293748053,0.09484014901313036,0.03677047841952213
Tagln,0.12004340268718316,-0.27946751928342817,-0.15535527132248098
Tap1,0.7177724699534164,-0.489336802881631,0.14187276256865622
Tardbp,0.17540020496261996,-0.45897881695241716,-0.2647474446205593
Tbc1d22a,0.8474566640481195,0.1676635063445263,0.5665717883141368
Tbck,-0.4545166658738814,0.4085185028519626,0.030488855022853763
Tbk1,0.13248313353559596,-0.20614886995669449,-0.08870877918709713
Tbl1xr1,0.005131388974970265,0.11099390836986871,0.09315187866278939
Tbpl1,-0.3001085067179579,-0.008808025397291619,-0.1818606578498865
Tbx1,0.3913850318181866,0.12955242816967824,0.3251123133592748
Tbx3,-0.6134342274623544,0.29667730774309825,-0.1674588871355737
Tcaf1,-0.6879171159172258,0.15976083980251055,-0.30703349480300973
Tceal5,-0.7844805266280298,0.17346973976126803,-0.3701561494231894
Tceal9,0.25734693192653907,-0.5591470773868369,-0.2888014659199967
Tcf12,0.3282533977624918,0.6548230145387276,0.6938895698417322
Tcf3,0.3410041218821149,0.2563897614398086,0.3946698017028708
Tcf7,0.05349084264817488,0.362160044732475,0.3249591030325268
Tcf7l1,0.3408486252465097,0.1872767718208242,0.3418122389748078
Tcf7l2,0.0995178467873021,-0.06366079502847964,0.00658804405016438
Tcp1,-0.39527244770831554,-0.2070342632592651,-0.38501755111774627
Tead1,-0.08023626397226233,-0.07901141337274815,-0.11077106623881042
Tec,0.40195880303933745,0.12952899194421374,0.3307810954489511
Tecr,-0.7188609464026526,-0.5519958480255662,-0.7309664689147504
Tek,-0.2459956775273624,0.45621467261771526,0.2157201400611965
Terf1,-0.2980870504550909,0.07997873836028914,-0.11184353852604645
Terf2,0.3165911500921048,0.44357502037550717,0.5264306827061584
Tet2,-0.029233367493769993,-0.04994998100571297,-0.05760708285725133
Tet3,0.3638621273160733,0.2939901197551294,0.43465769698410117
Tfeb,0.1948372844132649,0.30158044666993095,0.35391585478790044
Tfpi,0.4556051423231175,0.07619293702076815,0.3208224242103305
Tfrc,-0.672522948992315,0.5179096388517704,-0.08089505252294868
Tgfa,-0.2248481350850607,0.10606704540447631,-0.04718878063838673
Tgfb1,0.01772661645898819,-0.20401383280802385,-0.15535527132248098
Tgfb1i1,-0.2444407111713108,-0.44649954642774264,-0.49425651408907656
Tgfb2,-0.5286885610575425,0.3254479195422028,-0.08395925905790885
Tgfbr1,0.6611716945931384,0.6136938729412627,0.7596168000166279
Tgfbr2,0.12937320082349274,-0.048028130640733725,0.03677047841952213
Tgfbr3,-0.07961427742984169,0.5877125840603047,0.4294485458746688
Tgm2,-0.012595227484017923,-0.6124856837436216,-0.5048280266346892
Thap12,-0.4566936187723536,0.2055570680945166,-0.1178187412692188
Thbd,-0.2983980437263012,0.034966694025450606,-0.1469287033513405
Thbs2,0.46260249092534966,0.7148185434397184,0.7845900832765534
Thra,-0.21956124947448527,0.47536675273263734,0.24866036031201835
Thrap3,0.6328713069129994,-0.09189184757574614,0.311323383951954
Thumpd1,-0.269942159410557,0.20482075592291138,0.002757785881464159
Tiam1,-0.3948059578015001,0.18023405168882353,-0.09575645421750555
Tie1,-0.0407401185285518,0.28940126570302654,0.21112383025875622
Timp1,0.7253918050980693,-0.3590732975593844,0.22230818411136083
Tirap,0.3980713871492084,-0.6713803333300524,-0.2681180718090155
Tjp1,-0.17664417804746121,0.35287072426166144,0.17910287196842234
Tjp2,-0.0869226193032842,-0.0255789894400217,-0.07139601226457212
Tle1,0.08505665967602229,0.38526297856159925,0.36142316079855286
Tle4,-0.17540020496261996,0.26145641477004233,0.10678759774336216
Tln1,0.32732041794886085,-0.197821342126129,0.039068633320742265
Tlr2,0.8953496278145088,-0.150521189853751,0.46775112756167103
Tmem106b,-0.5939971480117094,0.46592061481689623,-0.041979629528954426
Tmem109,-0.2707196425885828,0.2173988073195772,0.012103615813092699
Tmem173,0.5206027360060741,-0.6346389144509624,-0.1365104011324759
Tmem176a,0.3310523372033847,-0.62548790239022,-0.28635010069202854
Tmem259,0.23853183901831473,0.266654854648297,0.3494727553122082
Tmem63b,-0.42248435893921843,0.13803396585355832,-0.1447837587768684
Tmem94,0.28378135997941617,0.5261129635106516,0.5753047769387734
Tmem98,-0.2459956775273624,0.4418147976965596,0.2043825758818438
Tnfaip3,0.1287512142810721,-0.7583372985847459,-0.5357765126377869
Tnfrsf11a,0.3800337774190099,-0.30662558111246785,-0.008732988624636505
Tnfrsf14,0.861606857888189,-0.2771982228959911,0.38823496797945445
Tnfrsf1a,0.4207738959475617,-0.3428107249532194,-0.007200885357156416
Tnfrsf1b,0.8771565214487049,-0.4517567545611361,0.33537740525139137
Tnfsf10,-0.14585584419763967,0.18822021293475505,0.06618686115513983
Tnfsf12,-0.23837634238270958,0.6745853385136457,0.39313769843539076
Tnfsf13,0.03001085067179579,0.6351119721625242,0.5331719370830709
Tnks2,-0.4301036940838713,0.28650302138893463,-0.040753946914970356
Tnpo1,-0.1842635131921141,0.17529119458012712,0.032480589270577884
Tns2,-0.6194985962509557,0.42823944454232077,-0.08824914820685309
Togaram1,-0.4022697963105477,0.04272007248784171,-0.20285047261436376
Top2b,-0.20883198161772928,0.10935135130410208,-0.03493195449854602
Tor1a,0.5789139743580091,-0.5879640681245775,-0.05178509044082699
Tpcn1,-0.29730956727706503,0.5647443975249036,0.2645942342938113
Tpi1,-0.6213645558782175,-0.6438402421821172,-0.7721800468099645
Tppp,-0.6039489326904397,0.32423363040887454,-0.14233239354890023
Tpr,-0.24241925490844374,0.004829616959680229,-0.13758287341971198
Traf2,0.7535366961426032,-0.37973789385917023,0.2367099548256737
Traf3,0.4554496456875124,-0.5501665639601491,-0.13222051198353163
Trappc10,-0.8185342898255599,0.19535733932137564,-0.3862432337317303
Trem2,0.7966092642052325,0.673792514891726,0.795468016475662
Trim2,-0.7697083462455397,0.4234157750129493,-0.22935585914176926
Trim24,-0.37739033461372223,0.11948546218363892,-0.13022877773580752
Trim27,0.7208824026655197,-0.3922331673302244,0.19963305575265552
Trim28,0.4301036940838713,-0.2568356652629291,0.06250981331318761
Trim33,-0.4734872554177108,0.22623128729433206,-0.1142949037540146
Trim34a,0.14601134083324482,0.08106023660296353,0.1502993305397967
Trim65,-0.28735778259833483,0.5070485530825686,0.22690449391380116
Trp53,0.49245784496154027,-0.3193677835428118,0.06143734102595155
Trp53bp1,-0.2649662670711919,0.14800895078248555,-0.03860900234049823
Trpm7,-0.22033873265251105,0.15813159804566843,-0.0032174168617081864
Trrap,0.8807329440676237,-0.010663388692318936,0.5095775467638775
Tsc2,-0.3354062430003291,0.04781537031911722,-0.1590323191644332
Tsc22d3,-0.48841493243580614,-0.1689631135244829,-0.4046284729414914
Tsc22d4,0.7370540527684564,0.4197902902071504,0.6603365082839182
Tshz1,-0.2906232119460432,0.6616077257635511,0.34472323518301995
Tspyl2,-0.5473481573301616,0.5002415525641044,0.020836604437729205
Tssc4,0.6439115680409657,-0.40164294554498475,0.12593888858686328
Ttbk1,-0.7877459559757384,0.21426976532808176,-0.35223054119367236
Ttyh1,-0.4523397129754091,0.5729098597604533,0.15121859250028474
Tubb2b,0.31068227793910874,-0.6013918715938389,-0.28313268383032036
Tubb3,-0.5209137292772845,-0.4514172000319096,-0.6168247754874836
Twf1,-0.1718237823437013,-0.07637383893971231,-0.16133047406565332
Twf2,0.8162018402914824,0.240229968068878,0.5887872856925981
Txnip,-0.04556051423231174,0.3444712276297542,0.2529502494609626
Ubac1,-0.5084739984288718,0.09082848635952398,-0.2330329069837215
Ubap1,-0.49292433486835574,0.15423065401040614,-0.17849003066143032
Ube2b,-0.5946191345541301,-0.2682324096309939,-0.5219875832304662
Ube2g1,-0.483439040096441,-0.08481629897412017,-0.3422718699550518
Ube2g2,0.4506292499837524,-0.2880729363923327,0.053930035015299124
Ube2i,-0.15814007841044725,-0.2849956424691914,-0.3208224242103305
Ube2m,-0.48654897280854426,-0.4669284001974756,-0.6151394618932556
Ube2r2,0.2853363263354678,-0.21907535739102676,-0.0041366788221962394
Ube3a,-0.5235571720825721,0.30131489984001825,-0.09682892650474159
Ubr5,-0.0699734860223218,-0.13719873893458498,-0.1519846441340248
Ubr7,0.37132596582512095,-0.2735370956161082,0.010265091892116593
Ubtf,0.020059065993065582,0.12255519769041731,0.11123069721905443
Ubxn7,-0.19825821039657845,0.5662785393024862,0.33522419492464345
Uchl1,-0.7731292722288532,-0.17897850962983106,-0.5431306083216914
Ufd1,-0.4355460763300519,-0.3411094107076542,-0.5034491336939572
Ugt8a,-0.848700637132961,-0.11453757588285862,-0.5442030806089274
Ulk1,0.027056414595297756,0.043774596718382665,0.05132545946058297
Unc13b,-0.09500844435475247,0.38740586099546054,0.25785297991689893
Unc93b1,0.8710921526601038,0.2565147257299506,0.6103899417640674
Uri1,0.05364633928378004,0.4224945371065206,0.3739864075918896
Usp14,-0.45420567260267103,-0.02475520316961425,-0.28282626317682436
Usp18,-0.05100289647849233,0.07576230415167964,0.03171453763683783
Usp22,-0.5358414062953798,0.09915038738244895,-0.24452368148982218
Usp25,0.23962031546755083,0.16334729204980167,0.2685777027892595
Usp32,-0.7482498105320277,0.0788774819629333,-0.39390375006913075
Usp47,-0.31332572074439646,0.06986636875115439,-0.12884988479507545
Usp54,-0.6019274764275726,-0.08776540744078448,-0.40799910012994756
Usp7,-0.3058618822353488,-0.06510686077647815,-0.22874301783477724
Utrn,-0.4744202352313418,0.5568683203830611,0.12149578911117102
Vamp2,-0.5347529298461436,0.3934496724380208,-0.04182641920220642
Vamp3,-0.20820999507530863,-0.09070894475967853,-0.19350464268273518
Vat1,0.29140069512406896,0.41340585080273473,0.49119230755411636
Vav1,0.9056124057644492,-0.4200428011475434,0.3834854478502661
Vcam1,-0.5045865825387428,-0.6635052110334211,-0.7596168000166279
Vcl,-0.15814007841044725,-0.4339888005423464,-0.4403264790737775
Vcp,-0.20836549171091379,0.027423899712989225,-0.09973992271295376
Vdac1,-0.8398373289034666,0.01254132799645838,-0.4842978428504561
Vdac2,0.13015068400151852,-0.3651409898645831,-0.21817150528916465
Vegfb,-0.38423218658034924,0.5672670309958512,0.20131836934688363
Virma,-0.17928762085274896,-0.11876797998083316,-0.19947984542590752
Vps13a,-0.44145494848304795,0.28178613291770366,-0.05209151109432301
Vps25,0.06064368788601223,-0.18685572623055965,-0.1161334276749907
Vps26b,-0.3801892740546151,0.4274918706185894,0.09943350205945775
Vps28,0.33478425645790855,-0.1816400652474665,0.056228189916519254
Vps51,0.2617008377234835,0.2454049403059002,0.34502965583651596
Vps72,0.6956919476974839,0.12436233931307078,0.47832264010728365
Vsir,0.8794889709827824,-0.26514980624854834,0.41045046535791574
Vstm4,-0.2332449534077393,0.4916805194803432,0.2523374081539706
Vtn,-0.1397914754090384,0.7324396690245463,0.5075858125161533
Vwa8,0.1699578227164394,0.46873408059896143,0.4743391716118355
Vwf,0.5122059176833956,-0.01336679990548396,0.28941430722698874
Wapl,-0.31052678130350364,-0.008707957959278754,-0.18783586059305887
Washc1,0.7370540527684564,0.19205914122785434,0.5353168816575429
Washc2,0.006219865424206382,0.05834339283306307,0.05101903880708695
Washc4,-0.4899698987918577,0.07988568257226639,-0.22920264881502128
Washc5,0.17431172851338386,0.23510889964710827,0.28972072788048475
Wasl,-0.7401639854805595,0.492175362626577,-0.16286257733313342
Wdr36,-0.2148963504063305,-0.216094050801539,-0.2967684029108932
Wdr37,-0.7498047768880793,-0.2718460633014545,-0.5834249242564177
Wdr45,0.05660077536027808,0.4296957178486962,0.38149371360254203
Wdr59,0.008396818322678617,-0.023005030301041132,-0.013788929407320799
Wdr61,0.026278931417271962,0.15319956409516952,0.13972781799418407
Wdr82,-0.29388864129375153,0.20813606552124755,-0.009805460911872567
Wdtc1,-0.5198252528280484,0.3280628604764593,-0.07553269108676836
Wiz,0.6173216433524835,-0.02134279442995887,0.346408548777248
Wls,0.222204692279773,0.3635129758711219,0.41749814038832417
Wnt5a,-0.26247832090150935,0.6816321403913431,0.381187292949046
Wrnip1,-0.3417816050601407,-0.12060133460487275,-0.2914060414747129
Wwox,0.008085825051468296,0.06530359800757463,0.057760293183999334
Wwtr1,0.47706367803662947,-0.05152486801765111,0.24145947495486195
Xiap,-0.5636753040687034,0.07165515548865917,-0.28068131860235224
Xpo1,-0.12268684549247089,-0.452878258178069,-0.43664943123182526
Xrcc1,0.47737467130783984,0.23369609411061112,0.4452292095297138
Yars,-0.3693045095622539,-0.12383267368385505,-0.30887201872398584
Ybx3,-0.016327146738541756,-0.61606388822285,-0.5098839674173734
Yeats4,0.3220335323382854,-0.40919463664634287,-0.12685815054735133
Yes1,-0.5453267010672946,0.12734767843638597,-0.23134759338949334
Ywhae,0.11009161800845296,0.11042584080584364,0.1533635370747569
Ywhag,-0.7076651886390811,-0.23813539780153012,-0.5494122317183598
Ywhaz,-0.5820239070701121,-0.2120813487718089,-0.47954832272126774
Yy1,-0.24319673808646952,0.11021533613111167,-0.05500250730253518
Zbtb16,-0.3521998796456864,-0.029069074604967125,-0.22751733522079312
Zbtb46,-0.28735778259833483,-0.06815073241649638,-0.22062287051713278
Zbtb7a,-0.5709836459421459,0.3773870606763461,-0.08135468350319269
Zc3h11a,-0.2634113007151403,0.23046804701869744,0.026965017507649562
Zc3hc1,0.2721191123090292,-0.07015267483847087,0.10387660153515002
Zdhhc18,-0.39449496453028976,0.16785449229415142,-0.10479586349563806
Zdhhc6,-0.04913693685123042,-0.3425479080152205,-0.30657386382276575
Zdhhc7,0.49385731468198674,-0.14641848655874518,0.18461844373135067
Zdhhc8,-0.2571914352909339,0.08628411727127773,-0.08227394546368076
Zeb1,-0.3282533977624918,0.49911285443462383,0.1915129084350111
Zeb2,0.1937488079640288,0.2440571568849872,0.3074931257832538
Zfand2a,-0.46306898083216513,-0.2502979444205126,-0.450285150312398
Zfhx3,0.3525108729168967,0.5014718516417552,0.5867955514448739
Zfp106,-0.7541586826850237,0.13583442154402037,-0.3673983635417253
Zfp148,-0.27196361567342403,0.2621144337686399,0.04626951867789868
Zfp24,0.3739694086304087,0.1700926682434387,0.3462553384505
Zfp281,-0.262167327630299,-0.11902506149036769,-0.2462089950840502
Zfyve9,-0.8541430193791414,0.1158992232390793,-0.4492126780251619
Zic1,-0.42932621090584555,0.6455979153690846,0.2232274460718489
Zic2,-0.1430569047567468,0.6040393962252424,0.4021771077135233
Zic3,-0.36106318787518044,0.3380722001380296,0.04550346704415863
Zkscan1,-0.2576579251977493,0.3046848178157011,0.08886198951384515
Zmpste24,-0.6580617618810353,0.06991572267467278,-0.34104618734106773
Zscan21,0.09469745108354218,0.3254066373146112,0.3183710589823624
Zyx,0.21054244460938604,-0.3174782191319846,-0.1293095157753195
Zzef1,0.553568022754368,-0.5422659187871716,-0.04397136377667855
