,rho_sev,rho_day_given_sev,rho_day_raw
A2m,0.9084113452053421,-0.10924107341838274,0.49272441082159646
Aatf,0.0023324495340773933,-0.23404688360566947,-0.18875512255354693
Abca1,0.637380709345549,0.5890864219841466,0.7404655091731269
Abca3,0.6924265183497754,-0.144025653631765,0.3194435312695985
Abca7,0.3467574973995058,-0.09311210417751771,0.13130125002304358
Abca8a,-0.549680606864239,0.18932455411678292,-0.1921257497420031
Abcb1a,-0.36013020806154955,0.543648218957359,0.20193121065387568
Abcc9,-0.46804487317153026,-0.3259672367376664,-0.5069729712091613
Abcd3,0.28253738689457486,0.20260892955857687,0.32266094813130664
Abcf1,-0.016638140009752073,-0.1119879974504952,-0.10065918467344181
Abcg2,-0.3217225390670751,0.3262433927724603,0.06327586494692766
Abhd17c,0.29217817830209475,0.1681757386899679,0.3010582920598374
Abhd4,0.539884318821114,0.733571439907028,0.8164578312401393
Abhd5,-0.22547012162748134,0.35647660983648016,0.1506057511932927
Abi1,-0.29280016484451543,0.08395952795481221,-0.10556191512937811
Abl1,-0.09252049818506994,0.30918205150477784,0.19610921823745134
Abraxas2,0.1687138496315981,-0.19217154847195692,-0.05546213828277921
Acaa2,-0.18519649300574503,0.6385636598299232,0.4017174767332792
Acaca,-0.5117394277765801,0.10605633543833339,-0.224453128685833
Acacb,0.2005906599306558,0.3949467563033991,0.43128706979564496
Ace,0.26294481080832477,-0.23184991866192442,-0.02834391044838164
Ace2,0.6190321063441402,-0.5183927400536685,0.030335644696105755
Ackr3,-0.6230750188698744,-0.42780692831468137,-0.6352100146972447
Acly,-0.4378785258641293,-0.5643671044568979,-0.6675373936410746
Acox1,0.557455438644497,0.4997863050492959,0.6621750322048943
Acp2,0.5128279042258161,0.18735526710628414,0.42975496652816486
Acsl1,-0.02379098524758941,0.2455623883364803,0.18553770569183872
Acsl4,0.23759885920468377,-0.33426848863298037,-0.12517283695312326
Acsl6,-0.2707196425885828,0.40568715467699096,0.1593387398179292
Acss1,0.35468782581536895,0.09900311342334035,0.2820602115430843
Acss2,-0.7028447929353211,-0.43177396774178656,-0.6594172463234302
Actn1,-0.3162801568208945,0.2065766141287469,-0.02527970391342146
Actr1a,-0.07386090191245079,-0.5471197560241312,-0.48628957709818016
Actr1b,-0.48312804682523075,-0.5598462411808117,-0.6799474301076633
Actr2,-0.2125639008722531,-0.09049201603571794,-0.1958027975839553
Acvr1,-0.2528375294939894,0.39077239422589005,0.15964516047142524
Acvrl1,-0.2529930261295946,0.0029427361425495516,-0.1452433897571124
Adam10,-0.0349867430111609,0.2612360506686799,0.1916661187617591
Adamts1,-0.17602219150504061,-0.5793976491295526,-0.5659589470071447
Adar,0.2399313087387612,-0.2606128774733906,-0.0655740198481478
Adarb1,-0.28626930614909873,0.08204198012242954,-0.10311054990140997
Adcy1,-0.17571119823383027,0.09980094543216957,-0.02267512835870531
Adcyap1r1,0.3374276992631962,0.47055150374787524,0.5566131170755162
Add2,-0.3805002673258254,-0.1445039861859136,-0.33047467479545506
Adgra2,0.19234933824358236,0.051657091270950306,0.1533635370747569
Adgrb1,-0.5316429971340405,-0.136986911968262,-0.40432205228799534
Adgre5,0.04758197049517882,0.44617296973419845,0.38976707124693455
Adgrf5,-0.5417502784483759,0.3036824811920004,-0.10862612166433828
Adgrg1,0.2172287999404079,-0.029167105202193004,0.10357018088165398
Adgrl1,-0.5265116081590702,0.2108336156997182,-0.16148368439240135
Adgrl3,-0.49245784496154027,0.15618284749136999,-0.17680471706720222
Adh5,0.04027362862173632,0.034107494222834205,0.05117224913383495
Adipor1,-0.08754460584570484,-0.4043804869131975,-0.3782762967408339
Adora1,0.36650557012136104,0.23044841426725882,0.38792854732595844
Adora2a,0.2833148700726007,0.0701087279310512,0.2198568188833927
Aebp2,-0.13543756961209397,0.21218036537957166,0.0917729857220573
Afap1l2,0.2994865201755373,-0.0006100484161266976,0.17420014151248606
Afdn,-0.46291348419656003,0.40582756617591476,0.022215497378461287
Afg3l2,-0.06079918452161738,0.024083399905651576,-0.01593387398179292
Agl,-0.40537972902265096,0.07081142069993863,-0.18385239209761065
Ago1,0.0522468695633336,0.11882010340283179,0.12685815054735133
Ago2,-0.0269009179596926,-0.2214354192860159,-0.1954963769304593
Ago3,-0.21909475956766977,-0.009462445706926437,-0.1352847185184918
Agpat3,-0.07774831780257978,0.05902079347858742,0.002451365227968142
Agpat4,-0.31970108280420806,0.21797867371263835,-0.018691659863257083
Agps,0.02379098524758941,-0.42536170168944365,-0.3315471470826912
Agrn,0.7575796086683374,-0.3213050786965452,0.2714886989974717
Agt,0.04758197049517882,0.6366995358534416,0.5443562909356755
Ahi1,-0.2937331446581464,-0.12427367211677183,-0.26781165115551947
Aida,-0.21287489414346342,-0.13138679673434567,-0.22843659718128118
Aif1,0.8673602334055799,-0.2224140845843651,0.41596603712084407
Aif1l,-0.55061358667787,0.02826102086354603,-0.30197755402032544
Aip,-0.5331979634900921,0.04632428021624743,-0.27914921533487214
Ajuba,0.18519649300574503,0.08656073432088843,0.17711113772069823
Akap9,-0.1764886814118561,-0.04218396812043829,-0.13666361145922393
Akr1b3,0.0015549663560515954,0.3470639823018995,0.28282626317682436
Akt1,0.2352664096706064,-0.16409988284344787,0.0076605163374004435
Akt1s1,0.044161044511865304,-0.10631416654471842,-0.060518079065463505
Aldh2,-0.20136814310868162,-0.10618232803637412,-0.20193121065387568
Aldh4a1,0.6120347577419081,0.015050492729009851,0.3666323119079852
Aldh9a1,-0.3879641058348731,0.4673822336002126,0.12364073368564316
Aldoa,-0.33804968580561684,-0.5443409410151215,-0.6133009379722795
Aldoc,0.1582955750460524,0.26005694018930686,0.3009050817330894
Alkbh5,-0.31161525775273974,0.23804870873936798,0.001991734247724115
Alpl,-0.36588358357894046,0.5396683679898461,0.19457711496997124
Ambra1,0.18193106365803666,-0.13284595239111505,0.0
Amd1,-0.5232461788113619,0.5023955144518104,0.04259247083594646
Amfr,0.1679363664535723,0.08814588538633782,0.16853135942280975
Anapc16,-0.13201664362878043,-0.308334912614598,-0.3252655236860228
Anapc2,0.4562271288655381,-0.4567189769001781,-0.0640419165806677
Anapc4,-0.30741684859140045,-0.18705726900683134,-0.3238866307452907
Anapc5,0.24133077845920758,-0.07029896526811866,0.08533815199864093
Ank,0.3417816050601407,0.494303778413342,0.5766836698795054
Ank1,-0.43585706960126225,-0.09886897411804567,-0.3264912063000069
Ank2,-0.2430412414508644,0.1083458170549702,-0.05638140024326726
Ankle2,0.24164177173041795,0.14249855541008527,0.2532566701144586
Ankrd11,-0.1349710797052785,0.16956986687465248,0.057760293183999334
Ankrd13a,0.2713416291310034,-0.3109858627187139,-0.08487852101839691
Ano1,0.2161403234911718,0.05606004274610359,0.17052309367053387
Anp32e,-0.4587150750352207,0.04993218935280383,-0.23150080371624138
Anxa2,-0.14430087784158807,-0.3152039968650889,-0.33752234982586354
Anxa6,0.014461187111279838,-0.2988042210152784,-0.23425858959770554
Ap1b1,-0.42263985557482364,-0.3536051857407503,-0.5068197608824133
Ap1g1,-0.3277869078556763,-0.432662757475812,-0.5232132658444503
Ap1s1,-0.14383438793477257,-0.39480839012618335,-0.40125784575303514
Ap2a1,0.009018804865099254,-0.44407640971194107,-0.3554479580553806
Ap2a2,0.009640791407519892,-0.5248785787119686,-0.42071555725003235
Ap2b1,-0.3251434650503886,-0.2822708756152759,-0.40646699686246746
Ap3b1,0.19841370703218358,0.16870731111226817,0.25003925325275045
Ap3m2,0.1718237823437013,0.29617072856600923,0.33721592917236753
Ap3s2,-0.19499278104887005,0.38928198398787456,0.19641563889094737
Apba3,-0.05939971480117094,-0.22123355383371818,-0.21403482646696836
Apc,-0.3916960250893969,0.26651368931692926,-0.029263172408869696
Apc2,-0.040118131986131164,-0.2650788724461701,-0.23854847874664975
Apip,0.2924891715733051,-0.17365852053562866,0.03569800613228606
Apln,-0.7345661065987737,0.33560697508647797,-0.2434512092025861
Aplp1,-0.5551229891104196,0.011846804108508599,-0.31576648342764624
Aplp2,-0.7053327391050037,0.3198369357261747,-0.2272109145672971
Apmap,-0.3932509914454485,-0.2047250611638161,-0.38225976523628213
Apobec1,0.4980557238433261,0.04698237803952051,0.3235802100917947
Apobec3,0.7132630675208668,-0.31976186689897457,0.23395216894420953
Apod,0.192971324786003,0.011801989215814575,0.12195542009141505
App,-0.3747468918084345,0.4450392054318827,0.11659305865523474
Appbp2,-0.6078363485805687,-0.02092332871210526,-0.3680112048487173
Appl1,-0.5254231317098341,0.0007053616790261759,-0.3059610225157737
Appl2,-0.0887885789305461,0.3857287209862566,0.26030434514486706
Aqp4,0.7785716544750337,0.5184921217878595,0.7184032221214135
Araf,-0.2658992468848228,-0.022065025395290042,-0.17236161759150997
Arap1,0.31845710971936675,-0.08004718931212276,0.12410036466588718
Arf2,-0.03856316563007957,-0.4383232749156158,-0.3782762967408339
Arfip2,-0.32327750542312667,-0.09135563246513284,-0.25877224187738695
Arhgap17,0.021769528984722335,-0.0107294098222353,0.00398346849544823
Arhgap31,0.07043997592913728,0.24105216499107618,0.2364035341721777
Arhgap35,-0.5869997994094773,-0.10400171166503393,-0.4107568860114118
Arhgap44,-0.13419359652725268,0.025095352327160463,-0.05806671383749535
Arhgef1,0.519514259556838,-0.21934593540523598,0.15075896152004073
Arhgef11,-0.18224205692924697,-0.2125889232254784,-0.276085008799912
Arhgef12,-0.3693045095622539,0.32816117107284987,0.03232737894382987
Arhgef15,-0.26652123342724343,-0.028259117591145796,-0.17757076870094227
Arhgef28,0.061576667699643185,-0.21928485559252278,-0.14187276256865622
Arhgef3,0.11180208100010972,0.014309567591162881,0.07675837370075243
Arhgef6,-0.05660077536027808,-0.30482217738955936,-0.2802216876221082
Arhgef7,-0.061265674428432865,-0.16870585874463748,-0.17251482791825798
Arid1a,0.032343300205873185,0.13132003149131494,0.12547925760661927
Arid1b,0.3263874381352299,-0.2870380491854235,-0.03002922404260974
Arid2,-0.24506269771373146,0.29530158839332316,0.08962804114758519
Arid5b,-0.18130907711561603,-0.14188620854945486,-0.21909076724965268
Arnt,-0.17151278907249098,-0.06300333142127759,-0.1504525408665447
Arnt2,-0.27460705847871175,0.2285930197792343,0.018385239209761064
Arrb1,0.01415019384006952,-0.24764889657949352,-0.19289180137574316
Arrdc2,-0.10402724921985175,-0.23155095905219586,-0.24774109835153033
Arrdc3,-0.3025964528876405,-0.4411130216785594,-0.518004114735018
Asap1,-0.38454317985155956,0.22350628722862143,-0.05668782089676328
Asap2,0.2480171337902295,-0.11295354165840762,0.055768558936275234
Asf1a,-0.26947566950374147,0.04677897845182137,-0.12057652715068297
Ash1l,-0.6541743459909062,0.2975822774084152,-0.1987137937921675
Ash2l,0.35468782581536895,-0.3792955821922643,-0.0812014731764447
Asna1,0.009174301500704413,-0.15295758542944082,-0.11889121355645488
Atf2,-0.2599903747318268,0.07046191797269873,-0.09636929552449758
Atf4,-0.27631752147036853,-0.07302888012185117,-0.21817150528916465
Atf5,-0.5159378369379194,-0.019139661733159074,-0.3142343801601662
Atf6b,0.3864091394788215,-0.41205810050600233,-0.08334641775091682
Atg101,-0.07805931107379009,-0.17459326771937847,-0.1869165986325708
Atg13,-0.41641999015061726,-0.12297398900976082,-0.3336920916571633
Atg3,-0.4411439552118376,0.2884248696821639,-0.047035570311638714
Atg5,-0.10884764492361167,0.23572640541000037,0.12685815054735133
Atg7,0.2309125038736619,-0.12155273374093578,0.03860900234049823
Atg9a,-0.21178641769422732,-0.12289111094243516,-0.2210825014973768
Atn1,-0.44254342493228416,-0.05769885368127858,-0.30013903009934934
Atp1b2,-0.2940441379293567,0.2806860290134038,0.04642272900464668
Atp2a2,-0.3475349805775316,-0.052903498115047,-0.24299157822234205
Atp2a3,-0.17011331935204457,0.333536589792771,0.1677653077890697
Atp2b2,-0.1971697339473423,-0.17476972023648787,-0.2541759320749467
Atp2b4,-0.5045865825387428,0.07949056202527122,-0.23854847874664975
Atp5f1,-0.5513910698558957,-0.09246170674515078,-0.3842514994840062
Atp5o,-0.21878376629645951,-0.5250181718090348,-0.5437434496286835
Atp6ap2,-0.46042553802687747,-0.16727076446953273,-0.3891542299399425
Atp6v0a1,-0.5888657590367392,-0.1559592656573229,-0.4458420508367058
Atp6v1a,-0.3826772202242976,-0.37323720188803194,-0.5032959233672091
Atp6v1b2,-0.45964805484885163,-0.5091150951936734,-0.6353632250239928
Atp7a,-0.13543756961209397,-0.3800523398956252,-0.38486434079099824
Atraid,-0.2993310235399322,0.22841442479605895,0.002451365227968142
Atrx,0.2730520921226602,0.20950295349781123,0.3229673687848027
Atxn10,-0.04245058152020856,-0.27758695838818237,-0.25003925325275045
Axin2,0.27973844745368204,0.5404697956938945,0.5846506068704018
Axl,0.2987090369975115,-0.27177511734705284,-0.036464057766026105
Azi2,-0.4171974733286431,-0.19691388747149485,-0.38869459895969843
B2m,0.6902495654513033,0.060828995334699903,0.4383347448260534
B3gnt2,0.028455884315744195,0.3295793282457384,0.2842051561175564
B4galnt1,0.26900917959692605,-0.17312823623485116,0.02144944574472124
Babam2,-0.036230716096002175,-0.4397720824991726,-0.3781230864140859
Bace1,0.18022060066637993,0.08071569354611982,0.1696038317100458
Bach1,0.19856920366778874,0.13607553616838125,0.22414670803233694
Bad,0.29311115811572575,-0.35328866584043966,-0.10341697055490598
Baiap2,-0.0038874158901289887,-0.08114229055739047,-0.06817859540286395
Bap1,0.09034354528659769,-0.1715701194619402,-0.08610420363238099
Bax,0.5401953120923243,-0.12179530698880545,0.23180722436973739
Baz1b,-0.02658992468848228,-0.1922228791676565,-0.17159556595776992
Bbs9,-0.10558221557590335,0.21261072970956715,0.11015822493181836
Bcam,-0.31068227793910874,0.15075068249431023,-0.06480796821440775
Bcar1,0.08956606210857189,0.266267875270111,0.26765844082877144
Bcl2l1,0.021925025620327495,-0.1928966656031439,-0.1438644968163803
Bcl2l2,-0.4388115056777603,0.09455410028534328,-0.1869165986325708
Bcl6,0.1015393030501692,-0.05129253834310397,0.01777239790276903
Bcl7b,-0.15596312551197503,-0.02258541111043785,-0.10908575264458233
Bcl7c,0.1365260460613301,-0.0068024017896286485,0.0741537981460363
Bclaf1,-0.40911164827717483,0.05465374055399488,-0.19810095248517545
Bcr,0.4910583752410939,-0.05312492448299529,0.24881357063876638
Bdh1,0.15705160196121115,0.29776882087511075,0.33047467479545506
Becn1,-0.19545927095568558,-0.22019522665460042,-0.28941430722698874
Bex3,-0.24164177173041795,-0.44708166982694847,-0.4933372521285885
Bhlhe40,-0.1441453812059829,0.1297502943923942,0.02022376313073717
Bicd2,0.08008076733665717,-0.08228304029541189,-0.01991734247724115
Bin1,-0.21194191432983248,0.2388966129557394,0.06603365082839181
Blmh,0.15860656831726275,-0.08458559001378385,0.024666862606429425
Bmi1,-0.3285643910337021,0.23001072731023878,-0.015167822348052877
Bmp1,0.8124699210369587,-0.21802418086669134,0.37061578040343346
Bmp4,-0.5425277616264017,0.3278794298763593,-0.09269224768254535
Bmp6,-0.1775771578610922,0.47684857228316857,0.27761711206739204
Bmpr2,-0.14476736774840354,-0.16734630296276828,-0.21893755692290465
Borcs8,0.4902808920630681,-0.1312301252449872,0.19304501170249114
Braf,-0.6485764671091204,0.18659436190253592,-0.26290892069958316
Brd2,0.20945396816014994,0.4626801285382341,0.48966020428663626
Brd4,-0.36806053647741266,0.11200205764805261,-0.1300755674090595
Brd7,0.016016153467331432,0.25579796647057607,0.21709903300192854
Brd8,0.1671588832755465,0.2637442747431287,0.30871880839723786
Brpf1,0.03529773628237122,-0.09953127322443868,-0.06021165841196748
Brsk2,-0.37645735480009124,-0.0687935347835784,-0.2713354886707237
Btrc,0.01321721402643856,-0.31563700254400584,-0.24866036031201835
C1qtnf5,0.6980243972315613,-0.331946293527639,0.21403482646696836
C3,0.937644712699112,0.3106909762489953,0.6345971733902527
C4b,0.9222505457742013,0.2513465823148952,0.6168247754874836
Cabp1,-0.2341779332213703,-0.14696696770512466,-0.2526438288074666
Cacna1c,0.30881631831184686,-0.11196415105844262,0.09361150964303341
Cacna1h,0.22547012162748134,-0.09473159083339092,0.05653461057001526
Cadm1,-0.20541105563441575,0.5201512767940795,0.293704196375933
Calb2,-0.4070901920143077,-0.5326191389360063,-0.6326054391425286
Calcrl,-0.18193106365803666,0.23891930424594038,0.08472531069164889
Calu,-0.2632558040795351,-0.2719220855624721,-0.3666323119079852
Camk1d,-0.3523553762812916,0.04783464030316833,-0.16914420072980177
Camk2b,-0.46804487317153026,-0.12171023216609943,-0.36035068851131685
Camk2d,-0.11553400025463355,-0.08966074027227744,-0.13972781799418407
Camk2g,-0.41035562136201603,0.2242328430093935,-0.07323453618554823
Camsap1,-0.30881631831184686,-0.1256065695760241,-0.27715748108714805
Camsap2,-0.587621785951898,0.017706596497003294,-0.33108751610244713
Camta2,-0.10480473239787753,-0.1572317755531761,-0.18814228124655485
Canx,-0.44596435091559755,0.08823186913899413,-0.19595600791070333
Cap2,-0.2969985740058547,-0.2902418215014437,-0.3983468495448231
Capn1,0.17913212421714378,0.027238649141641706,0.1262453092403593
Capn2,0.3679050398418075,-0.33804088650286246,-0.040753946914970356
Caprin1,-0.17664417804746121,-0.2586098071930889,-0.30979128068447387
Car2,-0.30866082167624176,0.37279782303240144,0.10801328035734624
Car4,0.5053640657167685,-0.12804821508951925,0.20499541718883585
Carm1,-0.03607521946039702,-0.22642080264906173,-0.20484220686208784
Carmil1,-0.01321721402643856,-0.5922378469263921,-0.4887409423261483
Casc4,-0.01772661645898819,0.21155954823519116,0.16148368439240135
Caskin1,-0.5745600685610645,-0.17946469587520822,-0.4544218291345942
Casp12,0.382988213495508,0.13252183468271195,0.32281415845805467
Casp8,0.5336644533969076,-0.02421071149397663,0.294623458336421
Casq2,-0.06717454658142893,0.05325645622431463,0.00398346849544823
Cat,-0.02379098524758941,0.27952238456264344,0.21311556450648034
Cav1,-0.5117394277765801,0.38530750395025515,-0.029569593062365708
Cav2,-0.5327314735832767,0.3405494490882358,-0.07660516337400443
Cavin1,-0.13761452251056622,0.285232095821143,0.14922685825256063
Cbl,-0.20618853881244156,0.059545711499186985,-0.07292811553205221
Cbx3,-0.6135897240979596,-0.21741080106320568,-0.4973207206240367
Cbx5,-0.4461198475512027,0.2087010017469491,-0.10847291133759028
Cbx7,-0.13092816717954434,0.6130680209497127,0.41734493006157614
Ccar2,0.039340648808105366,-0.04884376501315631,-0.016699925615532966
Ccn1,-0.18628496945498113,0.127115321925037,-0.007200885357156416
Ccn2,-0.4206183993119566,0.2276926058878765,-0.07752442533449248
Ccnd1,-0.01041827458554569,0.12046633111377686,0.0917729857220573
Ccnd2,-0.5034981060895066,0.2656134763600792,-0.1072472287236062
Ccnd3,-0.011351254399176648,-0.49000879695903904,-0.4046284729414914
Ccnt1,-0.35686477871384115,0.10832619710046497,-0.12593888858686328
Ccp110,-0.2755400382923427,0.44282827455111134,0.1850780747115947
Ccser2,-0.5132943941326317,0.13098784504613015,-0.20805962372379605
Cct3,-0.3935619847166589,-0.3319229462095983,-0.47740337814679557
Cct5,-0.4000928434120755,-0.3560239359371701,-0.4983931929112728
Cct7,-0.2858028162422832,-0.2824420885516007,-0.3865496543852263
Cct8,-0.39527244770831554,-0.536596798543162,-0.6309201255483005
Cd151,0.2041670825495745,-0.17190622813377945,-0.01761918757602102
Cd200,-0.16949133280962392,-0.17698645866754137,-0.24054021299437392
Cd248,0.46353547073898066,-0.0722856634931758,0.21832471561591263
Cd2ap,-0.3630846441380476,-0.002390386196746852,-0.21357519548672432
Cd34,-0.00668635533102186,-0.04989806421081276,-0.044430994756922575
Cd38,0.44238792829667895,0.1707562175620246,0.3824129755630301
Cd47,-0.4304146873550816,0.24019951997816663,-0.07491984977977632
Cd68,0.6869841361035949,0.3319187829553428,0.5966010123567465
Cd74,0.9001700235182687,0.28981535930496477,0.6275494983598443
Cd81,0.35468782581536895,0.13067451587447904,0.3061142328425217
Cd9,0.5646082838823343,0.035112043738936116,0.35284338250066444
Cd93,0.43601256623686735,-0.16406528668671924,0.13436545655800378
Cdc16,-0.17819914440351284,0.051824635189658595,-0.06250981331318761
Cdc23,-0.0733944120056353,0.11430575224025781,0.049793356193102885
Cdc27,-0.49525678440243315,0.011798734040468837,-0.2805281082756042
Cdc37,-0.022547012162748136,0.011476641180283478,-0.0038302581687002218
Cdc42bpb,-0.09671890734640924,-0.10968551466135408,-0.1450901794303644
Cdc42ep4,0.028611380951349356,-0.14169106197428066,-0.09836102977222169
Cdc73,-0.3585752417054979,0.3679369357601962,0.06986390899709204
Cdh2,0.17990960739516962,0.013828369535657926,0.11598021734824271
Cdh4,0.15658511205439565,0.07178741553871178,0.14892043759906462
Cdh5,0.2851808296998626,0.11401191086211265,0.25509519403543474
Cdipt,0.2798939440892872,-0.6162151540883659,-0.31729858669512634
Cdk5,-0.5308655139560147,-0.10729812478743103,-0.3834854478502661
Cdk5r2,-0.42761574791418877,-0.16424077327668415,-0.3700029390964414
Cdk5rap2,0.6849626798407279,0.0161754018564159,0.4090715724171836
Cdk9,0.31534717700726356,-0.11119600269168242,0.09820781944547369
Cdkn1b,-0.5128279042258161,-0.019062678873407915,-0.3123958562391901
Cdkn1c,-0.15394166924910796,0.3231793465503218,0.1696038317100458
Cdkn2d,0.094541954447937,-0.30293105624944366,-0.18982759484078296
Cebpg,-0.2932666547513309,0.011720503454973842,-0.16194331537264536
Celsr2,-0.20121264647307646,0.2938289346507588,0.11643984832848674
Cemip,-0.26776520651208474,-0.08430882800393211,-0.22215497378461285
Cemip2,0.39667191742876207,-0.08877358192605962,0.16516073223435354
Cep250,0.09594142416838344,-0.06731159633800643,0.0015321032674800886
Cers2,0.05862223162314515,-0.21485354467850865,-0.1400342386476801
Cers4,0.044316541147470474,0.2103776141066013,0.19656884921769538
Cers5,-0.5628978208906775,-0.044535342206619796,-0.3582057439368447
Cetn3,-0.046493494045942704,-0.09554321971693108,-0.10464265316889006
Cfap36,0.1049602290334827,-0.04221145512105307,0.02711822783439757
Cflar,-0.23884283228952505,0.2704189289955149,0.07400058781928828
Chchd3,-0.47131030251923856,-0.05599045816744249,-0.3150004317939062
Chd1,0.1652929236482846,-0.04862136216934063,0.057453872530503325
Chd4,0.5758040416459058,0.06713863235849774,0.380421241315306
Chd6,0.02969985740058547,0.19359099298141297,0.1745065621659821
Chil1,0.8502556034890124,-0.18373454676008433,0.41734493006157614
Chmp3,-0.4616695111117187,0.0534729705368944,-0.23073475208250138
Chtop,-0.4271492580073733,-0.018967537913656955,-0.2630621310263312
Cic,0.2798939440892872,0.16434347106768882,0.2914060414747129
Cisd2,-0.4050687357514406,-0.10479476267347337,-0.31408116983341816
Cit,-0.21738429657601308,-0.142116237618339,-0.23946774070713783
Cited2,-0.023479991976379094,0.1402506746635363,0.1001995536931978
Ckb,-0.26776520651208474,0.12241546197586511,-0.06036486873871549
Clcn4,-0.4156425069725915,0.21261495956277973,-0.08533815199864093
Clcn7,0.19234933824358236,0.2361713295148447,0.3004454507528454
Cldn10,-0.7020673097572953,0.4684487237797555,-0.1385021353802
Cldn11,-0.07199494228518888,-0.3543675072474377,-0.32909578185472305
Clec14a,0.08350169331997068,0.3227363797787144,0.3099444910112219
Clic4,-0.3682160331130178,-0.25404465032539286,-0.4066202071892155
Clic5,-0.26667673006284864,0.4186393168289809,0.17220840726476197
Clk1,-0.6166996568100628,0.09503843842075135,-0.2989133474853653
Clock,-0.25936838818940616,0.06217543220749992,-0.10249770859441792
Cltb,-0.4994551935637725,-0.525269766073439,-0.6609493495909101
Cltc,-0.33385127664427755,-0.4744404364675282,-0.5579920100162482
Cmip,-0.1449228643840087,-0.12873092398036362,-0.18798907091980685
Cmklr1,0.015394166924910796,-0.2847647782107664,-0.22230818411136083
Cmtm6,0.5061415488947943,-0.015041976089819133,0.28466478709780046
Cnp,-0.38081126059703574,0.1490447341708251,-0.11015822493181836
Cnppd1,0.30337393606566626,0.1823273730319343,0.3180646383288664
Cntn1,0.20665502871925703,0.5851294406454516,0.5855698688308899
Cntn2,-0.24397422126449533,0.10847928107381977,-0.056841031223511286
Cntnap1,-0.09003255201538739,0.037068967015125125,-0.022521918031957303
Col15a1,-0.15596312551197503,0.2546738754967241,0.11337564179352656
Col18a1,0.163737957292233,0.30967286110873876,0.3436507628957839
Col1a1,-0.2901567220392277,-0.01565519406894186,-0.1814010268696425
Col1a2,0.03700819927402797,0.019651327286415044,0.03753653005326217
Col4a1,0.6241634953191104,-0.46256046480189916,0.07047675030408408
Col4a2,0.4663344101798734,-0.3887456914334422,-0.007354095683904425
Col4a3bp,-0.26869818632571574,0.4172572240523711,0.16975704203679381
Col4a5,-0.1467888240112706,0.31286485747304615,0.1657735735413456
Col6a2,-0.18706245263300691,0.12405466598813177,-0.010111881565368585
Commd1,-0.15860656831726275,-0.4764734708002127,-0.47464559226533143
Comt,0.34115961851772003,0.0008573482292021854,0.19963305575265552
Copg1,-0.4632244774677703,0.09521824224425167,-0.20162479000037967
Cops2,0.09982884005851243,-0.47883441579740244,-0.32878936120122704
Cops8,-0.7460728576335555,-0.11949305903182446,-0.4997720858520049
Cops9,-0.3630846441380476,-0.22040500530986062,-0.37858271739432986
Coro1c,-0.07510487499729207,-0.20505298868149285,-0.20989814764477213
Coro2b,-0.09112102846462349,-0.07881367324781788,-0.11689947930873075
Cpeb2,-0.4052242323870458,0.1451622876949918,-0.12854346414157944
Cpeb4,-0.4737982486889212,0.23466662208677902,-0.10847291133759028
Cpsf6,-0.16233848757178657,-0.05581726712353522,-0.13942139734068806
Cpt1a,0.10464923576227238,0.63128829973768,0.571014887789829
Cpt1c,0.3417816050601407,-0.15596255775177106,0.08028221121595665
Cr1l,-0.2172287999404079,0.025302557678012372,-0.10663438741661416
Crbn,-0.378167817791748,0.29983151947170855,0.004902730455936284
Creb1,-0.21178641769422732,-0.13292664599037363,-0.22904943848827325
Crebbp,-0.4476748139072544,0.010168839872852189,-0.25371630109470267
Crebrf,-0.2500385900530966,0.4104158331381942,0.17695792739395022
Creld1,-0.05971070807238126,-0.08704814720570733,-0.10540870480263008
Crk,-0.3175241299057358,-0.17150692965382033,-0.31729858669512634
Crlf2,0.5083185017932665,-0.1566141682259702,0.1869165986325708
Cry2,-0.4783076511214708,0.4853520708703575,0.06725933344237589
Cryab,0.05784474844511935,0.28373379437141477,0.26382818266007124
Cs,-0.1603170313089195,-0.3685461991413577,-0.3890010196131945
Csde1,-0.5793804642648245,0.12764327860800775,-0.25340988044120666
Csf1,0.18348603001408825,0.039814140284360845,0.13880855603369602
Csf1r,0.873269105558576,0.11444321630088504,0.554621382827792
Csk,0.2399313087387612,-0.17551454278461362,0.0015321032674800886
Csnk1a1,-0.4755087116805779,0.11345545818733876,-0.19626242856419934
Csnk1d,0.3529773628237122,-0.24527655639121024,0.019457711496997127
Csnk1e,-0.2674542132408744,-0.020133204324730966,-0.17174877628451793
Csnk2a1,-0.46851136307834573,0.06907186574285634,-0.2236870770520929
Csnk2a2,0.23433342985697547,-0.2308901056816449,-0.045656677370906645
Cspg4,0.05053640657167686,0.1997359619312622,0.1915129084350111
Cspg5,0.23277846350092385,0.13476143050370654,0.242225526588602
Ctbp1,-0.4605810346624826,-0.006302379640033694,-0.2731740125916998
Ctbp2,-0.5083185017932665,0.11259115342032978,-0.2177118743089206
Ctcf,-0.445342364373177,0.2515931208786128,-0.07675837370075243
Ctdsp1,-0.4958787709448538,0.11939661303162548,-0.20499541718883585
Ctnna1,-0.03700819927402797,-0.03720438353132433,-0.05178509044082699
Ctnna3,0.10775916847437557,0.4429501256883061,0.4205623469232843
Ctnnb1,-0.2170733033048027,0.6612692661878135,0.397734008237831
Ctnnd1,-0.5691176863148839,0.13752056120011158,-0.24008058201412988
Ctps,-0.17975411075956443,-0.4909814502041748,-0.4971675102972888
Ctr9,-0.21085343788059635,-0.05698287524447534,-0.16822493876931374
Ctsl,0.6437560714053605,0.061212543905857286,0.413514671892876
Ctss,0.9547493426156797,0.19878964427264986,0.604874370001139
Cttn,0.022236018891537812,-0.43649260246921484,-0.34150581832131177
Cul1,-0.5868443027738721,0.11018169276529827,-0.2698033854032436
Cul3,-0.4598035514844568,-0.2637165660722544,-0.45840529763004256
Cul4a,-0.04742647385957366,0.06241505964465241,0.02298154901220133
Cux1,-0.059866204707986426,0.08274191794708492,0.03217416861708186
Cx3cr1,0.9385776925127429,0.29462712648978917,0.6300008635878124
Cxcl12,-0.5279110778795166,0.24820940935987354,-0.13666361145922393
Cxcl14,-0.2459956775273624,0.002424019696964513,-0.14156634191516018
Cxcl16,0.2940441379293567,0.23219324119281762,0.3517709102134284
Cxxc1,0.31954558616860285,0.045493329622681176,0.2213889221508728
Cxxc5,-0.2198722427456956,0.21190768800492854,0.03968147462773429
Cyb5a,0.20121264647307646,-0.004809305276659022,0.11352885212027457
Cyb5r3,0.2483281270614398,0.06457909083772546,0.1956495872572073
Cyfip1,-0.12579677820457408,-0.05877034576829451,-0.12072973747743097
Cyfip2,-0.45747110195037943,-0.24254715734472485,-0.44201179266800555
Cygb,-0.1668478900043362,-0.014890970163821566,-0.1092389629713303
Cyld,-0.24086428855239211,0.10259369292217069,-0.05959881710497544
Cyp7b1,0.23184548368729288,-0.28320313932525737,-0.08855556886034911
Daam2,-0.09609692080398859,-0.11031703720748483,-0.1452433897571124
Dab2,-0.2430412414508644,-0.04623672192609003,-0.17818361000793428
Dag1,0.28455884315744195,-0.03605571013616028,0.13788929407320796
Dbn1,0.3256099549572041,-0.35259502794092346,-0.08089505252294868
Dbnl,0.19079437188753076,-0.49386806405454675,-0.28251984252332835
Dbp,-0.16933583617401876,0.662667480120704,0.43174670077588895
Dbx2,-0.020059065993065582,0.1832484002529343,0.13712324243946794
Dcaf7,-0.21925025620327496,0.0660452413106361,-0.07553269108676836
Dctn1,-0.08412367986239132,-0.1971882866504797,-0.20867246503078807
Dctn2,-0.028922374222559676,-0.490580472043609,-0.415199985487104
Dctn4,-0.4251278017445062,-0.06597835629577262,-0.29646198225739717
Ddah1,-0.09438645781233185,0.37177751473062,0.24559615377705818
Ddb1,0.1629604741142072,-0.506856644650578,-0.311170173625206
Ddit3,-0.0757268615397127,0.32653635662526664,0.22031644986363672
Ddit4,-0.022702508798353296,-0.3108347755268791,-0.2656667065810474
Ddr1,0.6140562140047751,0.4417219882020478,0.6413384277671651
Ddx21,0.22360416200021943,-0.0877033373715227,0.060977710045707526
Ddx42,-0.3310523372033847,0.2289175739601496,-0.01761918757602102
Ddx56,-0.05877772825875031,-0.058806565771682376,-0.08196752481018474
Ddx58,0.16513742701267942,0.047112547569384246,0.13405903590450774
Ddx6,-0.415176017065776,-0.0817916800008325,-0.30259039532731746
Decr1,0.04322806469823435,0.15640082483972703,0.15213785446077283
Def6,0.2749180517499221,0.21979946895868763,0.3320067780629352
Dek,-0.24755064388341402,-0.022703414444565344,-0.16224973602614137
Des,-0.3806557639614306,0.0905786414103108,-0.1539763783817489
Dgcr2,-0.12533028829775858,0.10001951011824962,0.007507306010652435
Dgkg,-0.08070275387907781,-0.09362756408938239,-0.1228746820519031
Diaph1,-0.12983969073030824,-0.15536046432758388,-0.2008587383666396
Dicer1,-0.12424181184852247,0.12621028481752408,0.029263172408869696
Dip2a,-0.34473604113663875,0.06557199052528041,-0.1510653821735367
Disp2,-0.15394166924910796,-0.3086620820225606,-0.33752234982586354
Dixdc1,-0.2226711821865885,0.5455222867405779,0.3021307643470734
Dkk3,-0.31083777457471395,0.0036311023592187413,-0.17849003066143032
Dlg1,-0.2564139521129081,0.02734208328168405,-0.1280838331613354
Dlg4,-0.46680090008668895,0.1384200783316865,-0.17282124857175396
Dlg5,0.010573771221150849,0.04031790958576815,0.03891542299399425
Dlgap4,0.02596793814606164,0.09549789193085079,0.09269224768254535
Dll4,-0.18006510403077478,0.34370191499290864,0.1696038317100458
Dmd,-0.401492313132522,-0.18093903364181674,-0.3687772564824573
Dnajb1,-0.49385731468198674,-0.19977112486810833,-0.42914212522117273
Dnajb6,-0.4041357559378097,-0.12465666913314395,-0.328329730220983
Dnajc5,-0.38500966975837503,-0.2144517878422431,-0.3853239717712423
Dnajc7,-0.510806447962949,0.27304608273353315,-0.1072472287236062
Dner,-0.14694432064687576,0.10838200881382222,0.0013788929407320795
Dnm1,-0.48732645598657004,-0.3827138763631122,-0.5556938551150281
Dnm1l,-0.5120504210477904,-0.47138749827289633,-0.6275494983598443
Dnm2,0.7051772424693986,-0.08046177016831202,0.3649469983137571
Dnmt3a,0.10978062473724264,0.0666223115015878,0.1178187412692188
Dnttip1,-0.10558221557590335,-0.23634623023073983,-0.2524906184807186
Dpf2,-0.03809667572326409,-0.21856780494655395,-0.19963305575265552
Dpm1,-0.23822084574710442,0.10348357093495035,-0.05730066220375532
Dpp9,-0.1979472171253681,-0.440538441923165,-0.466219024294191
Dpy30,-0.3721034490031468,-0.3250217161498422,-0.46208234547199467
Dpysl2,-0.7309896839798551,-0.14380257722862208,-0.5060537092486732
Dpysl3,-0.21816177975403886,0.12804018859922545,-0.02573933489366549
Drosha,-0.6852736731119382,0.3560235886720252,-0.18906154320704294
Dst,-0.36261815423123206,0.2532717845405033,-0.019764132150493142
Dtnbp1,0.044783031054285945,-0.17680994433768346,-0.11735911028897476
Dusp1,-0.33665021608517043,0.03796998847540039,-0.1673056768088257
Dusp3,-0.5789139743580091,0.4600457713260467,-0.032940220250821904
Dusp6,-0.3531328594593173,-0.04973376835429405,-0.24375762985608207
Dusp7,-0.19343781469281848,0.26114064697561,0.0952968232372615
Dvl1,0.12424181184852247,0.09048779706743806,0.1453966000838604
Dvl3,0.06608607013219281,-0.29631347050063767,-0.20162479000037967
Dync1h1,-0.36044120133275986,-0.3014618201422795,-0.43864116547954934
Dync1i2,-0.09811837706685567,0.0664327502684325,-0.0035238375152042037
Dync1li1,-0.4070901920143077,-0.08678887826794258,-0.3018243436935774
Dyrk1a,-0.09049904192220286,0.012786114847327246,-0.042439260509198454
Dysf,0.3159691635496842,-0.36973045635606244,-0.10065918467344181
E2f4,-0.24226375827283855,-0.13214640053131876,-0.2454429434503102
E2f5,-0.31736863327013065,-0.09384702968777577,-0.2573933489366549
Ece1,-0.20323410273594353,-0.0728786319032967,-0.17649829641370618
Echdc1,-0.4612030212049032,-0.08126411184051563,-0.327563678587243
Echs1,0.40973363481959535,0.026719391467716947,0.25877224187738695
Ecpas,-0.1957702642268959,0.12391346903409978,-0.015474243001548893
Edc4,-0.12237585222126056,0.23524505702071474,0.11827837224946283
Edil3,-0.3772348379781171,0.29755935244634224,0.0038302581687002218
Edn1,0.012595227484017923,-0.06751900251565517,-0.04749520129188275
Ednra,-0.13574856288330428,-0.4000230849180255,-0.40110463542628716
Ednrb,0.29482162110738247,0.5917004396620452,0.6312265462017965
Eea1,-0.26185633435908867,-0.04361364263086226,-0.1869165986325708
Eed,-0.19779172048976293,0.4660192358611591,0.25570803534242675
Efcab14,-0.3077278418626107,0.2076405190159116,-0.0189980805167531
Efnb3,-0.24848362369704494,0.5866786567898783,0.3166857453881343
Egfl7,0.3593527248835237,0.08004027033558749,0.2702630163834876
Egln1,-0.6160776702676422,0.24814123185067438,-0.20055231771314358
Egln2,-0.36588358357894046,0.20425617756078923,-0.05898597579798342
Ehd4,0.05862223162314515,0.0638302606464246,0.08595099330563297
Ehmt2,0.27896096427565625,0.10351818016624378,0.2434512092025861
Eif2a,-0.0665525600390083,0.44296940286395575,0.3202095829033385
Eif2ak2,0.2072770152616777,-0.17391805345604397,-0.017312766922525
Eif2ak3,-0.21536284031314595,-0.11031630963470725,-0.21311556450648034
Eif2b1,-0.3039959226080869,0.059048929455596706,-0.1316076706765396
Eif3i,0.02456846842561521,-0.4215887003069036,-0.32802330956748693
Eif4a3,0.15471915242713374,-0.0708255694374316,0.03339985123106593
Eif4ebp2,-0.21971674611009046,-0.03665331253345293,-0.1571937952434571
Eif4enif1,-0.5342864399393282,0.2686322502114743,-0.12716457120084734
Eif4g1,0.04633799741033755,-0.22533301697298527,-0.15581490230272502
Eif4g3,-0.09081003519341319,-0.28566644882219683,-0.2840519457908084
Elavl1,0.12159836904323476,-0.3296716601785228,-0.19488353562346727
Elavl3,-0.47753016794344494,0.1390773768824138,-0.17925608229517037
Elf2,-0.34162610842453556,0.16065087766864292,-0.07660516337400443
Elmo1,-0.2310680005092671,0.3969526589568405,0.17894966164167436
Eln,-0.09065453855780801,0.06782240263658318,0.001991734247724115
Elob,0.14041346195145907,-0.45863505900273216,-0.28696294199902056
Elovl1,-0.03716369590963313,-0.20752837061075055,-0.190134015494279
Elp2,-0.0861451361252584,-0.08615107457440839,-0.11996368584369092
Emc1,-0.08661162603207387,0.03364552153160708,-0.023287969665697347
Emc10,-0.008707811593888936,-0.01675912663262972,-0.018691659863257083
Emc2,-0.2850253330642575,-0.2402559820119291,-0.35330301348090837
Emc3,0.25936838818940616,0.004616002977194906,0.15489564034223693
Emc4,-0.30461790915050757,-0.23592232016649836,-0.3601974781845689
Emc6,-0.005753375517390903,0.037893398098049015,0.027424648487893586
Emd,-0.19001688870950495,-0.47963861405380537,-0.4933372521285885
Emilin1,0.5911982085708166,-0.1855843788800642,0.2232274460718489
Emsy,-0.2652772603424022,0.00799273103814207,-0.14846080661882058
Enah,-0.38081126059703574,0.26225517563944095,-0.025126493586673453
Eng,-0.07246143219200435,-0.24473788453474865,-0.24054021299437392
Eno1,-0.3083498284050314,-0.26929119858708817,-0.38792854732595844
Eno2,-0.468822356349556,-0.4049221209403378,-0.5639672127594205
Enpp1,-0.6650591104832675,0.3307967001408897,-0.18722301928606683
Entpd1,-0.06701904994582376,-0.007726321859645884,-0.04535025671741062
Ep300,-0.283625863343811,0.04714815665402654,-0.12869667446832744
Ep400,-0.20976496143136025,0.11218077521252508,-0.03324664090431793
Epas1,-0.5206027360060741,0.020286576687672774,-0.2895675175537368
Epb41,0.19934668684581455,-0.16704517649316394,-0.016699925615532966
Epb41l1,-0.18084258720880056,-0.0693397935943477,-0.1608708430854093
Epb41l2,-0.47410924196013143,0.05737664588639876,-0.23548427221168963
Epb41l3,-0.39278450153863304,-0.15459109026962276,-0.344570024856272
Epc1,-0.3080388351338211,-0.039126748228786125,-0.20989814764477213
Epc2,-0.32047856598223384,0.1722345521783966,-0.054389665995543145
Epha2,0.3164356534564997,-0.44788681190631835,-0.1605644224319133
Ephb4,-0.0611101777928277,0.24558724865871243,0.16347541864012546
Eps15,-0.608147341851779,0.437445997920486,-0.0726216948785562
Eps15l1,-0.02736740786650808,0.21607748394358905,0.15949195014467724
Erbin,-0.0415176017065776,0.4147502048534692,0.3123958562391901
Erg,0.0069973486022321795,0.016100888152737233,0.017159556595776993
Ermn,-0.48266155691841517,0.3511213024720432,-0.03171453763683783
Ero1l,-0.5728496055694078,-0.05621044182077371,-0.3715350423639215
Erp44,-0.11817744305992126,-0.31210159804893417,-0.32066921388358255
Esam,0.1579845817748421,-0.28946273213849655,-0.1400342386476801
Esd,-0.07401639854805594,-0.184448025681066,-0.19258538072224715
Esyt2,-0.24988309341749138,0.488005858838281,0.23808884776640576
Etnk1,-0.7068877054610553,-0.11120078836026397,-0.47617769553281153
Etnppl,-0.18597397618377082,0.5288490468218396,0.3136215388531741
Ets1,0.24506269771373146,-0.1943324872150583,-0.010111881565368585
Ets2,-0.32187803570268025,0.13692582301511316,-0.08242715579042878
Etv5,-0.6871396327392,-0.016665757444505828,-0.41060367568466377
Etv6,0.24615117416296756,-0.22555186286438203,-0.03401269253805796
Evl,0.13777001914617135,-0.16023910616546916,-0.04856767357911881
Ewsr1,0.2671432199696641,0.03954432424536854,0.1867633883058228
Exoc4,-0.04742647385957366,0.09413778128561656,0.04872088390586682
Ext2,-0.22049422928811624,-0.1476634930118386,-0.24559615377705818
Ezh1,-0.3360282295427498,0.2880094436070037,0.02436044195293341
F11r,0.5185812797432071,-0.1337094173478667,0.20959172699127612
Fabp7,0.7812150972803216,0.25925514151711504,0.5871019720983699
Fadd,0.5083185017932665,0.2341174656708583,0.4602438215510186
Fam107a,-0.17477821842019933,-0.40163878816784,-0.42316692247800053
Fam107b,-0.33385127664427755,-0.09426287362113375,-0.26689238919503144
Fam13b,-0.5877772825875031,-0.29292471205036713,-0.5353168816575429
Fam20a,0.23837634238270958,-0.05951651685927827,0.09207940637555331
Fam20c,-0.41331005743851407,0.3292149215998472,0.002451365227968142
Fam214a,-0.2214272091017472,0.1935941823422355,0.024207231626185398
Fam49b,0.338205182441222,-0.5069678727879142,-0.190287225821027
Fam92a,-0.29715407064145993,-0.20539663676242947,-0.33261961936992723
Fas,-0.28455884315744195,-0.3759326075814261,-0.4587117182835385
Fasn,-0.5031871128182963,-0.5119156639650534,-0.6528292022732658
Fat1,-0.15814007841044725,0.3887208556385225,0.21955039822989666
Fbh1,0.24817263042583462,-0.14850964229479197,0.027884279468137617
Fbln1,0.20883198161772928,0.26654377287261677,0.33353888133041526
Fbln2,-0.49976618683498275,0.13816977139798947,-0.19427069431647523
Fbn1,-0.008863308229494094,-0.08077851866168693,-0.07078317095758009
Fbxl17,-0.15160921971503055,0.33262546032319323,0.17864324098817833
Fbxl19,0.6837187067558865,-0.3579167525975315,0.1866101779790748
Fbxl20,0.12735174456062567,0.07134808650674883,0.13176088100328762
Fbxl3,-0.5209137292772845,0.38403135117267584,-0.03753653005326217
Fbxo11,-0.5433052448044274,-0.02959821309968334,-0.3370627188456195
Fbxo2,-0.3766128514356964,-0.36838351648774925,-0.4968610896437928
Fbxo21,-0.676410364882444,0.06093817915620116,-0.35805253361009676
Fbxo3,-0.6263404482175826,-0.054595358468106085,-0.3998789528123031
Fbxo31,-0.3545323291797638,-0.19896567178793037,-0.3578993232833487
Fbxo33,-0.40335827275978386,0.052459924083295285,-0.19626242856419934
Fbxw11,-0.35981921479033924,-0.2242361266658215,-0.37980840000831395
Fbxw7,-0.24428521453570567,-0.24742238028536404,-0.33736913949911557
Fcgr3,0.8931726749160364,-0.2043065344541853,0.4463016818169498
Fcgrt,-0.005753375517390903,0.29573197069221574,0.23686316515242173
Fdx1,-0.36837152974862303,-0.1823247347095785,-0.35253696184716843
Fgf1,-0.21691780666919758,0.2285260340083006,0.05469608664903917
Fgf12,-0.4605810346624826,-0.39006617207687383,-0.5498718626986038
Fgfr1,-0.44580885427999245,0.24992545809776057,-0.07829047696823252
Fgfr2,-0.013994697204464359,0.2603636517482837,0.20331010359460774
Fgfr3,-0.3904520520045556,0.35696986156690513,0.03922184364749027
Fh1,-0.5975735706306281,-0.04426044227378155,-0.3773570347803458
Fhod1,0.33416226991548786,-0.07206000647931451,0.13972781799418407
Fkbp5,0.054268325826200677,-0.5235298315508522,-0.3929844881086427
Fli1,0.20665502871925703,0.039963154494636756,0.1522910647875208
Flna,-0.15114272980821508,-0.05106511252874136,-0.12915630544857148
Flnb,-0.1876844391754276,-0.007781354406657567,-0.11567379669474667
Flot1,0.025190454968035847,-0.21638826822391374,-0.1610240534121573
Flot2,0.2399313087387612,-0.2827617591047161,-0.0830399970974208
Flt1,-0.32840889439809695,0.6248639116940817,0.28788220395950864
Flt4,0.17975411075956443,-0.12046569832848625,0.008579778297888497
Fmc1,-0.7093756516307379,-0.05848341898572328,-0.4472209437774379
Fmod,-0.3899855620977401,0.20229126619818497,-0.0761455323937604
Fmr1,-0.1956147675912907,-0.008334241386746865,-0.12072973747743097
Fn1,0.4095781381839903,-0.24131555898457524,0.06005844808521948
Fosl2,-0.2309125038736619,-0.29406636829989435,-0.3670919428882292
Foxc1,-0.6311608439213426,0.09403390378713267,-0.30887201872398584
Foxj2,0.002021456262867074,0.05928215333971366,0.04933372521285885
Foxo1,0.3291863775761228,0.1715524546561451,0.3235802100917947
Foxo3,-0.23557740294181675,0.16356606515505326,-0.008273357644392479
Foxp1,0.1399469720446436,0.17834415286209163,0.225065969992825
Foxp4,0.5226241922689413,0.12111791955853114,0.38869459895969843
Frmd4a,0.5566779554664711,-0.022741534931764118,0.3093316497042299
Frs2,-0.512672407590211,0.23080444950539872,-0.138042504399956
Fryl,0.004664899068154787,0.13132182580655982,0.10939217329807834
Fscn1,-0.03218780357026803,0.09483344319247924,0.05821992416424337
Fstl1,0.049603426758045896,-0.24660048156537073,-0.1711359349775259
Fto,-0.12424181184852247,-0.09409943176552074,-0.1483075962920726
Fubp1,-0.28689129269151936,-0.32956640391819836,-0.42377976378499255
Fundc1,-0.2536150126720152,0.16524524463976176,-0.018078818556265044
Furin,0.4129990641673037,-0.34486549834821184,-0.014248560387564823
Fus,0.13574856288330428,-0.006428584699363853,0.07400058781928828
Fxr1,-0.2949771177429877,-0.04443010591256451,-0.20652752045631595
Fyn,0.35981921479033924,0.3693820109815594,0.4898134146133843
Fzd1,-0.37739033461372223,0.2653160959610694,-0.020530183784233186
Fzd4,-0.46493494045942707,0.22836008968189606,-0.1069408080701102
Fzd6,-0.1767996746830664,0.5768204056690791,0.35805253361009676
G3bp1,0.2148963504063305,-0.057564437844032326,0.0796693699089646
Gaa,-0.08598963948965323,0.29880363345338457,0.1916661187617591
Gab1,-0.04524952096110143,0.10426959272157171,0.05821992416424337
Gabbr1,-0.13248313353559596,0.6622754542153986,0.4559539324020743
Gabpb1,-0.08925506883736158,0.033097239371383695,-0.02527970391342146
Gak,-0.05644527872467291,0.1879464359187221,0.1195040548634469
Galnt15,0.13761452251056622,-0.08719012297403556,0.010111881565368585
Galnt17,0.5532570294831577,-0.4318214837397154,0.030488855022853763
Galnt18,-0.11382353726297678,-0.06524973581471581,-0.11904442388320288
Gap43,-0.18597397618377082,0.21403122524458768,0.0623566029864396
Gars,-0.41424303725214506,-0.6444956923317465,-0.7180968014679174
Gas6,-0.5198252528280484,0.31216611591515336,-0.086563834612625
Gata2,-0.020992045806696537,0.1933546913241725,0.1447837587768684
Gatad2b,-0.14601134083324482,0.2762300938921801,0.13681682178597193
Gatd3a,0.16591491019070523,0.31872158055959704,0.3520773308669244
Gba,0.2313789937804774,-0.2013993231549082,-0.024207231626185398
Gbf1,-0.20136814310868162,-0.048029912665858224,-0.155661691975977
Gbp2,0.5583884184581279,-0.26093523954250736,0.14983969955955265
Gbp3,0.5975735706306281,-0.11287529476458592,0.27501253651267593
Gbp7,0.44363190138152014,-0.20978725248298102,0.10602154610962213
Gdf11,0.4125325742604882,0.5142300812101837,0.621114664636428
Gfap,0.8942611513652726,0.12842295423786954,0.5682571019083649
Gfpt1,-0.1295286974590979,0.2836287272087953,0.15290390609451285
Gfra1,0.7424964350146368,0.2191959733008451,0.552323227926572
Ggnbp2,-0.43243614361794874,0.17366380393473585,-0.12501962662637522
Ggps1,-0.5890212556723444,0.11699961415302991,-0.2667391788682834
Ghr,-0.4811065905623637,0.2232125880031601,-0.12164899943791903
Gigyf2,-0.22033873265251105,0.3936507866123308,0.1833927611173666
Gipc1,0.3784788110629584,-0.06638763386749416,0.17082951432402987
Gja1,0.16202749430057625,0.7183369772462153,0.6702951795225388
Gja4,0.4999216834705879,-0.12328615126711696,0.20484220686208784
Gjb2,-0.06453110377614121,0.2828789656794587,0.1916661187617591
Gjb6,-0.46680090008668895,0.4154655455888694,0.026198965873909515
Gjc1,0.4633799741033755,-0.6038358586000029,-0.16439468060061352
Glb1,0.548747627050608,0.14394968665874378,0.4178045610418201
Glg1,-0.3913850318181866,0.11681408404227055,-0.14095350060816816
Glmp,0.6187211130729299,-0.22216226254912788,0.21909076724965268
Glo1,-0.44596435091559755,0.31392274842615514,-0.03186774796358584
Glra1,-0.15176471635063574,-0.3876127234944721,-0.3997257424855551
Glud1,-0.6356702463538922,0.5093967258819263,-0.05132545946058297
Gm2a,0.1660704068263104,0.2034727440099145,0.25984471416462307
Gmfb,-0.5157823403023142,0.11568864628955237,-0.22031644986363672
Gna12,0.14616683746884998,0.3631274662534617,0.3770506141268498
Gna13,-0.032343300205873185,0.3002642554275858,0.22491275966607702
Gnai1,-0.6121902543775132,-0.09768371797639534,-0.41979629528954426
Gnai2,0.4179749565066688,-0.21906875276235258,0.08212073513693274
Gnai3,-0.1556521322407647,-0.0757008437044626,-0.15152501315378075
Gnal,-0.21909475956766977,-0.08040720983026106,-0.1915129084350111
Gnao1,-0.3394491555260633,-0.08938829148522948,-0.2662795478880394
Gnaq,-0.023168998705168774,0.20209671894193265,0.1506057511932927
Gnb1,-0.407401185285518,-0.26520587259457845,-0.4343512763306051
Gng11,0.01803760973019851,-0.29969213254190563,-0.23287969665697347
Golga2,-0.15207570962184605,0.10933236498094533,-0.0009192619604880531
Gopc,-0.2259366115342968,-0.34675459594655106,-0.4061605762089714
Got2,-0.2637222939863506,-0.33867943037740106,-0.41918345398255225
Gpam,0.7022228063929005,0.40129789780024394,0.641644848420661
Gpc3,-0.6154556837252214,-0.009831115014175482,-0.36525341896725316
Gpc4,-0.2444407111713108,0.10105728933730988,-0.06296944429343164
Gpc6,-0.28222639362336455,-0.059890017207527145,-0.2112770405855042
Gpd1,-0.5414392851771656,-0.3254860613105307,-0.5380746675390071
Gper1,-0.00326542934770835,0.3575052670647084,0.2884950452665007
Gphn,-0.2671432199696641,0.12545317166682088,-0.05760708285725133
Gpi1,0.21769528984722333,-0.18488474090702572,-0.019610921823745135
Gpm6a,-0.15052074326579445,0.12878167625361792,0.015627453328296903
Gpr107,0.24988309341749138,0.14234380396041293,0.2576997695901509
Gpr37l1,0.011351254399176648,0.028631075599185252,0.029876013715861724
Gpr4,-0.03312078338389899,-0.046597142230109176,-0.0571474518770073
Gprc5b,-0.31083777457471395,0.7156465461341691,0.3712286217104254
Gps1,-0.24273024817965405,-0.3612418608985182,-0.4262311290129607
Gpsm1,-0.2941996345649619,0.04321106845597869,-0.138042504399956
Gpt2,0.5649192771535446,0.3345209805777174,0.553702120867304
Gramd1a,0.35826424843428756,-0.14542483558942845,0.0986674504257177
Gramd1b,0.014772180382490157,0.02693035206651246,0.030488855022853763
Grb10,-0.07121745910716308,-0.3530164080346858,-0.327563678587243
Grb2,-0.2534595160364101,0.2571534848011558,0.05423645566879514
Gria1,-0.3349397530935137,0.18116868447454898,-0.05668782089676328
Gria4,-0.7844805266280298,0.15400480311301606,-0.379961610335062
Grin1,-0.3397601487972737,-0.2872981559040744,-0.41765135071507214
Grk2,0.10091731650774856,-0.20421149166684976,-0.10617475643637013
Grk3,-0.39247350826742267,-0.17818920777216052,-0.36203600210554493
Grn,0.867515730041185,-0.0748753184329935,0.47571806455256754
Grpel1,-0.37101497255391075,-0.12117926261190934,-0.3077995464367498
Gsdmd,0.6835632101202814,-0.18533103631768977,0.2888014659199967
Gsk3a,-0.3685270263842282,0.04137190589906735,-0.18369918177086264
Gsk3b,0.1429014081211416,-0.03525478005074236,0.05500250730253518
Gstp1,-0.357642261891867,0.43312343390312497,0.11996368584369092
Gtf2a1,-0.24055329528118186,0.19154802313805624,0.01072472287236062
Gtf2a2,-0.4318141570755281,-0.08096254643373138,-0.311170173625206
Gtf2i,-0.20447807582078478,0.4519235611304979,0.24008058201412988
Gtpbp2,0.31394770728681715,0.29378697278220267,0.4096844137241757
Gucy1a1,0.42932621090584555,-0.2041113150233258,0.10065918467344181
Gyg,-0.11848843633113158,-0.07159988273301875,-0.12685815054735133
H2-Aa,0.8993925403402429,0.2697504175153589,0.6203486130026878
H2-Ab1,0.8883522792122766,0.2613437546028387,0.6155990928734996
H2-D1,0.8738910921009967,0.16461482587998674,0.5746919356317812
H2-Eb1,0.8841538700509372,0.3622121830765256,0.6531356229267617
H2-K1,0.7910113853234466,0.030143566614910113,0.47633090585955956
H2-T23,0.829263557682316,0.059790331518483085,0.5108032293778615
H2afy,0.3562427921714205,-0.23075124253672663,0.03263379959732589
H2afz,-0.3243659818723628,-0.5403986130286146,-0.6044147390208949
Hadh,0.22313767209340396,0.4401084382770212,0.4786290607607797
Hadhb,-0.20618853881244156,0.4924736928069819,0.2711822783439757
Hat1,-0.16233848757178657,-0.21160354619191118,-0.2642878136403153
Hcfc1,-0.18706245263300691,0.26613649196535527,0.10326376022815797
Hcn2,-0.10946963146603232,0.1483359644963103,0.055921769263023224
Hdac1,-0.005442382246180584,0.08840774568874869,0.06863822638310797
Hdac2,-0.5666297401452014,-0.017843930134725853,-0.3424250802817998
Hdac3,0.1945262911420546,-0.2639175729196647,-0.09682892650474159
Hdac4,-0.5000771801061932,0.2739297484211094,-0.09897387107921372
Hdac5,0.03685270263842281,0.13338529469557386,0.1297691467555635
Hdac6,0.1195769127803677,-0.2454884946929353,-0.1282370434880834
Hdgfl2,0.28689129269151936,-0.17388100826157898,0.03202095829033385
Hecw2,-0.044472037783075624,-0.35356653859028847,-0.3128554872194341
Herc6,0.5625868276194672,0.085403208049728,0.3854771820979903
Hes1,-0.21396337059269951,0.5177599222386396,0.28604368003853253
Hexa,0.7841695333568196,0.1680284632833669,0.5420581360344553
Hexb,0.8564754689132188,0.4825308237112782,0.7018565068326285
Hey1,-0.3262319414996247,-0.12193241971285802,-0.2838987354640604
Hey2,0.27274109885144987,-0.019069653940171044,0.14417091746987634
Heyl,0.03467574973995058,-0.040388224611525476,-0.012563246793336726
Hgs,-0.38951907219092463,-0.4900934214761414,-0.5938432264752823
Hibadh,-0.34302557814498197,0.46280155284404845,0.15305711642126085
Hic1,-0.058155741716329666,0.05637522999712896,0.011797195159596683
Hif1a,0.2232931687290091,-0.10449573863669735,0.04749520129188275
Hip1r,0.17990960739516962,0.3591554744851969,0.39191201582140667
Hipk2,-0.13745902587496106,0.10249959036310903,0.002298154901220133
Hist1h2bc,0.7257027983692796,-0.019904756193907566,0.4121357789521438
Hist2h2bb,0.21660681339798724,-0.6647199888592878,-0.4007982147727912
Hivep2,-0.15394166924910796,0.02501127663163833,-0.06971069867034403
Hk1,0.17151278907249098,0.1677265763350225,0.23425858959770554
Hlf,-0.3125482375663707,0.6440932525353409,0.3146940111404102
Hmgcr,-0.6739224187127615,-0.4323465448997171,-0.6525227816197697
Hnrnpa1,-0.011351254399176648,-0.20763657746774664,-0.17527261379972212
Hnrnpdl,-0.6033269461480191,0.1250524337565724,-0.27087585769047967
Hnrnph1,-0.7600675548380198,-0.1975321838522199,-0.5475737077973837
Hnrnpk,-0.5160933335735245,-0.02914086418914788,-0.32128205519057457
Hnrnpm,-0.1587620649528679,-0.6068501600805521,-0.5792882454342214
Hopx,0.7155955170549443,-0.17392836673959053,0.3186774796358584
Hoxb3,0.09920685351609179,-0.19782416148908288,-0.1020380776141739
Hoxb5,-0.09360897463430604,0.14726530135742044,0.06450154756091174
Hoxb8,-0.0029544360764980314,-0.1317946543414662,-0.10877933199108629
Hoxb9,-0.2711861324953983,0.08648570953808575,-0.09054730310807324
Hoxc6,-0.14321240139235195,0.0036555244373934126,-0.08058863186945266
Hprt,-0.4921468516903299,0.10649418244790926,-0.21173667156574824
Hps5,0.3671275566637817,-0.3750448087143088,-0.0692510676901
Hsd17b4,0.42388382865966495,0.16750559879101912,0.3704625700766854
Hsf1,-0.1932823180572133,0.059937490831167325,-0.06496117854115577
Hspa1b,-0.26294481080832477,-0.016425496140677884,-0.16623320452158963
Hspa5,-0.2649662670711919,-0.3836443696645452,-0.45503467044158624
Hspa9,-0.38221073031748215,0.08552233588049273,-0.15872589851093716
Hspb2,-0.006064368788601222,-0.3242159361735906,-0.26689238919503144
Hspd1,-0.3371167059919859,-0.40061378402165115,-0.502989502713713
Hspg2,0.2955991042854083,-0.21012890602121706,0.009345829931628542
Hsph1,-0.7068877054610553,-0.22319665206702627,-0.5405260327669752
Htt,0.0138392005688592,-0.08991735685292626,-0.06496117854115577
Huwe1,-0.32545445832159897,0.45099665507273484,0.15658095393646504
Icam1,-0.20323410273594353,-0.4814542245154836,-0.501457399446233
Id1,-0.05831123835193482,-0.25827767222876485,-0.2434512092025861
Id2,-0.4245058152020856,0.1595709554387783,-0.13022877773580752
Id4,-0.08412367986239132,0.5491592989156727,0.39543585333661085
Idh1,-0.17151278907249098,0.010704985382729255,-0.09146656506856128
Idh2,-0.2853363263354678,0.37631415724835227,0.12655172989385532
Idi1,-0.6299168708365014,-0.26665789968112946,-0.5356233023110389
Ifi27,0.6905605587225135,-0.004648979261299607,0.40003216313905116
Ifih1,0.3539103426373431,0.01749109218295989,0.2197036085566447
Ifit3,0.48794844252899067,0.03856587665095635,0.31193622525894604
Ifnar1,-0.01710462991656755,0.056047824095928615,0.03554479580553806
Ifnar2,0.41486502379456563,0.02315285576820878,0.25907866253088296
Ifngr1,-0.21178641769422732,0.13166409536969756,-0.0189980805167531
Ift27,-0.3699264961046746,-0.07080409392260048,-0.26919054409625154
Igdcc4,-0.023013502069563613,0.6943952956170337,0.5504847040055958
Igf1r,-0.21054244460938604,0.2968338526604604,0.11291601081328255
Igf2,-0.2501940866887017,0.40821046878396017,0.17511940347297414
Igf2r,0.13450458979846303,-0.39515801197726885,-0.23962095103388587
Igfbp3,-0.3063283721421643,-0.6050891580920166,-0.6465475788765973
Ighm,0.5279110778795166,-0.22244802304505115,0.15443600936199292
Igsf11,0.4377230292285242,0.44738776861182117,0.5820460313156857
Ikbkb,0.26574375024921765,0.3217169802250935,0.40692662784271155
Ikbkg,0.6019274764275726,0.1057161844379253,0.41964308496279623
Il11ra1,-0.47146579915484377,-0.018227086703503904,-0.2880354142862567
Il13ra1,0.10387175258424657,0.018315489787495576,0.07537948076002036
Il15ra,-0.14383438793477257,0.20480378044966652,0.08074184219620067
Il17rc,0.3155026736428687,-0.2582072306547494,-0.01501461202130487
Il1r1,0.04385005124065499,-0.1132634004630884,-0.06634007148188784
Il33,-0.6159221736320369,0.1799671962182859,-0.24406405050957813
Il34,0.4318141570755281,-0.33141077991439644,0.009039409278132522
Il4ra,0.5258896216166495,-0.4262012612967527,0.012256826139840709
Il6st,-0.21893926293206464,0.1966778425879053,0.02819070012163363
Ilf2,-0.5834233767905587,-0.11867694135849322,-0.4185706126755602
Ilk,0.0003109932712103191,-0.16639157371103452,-0.13497829786499582
Ilkap,-0.34349206805179744,-0.10491378032225965,-0.2803748979488562
Immt,-0.10775916847437557,0.0637865641409087,-0.011337564179352656
Impact,-0.6299168708365014,0.08960445027466821,-0.31086375297171
Impad1,-0.6821637403998349,0.08405636053588318,-0.34794065204472807
Ina,-0.503809099360717,-0.4910886497885391,-0.638427431558953
Ing3,-0.47255427560407987,-0.0451745066831839,-0.3079527567634978
Ino80d,-0.11475651707660774,0.3890112008121632,0.2469750467177903
Inpp1,-0.027989394408928718,0.3044561967958786,0.23088796240924936
Inpp4b,0.06468660041174637,-0.11439758559587138,-0.05500250730253518
Inpp5b,0.11926591950915737,-0.009122654253550458,0.062203392659691596
Inpp5d,0.9180521366128619,-0.24540905531176413,0.4564135633823184
Insr,0.1303061806371237,-0.3418621874076628,-0.19932663509915952
Ints4,0.030788333849821593,-0.048157891469510924,-0.02114302509122522
Iqgap1,-0.37085947591830554,0.17421365154864102,-0.08487852101839691
Irak1,0.25936838818940616,0.1641733203628549,0.2800684772953602
Irak2,-0.38454317985155956,0.017751660611475328,-0.2109706199320082
Ireb2,-0.5918201951132372,-0.24266229683399274,-0.5040619750009492
Irf1,0.6139007173691698,-0.1837425826556991,0.2402337923408779
Irf3,0.3151916803716584,0.13059990893060144,0.28451157677105243
Irf9,0.6348927631758664,-0.0153583616997641,0.3606571091648128
Irgm1,0.5868443027738721,-0.20988095011382307,0.20422936555509583
Irgm2,0.5005436700130086,-0.3672149201263207,0.03370627188456195
Irs1,-0.02425747515440489,0.16628196924070013,0.12088294780417898
Irs2,-0.3562427921714205,-0.10957856027113885,-0.29094641049446884
Isca1,-0.5311765072272251,-0.26378037667070103,-0.4913455178808644
Isg15,0.5576109352801021,-0.33076283964721176,0.1021912879409219
Itch,-0.6146782005471957,0.02533683645507363,-0.3422718699550518
Itga1,-0.18519649300574503,-0.5335736284387393,-0.5339379887168109
Itga3,-0.631627333828158,0.2944935083515122,-0.18293313013712256
Itga4,-0.041828594977787924,-0.3709056595781791,-0.32541873401277077
Itga5,0.27927195754686657,-0.2074548945543673,0.001072472287236062
Itga6,0.06048819125040707,0.42624168516421956,0.38088087229555
Itga7,0.3288753843049124,-0.1913275214665584,0.04504383606391461
Itga8,-0.37256993890996226,0.297816562521493,0.007200885357156416
Itgav,-0.5510800765846854,0.415414226993802,-0.0398346849544823
Itgb1,-0.14927677018095317,-0.46766931424528135,-0.4626951867789867
Itgb4,-0.1579845817748421,0.27953010531792105,0.13206730165678363
Itgb5,0.6835632101202814,-0.1556135666858094,0.3064206534960177
Itgb8,-0.39915986359844463,0.6828647302946163,0.2757785881464159
Itih5,-0.3134812173800017,0.49166872105146636,0.19641563889094737
Itpkb,0.41424303725214506,0.7106018803186014,0.7669708957005322
Itpr1,0.018504099637013986,-0.1696756204992574,-0.12701136087409934
Itpr2,0.05146938638530781,0.36754101420333124,0.32817651989423496
Itsn1,0.039029655536895046,0.512932574164454,0.43910079645979333
Itsn2,-0.4117550910824625,-0.0063188465861051275,-0.24483010214331813
Ivd,-0.02410197851879973,0.33370689235802353,0.25693371795641085
Jade1,-0.429792700812661,0.3386403100714299,-0.002298154901220133
Jade2,0.07277242546321466,0.10533115404611548,0.1277774125078394
Jag1,0.009018804865099254,0.11707081451441645,0.10035276401994579
Jag2,-0.06639706340340314,-0.12858593519776784,-0.14294523485589225
Jak1,-0.192971324786003,-0.264579511737836,-0.3234269997650467
Jak2,-0.22858005433958453,0.05156633335779428,-0.09253903735579735
Jak3,0.5339754466681178,-0.42178403544643556,0.021755866398217256
Jam2,-0.3846986764871647,0.0501593782495718,-0.1867633883058228
Jam3,-0.29202268166648965,0.10287869587084156,-0.09039409278132522
Jmjd6,-0.2732075887582653,0.07785016981464651,-0.09851424009896968
Jpt1,0.4552941490519071,-0.641932230662758,-0.1987137937921675
Jun,-0.23822084574710442,0.10387197930807275,-0.05699424155025929
Jup,-0.5953966177321559,0.22596938973735695,-0.19978626607940356
Kansl2,-0.21582933021996145,0.143255648905238,-0.012256826139840709
Kat14,-0.11460102044100261,-0.2023451665885992,-0.2301219107755093
Kat2a,-0.040429125257341485,-0.0768462090428616,-0.08595099330563297
Kat5,-0.20634403544804672,0.4000787415044927,0.19764132150493144
Kat6a,0.05675627199588323,0.21837762372428934,0.21020456829826814
Kat8,0.08210222359952424,-0.13220152514297856,-0.059139186124731416
Kcnab2,-0.46959983952758183,-0.3841840357048558,-0.5494122317183598
Kcnip3,-0.13699253596814556,9.586711877296661e-05,-0.07982258023571262
Kcnj10,-0.3220335323382854,0.17968584718241412,-0.04964014586635487
Kcnj8,-0.2152073436775408,-0.06272148130428763,-0.17527261379972212
Kcnk2,-0.39340648808105366,0.38274342196334343,0.05638140024326726
Kcnt2,-0.15471915242713374,0.14642676658379705,0.02727143816114558
Kdm2a,0.1729122587929374,-0.17277744075434592,-0.037383319726514166
Kdm4a,0.44922978026330596,-0.02789434354629505,0.24176589560835796
Kdm4b,0.31534717700726356,0.10703634547771357,0.2664327582147874
Kdm4c,-0.2963765874634341,0.023352141135130917,-0.15474243001548893
Kdm5a,0.10402724921985175,0.2766857926443543,0.2842051561175564
Kdm5b,-0.1399469720446436,0.2321571321217224,0.10510228414913407
Kdm5c,0.3551543157221844,0.027238083799561812,0.22782375587428919
Kdm6b,-0.15083173653700477,-0.07666441582025253,-0.14953327890605667
Kdr,0.08909957220175642,0.10866139014607779,0.13988102832093208
Keap1,-0.0968744039820144,0.3621018387237796,0.23625032384542966
Khdrbs1,-0.17446722514898902,-0.0005435818527774105,-0.1021912879409219
Khsrp,0.011662247670386967,0.005584110838691597,0.011337564179352656
Kif1b,-0.46306898083216513,0.4330168798307489,0.04167320887545841
Kif1c,-0.2802049373604975,0.11468493145272556,-0.07400058781928828
Kif3b,-0.17819914440351284,-0.1298891508058971,-0.20775320307030004
Kif5a,-0.6678580499241603,0.11920687144550901,-0.3174517970218743
Kif5b,-0.6205870727001918,0.3190594009314336,-0.15872589851093716
Kif5c,-0.5387958423718778,0.12248790278826682,-0.23042833142900532
Kifap3,-0.33027485402535883,-0.2191515712562084,-0.3606571091648128
Kirrel,0.18892841226026885,-0.30313101890926264,-0.1316076706765396
Kitl,-0.389830065462135,0.1654933254447425,-0.10357018088165398
Klc1,-0.6358257429894973,0.028948834090493692,-0.3526901721739164
Klc2,-0.5170263133871555,-0.4834010429511228,-0.6376613799252129
Klf11,-0.09236500154946477,0.503792271265854,0.35360943413440443
Klf12,-0.46680090008668895,0.3834741521411576,0.0032174168617081864
Klf4,-0.24739514724780884,-0.14448299748900031,-0.25800619024364696
Klhl21,-0.002021456262867074,0.36321237743904333,0.293857406702681
Kmt2a,-0.1002953299653279,0.03882460203953006,-0.02711822783439757
Kmt2b,0.20696602199046735,0.18722000223567611,0.2694969647497476
Kmt2c,-0.2617008377234835,0.2644561628059271,0.05469608664903917
Kmt2d,0.14243491821432616,0.3237126334108689,0.3433443422422878
Kmt2e,-0.5568334521020764,-0.15741804055946346,-0.4309806491421489
Kmt5b,-0.4919913550547248,0.07169160394667771,-0.23625032384542966
Kpnb1,-0.3699264961046746,-0.40598171770379954,-0.5221407935572142
Kras,-0.5988175437154695,-0.2412569594966102,-0.5062069195754213
Lama1,-0.5999060201647055,0.12935926119700158,-0.2658199169077954
Lama2,0.29031221867483287,-0.38004449994139455,-0.1260920989136113
Lama4,0.1429014081211416,0.05164471515317131,0.12486641629962723
Lama5,-0.178354641039118,0.035454531047166546,-0.07568590141351637
Lamb1,0.32965286748293826,0.02518768101707154,0.21158346123900026
Lamb2,-0.1334161133492269,-0.02552333412669613,-0.09836102977222169
Lamc1,-0.05660077536027808,-0.457088551988749,-0.4037092109810033
Lamp1,0.7540031860494186,0.1621356601617325,0.5262774723794105
Lamp2,0.12533028829775858,0.041043791039291955,0.10617475643637013
Lamtor1,-0.21380787395709439,0.2187427906277351,0.04887409423261482
Lamtor2,-0.11429002716979227,-0.14693445104052077,-0.1852312850383427
Lamtor3,-0.1261077714757844,-0.24449585287799058,-0.2705694370369836
Lamtor4,0.45296169951782983,-0.28694812309920426,0.05638140024326726
Lamtor5,-0.5688066930436736,-0.43243029106693104,-0.6206550336561839
Laptm4b,-0.6904050620869084,0.22636923183193985,-0.2696501750764956
Lasp1,0.2267140947123226,-0.38693503343520014,-0.17389372085899008
Lats1,0.34504703440784906,0.01556881366298101,0.21311556450648034
Lats2,-0.34986743011160903,0.1568173228700621,-0.08472531069164889
Lbh,0.3203230693466287,-0.013620044095420778,0.1763450860869582
Lbr,-0.15705160196121115,0.3126137126555462,0.1591855294911812
Ldah,-0.3766128514356964,-0.125483358582178,-0.31408116983341816
Ldb1,0.12517479166215342,0.46281617465105457,0.44599526116345384
Ldha,-0.3094383048542675,-0.4091983562986724,-0.49655466899029677
Ldhb,-0.19545927095568558,-0.28250781427733224,-0.3390544530933436
Ldlr,-0.5958631076389714,-0.23900986496897003,-0.5034491336939572
Lef1,-0.21365237732148926,0.5997436494750439,0.35131127923318434
Leprot,0.2533040194008049,0.21441485085624606,0.3162261144078903
Letmd1,0.16980232608083423,0.3228020551069911,0.3574396923031047
Lfng,-0.19639225076931652,0.11938330792335893,-0.019457711496997127
Lgals1,0.2099204580669654,-0.3362691775297182,-0.14463054845012036
Lgals9,0.6991128736807973,-0.29633821084149997,0.2356374825384376
Lgi3,-0.4988332070213518,-0.07835305805532208,-0.34610212812375196
Lifr,-0.43912249894897054,0.5675970922949102,0.15811305720394514
Lima1,-0.032343300205873185,-0.23794229738951278,-0.21204309221924425
Limd1,-0.18892841226026885,-0.20778130128245795,-0.27593179847316396
Limk1,-0.4859269862661236,-0.4715705708734208,-0.6182036684282158
Limk2,-0.36806053647741266,-0.2736218102056712,-0.42132839855702436
Lin7c,-0.41331005743851407,0.051863934239325976,-0.20269726228761573
Litaf,0.19079437188753076,-0.4102859005371365,-0.21587335038794447
Lmna,-0.10169479968577434,-0.04945957908770893,-0.09928029173270975
Lmo2,0.41470952715896053,0.5250933361531592,0.6300008635878124
Lmo4,-0.13777001914617135,0.03512716784828594,-0.05209151109432301
Lox,0.1099361213728478,-0.1426082059420514,-0.05101903880708695
Lpar6,0.19654774740492167,0.28658254946261214,0.3428847112620438
Lpin1,-0.3693045095622539,0.044827804534744824,-0.18155423719639052
Lpp,-0.03996263535052601,-0.2914271580073902,-0.25984471416462307
Lrig1,-0.0130617173908334,0.3532505665658854,0.2793024256616201
Lrp1,-0.13714803260375072,0.4442506163650233,0.27746390174064406
Lrp5,0.02441297179001005,0.024727898099569913,0.034319113191553986
Lrp6,-0.6659920902968983,0.38794277069856964,-0.1533635370747569
Lrpprc,-0.520447239370469,-0.02601161456198248,-0.32158847584407063
Lrrk1,0.30275194952324563,0.2654806741664972,0.3821065549095341
Lsm14a,-0.21458535713512017,0.027013242218451815,-0.10372339120840199
Lsr,-0.07619335144652818,-0.12332433235722066,-0.14432412779662435
Lta4h,0.2360438928486322,-0.24564505779234672,-0.056228189916519254
Ltbp1,-0.07043997592913728,0.1666106163068126,0.09391793029652944
Ltbr,0.203700592642759,0.14902678988072973,0.23732279613266571
Luc7l3,-0.15440815915592343,-0.009392162720505656,-0.09759497813848166
Lum,-0.12890671091667727,0.17797451782731846,0.06817859540286395
Luzp2,-0.08925506883736158,0.6494935099100974,0.4734199096513474
Lyn,0.6897830755444878,-0.2620383321339087,0.24820072933177437
Lyst,-0.14025796531585394,-0.29432929642608624,-0.31852426930911043
Lztr1,0.18317503674287794,-0.20362256431664916,-0.055768558936275234
Mad1l1,0.1545636557915286,-0.16559180117908726,-0.04274568116269447
Maf,0.28004944072489235,0.4247608896089344,0.4945629347425726
Maf1,0.11040261127966328,0.16448017773054743,0.1971816905246874
Mafb,0.9605027181330706,-0.11146086627357911,0.535010461004047
Mag,-0.12315333539928637,0.11742297119293309,0.022828338685453323
Magoh,-0.4734872554177108,0.04892469358510269,-0.24115305430136594
Mal,-0.2452181943493366,-0.4051579355834701,-0.46208234547199467
Maml1,0.05971070807238126,0.14448906397541483,0.1519846441340248
Man2b2,0.6418901117780986,0.34152511685153225,0.5871019720983699
Maoa,-0.17928762085274896,0.3777861379515252,0.1973349008514354
Map1b,-0.4290152176346352,-0.10018977651356512,-0.3237334204185427
Map1lc3a,-0.512672407590211,-0.190320871611552,-0.43174670077588895
Map2,-0.10542671894029818,0.2043391068278516,0.10357018088165398
Map2k1,-0.40786767519233347,0.2511297322527006,-0.05163188011407899
Map2k2,0.17431172851338386,-0.1173352059193405,0.007813726664148452
Map3k11,0.509717971513713,0.3162631385734284,0.5183105353885139
Map3k5,-0.11926591950915737,-0.4374948843763142,-0.42240087084426037
Map3k7,-0.5269780980658857,0.05506102646528493,-0.26934375442299957
Map4,-0.6871396327392,0.48593917862974423,-0.11398848310051858
Map4k4,0.42372833202405974,-0.19220743402251805,0.10571512545612612
Map7,-0.3590417316123134,0.1143416616181106,-0.1227214717251551
Mapk1,-0.5391068356430881,-0.07025697953103864,-0.36249563308578897
Mapk10,-0.6518418964568288,-0.16006388978626226,-0.47878227108752763
Mapk14,0.03887415890128989,0.09324802444145648,0.09836102977222169
Mapk3,0.21038694797378085,0.08896038046587408,0.19335143235598717
Mapk8ip1,0.1464778307400603,-0.08915951824661222,0.013788929407320799
Mapk8ip2,-0.16762537318236198,-0.18861948165833672,-0.24881357063876638
Mapk9,-0.7266357781829106,0.18837597923334554,-0.3186774796358584
Mapkap1,0.23619938948423735,0.1729161325086938,0.2742464848789359
Mapkapk2,0.7683088765250933,-0.35767247339760444,0.26214286906584316
Mapre1,0.06282064078448446,-0.062393098013779,-0.013942139734068808
Mapre2,-0.6927375116209858,-0.0815675793862266,-0.4518172535798781
Mapt,-0.4487632903564905,0.26031057994562795,-0.0727749052053042
March2,-0.13963597877343328,0.07020433039254262,-0.024973283259925445
Marcks,0.5100289647849233,-0.05735850486991612,0.2573933489366549
Marcksl1,0.8801109575252032,-0.23574598804015848,0.42240087084426037
Mark2,-0.38189973704627184,0.00812587594987124,-0.21663940202168452
Mark3,-0.4867044694441493,0.15929695970548802,-0.17082951432402987
Mast2,-0.030321843943006115,-0.20371501047480486,-0.1830863404638706
Mast3,0.0349867430111609,0.14207737066977907,0.13574434949873584
Max,-0.12517479166215342,0.09211054864462721,0.001225682613984071
Mbd2,-0.27818348109763047,0.19243478944476167,-0.012103615813092699
Mbd3,0.0937644712699112,-0.35823509287932936,-0.2350246412314456
Mbnl1,-0.28113791717412845,0.2079860288291989,-0.0018385239209761063
Mboat7,0.06297613742008963,0.12270303115143617,0.13620398047897989
Mbp,-0.3551543157221844,0.6387944365288263,0.27792353272088804
Mcam,-0.10511572566908785,-0.13766669756235675,-0.17251482791825798
Mcl1,0.4198409161339308,-0.4412454027134236,-0.08043542154270465
Mcur1,-0.14352339466356226,0.5039800373145803,0.3214352655173226
Mdk,0.7837030434500041,-0.040205149727753936,0.4368026415585732
Mdm2,-0.30446241251490236,0.27445310932079064,0.03477874417179801
Mdm4,-0.40087032659010136,0.19332772096590853,-0.08993446180108121
Mdp1,0.3170576399989203,-0.07238526504280808,0.12915630544857148
Mecom,-0.08505665967602229,0.13777082966578053,0.06189697200619557
Mecp2,-0.03483124637555574,0.15600155049512757,0.10632796676311815
Med1,-0.5246456485318084,0.23600390719763556,-0.14279202452914425
Med12,0.2282690610683742,0.2309286311495483,0.31576648342764624
Med15,-0.15207570962184605,0.23719037478146654,0.10173165696067789
Med21,-0.08163573369270877,-0.4653965291895048,-0.4243926050919845
Mef2a,-0.0488259435800201,0.05700480301884545,0.01777239790276903
Mef2d,0.2141188672283047,-0.0838225957731016,0.05837313449099137
Meg3,0.468822356349556,-0.6208966773924375,-0.17205519693801397
Meis3,0.3806557639614306,-0.1886875640902945,0.08028221121595665
Men1,0.018970589543829467,-0.3484723549360736,-0.27194832997771573
Mertk,-0.11615598679705419,0.15973950797984773,0.061130920372455544
Mfn1,-0.2214272091017472,0.09998161821862396,-0.04994656651985089
Mfn2,-0.05893322489435547,-0.15203243235393224,-0.15765342622370113
Mfsd2a,-0.1772661645898819,-0.24515332082475708,-0.2993729784656093
Mia2,-0.5885547657655289,0.3013098761213672,-0.1453966000838604
Mib1,-0.18162007038682637,0.47900762973128613,0.276697850106904
Micu1,-0.4655569270018477,-0.11736767616940666,-0.3559075890356245
Micu2,0.416108996879407,0.008287683147468045,0.24881357063876638
Miga2,0.2887572523187813,-0.14366441623609738,0.05668782089676328
Mindy1,0.3593527248835237,-0.07296010368855711,0.15428279903524492
Mkln1,-0.4783076511214708,-0.14458128088912714,-0.3821065549095341
Mknk1,0.4654014303662426,0.27304473279606084,0.46775112756167103
Mknk2,0.1660704068263104,-0.13277855960228607,-0.00949904025837655
Mlc1,-0.13932498550222297,0.7261481950118237,0.502836292386965
Mllt10,0.039340648808105366,0.15709270895271166,0.1504525408665447
Mllt6,0.15020974999458414,0.3256922397620325,0.34916633465871216
Mmd2,0.4734872554177108,0.04336895603890436,0.30718670512975776
Mmp14,0.6613271912287435,-0.2817620431466842,0.21403482646696836
Mmp15,-0.2750735483855272,0.0924309298375053,-0.08824914820685309
Mms19,0.4318141570755281,-0.052243239004279435,0.21357519548672432
Mmut,-0.3355617396359343,0.22813695394245215,-0.02114302509122522
Mob2,-0.42699376137176814,0.09000008521495677,-0.18293313013712256
Mog,-0.40195880303933745,-0.05990551481745481,-0.2789960050081241
Moxd1,-0.22624760480550718,-0.19183731338344537,-0.28374552513731244
Mpc1,-0.42528329838011136,-0.025639402370796534,-0.26689238919503144
Mpc2,-0.484372019910072,-0.18478205008116022,-0.41382109254637184
Mpp2,-0.05286885610575424,-0.09438934909588204,-0.10740043905035421
Mprip,0.3035294327012715,-0.35581446692996965,-0.09836102977222169
Mpzl1,0.08536765294723259,0.40795496740472215,0.379961610335062
Msmo1,-0.6658365936612931,-0.37775651274756433,-0.6172844064677278
Msn,0.43243614361794874,-0.2734442782154766,0.05193830076757501
Msra,-0.3494009402047935,-0.07848703425728142,-0.26352176200657523
Mt2,0.8039176060786749,-0.1843682597099843,0.37980840000831395
Mta1,0.34955643684039867,0.13333117950536644,0.3053481812087817
Mta2,0.4515622297973833,0.08497829469246529,0.3249591030325268
Mta3,0.29762056054827535,-0.032594967654770754,0.1483075962920726
Mtch1,-0.4321251503467384,-0.47664699319506004,-0.6011973221591868
Mtch2,-0.3234330020587319,-0.3224619163488451,-0.43649622090507734
Mtmr12,-0.10387175258424657,0.22157792004201038,0.11843158257621086
Mtor,0.016793636645357234,-0.0729904258570869,-0.04948693553960686
Mtrex,-0.4700663294343973,-0.17855238584504526,-0.4021771077135233
Mturn,-0.7745287419492997,0.2196062347749355,-0.33890124276659556
Mtus1,0.025656944874851324,0.2813770451356195,0.2434512092025861
Mxd4,-0.09640791407519891,-0.11957082473334497,-0.15290390609451285
Mybbp1a,-0.06328713069129994,-0.09035304612976572,-0.11015822493181836
Mycbp2,-0.23402243658576513,0.057982281241419985,-0.09070051343482124
Myd88,0.5440827279824533,-0.16325228803592115,0.2060678894760719
Myh10,-0.41875243968469467,-0.10403576542015419,-0.32097563453707856
Myh11,-0.4056907222938613,0.15649857410970797,-0.12042331682393496
Myh9,0.1853519896413502,-0.34963600061304895,-0.17098272465077788
Mylk,-0.3509559065608451,0.13657047238937498,-0.10081239500018983
Myo10,0.2534595160364101,0.1688780916105119,0.2805281082756042
Myo18a,-0.11211307427132003,-0.2874116277219676,-0.2973812442178852
Myo1c,-0.17633318477625093,-0.2806662056368198,-0.32725725793374694
Myo1d,-0.28004944072489235,0.024184670882171834,-0.14447733812337238
Myo1e,0.3899855620977401,-0.011183371682036423,0.21909076724965268
Myo5a,-0.23790985247589413,0.23626497841105215,0.04764841161863075
Myo6,-0.1331051200780166,0.5390824496191372,0.35636722001586857
Myo9a,-0.49136936851230417,0.06811808800870574,-0.23839526841990177
Naa15,0.01726012655217271,0.05627060291836431,0.055768558936275234
Nadk2,-0.14663332737566545,0.5066604154985237,0.32158847584407063
Nae1,-0.3251434650503886,-0.00443640725088181,-0.19304501170249114
Nampt,-0.200746156566261,0.16850468219765644,0.01700634626902898
Nbr1,0.11491201371221291,0.03333236846611586,0.09391793029652944
Ncam1,-0.1397914754090384,0.3476627774674247,0.19810095248517545
Ncan,-0.11024711464405812,-0.3638482001345154,-0.35805253361009676
Ncbp2,-0.2744515618431066,-0.10399947013412994,-0.24130626462811397
Nck1,-0.38936357555531953,-0.17360045978906624,-0.35698006132286064
Ncl,-0.0276784011377184,-0.21163607271386303,-0.18798907091980685
Ncoa1,-0.4319696537111332,0.223022672983568,-0.08855556886034911
Ncoa2,0.03265429347708351,0.007867777199115874,0.025432914240169472
Ncoa3,0.13823650905298684,0.07327450325588641,0.13957460766743607
Ncor1,-0.3638621273160733,0.22945586423109954,-0.03860900234049823
Ncor2,0.0611101777928277,0.0796239561406031,0.1001995536931978
Ncstn,0.31674664672771,-0.007713834670175248,0.17879645131492636
Nde1,0.5492141169574235,-0.22993162665676695,0.1642414702738655
Ndel1,-0.3509559065608451,-0.2066586168225139,-0.3618827917787969
Ndn,-0.16902484290280842,-0.5368898776388331,-0.5284224169538826
Ndrg2,0.5809354306208762,0.41629419767284,0.6140669896060195
Ndrg4,-0.275851031563553,-0.5364623298229817,-0.5797478764144656
Ndst1,0.028766877586954516,0.2855824838142092,0.24866036031201835
Ndst2,0.38563165630079566,-0.08688538610808802,0.15979837079817324
Ndst3,0.2770950046483943,-0.1976436925230621,0.007354095683904425
Ndufa9,-0.551702063127106,-0.0508324621201586,-0.3562140096891206
Ndufs1,-0.3058618822353488,-0.09739836087708965,-0.25371630109470267
Ndufs4,-0.19608125749810618,0.14549957293693946,0.0015321032674800886
Ndufv2,-0.468822356349556,-0.16127947962108366,-0.3891542299399425
Neat1,0.12812922773865146,0.12499393941578178,0.17542582412647015
Nedd4,-0.26885368296132084,0.14363102728369406,-0.044430994756922575
Nedd4l,0.011351254399176648,0.10502436143350288,0.09192619604880532
Nefh,-0.3067948620489798,-0.2715110622140275,-0.38884780928644647
Nefl,-0.47037732270560767,0.03433289084150412,-0.24973283259925447
Nefm,-0.10138380641456401,-0.4694350003853736,-0.4384879551528014
Nek7,-0.3417816050601407,0.10418209024232686,-0.11981047551694293
Nelfb,0.2721191123090292,-0.33339405042845205,-0.10188486728742589
Neo1,-0.4633799741033755,0.47868393762581246,0.0743070084727843
Nes,-0.3913850318181866,0.25946890309344883,-0.034319113191553986
Neu1,0.00326542934770835,-0.059306137736825866,-0.04626951867789868
Nf1,-0.6145227039115906,0.22578298565055482,-0.21372840581347236
Nf2,-0.2410197851879973,-0.12602821428597574,-0.23992737168738185
Nfat5,-0.3225000222451009,0.5144277970139403,0.20744678241680398
Nfatc1,0.4677338799003199,0.17977022485625924,0.4018706870600272
Nfatc3,-0.27429606520750144,0.436243858641824,0.18078818556265044
Nfe2l1,-0.044316541147470474,-0.09181201056891528,-0.10035276401994579
Nfe2l2,0.37645735480009124,0.3471018866246784,0.4807740053352518
Nfia,-0.5762705315527212,0.3228136733927313,-0.12180220976466705
Nfib,-0.2853363263354678,0.4678235964644426,0.19779453183167944
Nfix,0.11739995988189546,0.37986877703235483,0.3749056695523777
Nfkb1,0.15767358850363178,-0.5039087776267295,-0.31224264591244205
Nfkbib,0.04587150750352206,-0.27370635686871886,-0.19534316660371132
Nhsl1,0.1979472171253681,-0.052828322583695145,0.07338774651229624
Nid1,-0.12968419409470308,0.1593435335845428,0.05270435240131504
Nid2,0.5132943941326317,0.12988448593485802,0.3899202815736826
Nipbl,-0.42124038585437723,0.17938581233904694,-0.11352885212027457
Nipsnap2,-0.2026121161935229,0.4037652093554339,0.20300368294111173
Nlgn2,0.34147061178893034,-0.14426772718955425,0.08901519984059314
Nlrc5,0.6998903568588232,-0.32621934252334966,0.21893755692290465
Nmt1,0.2005906599306558,-0.38767271058978797,-0.1915129084350111
Nod1,-0.226092108169902,0.23016212079453238,0.050252987173346905
Nos3,-0.05131388974970265,-0.10248753846989582,-0.11306922114003053
Nosip,0.03856316563007957,-0.002416488758229057,0.020530183784233186
Notch1,0.21100893451620154,-0.21288447459600135,-0.04596309802440266
Notch2,0.0684185196662702,0.30429441040580757,0.2865033110187766
Notch3,0.28860175568317614,-0.11300645932389235,0.08043542154270465
Notch4,-0.1049602290334827,-0.12336246805970198,-0.1608708430854093
Npc1,-0.07976977406544686,0.35963716125236544,0.24467689181657015
Npepps,-0.42870422436342487,-0.14718530680202258,-0.35805253361009676
Nploc4,-0.1718237823437013,0.17290799929499018,0.03814937136025421
Npy1r,0.2761620248347634,-0.3676246142492398,-0.12593888858686328
Nr1d1,-0.1397914754090384,0.6914856929429715,0.47464559226533143
Nr1h2,-0.16093901785134013,0.20307959028564357,0.06894464703660398
Nr1h3,0.5957076110033662,-0.1476452703358244,0.25111172553998656
Nr2c2,-0.29435513120056706,0.36640334175765954,0.11276280048653452
Nr2f1,0.16389345392783816,0.09370454211044499,0.17067630399728187
Nr2f2,0.22858005433958453,-0.194935824356176,-0.020836604437729205
Nr3c1,-0.31021578803229327,0.48567211005906125,0.19411748398972722
Nr3c2,-0.09298698809188541,0.6671833424103204,0.4853703151376921
Nrarp,0.12237585222126056,-0.27876459025342415,-0.1533635370747569
Nrcam,-0.30337393606566626,0.0807374577099658,-0.11444811408076261
Nrf1,-0.0029544360764980314,0.12792691677937928,0.1021912879409219
Nrip1,-0.03560872955358154,-0.07048129846350028,-0.07798405631473651
Nrp1,0.15020974999458414,0.2089362382396989,0.25540161468893074
Nsf,-0.5075410186152408,-0.3620425938981682,-0.5494122317183598
Nsmf,-0.2966875807346444,-0.040798639086408704,-0.2046889965353398
Nsun2,-0.21893926293206464,0.26414061365424324,0.08166110415668873
Ntn1,-0.489192415613832,-0.08212131450470128,-0.34349755256903586
Ntn4,-0.14958776345216349,-0.2709833339064799,-0.30488855022853767
Ntng2,0.22453714181385037,0.42218954017091137,0.4651465520069549
Ntrk2,-0.4789296376638914,0.2950400651894553,-0.06894464703660398
Ntsr2,-0.281604407080944,0.4963372290835966,0.2226146047648569
Numb,0.3151916803716584,0.034805495274404026,0.21066419927851218
Oasl2,0.6779653312384957,-0.1513536739403454,0.30504176055528565
Ocln,-0.4496962701701214,-0.10877272460066383,-0.3411993976678157
Odc1,0.1971697339473423,-0.43760759101070845,-0.2334925379639655
Odf2,-0.04276157479141888,-0.2263949414524611,-0.20867246503078807
Odr4,-0.4372565393217087,0.25933503346580516,-0.0655740198481478
Ogdh,-0.4517177264329885,-0.18654966989879743,-0.39865327019831903
Ogn,-0.60908032166541,0.06793149545692492,-0.311476594278702
Ogt,0.44487587446636145,0.10729009931123161,0.33752234982586354
Olfml3,-0.16762537318236198,-0.20928207186740677,-0.26536028592755134
Olig1,-0.37319192545238294,-0.5481667229943226,-0.6307669152215525
Opa1,-0.5674072233232271,0.09505984424287858,-0.2673520201752755
Osgep,-0.3271649213132557,0.3651543473615228,0.08947483082083718
Osmr,0.20743251189728282,-0.32539147962051274,-0.13758287341971198
Otud5,0.3266984314064402,-0.23601910348518,0.009345829931628542
Otud7b,-0.17368974197096324,0.3599130029169624,0.1866101779790748
P3h3,0.17322325206414774,0.38446707157612653,0.4086119414369397
P4hb,0.3094383048542675,-0.33262418349164685,-0.07645195304725642
Pa2g4,-0.2399313087387612,-0.014888123870640682,-0.15167822348052878
Pacsin3,0.05333534601256972,-0.17037865316709608,-0.1070940183968582
Padi2,0.059866204707986426,0.6881828421173969,0.5929239645147943
Pafah1b1,-0.7829255602719783,0.19720153356153045,-0.35698006132286064
Pafah1b2,-0.5787584777224039,-0.16740017825819747,-0.4484466263914219
Paip1,-0.5614983511702312,0.009690338257424559,-0.32097563453707856
Pak1,-0.4742647385957366,0.028372259990379758,-0.25632087664941877
Pak2,0.13543756961209397,0.27401774753359237,0.2995261887923573
Pakap,0.011040261127966326,-0.23446585062034372,-0.18400560242435865
Pald1,0.2282690610683742,0.22879762276343868,0.31408116983341816
Palmd,-0.16560391691949494,0.04598154785731124,-0.05975202743172345
Panx2,-0.42124038585437723,0.1768902377628264,-0.11536737604125069
Pard3,-0.1883064257178482,-0.04400891517514552,-0.1449369691036164
Park7,-0.0918985116426493,-0.3835953316652288,-0.36387452602652104
Parp1,-0.24739514724780884,0.017088498388373587,-0.13084161904279956
Parva,-0.13077267054393918,-0.35541458398450837,-0.36249563308578897
Parvb,-0.09345347799870088,0.06985853846289557,0.001991734247724115
Paxbp1,-0.19810271376097327,0.20092020945170716,0.044430994756922575
Paxip1,-0.3542213359085535,-0.06908898195523344,-0.25907866253088296
Pbrm1,-0.1940598012352391,0.04513446389788579,-0.07721800468099646
Pbx2,0.34473604113663875,-0.22169486595310386,0.03202095829033385
Pcdh10,-0.08365718995557585,0.5735967844557581,0.4155064061406001
Pcm1,-0.3910740385469763,0.01818618284485768,-0.2144944574472124
Pcmtd2,0.06950699611550631,0.05566247727496402,0.08564457265213696
Pcna,-0.20774350516849313,-0.3214619824181858,-0.3765909831466058
Pcnt,0.13248313353559596,0.11734516143245752,0.17174877628451793
Pcx,-0.21582933021996145,-0.16445771384440863,-0.25632087664941877
Pdap1,-0.20105714983747128,0.03781293122631238,-0.08717667591961703
Pdcd4,-0.496034267580459,0.3198147559721175,-0.06373549592717168
Pde1b,0.12983969073030824,-0.5366725792124475,-0.3565204303426166
Pde4c,-0.16886934626720324,-0.10355485255953281,-0.1814010268696425
Pde7b,-0.23511091303500123,0.04502427878027516,-0.10157844663392986
Pde8a,-0.47022182607000246,0.08891403838543903,-0.2105109889517642
Pde8b,-0.29622109082782894,-0.1286250466005999,-0.27256117128470775
Pdgfa,-0.15611862214758018,-0.32437227263917134,-0.35131127923318434
Pdgfb,0.1318611469931753,0.43497377283004035,0.42715039097344865
Pdgfra,-0.37490238844403967,-0.20524677956164847,-0.3732203559581496
Pdgfrb,0.36837152974862303,-0.35895921244211376,-0.056228189916519254
Pdia3,0.054579319097411,-0.3686797156062544,-0.26719880984852745
Pdpk1,-0.37910079760537896,-0.1300092341591315,-0.31883068996260644
Pdpn,-0.03467574973995058,-0.2202434058294689,-0.19902021444566353
Pdxk,-0.48032910738433787,0.2852607103177479,-0.07691158402750045
Pecam1,-0.08241321687073457,0.05029142969896393,-0.007354095683904425
Peg3,-0.5042755892675325,-0.3093502802424567,-0.5111096500313576
Per1,-0.10122830977895886,0.207475821035309,0.10862612166433828
Per2,-0.3349397530935137,0.01582374581600186,-0.1832395507906186
Per3,-0.09780738379564535,0.3213028557717953,0.20269726228761573
Pfkl,0.4479858071784647,-0.17476381177610656,0.13436545655800378
Pfkp,-0.2529930261295946,-0.14736796778806618,-0.2633685516798272
Pgam5,-0.2658992468848228,-0.21224336223623996,-0.32128205519057457
Pgf,0.44720832400043886,-0.21349733965924508,0.10571512545612612
Pgk1,-0.3675940465705972,-0.40352513511708754,-0.519229797349002
Phb,-0.061265674428432865,-0.11012570981515674,-0.12501962662637522
Phb2,0.32654293477083507,-0.3486345682650146,-0.07721800468099646
Phc1,-0.39853787705602395,-0.2642297519705072,-0.42929533554792076
Phc2,0.49432380458880226,-0.5124545940812519,-0.07354095683904426
Phf10,-0.14741081055369123,-0.04630802394710944,-0.12318110270539911
Phtf1,-0.2579689184689597,-0.3619322892122273,-0.43450448665735314
Pi4ka,-0.48079559729115334,0.06631627436111218,-0.23318611731046948
Pias1,-0.5132943941326317,0.12944942354919092,-0.2091320960110321
Pias2,-0.5834233767905587,0.21527586542636262,-0.19825416281192346
Picalm,-0.03156581702784739,-0.6143998071294517,-0.517238063101278
Pik3c3,-0.3904520520045556,0.19163525169674892,-0.0844188900381529
Pik3ca,-0.4854604963593081,0.06300754412915371,-0.23839526841990177
Pik3cd,0.7188609464026526,-0.17325823598085416,0.3214352655173226
Pik3r1,-0.052091372927728447,0.0756048212110766,0.030948486003097787
Pik3r2,-0.015860656831726275,0.19983793108908757,0.15305711642126085
Pink1,-0.3663500734857559,0.6658124772641633,0.2895675175537368
Pip4k2c,0.17819914440351284,-0.23277169634979006,-0.08212073513693274
Pip4p1,-0.2575024285621442,0.01488578053828279,-0.1385021353802
Pip5k1c,0.2410197851879973,-0.24030724676445114,-0.04887409423261482
Pisd,0.11320155072055615,-0.1543224568402431,-0.05852634481773939
Pitpnm1,-0.18659596272619147,0.21335958512683426,0.06143734102595155
Pitrm1,0.27818348109763047,-0.2134457522877398,-0.004289889148944248
Pja2,-0.6708124860006582,-0.1694684203346024,-0.4933372521285885
Pkd1,-0.03358727329071447,-0.20761809559016442,-0.18814228124655485
Pkd2,-0.3755243749864603,-0.21621709166649036,-0.3818001342560381
Pkig,-0.03545323291797638,-0.35520032254136313,-0.3090252290507339
Pkm,-0.15767358850363178,-0.6037143683191613,-0.5762240388992613
Pkn1,0.12719624792502052,0.20970392584390599,0.24314478854909008
Pkp4,-0.37521338171525,0.5130464369748756,0.1674588871355737
Pla2g4a,-0.07743732453136946,-0.07230725974127876,-0.10372339120840199
Pla2r1,0.07370540527684562,-0.21514820292934322,-0.13130125002304358
Plcb4,-0.5384848491006675,-0.19789343478412738,-0.44951909867865797
Plcg1,0.34287008150937676,0.11339518096747822,0.2865033110187766
Plcg2,0.17073530589446517,0.2664706302658841,0.3128554872194341
Pld1,0.1652929236482846,-0.22628694193547022,-0.08487852101839691
Pld2,0.3242104852367577,0.1750172945458885,0.3235802100917947
Plec,0.2935776480225412,-0.2037382091046463,0.013022877773580752
Plekha1,-0.025345951603641004,-0.17877092868859248,-0.15995158112492125
Plekha2,0.012128737577202444,-0.40482618563540246,-0.3217416861708186
Plekha5,-0.20167913637989193,0.3529336137973244,0.16316899798662943
Plekhg2,0.06670805667461345,-0.11945916961615281,-0.05791350351074735
Plin2,0.7610005346516509,0.08809828473994158,0.4902730455936284
Plin4,-0.3750578850796448,0.18124162594335647,-0.08227394546368076
Plk2,-0.38858609237729375,0.32798495784210885,0.01884487019000509
Pllp,0.13077267054393918,0.2770328144770859,0.2993729784656093
Pln,-0.13574856288330428,0.19432919262084555,0.07721800468099646
Plod1,0.05706726526709355,0.29750471105241133,0.2745529055324319
Plod3,0.3571757719850515,-0.3662459850315719,-0.06955748834359601
Plpp3,0.3374276992631962,0.36916715687038604,0.4790886917410237
Pltp,-0.06795202975945472,0.7952737547076743,0.604874370001139
Plxdc2,0.11226857090692519,-0.0031099456783782132,0.06296944429343164
Plxna2,-0.029233367493769993,-0.15731680419644442,-0.1447837587768684
Plxnb2,0.5359969029309849,-0.021321632923495287,0.2979940855248772
Plxnd1,0.06250964751327415,0.2657170621928765,0.25187777717372656
Pml,0.5440827279824533,-0.23608708110786605,0.15642774360971706
Pmp22,-0.6285174011160549,0.12261662852632858,-0.28910788657349273
Pnkd,-0.25843540837577517,-0.09590241880753982,-0.22598523195331308
Pnpla2,0.12548578493336376,-0.24005942971124464,-0.12027010649718696
Podxl,-0.2632558040795351,-0.1724076795063489,-0.2886482555932487
Polg,-0.11833293969552643,0.19440591509262337,0.08778951722660908
Polr2a,0.04353905796944467,0.34799237740284455,0.3077995464367498
Polr2b,-0.31565817027847387,0.08858420038075467,-0.1158270070214947
Polr2e,-0.15596312551197503,-0.0015809197008043244,-0.09223261670230133
Polr2f,0.2898457287680174,-0.22513321456779936,-0.0059752027431723455
Polr2j,0.06950699611550631,0.06568321474409312,0.09376471996978143
Por,-0.2444407111713108,0.5546638758396554,0.294317037682925
Pou6f1,0.06530858695416702,0.20005216435403858,0.2002458970596476
Ppargc1b,-0.1652929236482846,0.13200370100468234,0.009345829931628542
Ppfibp1,0.342092598331351,-0.17227686704117212,0.06802538507611593
Ppm1h,0.389830065462135,-0.3402021989564658,-0.02711822783439757
Ppp1cc,-0.48732645598657004,-0.0971652758875344,-0.3531498031541604
Ppp1r10,-0.21753979321161826,-0.3068415416384499,-0.3701561494231894
Ppp1r16b,-0.08956606210857189,0.3010977134292149,0.1913596981082631
Ppp1r1b,-0.18130907711561603,0.043576629634903136,-0.07093638128432811
Ppp1r2,-0.5689621896792788,0.05502834688087694,-0.29508308931666505
Ppp1r7,-0.455138652416302,0.11070451995544438,-0.1853844953650907
Ppp2ca,-0.600372510071521,0.08667434373608295,-0.293857406702681
Ppp2r1a,-0.6073698586737533,-0.7483242253419786,-0.8371412253511205
Ppp2r2b,-0.5263561115234651,0.08800700556409284,-0.2462089950840502
Ppp2r5c,-0.1777326544966974,0.304860660888345,0.1400342386476801
Ppp3cb,-0.6997348602232181,-0.3427573220902338,-0.6070193145756111
Ppp3r1,-0.6440670646765708,-0.08535134501329562,-0.42868249424092886
Ppp4r3a,-0.041828594977787924,0.014391183621020775,-0.012716457120084736
Ppp5c,-0.5873107926806875,-0.27853447270991005,-0.5256646310724185
Ppp6c,-0.4890369189782268,-0.23749736959308013,-0.45350256717410625
Ppp6r3,-0.061887660970853506,0.09006459885947204,0.03692368874627013
Ppt1,-0.09018804865099254,0.4496622024810569,0.311170173625206
Praf2,-0.34022663870408915,-0.3535857480215069,-0.4685171791954111
Preb,0.25097156986672753,-0.17992386350322942,0.004902730455936284
Prelp,-0.5064525421660047,0.3834450645270199,-0.02681180718090155
Prep,0.07650434471773851,-0.18864495965310496,-0.10816649068409426
Prkaa1,-0.09236500154946477,0.23462220711922682,0.13589755982548385
Prkab1,0.3618406710532063,-0.07717715253221383,0.15259748544101684
Prkaca,-0.5213802191840999,-0.12802448136247316,-0.39283127778189475
Prkacb,-0.7165284968685751,-0.17394723212086138,-0.5164720114675379
Prkar1a,-0.015238670289305638,-0.3227527379169403,-0.27102906801722765
Prkar2b,-0.35593179890021015,0.14450313532094367,-0.09790139879197765
Prkcd,0.8808884407032288,0.1468949021674241,0.570248836156089
Prkce,-0.31939008953299775,0.18527568321565235,-0.043664943123182524
Prkci,-0.52620061488786,-0.08491946825302873,-0.36555983962074917
Prkd3,-0.18146457375122121,0.3893106497336067,0.20514862751558385
Prmt5,-0.4322806469823436,-0.44602432313045315,-0.5788286144539775
Prom1,-0.1261077714757844,0.4510038846165824,0.2898739382072328
Prpf19,-0.5181147898363916,-0.38164070827550667,-0.5673378399478768
Prpf31,0.12564128156896892,-0.2550060770745773,-0.13222051198353163
Prpf4b,-0.062354150877668976,0.11364747914078069,0.055768558936275234
Prpf8,-0.5184257831076019,0.24274559163891532,-0.13375261525101176
Prpsap2,0.0013994697204464358,-0.035332482969604215,-0.027884279468137617
Prr5l,-0.10356075931303627,0.041953490374656795,-0.02650538652740553
Prrc2b,0.14383438793477257,0.14608179044357555,0.20131836934688363
Prrx1,0.25936838818940616,0.11417739227138744,0.24084663364786993
Psd2,-0.16311597074981235,0.6333487936071449,0.4124421996056399
Psen1,-0.1932823180572133,-0.09596772657090002,-0.1892147535337909
Psma4,0.12704075128941536,-0.48900355628856695,-0.3199031622498425
Psmb6,0.2211162158305369,-0.4623711588165169,-0.23732279613266571
Psmb8,0.8569419588200343,-0.31222815038290297,0.3690836771359533
Psmc2,0.03389826656192479,-0.4640749751748636,-0.35698006132286064
Psmd1,-0.29233367493769996,-0.26194831125999485,-0.3739864075918896
Psmd12,-0.09547493426156796,-0.4395047923372097,-0.41106330666490776
Psmd13,0.1761776881406458,-0.42492919402954377,-0.2370163754791697
Psmd14,-0.3688380196554384,-0.4066335643290921,-0.5221407935572142
Psmd3,-0.0864561293964687,-0.11394894301012294,-0.14263881420239624
Psmd5,-0.3445805445010336,-0.16420034303607683,-0.3261847856465109
Psmd6,-0.444409384559546,-0.4407220195667571,-0.5799010867412135
Psmd9,-0.06779653312384958,0.16354333798647797,0.09299866833604138
Ptar1,-0.4145540305233554,0.34926186828170686,0.01639350496203695
Ptbp1,0.011040261127966326,-0.038107495985059005,-0.024513652279681417
Ptch1,-0.64313408486294,0.4722474775269048,-0.08135468350319269
Pten,-0.24257475154404892,-0.09673678594699119,-0.2177118743089206
Ptgds,-0.226092108169902,0.3873872747703026,0.1746597724927301
Pth1r,0.5146938638530781,-0.10566923082186427,0.2265980732603051
Ptk2,-0.4538946793314607,0.08062392506646555,-0.20637431012956792
Ptp4a1,-0.3512668998320554,0.18154801379314264,-0.06679970246213186
Ptpa,-0.1940598012352391,-0.21500457677348625,-0.28451157677105243
Ptpn1,0.5977290672662332,-0.23278185903638343,0.19702848019793937
Ptpn11,-0.2005906599306558,-0.31870633591232855,-0.37061578040343346
Ptpn23,0.14430087784158807,-0.06277201741087768,0.03370627188456195
Ptpra,-0.5162488302091297,0.36982233907890133,-0.04381815344993053
Ptprk,-0.3570202753494463,0.08402023493394982,-0.14447733812337238
Ptprn2,-0.06079918452161738,-0.0025603580242387802,-0.03753653005326217
Ptprz1,-0.46369096737458576,0.5335217813946159,0.11352885212027457
Pygb,0.039029655536895046,0.4614018947690379,0.39727437725758696
Qdpr,-0.3354062430003291,0.5089006886995912,0.19381106333623122
Qsox1,0.1733787486997529,-0.2430344165497423,-0.0933050889895374
Rab10,-0.03141032039224223,0.09314033926148542,0.05730066220375532
Rab11a,-0.641268125235678,-0.280177574403528,-0.5486461800846196
Rab1a,-0.2864248027847039,-0.15761444121083654,-0.28972072788048475
Rab21,-0.5579219285513125,0.04634081584636063,-0.294163827356177
Rab23,-0.34598001422148,0.3049756231308204,0.030642065349601774
Rab28,-0.5391068356430881,-0.10474421557324103,-0.3860900234049823
Rab29,0.5798469541716399,-0.28390943758964443,0.1502993305397967
Rab3a,-0.6571287820674042,-0.3531760031883273,-0.5995120085649587
Rab3gap2,-0.07277242546321466,-0.08301562317823635,-0.10969859395157434
Rab43,0.38112225386824605,-0.12706971430918704,0.12685815054735133
Rab5a,-0.5481256405081874,-0.012717276866714327,-0.328329730220983
Rab5b,-0.025190454968035847,-0.17718385187822414,-0.15857268818418915
Rab5c,0.6591502383302714,-0.08809875880121236,0.3306278851222031
Rab6a,-0.4893479122494371,-0.006953176077256325,-0.2903335691874768
Rab7,0.5341309433037231,-0.14509197071478377,0.21188988189249627
Rab8a,0.12361982530610183,-0.1924653339816658,-0.0830399970974208
Rabep1,-0.4510957398905678,0.19426792320802194,-0.12226184074491109
Rac1,-0.2533040194008049,-0.3744867950442105,-0.44201179266800555
Rad23b,-0.055978788817857436,-0.25878703962376515,-0.242531947242098
Rae1,-0.47955162420631203,-0.14969357173944015,-0.3863964440584783
Raf1,0.23262296686531866,0.10345385884432873,0.21740545365542455
Rai14,-0.04664899068154787,-0.1277201581494171,-0.13084161904279956
Rala,-0.4554496456875124,0.2457198162650541,-0.0879427275533571
Ranbp1,-0.08334619668436552,-0.03647598907361627,-0.07813726664148453
Ranbp2,-0.5571444453732867,0.2807201648194279,-0.13559113917198784
Rangap1,-0.1472553139180861,-0.5437447403708116,-0.5227536348642062
Rap1a,-0.5999060201647055,0.18735272491199464,-0.2281301765277852
Rap1gap,-0.31861260635497196,-0.1980091987750168,-0.33828840145960354
Rap2a,0.06048819125040707,-0.366631308029516,-0.26198965873909513
Rapgef1,-0.4705328193412128,-0.28937544691867856,-0.4818464776224879
Rapgef3,0.17819914440351284,0.11052934871143381,0.19227896006875111
Rara,0.15580762887636987,0.045420355247128,0.12731778152759538
Rarg,-0.07246143219200435,0.23900645454202338,0.15137180282703275
Rasgrf1,-0.24661766406978305,-0.015409473165575099,-0.15596811262947302
Rb1,0.36806053647741266,-0.018081041963531694,0.20101194869338762
Rbbp4,-0.33696120935638074,-0.4910569551565856,-0.5720873600770651
Rbbp7,-0.3263874381352299,0.11283885545577504,-0.10372339120840199
Rbck1,0.2601458713674319,0.06811001066341782,0.20514862751558385
Rbfox2,-0.445342364373177,0.09296897462600776,-0.1921257497420031
Rbms1,-0.3551543157221844,0.06012698172670051,-0.16148368439240135
Rbp1,0.3948059578015001,0.23691539361688432,0.4070798381694595
Rbpj,-0.10247228286380014,0.07605155430777251,0.0016853135942280976
Rcan1,0.29979751344674765,0.39753585641971456,0.4829189499097239
Rcn2,-0.2209607191949317,0.6057378795426906,0.3510048585796883
Rcor1,-0.1957702642268959,-0.07880758632740927,-0.17695792739395022
Rdx,-0.4024252929461529,-0.1462928232704335,-0.34349755256903586
Rela,0.15347517934229246,0.05339724600138244,0.13237372231027966
Retreg3,0.40662370210749227,-0.18125123480398148,0.10265091892116594
Rev1,-0.13963597877343328,0.11020500209988834,0.007200885357156416
Rgcc,-0.5845118532397947,0.03257229052346312,-0.3194435312695985
Rgmb,-0.41548701033698626,0.2502148828702875,-0.057453872530503325
Rgs3,0.011506751034781807,0.30070640227496664,0.25095851521323853
Rgs6,-0.3263874381352299,0.28863437627572947,0.031254906656593806
Rheb,-0.7087536650883172,-0.37428626849233804,-0.6278559190133404
Rhoa,0.3503339200184245,-0.37871710726503344,-0.08380604873116086
Rhoc,0.3263874381352299,-0.5334710437514212,-0.2192439775764007
Rhog,0.719171939673863,-0.15384387120722812,0.33261961936992723
Rhoj,0.08832208902373061,-0.5682916335085141,-0.4083055207834436
Rhot2,-0.03669720600281765,0.24511693576296778,0.17757076870094227
Ric8a,0.08816659238812546,0.2922375478428205,0.28788220395950864
Ric8b,-0.45809308849280006,-0.18866120204550366,-0.40340279032750737
Rictor,-0.4044467492090201,0.15089049624613363,-0.12379394401239115
Rif1,-0.5028761195470859,0.30382721166457777,-0.07997579056246062
Ring1,0.523401675446967,0.11366859007428451,0.38394507883051016
Riok3,-0.39962635350526,-0.2894391547115418,-0.44859983671816994
Rlim,-0.43461309651642094,0.07361054622440542,-0.19963305575265552
Rnase4,0.45700461204356396,-0.2147512366440216,0.11138390754580244
Rnaset2a,0.5146938638530781,0.11718008586388387,0.3818001342560381
Rnd2,-0.5667852367808066,0.12331441105396594,-0.24804751900502633
Rnf10,0.29730956727706503,-0.47091002275551513,-0.19181932908850707
Rnf13,-0.40040383668328583,0.24005503725846458,-0.05484929697578717
Rnf130,0.09252049818506994,0.34642041071683005,0.33415172263740733
Rnf14,-0.5938416513761043,-0.38969747674210564,-0.6010441118324388
Rnf19a,-0.25594746220609266,-0.10197713096325589,-0.22935585914176926
Rnf220,-0.25563646893488234,0.1274282075123638,-0.049027304559362835
Rnh1,0.7749952318561152,-0.08991038582672423,0.40585415555547555
Rock1,-0.3058618822353488,0.22987500210579467,-0.0006128413069920355
Rock2,-0.4988332070213518,0.2752839879734046,-0.09713534715823761
Rora,-0.34007114206848393,0.2781030450605304,0.014095350060816815
Rp2,0.5327314735832767,0.1078693999499798,0.38486434079099824
Rpa1,-0.02068105253548622,0.14502342657798004,0.10571512545612612
Rph3a,-0.5619648410770466,-0.28268485318375136,-0.5176976940815219
Rpn1,0.05722276190269871,-0.3661013656707994,-0.26352176200657523
Rptor,0.08630063276086355,0.3622574228731217,0.34349755256903586
Rsbn1,-0.22049422928811624,0.06736669787344224,-0.07522627043327235
Rsf1,0.029233367493769993,0.29808244584896754,0.25907866253088296
Rsrp1,-0.3571757719850515,0.11948344948956002,-0.1176655309424708
Rtcb,0.10247228286380014,-0.09709841807804516,-0.018691659863257083
Rtn3,-0.6572842787030094,-0.17439949245745118,-0.49011983526688035
Rtn4,0.41781945987106367,-0.11741092447739832,0.15704058491670908
Rubcn,0.4018033064037323,0.16856983196564948,0.35973784720432483
Ruvbl1,-0.42543879501571646,-0.19120832372070576,-0.38869459895969843
Ruvbl2,-0.20820999507530863,-0.10092943753610328,-0.20162479000037967
Rxra,0.35017842338281935,0.27827150365322983,0.41596603712084407
Rxrb,0.19063887525192563,0.48731234769061144,0.4997720858520049
Ryk,-0.6977134039603509,-0.04606036656138302,-0.4337384350236131
S100a1,0.6639706340340313,0.5895801871346587,0.7453682396290632
S100a10,0.5915092018420269,0.03678270220058314,0.3690836771359533
S100b,-0.3878086091992679,0.5754758190196281,0.2046889965353398
S1pr1,-0.17571119823383027,-0.10558794264809614,-0.1869165986325708
S1pr3,-0.005753375517390903,0.12918371933841236,0.10157844663392986
Sacm1l,-0.5507690833134752,-0.08187840434499484,-0.37674419347335375
Sall1,0.5793804642648245,0.10932163224481879,0.4102972550311677
Samd8,-0.1842635131921141,-0.009891492008364814,-0.11536737604125069
Samhd1,0.41128860117564703,-0.32894756266009645,-0.0036770478419522125
Sap130,0.13357160998483206,-0.09924750605496745,-0.001991734247724115
Saraf,-0.06297613742008963,0.5132428680294399,0.3793487690280699
Sardh,0.3879641058348731,-0.2304068793921978,0.053776824688551106
Sart3,0.030166347307400948,0.3596912265559004,0.3096380703577259
Scarb1,-0.024723965061220366,-0.055069410300067824,-0.059139186124731416
Scarb2,-0.08272421014194488,0.5337025378322564,0.3837918685037622
Scn4b,0.05115839311409749,-0.36917513280605246,-0.2696501750764956
Scn8a,-0.5532570294831577,-0.30133807712148414,-0.5265838930329064
Scrib,0.04322806469823435,0.09825359127879942,0.10494907382238607
Scrt1,-0.4196854194983256,-0.18896048024119474,-0.3840982891572582
Sdc2,-0.24770614051901915,0.0687160105505673,-0.09039409278132522
Sdcbp,0.12284234212807604,-0.3564697153221547,-0.2157201400611965
Sdha,-0.6501314334651721,0.23505773310339134,-0.23410537927095756
Sdhb,0.04322806469823435,0.05483195582745734,0.06971069867034403
Sdhc,0.03638621273160733,-0.4513703209295185,-0.345182866163264
Sec22b,0.17057980925886002,0.04874217214155009,0.1385021353802
Sec23a,-0.468822356349556,-0.010524260715392652,-0.28098773925584825
Sec24c,0.20634403544804672,-0.17454770566467112,-0.018385239209761064
Sec61a1,0.08179123032831392,-0.15563000035529534,-0.07829047696823252
Sel1l,0.0995178467873021,0.23924687069830103,0.2514181461934825
Selenof,0.2520600463159636,-0.10165204850725267,0.06710612311562789
Selenon,-0.05893322489435547,-0.2243970800135458,-0.21633298136818851
Selenoo,0.06701904994582376,0.34818422796827037,0.32128205519057457
Selenop,0.2575024285621442,0.002877028342437852,0.15244427511426883
Selenos,-0.4666454034510838,-0.041493950255220034,-0.30197755402032544
Sema3c,-0.028455884315744195,0.5195241167734953,0.4052413142484834
Sema3f,-0.09391996790551638,-0.2728971001274744,-0.2754721674929199
Sema4d,0.5198252528280484,0.41643467647802657,0.5921579128810542
Sema5a,0.007308341873442498,0.407260555312927,0.3350709845978954
Sema6a,0.32078955925344416,0.5577480035401571,0.6162119341804916
Sema6c,0.3946504611658949,-0.07191942912308874,0.17649829641370618
Sema6d,0.2529930261295946,0.07523442634276423,0.20668073078306398
Sept10,0.07821480770939525,0.21988968980846074,0.2236870770520929
Sept11,0.3587307383411031,-0.44163076909394267,-0.12563246793336727
Sept2,-0.4783076511214708,0.09016715193498367,-0.21464766777396038
Sept4,-0.05333534601256972,0.25934211678203745,0.17925608229517037
Sept5,-0.25563646893488234,-0.5087788468552383,-0.5486461800846196
Sept6,-0.2534595160364101,-0.15327968149017623,-0.2682712821357635
Sept7,-0.43243614361794874,0.0023426122451619155,-0.2504988842329945
Sept8,0.20649953208365185,-0.2230524417723774,-0.056841031223511286
Sept9,0.16544842028388976,-0.389541489828568,-0.21556692973444846
Serpina3n,0.8889742657546971,0.0073520111532790295,0.5212215315967261
Serpine2,0.07246143219200435,0.32246224863191564,0.30350965728780555
Serping1,0.6719009624498944,-0.24416856821523167,0.24498331247006616
Serpini1,0.046182500774732384,-0.3832575337387039,-0.2840519457908084
Sesn1,-0.26807619978329505,0.23327348665425351,0.026198965873909515
Setbp1,-0.24895011360386043,0.08154027665429238,-0.08104826284969668
Setd1a,-0.09734089388882988,0.16422411029152273,0.0759923220670124
Setd1b,0.12859571764546696,0.08567435890983228,0.14401770714312834
Setd5,-0.3066393654133746,-0.09327058852308881,-0.25095851521323853
Setx,-0.32047856598223384,0.03603959443752413,-0.1591855294911812
Sez6l2,-0.4145540305233554,-0.1562493589214057,-0.35728648197635665
Sf1,0.04136210507097244,-0.10013697701045825,-0.0571474518770073
Sf3a1,0.10216128959258983,-0.000930548187968742,0.0588327654712354
Sf3b6,-0.22811356443276906,-0.09426778598701231,-0.207599992743552
Sfpq,-0.46260249092534966,-0.3167709575799388,-0.49793356193102883
Sfxn1,-0.13201664362878043,-0.042325348103777846,-0.11107748689230643
Sfxn3,-0.3615296777819959,-0.3365662848664344,-0.46575939331394695
Sgk1,0.07137295574276824,-0.33180637970969107,-0.2272109145672971
Sgta,0.21163092105862213,0.14268552129897558,0.2367099548256737
Sh3bp1,0.6984908871383767,-0.19293512165094007,0.2952362996434131
Sh3bp4,-0.0772818278957643,0.13340841042872126,0.06296944429343164
Sh3bp5,0.1418129316719055,0.002695406714617272,0.08487852101839691
Sh3gl1,-0.1514537230794254,-0.19147189066821826,-0.24207231626185402
Sh3gl2,-0.5255786283454392,-0.3368179207327992,-0.5393003501529912
Shank3,0.0261234347816668,-0.4180052538300705,-0.32419305139878674
Sharpin,0.3864091394788215,-0.32412437085501844,-0.01746597724927301
Shc1,0.009329798136309573,-0.3863941975091513,-0.3084123877437418
She,-0.11522300698342323,0.11480609964814716,0.025432914240169472
Shoc2,-0.3217225390670751,-0.012403633387868885,-0.1971816905246874
Siah2,-0.02783389777332356,0.1858481554632404,0.13467187721149979
Sin3a,0.04742647385957366,0.10091919166150212,0.10954538362482634
Sin3b,-0.03560872955358154,-0.23486768689446763,-0.21143025091225223
Sirpa,0.7675313933470675,0.44200034366920915,0.6778024855331911
Sirt2,0.23122349714487228,0.27408475098718005,0.3514644895599323
Sirt7,0.235888396213027,0.07142907795395338,0.19396427366297922
Ska2,0.014616683746884997,0.133431186470511,0.11689947930873075
Skp1a,-0.5064525421660047,-0.03784991281489416,-0.32189489649756664
Slc12a2,-0.6398686555152315,-0.22019153446769618,-0.5106500190511135
Slc12a5,-0.4781521544858657,-0.2531450861000562,-0.45947776991727857
Slc12a7,-0.06453110377614121,-0.13161380827257763,-0.14432412779662435
Slc14a1,0.6616381844999539,0.2767669716975261,0.5544681725010441
Slc16a1,0.6403351454220471,0.5403221358958786,0.7105894954572651
Slc16a2,0.13823650905298684,0.39340687918424216,0.397121166930839
Slc19a1,0.08894407556615125,-0.12054755216505371,-0.045656677370906645
Slc1a3,0.19250483487918751,0.5032344335267045,0.5134078049325776
Slc20a2,0.042295084884603394,-0.187839965834166,-0.1277774125078394
Slc22a5,-0.028766877586954516,0.19199528451982062,0.13911497668719203
Slc22a8,-0.1329496234424114,0.22533976536155972,0.10387660153515002
Slc25a20,0.37039298601149007,-0.08163093002487448,0.15443600936199292
Slc25a22,-0.17431172851338386,-0.31766510046185803,-0.35575437870887655
Slc25a28,0.17524470832701483,-0.036231588750565015,0.07323453618554823
Slc2a1,-0.38252172358869246,-0.2281894074105783,-0.3943633810493748
Slc2a4,0.31939008953299775,0.05197785505278963,0.22629165260680909
Slc30a10,-0.20136814310868162,0.06480888007295735,-0.06588044050164381
Slc31a1,0.20960946479575507,-0.08660016902032404,0.0534704040350551
Slc32a1,-0.24428521453570567,-0.4030272709631908,-0.45993740089752255
Slc40a1,-0.06142117106403802,0.5173656007881475,0.38363865817701415
Slc6a11,-0.4820395703759946,0.3907307846058266,-0.003064206534960177
Slc6a8,0.4484522970852801,0.19769228469901493,0.4050881039217355
Slc6a9,-0.29217817830209475,0.4293981866412677,0.16316899798662943
Slc8a1,-0.5566779554664711,0.2831628647194478,-0.13359940492426373
Slc9a1,0.3486234570267677,-0.11976510510813422,0.11214995917954249
Slc9a3r1,0.3721034490031468,0.077314639162165,0.2753189571661719
Slc9a3r2,-0.1761776881406458,0.13272342493159436,0.0033706271884561953
Slc9a8,0.1679363664535723,-0.013833298828920402,0.08687025526612102
Slco3a1,-0.1514537230794254,0.0750958441101853,-0.02803748979488562
Slit3,-0.04680448731715302,0.25682856588171243,0.18109460621614648
Slk,-0.1295286974590979,0.01428331945061161,-0.0640419165806677
Smad1,0.26652123342724343,-0.21459415296606457,-0.012563246793336726
Smad2,0.14741081055369123,-0.004607951402823948,0.08227394546368076
Smad4,-0.4598035514844568,0.1848666593500356,-0.1348250875382478
Smad5,-0.4565381221367484,0.17509777801496906,-0.13972781799418407
Smad6,-0.2949771177429877,-0.179844131128624,-0.31162980460545003
Smad7,-0.02736740786650808,0.01324227268232293,-0.005209151109432301
Smap1,-0.23837634238270958,-0.15644702266697896,-0.2624492897193392
Smap2,-0.019437079450644944,-0.1654463695700646,-0.14570302073735644
Smarca2,-0.010884764492361167,-0.15213763830880772,-0.12992235708231153
Smarca4,0.1841080165565089,-0.3436548726296971,-0.16699925615532965
Smarcb1,0.2848698364286523,-0.45441989668364224,-0.18768265026631087
Smarcc1,-0.4440983912883356,0.06201543275034513,-0.2138816161402204
Smarcc2,-0.40895615164156957,0.14154253271286518,-0.13359940492426373
Smarcd1,-0.17089080253007036,0.01905629092747192,-0.0844188900381529
Smarcd2,0.16140550775815563,-0.3586234257573858,-0.19335143235598717
Smarcd3,-0.3767683480713016,-0.02274772511695887,-0.23686316515242173
Smc1a,-0.23868733565391992,0.14540528988950047,-0.024513652279681417
Smc3,-0.4234173387528494,-0.02188861578412389,-0.2630621310263312
Smc5,-0.19001688870950495,0.14972486005768204,0.008579778297888497
Smdt1,0.13512657634088365,-0.3924063851269838,-0.2370163754791697
Smg9,0.07106196247155792,0.03980015462100384,0.07369416716579226
Smim7,-0.1971697339473423,0.13959550960263203,-0.0038302581687002218
Smo,0.16622590346191557,-0.10611690784334922,0.011950405486344691
Smpd1,-0.32281101551631125,-0.31528869709128393,-0.43067422848865294
Smtn,-0.47675268476541915,0.32590789361185213,-0.04535025671741062
Smurf1,0.010884764492361167,0.03915161150201964,0.03814937136025421
Smurf2,-0.6572842787030094,0.15195098936173423,-0.2903335691874768
Smyd2,-0.3682160331130178,0.02408545652141696,-0.19656884921769538
Snai1,0.3657280869433353,0.024874708966629137,0.23211364502323345
Snap25,-0.6000615168003107,-0.3689215586411228,-0.5897065476530862
Snapin,-0.24817263042583462,0.3356205819858191,0.11935084453669889
Sncb,-0.48281705355402044,-0.4391631282689347,-0.5939964368020303
Sncg,-0.47908513429949656,-0.007567508684671942,-0.28481799742454844
Snf8,-0.37412490526601383,-0.3231313885329705,-0.4616227144917507
Snrk,-0.29435513120056706,-0.18540661682542417,-0.31561327310089826
Snrpa,-0.11708896661068514,-0.20193497379479317,-0.23119438306274537
Snrpn,-0.5960186042745765,-0.14847085316817363,-0.4444631578959736
Snta1,0.06546408358977217,0.08747618984573244,0.10908575264458233
Sntb1,0.2840923532506265,0.2656718177462883,0.37260751465115755
Snx27,-0.36106318787518044,0.07513778217353746,-0.15366995772825287
Snx5,0.6518418964568288,0.2913847187749234,0.5596773236104764
Snx6,-0.30710585532019014,-0.015440796251837053,-0.19105327745476705
Sod1,-0.45902606830643095,-0.1107317675636915,-0.3476342313912321
Sod2,-0.47068831597681804,-0.41176895749934933,-0.5696359948490969
Sorbs1,0.33182982038141046,-0.09221539638392681,0.1228746820519031
Sorl1,-0.069196002844296,0.553665035802967,0.4083055207834436
Sort1,-0.05877772825875031,0.3999395202512616,0.2900271485339808
Sos1,-0.34038213533969425,-0.27405409414193965,-0.40784588980319963
Sox13,-0.43570157296565704,0.16798073245311348,-0.13130125002304358
Sox17,0.021458535713512014,0.16777457811166258,0.14876722727231662
Sox18,0.13932498550222297,-0.17930606076793884,-0.06296944429343164
Sox9,0.36432861722288884,0.4006255873357877,0.5155527495070498
Sp1,-0.45047375334814727,0.18186863416261945,-0.13084161904279956
Sp3,-0.33478425645790855,-0.2036751176495858,-0.3511580689064363
Spag9,-0.5134498907682369,0.5603982783604163,0.09116014441506527
Spast,0.26030136800303705,0.020332573136856744,0.1677653077890697
Speg,0.24008680537436633,0.27571340305027275,0.3574396923031047
Spi1,0.8015851565445975,-0.17271214452130715,0.38363865817701415
Spon1,0.16980232608083423,0.48184932294425703,0.48475747383069995
Spop,-0.5142273739462627,0.05202413612426609,-0.26367497233332327
Spred1,-0.4273047546429785,0.3047211251017287,-0.025432914240169472
Spry1,0.28922374222559677,-0.20452494522111003,0.009652250585124558
Spry2,-0.5635198074330983,0.055756930081367395,-0.29125283114796485
Spry4,-0.43927799558457575,-0.11059492199478481,-0.3369095085188715
Spsb1,0.07292792209881983,-0.23953955982057934,-0.15152501315378075
Spsb2,0.2539260059432255,0.08606613105863678,0.2157201400611965
Sptan1,-0.4123770776248831,-0.44143595178946093,-0.5671846296211288
Sptb,-0.1995021834814197,-0.009534562103505688,-0.12394715433913918
Sptlc2,0.06966249275111148,-0.014405690454907576,0.028956751755373676
Sqstm1,0.12113187913641928,0.14115545439973548,0.18446523340460266
Sra1,0.4041357559378097,-0.09350559957694018,0.16623320452158963
Srebf1,0.4532726927890401,0.3585500855077958,0.5239793174781903
Srebf2,-0.6493539502871463,-0.4008042715937339,-0.6263238157458602
Srf,-0.3588862349767082,0.1865576510371667,-0.06787217474936792
Srrm1,-0.036541709367212495,0.20499108370006963,0.1450901794303644
Srsf1,-0.4341466066096054,-0.15269455997749667,-0.3649469983137571
Srsf2,-0.5877772825875031,-0.2703104111201458,-0.520455479962986
Srsf4,-0.08894407556615125,0.1481946618135527,0.06802538507611593
Ssr2,0.11942141614476252,-0.4119775196242863,-0.26260250004608715
Ssrp1,-0.006375362059811541,-0.328897305515858,-0.27087585769047967
Stab1,-0.11662247670386965,0.1650231847364043,0.06511438886790376
Stag2,-0.48064010065554824,0.21631291037284478,-0.1262453092403593
Stam2,-0.05504580900422648,-0.19049613294031037,-0.1866101779790748
Stat1,0.6131232341911441,-0.21942492526453156,0.21679261234843256
Stat2,0.5639862973399137,-0.22360491805061064,0.17894966164167436
Stat3,0.4655569270018477,-0.20976843974842296,0.12072973747743097
Stat5b,-0.25501448239246166,0.01946523002029708,-0.13344619459751572
Stat6,0.060332694614801896,0.5370785927493494,0.4706621237698832
Stim1,0.04633799741033755,-0.13319077615227662,-0.08104826284969668
Stim2,-0.37910079760537896,-0.04277089299082371,-0.2532566701144586
Stip1,-0.7463838509047659,-0.132540358588443,-0.5069729712091613
Stk11,0.37910079760537896,-0.058123917472522726,0.17741755837419426
Stk3,-0.31814611644815644,-0.02902301460174201,-0.20790641339704802
Stk38,-0.24895011360386043,0.20753998157846437,0.018078818556265044
Stk38l,-0.2341779332213703,0.10291517545078392,-0.05530892795603119
Stk39,-0.5202917427348638,-0.4406966000120915,-0.6091642591500832
Stk4,0.02441297179001005,-0.06262606914401324,-0.036617268092774116
Stmn2,-0.5680292098656479,-0.09593857560076922,-0.39543585333661085
Stmn4,-0.21396337059269951,0.4582898154366277,0.23885489940014581
Stom,-0.09298698809188541,0.002459434310664606,-0.05224472142107102
Strn3,-0.6353592530826819,0.46155437346718237,-0.08104826284969668
Stub1,-0.3282533977624918,-0.19576460256957467,-0.34165902864805975
Stxbp1,-0.5916646984776321,-0.5036296177745562,-0.674891489324979
Sufu,0.08738910921009967,0.20530386468431755,0.21709903300192854
Sulf2,0.1956147675912907,0.12930910785915764,0.21709903300192854
Sult1a1,-0.20712151862607253,-0.2644225454741089,-0.3309343057756991
Sumo1,-0.5384848491006675,-0.023747961722873218,-0.3303214644687071
Sumo3,-0.66754705665295,-0.14914936459595526,-0.47954832272126774
Sun1,-0.25081607323112237,0.06640334466900542,-0.09407114062327743
Supt16,-0.24630667079857274,0.003627656385481441,-0.14080029028142013
Supt20,0.3212560491602596,0.022912965090378313,0.20499541718883585
Supt5,-0.3864091394788215,0.32105691516951906,0.015167822348052877
Supt6,-0.19856920366778874,-0.18553401310725684,-0.26352176200657523
Suz12,-0.4538946793314607,-0.1086126271945829,-0.3433443422422878
Sv2a,-0.004664899068154787,-0.17036519222627677,-0.14110671093491617
Svil,0.05022541330046654,0.39296273165444373,0.3480938623714761
Syn1,-0.6145227039115906,-0.1754001439058983,-0.47081533409663123
Syn2,-0.19234933824358236,-0.15544635028314094,-0.23609711351868162
Syncrip,-0.5338199500325127,0.022561132270520493,-0.2958491409504051
Syne1,0.05520130563983164,0.37305348213806605,0.3347645639443994
Synj2bp,-0.1441453812059829,0.03254235064571929,-0.05791350351074735
Synpo,-0.18970589543829464,-0.12579336707593897,-0.2109706199320082
Synpo2,-0.28315937343699554,0.6033457650905735,0.30488855022853767
Syp,-0.25843540837577517,-0.46550316767782957,-0.5160123804872939
Syt2,-0.3340067732798827,-0.35068473148051865,-0.4633080280859788
Tab1,-0.037941179087658934,-0.028796596461482714,-0.04550346704415863
Taf15,-0.0035764226189186695,-0.20509657478656412,-0.16868456974955778
Taf4,-0.36401762395167847,0.20285980508206608,-0.0588327654712354
Tagln,-0.3472239873063213,0.08463682466584688,-0.138042504399956
Tap1,0.6757883783400234,-0.3855175521458209,0.16332220831337746
Tardbp,-0.10698168529634976,-0.3478644040724961,-0.3433443422422878
Tbc1d1,-0.21785078648282852,-0.308373850572736,-0.3715350423639215
Tbck,-0.09003255201538739,-0.01425365246100976,-0.0640419165806677
Tbl1xr1,0.3618406710532063,0.2461344196269033,0.397427587584335
Tbpl1,-0.2915561917596742,0.13504792863462728,-0.06511438886790376
Tbx1,0.24537369098494177,0.25621984531992514,0.344876445509768
Tbx18,0.04213958824899824,0.29347561384510984,0.2627557103728352
Tbx2,0.4923023483259351,-0.4139012763519301,-0.005515571762928318
Tbx3,0.17073530589446517,-0.24175991773727412,-0.09391793029652944
Tbxa2r,0.14041346195145907,0.1702072297175299,0.21878434659615667
Tcaf1,-0.16513742701267942,-0.17524257403598556,-0.2367099548256737
Tceal5,-0.2795829508180768,-0.3698479175601815,-0.45151083292638217
Tceal9,-0.21800628311843367,-0.1588791293595211,-0.25310345978771065
Tcf12,0.2579689184689597,0.4798456778342739,0.5270435240131505
Tcf3,0.451251236526173,0.3132664103661897,0.4902730455936284
Tcf7,-0.07463838509047659,0.4261595334206878,0.30167113336682944
Tcf7l1,-0.14134644176509004,0.05869688512838044,-0.03523837515204204
Tcf7l2,-0.127662737831836,-0.038606876451545855,-0.10556191512937811
Tcp1,-0.37039298601149007,-0.5167737469466809,-0.605946842288375
Tead1,-0.19203834497237202,-0.10511815928218671,-0.1958027975839553
Tead3,0.25050507995991206,0.0538451472143133,0.1884487019000509
Tec,0.034053763197529945,0.2178547059796583,0.19672205954444338
Tecr,-0.5308655139560147,-0.3474447185340578,-0.5487993904113677
Tek,0.07774831780257978,0.21340691222384828,0.21817150528916465
Terf2,0.1264187647469947,0.20967525624190583,0.24268515756884604
Tet2,-0.038252172358869255,0.17980805531573274,0.12364073368564316
Tet3,-0.023168998705168774,0.12134857450638155,0.08503173134514493
Tfeb,-0.16093901785134013,0.05210710300229693,-0.05209151109432301
Tfpi,-0.3563982888070257,-0.11148471099094961,-0.2924785137619489
Tfrc,-0.6807642706793885,0.20329858926884933,-0.276085008799912
Tgfb1,-0.10542671894029818,-0.08528738423690424,-0.13038198806255555
Tgfb1i1,0.054579319097411,-0.18847407273407363,-0.12103615813092701
Tgfb2,-0.011351254399176648,0.4640584616828825,0.37030935974993745
Tgfb3,-0.6044154225972551,0.38043479088870713,-0.10632796676311815
Tgfbr2,0.14787730046050673,-0.030883500372557413,0.06143734102595155
Tgfbr3,-0.266054743520428,0.11227630304508003,-0.06725933344237589
Tgm2,-0.04058462189294664,-0.30627777762537106,-0.27225475063121174
Thap12,-0.5254231317098341,0.03528722078745164,-0.2820602115430843
Thbd,0.033742769926319624,-0.03311143556450443,-0.007200885357156416
Thbs1,0.2994865201755373,0.15338810227269456,0.29355098604918495
Thbs2,-0.004509402432549627,0.34991251194511996,0.28160058056284026
Thra,0.07681533798894882,0.21425248245817033,0.21832471561591263
Thrap3,-0.009640791407519892,0.22044265396872667,0.17343408987874603
Thumpd1,-0.35981921479033924,0.13054246243462403,-0.11092427656555842
Tie1,-0.14958776345216349,0.11454178759046721,0.004749520129188275
Timp4,-0.331363330474595,-0.16983437225540335,-0.3234269997650467
Tjp1,0.06733004321703409,0.38350766838062866,0.35008559661920025
Tjp2,-0.17913212421714378,0.2313838294462625,0.08043542154270465
Tlcd1,-0.6883836058240413,0.3134787952910701,-0.21679261234843256
Tle1,-0.2519045496803585,0.2987695147688673,0.0879427275533571
Tle4,-0.34535802767905943,0.1838377104591541,-0.06128413069920355
Tln1,-0.18612947281937597,0.2099279813055705,0.05898597579798342
Tmem106b,-0.4044467492090201,0.19749927100594497,-0.08916841016734116
Tmem109,-0.15471915242713374,0.19243658605923672,0.0641951269074157
Tmem176a,0.6502869301007772,-0.34548087178769105,0.1660799941948416
Tmem259,0.21893926293206464,0.4798828987650541,0.5080454434963974
Tmem63b,0.05706726526709355,-0.1655409600798985,-0.10096560532693784
Tmem94,0.37707934134251186,0.13532974037885045,0.3217416861708186
Tnfrsf14,0.6659920902968983,0.04037959085834646,0.41290183058588387
Tnfrsf1a,0.5520130563983164,-0.11183409614489587,0.2462089950840502
Tnfrsf1b,0.7751507284917204,-0.39701782216729986,0.24835393965852237
Tnfsf12,-0.0261234347816668,0.29121388281667554,0.22123571182412477
Tnfsf13,0.07510487499729207,0.30794920959285305,0.29324456539568894
Tnks2,-0.6759438749756285,-0.06035378242005016,-0.4303678078351569
Tnpo1,-0.5153158503954987,-0.04650283223252812,-0.33292604002342324
Tns2,-0.3584197450698927,0.28677719588237893,0.008426567971140487
Tnxb,-0.49852221375014155,0.28628363208263763,-0.08916841016734116
Togaram1,-0.3155026736428687,-0.15701335824707208,-0.30504176055528565
Top2b,-0.24568468425615209,0.11154577823214963,-0.05546213828277921
Tor1a,0.18612947281937597,-0.29209021643492217,-0.1245599956461312
Tpcn1,-0.45964805484885163,0.3098148933265833,-0.04458420508367058
Tpi1,-0.5190477696500225,-0.39037760332513444,-0.5737726736712931
Tppp,-0.39698291069997227,0.32987587701396126,0.014401770714312832
Tpr,-0.3372722026275911,0.03945511959897963,-0.1665396251750856
Traf2,0.45140673316177815,0.07875469184851806,0.32036279323008654
Traf3,0.17275676215733224,-0.299618779500002,-0.13896176636044402
Trappc10,-0.37241444227435716,0.06721062144090272,-0.1665396251750856
Trim2,-0.3890525822841092,0.2999592431131697,-0.002451365227968142
Trim24,-0.2617008377234835,-0.0022975381322270665,-0.15443600936199292
Trim27,0.22251568555098333,-0.28556635646436274,-0.09636929552449758
Trim28,0.45031825671254205,-0.007239870579262743,0.2573933489366549
Trim33,-0.445342364373177,0.40537217368658324,0.03508516482529403
Trim34a,0.3374276992631962,-0.08505876085939278,0.13176088100328762
Trim65,-0.1399469720446436,0.21634664179519958,0.09238582702904934
Trp53,0.2671432199696641,0.02016739412044951,0.17159556595776992
Trp53bp1,-0.15425266252031827,-0.10609933099025502,-0.17511940347297414
Trpc3,0.05908872152996063,-0.003578412371682246,0.03156132731008982
Trpc4,-0.11444552380539742,-0.08417067423525643,-0.13467187721149979
Trpm7,-0.48312804682523075,0.24992752696931217,-0.10402981186189802
Trpv2,0.059866204707986426,-0.1377269927458016,-0.07675837370075243
Trrap,0.19343781469281848,-0.019105135647874662,0.09759497813848166
Tsc1,-0.08941056547296675,0.42426237256238375,0.2910996208212168
Tsc2,-0.14787730046050673,0.15484497708553732,0.03814937136025421
Tsc22d3,-0.5094069782425027,-0.3841827138381105,-0.5656525263536487
Tsc22d4,0.5619648410770466,0.1741450508953882,0.4447695785494697
Tshz1,0.2632558040795351,0.29342814581035753,0.3834854478502661
Tspyl2,-0.47846314775707594,0.050995488027031306,-0.24268515756884604
Tssc4,0.6022384696987829,-0.4549502488471978,0.056228189916519254
Ttbk1,-0.2122529076010428,-0.245702129776349,-0.31883068996260644
Ttyh1,-0.2152073436775408,0.6870433385980564,0.4194898746360483
Tubb2b,0.36914901292664876,-0.6383257560890295,-0.26658596854153543
Tubb3,-0.11786644978871094,-0.6038684634113105,-0.5558470654417761
Twf1,-0.3164356534564997,-0.08458085240664474,-0.24973283259925447
Twf2,0.6062813822245171,0.07708337925549304,0.40340279032750737
Txnip,0.00684185196662702,0.15050829543307803,0.1262453092403593
Ubac1,-0.4044467492090201,-0.08215337755292304,-0.29692161323764116
Ubap1,-0.15363067597789765,-0.08497152531563718,-0.15780663655044913
Ube2b,-0.5555894790172351,0.05807712434050761,-0.28481799742454844
Ube2g1,-0.49136936851230417,-0.1419451496504803,-0.38700928536547036
Ube2g2,0.21645131676238205,-0.01487343020844797,0.11444811408076261
Ube2i,-0.4461198475512027,-0.22438482086597353,-0.42332013280474845
Ube2m,-0.32965286748293826,-0.5927641791819197,-0.6468539995300934
Ube2r2,0.07837030434500042,-0.09825665458264875,-0.03385948221130996
Ube3a,-0.4823505636472049,0.12536054577769534,-0.1921257497420031
Ubr5,0.0013994697204464358,-0.10530806518360156,-0.08472531069164889
Ubr7,0.34629100749269026,-0.11203904799838896,0.11659305865523474
Ubtf,0.0007774831780257977,0.11336419064216896,0.09253903735579735
Ubxn7,-0.4311921705331074,0.33477838779834385,-0.006128413069920354
Uchl1,-0.5367743861090107,-0.5306149685728933,-0.6767300132459552
Ufd1,-0.3161246601852894,-0.2901762759085236,-0.40799910012994756
Ufl1,-0.47628619485860374,-0.04180140368739049,-0.3076463361100018
Ugt8a,-0.43539057969444667,0.17084732339096928,-0.12900309512182348
Ulk1,-0.24039779864557667,0.09096633521179774,-0.06848501605635995
Unc13b,-0.13699253596814556,-0.0625484963702573,-0.13022877773580752
Unc93b1,0.8530545429299053,0.26118126712783213,0.6082449971895952
Uri1,-0.2960655941922238,0.416468521126367,0.1504525408665447
Usp14,-0.5618093444414415,0.0986530531082919,-0.2613768174321031
Usp2,0.09656341071080408,-0.0770497967395015,-0.0059752027431723455
Usp22,-0.14165743503630035,0.27327656917142656,0.13712324243946794
Usp25,-0.05411282919059551,-0.11371237837937814,-0.12379394401239115
Usp32,-0.6261849515819775,-0.0699703165131231,-0.40953120339742766
Usp47,-0.23122349714487228,0.1712275406734816,0.00045963098024402656
Usp54,-0.38500966975837503,-0.26349996604589654,-0.4220944501907644
Usp7,-0.33898266561924784,-0.09634428421696876,-0.2713354886707237
Utrn,-0.5266671047946754,0.4858972222155009,0.02834391044838164
Vamp2,-0.26729871660526927,0.3027151194363072,0.08104826284969668
Vamp3,-0.29715407064145993,-0.09438138379573441,-0.24651541573754626
Vangl1,0.20292310946473321,-0.0035611982650875806,0.11552058636799867
Vat1,0.35344385273052764,0.16503364624030356,0.3315471470826912
Vcam1,-0.4339911099740003,-0.32992174747321396,-0.4945629347425726
Vcl,-0.116000490161449,-0.09977266159598457,-0.14815438596532457
Vcp,0.11397903389858194,-0.06718725227873283,0.012256826139840709
Vdac1,-0.5717611291201716,-0.35276029484259913,-0.5685635225618609
Vdac2,-0.23837634238270958,-0.3712452912965118,-0.431899911102637
Vegfb,-0.537085379380221,0.31943068462356683,-0.09437756127677346
Virma,-0.08132474042149845,0.057450863199460966,-0.0009192619604880531
Vps25,0.10775916847437557,-0.27968561057507074,-0.16301578765988142
Vps26b,-0.05084739984288717,0.03032409880989709,-0.0050559407826842925
Vps28,0.2826928835301801,-0.5205204409255014,-0.24069342332112195
Vps51,-0.011351254399176648,0.05719348009122085,0.0398346849544823
Vps72,0.33898266561924784,-0.30742915803703147,-0.037230109399766155
Vsir,0.7564911322191012,0.340651897937397,0.622187136923664
Vstm4,0.3912295351825814,-0.18349777770780965,0.09100693408831725
Vtn,-0.03607521946039702,0.20597359565616424,0.14616265171760046
Vwa8,0.6376917026167593,0.2324779048020669,0.5173912734280259
Vwf,0.31970108280420806,-0.4116642809749644,-0.13038198806255555
Wapl,-0.3647951071297043,0.30460957355083557,0.01761918757602102
Washc2,-0.04105111179976212,0.21204299398144338,0.14815438596532457
Washc4,-0.26900917959692605,0.15550334881098515,-0.03523837515204204
Washc5,-0.07541586826850238,-0.32494534786708307,-0.30718670512975776
Wasl,-0.6303833607433168,0.2504394192238708,-0.20974493731802415
Wdr45,-0.05349084264817488,0.15179239853635015,0.09192619604880532
Wdr61,0.01803760973019851,-0.0985976977235012,-0.06955748834359601
Wdr82,-0.05178037965651813,-0.3767666641090004,-0.3358370362316354
Wdtc1,-0.23682137602665804,0.3408116068011941,0.13084161904279956
Wiz,0.15860656831726275,0.32173808119880415,0.35054522759944423
Wls,-0.17866563431032834,0.40834382091403904,0.22215497378461285
Wrnip1,-0.2848698364286523,-0.21143626794446724,-0.3307810954489511
Wtip,-0.4417659417542583,0.26652530808602426,-0.06342907527367567
Wwox,0.3584197450698927,0.4672227819437533,0.5633543714524285
Wwtr1,0.13543756961209397,0.23537318335137913,0.26842449246251154
Xiap,-0.5352194197529592,0.08852749344377321,-0.2514181461934825
Xpo1,-0.018659596272619147,-0.22523713082298233,-0.19381106333623122
Yars,-0.18193106365803666,-0.5225837823067833,-0.5235196864979463
Ybx3,-0.4080231718279386,-0.23422166457456536,-0.41167614797189983
Ywhae,0.31861260635497196,-0.0057496524314556525,0.1814010268696425
Ywhag,-0.3405376319752994,-0.49220794810428486,-0.5745387253050331
Ywhaz,-0.5406618019991397,-0.20891924218576424,-0.4580988769765465
Yy1,-0.40988913145520056,0.015584509842099166,-0.22751733522079312
Zbtb16,-0.21007595470257057,-0.14397145839302433,-0.23686316515242173
Zbtb46,-0.11366804062737164,0.13492411979636673,0.04259247083594646
Zbtb7a,-0.11382353726297678,0.13484906945584846,0.042439260509198454
Zc3h11a,-0.12346432867049668,-0.01748539312842522,-0.08610420363238099
Zdhhc18,-0.3657280869433353,0.2442480336784395,-0.02865033110187766
Zdhhc6,0.18955039880268948,0.13070562341688233,0.21480087810070841
Zdhhc7,0.3172131366345255,-0.17274489907988172,0.05193830076757501
Zdhhc8,-0.15720709859681628,0.006389757915464732,-0.086563834612625
Zeb1,-0.24288574481525924,0.2524976156134995,0.05730066220375532
Zeb2,-0.10371625594864141,0.18296594996987187,0.08732988624636505
Zfand2a,-0.09112102846462349,-0.19548480408354085,-0.2112770405855042
Zfhx3,0.1778881511323025,0.16460928470791802,0.2353310618849416
Zfp106,-0.5448602111604791,0.18988370221945408,-0.1884487019000509
Zfp148,-0.44129945184744285,0.19840370629339768,-0.11276280048653452
Zfp24,0.338205182441222,-0.13738650558658666,0.09223261670230133
Zfp281,-0.028455884315744195,0.18195832496473777,0.1311480396962956
Zfyve9,-0.7426519316502419,-0.1033284262921311,-0.4893537836331403
Zic1,-0.39760489724239295,0.14566068904941973,-0.12333431303214712
Zic2,-0.21753979321161826,0.3573280770363264,0.15642774360971706
Zic4,0.13015068400151852,-0.024246484064637443,0.05638140024326726
Zkscan1,-0.1629604741142072,-0.21537860158399713,-0.26765844082877144
Zmpste24,-0.3417816050601407,0.22841507236769876,-0.024973283259925445
Zscan21,0.21660681339798724,0.08180489094115719,0.19120648778151506
Zyx,-0.3590417316123134,0.09312240274138055,-0.13880855603369602
Zzef1,0.24568468425615209,-0.15454731080275766,0.021602656071469245
