,rho_sev,rho_day_given_sev,rho_day_raw
A2m,0.358708141269705,0.1425612530864921,0.18148489421816244
Aatf,0.550075154340522,-0.46294160433943404,-0.3066758629149504
Abca1,0.7155681375492617,0.126812262040148,0.18686222441721914
Abca3,0.5483950225312961,0.08722959254659997,0.14821266361149935
Abca7,0.5297455594488899,-0.331637315586259,-0.20517875540775588
Abcb1a,-0.5109280831855612,0.5997023267760906,0.4397647853416029
Abcc6,-0.49127054101761947,0.4601352957831044,0.32885734998605914
Abcd3,-0.20480806754462316,0.04452521852351759,0.01478765804740583
Abcf1,0.2815900912262415,-0.487909421475658,-0.424641044156756
Abcg2,-0.0999678426489342,0.5558345739601969,0.5338680638250946
Abhd17c,0.4916065673794646,0.013777652953411238,0.0799877867109679
Abhd4,-0.15591623189615283,0.5332934049667108,0.5000917085122699
Abhd5,-0.3627404576118469,-0.19372292941748065,-0.22904065816606983
Abi1,-0.04032316342141884,0.09717596589743657,0.09057440554036071
Abl1,-0.019489528987019104,0.07892659815095149,0.07545066435551384
Abraxas2,0.2968792906901962,0.07769383756370964,0.11460434986739516
Acaa2,-0.40877606918463344,0.665039128368531,0.5444546826544874
Acaca,-0.4470830744349813,0.05303483067552803,-0.014955699616126349
Acacb,-0.038811044793115625,0.5243593114246684,0.5135350340099115
Ace,0.5818296455348893,-0.11634492086346765,-0.013107242360200623
Ackr1,0.5557876024918896,-0.5713321865119946,-0.39338531237473917
Acly,-0.2510116922983322,-0.41334399283755147,-0.4310266237681359
Acox1,0.4526275094054264,-0.25463187616549227,-0.16216011381530257
Acp2,0.3010796202132606,-0.08864962502405953,-0.042010392180130196
Acsl1,-0.04267534795433493,0.21011371596383002,0.201985965602066
Acsl4,0.5821656718967344,-0.49729214842653013,-0.3197831052751511
Acsl6,-0.8089834661422154,0.266696324512053,0.04318668316117384
Acss2,-0.838217759622744,-0.23676664685621268,-0.24399635778219617
Actl6a,0.6219847957753856,-0.5328021349185412,-0.32700889273013345
Actn1,0.6234969144036887,-0.48961924201478846,-0.2927284127111472
Actr1a,-0.025706016681154506,-0.12285459642537891,-0.12519096869678797
Actr1b,-0.1827983408437654,-0.19093111612082855,-0.2112282518816946
Actr2,0.39550302789174974,-0.3458456587699073,-0.25979226524192517
Acvr1,-0.19455926350834588,0.546523216171076,0.5039566645928418
Acvrl1,-0.2661328785813643,0.23929050530874874,0.1915673883413937
Adam10,0.3402266913682214,-0.17439564468281987,-0.11527651614227725
Adamts1,0.09240724950741816,-0.39026276404555416,-0.37204403314723306
Adar,-0.112400818037205,-0.5073845939013041,-0.5148793665596757
Adarb1,-0.5961107659133085,0.2372070632904296,0.10603422986264861
Adcy1,-0.7928542007736479,0.3134121524853738,0.07931562043608581
Adcyap1r1,-0.6266891648412177,0.41145264889881933,0.23072107385327506
Add2,-0.8687961585506533,-0.003339832586744538,-0.12199817889109808
Adgra2,0.17288556316933323,0.45797936403453593,0.4706844339861787
Adgrb1,-0.8726604617118726,0.1179439472952912,-0.0638557961137979
Adgre1,0.27688572216040935,0.15693328211550533,0.18770243226082173
Adgre5,-0.44859519306328455,0.6346444271373434,0.4995875838061083
Adgrf5,-0.4869021983136324,0.3868518779870827,0.26718609426562806
Adgrg1,0.1265139252347016,0.1244745398802493,0.13981058517547332
Adgrg6,-0.31653683285813783,0.6800772552686466,0.5950351948393641
Adgrl1,-0.7700044081681772,0.17786028902758436,0.005713413336497707
Adgrl2,-0.3973511728818981,0.07795150182576889,0.015795907459728954
Adgrl3,-0.07274970733947649,0.011564716509031004,0.0013443325497641664
Adh5,0.05477229698076058,0.25538261434356574,0.26012834837936616
Adipor1,0.5739330260315281,0.015299306457896303,0.09191873809012487
Adora1,-0.8096555188659057,0.06981806242998478,-0.07158570827494186
Aebp2,0.11441697620827593,-0.15001784165353152,-0.1317445898768883
Afap1l2,-0.4791735919911938,0.6470379225200605,0.49605871086297737
Afdn,-0.43347400678025244,0.45798233076313366,0.3486862550950806
Afg3l2,0.01999356852978684,0.04675842607022539,0.04906813806639207
Agl,-0.5413384689325478,-0.0962018526682805,-0.1551023679290407
Ago1,-0.3069600815455509,0.4951085937054406,0.42413691945059445
Ago2,0.45229148304358124,-0.10233101399661304,-0.02772685883888593
Ago3,-0.33585834866423436,0.05240115288874601,0.0023525819620872908
Agpat3,-0.8575392754288405,0.07453577224379515,-0.0808279945545705
Agpat4,-0.10769644897137279,-0.25467652342059405,-0.26567372014714336
Agps,0.4322979145137944,-0.7282881251570469,-0.5904980724839101
Agrn,-0.029066280299606076,0.31657640969981177,0.3093645280144788
Agt,-0.4749732624681294,0.6674459982417356,0.5158876159719988
Ahi1,-0.6465147201900819,0.18638045870386946,0.05125267845975884
Ahr,0.6021592404265212,-0.43556298013064915,-0.2609685562229688
Aida,-0.17439768179763646,-0.2929797934704853,-0.30986865272064035
Aif1,0.48707021149455504,-0.20351910147690722,-0.10855485339345643
Aip,-0.47631736791550994,0.3708371772574062,0.25693555857367634
Akap9,0.21304071340982952,0.3760469734713612,0.39338531237473917
Akr1b3,0.4630443266226263,0.23934595018538704,0.2742438401518899
Akt1,0.47060491976414226,-0.06884005561665583,0.005041247061615624
Akt1s1,0.25033963957464195,0.19131454993238445,0.218117956199236
Aldh1a2,-0.10668836988583734,0.0008457637533799312,-0.013947450203803226
Aldh2,-0.29889544886126707,0.5859445616886079,0.5123587430288679
Aldh4a1,-0.4581719443758715,0.510395311119533,0.38582344178231576
Aldh9a1,-0.49849510779729034,0.748273603931899,0.573357832474417
Aldoa,-0.1911989998898943,-0.4873760201739818,-0.5002597500809903
Aldoc,-0.7562273273325257,0.2871876903110683,0.08133211926073207
Alkbh5,-0.2363945455580679,0.22210627427671145,0.1809807695120009
Alpl,-0.8126797561225121,0.3441800443065787,0.08603728318490665
Ambra1,-0.10063989537262451,0.18367025998808348,0.16703331930819768
Amd1,-0.5126082149947869,0.18330970464526267,0.08486099220386299
Amfr,0.33653040138792467,-0.19035784975335335,-0.1309043820332857
Anapc16,0.3054479629172477,0.44444791371564724,0.4614421477065501
Anapc2,0.2434510991568162,0.06582929066895521,0.0969599851517405
Anapc4,0.275037577170261,-0.407810045629485,-0.35019862921356537
Anapc5,0.11021664668521149,0.2438081007053009,0.2552551428864711
Angptl4,0.6051834776831276,-0.11209576543200916,-0.004537122355454061
Ank,-0.6587796823974301,0.5442399586155886,0.3142377335073739
Ank1,-0.8482985504780987,-0.08896807338262275,-0.16417661263994882
Ank2,-0.7157361507301844,0.048851824679837154,-0.06536817023228259
Ankle2,0.4454029426257556,-0.0006063171508835395,0.06116713101426957
Ankrd11,-0.16062060096198502,-0.16324225895606562,-0.1818209773556035
Ankrd13a,0.4892543828465485,0.10148834070940915,0.15543845106648171
Anp32e,-0.4630443266226263,-0.042548264061425894,-0.10149710750719455
Anxa2,0.46690862978384556,-0.2843478101431794,-0.18434160088641133
Anxa6,0.25689215363062246,-0.3210798610970323,-0.2717232166210821
Ap1b1,-0.21371276613351983,-0.19849547047100158,-0.22164682914236689
Ap1g1,0.24160295416666785,-0.3249177955287073,-0.278780962507344
Ap1s1,0.15020378374478516,-0.17949054865529765,-0.15493432636032017
Ap2a1,-0.3813899206942531,-0.30737081152138324,-0.3342346801851159
Ap2a2,-0.4433867844546846,-0.2007484348833929,-0.23962727699546266
Ap2b1,-0.5285694671824319,-0.2343088132655427,-0.2702108425025974
Ap3b1,0.28192611758808667,0.02839781155481217,0.06604033650716466
Ap3m2,-0.42574540045781384,0.3289118483665113,0.23576232091489066
Ap3s2,-0.725816941585539,0.5077294704519542,0.24534069033196035
Apaf1,0.6495389574466884,-0.5185194888961904,-0.3004583248722912
Apba3,0.32056914920027973,-0.11129141038404981,-0.059990840033225926
Apc,-0.7419462069541065,0.17428783841757894,0.0129392007914801
Apc2,-0.6065275831305084,0.09903146270780046,-0.006049496473938749
Apip,-0.017977410358715896,0.1182541036201126,0.11460434986739516
Apln,-0.5930865286567021,-0.08325363630534661,-0.1485487467489404
Aplp1,-0.734217600631668,0.03506550917095638,-0.07813932945504216
Aplp2,-0.7026311226182231,0.5778530845885865,0.30986865272064035
Apmap,-0.1579323900672238,-0.15203848661379268,-0.1705621922513286
Apobec1,0.523361058573832,0.055462732066108064,0.11930951379156976
Apobec3,0.7458105101153258,-0.5582909554062001,-0.26500155387226126
Apod,0.3924787906351433,0.4347151821164987,0.45035140417099573
App,-0.22446560971256482,-0.04909269353761343,-0.07847541259248321
Appbp2,-0.35904416763155017,-0.008362188059089781,-0.05747021650241811
Appl1,-0.45497969393834253,-0.02113210398289988,-0.08166820239817311
Appl2,-0.4195289127636785,0.5659777892510421,0.4506874873084368
Aqp4,-0.22950600514024216,0.12398592921049027,0.08771769887211185
Araf,-0.7164082034538747,0.4870422209342579,0.23727469503337534
Arap1,0.5336098626101092,0.041145117400528036,0.1083868118247359
Arf2,0.2347144137488421,-0.3931834763971067,-0.3459975899955523
Arfip2,0.029738333023296388,-0.017063024227235664,-0.012771159222759579
Arhgap17,0.06989348326379265,0.19499173549321464,0.20232204873950704
Arhgap31,-0.2836062493973125,0.6213898266898873,0.5508402622658672
Arhgap35,-0.5525953520543606,0.055084144191905764,-0.031087690213296347
Arhgap44,-0.7523630241713064,-0.08261395509510373,-0.15812711616601005
Arhgef1,0.8012548598197767,-0.3827231314583898,-0.11578064084843882
Arhgef11,-0.47127697248783257,0.505103704221889,0.37590898922780497
Arhgef12,-0.6176164530713985,0.7288190019236954,0.48211126065917415
Arhgef15,-0.3907986588259175,-0.10983116246513348,-0.15426216008543808
Arhgef28,-0.6149282421766372,-0.12932460212064445,-0.18619005814233705
Arhgef3,0.02536999031930935,0.088275161108152,0.09091048867780176
Arhgef7,0.6263531384793726,-0.285222285881982,-0.1334250055640935
Arid1a,-0.3291378214273312,0.26869862075538586,0.20568288011391744
Arid1b,-0.1999356852978684,0.2857083147500178,0.24954172954997336
Arid2,-0.1896868812615911,0.2967897561303155,0.26231288877273296
Arid5b,0.19926363257417806,0.08496872746516825,0.11006722751194112
Arnt,0.6023272536074438,0.31595882824035115,0.33322643077279274
Arnt2,-0.8306571664812279,0.38026526401929733,0.0946074031896532
Arrb1,0.4329699672374847,0.0687157695525473,0.12132601261621599
Arrb2,0.7251448888618487,-0.13696124185665823,0.007057745886261873
Arrdc2,0.4144885173360011,-0.010387539596430332,0.04805988865406895
Arrdc3,0.11038465986613406,-0.7182238715784517,-0.6916590968536636
Asap1,-0.5776293160118248,-0.026147095254067842,-0.10116102436975352
Asap2,0.13054624157684347,-0.4108485397571739,-0.3853193170761542
Ascc2,0.4727890911161358,-0.2693461987360635,-0.1695539428390055
Asf1a,-0.1325623997479144,-0.1497407976921192,-0.16535290362099245
Ash1l,-0.4790055788102712,0.2379287250554154,0.14048275145035538
Ash2l,0.25067566593648705,-0.04463566268742302,-0.008065995298584998
Asna1,-0.2607564567918418,0.07047426630275354,0.03125573178201687
Atf2,-0.6597877614829657,0.1569179053864878,0.02537427687679864
Atf4,0.34073073091098915,-0.37483432294221913,-0.30180265742205536
Atf5,-0.19875959303141033,0.1935376028392598,0.16031165655937685
Atf6b,0.555619589310967,-0.2967421623943034,-0.1673694024456387
Atg101,0.3286337818845635,-0.41930565974096096,-0.3466697562704344
Atg13,-0.4862301455899421,0.12152716700284187,0.037809352962117175
Atg3,-0.31788093830551845,-0.5615652683960082,-0.5713413336497707
Atg5,0.08938301225081174,0.0680264375432307,0.07948366200480633
Atg7,0.42003295230644616,0.0812792717011318,0.13124046517072674
Atg9a,-0.12533783296824352,-0.25169426508243653,-0.2646654707348202
Atn1,-0.44842717988236197,0.027847305652096987,-0.037473269824676136
Atp1b2,-0.726993033851997,0.2931600373483375,0.09864040083894571
Atp2a2,-0.4027275946714206,-0.11326119541597146,-0.1584631993034511
Atp2b2,-0.7506828923620806,-0.08786695393397527,-0.16148794754042048
Atp2b4,-0.4000393837766593,0.08345990648387182,0.020333029815183017
Atp5f1,-0.47094094612598747,-0.39752310436484417,-0.41254205120887855
Atp5o,-0.36962899802967264,-0.14011144732187542,-0.18014056166839829
Atp6ap2,0.034442702089128585,-0.2951420703491289,-0.2873510825120905
Atp6v0a1,-0.762107788664816,0.3200662503557741,0.09964865025126883
Atp6v1a,-0.4099521614510915,-0.059906142465120715,-0.11090743535554372
Atp6v1b2,-0.5618360770051024,0.13910401401529376,0.03612893727491197
Atp7a,0.6565955110454367,-0.47946884953514735,-0.26718609426562806
Atraid,-0.10131194809631482,0.10139914853882943,0.08586924161618613
Atrx,0.21337673977167468,0.09553789129234933,0.12199817889109808
Atxn10,-0.3637485366973824,-0.04337464736521055,-0.09040636397164017
Axin2,-0.5426825743799285,0.6030870499617281,0.4264895014126817
Axl,0.3901266061022272,0.2836751464069097,0.3127253593888892
Azi2,-0.14768358603094647,-0.22993127254541335,-0.2456767734694014
B2m,0.38727038202654335,-0.0760584645258074,-0.015795907459728954
B3gnt2,-0.22799388651193897,0.5055434948039663,0.4558967759387729
B4galnt1,0.6471867729137722,-0.36314698883121216,-0.18450964245513182
Babam2,0.26882108947612554,0.020149150720362916,0.05646196709009498
Bace1,-0.5949346736468504,-0.16561393958309298,-0.214253000118664
Bach1,0.4727890911161358,0.1461947242570864,0.1930797624598784
Bad,0.5903983177619407,-0.44100340786294495,-0.270714967208759
Baiap2,-0.24311507279497105,0.31896505762888105,0.27273146603340526
Banp,-0.39869527832927876,-0.01818872786030779,-0.07175374984366238
Bap1,-0.685157751802275,0.08545867824019839,-0.03327223060666312
Bax,0.5510832334260574,-0.14647127056869297,-0.04469905727965853
Baz1b,0.04704369065832197,-0.047695560665698286,-0.040666059630366035
Bbs9,-0.5515872729688251,0.5213174811559986,0.3542316268628578
Bcam,-0.4721170383924455,0.45795202711216115,0.33440272175383634
Bcar1,0.2335383214823841,-0.003059700615959867,0.029407274526091137
Bcl2a1a,0.7286731656612229,-0.16741609665089127,-0.01260311765403906
Bcl2l1,0.20732826525846182,0.1764079502130172,0.1996333836399787
Bcl2l11,0.4674126693266133,0.11068012798929334,0.161655989109141
Bcl2l2,-0.6169444003477081,0.06459806843587325,-0.035120687862588845
Bcl6,0.30007154112772516,-0.2032015070526838,-0.15039720400486611
Bcl7b,-0.4195289127636785,0.5439208918676582,0.43085858219941525
Bcl7c,-0.0030242372566064127,-0.01179380230425094,-0.012098992947877498
Bclaf1,0.19019092080435884,-0.2633615652790054,-0.2297128244409519
Bcr,0.4848860401425615,-0.6956753547887283,-0.5353804379435793
Bdh1,-0.7745407640530867,0.18256021607442716,0.007057745886261873
Becn1,0.014449133559341748,-0.4296539493983022,-0.42346475317571236
Bex3,-0.5984629504462246,-0.23161951013201154,-0.2666819695594665
Bhlhe40,0.07207765461578616,-0.3486481390166625,-0.33440272175383634
Bicd2,-0.35131556130911157,0.28627640867935866,0.2167736236494718
Bin1,-0.4269214927242719,0.0544076633144257,-0.01041857726067229
Birc3,0.7458105101153258,-0.30205181593441865,-0.09595173573941737
Blmh,0.15104384964939804,-0.42422967045217247,-0.39439356178706225
Bmi1,-0.33585834866423436,0.19723508398377562,0.137458003213386
Bmp1,0.6643241173678753,-0.5029830202779457,-0.28029333662582867
Bmp6,-0.5579717738438831,0.7440506458414841,0.5342041469625356
Bmpr2,0.38290203932255634,-0.403659337111638,-0.3162542323320201
Borcs8,0.4390184417506976,0.22984276892395097,0.26533763700970237
Braf,-0.506223714119729,-0.014295623519999323,-0.08234036867305519
Brd2,0.3032637915652542,-0.08689791026357706,-0.03999389335548395
Brd4,-0.022513766243625513,0.023177202381859045,0.019828905109021452
Brd7,-0.020497608072554574,0.20550570446962824,0.20064163305230182
Brd8,0.30729610790739603,0.2069515090499067,0.23761077817081638
Brpf1,0.7024631094373006,-0.030545655293828307,0.07578674749295489
Brsk2,-0.861739604951905,-0.09416594859091187,-0.16669723617075663
Btrc,-0.49513484417883874,0.42031940756810243,0.2930644958485883
C1qtnf5,0.5734289864887603,-0.1008111421645271,-0.0023525819620872908
C3,0.5147923863467805,0.0323782537723306,0.09880844240766622
C3ar1,0.49681497598806457,0.30019458336584326,0.3268408511614129
C4b,0.2755416167130287,0.5153823337658463,0.5288268167634789
Cabp1,-0.7837814890038286,-0.10377719620145233,-0.17241064950725432
Cadm1,-0.45548373348111026,0.613819097333535,0.4780782630098817
Calcrl,0.5356260207811802,0.26149613814104383,0.2928964542798677
Calu,0.39163872473053046,-0.37229759420366765,-0.28499850055000325
Camk1d,-0.7545471955232999,0.3423476461166583,0.11796518124180558
Camk2b,-0.7737006981484739,0.047633059400790385,-0.07729912161143956
Camk2d,-0.10786446215229538,-0.04336375448328,-0.05763825807113863
Camk2g,-0.5742690523933732,0.4284996658746491,0.26785826054051015
Camsap1,-0.4049117660234141,0.31654992080358924,0.2305530322845545
Camsap2,-0.5635162088143282,0.3614075282735964,0.21761383149307442
Camta2,-0.28847863164406723,-0.028384395774085542,-0.06688054435076728
Canx,-0.22480163607441,-0.2458206616546741,-0.26836238524667166
Capn1,0.7683242763589514,0.024542003518930544,0.12199817889109808
Capn2,-0.10366413262923091,0.05484054413693016,0.039657810218042905
Caprin1,0.17204549726472038,-0.39303763595425684,-0.3596089570619145
Car2,-0.5287374803633544,0.047558162706315465,-0.03327223060666312
Car4,-0.7001109249043845,0.6005415438825364,0.32768105900501554
Carm1,0.1691892731890365,0.01816575131534237,0.041170184336527596
Caskin1,-0.8036070443526928,0.32772058643336094,0.08183624396689362
Casp12,0.330817953236557,0.4078378426933521,0.4269936261188433
Casp8,0.6970866876477781,-0.615227347749539,-0.3402841766590546
Cat,-0.32762570279902803,0.4110990538899375,0.3392759272467315
Cav1,-0.5433546271036188,0.5517693356045371,0.38347085982022844
Cav2,-0.6660042491771011,0.5757315757660788,0.3330583892040722
Cavin1,-0.13407451837621762,0.6447484776416179,0.6141919336735036
Cbl,0.6228248616799984,-0.32346841603408744,-0.16434465420866934
Cbx3,-0.036794886622044685,0.08614168878759317,0.08015582827968842
Cbx5,-0.5393223107614769,0.3039791064404985,0.17879622911863413
Cbx7,-0.42776155862888476,0.7384222741467105,0.6017568575881849
Ccar2,0.4181848073162978,-0.14509512421316537,-0.07259395768726498
Ccl5,0.46270830026078114,-0.2858487564878869,-0.18686222441721914
Ccn1,0.3662687344112211,-0.1839830937818799,-0.11880538908540819
Ccn2,0.43448208586578796,-0.07727614504764921,-0.008738161573467082
Ccnd1,0.4764853810964325,-0.47087367092013843,-0.34398109117090603
Ccnd2,-0.6159363212621727,-0.17019755515343565,-0.218117956199236
Ccnd3,0.018985489444251366,-0.26757095650623736,-0.26231288877273296
Ccnt1,0.10719240942860506,-0.018324150855992524,-0.0031927898056898947
Ccp110,-0.2679810235715127,-0.04774086214512443,-0.08267645181049622
Ccser2,-0.37114111665797583,-0.10032246798542467,-0.14367554125604526
Cct3,0.18582257810037178,-0.5142907536774414,-0.47471743163547125
Cct5,0.12365770115901775,-0.6624063485812284,-0.6338527972138044
Cct7,0.0304103857469867,-0.4018250586322737,-0.3935533539434597
Cct8,0.10164797445815997,-0.5930071511966708,-0.570165042668727
Cd14,0.4869021983136324,-0.5393460376542321,-0.3990987257112369
Cd151,-0.12399372752086292,0.338612803818799,0.31558206605713807
Cd200,0.6105598994726501,-0.5676187368267952,-0.3606172064742376
Cd2ap,-0.3504754954044987,0.1481851641059837,0.0888939898531555
Cd2bp2,0.501015305511129,-0.04275031985215204,0.032768105900501554
Cd300lf,0.7305213106513713,-0.7042280746714565,-0.3750687813842024
Cd34,0.16515695684689466,-0.3749031389862659,-0.343308924896024
Cd38,0.8575392754288405,-0.14347311547561759,0.045707306691981656
Cd47,0.05141203336230901,-0.5621026293245549,-0.5488237634412209
Cd53,0.6977587403714685,-0.17202600172041488,-0.02537427687679864
Cd55,0.46959684067860685,-0.5306546003989464,-0.39893068414251637
Cd68,0.4716129988496778,0.3284993195191422,0.3522151280382116
Cd74,0.37114111665797583,-0.06340259474400525,-0.006889704317541352
Cd81,-0.5877101068671795,0.29958791559034037,0.15863124087217162
Cd82,0.7016230435326878,-0.06273064545238852,0.052933094146964045
Cd83,0.07577394459608289,0.18625290234092906,0.19442409500964256
Cd84,0.5593158792912637,0.15922506691758506,0.20820350364472523
Cd9,0.6695325259764753,-0.07789100181744114,0.035456771000029884
Cd93,0.7379138906119647,-0.08330622405671864,0.04654751453558426
Cdc16,-0.048891835648470335,0.2570820123846665,0.24752523072532712
Cdc23,-0.04183528204972204,0.20047834937962755,0.1925756377537168
Cdc27,0.04166726886879946,-0.05508303674632841,-0.04873205492895103
Cdc37,-0.00436834270398704,0.4030904792165419,0.3985946010050753
Cdc42bpb,0.3089762397166218,-0.10057285933449657,-0.05192484473464093
Cdc42ep4,0.13961895334666272,-0.18748152583910085,-0.16451269577738986
Cdc73,-0.2330342819396163,0.3505538800766698,0.30533153036518623
Cdh2,-0.3306499400556344,0.29316510033232773,0.22820045032246725
Cdh5,0.16818119410350105,0.3061061849421196,0.32213568723723834
Cdipt,0.4953028573597614,-0.29616981955464294,-0.18619005814233705
Cdk5r2,-0.8743405935210983,-0.2773144262697664,-0.2544149350428685
Cdk5rap2,0.1920390657945072,-0.18315212724310226,-0.15140545341718922
Cdk9,0.7483307078291646,-0.21025077924811322,-0.03444852158770676
Cdkn1b,-0.29973551476588,0.22536162184086814,0.1714024000949312
Cdkn2d,0.1186173057313404,-0.4714336027519202,-0.4471586143653058
Ceacam1,-0.2400908355383646,-0.0141692311829395,-0.0468835976730253
Cebpg,0.38071786797056284,0.0035099929137879845,0.05595784238393342
Celsr2,-0.7179203220821778,0.05481072567064652,-0.06167125572043113
Cemip2,0.6013191745219084,-0.2849321991854195,-0.14216316713756058
Cep250,-0.2563881140878548,0.3943404848612899,0.3419645923462598
Cers2,0.4173447414116849,-0.0831011813273535,-0.0169721984407726
Cers4,-0.2983914093184994,0.2760870416142686,0.21963033031772067
Cetn3,0.02604204304299966,-0.16200717454127828,-0.1567827836162459
Cfap36,-0.5445307193700768,-0.02894469453814617,-0.09948060868254831
Cfb,0.6703725918810881,-0.5059678629279949,-0.2789490040760645
Cflar,0.21102455523875857,0.014065219674822101,0.0428506000237328
Ch25h,0.5734289864887603,-0.4524875828249286,-0.28768716564953156
Chchd3,-0.16566099638966236,0.25560056654590707,0.2266880762039825
Chd1,0.4926146464650001,-0.45938808317664104,-0.32768105900501554
Chd4,0.4136484514313882,-0.29707692759113663,-0.21055608560681255
Chd7,0.5885501727717924,-0.41350338343383675,-0.24954172954997336
Chil1,0.6799493431936751,-0.48584365490085674,-0.2586159742608815
Chka,0.09459142085941168,0.39849617306388524,0.4059884300287782
Chmp3,-0.3412347704537569,0.45657385383389465,0.3777574464837307
Chtop,-0.10668836988583734,0.2663798376979719,0.24752523072532712
Cic,0.31334458242060886,-0.08600167746822723,-0.037473269824676136
Cisd2,-0.21589693748551336,-0.16891206411742657,-0.1932478040285989
Cit,-0.7906700294216543,-0.02110581265603998,-0.12233426202853914
Ckb,-0.7760528826813899,0.3451286723981474,0.10805072868729487
Clcn4,-0.42960970361903317,0.49665705524185433,0.3846471508012721
Clcn7,0.6189605585187791,0.16196405354965407,0.21173237658785618
Cldn11,-0.4428827449119169,-0.31432132007550934,-0.3404522182277751
Clec14a,0.26949314219981585,0.3976447554396217,0.41657504885817104
Clic4,0.1623007327712108,-0.22075993234246144,-0.1932478040285989
Clic5,-0.7463145496580935,0.5563213123493981,0.26332113818505604
Clk1,-0.017137344454103004,0.17345789125426314,0.16938590127028497
Cln6,0.733377534727055,-0.28743249810754584,-0.09191873809012487
Clock,-0.5589798529294187,-0.08516114337122273,-0.14737245576789673
Cltb,-0.5132802677184772,-0.11543045896465466,-0.16921785970156444
Cltc,-0.27436552444657064,0.40904245009062506,0.3515429617633295
Cmip,0.334010203674086,-0.449926040884641,-0.3737244488344383
Cmklr1,0.6923823185819459,-0.08414484306713733,0.03579285413747093
Cmtm6,0.42675347954334936,-0.4628261313606027,-0.35540791784390147
Cnp,-0.6833096068121266,-0.249281309030608,-0.274916006426772
Cnppd1,0.6881819890588815,0.1322852301629055,0.19039109736035006
Cntn1,-0.6040073854166697,0.3861934253904845,0.22114270443620537
Cntn2,-0.6844856990785847,-0.20427994720502604,-0.24231594209499097
Cntnap1,-0.8523308668202406,-0.029627232790046674,-0.1334250055640935
Col15a1,0.357532049003247,0.1555683375691916,0.19341584559731942
Col18a1,0.42238513683936224,-0.005470429768446581,0.053605260421846136
Col1a1,-0.3425788759011375,0.36761148422004,0.29457686996707294
Col1a2,0.22463362289348743,0.11802515735527472,0.14501987380580944
Col4a1,0.466740616602923,-0.6208108832480322,-0.47908651242220474
Col4a2,0.4937907387314581,-0.6771046550565093,-0.5147113249909552
Col4a3bp,-0.5169765576987739,0.49004500221899816,0.34381304960218556
Col6a2,-0.0772860632243861,0.3459413883584798,0.3308738488107055
Commd1,0.2859584339302286,0.13550426313707625,0.1682096102892413
Comt,0.1935511844228104,0.49193930891346815,0.5047968724364444
Copg1,-0.28192611758808667,0.049240000872675986,0.007729912161143956
Cops2,0.28612644711115115,-0.05044838774696496,-0.00823403686730552
Cops8,-0.5433546271036188,0.0507217600881317,-0.0331041890379426
Cops9,-0.6110639390154179,0.055040173118655625,-0.041506267473968635
Coro1c,0.8259527974153957,-0.11134454484508874,0.05226092787208196
Coro2b,-0.6821335145456686,0.10288060392999641,-0.019996946677741975
Cpeb2,-0.5107600700046385,0.07442192170207781,-0.007393829023702915
Cpeb4,-0.21824912201842941,0.024155479861436135,-0.006889704317541352
Cpsf6,0.30864021335477665,-0.03807653577632741,0.006889704317541352
Cpt1a,0.10467221171476639,0.5278325122772015,0.5343721885312561
Cpt2,0.4645564452509295,0.05729290421909605,0.11460434986739516
Cr1l,0.5368021130476383,-0.5996181484345777,-0.4266575429814023
Crbn,-0.30292776520340897,0.3610256101800569,0.29877790918508595
Creb1,0.0023521845329160986,0.3816165778661775,0.3782615711898923
Crebbp,-0.4238972554676655,0.2794151427027273,0.19190347147883474
Crebrf,-0.33451424321685375,0.5309287901059992,0.44917511318995207
Crk,0.17103741817918489,-0.5261192087027703,-0.48967313125159756
Crlf2,0.7204405197960164,-0.5394681844516452,-0.270714967208759
Cry2,-0.5011833186920516,0.4212203333668033,0.2915521217301036
Cryab,-0.5068957668434193,0.4212174746665035,0.2893675813367368
Cs,-0.14869166511648194,-0.17628923206968214,-0.1932478040285989
Csde1,0.092071223145573,-0.01838724494426651,-0.005377330199056666
Csf1,0.17506973452132676,-0.11776481900478314,-0.09057440554036071
Csf1r,0.29654326432835104,-0.05889320371487157,-0.014619616478685309
Csf2rb,0.6307214811833596,-0.5838024035646996,-0.3612893727491197
Csf2rb2,0.619800624423392,-0.3416165788031233,-0.17963643696223672
Csk,0.28747055255853177,-0.22817575484191993,-0.17661168872526734
Csnk1a1,0.03612283389835437,0.04893638312777604,0.053437218853125606
Csnk1d,0.4753092888299745,-0.47671031647314394,-0.3495264629386832
Csnk1e,-0.08182241910929572,0.3686658262319463,0.35255121117565263
Csnk2a1,-0.4677486956884585,0.10628051677269149,0.02823098354504749
Csnk2a2,0.47766147336289055,-0.2732464400829533,-0.1715704416636517
Cspg5,-0.562004090186025,0.14653663530887165,0.04217843374885072
Ctbp1,-0.40390368693787865,0.010013433589815266,-0.0468835976730253
Ctbp2,-0.19808754030772002,0.22630534258552237,0.1922395546162758
Ctcf,-0.2948631325191252,0.47697645982446385,0.4105255523842323
Ctdsp1,-0.25958036452538374,0.5263992079998052,0.4674916441804889
Ctnna1,0.2600844040681515,-0.16015922677493777,-0.11712497339820298
Ctnnb1,-0.543690653465464,0.7219926923261933,0.5247938191141864
Ctnnbip1,-0.27218135309457714,0.1557729842333577,0.11073939378682321
Ctnnd1,0.016969331273180427,0.07772530946430779,0.07931562043608581
Ctps,0.5223529794882965,-0.5043472363994326,-0.35355946058797577
Ctr9,-0.4225531500202849,0.03114493050972431,-0.030583565507134786
Ctsl,0.6896941076871846,0.2557469912609705,0.2789490040760645
Ctss,0.5917424232093214,-0.01933191657013002,0.06654446121332624
Cttn,0.42204911047751714,-0.4179268536105726,-0.31675835703818167
Cttnbp2,-0.1717094709028752,0.2773962862569569,0.24685306445044503
Cul1,-0.3146886878679895,0.0032955785118518,-0.04049801806164551
Cul3,-0.40020739695758195,-0.04815074475113346,-0.09914452554510726
Cul4a,0.3425788759011375,0.3349473550417579,0.3591048323557529
Cux1,-0.04049117660234141,-0.1298451706841272,-0.1340971718389756
Cx3cr1,0.18901482853790078,0.2884203564325487,0.3066758629149504
Cxcl12,-0.6150962553575597,0.42182016709877385,0.24416439935091672
Cxcl14,-0.4242332818295107,0.21243545211118509,0.1317445898768883
Cxcl16,0.48774226421824535,0.031661041317079454,0.09494348632709425
Cxxc1,0.5305856253535028,-0.04532559334154762,0.035456771000029884
Cxxc5,-0.6387861138676434,0.2828670238984451,0.1270394259527137
Cyb561,0.36173237852631146,-0.41336782574867315,-0.3315460150855875
Cyb5a,0.2271538206073261,-0.13629678899735664,-0.09998473338870986
Cyb5r3,0.38458217113178217,0.33122367656149404,0.35608008411878356
Cybb,0.5667084592518572,-0.11928167983714541,-0.018820655696698326
Cybc1,0.4818618028859551,-0.3133614769476093,-0.20517875540775588
Cyfip1,-0.15356404736323673,0.13902027731187735,0.1147723914361157
Cyfip2,-0.7812612912899899,-0.19569408838797897,-0.22920869973479033
Cyld,-0.0787981818526893,-0.12817217260733998,-0.137458003213386
Daam2,-0.5381462184950189,0.10360796877335171,0.011930951379156975
Dab2,0.18867880217605562,-0.1521424891019533,-0.12183013732237757
Dach1,-0.2535318900121709,0.16979873326328976,0.1275435506588753
Dag1,-0.10719240942860506,0.70250419463472,0.6768714388062578
Daglb,0.5954387131896182,0.38546167437496015,0.38918427315672616
Dapk1,-0.09475943404033427,0.14898939063659478,0.13376108870153455
Dbn1,0.2926789611671317,-0.572144034223511,-0.5012679994933135
Dbnl,0.46976485385952943,-0.6864217091291871,-0.5350443548061382
Dbp,-0.6977587403714685,0.7831504754531224,0.4589215241757422
Dbx2,-0.7034711885228361,0.03341302238318511,-0.07393829023702915
Dcaf7,-0.6589476955783528,0.20059581401506435,0.05814238277730019
Dctn1,-0.46892478795491654,-0.14819434018005118,-0.19459213657836308
Dctn2,0.3151927274107572,0.07279456404969123,0.11208372633658735
Dctn4,-0.14096305879404333,-0.07606026883935496,-0.09410327848349163
Ddah1,-0.49412676509330333,0.20343769708091167,0.1067063961375307
Ddb1,0.5883821595908698,-0.28414678144334815,-0.14602812321813258
Ddit3,-0.5835097773441151,0.3656489701212836,0.21324475070634086
Ddit4,0.5332738362482641,0.08892800555064395,0.14838070518021987
Ddr1,-0.10820048851414053,0.44892239280442325,0.4269936261188433
Ddx21,0.31888901739105396,-0.5195101126601602,-0.4434616998534544
Ddx42,-0.3246014655424216,-0.2156990336919464,-0.24702110601916555
Ddx56,0.09711161857325036,-0.19623689421829005,-0.17997252009967776
Ddx58,0.06955745690194749,-0.49501961407453915,-0.47942259555964584
Ddx6,0.04637163793463166,-0.27011713967731343,-0.26080051465424825
Decr1,-0.14566742785987555,0.3747586269191366,0.34700583940787544
Def6,0.35551589083217605,-0.05829071927059962,-0.0047051639241745815
Dek,0.08064632684283768,-0.2271725823315464,-0.21307670913762036
Des,-0.15709232416261087,0.3921602195594384,0.3617934974552813
Dgcr2,-0.29116684253882846,-0.06011807532706014,-0.09729606828918154
Diaph1,0.5969508318179213,-0.31071540801677633,-0.16417661263994882
Dicer1,0.038811044793115625,0.05196110632266413,0.05679805022753602
Dip2a,-0.5737650128506055,0.34867480018318225,0.20333029815183015
Disp2,-0.5604919715577218,-0.13110993663600082,-0.1851818087300139
Dixdc1,-0.5322657571627286,0.7816309379625975,0.5815918693417225
Dkk3,-0.1453314014980304,-0.10533195724905216,-0.12334251144086227
Dlg1,-0.7271610470329196,0.3639624220166249,0.14670028949301467
Dlg4,-0.884085358014608,0.06966033430868415,-0.09023832240291967
Dlg5,0.167005101837043,0.06854830905972198,0.09007028083419914
Dlgap4,-0.03158647801344475,0.32747861508607107,0.3197831052751511
Dll4,-0.16414887776135917,0.42492342649255904,0.39237706296241603
Dmd,-0.4022235551286529,0.4658468961264075,0.3666667029481763
Dnajb1,-0.02536999031930935,-0.016308641768663815,-0.019660863540300933
Dnajb6,-0.14549941467895297,-0.09021858445271329,-0.10855485339345643
Dnajc5,-0.13021021521499831,-0.22703619125238117,-0.24097160954522678
Dnajc7,-0.4148245436978462,0.2817682408331527,0.1964405938342888
Dner,-0.9007186629259432,0.2459103355658895,-0.01898869726541885
Dnm1,-0.7565633536943709,0.05078661250667918,-0.07192179141238289
Dnm1l,-0.49278265964592266,-0.2074268304700744,-0.24702110601916555
Dnm2,0.5771252764690571,-0.05626324556043772,0.03444852158770676
Dnmt1,0.37954177570410474,-0.3790714035060854,-0.29474491153579346
Dnmt3a,0.11273684439905016,0.2916787866167716,0.302642865265658
Dnttip1,0.5023594109585097,-0.2965440014074986,-0.18434160088641133
Dock2,0.5816616323539666,-0.29944537666532156,-0.16064773969681787
Dock8,0.5924144759330118,-0.06137265798205387,0.0331041890379426
Dpf2,-0.18733469672867498,0.07366190465353405,0.045707306691981656
Dpm1,0.19959965893602322,-0.20615893023492485,-0.17241064950725432
Dpp9,0.3032637915652542,-0.18714756205069508,-0.13460129654513714
Dpy30,-0.44893121942512965,-0.28633092092678875,-0.31558206605713807
Dpysl2,-0.6915422526773329,0.04066650767691493,-0.06671250278204675
Dpysl3,0.4215450709347494,-0.34420464261154027,-0.250718020531017
Drosha,-0.5431866139226962,0.19922382008562084,0.09040636397164017
Dst,-0.365092642144763,0.10096954741902196,0.042514516886291764
Dtnbp1,-0.2405948750811324,-0.04556470443727112,-0.07713108004271904
Dusp1,0.45783591801402634,-0.15639657580703292,-0.0742743733744702
Dusp3,-0.5576357474820379,0.20251424751838115,0.08923007299059654
Dusp6,0.41432050415507854,-0.1367618687736718,-0.06587229493844415
Dusp7,-0.4904304751130065,0.6425744073282641,0.4866483830146282
Dvl1,0.0935833417738762,0.3111713216711109,0.3197831052751511
Dvl3,0.3444270208912859,-0.2409131099443756,-0.17627560558782632
Dync1h1,-0.6797813300127525,0.2680052540847403,0.10048885809487143
Dync1i2,-0.3012476333941832,0.16430538182118087,0.11342805888635153
Dync1li1,0.2849503548446931,-0.24090499923304948,-0.1892148063793064
Dyrk1a,-0.4082720296418657,0.11405051475682612,0.04654751453558426
E2f4,0.3195610701147443,-0.5779302088341483,-0.4980752096876236
Ece1,0.21001647615322308,-0.2862056468801739,-0.24802935543148869
Echdc1,-0.6900301340490298,-0.05934073370055512,-0.1381301694882681
Echs1,0.0008400659046128923,0.2082468067105176,0.20635504638879953
Ecpas,-0.12483379342547582,0.08138891746465704,0.06267950513275425
Ecscr,0.5621721033669476,-0.34805982273759895,-0.20719525423240215
Edc4,-0.20951243661045538,0.10164052652502654,0.06940116788157508
Edil3,-0.7125439002926554,-0.08768052031302849,-0.15963949028449476
Edn1,0.5772932896499796,-0.5803760245937768,-0.3893523147254466
Ednrb,-0.595102686827773,0.18550542249776694,0.06520012866356206
Eea1,-0.16952529955088166,0.05987377144314918,0.03495264629386833
Eed,0.48404597423794854,-0.3575774275190006,-0.24282006680115253
Eepd1,-0.22732183378824866,0.2915736859219112,0.2497097711186939
Efcab14,-0.4672446561456908,0.31458876905001965,0.21072412717553304
Efna1,-0.09123115724096012,0.3777871000666131,0.3599450401993555
Efnb3,-0.6461786938282368,0.17691157573973873,0.04419493257349697
Egfl7,0.5016873582348194,-0.08779615716350626,-0.005713413336497707
Egln1,-0.6480268388183852,0.5253843592258556,0.30650782134622995
Egln2,0.029738333023296388,-0.06697034854246296,-0.062175380426592694
Ehd4,0.5814936191730441,-0.18132485644563046,-0.06553621180100311
Ehmt2,0.3368664277497698,0.3053272773237384,0.331377973516867
Eif2a,-0.2669729444859772,0.08453003187957255,0.0436908078673354
Eif2ak2,-0.02536999031930935,-0.4844304821892025,-0.4831195100714973
Eif2ak3,0.3069600815455509,0.004089108591814768,0.04637947296686374
Eif2b1,-0.032930583460825384,-0.25564808472702655,-0.2576077248485584
Eif3i,0.39214276427329814,-0.43609689558365217,-0.34297284175858295
Eif4a3,0.02738614849038029,-0.3776029119422739,-0.3700275343225868
Eif4ebp2,0.19556734259388134,0.2745408788473552,0.2937366621234703
Eif4enif1,-0.2740294980847255,0.14995169332085406,0.10485793888160498
Eif4g1,0.5006792791492839,-0.3404344267040655,-0.2224870369859695
Eif4g3,0.5146243731658579,-0.5779042987975569,-0.4194317555264199
Elavl1,0.10484022489568896,-0.2560007620238061,-0.23761077817081638
Elavl3,-0.7795811594807641,-0.04098951189854163,-0.1334250055640935
Elf2,0.2898227370914479,0.14964145144288493,0.181989018924324
Elmo1,-0.08299851137575376,0.28271270326685455,0.2675221774030691
Eln,0.05578037606629605,-0.12405559320629483,-0.11494043300483622
Elob,0.17338960271210097,-0.36041573406712374,-0.327513017436295
Elovl1,0.3222492810095055,-0.34891951866118986,-0.28247787701919547
Elp2,-0.20816833116307473,-0.0847235428922768,-0.11090743535554372
Emc1,-0.14885967829740454,0.24429594016394032,0.21862208090539756
Emc10,0.034442702089128585,-0.04454906467005425,-0.039321727080601866
Emc2,-0.5856939486961086,-0.008194006864868299,-0.08771769887211185
Emc3,0.2772217485222545,-0.13519516808805737,-0.09023832240291967
Emc4,-0.4343140726848654,0.034106045985379675,-0.029743357663532182
Emc6,0.01528919946395464,-0.18337598656058215,-0.17946839539351622
Emd,0.24378712551866136,-0.018892333124811745,0.015627865891008435
Emilin1,0.49513484417883874,-0.454301193590552,-0.32230372880595887
Emsy,-0.42288917638213,0.5204727613506929,0.40850905355958606
Enah,-0.6833096068121266,0.19203538098870138,0.04419493257349697
Eng,0.3346822563977763,-0.06624810456396146,-0.015459824322287912
Eno1,-0.027890188033148026,-0.31453632804641257,-0.315245982919697
Eno2,-0.7059913862366748,-0.029939807874300832,-0.11880538908540819
Entpd1,0.6698685523383203,-0.28686108771854807,-0.11813322281052613
Ep300,-0.20800031798215213,0.04882878641631057,0.018484572559257288
Ep400,-0.1453314014980304,0.20576635711535618,0.18148489421816244
Epas1,-0.04956388837216065,0.3259887066810121,0.31558206605713807
Epb41,-0.0023521845329160986,-0.2231371441337864,-0.22131074600492587
Epb41l1,-0.8590513940571438,-0.1142855489227176,-0.1769477718627084
Epb41l3,-0.8037750575336154,-0.13528719158979488,-0.19106326363523216
Epc1,-0.17355761589302357,0.35717687240768514,0.32432022763060514
Epc2,-0.2160649506664359,0.39920104862926686,0.35608008411878356
Epha4,-0.2646207599530611,0.5157370623118475,0.4558967759387729
Ephb4,0.018145423539638474,0.4171434065357926,0.4155667994458479
Eps15,-0.6618039196540366,0.1882207975636781,0.04805988865406895
Eps15l1,0.059140639684747615,0.5082673115826339,0.5106783273416627
Erbin,-0.25840427225892565,0.2172764675530589,0.1720745663698133
Erg,0.3573640358223244,0.029318961926473035,0.07662695533655749
Ermn,-0.7471546155627065,-0.14935167100440702,-0.20181792403334545
Ern1,0.46758068250753587,-0.06631682957905406,0.0067216627488208315
Ero1l,0.027722174852225445,-0.5241416113203664,-0.5150474081283962
Erp44,0.3158647801344476,-0.37222445720044695,-0.3060036966400684
Esam,0.3691249584869049,0.27708530249237684,0.30617173820878885
Esd,0.3813899206942531,-0.2686141373361597,-0.1930797624598784
Ess2,0.2269858074264035,0.4611515290723732,0.4762298057539559
Esyt2,-0.4509473775962006,0.6263501064971264,0.49118550537008226
Etnk1,-0.548058996169451,0.12817141895317352,0.03024748236969374
Etnppl,-0.4255773872768912,0.4764238623858843,0.3680110354979405
Ets1,0.3363623882070021,-0.41445984481168097,-0.33994809352161354
Ets2,-0.40877606918463344,0.05261619858112344,-0.009074244710908123
Etv5,-0.5070637800243418,-0.19272202770616795,-0.23475407150256752
Etv6,0.579141434640128,-0.5724676475196482,-0.38195848570174373
Evl,0.31636881967721525,-0.2825745053133898,-0.22164682914236689
Ewsr1,0.3230893469141184,0.07236976633293832,0.11258785104274893
Exoc4,-0.1871666835477524,0.28108452820725816,0.24752523072532712
Ext1,0.569564683327541,-0.3688069347468259,-0.22131074600492587
Ext2,0.6512190892559141,0.0069583832878180344,0.0954476110332558
Ezh1,-0.47463723610628417,0.5550595895064648,0.4180874229766557
F11r,0.6505470365322238,0.17799101267846212,0.2239994111044542
F13a1,0.1928791316991201,-0.4497797854990098,-0.41035751081551175
Fabp7,-0.13239438656699185,0.25012621040642885,0.22719220091014408
Fadd,0.3284657687036409,-0.16344009303794726,-0.10737856241241278
Fam107a,-0.1132408839418179,-0.10650321275063061,-0.12048580477261339
Fam129a,0.5645242878998636,-0.1493243993635958,-0.043858849436055926
Fam13b,-0.47094094612598747,0.09083437082019251,0.014115491772523745
Fam20c,0.21505687158090042,0.32849644896773184,0.347509964114037
Fam49b,0.563180182452483,-0.499648191718145,-0.3308738488107055
Fam92a,-0.5102560304618708,0.05576835863980909,-0.02318973648343187
Far2,-0.4499392985106652,0.2682628943184015,0.17493127303806214
Fas,0.2249696492553326,-0.2828879189510405,-0.2418118173888294
Fasn,-0.7473226287436291,-0.4256597067651301,-0.38363890138894896
Fat1,-0.5152964258895482,0.6444140857428517,0.4755576394790738
Fat4,-0.35131556130911157,0.35604989662685693,0.28146962760687233
Fbh1,0.30628802882186057,0.45158024657195023,0.4681638104553709
Fbln1,-0.34207483635836977,0.48501638579296724,0.403971931204132
Fbn1,0.38995859292130464,-0.5311436987803863,-0.4303544574932537
Fbxl17,-0.2631086413247579,0.18641146675735684,0.14165904243139904
Fbxl19,0.3516515876709567,-0.4873761777174807,-0.4031317233605294
Fbxl20,-0.15591623189615283,0.40944108609377017,0.3789337374647744
Fbxl3,-0.5284014540015093,0.3330870708571373,0.2068591710949611
Fbxo11,-0.2600844040681515,0.11833664093521348,0.07713108004271904
Fbxo2,-0.7454744837534807,0.09510234359033307,-0.04049801806164551
Fbxo21,-0.6391221402294885,0.2806040071217284,0.12519096869678797
Fbxo3,-0.4457389689876007,0.25636125961492423,0.16552094518971297
Fbxo31,-0.6320655866307402,-0.11559325465239252,-0.17627560558782632
Fbxo33,-0.6142561894529469,0.2755343009964142,0.1302322157584036
Fbxw11,-0.282598170311777,0.04704861306155356,0.005545371767777186
Fbxw7,-0.48202981606687767,0.05449551680190209,-0.019492821971580414
Fcgr1,0.742954286039642,-0.42448618019588163,-0.17846014598119309
Fcgr2b,0.7987346621059381,-0.06838430381043456,0.06990529258773666
Fcgr3,0.8029349916290025,-0.2544756452191717,-0.03898564394316083
Fcgr4,0.6670123282626366,-0.5269697457113066,-0.2964253272229987
Fcgrt,-0.40155150240496257,0.6240007239997769,0.5103422442042216
Fdx1,0.003192250437528991,-0.0851161690513436,-0.08385274279153988
Fermt3,0.8545150381722342,-0.2644274757462199,-0.017644364715654684
Fgf1,-0.7651320259214224,0.3348870148978467,0.1075466039811333
Fgf12,-0.8183922042738797,-0.04260711944818656,-0.13762604478210652
Fgfr1,-0.2656288390385966,0.22035081356928335,0.17358694048829798
Fgfr2,-0.7389219696975001,0.5724451934950104,0.27962117035094664
Fgfr3,-0.64769081245654,0.4649959375674879,0.26113659779168935
Fh1,-0.6638200778251075,-0.14786165071237242,-0.20148184089590443
Fhod1,0.7051513203320618,-0.11662104250662875,0.015795907459728954
Fkbp5,0.4511153907771232,-0.24904302716836182,-0.1576229914598485
Fli1,0.5917424232093214,0.11516804766663419,0.17392302362573903
Flna,0.676421066394301,-0.17063155761843302,-0.0307516070758553
Flnb,0.32678563689441514,-0.3162335355406406,-0.250718020531017
Flot1,0.09375135495479879,0.017163747263318034,0.029911399232252698
Flot2,-0.16347682503766886,0.04330292667518481,0.019660863540300933
Flt1,-0.5537714443208187,0.6165319143799584,0.4316987900430179
Flt4,0.06619719328349592,-0.16997833474052326,-0.15879928244089214
Fmc1,-0.71741628253941,0.2767992084316924,0.09158265495268383
Fmod,-0.5898942782191731,0.7798683731628957,0.5419340591236795
Fmr1,-0.6292093625550563,-0.2336490909600869,-0.26701805269690754
Fn1,0.6164403608049404,-0.495888517891838,-0.3012985327158938
Fosl2,0.571580841498612,-0.60530997821595,-0.41271009277759907
Foxc1,-0.4721170383924455,0.5871058784673743,0.4471586143653058
Foxj2,-0.31351259560153144,0.15786337095424371,0.10502598045032549
Foxo1,0.0913991704218827,0.45846211033878287,0.4648029790809605
Foxo3,-0.26025241724907405,0.40569062292338914,0.35187904490077054
Foxp1,-0.07930222139545703,0.518876046807643,0.5012679994933135
Foxp4,0.6705406050620106,-0.33388040925083545,-0.15241370282951236
Frmd4a,0.734217600631668,-0.22550845943648878,-0.04990834590999468
Frs2,-0.6329056525353531,0.32167441801824936,0.15896732400961266
Fryl,0.07157361507301843,0.3068845303613441,0.3130614425263302
Fscn1,0.5670444856137024,-0.3781054389905566,-0.22988086600967245
Fstl1,0.18783873627144274,-0.517888215281997,-0.4777421798724406
Fto,-0.31788093830551845,0.24661935848281807,0.1875343906921012
Fubp1,0.31485670104891206,-0.22070499104135663,-0.16384052950250777
Fundc1,-0.5840138168868828,0.23316585351515515,0.10653835456881018
Furin,0.6707086182429333,-0.3856807302362734,-0.19039109736035006
Fus,0.33417821685500854,-0.38895007561994566,-0.31675835703818167
Fxr1,0.2738614849038029,-0.04724189486252808,-0.007057745886261873
Fyn,-0.29519915888097037,-0.08304764961275311,-0.11947755536029027
Fzd1,-0.4531315489481942,0.40648538571147025,0.2960892440855576
Fzd4,0.0011760922664580493,0.3553105613749212,0.35204708646949107
Fzd6,-0.05594838924721863,0.5302462570470369,0.5165597822468809
G3bp1,0.4343140726848654,0.04312623697668032,0.09864040083894571
Gaa,-0.3373704672925376,0.5016465950402342,0.42094412964490463
Gab1,-0.22580971515994547,0.4352952037233386,0.3886801484505646
Gabbr1,-0.6713806709666236,0.5070097110751534,0.27911704564478507
Gabpb1,0.0483877961057026,-0.3363375298459236,-0.3260006433178103
Gak,0.5369701262285608,-0.41286760606679584,-0.27054692564003846
Galnt15,0.3222492810095055,0.19238308093134135,0.2250076605167773
Galnt18,0.23857871691006144,-0.2634282466930808,-0.22030249659260276
Gap43,-0.384246144769937,0.25891541301380433,0.1835013930428087
Gars,-0.09341532859295364,-0.505983423449391,-0.5118546183227063
Gas6,-0.5658683933472443,0.6849940920363411,0.48093496967813054
Gata2,0.17120543136010746,0.2498669271479525,0.2675221774030691
Gatad2b,-0.3091442528975444,0.27830715378895154,0.21929424718027962
Gatd3a,-0.5018553714157419,0.4621259777597516,0.32633672645525136
Gba,0.6935584108484039,-0.29059621138387987,-0.11124351849298475
Gbf1,-0.2962072379665059,0.2743270112837188,0.218454039336677
Gbp2,0.5206728476790706,-0.5348666379423602,-0.380110028445818
Gbp3,0.358708141269705,-0.5781761699569963,-0.4847999257587025
Gbp7,0.28847863164406723,-0.5310727573718359,-0.46362668809991686
Gch1,-0.23841070372913886,0.18983752142097746,0.1495569961612635
Gfap,0.16297278549490113,0.12255798615003481,0.14233120870628113
Gfpt1,0.08383857728036666,-0.29340777008935326,-0.2779407546637414
Gfra1,0.4114642800793947,0.12227105550312818,0.1673694024456387
Ggnbp2,-0.0010080790855354707,-0.1900678105532563,-0.1883745985357038
Ggps1,-0.4872382246754775,0.026753252273542815,-0.04436297414221749
Ghr,-0.40373567375695607,0.332511152108785,0.24534069033196035
Gigyf2,-0.25874029862077086,0.38914032440905355,0.3364192205784826
Gimap4,0.6129120840055663,-0.3640495914224551,-0.19996946677741972
Gipc1,0.48404597423794854,-0.3465246734072711,-0.23324169738408285
Gja1,-0.6839816595358169,0.40352605538220415,0.19677667697172985
Gjb6,-0.7313613765559841,0.5229606182080025,0.2518943115120607
Gjc1,-0.10232002718185029,0.40892392076523193,0.3886801484505646
Glb1,0.2795739330551706,0.31572119462112924,0.3389398441092904
Glg1,-0.262268575420145,-0.03424877731084784,-0.06906508474413404
Glmp,0.44489890308298774,-0.03860910029740897,0.027390775701444887
Glra1,-0.7713485136155578,-0.14319517885815633,-0.1971127601091709
Glud1,-0.7133839661972682,0.23005386429043057,0.060831047876828526
Gm2a,-0.003360263618451569,0.15911962454119807,0.15711886675368694
Gmfb,-0.3466111922432794,0.01460759024890418,-0.03444852158770676
Gna12,0.13877888744204983,0.15515950197833453,0.1714024000949312
Gna13,-0.2585722854398483,-0.05529989203671012,-0.08872594828443497
Gnai1,-0.7599236173128224,0.2073935563317346,0.02823098354504749
Gnai2,0.514960399527703,-0.3090934467029049,-0.19106326363523216
Gnai3,0.6276972439267532,-0.16118333427482426,-0.037305228255955614
Gnal,-0.7024631094373006,0.18431695413885663,0.03260006433178103
Gnao1,-0.6806213959173654,-0.07570554026503383,-0.14922091302382245
Gnaq,0.0038643031612193048,0.5872274633891839,0.582095994047884
Gnb1,-0.35551589083217605,0.09260131224726753,0.036465020412353014
Gng11,0.07056553598748296,0.42811625760531397,0.43270703945534106
Gopc,-0.04805176974385744,-0.3985897244280899,-0.40094718296716264
Got2,-0.23236222921592606,-0.10806219501495032,-0.13628171223234234
Gpam,-0.09845572402063099,0.2868201305312678,0.2690345515215538
Gpc4,-0.1029920799055406,0.10284711376069595,0.08704553259722976
Gpd1,-0.7328734951842873,0.25442893853275156,0.06990529258773666
Gphn,-0.559651905653109,0.3383179960573838,0.20013750834614025
Gpi1,-0.0710695755302507,0.2710824020446248,0.2579438079859994
Gpm6a,-0.6923823185819459,0.31201829078260745,0.1270394259527137
Gpr107,0.337202454111615,-0.012435510857824399,0.035120687862588845
Gpr37l1,-0.6928863581247136,0.22949240044226366,0.0678887937630904
Gpr4,-0.31704087240090556,0.1625148394083215,0.10872289496217694
Gprc5b,-0.6586116692165076,0.5463572476891015,0.31591814919457906
Gps1,-0.3686209189441372,-0.1830977330684215,-0.21963033031772067
Gpsm1,-0.7412741542304162,0.20226808138603522,0.031759856488178424
Gpt2,-0.4245693081913558,0.4304790263116955,0.32717693429885397
Gramd1a,0.5090799381954128,-0.21422559959215504,-0.11208372633658735
Gramd1b,0.1186173057313404,0.18476156972125832,0.198121009521494
Grb10,0.021505687158090047,-0.41915506202768066,-0.412037926502717
Grb2,0.07325374688224422,0.09316720712886178,0.10216927378207663
Gria1,-0.7584114986845192,0.4543432626572747,0.18820655696698327
Gria4,-0.8402339177938148,0.0900316203028845,-0.06805683533181092
Grin1,-0.6923823185819459,-0.06800595225991037,-0.14451574909964787
Grk2,0.41028818781293663,-0.386119209093367,-0.2918882048675446
Grn,0.7164082034538747,-0.2080891619139336,-0.04453101571093801
Grpel1,-0.09828771083970841,-0.21602249079696428,-0.22652003463526202
Gsdmd,0.746146536477171,-0.36447777010720056,-0.13695387850722443
Gsk3a,-0.6591157087592754,0.04115100868800089,-0.060663006308107996
Gsk3b,-0.6715486841475462,0.22181532500439508,0.06973725101901612
Gstp1,-0.6083757281206567,0.32765216067035646,0.17325085735085693
Gtf2a1,-0.10500823807661154,0.054866765625921875,0.03948976864932238
Gtf2a2,0.11912134527410813,-0.012168730831444681,0.004537122355454061
Gtf2i,-0.47194902521152293,0.578358611190538,0.4395967437728824
Gtpbp2,0.3630764839736921,0.14671668621509984,0.18568593343617548
Gucy1a1,-0.5744370655742959,0.5979467711872625,0.40514822218517565
Gyg,0.3111604110686153,0.261289872023442,0.28903149819929574
H2-Aa,0.3644205894210727,0.03435777323355138,0.08217232710433467
H2-Ab1,0.39869527832927876,0.037060650316695025,0.0888939898531555
H2-D1,0.5747730919361409,-0.14656681127724686,-0.03915368551188134
H2-DMa,0.543690653465464,0.02987459876636829,0.1001527749574304
H2-Eb1,0.3116644506113831,0.1648322104962981,0.19828905109021452
H2-K1,0.5147923863467805,-0.17048731277576765,-0.07343416553086758
H2-T23,0.6211447298707726,-0.1940109390533996,-0.06452796238867999
H2afy,0.4756453151918197,-0.5347307179615289,-0.39993893355483945
H2afz,0.5284014540015093,-0.4382119785423419,-0.29524903624195503
Hadh,-0.40944812190832375,0.6733590461691108,0.5516804701094697
Hadhb,-0.5873740805053344,0.6214708698478092,0.41674309042689156
Hat1,0.22681779424548096,-0.5599365717676482,-0.5086618285170164
Hcfc1,0.09106314406003753,-0.2089054793685849,-0.19341584559731942
Hck,0.6404662456768692,-0.660609021050483,-0.4137183421899222
Hcn2,-0.8296490873956924,-0.016722123191032966,-0.12418271928446487
Hdac1,0.06989348326379265,-0.1557414658392852,-0.14417966596220685
Hdac2,-0.4818618028859551,0.0817663824951938,0.004201039218013019
Hdac3,0.5374741657713286,-0.41894353479421564,-0.2754201311329336
Hdac4,-0.4390184417506976,-0.1378727401775342,-0.1835013930428087
Hdac5,-0.66919649961463,0.589054044388967,0.34078830136521615
Hdac6,0.2621005622392224,-0.31931145407476264,-0.26886650995283323
Hdgfl2,0.35484383810848574,-0.18630473527546185,-0.12334251144086227
Herc6,0.12315366161625002,-0.5169610686034565,-0.4910174638013618
Hes1,-0.2955351852428155,0.4748695908588173,0.40834101199086553
Hexa,0.3608923126216986,0.40417269091785124,0.4232967116069919
Hexb,0.2936870402526672,0.21209739493272206,0.24147573425138835
Hey1,-0.680789409098288,0.43347386398297805,0.22013445502388224
Hgs,0.1115607521325921,-0.2523543850025939,-0.23290561424664183
Hhex,0.44725108761590393,0.014849890974711667,0.0751145812180728
Hibadh,-0.5705727624130765,0.3157808095739302,0.177787979706311
Hic1,-0.4314578486091815,0.4637617519054305,0.35456771000029885
Hif1a,0.2891506843677576,-0.6743235185487172,-0.5992362340573771
Hip1r,-0.19842356666956518,0.5170374410918217,0.4743813484980302
Hipk2,-0.40239156830957545,-0.010798248473050732,-0.06553621180100311
Hist1h2bc,-0.2948631325191252,0.215234305449068,0.16283228009018463
Hist2h2bb,0.49681497598806457,-0.5158790839150733,-0.37456465667804084
Hivep2,-0.27100526082811904,0.09914058835182267,0.05696609179625655
Hk1,-0.07560593141516031,-0.1289285610993171,-0.13779408635082704
Hk2,0.6300494284596693,-0.5334529270678509,-0.32297589508084096
Hlf,-0.6722207368712364,0.8028812286018054,0.4955545861568158
Hmcn1,-0.46623657706015526,0.6406836310562116,0.49673087713785946
Hmgcr,-0.37450138027642743,-0.6341238105383806,-0.6341888803512454
Hmox1,0.7017910567136102,-0.5708232746580458,-0.3054995719339068
Hnrnpa1,0.3508115217663439,-0.34829263420636025,-0.27441188172061043
Hnrnpdl,-0.29385505343358975,-0.020368048769770247,-0.059990840033225926
Hnrnph1,-0.2711732740090417,-0.011712096317342345,-0.04873205492895103
Hnrnpk,-0.19153502625173946,-0.08991313945321265,-0.1139321835925131
Hnrnpm,0.3224172941904281,-0.41313697222491774,-0.3426367586211419
Homer3,0.4714449856687552,0.4783730212280283,0.4831195100714973
Hopx,0.14549941467895297,-0.3738679925211259,-0.3461656315642728
Hoxb5,-0.6434904829334755,0.32352793239745775,0.1561106173413638
Hoxb8,-0.6231608880418436,0.1826196241360232,0.055117634540330813
Hoxb9,-0.558811839748496,0.30807278999563775,0.17560343931294423
Hprt,-0.64769081245654,0.3736879343780607,0.1922395546162758
Hps5,0.48505405332348406,0.06482824831146074,0.12334251144086227
Hsd17b4,-0.1811182090345396,0.23417957511925042,0.2029942150143891
Hsf1,-0.2340423610251518,0.28900440710521064,0.24584481503812192
Hspa5,0.22564170197902286,-0.4800152443763332,-0.43186683161173844
Hspa9,-0.276213669436719,-0.06501903884645077,-0.1001527749574304
Hspd1,-0.06266891648412176,-0.252864565429994,-0.2586159742608815
Hspg2,0.5850218959724183,-0.2716258023578205,-0.13712192007594495
Hsph1,-0.7031351621609909,0.003741456949869851,-0.09477544475837373
Htt,-0.17506973452132676,-0.16521635682572106,-0.18534985029873444
Huwe1,-0.2580682458970805,0.2056162461415249,0.1609838228342589
Icam1,0.4390184417506976,-0.6783376586767024,-0.5427742669672821
Ick,0.19321515806096526,0.27837746993064594,0.2972655350666013
Icosl,0.3209051755621249,-0.44601199713789086,-0.37389249040315875
Id1,0.040155150240496255,-0.22841854011051152,-0.22047053816132325
Id2,0.11038465986613406,-0.18881801533136822,-0.1705621922513286
Id4,-0.5194967554126126,0.5949900815149203,0.43153074847429734
Idh1,-0.06619719328349592,-0.09206982662277095,-0.1001527749574304
Idh2,-0.42003295230644616,0.660434192877837,0.5353804379435793
Idi1,-0.5729249469459926,-0.5976070431115961,-0.5644516293322294
Ifi27,0.3076321342692412,-0.162564831004518,-0.11057135221810269
Ifih1,-0.1428112037841917,-0.13187864598077412,-0.14905287145510196
Ifit3,-0.2342103742060744,-0.6464518406575913,-0.6548579933038695
Ifnar1,-0.23555447965345505,0.3951325159145466,0.34767800568275753
Ifnar2,0.31132842424953794,0.11129717803649154,0.1478765804740583
Ifngr1,0.4682527352312262,-0.20720879902321104,-0.11645280712332091
Ift27,-0.14566742785987555,0.19193207334963588,0.16787352715180026
Igdcc4,-0.7209445593387843,0.6413448087305093,0.3402841766590546
Igf1r,-0.3523236403946471,0.5274949480795061,0.44010086847904395
Igf2,-0.4842139874188712,0.7598501328147161,0.5913382803275127
Igfbp3,0.19254310533727492,-0.452295333366591,-0.41287813434631954
Ighm,0.310488358344925,0.05319772968901545,0.09309502907116853
Igsf11,-0.38122190751333057,0.5319453936943519,0.4342194135738257
Igtp,0.4610281684515553,-0.7034801759538446,-0.5543691352089981
Ikbkb,0.7574034195989837,-0.00010886210711970117,0.10485793888160498
Ikbkg,0.7742047376912417,-0.081837068559315,0.05595784238393342
Il10ra,0.6366019425156498,-0.5154687622357859,-0.3054995719339068
Il11ra1,0.27134128718996425,-0.20250606839654942,-0.15543845106648171
Il13ra1,0.6127440708246437,-0.5284242037854158,-0.3286893084173387
Il17ra,0.5226890058501416,-0.5940876923612651,-0.4291781665122101
Il1r1,0.36542866850660816,-0.21623824617588164,-0.1487167883176609
Il2rg,0.5567956815774251,-0.379951238661408,-0.23542623777744964
Il33,-0.5446987325509994,0.2990513798583988,0.1729147742134159
Il34,-0.2832702230354673,0.6106609925605071,0.540757768142636
Il4ra,0.5766212369262893,-0.5587402736528583,-0.3722120747159535
Il6ra,0.4302817563427235,-0.2044590402311887,-0.12317446987214174
Il6st,-0.022009726700857782,-0.15492864439655635,-0.15644670047880485
Ilf2,-0.5690606437847733,-0.24861743186466392,-0.2813015860381518
Ilk,-0.09811969765878582,-0.0835636552390839,-0.09595173573941737
Ilkap,0.11828127936949523,-0.12158148057156912,-0.10317752319439977
Immt,-0.08619076181328277,0.005970684379659643,-0.006049496473938749
Impact,-0.8162080329218862,0.17529897216586823,-0.012771159222759579
Impad1,-0.4722850515733681,-0.25633949878611156,-0.28919953976801627
Ina,-0.7580754723226741,-0.14726627214582425,-0.20013750834614025
Ing3,-0.34761927132881487,0.10615029802243044,0.05041247061615624
Ino80d,-0.028394227575915764,0.4040652654766463,0.3960739774742675
Inpp1,-0.28612644711115115,0.4756202470354137,0.41170184336527593
Inpp4b,-0.26714095766689977,0.3891713736247923,0.33440272175383634
Inpp5b,0.4932866991886904,0.16079413280628496,0.2068591710949611
Inpp5d,0.7503468660002355,-0.2948245091667371,-0.08906203142187602
Insr,0.3941589224443691,-0.6005747683748236,-0.4920257132136848
Ints4,-0.11004863350428891,-0.018996037639431765,-0.0339443968815452
Ipmk,-0.13575465018544342,-0.08050758855898783,-0.0978001929953431
Iqgap1,0.5814936191730441,-0.056811941549752075,0.03478460472514781
Irak1,0.252691824107558,0.07833307004091243,0.11006722751194112
Irak2,0.2085043575249199,-0.17520754197835534,-0.14081883458779643
Ireb2,-0.1389469006229724,0.06006326492177366,0.039657810218042905
Irf1,0.5448667457319221,-0.4893303262431057,-0.3308738488107055
Irf3,0.48673418513270983,0.21730057091441507,0.2554231844551916
Irf5,0.7737006981484739,-0.43945376616104254,-0.16854569342668235
Irf8,0.664828156910643,-0.42546795609913574,-0.22265507855469005
Irf9,0.15406808690600446,-0.5000751829214446,-0.46799576888665045
Irgm1,0.4210410313919817,-0.6424102304855932,-0.5187443226402476
Irgm2,0.33384219049316344,-0.48371359733962627,-0.4053162637538961
Irs2,-0.10047188219170193,-0.1808019266341036,-0.19207151304755526
Isca1,-0.4971510023499097,-0.2906247021427179,-0.3186068142941074
Isg15,-0.09946380310616645,-0.7148337551592845,-0.7182096647115058
Itch,-0.1179452530076501,-0.222091090033335,-0.23475407150256752
Itga1,-0.21388077931444238,0.17913864783780814,0.14367554125604526
Itga3,-0.03192250437528991,0.053529649120720287,0.04856401336023051
Itga4,0.6964146349240878,-0.6046062958862143,-0.33322643077279274
Itga5,0.6828055672693589,-0.6003327140287811,-0.339780051952893
Itga6,-0.1460034542217207,0.353213930971143,0.32583260174908985
Itgam,0.6576035901309721,-0.4234581723144753,-0.22483961894805682
Itgav,-0.5700687228703089,0.140223444063797,0.035120687862588845
Itgb1,0.4756453151918197,-0.4932582648281201,-0.3638099962799275
Itgb2,0.7658040786451127,-0.4248960868864161,-0.16451269577738986
Itgb4,-0.30007154112772516,0.7501664621884914,0.6671250278204676
Itgb5,0.2160649506664359,0.29471305829667205,0.314909899782256
Itgb8,-0.6330736657162757,0.3638474864291665,0.19123130520395265
Itih5,-0.5478909829885285,0.7520327949145846,0.5471433477540157
Itpkb,-0.41280838552677535,0.5548374406265457,0.44329365828473377
Itpr1,0.09795168447786325,0.27846466025156275,0.28802324878697266
Itpr2,-0.02385787169100614,0.3453362900125685,0.3386037609718494
Itsn1,-0.6955745690194749,0.5078722125468702,0.26500155387226126
Itsn2,-0.2641167204102934,-0.08660011397990111,-0.11930951379156976
Ivd,-0.3909666720068401,0.5167955476321162,0.416911131995612
Jade2,0.3879424347502337,0.13442137166275633,0.1764436471565468
Jag1,-0.4118003064412398,0.47415343872217197,0.37086774216618934
Jag2,-0.4391864549316201,0.28784798994974387,0.19526430285324517
Jak1,0.5756131578407538,-0.6145224471537767,-0.41791938140793516
Jak2,0.5730929601269152,-0.6508639911707385,-0.44883903005251097
Jak3,0.6045114249594373,0.05636673386557759,0.12821571693375736
Jam2,-0.4531315489481942,0.43084895437203846,0.3175985648817843
Jarid2,0.431289835428259,-0.18121585623536873,-0.10216927378207663
Jmjd6,0.3595482071743179,-0.17864095088458096,-0.11527651614227725
Jpt1,0.6071996358541987,-0.5792790066822041,-0.37170795000979195
Jun,0.06686924600718623,0.15064987407710756,0.15812711616601005
Jup,-0.5972868581797665,0.36143398495185536,0.20433854756415326
Kansl2,-0.18582257810037178,-0.20235337132269368,-0.22265507855469005
Kat14,-0.17994211676808153,0.02110420545022474,-0.004369080786733541
Kat2a,-0.027890188033148026,-0.3722492053178141,-0.3723801162846741
Kat5,-0.30511193655540253,0.2764436727624807,0.218454039336677
Kat6a,-0.3770215779902661,0.14909003762738296,0.08452490906642195
Kat8,-0.09106314406003753,0.06066995771631639,0.04721968081046634
Kcnab2,-0.8538429854485438,-0.13171637891072072,-0.18619005814233705
Kcnip3,-0.8521628536393181,0.2034863351733216,-0.01260311765403906
Kcnj10,-0.7212805857006294,0.17139142747936517,0.017644364715654684
Kdm1a,0.044187466582638134,0.2728658232597904,0.27609229740781566
Kdm2a,-0.013945094016574013,0.32233360867129696,0.31726248174434324
Kdm4a,0.6056875172258954,0.15154275660990332,0.20333029815183015
Kdm4b,0.04519554566817361,0.3632677167757131,0.36565845353585325
Kdm4c,-0.31737689876275077,0.4424277138890382,0.3715399084410715
Kdm5a,-0.05578037606629605,0.2992661196521945,0.28819129035569313
Kdm5b,-0.08602274863236019,0.23620481754612094,0.22114270443620537
Kdm5c,0.17002933909364942,-0.1973541550420779,-0.1690498181328439
Kdm6a,-0.29671127750927356,-0.010196139556682712,-0.05074855375359728
Kdm6b,0.48034968425765184,-0.3644771549728731,-0.25004585425613496
Kdm7a,-0.3083041869929315,0.1354107819689744,0.08486099220386299
Kdr,-0.46254028707985856,0.16847766115347929,0.08385274279153988
Keap1,0.17523774770224934,0.22293292826458133,0.2416437758201089
Khdrbs1,-0.2631086413247579,-0.0313211002270946,-0.06637641964460571
Khsrp,0.3346822563977763,-0.031136073826505895,0.017308281578213642
Kif1b,-0.7768929485860029,0.3970852087311211,0.1399786267441938
Kif1c,-0.044019453401715564,0.24241439064329842,0.23374582209024444
Kif21b,0.3020876992987961,-0.13439355617550147,-0.08502903377258353
Kif3b,-0.14096305879404333,-0.44266148879066874,-0.4535441939766856
Kif5a,-0.8024309520862348,-0.005248739766165938,-0.11426826672995413
Kif5b,-0.6781011982035267,-0.02169184981640374,-0.10973114437450009
Kif5c,-0.7854616208130544,-0.028635364175819834,-0.12636725967783163
Kifap3,-0.4637163793463166,0.329268420828776,0.22467157737933627
Kitl,-0.5485630357122188,0.3996335487124658,0.25491905974903
Klc1,-0.6994388721806942,0.31092443288639593,0.12317446987214174
Klc2,-0.8331773641950667,-0.01936437614635954,-0.1260311765403906
Klf11,-0.5458748248174574,0.7563869427780809,0.5520165532469108
Klf12,-0.6347537975255015,0.44802339587391243,0.25491905974903
Klf4,-0.37315727482904676,0.18757705696152308,0.12065384634133393
Klhl3,0.6500429969894561,-0.07210239935938988,0.03579285413747093
Kmt2a,-0.1928791316991201,0.5481740062976657,0.5059731634174881
Kmt2b,0.652059155160527,-0.1149369784352105,0.004032997649292499
Kmt2c,-0.45901201028048433,0.5921366824228679,0.45740915005725763
Kmt2d,0.37231720892443393,-0.00401219259984116,0.047891847085348424
Kmt2e,-0.2962072379665059,0.37558751177003974,0.3142377335073739
Kmt5b,-0.44758711397774903,0.19980159445881637,0.11494043300483622
Kpnb1,0.2866304866539189,-0.5816798209049933,-0.5121907014601474
Kras,-0.42288917638213,-0.3093960388878374,-0.3362511790097621
Lama1,-0.5539394575017412,-0.05305422751795512,-0.12048580477261339
Lama4,0.09005506497450205,-0.16240402708092927,-0.14770853890533778
Lama5,-0.00991277767443213,0.4821073395224133,0.4760617641852354
Lamb2,-0.3600522467170857,0.5636028160040549,0.4708524755548993
Lamc1,0.6702045787001656,-0.147810961189826,-0.015795907459728954
Lamp1,0.11727320028395978,0.1943183140589125,0.20736329580112264
Lamp2,0.41532858324061395,-0.3212740460480384,-0.2318973648343187
Lamtor1,-0.16196470640936564,0.21279033706815534,0.18551789186745496
Lamtor2,0.2177450824756617,-0.08892617279707099,-0.055789800815212905
Lamtor3,0.20396800164001028,-0.13937731166854442,-0.10687443770625121
Lamtor4,0.3508115217663439,-0.05657147591957305,-0.003864956080571978
Lamtor5,-0.4028956078523432,0.17818889519387088,0.10569814672520758
Laptm4b,-0.38172594705609825,-0.06063569867468711,-0.1083868118247359
Lasp1,0.6932223844865588,-0.09264205766907467,0.029911399232252698
Lats1,-0.17221351044564295,0.06527913861204837,0.03982585178676343
Lats2,-0.2817581044071641,0.47504950126524786,0.412374009640158
Lbh,0.32611358417072484,0.1382336491301208,0.1745951899006211
Lbr,0.0304103857469867,0.21863399090163857,0.2206385797300438
Lcp2,0.6535712737888303,-0.6131048986186839,-0.36901928491026365
Ldah,-0.34862735041435033,0.05348074272511333,0.0013443325497641664
Ldb1,-0.049227862010315496,0.37622179445217163,0.3653223703984122
Ldha,0.33300212458855055,-0.5046704345881949,-0.4251451688629176
Ldhb,-0.777228974947848,-0.027839216242694212,-0.12502292712806748
Lef1,-0.4398585076553104,0.6118953736625058,0.4832875516402178
Leprot,0.15961252187644956,0.053354042133015124,0.0742743733744702
Letmd1,-0.012769001750115964,0.35067219422648954,0.34549346528939073
Lfng,-0.2817581044071641,0.6430497927302684,0.5720134999246528
Lgals1,0.6471867729137722,-0.2155782012713751,-0.07309808239342654
Lgals9,0.431289835428259,-0.5549075213881293,-0.43606787082975146
Lgi3,-0.6310575075452048,-0.2143004754923303,-0.2520623530807812
Lifr,-0.4532995621291167,0.5959575366249764,0.4632906049624758
Lima1,0.10954459396152116,-0.2503066577613917,-0.23122519855943663
Limd1,0.6055195040449728,-0.07423973451379487,0.02537427687679864
Limk1,-0.8278009424055441,-0.09089771050420554,-0.16518486205227195
Limk2,0.034442702089128585,-0.19921724093945603,-0.1924075961849963
Lin7c,-0.4677486956884585,0.1573453891646476,0.07293004082470603
Lipe,0.2669729444859772,0.31356038474143844,0.3362511790097621
Litaf,0.6302174416405919,-0.5311729481287704,-0.32112743782491526
Lmna,0.3691249584869049,-0.2664283415332724,-0.1940880118722015
Lmnb1,0.6172804267095533,-0.6942232166269499,-0.45539265123261136
Lmo2,0.020329594891631993,0.31893105804131877,0.3186068142941074
Lmo4,-0.1785980113207009,-0.0408293706121905,-0.06452796238867999
Lpar6,0.2545399690977064,0.09933526781886914,0.13040025732712412
Lpin1,-0.4916065673794646,0.3229210643822025,0.21038804403809203
Lpp,0.5757811710216765,-0.47434949390056397,-0.30432328095286315
Lrig1,-0.5334418494291867,0.4850149668840865,0.3323862229291901
Lrp1,-0.12063346390241135,0.6832685106502856,0.65502603487259
Lrp5,-0.17775794541608803,0.6077154979274777,0.5676444191379193
Lrp6,-0.4202009654873688,0.596754169874304,0.4780782630098817
Lrp8,-0.4225531500202849,0.34247912528970886,0.2488695632750913
Lrpprc,-0.4905984882939291,0.14359936877399787,0.05595784238393342
Lrrk1,0.4959749100834517,0.19620816417202983,0.2374427366020959
Lsm14a,-0.13289842610975958,-0.2984697497184467,-0.31138102683912505
Lsr,0.21119256841968112,-0.3876529944319116,-0.3459975899955523
Lta4h,0.5870380541434892,0.04234480562441825,0.11527651614227725
Ltbr,0.5107600700046385,-0.40914987688046,-0.2776046715263003
Luc7l3,0.04586759839186392,0.31936177065698707,0.32230372880595887
Lum,0.0640130219315024,0.30693620744897065,0.3122212346827276
Luzp2,-0.6384500875057982,0.4568645738948868,0.25979226524192517
Ly75,0.3504754954044987,-0.20036181467682718,-0.1372899616446655
Ly86,0.4018875287668077,-0.07584804156547569,-0.013107242360200623
Lyn,0.5534354179589734,-0.4032178158836139,-0.25592730916135314
Lyst,0.5840138168868828,-0.4612161535659461,-0.28987170604289836
Lztr1,0.005712448151367669,0.21944617743352762,0.218117956199236
Mad1l1,0.1552441791724625,-0.13173769316156458,-0.10737856241241278
Mad2l2,0.41280838552677535,-0.31694306418263035,-0.22870457502862881
Maf,-0.2921749216243639,0.591849077246954,0.5200886551900119
Maf1,0.05897262650382505,0.4921383074377654,0.4947143783132132
Mafb,0.5633481956334057,0.13935427026698544,0.19207151304755526
Mag,-0.47732544700104546,-0.3260376736949986,-0.34986254607612427
Magoh,0.05578037606629605,-0.31592046649186306,-0.3046593640903042
Mal,0.05242011244784448,-0.2887160919148849,-0.27827683780118245
Maml1,0.5176486104224642,0.11983034959846894,0.17325085735085693
Man2b2,0.35904416763155017,0.17598183312572976,0.21240454286273824
Maoa,-0.3356903354833118,0.6260877224401628,0.537564978336946
Map1b,-0.8377137200799762,-0.05231351435920658,-0.14434770753092735
Map1lc3a,-0.6730608027758493,0.17226973347637511,0.03293614746922208
Map2,-0.8482985504780987,0.016135564943698756,-0.109058978099618
Map2k1,-0.5171445708796966,-0.16328577163409805,-0.21005196090065098
Map2k2,0.4245693081913558,-0.22489320565993662,-0.14283533341244267
Map3k1,0.06384500875057982,0.48633240604680494,0.48950508968287704
Map3k11,0.0687173909973346,0.1272788477340115,0.13527346282001923
Map3k7,-0.04200329523064462,-0.14203898752023636,-0.1463642063555736
Map3k8,0.3708050902961307,-0.5348978485889166,-0.4406049931852055
Map4,-0.6352578370682692,0.44396095985398865,0.2515582283746196
Map4k4,0.5890542123145601,-0.6155624600423546,-0.41102967709039384
Map7,-0.6660042491771011,-0.08187235660910898,-0.1527497859669534
Mapk1,-0.28545439438746084,-0.16795566066543008,-0.19896121736509662
Mapk10,-0.8078073738757573,0.04979189392094816,-0.08284449337921675
Mapk14,0.5819976587158119,-0.05212472619367228,0.03864956080571978
Mapk3,-0.09459142085941168,0.7293182521903416,0.7059426301949078
Mapk8ip1,-0.9032388606397819,-0.12982744372320065,-0.1803086032371188
Mapk8ip2,-0.7814293044709124,-0.056770177371006876,-0.14333945811860424
Mapk9,-0.5327697967054964,0.08786570548400086,-0.0001680415687205208
Mapkap1,-0.2752055903511835,0.16711853134864052,0.12098992947877496
Mapkapk2,0.6276972439267532,-0.3824194045460507,-0.2078674205072842
Mapre1,0.4055838187471044,-0.4032601133175134,-0.3088604033083172
Mapre2,-0.7217846252433971,0.16034613610668322,0.009914452554510726
Mapt,-0.8062952552474542,0.10978643890293585,-0.04738772237918686
March2,-0.4235612291058204,-0.0179456571848194,-0.07477849808063175
Marcks,0.6162723476240178,-0.12390102194471944,-0.011258785104274893
Marcksl1,0.7068314521412877,-0.5746561202916168,-0.3046593640903042
Mark2,0.4208730182110591,-0.23773754279209247,-0.15527040949776122
Mark3,-0.0905591045172698,0.08973096147809911,0.0759547890616754
Mast2,-0.42305718956305255,-0.05453469698720957,-0.1075466039811333
Mast3,0.2037999884590877,0.10935894425075818,0.13426521340769612
Max,0.1691892731890365,0.2786433037462153,0.29541707781067555
Maz,0.10870452805690826,0.2738506571335926,0.28466241741256226
Mbd2,0.11290485757997273,-0.2964699757867959,-0.27609229740781566
Mbd3,0.10937658078059859,-0.39247301252735606,-0.37120382530363044
Mbnl1,0.30494392337447995,0.08099281264355515,0.11863734751668767
Mboat7,0.11828127936949523,-0.03494670908930574,-0.017980447853095723
Mbp,-0.761267722760203,0.04568909738363724,-0.07612283063039592
Mcam,0.5774613028309022,-0.46160941977473435,-0.29323253741730876
Mcl1,0.5242011244784448,-0.4583006187413905,-0.31390165036993284
Mdk,-0.19472727668926845,0.3526448795047925,0.31558206605713807
Mdm2,0.2432830859758936,-0.026864119150048493,0.007897953729864477
Mdm4,0.08753486726066338,0.0936541558759056,0.10452185574416392
Mdp1,0.22446560971256482,0.10132897596356334,0.12888788320863945
Mecom,0.31888901739105396,0.2728510401680502,0.30029028330357066
Mecp2,-0.39970335741481416,0.4610144558826021,0.36313783000504546
Med1,0.13390650519529504,-0.11701075728942573,-0.0962878188768584
Med12,0.4640524057081618,0.22304738295972096,0.25996030681064564
Med15,0.4534675753100393,-0.0018748263157177722,0.06116713101426957
Med21,-0.0734217600631668,-0.27161843264919955,-0.2784448793699029
Mef2a,0.14936371784017227,0.22443257428381827,0.24046748483906527
Mef2d,-0.006048474513212825,0.12165886141749752,0.11964559692901079
Meg3,-0.08417460364221183,0.009432820331806955,-0.0023525819620872908
Men1,0.2400908355383646,-0.20624129411063322,-0.16501682048355143
Mertk,0.167005101837043,0.3865791604629244,0.4006110998297216
Mfn1,-0.5485630357122188,0.34504342098375673,0.20971587776320996
Mfn2,-0.4885823301228582,0.417680144355166,0.29323253741730876
Mfsd2a,-0.5438586666463865,0.4772556869388587,0.32129547939363573
Mia2,-0.37181316938166614,-0.06460780659755332,-0.11090743535554372
Mib1,-0.4336420199611751,0.4239665207637669,0.3182707311566664
Micu1,-0.5628441560906379,0.21493341643144293,0.09796823456406362
Micu2,0.43448208586578796,0.31946975914467307,0.34515738215194974
Miga1,-0.5898942782191731,0.43903379709316,0.26937063465899486
Miga2,-0.4460749953494459,-0.12574160116529648,-0.17325085735085693
Mindy1,0.2926789611671317,-0.029685378395289008,0.012435076085318538
Mkln1,-0.3419068231774472,0.02832524645654946,-0.021005196090065098
Mknk1,0.38995859292130464,0.2698588257181977,0.30012224173485014
Mknk2,0.4044077264806464,0.17450494530270147,0.21408495854994347
Mlc1,-0.5618360770051024,0.5177387872696914,0.34633367313299335
Mllt10,0.1856545649194492,0.435488411960712,0.44951119632739317
Mllt6,-0.2817581044071641,0.5991928745372945,0.5303391908819636
Mmp14,0.7532030900759192,-0.15682347295610474,0.0021845403933667706
Mmp15,0.20800031798215213,-0.3746087670134209,-0.33406663861639535
Mmp28,-0.2605884436109192,0.6711597261624838,0.6056218136687569
Mms19,0.4462430085303684,-0.26807776223415064,-0.17577148088166475
Mmut,-0.8103275715895959,0.49632689052577367,0.17577148088166475
Mob2,-0.2795739330551706,0.3158931430486321,0.26164072249785086
Mog,-0.7253129020427713,-0.38574155062183013,-0.36347391314248645
Mpc1,-0.5482270093503736,-0.08643466979602286,-0.14754049733661725
Mpc2,-0.676421066394301,0.009826915745232622,-0.0865414078910682
Mprip,0.43414605950394275,0.08458643632484043,0.13560954595746028
Mpzl1,-0.33434623003593117,0.5409524432650874,0.45858544103830123
Msmo1,-0.5401623766660898,-0.5723420046548319,-0.5518485116781903
Msn,0.5561236288537347,-0.5960425104793585,-0.4135503006212017
Mt2,0.29452710615728006,-0.31423659892192907,-0.25659947543623524
Mta1,0.3224172941904281,0.2848629331927735,0.31171710997656604
Mta2,0.8155359801981958,0.019250280234860875,0.12401467771574434
Mta3,-0.43649824403685883,-0.08866528147887336,-0.13947450203803224
Mtch1,-0.483877961057026,0.3749624693572814,0.2579438079859994
Mtch2,-0.17708589269239772,-0.29360258366021025,-0.31070886056424296
Mtif2,-0.30847220017385407,0.43832662600353195,0.3701955758913073
Mtmr12,0.6098878467489599,-0.4249618269153662,-0.2490376048438118
Mtor,-0.21572892430459076,0.17113705112788502,0.13560954595746028
Mtrex,-0.3377064936543827,-0.160184146564733,-0.19610451069684778
Mtus1,-0.1186173057313404,0.476731011696365,0.452367902995642
Mxd4,-0.2254736887981003,0.4129193769547483,0.3671708276543379
Mybbp1a,0.21388077931444238,-0.42717812980073133,-0.38363890138894896
Mycbp2,-0.32712166325626024,0.14466614404177772,0.09007028083419914
Myd88,0.5939265945613149,-0.5723233654195671,-0.3737244488344383
Myh10,-0.12533783296824352,-0.3986059589603207,-0.4090131782657476
Myh9,0.5650283274426314,-0.38432703682037234,-0.23576232091489066
Mylk,0.014617146740264328,0.43678853090073516,0.43455549671126675
Myo10,-0.03763495252665758,0.3581086088157949,0.3491903798012422
Myo18a,0.19523131623203618,0.10709942743492883,0.13107242360200622
Myo1c,0.3442590077103633,-0.13334114856909757,-0.07629087219911644
Myo1d,-0.3792057493422596,0.08996759987161145,0.029911399232252698
Myo1e,0.10517625125753412,-0.032027752907008024,-0.0169721984407726
Myo5a,-0.49883113415913544,0.16136658726102968,0.06940116788157508
Myo6,-0.6816294750029008,0.4512578575775844,0.23256953110920076
Myo9a,-0.6127440708246437,0.2853776345732274,0.13846625262570914
Naa15,0.00436834270398704,-0.26921347669634343,-0.2660098032845844
Nadk2,-0.5396583371233221,0.3337398272582514,0.20349833972055067
Nae1,-0.5935905681994698,0.10360045278693414,0.0003360831374410416
Nagk,0.5735969996696829,0.3099080701857534,0.3308738488107055
Nampt,-0.051748059724154166,-0.14600611262204424,-0.15157349498590977
Nbr1,-0.5200007949553803,0.47291949283880874,0.3280171421424566
Ncam1,-0.7249768756809261,0.27706381167400096,0.08855790671571445
Ncan,-0.6256810857556823,-0.0352754031961655,-0.1139321835925131
Ncf1,0.6718847105093914,-0.5623995844594477,-0.31944702213771003
Nck1,0.05208408608599932,-0.18960737660878332,-0.1803086032371188
Ncl,0.3356903354833118,-0.42722392453354124,-0.35204708646949107
Ncoa1,-0.5272253617350512,0.25812433515715183,0.14417966596220685
Ncoa2,-0.10534426443845671,0.34054580443249377,0.3207913546874742
Ncoa3,-0.15927649551460438,0.4249206048960143,0.39338531237473917
Ncor1,-0.3167048460390604,0.25242572587102685,0.1932478040285989
Ncor2,0.05846858696105731,-0.09589668650220924,-0.08670944945978873
Ncstn,0.7404340883258033,0.20740407583425988,0.24063552640778577
Nde1,0.4643884320700069,-0.43679559075419017,-0.31877485586282794
Ndel1,-0.13273041292883697,0.11922278654666682,0.09864040083894571
Ndn,-0.6930543713056362,-0.16773505124912552,-0.21576537423714867
Ndrg2,-0.5566276683965025,0.20258812539847307,0.08956615612803757
Ndrg4,-0.616608373985863,-0.36114850503246665,-0.3670027860856174
Ndst1,0.3454350999768213,-0.21909992865893432,-0.1557745342039228
Ndst2,0.5776293160118248,0.007647361747778825,0.08620532475362716
Ndufa9,-0.6565955110454367,-0.1790016632923465,-0.22467157737933627
Ndufs1,-0.7582434855035967,-0.168615118519694,-0.21391691698122298
Ndufs4,-0.1927111185181975,0.0077597400946545336,-0.01915673883413937
Ndufv2,-0.4791735919911938,0.1629735861709778,0.0752826227867933
Neat1,0.4939587519123807,-0.018193531028968642,0.05276505257824353
Nectin2,0.7241368097763132,-0.3154117225073594,-0.11510847457355673
Nedd4,-0.34560311315774395,0.05025382466202853,-0.0011762909810436454
Nedd4l,-0.5099200041000257,0.2602478045891393,0.15106937027974818
Nefh,-0.7854616208130544,-0.2731821337223504,-0.2762603389765362
Nefl,-0.7528670637140742,-0.1699737676620783,-0.2150932079622666
Nefm,-0.6421463774860949,-0.20332616567651457,-0.2433241915073141
Nek7,0.23118613694946796,-0.052250006064773515,-0.018316530990536768
Nelfb,0.35417178538479543,0.27851054852049195,0.30701194605239146
Nes,-0.4005434233194271,0.10133433877898101,0.036465020412353014
Neu1,0.47665339427735515,-0.5336790342837007,-0.3985946010050753
Nf1,-0.44842717988236197,0.06163784111184442,-0.007561870592423435
Nf2,-0.41633666232614946,0.01907946941830885,-0.04049801806164551
Nfat5,-0.34778728450973745,0.3845225719814171,0.3088604033083172
Nfatc1,0.440026520836233,0.16651243189266102,0.20904371148832784
Nfatc3,-0.30931226607846696,0.33419573557235216,0.27189125818980264
Nfe2l1,-0.5534354179589734,-0.1594599679823482,-0.20820350364472523
Nfe2l2,0.4536355884909619,-0.33718721975033994,-0.23475407150256752
Nfia,-0.506559740481574,0.4523568937902108,0.31608619076329963
Nfib,-0.3076321342692412,0.4054442396486853,0.33944396881545197
Nfix,-0.5247051640212126,0.47609072789750545,0.3286893084173387
Nfkb1,0.6683564337100171,-0.3663464543674721,-0.17728385500014943
Nfkb2,0.6554194187789787,-0.5064598967686069,-0.28802324878697266
Nfkbib,0.40675991101356246,-0.5294152515310482,-0.4226245453321098
Nfya,0.38290203932255634,-0.20290162814583426,-0.1325847977204909
Nhsl1,-0.29738333023296387,0.36044215259531326,0.29961811702868857
Nid1,0.42944169043811053,-0.23599089677833876,-0.15157349498590977
Nid2,-0.08921499906988917,0.22666867783864447,0.2112282518816946
Nipbl,-0.07610997095792804,0.20212040934052616,0.18904676481058588
Nipsnap2,-0.3378745068353053,0.5225500417730686,0.4402689100477645
Nlgn2,-0.4470830744349813,0.128532097761365,0.05192484473464093
Nlrc5,0.7044792676083715,-0.39035933673211654,-0.17677973029398789
Nmt1,-0.16549298320873979,0.022785598467257646,-0.0006721662748820832
Nod1,-0.2263137547027132,0.6334822738547299,0.5797434120857967
Nos3,0.003696289980296726,0.26910268515692165,0.26701805269690754
Nosip,0.39163872473053046,0.09204286382609399,0.1381301694882681
Notch1,-0.05678845515183153,-0.08874594248688453,-0.09561565260197633
Notch2,0.18683065718590727,0.2646007434431615,0.2833180848627981
Notch3,-0.29049478981513815,0.6191269324620959,0.5464711814791336
Notch4,-0.003528276799374148,0.2200579019218869,0.21744578992435387
Nova2,-0.2757096298939513,0.5947470953508567,0.5279866089198764
Npc1,-0.06602918010257335,0.3097330176381117,0.2969294519291602
Npepps,-0.4091120955464786,0.2557353516516077,0.1744271483319006
Nploc4,0.08417460364221183,-0.36889823359347573,-0.35238316960693206
Npr1,0.32292133373319587,0.38254919559917666,0.4032997649292499
Nr1d1,-0.7506828923620806,0.7005998705207586,0.3543996684315784
Nr1h2,0.22748984696917127,0.29960842037803337,0.3204552715500331
Nr1h3,0.5094159645572579,0.1110178725714905,0.16518486205227195
Nr2c2,-0.34711523178604714,0.2830009173654195,0.21475712482482556
Nr2f1,-0.4275935454479622,0.40553463393344247,0.3038191562467016
Nr2f2,0.14314723014603686,0.29882344375132697,0.3127253593888892
Nr3c1,-0.5650283274426314,0.6967126456164283,0.4910174638013618
Nr3c2,-0.4173447414116849,0.6348465986904145,0.5135350340099115
Nrcam,-0.3377064936543827,0.2400112986475205,0.1769477718627084
Nrf1,-0.13441054473806277,0.1735963722216463,0.15174153655463027
Nrip1,0.15423610008692704,0.07004024315922164,0.08990223926547862
Nrp1,-0.38878250065484654,0.40839218595060167,0.31877485586282794
Nrp2,-0.12449776706363065,0.7034658684755107,0.6740147321380089
Nsf,-0.5870380541434892,-0.04779421574591122,-0.11964559692901079
Nsmf,-0.8304891533003054,0.033407151555459175,-0.09662390201429945
Nsun2,0.16650106229427528,-0.08316044058053026,-0.05814238277730019
Ntn1,-0.42137705775382683,-0.09141827607435002,-0.14048275145035538
Ntng2,-0.5530993915971284,0.07698320871899586,-0.013107242360200623
Ntrk2,-0.7044792676083715,0.40470386414309395,0.18686222441721914
Ntsr2,-0.7627798413885062,0.3883006278985209,0.1430033749811632
Numb,0.35349973266110507,0.26964728079493083,0.29877790918508595
Nup98,0.03965111069772852,-0.12238114449041143,-0.11561259927971831
Nxn,0.5729249469459926,-0.16755019984914368,-0.056630008658815505
Oasl2,0.14936371784017227,-0.7919702720559731,-0.7548427266925795
Ocln,-0.36324449715461465,0.41021344347470534,0.3281851837111771
Odc1,0.40928010872740117,-0.5386377037535235,-0.4300183743558127
Odf2,-0.14381928286972717,-0.25915055429956807,-0.27390775701444886
Odr4,-0.5648603142617089,0.27156331329393185,0.14367554125604526
Ogdh,-0.5082398722907999,-0.00709209771611132,-0.07645891376783696
Ogt,0.19170303943266204,0.4413658023173483,0.4555606928013318
Olfml3,0.013273041292883701,0.2481004345542039,0.24752523072532712
Olig1,-0.5851899091533408,-0.3098024058136918,-0.32986559939838234
Opa1,-0.5546115102254315,0.24718979658697254,0.1268713843839932
Osgep,0.17691787951147514,0.3689550190245992,0.38414302609511053
Osmr,0.3684529057632146,-0.4434763217180534,-0.3572563750998272
Otud5,0.2037999884590877,-0.26552176709446895,-0.22920869973479033
Otud7b,-0.2943590929763575,-0.10480843774361859,-0.1399786267441938
P2rx4,0.45077936441527805,0.23767782252292738,0.2725634244646847
P2rx7,0.146675506945411,0.3730974112665058,0.38582344178231576
P2ry12,-0.09627155266863746,0.26599525356336295,0.2488695632750913
P4hb,0.5830057378013472,-0.47357963715126117,-0.30029028330357066
Pa2g4,0.11021664668521149,-0.48549837778455873,-0.4626184386875937
Padi2,-0.4860621324090195,0.6565814883079473,0.5009319163558724
Pafah1b1,-0.6690284864337075,0.3555843692466158,0.1690498181328439
Pafah1b2,-0.5549475365872767,0.0712887717327426,-0.018148489421816245
Paip1,-0.4707729329450649,-0.18499253683569195,-0.22685611777270306
Pak1,-0.8336814037378344,0.06430875882926153,-0.08032386984840893
Pak2,0.4506113512343554,-0.0057957957817205115,0.05730217493369758
Pakap,0.1271859779583919,-0.32585774481537105,-0.3024748236969374
Palmd,-0.39533501471082716,0.3191922847820564,0.23559427934617014
Panx2,-0.8748446330638662,-0.023384853812340855,-0.1324167561517704
Pard3,-0.0025201977138386775,0.12150282150237798,0.11998168006645185
Park7,-0.08602274863236019,-0.2815346375475669,-0.28970366447417784
Parp1,0.44456287672114264,-0.15372032601222874,-0.07477849808063175
Parva,-0.01747337081594816,-0.12975448124055505,-0.1309043820332857
Parvb,-0.1132408839418179,0.13616981368692158,0.11830126437924664
Patz1,-0.0421713084115672,0.48635011130604466,0.47538959791035335
Paxbp1,0.3630764839736921,-0.11514982636707634,-0.05595784238393342
Paxip1,-0.2264817678836358,-0.13174792861315443,-0.1584631993034511
Pbrm1,0.3600522467170857,-0.41682909237810517,-0.33524292959743895
Pbx2,0.31788093830551845,-0.0386675125055824,0.007729912161143956
Pbx3,-0.49815908143544513,0.01618189241856568,-0.055117634540330813
Pcdh10,-0.6236649275846113,0.5079666898782167,0.306843904483671
Pcm1,-0.4383463890270073,0.14902045908193975,0.07192179141238289
Pcmtd2,-0.26176453587737725,0.3837540520878919,0.33053776567326437
Pcna,0.34476304725313106,-0.4701987473344399,-0.3893523147254466
Pcnt,0.17775794541608803,0.03301098403240413,0.05679805022753602
Pcx,-0.7190964143486358,0.307861448173295,0.1122517679053079
Pdap1,-0.16902126000811393,-0.2667803312544954,-0.28382220956895965
Pdcd4,-0.2871345261966866,0.26299864606906476,0.20971587776320996
Pde7b,0.0858547354514376,0.03358778952430722,0.04503514041709957
Pde8a,-0.5121041754520193,0.3269776491989753,0.20719525423240215
Pdgfa,0.28948671072960275,-0.3321397072132949,-0.2747479648580515
Pdgfb,-0.0858547354514376,0.423685307797213,0.40615647159749874
Pdgfra,-0.011760922664580493,-0.12019173333221642,-0.12065384634133393
Pdgfrb,0.07291772052039906,0.11532901814579848,0.12401467771574434
Pdia3,0.4455709558066781,-0.39770179546102724,-0.2908799554552215
Pdpk1,-0.6532352474269851,0.1576627727059944,0.02772685883888593
Pdxk,-0.49983921324467095,0.5851863420465643,0.43270703945534106
Pecam1,0.538482244856864,-0.1709461152634811,-0.06805683533181092
Peg3,-0.7718525531583255,0.134858786719035,-0.022013445502388224
Per1,0.30628802882186057,0.21219808856261554,0.24248398366371152
Per2,0.06922143054010234,0.1631007001313146,0.17073023382004912
Per3,-0.14969974420201743,0.5524888235368139,0.5202566967587323
Pfkl,0.39617508061544005,0.1726733428079519,0.21190041815657673
Pfkp,-0.21908918792304233,-0.3035260478131256,-0.32364806135572305
Pgam5,0.2395867959955969,-0.24546498454537385,-0.2028261734456686
Pgk1,-0.0218417135199352,-0.4770767498045916,-0.47538959791035335
Phb,-0.4469150612540587,-0.10556373526955544,-0.15543845106648171
Phb2,0.5836777905250375,-0.3072216738063911,-0.16619311146459506
Phc1,-0.2520197713838677,0.3348538593014325,0.2860067499623264
Phc2,0.4979910682545226,-0.47674983293408213,-0.3404522182277751
Phf10,0.4075999769181754,-0.3448764593540424,-0.2554231844551916
Phtf1,0.09862373720155357,-0.31702863499536926,-0.29877790918508595
Pi4ka,-0.48202981606687767,0.17475949956706158,0.08486099220386299
Pias1,-0.26042043042999663,0.37322179841631975,0.3207913546874742
Pias2,-0.43313798041840734,0.3063043392167925,0.2134127922750614
Picalm,0.4286016245334977,-0.25848063396792603,-0.17190652480109278
Pick1,-0.2254736887981003,0.15655211821669673,0.11981363849773133
Piezo1,0.3269536500753377,0.11750402284275029,0.15527040949776122
Pik3c3,-0.5121041754520193,0.5209687975284806,0.3722120747159535
Pik3cb,-0.37567747254288547,0.2566386812845359,0.1835013930428087
Pik3cd,0.6366019425156498,-0.5172289215907093,-0.306843904483671
Pik3cg,0.4430507580928394,0.07641486570245656,0.1292239663460805
Pik3r1,-0.4235612291058204,0.18322491306387859,0.10569814672520758
Pik3r2,-0.37315727482904676,0.5716420217899022,0.47354114065442754
Pink1,-0.7224566779670875,0.608510863513321,0.3165903154694612
Pip4k2c,0.29049478981513815,0.21731305546745203,0.24618089817556296
Pip4p1,-0.23269825557777116,0.43352284863806334,0.3853193170761542
Pip5k1c,0.4396904944743878,-0.23132973703105614,-0.14485183223708892
Pisd,0.35064350858542126,-0.19424020852319973,-0.13157654830816778
Pitpnm1,-0.49883113415913544,-0.049091152880293684,-0.11124351849298475
Pitrm1,0.013441054473806276,-0.12541692610477817,-0.12233426202853914
Pja2,-0.7263209811283067,0.29222637530788437,0.09830431770150466
Pkd1,0.19556734259388134,0.5293973770556774,0.5412618928487974
Pkd2,0.03427468890820601,0.6709170011231956,0.6688054435076727
Pkig,0.5287374803633544,-0.26705550496982644,-0.1512374118484687
Pkm,0.17103741817918489,-0.5181973003316019,-0.48194321909045357
Pkn1,0.5282334408205868,-0.10720750631170772,-0.0169721984407726
Pknox2,-0.022009726700857782,-0.12013628251582498,-0.12199817889109808
Pkp4,-0.5475549566266833,0.3403442105582221,0.206187004820079
Pla2g4a,0.3197290832956668,-0.4168196617718295,-0.3468377978391549
Plaur,0.5109280831855612,-0.5432499012295269,-0.39170489668753394
Plcb4,-0.09291128905018589,0.0072593281684364235,-0.005713413336497707
Plcg1,0.10971260714244375,0.528777395622572,0.5357165210810203
Plcg2,0.49127054101761947,-0.31753702757412555,-0.20585092168263797
Pld2,0.09963181628708903,0.5280960214882984,0.5342041469625356
Plec,0.5260492694685932,-0.2954179441770495,-0.17593952245038527
Plekha1,0.06199686376043146,0.007971270290161224,0.01646807373461104
Plekha2,0.45195545668173603,0.38373550416070684,0.4016193492420447
Plekha5,-0.6547473660552884,0.2489078952786934,0.09561565260197633
Plekhg2,0.5151284127086256,-0.019535592600576874,0.054781551402889775
Plin2,0.7059913862366748,0.18327306561173126,0.2263519930665415
Plk2,-0.3911346851877627,0.6123624928922067,0.5039566645928418
Pllp,-0.5777973291927473,0.34600539308867,0.1996333836399787
Plod1,0.28747055255853177,-0.07174740080497558,-0.02823098354504749
Plod3,0.5448667457319221,-0.41668553416404114,-0.27054692564003846
Plpp3,-0.18263032766284282,-0.12122654044662025,-0.14333945811860424
Pltp,-0.5305856253535028,0.7553593786122194,0.5605866732516573
Plxdc2,-0.07577394459608289,0.3502834955341347,0.33541097116615953
Plxna2,-0.18330238038653313,-0.04571917312978253,-0.06990529258773666
Plxnb2,0.5845178564296505,0.07865325123143663,0.14417966596220685
Plxnd1,0.43481811222763306,0.144619204192821,0.1892148063793064
Pml,0.49614292326437426,-0.4717667691094122,-0.3369233452846442
Pmp22,-0.4580039311949489,0.4477123953683629,0.3307058072419849
Pnkd,-0.7274970733947648,0.43198105352750954,0.19274367932243736
Pnpla2,0.44053056037900074,-0.13857582126249143,-0.062175380426592694
Podxl,-0.006048474513212825,-0.38636554064471995,-0.38347085982022844
Polg,0.09593552630679231,0.17522142417254738,0.18602201657361653
Polk,-0.2693251290188933,0.54530838574094,0.48278342693405624
Polr2a,0.17439768179763646,-0.2624025824682643,-0.23172932326559814
Polr2b,-0.2820941307690093,0.14813211563585033,0.10166514907591508
Polr2e,0.5070637800243418,0.34194402799735163,0.36212958059272227
Polr2f,0.05090799381954128,-0.11144793785209736,-0.10317752319439977
Polr2j,-0.338378546378073,-0.2430699864093591,-0.2734036323082873
Pom121,0.35400377220387286,-0.17650007053503464,-0.11443630829867465
Por,-0.4417066526454588,0.19180424665713983,0.1092270196683385
Ppfibp1,0.5252092035639803,-0.09052288108814247,-0.0035288729431309364
Ppm1h,0.0944234076784891,0.11456164680277375,0.1260311765403906
Ppp1cc,-0.08535069590866987,-0.16751222900775742,-0.1771158134314289
Ppp1r10,0.21707302975197137,-0.15260907123598666,-0.11746105653564404
Ppp1r16b,-0.5687246174229281,0.1468499361133713,0.04083410119908656
Ppp1r1b,-0.6660042491771011,0.39808070368547643,0.20181792403334545
Ppp1r2,-0.4309538090664138,0.2747728600001767,0.18585397500489598
Ppp1r7,-0.5697326965084636,-0.16688440332420726,-0.21475712482482556
Ppp2ca,-0.40877606918463344,0.016733495044702795,-0.041506267473968635
Ppp2r1a,-0.24244302007128074,-0.10041194954723809,-0.13006417418968308
Ppp2r2b,-0.6644921305487979,0.11008140881177013,-0.01058661882939281
Ppp2r5c,-0.20329594891631994,-0.11739089641815205,-0.14199512556884006
Ppp3cb,-0.5015193450538967,0.23858001347060312,0.1349373796825782
Ppp3r1,-0.5806535532684312,-0.006731102199958473,-0.08586924161618613
Ppp4r3a,0.5709087887749217,0.2972578990656921,0.3207913546874742
Ppp5c,-0.4798456447148841,-0.10528655914540246,-0.15795907459728953
Ppp6c,-0.2708372476471965,0.0465841465827026,0.006889704317541352
Ppp6r3,0.20312793573539736,0.20301620064924508,0.2250076605167773
Ppt1,-0.3395546386445311,0.3113513904180859,0.24298810836987308
Praf2,-0.039819123878651094,-0.24982330256610952,-0.25273451935566327
Preb,0.3973511728818981,-0.24510224960439148,-0.16770548558307977
Prelp,-0.5860299750579537,0.7622583604002652,0.5305072324506841
Prep,0.452795522586349,-0.3563048978740841,-0.2518943115120607
Prkaa1,-0.3743333670955048,0.08538067257949572,0.02655056785784228
Prkab1,0.10920856759967601,0.33507577819807083,0.34498934058322916
Prkaca,-0.5774613028309022,0.11058132163018244,0.009410327848349163
Prkacb,-0.6633160382823398,0.4572988629554881,0.24702110601916555
Prkar1a,-0.6345857843445789,0.16667280395066567,0.039657810218042905
Prkar2b,-0.6342497579827338,0.49268357617495184,0.2893675813367368
Prkcd,0.6569315374072818,-0.08340139504950911,0.028735108251209056
Prkce,-0.6431544565716304,0.12546950020777659,0.006049496473938749
Prkci,-0.4761493547345874,0.627595125228424,0.48059888654068944
Prkd3,-0.04099521614510915,0.3776463377855712,0.3680110354979405
Prmt5,0.03209051755621249,-0.4611596009301122,-0.4520318198582009
Prom1,-0.5033674900440451,0.4730521785739652,0.3350748880287185
Prpf19,-0.3785336966185693,0.06857429082488739,0.01041857726067229
Prpf31,0.2400908355383646,-0.37421473963571145,-0.3265047680239719
Prpf4b,0.12668193841562417,-0.11656416362124253,-0.0969599851517405
Prpf8,-0.4885823301228582,0.19501305845815523,0.10082494123231248
Prpsap2,-0.4393544681125427,0.2754340877806005,0.18417355931769078
Prr5l,-0.12600988569193386,-0.17071866060124358,-0.1851818087300139
Prrc2b,-0.5603239583767993,0.4574341636544348,0.29760161820404235
Prrx1,-0.2521877845647903,0.5461842312458928,0.4884968402705539
Psd2,-0.7350576665362809,0.5170372163898301,0.24534069033196035
Psen1,0.3382105331971505,-0.29133840315687154,-0.22467157737933627
Psma4,0.35770006218416955,-0.5565268491851774,-0.4651390622184015
Psmb6,0.5774613028309022,-0.06257215012551015,0.029407274526091137
Psmb8,0.6802853695555202,-0.3504550965409494,-0.16014361499065632
Psmc2,0.21539289794274558,-0.4367491817215288,-0.39254510453113656
Psmd1,-0.06888540417825717,-0.3366273904260952,-0.34213263391498033
Psmd12,0.10467221171476639,-0.1602575862075494,-0.14333945811860424
Psmd13,0.22144137245595846,-0.37349608631821224,-0.33003364096710286
Psmd14,0.3239294128187313,-0.38309689781736833,-0.31406969193865336
Psmd3,0.078126129128999,-0.4012261142569426,-0.3853193170761542
Psmd5,-0.1601165614192173,0.16656732151867001,0.1406507930190759
Psmd6,0.20968044979137793,-0.3994550937294326,-0.3577604998059888
Psmd9,0.36895694530598233,-0.15228529345334285,-0.08906203142187602
Ptar1,-0.52453715084029,0.18842179337074,0.08620532475362716
Ptbp1,0.5858619618770311,-0.4955839342746097,-0.3165903154694612
Ptch1,-0.6411382984005595,0.37245784134563426,0.19425605344092203
Pten,-0.19086297352804912,0.44429905768615935,0.40548430532261664
Ptgds,-0.6382820743248756,0.5427140550479893,0.3253284770429283
Ptgs1,0.35131556130911157,0.34712187801286587,0.37053165902874835
Ptgs2,0.2950311457000478,-0.4846629872016694,-0.4177513398392147
Ptk2,-0.5626761429097153,0.2509997121083434,0.1275435506588753
Ptk2b,0.6629800119204947,-0.028914571845297818,0.07040941729389821
Ptp4a1,0.08619076181328277,-0.11769503728558538,-0.10418577260672289
Ptpa,-0.1928791316991201,-0.36625242530741803,-0.3826306519766258
Ptpn1,0.5630121692715604,-0.5859858273177386,-0.4016193492420447
Ptpn11,-0.4501073116915877,0.001724891351801025,-0.060831047876828526
Ptpn23,0.4343140726848654,-0.17802181228541342,-0.09864040083894571
Ptpn6,0.619800624423392,-0.2841030534368038,-0.1349373796825782
Ptpra,-0.3808858811514854,0.29857321369950757,0.2206385797300438
Ptprc,0.5443627061891543,-0.5976766033881328,-0.4211121712136251
Ptprk,0.10467221171476639,-0.23055094613210123,-0.2125725844314588
Ptprn2,-0.6061915567686631,0.14971670312541885,0.0339443968815452
Ptpru,-0.29251094798620914,0.3344985468192728,0.2762603389765362
Ptprz1,-0.7992387016487058,0.18461101680116135,-0.0008402078436026039
Pygb,-0.6382820743248756,0.30885140777515424,0.1470363726304557
Qdpr,-0.6917102658582556,0.487825023940513,0.2530706024931043
Qsox1,0.6446665751999335,-0.41250090741069495,-0.22299116169213107
Rab10,-0.5033674900440451,-0.28218604671347075,-0.3112129852704045
Rab11a,-0.37181316938166614,0.009967165323397515,-0.04234647531757124
Rab1a,-0.14482736195526263,-0.059265692898506334,-0.07813932945504216
Rab21,-0.4929506728268453,-0.015523778552189737,-0.08166820239817311
Rab23,-0.4711089593069101,0.3395943338362178,0.23139324012815712
Rab27a,0.4672446561456908,-0.011554469663833652,0.05461350983416925
Rab28,-0.4919425937413098,0.05896777717913013,-0.017308281578213642
Rab29,0.5813256059921216,-0.11850061097231726,-0.014955699616126349
Rab32,0.7411061410494936,-0.3310678668218582,-0.11746105653564404
Rab3a,-0.8195682965403378,-0.04510999220445417,-0.13913841890059123
Rab3gap2,0.19002290762343627,0.25566964092408484,0.274916006426772
Rab43,0.5393223107614769,-0.26065796200136393,-0.14266729184372215
Rab4b,0.22127335927503586,-0.5530157163064422,-0.5034525398866803
Rab5a,-0.5268893353732061,-0.011902644630250502,-0.08301253494793727
Rab5b,-0.37114111665797583,0.660925982160563,0.5563856340336443
Rab5c,0.47060491976414226,-0.4482545873837395,-0.3265047680239719
Rab6a,-0.8160400197409637,0.07743006167624897,-0.068729001606693
Rab7,0.42540937409596874,-0.16306221121812148,-0.0872135741659503
Rab8a,0.6144242026338694,-0.26098564405105196,-0.11880538908540819
Rabep1,-0.678773250927217,0.38022950451992327,0.18249314363048558
Rac1,0.4225531500202849,-0.36887607144964735,-0.2725634244646847
Rad23b,-0.0025201977138386775,-0.31507935183672586,-0.3123892762514482
Rae1,0.035786807536509216,-0.10908838855178046,-0.10300948162567924
Raf1,0.6292093625550563,-0.27501130586361755,-0.1245188024219059
Rai14,0.6502110101703787,-0.5567786108935997,-0.32885734998605914
Rala,-0.5458748248174574,-0.2924205772299091,-0.3182707311566664
Ranbp1,-0.042507334773412356,-0.13059275423688252,-0.1351054212512987
Ranbp2,0.044523492944483295,-0.35136177416371667,-0.34146046764009824
Rangap1,-0.0413312425069543,-0.37563549777899574,-0.37742136334628973
Rap1a,-0.4963109364452968,-0.15398051141760502,-0.20114575775846338
Rap1gap,-0.774036724510319,-0.11654195343829295,-0.1803086032371188
Rap2a,0.4012154760431174,0.3151374746186337,0.34146046764009824
Rapgef1,-0.4003754101385045,0.02038272453286139,-0.036969145118514575
Rapgef3,-0.21640097702828107,0.13458847918458666,0.1001527749574304
Rara,0.30309577838433155,-0.372822031733553,-0.30986865272064035
Rarg,-0.2363945455580679,0.7479086419699023,0.686953932929489
Rasgrf1,-0.8511547745537824,0.12661934796072397,-0.052092886303361445
Rb1,0.43515413858947827,-0.17898633936358307,-0.09931256711382778
Rbbp4,0.2684850631142804,-0.35904440298901,-0.30533153036518623
Rbbp7,0.3395546386445311,-0.20708267860712257,-0.14586008164941205
Rbck1,0.07526990505331516,0.3226149903509006,0.3290253915547797
Rbfox2,-0.35971622035524053,0.3610745656659241,0.28382220956895965
Rbms1,0.01008079085535471,0.055095322540637225,0.05595784238393342
Rbp1,0.3419068231774472,0.13995605838809813,0.17761993813759047
Rbpj,0.17557377406409452,0.09449423334347598,0.11645280712332091
Rcan1,0.20027171165971355,-0.3508943966369603,-0.3127253593888892
Rcn2,-0.6307214811833596,0.5160195874294715,0.30919648644575826
Rcor1,0.42574540045781384,0.15470669475212687,0.19761688481533243
Rdx,-0.41028818781293663,0.048794006787006655,-0.012771159222759579
Rela,0.4724530647542906,-0.13120168447824598,-0.04906813806639207
Relb,0.6453386279236238,-0.5453145886765135,-0.3231439366495615
Ret,-0.5616680638241799,0.07240456666070921,-0.018484572559257288
Retreg3,0.31653683285813783,0.04776700009370605,0.08872594828443497
Rev1,-0.26042043042999663,0.5006344840073855,0.44262149200985174
Rgcc,-0.5399943634851672,0.17220046747352563,0.068729001606693
Rgmb,-0.384246144769937,0.5577529464896448,0.4567369837823755
Rgs3,0.28528638120653826,0.11291356688571591,0.14670028949301467
Rgs6,-0.6498749838085335,0.23458245119593885,0.0865414078910682
Rhbdf2,0.7243048229572357,-0.42405453655134884,-0.1892148063793064
Rheb,-0.7857976471748995,-0.21787696910365034,-0.24231594209499097
Rhoa,0.43313798041840734,-0.06722289458977143,0.0
Rhoc,0.4672446561456908,-0.3360832855359302,-0.2295447828722314
Rhog,0.4660685638792326,-0.3076616297402299,-0.20501071383903535
Rhoj,0.293351013890822,-0.30791109368821784,-0.2508860620997375
Rhot2,-0.5830057378013472,0.4357791737576062,0.2698747593651564
Ric8a,0.360724299440776,0.17894487151904828,0.21526124953098716
Ric8b,-0.3998713705957368,0.49532457050018275,0.3942255202183418
Rictor,-0.0772860632243861,-0.07339879012545361,-0.08318057651665779
Rif1,-0.4653965111555423,0.04422276410913929,-0.02571036001423968
Ring1,0.14381928286972717,-0.021529844165652647,-0.0011762909810436454
Riok3,0.394998988348982,-0.2631277044497935,-0.18467768402385235
Rlim,0.204472041182778,-0.18262596901542907,-0.1487167883176609
Rnase4,0.40642388465171736,0.4096579419717135,0.4269936261188433
Rnaset2a,0.23152216331131314,0.1346720770271666,0.16182403067786152
Rnd2,-0.6922143054010232,0.163325888283387,0.02083715452134458
Rnf10,0.3728212484672016,-0.18768195374429766,-0.12082188791005445
Rnf13,-0.5641882615380186,0.1901222140675185,0.07729912161143956
Rnf130,-0.10433618535292123,0.625796304669645,0.6019248991569055
Rnf14,-0.46354836616539397,0.03124398831074963,-0.03680110354979405
Rnf19a,-0.37886972298041444,0.27948337762965286,0.2036663812892712
Rnf2,0.3162008064962927,0.021519318229230165,0.06402383768251843
Rnf220,-0.4687567747739939,0.35718098071580695,0.24752523072532712
Rnh1,0.7172482693584875,-0.32466700476310245,-0.12468684399062643
Robo1,-0.6880139758779589,0.4924606112798174,0.2586159742608815
Rock1,-0.48236584242872277,0.17194451903092767,0.08234036867305519
Rock2,-0.42540937409596874,-0.01767717098881019,-0.07477849808063175
Rora,-0.4805176974385744,0.4469640349815104,0.32163156253107683
Rp2,0.5317617176199608,-0.06819920081600095,0.01646807373461104
Rpa1,-0.044523492944483295,0.032730386960240145,0.026214484720401245
Rph3a,-0.8073033343329895,-0.04498079668927911,-0.1381301694882681
Rpn1,0.23689858510083564,-0.3021962582336967,-0.2579438079859994
Rptor,-0.12600988569193386,0.28425065524076654,0.2618087640665714
Rras2,0.027722174852225445,0.025146617138866206,0.028735108251209056
Rsbn1,-0.4349861254085557,0.11845509308047628,0.04537122355454061
Rsf1,0.08333453773759893,0.2922339194547849,0.2999542001661296
Rsrp1,0.39264680381606587,0.03363224518649972,0.08502903377258353
Rtcb,0.37164515620074356,0.07065980268584006,0.11645280712332091
Rtf1,-0.014281120378419172,-0.4536332278817346,-0.45119161201459834
Rtn3,-0.7007829776280748,-0.18534876383075896,-0.2280324087537467
Rtn4,0.5368021130476383,0.06022210216522515,0.12468684399062643
Rubcn,0.14449133559341748,-0.00962357828894376,0.01058661882939281
Ruvbl1,0.006720527236903138,-0.4836841574857592,-0.4780782630098817
Ruvbl2,0.21740905611381653,-0.319377429926598,-0.2786129209386235
Rxra,-0.28898267118683496,0.6350932421719319,0.562099047370142
Rxrb,0.17943807722531382,0.5479715763489481,0.5587382159957317
Ryk,-0.3832380656844015,0.6411161352122551,0.533363939118933
S100a1,-0.2410989146239001,0.49789009303208814,0.4451421155406596
S100a10,0.36694078713491135,-0.31272941159986956,-0.23727469503337534
S100b,-0.7369058115264292,0.3673498047835414,0.14384358282476578
S1pr1,0.2676449972096675,0.02119356241577821,0.05730217493369758
Sacm1l,-0.7605956700365127,-0.1262206989277206,-0.18652614127977807
Samd8,-0.2350504401106873,0.5365854891525539,0.48395971791509984
Samhd1,0.5709087887749217,-0.658584466619323,-0.4564009006449345
Sap130,0.16515695684689466,-0.08776787210056422,-0.06284754670147479
Saraf,-0.23454640056791956,0.4753544015961664,0.4251451688629176
Sardh,-0.2232895174461068,0.43101866474080275,0.3851512755074336
Scamp4,0.44221069218822656,-0.12572293988504332,-0.05041247061615624
Scarb1,0.010584830398122443,-0.1706589199130994,-0.16753744401435924
Scarb2,-0.19455926350834588,0.4567448815142225,0.41674309042689156
Scn4b,-0.6806213959173654,-0.21142264799069407,-0.2476932722940476
Scn8a,-0.8743405935210983,-0.13221985210255402,-0.18467768402385235
Scrib,0.40087944968127226,-0.0393561373673857,0.019828905109021452
Sdc2,-0.5186566895079998,0.649867250454944,0.47841434614732264
Sdcbp,0.7081755575886682,-0.3472288806741013,-0.1446837906683684
Sdccag8,0.28831061846314465,0.18983871447499842,0.21996641345516169
Sdha,-0.6135841367292566,0.35774783547280825,0.1947601781470836
Sdhb,-0.18095019585361702,0.143572302998734,0.1147723914361157
Sdhc,-0.02755416167130287,-0.27197513321524247,-0.2730675491708463
Sec22b,0.08249447183298604,0.2078833485147882,0.21660558208075129
Sec23a,-0.596278779094231,0.13011199066885323,0.02083715452134458
Sec24c,0.5344499285147222,-0.3141027855543638,-0.18887872324186536
Sec61a1,0.4581719443758715,-0.39414155002887546,-0.28348612643151855
Sel1l,0.2842783021210028,-0.19686587048762602,-0.14754049733661725
Selenof,0.5324337703436511,-0.09620724814332691,-0.006889704317541352
Selenon,0.46489247161277464,-0.09223322939399464,-0.01646807373461104
Selenoo,0.027890188033148026,0.5083836981756492,0.5071494543985318
Selenop,0.037466939345735,0.4754503763230264,0.47572568104779434
Selenos,-0.006384500875057982,-0.191864705223235,-0.1908952220665116
Selp,0.5079038459289547,-0.5810249087923999,-0.42531321043163806
Selplg,0.5374741657713286,-0.45013132615067303,-0.3014665742846143
Sema3c,-0.5818296455348893,0.1997953066382831,0.08032386984840893
Sema4d,0.3424108627202149,-0.10840923722097151,-0.053437218853125606
Sema5a,-0.2580682458970805,0.26620748724214277,0.2189581640428386
Sema6a,0.000336026361845157,-0.28832947667179387,-0.2855026252561648
Sema6d,-0.5485630357122188,0.4286535794381365,0.2789490040760645
Sept10,0.023689858510083567,-0.2855680747216653,-0.27945312878222606
Sept11,0.33972265182545364,-0.1239532456781864,-0.06839291846925197
Sept2,0.4218810972965945,-0.2352086819481323,-0.1527497859669534
Sept4,-0.6570995505882045,0.20770140273152857,0.06402383768251843
Sept5,-0.7249768756809261,-0.18582359841978668,-0.22719220091014408
Sept6,-0.11475300257012108,-0.04089016304825818,-0.05612588395265395
Sept7,-0.490262461932084,-0.3548651483333801,-0.3742285735405998
Sept8,-0.5559556156728122,0.32770298396637326,0.19274367932243736
Sept9,0.4065918978326399,0.2144716042199899,0.25038193739357595
Serpina3n,0.7508509055430032,-0.39203959779169784,-0.15241370282951236
Serpine2,-0.6644921305487979,0.3602969028512869,0.1745951899006211
Serping1,0.4905984882939291,0.3603404229258826,0.3789337374647744
Sesn1,-0.3713091298388984,0.6580752339943348,0.553696968934116
Set,-0.14785159921186905,-0.33851290193573114,-0.35204708646949107
Setbp1,-0.11021664668521149,0.635388613766323,0.6101589360242109
Setd1a,0.2669729444859772,-0.16147187710884364,-0.11712497339820298
Setd1b,0.06115679785581856,0.3603201538219519,0.3646502041235301
Setd5,0.013777080835651436,-0.09169543724016387,-0.0888939898531555
Setx,0.1241617407017855,-0.24442214583455188,-0.22299116169213107
Sez6l2,-0.7095196630360489,-0.22587015080330075,-0.25592730916135314
Sf1,0.13004220203407574,-0.48057138417276357,-0.4538802771141266
Sf3a1,-0.19338317124188784,0.06579227691081257,0.0371371866872351
Sf3b6,-0.12668193841562417,-0.2999568450331694,-0.3122212346827276
Sfpq,0.4188568600399881,-0.4449699499662655,-0.34213263391498033
Sfxn1,0.43733830994147177,0.056688229210823705,0.11107547692426424
Sfxn3,0.09341532859295364,-0.30931994987329,-0.29205624643626515
Sgk1,0.6702045787001656,-0.1944498134860561,-0.0500763874787152
Sgta,0.07560593141516031,0.2756105971345111,0.28264591858791593
Sh3bp1,0.5379782053140962,-0.2346055825493338,-0.12132601261621599
Sh3bp2,0.8036070443526928,-0.3847397594561083,-0.11544455771099776
Sh3bp4,-0.1194573716359533,0.5047546765089852,0.4797586786970869
Sh3bp5,0.490262461932084,-0.33546823355812505,-0.22164682914236689
Sh3gl1,0.6733968291376946,-0.39342963342895637,-0.1947601781470836
Sh3gl2,-0.8281369687673893,-0.06728279285119919,-0.15207761969207131
Shank3,0.20917641024861022,-0.24369480201492946,-0.2070272126636816
Sharpin,0.435658178132246,-0.4379336811368748,-0.33003364096710286
Shc1,0.5075678195671096,-0.3606684031791792,-0.2374427366020959
She,-0.13273041292883697,0.03653685477631497,0.017476323146934165
Shoc2,-0.07980626093822478,0.16899403820505615,0.1557745342039228
Sin3a,0.25403592955493864,0.025361898610023286,0.059486715327064364
Sin3b,-0.2515157318411,0.2370860288925307,0.1924075961849963
Sirpa,0.49244663328407745,0.17858215265477523,0.22215095384852848
Sirt2,-0.3427468890820601,0.2638050367863012,0.1979529679527735
Sirt7,0.5230250322119868,-0.009594085481863886,0.06435992081995946
Ska2,-0.25722817999246766,0.16787155820961214,0.12502292712806748
Skp1a,-0.5154644390704708,0.15523252966745912,0.060326923170666964
Slc11a1,0.566372432890012,-0.03210302224804976,0.05226092787208196
Slc12a2,-0.23538646647253245,-0.4193387940516926,-0.436235912398472
Slc12a5,-0.8474584845734857,0.08555205436017542,-0.07242591611854446
Slc12a7,0.7211125725197067,-0.048614546354564116,0.06654446121332624
Slc14a1,-0.15322802100139157,0.09054444389785936,0.06738466905692884
Slc16a1,0.10265605354369545,0.06744148342481761,0.08065995298584998
Slc16a2,-0.6071996358541987,0.7210776445259743,0.4832875516402178
Slc1a1,-0.6008151349791406,-0.30961782089322526,-0.32835322527989763
Slc1a3,-0.43381003314209765,0.456045171430611,0.3468377978391549
Slc20a2,-0.37315727482904676,-0.1675915914654827,-0.20568288011391744
Slc22a5,-0.2563881140878548,0.4017133968963068,0.34902233823252166
Slc22a8,-0.7540431559805322,0.5072698179809633,0.22551178522293888
Slc25a20,0.45077936441527805,-0.23715765404217287,-0.1472044141991762
Slc25a22,-0.3388825859208408,-0.3303309365969205,-0.3547357515690194
Slc25a28,0.07157361507301843,-0.03623543422677685,-0.0258784015829602
Slc2a1,0.06216487694135404,-0.051724488547039815,-0.042514516886291764
Slc31a1,0.453971614852807,-0.48260412538756203,-0.3629697884363249
Slc32a1,-0.6912062263154879,-0.04558707917517235,-0.12838375850247788
Slc40a1,-0.4885823301228582,0.4742706439150177,0.34213263391498033
Slc52a3,0.054268257437992844,0.1390454167225085,0.14501987380580944
Slc6a11,-0.8019269125434672,0.4320245393030321,0.14451574909964787
Slc6a8,-0.18061416949177186,0.4191943070873853,0.3833028182515079
Slc6a9,-0.7002789380853071,0.4269636131517223,0.20484267227031483
Slc8a1,-0.5746050787552184,0.01818539540023981,-0.06486404552612103
Slc8b1,0.6191285716997017,-0.030557150646750807,0.06200733885787217
Slc9a1,0.5383142316759414,-0.18599691790603837,-0.08065995298584998
Slc9a3r1,0.2021198566498619,-0.2967195159620573,-0.25979226524192517
Slc9a3r2,-0.5944306341040827,0.5861802668760147,0.3844791092325516
Slc9a8,-0.12853008340577254,-0.15296695946121655,-0.16804156872052078
Slc9a9,-0.3373704672925376,0.41603015132682414,0.3411243845026572
Slk,0.4526275094054264,-0.6586084777737083,-0.5189123642089682
Smad1,0.6717166973284687,-0.31580073365834205,-0.13863429419442966
Smad2,0.46590055069831016,-0.22955735358847812,-0.1366177953697834
Smad3,0.01965754216794168,0.3534720349248668,0.35271925274437316
Smad4,-0.2577322195352354,0.2620950848032712,0.2150932079622666
Smad5,-0.17036536545549458,0.18845933895801706,0.16031165655937685
Smad7,-0.24395513869958393,0.2958853979303178,0.25038193739357595
Smap1,-0.30931226607846696,-0.02676355626203196,-0.06805683533181092
Smap2,0.1801101299490041,-0.22502221125054397,-0.19425605344092203
Smarca2,-0.16549298320873979,0.07302423642858544,0.04839597179150999
Smarca4,0.2249696492553326,-0.4882009993269842,-0.43993282691032337
Smarcb1,0.20884038388676504,-0.23530067132500376,-0.19896121736509662
Smarcc1,-0.006048474513212825,-0.3970554328724821,-0.39405747864962126
Smarcc2,-0.5636842219952507,0.23453449729991122,0.11376414202379256
Smarcd1,-0.06283692966504434,-0.1387644967702321,-0.14586008164941205
Smarcd2,0.4711089593069101,-0.14877121931261394,-0.06469600395740051
Smarcd3,-0.6505470365322238,0.3499437238785355,0.1730828157821364
Smc1a,-0.2395867959955969,-0.39558348045056035,-0.4135503006212017
Smc3,-0.48774226421824535,-0.06120442997539577,-0.12048580477261339
Smc5,0.12214558253071454,-0.030379089826262334,-0.0129392007914801
Smdt1,-0.49278265964592266,-0.040118801109030294,-0.10284144005695872
Smg9,0.6176164530713985,-0.08957139906835092,0.015795907459728954
Smim7,-0.16750914137981074,0.14321200190768804,0.11662084869204142
Smo,-0.20548012026831347,0.5456883006688844,0.500427791649711
Smpd1,-0.5378101921331737,0.256082981247588,0.13930646046931175
Smtn,-0.44153863946453625,0.6981976875853788,0.5592423407018933
Smurf1,0.5682205778801603,0.1962097880432118,0.23861902758313952
Smurf2,-0.2542039427358612,0.2706299503947182,0.2239994111044542
Smyd2,-0.4055838187471044,0.007308604309964954,-0.04957226277255363
Snap25,-0.8294810742147699,-0.09331200426004528,-0.1665291946020361
Snapin,-0.49681497598806457,0.3150866411030222,0.201985965602066
Sncb,-0.8545150381722342,-0.18800146157972483,-0.2150932079622666
Snf8,-0.3424108627202149,0.23013000566942954,0.16669723617075663
Snrk,-0.0413312425069543,0.3766796787481858,0.3670027860856174
Snrpa,0.09811969765878582,-0.04226568026099465,-0.028062941976326975
Snrpn,-0.8224245206160217,-0.06948969405418311,-0.15308586910439442
Snx27,-0.6977587403714685,0.21608381261742404,0.056630008658815505
Snx5,0.25134771866017735,0.24924663880434966,0.2737397154457284
Snx6,0.2663008917622869,-0.1361702884593474,-0.09309502907116853
Socs2,0.6651641832724882,-0.3313977532919912,-0.15291782753567393
Socs3,0.5368021130476383,-0.5250065260717229,-0.36431412098608906
Sod1,-0.4497712853297426,-0.031764204161650274,-0.09040636397164017
Sod2,-0.033434623003593116,-0.5952968783583674,-0.5938589038583204
Sorbs1,-0.4055838187471044,0.19758066091227958,0.12267034516598017
Sorl1,-0.29872743568034454,0.05854419426403145,0.013947450203803226
Sort1,-0.4385144022079298,0.4349010474646536,0.32633672645525136
Sos1,-0.3524916535755696,0.2111602368736662,0.14686833106173516
Sox13,-0.32745768961810545,0.5924232671157157,0.5089979116544575
Sox17,-0.4282655981716525,0.6188989327955762,0.49454633674449267
Sox18,0.17204549726472038,0.05928058530631432,0.08166820239817311
Sox9,-0.4171767282307624,0.3119625023905399,0.22299116169213107
Sp1,-0.3269536500753377,0.5841597022409413,0.501436041062034
Sp3,0.015793239006722377,-0.18209034901581697,-0.17812406284375204
Spag9,-0.5339458889719544,0.47043058770836066,0.3199511468438716
Spast,0.2429470596140485,0.01656642314627162,0.04957226277255363
Spi1,0.6550833924171334,-0.4727409056682488,-0.26298505504761505
Spon1,0.38508621067454984,0.04955433302207844,0.09864040083894571
Spop,-0.05477229698076058,-0.2764542835584021,-0.28096550290071076
Spred1,-0.7021270830754555,0.19345860135467385,0.03915368551188134
Spry1,0.5993030163508374,-0.523766623833416,-0.3322181813604696
Spsb1,0.5475549566266833,-0.4234828153663801,-0.2750840479954925
Sptan1,-0.2143848188572101,0.47923995343827847,0.4338833304363847
Sptb,-0.8602274863236017,0.17742395333170824,-0.02957531609481166
Sptlc2,0.24093090144297755,-0.3134011925821076,-0.26785826054051015
Sqstm1,-0.14314723014603686,0.40735171845137697,0.37943786217093595
Sra1,0.5779653423736699,-0.43736272904817497,-0.2734036323082873
Srebf1,0.38004581524687253,0.3877376919002215,0.40783688728470396
Srebf2,-0.25336387683124834,-0.4153705966604727,-0.43304312259278205
Srf,0.2647887731339837,-0.037355472349701116,0.0010082494123231248
Srgap1,-0.11038465986613406,-0.0430211181041493,-0.05763825807113863
Srp72,0.5581397870248057,-0.21801892003489845,-0.1018331906446356
Srrm1,-0.11139273895166953,-0.19159891922315306,-0.20400246442671224
Srsf1,0.18145423539638475,-0.13658333676617887,-0.10788268711857434
Srsf2,0.2325302423968486,-0.22203547696109166,-0.18165293578688296
Srsf4,0.13138630748145638,-0.07485192299334273,-0.05528567610905134
Ssr2,0.22446560971256482,-0.4917269505123875,-0.4434616998534544
Ssrp1,0.34677920542420193,-0.472680920306608,-0.39103273041265185
Stab1,0.4640524057081618,0.2439264869252893,0.27827683780118245
Stag2,-0.5026954373203547,0.19616953645632706,0.09830431770150466
Stam2,0.1411310719749659,0.07912344547629249,0.09712802672046102
Stat1,0.4905984882939291,-0.6033373317583172,-0.452703986133083
Stat2,0.19170303943266204,-0.765884655464482,-0.7178735815740649
Stat3,0.5929185154757795,-0.37481586324577726,-0.2167736236494718
Stat5b,0.35820410172693734,0.23838272764594573,0.2700428009338769
Stat6,0.5425145611990059,0.09508292590245097,0.15426216008543808
Stim1,0.3818939602370209,0.09311077292276679,0.1381301694882681
Stim2,-0.24462719142327424,0.3676067892427674,0.319110939000269
Stip1,-0.4687567747739939,-0.22408126170372478,-0.2609685562229688
Stk11,0.7137199925591133,-0.11419680400477183,0.019660863540300933
Stk3,0.14566742785987555,-0.47611931468609225,-0.44631840652170324
Stk38,-0.0858547354514376,0.2070553711890291,0.1924075961849963
Stk39,-0.8587153676952985,0.2350683410026991,0.0003360831374410416
Stk4,0.44741910079682645,-0.34964107180321824,-0.2476932722940476
Stmn2,-0.7743727508721642,-0.0924082683573088,-0.16518486205227195
Stmn4,-0.7636199072931191,0.13127758057071595,-0.0218454039336677
Stom,0.4255773872768912,-0.1263513688006016,-0.05427742669672821
Strn3,-0.6612998801112688,0.3056393749373639,0.13544150438873975
Stub1,0.1453314014980304,0.03416007165851779,0.053605260421846136
Stx1a,0.6364339293347272,-0.33782147133014206,-0.1698900259764465
Stxbp1,-0.8331773641950667,0.12024239968960786,-0.04957226277255363
Sufu,0.57275693376507,0.10614775863637126,0.16552094518971297
Sulf2,-0.0421713084115672,0.4316652358422152,0.4212802127823456
Sult1a1,0.009744764493509552,0.3960408827641631,0.3935533539434597
Sumo1,-0.08568672227051502,-0.09049245457271443,-0.10116102436975352
Sumo3,0.11038465986613406,0.1304302759237258,0.14367554125604526
Sun1,-0.586702027781644,0.46048106773620634,0.28802324878697266
Supt16,0.21035250251506823,-0.45948880347660476,-0.4157348410145684
Supt20,0.0241938980528513,-0.07619843127459412,-0.07208983298110343
Supt5,0.24966758685095164,0.19365530077524865,0.22030249659260276
Supt6,0.0218417135199352,-0.23777636306112893,-0.23240148954048026
Suz12,-0.46590055069831016,0.11622628208573348,0.037305228255955614
Sv2a,-0.5833417641631925,-0.17507879585913047,-0.22164682914236689
Svil,0.3664367475921437,0.27498449182293755,0.30415523938414263
Syk,0.7679882499971061,-0.46498958341867336,-0.18854264010442434
Syn1,-0.7177523089012553,-0.06293667291824917,-0.14283533341244267
Syn2,-0.7421142201350291,-0.005363124913348218,-0.10637031300008967
Syncrip,0.2600844040681515,-0.5333994466218889,-0.4740452653605891
Syne1,-0.4354901649513234,0.5379563614725481,0.4192637139576994
Synj2bp,0.11693717392211463,0.04537680261706234,0.060831047876828526
Synpo2,-0.28243015713085445,0.439338954461179,0.3782615711898923
Syp,-0.7113678080261973,-0.184335519828469,-0.22685611777270306
Syt2,-0.7251448888618487,-0.2740523489836091,-0.2873510825120905
Taf15,-0.06686924600718623,-0.11663820231786613,-0.1245188024219059
Taf4,-0.1381068347183595,0.3397021037832717,0.31406969193865336
Taf5l,-0.12769001750115963,-0.22286859139421683,-0.23660252875849327
Tagln,0.5045435823105032,-0.05993175779019273,0.018652614127977807
Tap1,0.6191285716997017,-0.6403073864518845,-0.4122059680714375
Tardbp,0.49076650147485174,-0.4702257087888268,-0.3377635531282468
Tbc1d22a,0.6013191745219084,0.09285666706542701,0.1567827836162459
Tbck,-0.3496354294998858,0.30177095864172343,0.23156128169687765
Tbk1,0.44153863946453625,-0.25473409478027065,-0.16518486205227195
Tbl1xr1,-0.04049117660234141,0.13455988705770253,0.1275435506588753
Tbpl1,-0.06770931191179913,-0.14254744857281373,-0.1502291624361456
Tbx1,0.14852365193555936,0.5416039185260307,0.5510083038345877
Tbx3,-0.5131122545375546,0.459227446226716,0.3192789805689895
Tcaf1,-0.5809895796302763,0.321459734915063,0.1786281875499136
Tceal5,-0.738585943335655,0.21466594350941154,0.04100214276780707
Tceal9,0.49580689690252905,-0.483917559375784,-0.347509964114037
Tcf12,-0.13961895334666272,0.7053196776088307,0.6723343164508037
Tcf3,0.03763495252665758,0.11053392049538963,0.11460434986739516
Tcf7,-0.3291378214273312,0.47677928723471946,0.4002750166922805
Tcf7l1,-0.0015121186283032063,0.3287079756620793,0.3253284770429283
Tcf7l2,0.33602636184515694,-0.16610608886326542,-0.1083868118247359
Tcp1,-0.07610997095792804,-0.41611199289657097,-0.4214482543510661
Tead1,0.03192250437528991,-0.30529002599543176,-0.2977696597727628
Tec,0.28243015713085445,0.28993250517054675,0.31457381664481493
Tecr,-0.6345857843445789,-0.31940509110767556,-0.3323862229291901
Tek,-0.3585401280887825,0.40507328977825974,0.3248243523367667
Terf1,-0.34862735041435033,0.15123999066013508,0.09208677965884539
Terf2,-0.04569958521094135,0.1915415606120634,0.18316530990536767
Tet2,-0.28310220985454476,-0.1152788973541505,-0.1487167883176609
Tet3,0.06132481103674114,-0.02474442642946154,-0.015963949028449474
Tfeb,-0.018145423539638474,0.3139486018006563,0.30835627860215564
Tfpi,0.25672414044969993,-0.29523313828444503,-0.24702110601916555
Tfrc,-0.6216487694135403,0.4716903842397253,0.2797892119196671
Tgfa,0.05662044197090895,-0.0973270134792013,-0.08838986514699394
Tgfb1,0.24647533641342265,-0.160407333517673,-0.11981363849773133
Tgfb1i1,0.2802459857788609,-0.07141854815179868,-0.029071191388650094
Tgfb2,-0.5200007949553803,0.4747073185386195,0.3295295162609413
Tgfbr1,0.21488885839997787,0.2185328902083106,0.24113965111394733
Tgfbr2,0.2745335376274932,-0.3132707778860494,-0.26029638994808674
Tgfbr3,-0.3474512581478923,0.7367336320358174,0.6360373376071712
Tgm2,0.4811897501622648,-0.32067107743042716,-0.21173237658785618
Thap12,-0.3761815120856532,-0.23255009175846483,-0.26550567857842283
Thbd,0.0023521845329160986,-0.04139116120753885,-0.040666059630366035
Thbs2,0.02066562125347715,0.7199203484678849,0.7156890411806981
Thra,-0.6182885057950888,0.330250851913564,0.1714024000949312
Thrap3,0.20749627843938442,-0.2620982919865872,-0.22517570208549786
Thumpd1,-0.17355761589302357,-0.12541437709441486,-0.1463642063555736
Tiam1,-0.3755094593619629,0.3364153647616843,0.25676751700495576
Tie1,-0.025874029862077083,0.7523197232562812,0.7412313596262171
Timp1,0.6192965848806242,-0.5494644455433382,-0.34146046764009824
Tirap,0.6690284864337075,-0.3457676559783581,-0.16182403067786152
Tjp1,0.12315366161625002,0.5699542497399459,0.577222788554989
Tjp2,0.07863016867176673,-0.1923014142201001,-0.17896427068735463
Tle1,0.15961252187644956,0.4873542934359421,0.49857933439378516
Tle4,-0.3691249584869049,0.4081033794116412,0.32448826919932566
Tln1,0.4390184417506976,-0.041534913434572426,0.02386190275831395
Tlr2,0.6340817448018111,-0.3282123489035427,-0.16350444636506672
Tmem106b,-0.6011511613409858,0.39187034506279106,0.22685611777270306
Tmem109,-0.0913991704218827,0.3433975796426298,0.3260006433178103
Tmem173,0.5746050787552184,-0.6078057272986933,-0.4130461759150401
Tmem176a,0.48169378970503246,-0.3345999343770479,-0.2236633279670132
Tmem259,0.2968792906901962,-0.0020884439705168853,0.03915368551188134
Tmem63b,-0.41633666232614946,0.5434843165325972,0.4316987900430179
Tmem94,-0.18296635402468797,0.5890263849750884,0.5481515971663389
Tmem98,-0.27839784078871255,0.13135110978791012,0.08637336632234768
Tnfaip3,0.5987989768080697,-0.5374146697348167,-0.343308924896024
Tnfrsf11a,0.5937585813803924,-0.40076601194807643,-0.23710665346465484
Tnfrsf14,0.6145922158147921,-0.042520781823099964,0.05192484473464093
Tnfrsf1a,0.490262461932084,-0.37596156221955557,-0.25659947543623524
Tnfrsf1b,0.6920462922201007,-0.22766291017887608,-0.06688054435076728
Tnfsf10,-0.21354475295259723,0.16987179854329612,0.1347693381138577
Tnfsf12,-0.3366984145688473,0.7264872512035425,0.630828048976835
Tnfsf13,-0.11492101575104367,0.6661128045385939,0.6393981689815816
Tnks2,-0.21656899020920367,0.22881865814421312,0.19123130520395265
Tnpo1,-0.1560842450770754,-0.2792027404009028,-0.29474491153579346
Tns2,-0.4596840630041747,0.4954153984849506,0.37204403314723306
Togaram1,-0.1201294243596436,0.1560521611095468,0.13678583693850394
Top2b,-0.17809397177793318,-0.11349209457192443,-0.13527346282001923
Tor1a,0.7789091067570738,-0.5297954009799529,-0.22114270443620537
Tpcn1,-0.5725889205841475,0.4195267611892172,0.2613046393604098
Tpi1,-0.32191325464766035,-0.11516670135723958,-0.15258174439823288
Tppp,-0.6492029310848432,0.06697210556429554,-0.03948976864932238
Tpr,-0.29603922478558325,-0.11598832195596995,-0.15073328714230716
Traf2,0.7152321111874166,-0.15772432369916342,-0.010082494123231247
Traf3,0.13373849201437246,-0.2923093578129812,-0.26836238524667166
Trappc10,-0.5509152202451348,0.12690552433526658,0.028567066682488533
Trem2,0.3277937159799506,0.3210831340246318,0.3458295484268318
Trim2,-0.7851255944512092,0.2781513773564785,0.06183929728915165
Trim24,-0.04032316342141884,0.2618973287680267,0.2535747271992659
Trim27,0.5668764724327797,-0.38605661969848226,-0.23643448718977272
Trim28,0.44758711397774903,-0.15995512262942277,-0.07965170357352686
Trim33,-0.408944082365556,0.5606236624691343,0.4500153210335546
Trim34a,-0.20178383028801675,0.19980865447088694,0.16585702832715402
Trim65,-0.09660757903048263,0.5323333092012791,0.5113504936165447
Trp53,0.5366340998667157,-0.36826772479494796,-0.23340973895280334
Trp53bp1,-0.0935833417738762,0.07143425529495381,0.05747021650241811
Trpm7,-0.045027532487251026,0.21573015256109773,0.20719525423240215
Trrap,0.24378712551866136,0.2764340273903445,0.2992820338912475
Tsc2,-0.30847220017385407,0.3057928489624565,0.24534069033196035
Tsc22d3,0.13390650519529504,0.18365109791915896,0.1987931757963761
Tsc22d4,0.0826624850139086,-0.2518404766557926,-0.23710665346465484
Tshz1,-0.4435547976356071,0.49841873150036115,0.3809502362894206
Tspyl2,-0.6033353326929793,0.1688084562774,0.049740304341274154
Tssc4,0.6194645980615469,-0.47653076011700507,-0.28466241741256226
Ttbk1,-0.8440982209550343,-0.057311947583842414,-0.14737245576789673
Ttyh1,-0.6315615470879725,0.31134758565567605,0.15157349498590977
Tubb2b,0.21841713519935202,-0.3856684309489909,-0.3424687170524214
Tubb3,-0.5697326965084636,-0.3372166038105939,-0.35339141901925525
Twf1,-0.1216415429879468,-0.19893398509959126,-0.21240454286273824
Twf2,0.2899907502723704,0.0946630160979905,0.12989613262096258
Txnip,0.285790420749306,0.4613169359965379,0.4774060967349995
Ubac1,-0.5121041754520193,-0.04658371688156918,-0.11057135221810269
Ubap1,-0.3514835744900342,0.096922858114966,0.041170184336527596
Ube2b,-0.06350898238873466,0.0005709487377809953,-0.00823403686730552
Ube2g1,-0.09240724950741816,-0.249614940995872,-0.25895205739832255
Ube2g2,0.5250411903830577,-0.22126983377018902,-0.11376414202379256
Ube2i,0.23135415013039057,-0.1841299104323772,-0.14535595694325049
Ube2m,-0.08703082771789565,-0.2866978719074379,-0.294912953104514
Ube2r2,0.24093090144297755,0.13660544540054304,0.16468073734611038
Ube3a,-0.6318975734498176,-0.22375176729467455,-0.2592881405357636
Ubr5,-0.022345753062702936,-0.14113545407563088,-0.14283533341244267
Ubr7,0.5576357474820379,-0.29429428043233974,-0.16468073734611038
Ubtf,0.006216487694135403,0.3003141666842595,0.2982737844789244
Ubxn7,-0.3138486219633766,0.3296690119763929,0.26651392799074597
Uchl1,-0.7442983914870226,-0.2874472653641798,-0.29323253741730876
Ufd1,0.02671409576668998,-0.02936874037175854,-0.02537427687679864
Ugt8a,-0.8108316111323638,-0.45850068670003724,-0.37809352962117176
Ulk1,-0.06149282421766372,0.1466578318274897,0.1364497538010629
Unc13b,-0.0913991704218827,0.4408611883696522,0.42212042062594823
Unc93b1,0.4175127545926075,-0.022633021964987107,0.037473269824676136
Uri1,-0.23605851919622275,0.020361820396164812,-0.013107242360200623
Usp14,-0.22580971515994547,-0.42287218581867975,-0.43926066063544134
Usp18,-0.4657325375173875,-0.607639364336321,-0.5970516936640103
Usp22,-0.4151605700596914,0.3769878149607791,0.2821417938817544
Usp25,0.02671409576668998,-0.034970104346206184,-0.030919648644575824
Usp32,-0.5463788643602252,0.1712797757548108,0.06637641964460571
Usp47,-0.10248804036277287,0.09100111022163195,0.07545066435551384
Usp54,-0.0109208567599676,0.04836160892371566,0.04637947296686374
Usp7,0.11559306847473398,-0.2537226574213166,-0.2335777805215239
Utrn,-0.525713243106748,0.6301931775099617,0.45808131633213967
Vamp2,-0.6088797676634243,0.5529220423687133,0.3500305876448448
Vamp3,-0.12987418885315316,-0.013335772191000524,-0.031087690213296347
Vat1,0.3864303161219305,0.5332182671280187,0.5405897265739154
Vav1,0.7372418378882744,-0.28650029203836935,-0.08956615612803757
Vcam1,0.3739973407336597,-0.3341360298441954,-0.2550871013177506
Vcl,0.1772539058733203,-0.11639796437454837,-0.0888939898531555
Vcp,-0.0028562240756838343,0.2164001720357011,0.21391691698122298
Vdac1,-0.6915422526773329,-0.21232227765090983,-0.2476932722940476
Vdac2,0.1070243962476825,-0.09748545228058283,-0.08116407769201153
Vegfb,-0.6786052377462946,0.45357837426484005,0.23593036248361116
Virma,-0.268653076295203,0.05680658031476095,0.0169721984407726
Vps13a,-0.16834920728442365,0.31187171171098604,0.2811335444694313
Vps25,0.4393544681125427,0.0396255842349413,0.0961197773081379
Vps26b,-0.3311539795984022,0.20949676232386177,0.14989307929870455
Vps28,0.20917641024861022,-0.0037218066569150643,0.02537427687679864
Vps51,0.14801961239279163,0.34587514822086585,0.35927287392447343
Vps72,0.0944234076784891,0.0791102878709732,0.09107853024652227
Vsir,0.28461432848284796,0.022542129091978162,0.060831047876828526
Vstm4,-0.4447308899020653,0.5733781253339971,0.4469905727965853
Vtn,-0.5729249469459926,0.749492031548992,0.5289948583321995
Vwa8,-0.12063346390241135,0.23715170942046138,0.2164375405120308
Vwf,0.5208408608599933,0.3755906762590738,0.3896883978628877
Wapl,-0.22144137245595846,-0.0388778469596462,-0.06822487690053144
Washc1,0.43649824403685883,-0.0471213900893529,0.018484572559257288
Washc2,-0.11693717392211463,-0.09629006461520308,-0.11090743535554372
Washc4,-0.39970335741481416,0.1722468500953268,0.100992982801033
Washc5,0.2815900912262415,-0.09038811358437411,-0.0468835976730253
Wasl,-0.6888540417825718,0.3468703468116257,0.153589993810556
Wdr36,0.3019196861178735,-0.5280611716671103,-0.4567369837823755
Wdr37,-0.34459503407220843,0.0663511127376169,0.013947450203803226
Wdr45,-0.12533783296824352,0.533830077154027,0.5071494543985318
Wdr59,-0.16851722046534623,0.18796416807176772,0.16014361499065632
Wdr61,0.11038465986613406,-0.08604396648881915,-0.06940116788157508
Wdr82,-0.07644599731977321,0.38681340507268935,0.37137186687235096
Wdtc1,-0.501015305511129,-0.011754317748075503,-0.07948366200480633
Wiz,0.40323163421418834,-0.10521348544228595,-0.03948976864932238
Wls,-0.07678202368161836,0.4095045218215754,0.3937213955121802
Wnt5a,-0.3466111922432794,0.6643694358550151,0.5691567932564039
Wrnip1,-0.13877888744204983,-0.004898116445718618,-0.024029944327034473
Wwox,0.3027597520224864,0.07466695988724656,0.11241980947402841
Wwtr1,0.5159684786132385,-0.1076322894422814,-0.019828905109021452
Xiap,-0.4060878582898722,0.11136652487448884,0.04453101571093801
Xpo1,0.14617146740264328,-0.3192855924192798,-0.2925603711424267
Xrcc1,0.33434623003593117,-0.01775937843747847,0.029743357663532182
Yars,-0.07997427411914736,-0.47306111182847443,-0.4780782630098817
Ybx3,0.3010796202132606,-0.3833083981863775,-0.32028722998131265
Yeats4,0.588718185952715,-0.5706071847239738,-0.37523682295292293
Yes1,-0.39701514652005293,0.16829033028733167,0.09796823456406362
Ywhae,0.08249447183298604,-0.09585700545729674,-0.08318057651665779
Ywhag,-0.48236584242872277,-0.18814879677009452,-0.23004890757839294
Ywhaz,-0.2765496957985642,-0.28391575132137037,-0.30852432017087617
Yy1,0.053764217895225105,-0.142620920596471,-0.13359304713281403
Zbtb16,-0.03965111069772852,0.2876075074987669,0.27911704564478507
Zbtb46,-0.41667268868799456,0.5800253075371045,0.4644668959435194
Zbtb7a,-0.38676634248377567,0.5556441326358728,0.4538802771141266
Zc3h11a,0.1888468153569782,0.19858568384763045,0.21929424718027962
Zc3hc1,-0.07930222139545703,-0.023765525825057927,-0.03444852158770676
Zdhhc18,-0.18296635402468797,0.18309186599463131,0.15291782753567393
Zdhhc6,0.4788375656293487,-0.24483504971622755,-0.14653224792429415
Zdhhc7,0.6124080444627986,-0.11823835200704125,-0.007729912161143956
Zdhhc8,-0.03696289980296726,0.22352889034433426,0.21610145737458974
Zeb1,-0.44389082399745233,0.21055421463536753,0.1253590102655085
Zeb2,-0.2510116922983322,0.3158615485636333,0.2680263021092307
Zfand2a,0.056116402428141206,-0.324810671071099,-0.31339752566377127
Zfhx3,-0.14264319060326913,0.43347943621389173,0.40514822218517565
Zfp106,-0.5250411903830577,0.14291809786970738,0.0477238055166279
Zfp148,-0.2928469743480543,0.2683920089477725,0.21358083384378193
Zfp24,-0.1505398101066303,-0.0710377849930689,-0.09040636397164017
Zfp281,-0.02671409576668998,-0.2310098152889298,-0.23240148954048026
Zfyve9,-0.6703725918810881,0.16067830492464108,0.02520623530807812
Zic1,-0.5243691376593674,0.7359688130324993,0.5479835555976182
Zic2,-0.21203263432429403,0.642554030229634,0.5925145713085563
Zic3,-0.3405627177300666,0.4180968102614245,0.34213263391498033
Zkscan1,-0.3333381509503957,0.43189570414033035,0.3570883335311067
Zmpste24,-0.2350504401106873,0.00764268332521239,-0.02520623530807812
Zscan21,0.009240724950741816,0.44107601571888777,0.4380843696543977
Zyx,0.18851078899513304,-0.399355148631005,-0.36229762216144284
Zzef1,0.5801495137256635,0.003481597895823054,0.08318057651665779
