ligand,receptor,sender,sender_label,receiver,receiver_label,pval,mean_expr,lig_in_sender,rec_in_receiver
C3,C3AR1,9,astro-reactive(9),5,myeloid-acute(5),0.0,1.7118064082019118,2.54780650138855,0.8697699904441833
C3,C3AR1,9,astro-reactive(9),0,microglia(0),0.0,1.6783118394462173,2.54780650138855,0.7986854314804077
C3,C3AR1,9,astro-reactive(9),3,myeloid-repair(3),0.0,1.5597556650447246,2.54780650138855,0.5732582211494446
C3,C3AR1,9,astro-reactive(9),20,microglia(20),0.0,1.4985330452277887,2.54780650138855,0.4512121379375458
C3,C3AR1,9,astro-reactive(9),18,myeloid-APC/IFN(18),0.0,1.4801422268860895,2.54780650138855,0.41832825541496277
C3,C5AR1,9,astro-reactive(9),5,myeloid-acute(5),0.0,1.4023794925329962,2.54780650138855,0.23811210691928864
C3,C3AR1,9,astro-reactive(9),13,T/NK(13),0.0,1.3810872037876352,2.54780650138855,0.21321706473827362
C3,C3AR1,9,astro-reactive(9),21,B/plasma(21),0.0,1.3734602909611617,2.54780650138855,0.18429096043109894
C3,C5AR1,9,astro-reactive(9),3,myeloid-repair(3),0.0,1.3510853039630737,2.54780650138855,0.1490524709224701
C3,C5AR1,9,astro-reactive(9),0,microglia(0),0.0,1.343871083361669,2.54780650138855,0.13297486305236816
C3,C5AR1,9,astro-reactive(9),18,myeloid-APC/IFN(18),0.0,1.3304914734962543,2.54780650138855,0.10800211876630783
C3,C3AR1,3,myeloid-repair(3),5,myeloid-acute(5),0.0,1.3195329612196114,1.7683746814727783,0.8697699904441833
C3,C3AR1,9,astro-reactive(9),9,astro-reactive(9),0.0,1.3122554369683375,2.54780650138855,0.07285753637552261
C3,C5AR1,9,astro-reactive(9),13,T/NK(13),0.0,1.3096806618675383,2.54780650138855,0.06295756250619888
C3,C5AR1,9,astro-reactive(9),20,microglia(20),0.0,1.308913657495878,2.54780650138855,0.06584133952856064
C3,C5AR1,9,astro-reactive(9),21,B/plasma(21),0.0,1.300609342227614,2.54780650138855,0.046416025608778
C3,C3AR1,3,myeloid-repair(3),0,microglia(0),0.0,1.286038392463917,1.7683746814727783,0.7986854314804077
C3,C5AR1,9,astro-reactive(9),9,astro-reactive(9),0.0,1.2850295898395951,2.54780650138855,0.01526310108602047
C3,C3AR1,9,astro-reactive(9),8,astro(8),0.0,1.2850159317645473,2.54780650138855,0.012917732819914818
CSF1,CSF1R,9,astro-reactive(9),0,microglia(0),0.0,1.2817358953966997,0.7069222331047058,1.8361096382141113
C3,C3AR1,3,myeloid-repair(3),3,myeloid-repair(3),0.0,1.1674822180624242,1.7683746814727783,0.5732582211494446
C3,C3AR1,5,myeloid-acute(5),5,myeloid-acute(5),0.0,1.1664976536076497,1.4632176160812378,0.8697699904441833
IL34,CSF1R,3,myeloid-repair(3),0,microglia(0),0.0,1.1615219362164142,0.4802733063697815,1.8361096382141113
CSF1,CSF1R,9,astro-reactive(9),20,microglia(20),0.0,1.1519695483028078,0.7069222331047058,1.5829991102218628
C3,C3AR1,5,myeloid-acute(5),0,microglia(0),0.0,1.1330030848519552,1.4632176160812378,0.7986854314804077
C3,C3AR1,21,B/plasma(21),5,myeloid-acute(5),0.0,1.1192163181946424,1.3783851861953735,0.8697699904441833
C3,C3AR1,3,myeloid-repair(3),20,microglia(20),0.0,1.1062595982454884,1.7683746814727783,0.4512121379375458
CSF1,CSF1R,8,astro(8),0,microglia(0),0.0,1.1037831375544536,0.35072511434555054,1.8361096382141113
CSF1,CSF1R,0,microglia(0),0,microglia(0),0.0,1.0896856323957502,0.3347945213317871,1.8361096382141113
C3,C3AR1,3,myeloid-repair(3),18,myeloid-APC/IFN(18),0.0,1.0878687799037892,1.7683746814727783,0.41832825541496277
C3,C3AR1,21,B/plasma(21),0,microglia(0),0.0,1.0857217494389482,1.3783851861953735,0.7986854314804077
IL34,CSF1R,21,B/plasma(21),0,microglia(0),0.0,1.0702867965538685,0.3048226833343506,1.8361096382141113
CSF1,CSF1R,3,myeloid-repair(3),0,microglia(0),0.0,1.069202107210672,0.2885721027851105,1.8361096382141113
C3,C3AR1,13,T/NK(13),5,myeloid-acute(5),0.0,1.0550417194713049,1.222719669342041,0.8697699904441833
CSF1,CSF1R,5,myeloid-acute(5),0,microglia(0),0.0,1.0426980463004247,0.2384592443704605,1.8361096382141113
IL34,CSF1R,3,myeloid-repair(3),20,microglia(20),0.0,1.031755589122522,0.4802733063697815,1.5829991102218628
CSF1,CSF1R,13,T/NK(13),0,microglia(0),0.0,1.0305174984937764,0.2166883945465088,1.8361096382141113
C3,C3AR1,13,T/NK(13),0,microglia(0),0.0,1.0215471507156106,1.222719669342041,0.7986854314804077
CSF1,CSF1R,20,microglia(20),0,microglia(0),0.0,1.018321775359255,0.19283941388130188,1.8361096382141113
C3,C3AR1,5,myeloid-acute(5),3,myeloid-repair(3),0.0,1.0144469104504625,1.4632176160812378,0.5732582211494446
C3,C5AR1,3,myeloid-repair(3),5,myeloid-acute(5),0.0,1.0101060455506958,1.7683746814727783,0.23811210691928864
CSF1,CSF1R,21,B/plasma(21),0,microglia(0),0.0,1.0023344384885682,0.1621258556842804,1.8361096382141113
IL34,CSF1R,13,T/NK(13),0,microglia(0),0.0,0.9992523750116346,0.15548934042453766,1.8361096382141113
CSF1,CSF1R,18,myeloid-APC/IFN(18),0,microglia(0),0.0,0.9889100812597238,0.1254989355802536,1.8361096382141113
C3,C3AR1,3,myeloid-repair(3),13,T/NK(13),0.0,0.9888137568053348,1.7683746814727783,0.21321706473827362
C3,C3AR1,0,microglia(0),5,myeloid-acute(5),0.0,0.9838546231230174,1.105914831161499,0.8697699904441833
C3,C3AR1,3,myeloid-repair(3),21,B/plasma(21),0.0,0.9811868439788612,1.7683746814727783,0.18429096043109894
CSF1,CSF1R,8,astro(8),20,microglia(20),0.0,0.9740167904605616,0.35072511434555054,1.5829991102218628
IL34,CSF1R,9,astro-reactive(9),0,microglia(0),0.0,0.9721018055714922,0.09518398344516754,1.8361096382141113
C3,C3AR1,21,B/plasma(21),3,myeloid-repair(3),0.0,0.9671655750374551,1.3783851861953735,0.5732582211494446
CSF1,CSF1R,0,microglia(0),20,microglia(20),0.0,0.9599192853018581,0.3347945213317871,1.5829991102218628
C3,C5AR1,3,myeloid-repair(3),3,myeloid-repair(3),0.0,0.9588118569807733,1.7683746814727783,0.1490524709224701
IL34,CSF1R,18,myeloid-APC/IFN(18),0,microglia(0),0.0,0.9560574445522587,0.06324126571416855,1.8361096382141113
C3,C3AR1,5,myeloid-acute(5),20,microglia(20),0.0,0.9532242906335266,1.4632176160812378,0.4512121379375458
C3,C5AR1,3,myeloid-repair(3),0,microglia(0),0.0,0.9515976363793687,1.7683746814727783,0.13297486305236816
C3,C3AR1,0,microglia(0),0,microglia(0),0.0,0.9503600543673231,1.105914831161499,0.7986854314804077
IL34,CSF1R,20,microglia(20),0,microglia(0),0.0,0.9489630406184028,0.04951786994934082,1.8361096382141113
IL34,CSF1R,21,B/plasma(21),20,microglia(20),0.0,0.9405204494599766,0.3048226833343506,1.5829991102218628
IL34,CSF1R,8,astro(8),0,microglia(0),0.0,0.9403688041498269,0.03308040276169777,1.8361096382141113
CSF1,CSF1R,3,myeloid-repair(3),20,microglia(20),0.0,0.9394357601167802,0.2885721027851105,1.5829991102218628
C3,C5AR1,3,myeloid-repair(3),18,myeloid-APC/IFN(18),0.0,0.938218026513954,1.7683746814727783,0.10800211876630783
IL34,CSF1R,5,myeloid-acute(5),0,microglia(0),0.0,0.9375125045873343,0.030459001660346985,1.8361096382141113
C3,C3AR1,18,myeloid-APC/IFN(18),5,myeloid-acute(5),0.0,0.9355476413599824,1.0107167959213257,0.8697699904441833
C3,C3AR1,5,myeloid-acute(5),18,myeloid-APC/IFN(18),0.0,0.9348334722918274,1.4632176160812378,0.41832825541496277
IL34,CSF1R,0,microglia(0),0,microglia(0),0.0,0.9343994304870924,0.02252770960330963,1.8361096382141113
C3,C3AR1,3,myeloid-repair(3),9,astro-reactive(9),0.0,0.919981989986037,1.7683746814727783,0.07285753637552261
C3,C5AR1,3,myeloid-repair(3),13,T/NK(13),0.0,0.9174072148852378,1.7683746814727783,0.06295756250619888
C3,C5AR1,3,myeloid-repair(3),20,microglia(20),0.0,0.9166402105135777,1.7683746814727783,0.06584133952856064
CSF1,CSF1R,5,myeloid-acute(5),20,microglia(20),0.0,0.9129316992065327,0.2384592443704605,1.5829991102218628
C3,C5AR1,3,myeloid-repair(3),21,B/plasma(21),0.0,0.9083358952453137,1.7683746814727783,0.046416025608778
C3,C3AR1,21,B/plasma(21),20,microglia(20),0.0,0.9059429552205194,1.3783851861953735,0.4512121379375458
C3,C3AR1,13,T/NK(13),3,myeloid-repair(3),0.0,0.9029909763141177,1.222719669342041,0.5732582211494446
C3,C3AR1,18,myeloid-APC/IFN(18),0,microglia(0),0.0,0.9020530726042881,1.0107167959213257,0.7986854314804077
CSF1,CSF1R,13,T/NK(13),20,microglia(20),0.0,0.9007511513998844,0.2166883945465088,1.5829991102218628
C3,C5AR1,3,myeloid-repair(3),9,astro-reactive(9),0.0,0.8927561428572948,1.7683746814727783,0.01526310108602047
C3,C3AR1,3,myeloid-repair(3),8,astro(8),0.0,0.8927424847822469,1.7683746814727783,0.012917732819914818
CSF1,CSF1R,20,microglia(20),20,microglia(20),0.0,0.888555428265363,0.19283941388130188,1.5829991102218628
C3,C3AR1,21,B/plasma(21),18,myeloid-APC/IFN(18),0.0,0.8875521368788202,1.3783851861953735,0.41832825541496277
CSF1,CSF1R,9,astro-reactive(9),5,myeloid-acute(5),0.0,0.8761443614777163,0.7069222331047058,1.0305936336517334
CSF1,CSF1R,21,B/plasma(21),20,microglia(20),0.0,0.8725680913946761,0.1621258556842804,1.5829991102218628
IL34,CSF1R,13,T/NK(13),20,microglia(20),0.0,0.8694860279177425,0.15548934042453766,1.5829991102218628
CSF1,CSF1R,18,myeloid-APC/IFN(18),20,microglia(20),0.0,0.8591437341658317,0.1254989355802536,1.5829991102218628
C3,C5AR1,5,myeloid-acute(5),5,myeloid-acute(5),0.0,0.8570707379387341,1.4632176160812378,0.23811210691928864
IL34,CSF1R,9,astro-reactive(9),20,microglia(20),0.0,0.8423354584776002,0.09518398344516754,1.5829991102218628
C3,C3AR1,13,T/NK(13),20,microglia(20),0.0,0.8417683564971821,1.222719669342041,0.4512121379375458
C3,C3AR1,5,myeloid-acute(5),13,T/NK(13),0.0,0.8357784491933731,1.4632176160812378,0.21321706473827362
C3,C3AR1,0,microglia(0),3,myeloid-repair(3),0.0,0.8318038799658302,1.105914831161499,0.5732582211494446
C3,C3AR1,5,myeloid-acute(5),21,B/plasma(21),0.0,0.8281515363668995,1.4632176160812378,0.18429096043109894
IL34,CSF1R,18,myeloid-APC/IFN(18),20,microglia(20),0.0,0.8262910974583667,0.06324126571416855,1.5829991102218628
C3,C3AR1,13,T/NK(13),18,myeloid-APC/IFN(18),0.0,0.8233775381554828,1.222719669342041,0.41832825541496277
IL34,CSF1R,20,microglia(20),20,microglia(20),0.0,0.8191966935245107,0.04951786994934082,1.5829991102218628
IL34,CSF1R,8,astro(8),20,microglia(20),0.0,0.8106024570559349,0.03308040276169777,1.5829991102218628
C3,C5AR1,21,B/plasma(21),5,myeloid-acute(5),0.0,0.8097894025257268,1.3783851861953735,0.23811210691928864
IL34,CSF1R,5,myeloid-acute(5),20,microglia(20),0.0,0.8077461574934424,0.030459001660346985,1.5829991102218628
C3,C5AR1,5,myeloid-acute(5),3,myeloid-repair(3),0.0,0.8057765493688116,1.4632176160812378,0.1490524709224701
IL34,CSF1R,0,microglia(0),20,microglia(20),0.0,0.8046330833932004,0.02252770960330963,1.5829991102218628
CSF1,CSF1R,9,astro-reactive(9),3,myeloid-repair(3),0.0,0.8016939699325256,0.7069222331047058,0.8977026343345642
C3,C5AR1,5,myeloid-acute(5),0,microglia(0),0.0,0.798562328767407,1.4632176160812378,0.13297486305236816
C3,C3AR1,21,B/plasma(21),13,T/NK(13),0.0,0.7884971137803658,1.3783851861953735,0.21321706473827362
C3,C5AR1,5,myeloid-acute(5),18,myeloid-APC/IFN(18),0.0,0.7851827189019923,1.4632176160812378,0.10800211876630783
C3,C3AR1,18,myeloid-APC/IFN(18),3,myeloid-repair(3),0.0,0.7834968982027952,1.0107167959213257,0.5732582211494446
CSF1,CSF1R,9,astro-reactive(9),18,myeloid-APC/IFN(18),0.0,0.7822464557750317,0.7069222331047058,0.8438251614570618
C3,C3AR1,21,B/plasma(21),21,B/plasma(21),0.0,0.7808702009538923,1.3783851861953735,0.18429096043109894
C3,C3AR1,0,microglia(0),20,microglia(20),0.0,0.7705812601488944,1.105914831161499,0.4512121379375458
C3,C3AR1,5,myeloid-acute(5),9,astro-reactive(9),0.0,0.7669466823740753,1.4632176160812378,0.07285753637552261
C3,C5AR1,5,myeloid-acute(5),13,T/NK(13),0.0,0.7643719072732761,1.4632176160812378,0.06295756250619888
C3,C5AR1,5,myeloid-acute(5),20,microglia(20),0.0,0.763604902901616,1.4632176160812378,0.06584133952856064
C3,C5AR1,21,B/plasma(21),3,myeloid-repair(3),0.0,0.7584952139558043,1.3783851861953735,0.1490524709224701
IL34,CSF1R,3,myeloid-repair(3),5,myeloid-acute(5),0.0,0.7559304022974307,0.4802733063697815,1.0305936336517334
C3,C5AR1,5,myeloid-acute(5),21,B/plasma(21),0.0,0.755300587633352,1.4632176160812378,0.046416025608778
C3,C3AR1,0,microglia(0),18,myeloid-APC/IFN(18),0.0,0.7521904418071952,1.105914831161499,0.41832825541496277
C3,C5AR1,21,B/plasma(21),0,microglia(0),0.0,0.7512809933543997,1.3783851861953735,0.13297486305236816
C3,C5AR1,13,T/NK(13),5,myeloid-acute(5),0.0,0.7456148038023893,1.222719669342041,0.23811210691928864
C3,C5AR1,5,myeloid-acute(5),9,astro-reactive(9),0.0,0.739720835245333,1.4632176160812378,0.01526310108602047
C3,C3AR1,5,myeloid-acute(5),8,astro(8),0.0,0.7397071771702852,1.4632176160812378,0.012917732819914818
C3,C5AR1,21,B/plasma(21),18,myeloid-APC/IFN(18),0.0,0.737901383488985,1.3783851861953735,0.10800211876630783
C3,C3AR1,13,T/NK(13),13,T/NK(13),0.0,0.7243225150570284,1.222719669342041,0.21321706473827362
C3,C3AR1,18,myeloid-APC/IFN(18),20,microglia(20),0.0,0.7222742783858596,1.0107167959213257,0.4512121379375458
C3,C3AR1,21,B/plasma(21),9,astro-reactive(9),0.0,0.719665346961068,1.3783851861953735,0.07285753637552261
C3,C5AR1,21,B/plasma(21),13,T/NK(13),0.0,0.7170905718602688,1.3783851861953735,0.06295756250619888
C3,C3AR1,13,T/NK(13),21,B/plasma(21),0.0,0.7166956022305548,1.222719669342041,0.18429096043109894
C3,C5AR1,21,B/plasma(21),20,microglia(20),0.0,0.7163235674886087,1.3783851861953735,0.06584133952856064
C3,C5AR1,21,B/plasma(21),21,B/plasma(21),0.0,0.7080192522203447,1.3783851861953735,0.046416025608778
C3,C3AR1,18,myeloid-APC/IFN(18),18,myeloid-APC/IFN(18),0.0,0.7038834600441602,1.0107167959213257,0.41832825541496277
CSF1,CSF1R,8,astro(8),5,myeloid-acute(5),0.0,0.6981916036354701,0.35072511434555054,1.0305936336517334
C3,C5AR1,13,T/NK(13),3,myeloid-repair(3),0.0,0.6943206152324669,1.222719669342041,0.1490524709224701
C3,C5AR1,21,B/plasma(21),9,astro-reactive(9),0.0,0.6924394998323258,1.3783851861953735,0.01526310108602047
C3,C3AR1,21,B/plasma(21),8,astro(8),0.0,0.692425841757278,1.3783851861953735,0.012917732819914818
C3,C5AR1,13,T/NK(13),0,microglia(0),0.0,0.6871063946310623,1.222719669342041,0.13297486305236816
CSF1,CSF1R,0,microglia(0),5,myeloid-acute(5),0.0,0.6840940984767666,0.3347945213317871,1.0305936336517334
IL34,CSF1R,3,myeloid-repair(3),3,myeloid-repair(3),0.0,0.6814800107522399,0.4802733063697815,0.8977026343345642
C3,C5AR1,0,microglia(0),5,myeloid-acute(5),0.0,0.6744277074541019,1.105914831161499,0.23811210691928864
C3,C5AR1,13,T/NK(13),18,myeloid-APC/IFN(18),0.0,0.6737267847656476,1.222719669342041,0.10800211876630783
CXCL16,CXCR6,5,myeloid-acute(5),13,T/NK(13),0.0,0.6688824680716121,0.8649914264678955,0.4585892856121063
IL34,CSF1R,21,B/plasma(21),5,myeloid-acute(5),0.0,0.664695262634885,0.3048226833343506,1.0305936336517334
CSF1,CSF1R,3,myeloid-repair(3),5,myeloid-acute(5),0.0,0.6636105732916887,0.2885721027851105,1.0305936336517334
IL34,CSF1R,3,myeloid-repair(3),18,myeloid-APC/IFN(18),0.0,0.6620324965947461,0.4802733063697815,0.8438251614570618
C3,C3AR1,13,T/NK(13),9,astro-reactive(9),0.0,0.6554907482377306,1.222719669342041,0.07285753637552261
C3,C3AR1,0,microglia(0),13,T/NK(13),0.0,0.6531354187087408,1.105914831161499,0.21321706473827362
C3,C5AR1,13,T/NK(13),13,T/NK(13),0.0,0.6529159731369314,1.222719669342041,0.06295756250619888
C3,C5AR1,13,T/NK(13),20,microglia(20),0.0,0.6521489687652713,1.222719669342041,0.06584133952856064
TNF,TNFRSF1B,13,T/NK(13),5,myeloid-acute(5),0.0,0.651456829688589,0.16292187571525574,1.1489049196243286
C3,C3AR1,0,microglia(0),21,B/plasma(21),0.0,0.6455085058822673,1.105914831161499,0.18429096043109894
C3,C5AR1,13,T/NK(13),21,B/plasma(21),0.0,0.6438446534970073,1.222719669342041,0.046416025608778
CSF1,CSF1R,5,myeloid-acute(5),5,myeloid-acute(5),0.0,0.6371065123814412,0.2384592443704605,1.0305936336517334
C3,C5AR1,13,T/NK(13),9,astro-reactive(9),0.0,0.6282649011089884,1.222719669342041,0.01526310108602047
C3,C3AR1,13,T/NK(13),8,astro(8),0.0,0.6282512430339405,1.222719669342041,0.012917732819914818
C3,C5AR1,18,myeloid-APC/IFN(18),5,myeloid-acute(5),0.0,0.6261207256910668,1.0107167959213257,0.23811210691928864
CSF1,CSF1R,13,T/NK(13),5,myeloid-acute(5),0.0,0.6249259645747929,0.2166883945465088,1.0305936336517334
TNF,TNFRSF1B,5,myeloid-acute(5),5,myeloid-acute(5),0.0,0.6245569454405968,0.10681342333555222,1.1489049196243286
CSF1,CSF1R,8,astro(8),3,myeloid-repair(3),0.0,0.6237412120902793,0.35072511434555054,0.8977026343345642
C3,C5AR1,0,microglia(0),3,myeloid-repair(3),0.0,0.6231335188841793,1.105914831161499,0.1490524709224701
C3,C5AR1,0,microglia(0),0,microglia(0),0.0,0.6159192982827747,1.105914831161499,0.13297486305236816
CSF1,CSF1R,20,microglia(20),5,myeloid-acute(5),0.0,0.6127302414402716,0.19283941388130188,1.0305936336517334
CSF1,CSF1R,0,microglia(0),3,myeloid-repair(3),0.0,0.6096437069315759,0.3347945213317871,0.8977026343345642
CSF1,CSF1R,9,astro-reactive(9),13,T/NK(13),0.0,0.6089080591027012,0.7069222331047058,0.5013718605041504
C3,C3AR1,18,myeloid-APC/IFN(18),13,T/NK(13),0.0,0.6048284369457059,1.0107167959213257,0.21321706473827362
CSF1,CSF1R,8,astro(8),18,myeloid-APC/IFN(18),0.0,0.6042936979327855,0.35072511434555054,0.8438251614570618
TNF,TNFRSF1B,0,microglia(0),5,myeloid-acute(5),0.0,0.6033008328915451,0.06380734592676163,1.1489049196243286
C3,C5AR1,0,microglia(0),18,myeloid-APC/IFN(18),0.0,0.60253968841736,1.105914831161499,0.10800211876630783
C3,C3AR1,20,microglia(20),5,myeloid-acute(5),0.0,0.6001805751737298,0.33473634719848633,0.8697699904441833
CXCL16,CXCR6,18,myeloid-APC/IFN(18),13,T/NK(13),0.0,0.5989737594819147,0.7249516844749451,0.4585892856121063
C3,C3AR1,18,myeloid-APC/IFN(18),21,B/plasma(21),0.0,0.5972015241192323,1.0107167959213257,0.18429096043109894
CSF1,CSF1R,21,B/plasma(21),5,myeloid-acute(5),0.0,0.5967429045695846,0.1621258556842804,1.0305936336517334
TNF,TNFRSF1B,18,myeloid-APC/IFN(18),5,myeloid-acute(5),0.0,0.5954334756105438,0.04857303574681282,1.1489049196243286
IL34,CSF1R,13,T/NK(13),5,myeloid-acute(5),0.0,0.593660841092651,0.15548934042453766,1.0305936336517334
TNF,TNFRSF1B,21,B/plasma(21),5,myeloid-acute(5),0.0,0.5924017168858005,0.04255317524075508,1.1489049196243286
IL34,CSF1R,21,B/plasma(21),3,myeloid-repair(3),0.0,0.5902448710896943,0.3048226833343506,0.8977026343345642
CSF1,CSF1R,0,microglia(0),18,myeloid-APC/IFN(18),0.0,0.5901961927740821,0.3347945213317871,0.8438251614570618
CSF1,CSF1R,3,myeloid-repair(3),3,myeloid-repair(3),0.0,0.5891601817464979,0.2885721027851105,0.8977026343345642
TNF,TNFRSF1B,3,myeloid-repair(3),5,myeloid-acute(5),0.0,0.5886726377801121,0.033303555101156235,1.1489049196243286
TNF,TNFRSF1B,20,microglia(20),5,myeloid-acute(5),0.0,0.586481658493728,0.028518710285425186,1.1489049196243286
CXCL16,CXCR6,3,myeloid-repair(3),13,T/NK(13),0.0,0.5848744502689471,0.6980057954788208,0.4585892856121063
C3,C3AR1,0,microglia(0),9,astro-reactive(9),0.0,0.584303651889443,1.105914831161499,0.07285753637552261
CSF1,CSF1R,18,myeloid-APC/IFN(18),5,myeloid-acute(5),0.0,0.5833185473407403,0.1254989355802536,1.0305936336517334
C3,C5AR1,0,microglia(0),13,T/NK(13),0.0,0.5817288767886438,1.105914831161499,0.06295756250619888
C3,C5AR1,0,microglia(0),20,microglia(20),0.0,0.5809618724169837,1.105914831161499,0.06584133952856064
CSF1,CSF1R,9,astro-reactive(9),21,B/plasma(21),0.0,0.5791925215417768,0.7069222331047058,0.4500778317451477
TNF,TNFRSF1B,9,astro-reactive(9),5,myeloid-acute(5),0.0,0.5760923230860246,0.007659050170332193,1.1489049196243286
C3,C5AR1,18,myeloid-APC/IFN(18),3,myeloid-repair(3),0.0,0.5748265371211444,1.0107167959213257,0.1490524709224701
C3,C5AR1,0,microglia(0),21,B/plasma(21),0.0,0.5726575571487197,1.105914831161499,0.046416025608778
IL34,CSF1R,21,B/plasma(21),18,myeloid-APC/IFN(18),0.0,0.5707973569322005,0.3048226833343506,0.8438251614570618
CSF1,CSF1R,3,myeloid-repair(3),18,myeloid-APC/IFN(18),0.0,0.5697126675890041,0.2885721027851105,0.8438251614570618
C3,C5AR1,18,myeloid-APC/IFN(18),0,microglia(0),0.0,0.5676123165197398,1.0107167959213257,0.13297486305236816
C3,C3AR1,20,microglia(20),0,microglia(0),0.0,0.5666860064180356,0.33473634719848633,0.7986854314804077
IL34,CSF1R,9,astro-reactive(9),5,myeloid-acute(5),0.0,0.5665102716525087,0.09518398344516754,1.0305936336517334
CSF1,CSF1R,5,myeloid-acute(5),3,myeloid-repair(3),0.0,0.5626561208362504,0.2384592443704605,0.8977026343345642
C3,C5AR1,0,microglia(0),9,astro-reactive(9),0.0,0.5570778047607008,1.105914831161499,0.01526310108602047
C3,C3AR1,0,microglia(0),8,astro(8),0.0,0.557064146685653,1.105914831161499,0.012917732819914818
C3,C5AR1,18,myeloid-APC/IFN(18),18,myeloid-APC/IFN(18),0.0,0.5542327066543251,1.0107167959213257,0.10800211876630783
CSF1,CSF1R,13,T/NK(13),3,myeloid-repair(3),0.0,0.550475573029602,0.2166883945465088,0.8977026343345642
IL34,CSF1R,18,myeloid-APC/IFN(18),5,myeloid-acute(5),0.0,0.5504659106332752,0.06324126571416855,1.0305936336517334
IL34,CSF1R,20,microglia(20),5,myeloid-acute(5),0.0,0.5433715066994192,0.04951786994934082,1.0305936336517334
CSF1,CSF1R,5,myeloid-acute(5),18,myeloid-APC/IFN(18),0.0,0.5432086066787566,0.2384592443704605,0.8438251614570618
CXCL16,CXCR6,0,microglia(0),13,T/NK(13),0.0,0.5415416344868802,0.6062488555908203,0.4585892856121063
CSF1,CSF1R,20,microglia(20),3,myeloid-repair(3),0.0,0.5382798498950808,0.19283941388130188,0.8977026343345642
IL34,CSF1R,8,astro(8),5,myeloid-acute(5),0.0,0.5347772702308434,0.03308040276169777,1.0305936336517334
C3,C5AR1,18,myeloid-APC/IFN(18),13,T/NK(13),0.0,0.5334218950256089,1.0107167959213257,0.06295756250619888
C3,C5AR1,18,myeloid-APC/IFN(18),20,microglia(20),0.0,0.5326548906539488,1.0107167959213257,0.06584133952856064
IL34,CSF1R,5,myeloid-acute(5),5,myeloid-acute(5),0.0,0.5319209706683508,0.030459001660346985,1.0305936336517334
CSF1,CSF1R,13,T/NK(13),18,myeloid-APC/IFN(18),0.0,0.5310280588721082,0.2166883945465088,0.8438251614570618
IL34,CSF1R,0,microglia(0),5,myeloid-acute(5),0.0,0.5288078965681089,0.02252770960330963,1.0305936336517334
C3,C5AR1,18,myeloid-APC/IFN(18),21,B/plasma(21),0.0,0.5243505753856847,1.0107167959213257,0.046416025608778
CSF1,CSF1R,21,B/plasma(21),3,myeloid-repair(3),0.0,0.5222925130243938,0.1621258556842804,0.8977026343345642
IL34,CSF1R,13,T/NK(13),3,myeloid-repair(3),0.0,0.5192104495474603,0.15548934042453766,0.8977026343345642
CSF1,CSF1R,20,microglia(20),18,myeloid-APC/IFN(18),0.0,0.518832335737587,0.19283941388130188,0.8438251614570618
CSF1,CSF1R,18,myeloid-APC/IFN(18),3,myeloid-repair(3),0.0,0.5088681557955494,0.1254989355802536,0.8977026343345642
C3,C5AR1,18,myeloid-APC/IFN(18),9,astro-reactive(9),0.0,0.5087708229976659,1.0107167959213257,0.01526310108602047
CCL5,CCR5,13,T/NK(13),0,microglia(0),0.0,0.5044203551613218,0.7062076926231384,0.29375192523002625
CSF1,CSF1R,21,B/plasma(21),18,myeloid-APC/IFN(18),0.0,0.5028449988669,0.1621258556842804,0.8438251614570618
IL34,CSF1R,13,T/NK(13),18,myeloid-APC/IFN(18),0.0,0.49976293538996647,0.15548934042453766,0.8438251614570618
CCL5,CCR5,13,T/NK(13),20,microglia(20),0.0,0.49266062076943196,0.7062076926231384,0.25720298290252686
IL34,CSF1R,9,astro-reactive(9),3,myeloid-repair(3),0.0,0.4920598801073178,0.09518398344516754,0.8977026343345642
CSF1,CSF1R,18,myeloid-APC/IFN(18),18,myeloid-APC/IFN(18),0.0,0.48942064163805565,0.1254989355802536,0.8438251614570618
IL34,CSF1R,3,myeloid-repair(3),13,T/NK(13),0.0,0.4886940999224154,0.4802733063697815,0.5013718605041504
IL34,CSF1R,18,myeloid-APC/IFN(18),3,myeloid-repair(3),0.0,0.4760155190880845,0.06324126571416855,0.8977026343345642
IL34,CSF1R,9,astro-reactive(9),18,myeloid-APC/IFN(18),0.0,0.47261236594982403,0.09518398344516754,0.8438251614570618
TNF,TNFRSF1B,13,T/NK(13),13,T/NK(13),0.0,0.4716597024298449,0.16292187571525574,0.7867011427879333
CXCL16,CXCR6,13,T/NK(13),13,T/NK(13),0.0,0.4705654924652456,0.4716290235519409,0.4585892856121063
IL34,CSF1R,20,microglia(20),3,myeloid-repair(3),0.0,0.4689211151542285,0.04951786994934082,0.8977026343345642
CSF1,CSF1R,9,astro-reactive(9),9,astro-reactive(9),0.0,0.4671512708718303,0.7069222331047058,0.21535281836986542
CCL5,CCR5,13,T/NK(13),5,myeloid-acute(5),0.0,0.4650328386457385,0.7062076926231384,0.21945331990718842
CCL5,CCR5,13,T/NK(13),18,myeloid-APC/IFN(18),0.0,0.461499203549132,0.7062076926231384,0.2038097381591797
IL34,CSF1R,8,astro(8),3,myeloid-repair(3),0.0,0.46032687868565264,0.03308040276169777,0.8977026343345642
IL34,CSF1R,3,myeloid-repair(3),21,B/plasma(21),0.0,0.45897856236149115,0.4802733063697815,0.4500778317451477
IL34,CSF1R,5,myeloid-acute(5),3,myeloid-repair(3),0.0,0.45747057912316,0.030459001660346985,0.8977026343345642
IL34,CSF1R,18,myeloid-APC/IFN(18),18,myeloid-APC/IFN(18),0.0,0.4565680049305907,0.06324126571416855,0.8438251614570618
IL34,CSF1R,0,microglia(0),3,myeloid-repair(3),0.0,0.45435750502291805,0.02252770960330963,0.8977026343345642
CXCL16,CXCR6,5,myeloid-acute(5),21,B/plasma(21),0.0,0.452817545092026,0.8649914264678955,0.03190464898943901
CXCL16,CXCR6,21,B/plasma(21),13,T/NK(13),0.0,0.4526468911565383,0.44069549441337585,0.4585892856121063
CXCL12,CXCR4,9,astro-reactive(9),5,myeloid-acute(5),0.0,0.4505659198377898,0.35425615310668945,0.5412187576293945
IL34,CSF1R,20,microglia(20),18,myeloid-APC/IFN(18),0.0,0.4494736009967347,0.04951786994934082,0.8438251614570618
TNF,TNFRSF1B,5,myeloid-acute(5),13,T/NK(13),0.0,0.4447598181818527,0.10681342333555222,0.7867011427879333
CXCL16,CXCR6,5,myeloid-acute(5),3,myeloid-repair(3),0.0,0.4437803246809153,0.8649914264678955,0.017607958987355232
IL34,CSF1R,8,astro(8),18,myeloid-APC/IFN(18),0.0,0.44087936452815885,0.03308040276169777,0.8438251614570618
CXCL16,CXCR6,5,myeloid-acute(5),18,myeloid-APC/IFN(18),0.0,0.4407115633551398,0.8649914264678955,0.011843821965157986
CXCL16,CXCR6,5,myeloid-acute(5),5,myeloid-acute(5),0.0,0.44038079888694903,0.8649914264678955,0.011016631498932838
IL34,CSF1R,5,myeloid-acute(5),18,myeloid-APC/IFN(18),0.0,0.43802306496566623,0.030459001660346985,0.8438251614570618
IL34,CSF1R,0,microglia(0),18,myeloid-APC/IFN(18),0.0,0.43490999086542426,0.02252770960330963,0.8438251614570618
CSF1,CSF1R,8,astro(8),13,T/NK(13),0.0,0.4309553012604549,0.35072511434555054,0.5013718605041504
CXCL12,CXCR4,9,astro-reactive(9),21,B/plasma(21),0.0,0.43001514113675016,0.35425615310668945,0.4902483820915222
CCL5,CCR5,13,T/NK(13),13,T/NK(13),0.0,0.42574515707761995,0.7062076926231384,0.13618433475494385
CCL5,CCR5,13,T/NK(13),3,myeloid-repair(3),0.0,0.42367264811642785,0.7062076926231384,0.13748303055763245
TNF,TNFRSF1B,0,microglia(0),13,T/NK(13),0.0,0.423503705632801,0.06380734592676163,0.7867011427879333
CSF1,CSF1R,0,microglia(0),13,T/NK(13),0.0,0.41685779610175144,0.3347945213317871,0.5013718605041504
TNF,TNFRSF1B,18,myeloid-APC/IFN(18),13,T/NK(13),0.0,0.41563634835179963,0.04857303574681282,0.7867011427879333
CXCL12,CXCR4,3,myeloid-repair(3),5,myeloid-acute(5),0.0,0.41465029772997697,0.2756790518760681,0.5412187576293945
CCL5,CCR5,13,T/NK(13),21,B/plasma(21),0.0,0.4126751430819247,0.7062076926231384,0.10089995712041855
TNF,TNFRSF1B,21,B/plasma(21),13,T/NK(13),0.0,0.4126045896270563,0.04255317524075508,0.7867011427879333
TNF,TNFRSF1B,13,T/NK(13),3,myeloid-repair(3),0.0,0.4123345491908266,0.16292187571525574,0.6646944284439087
TNF,TNFRSF1B,3,myeloid-repair(3),13,T/NK(13),0.0,0.408875510521368,0.033303555101156235,0.7867011427879333
TNF,TNFRSF1B,20,microglia(20),13,T/NK(13),0.0,0.40668453123498394,0.028518710285425186,0.7867011427879333
IL34,CSF1R,21,B/plasma(21),13,T/NK(13),0.0,0.3974589602598698,0.3048226833343506,0.5013718605041504
TNF,TNFRSF1B,9,astro-reactive(9),13,T/NK(13),0.0,0.3962951958272805,0.007659050170332193,0.7867011427879333
CXCL12,CXCR4,3,myeloid-repair(3),21,B/plasma(21),0.0,0.39409951902893725,0.2756790518760681,0.4902483820915222
TNF,TNFRSF1B,5,myeloid-acute(5),3,myeloid-repair(3),0.0,0.3854346649428344,0.10681342333555222,0.6646944284439087
CXCL16,CXCR6,20,microglia(20),13,T/NK(13),0.0,0.38462886239662225,0.2971917986869812,0.4585892856121063
CXCL16,CXCR6,18,myeloid-APC/IFN(18),21,B/plasma(21),0.0,0.38290883650232854,0.7249516844749451,0.03190464898943901
CCL5,CCR5,5,myeloid-acute(5),0,microglia(0),0.0,0.37889508400468086,0.4601500332355499,0.29375192523002625
CXCL16,CXCR6,18,myeloid-APC/IFN(18),3,myeloid-repair(3),0.0,0.37387161609121783,0.7249516844749451,0.017607958987355232
CXCL16,CXCR6,18,myeloid-APC/IFN(18),18,myeloid-APC/IFN(18),0.0,0.37080285476544234,0.7249516844749451,0.011843821965157986
CXCL16,CXCR6,18,myeloid-APC/IFN(18),5,myeloid-acute(5),0.0,0.3704720902972516,0.7249516844749451,0.011016631498932838
CXCL16,CXCR6,3,myeloid-repair(3),21,B/plasma(21),0.0,0.3688095272893611,0.6980057954788208,0.03190464898943901
IL34,CSF1R,21,B/plasma(21),21,B/plasma(21),0.0,0.3677434226989455,0.3048226833343506,0.4500778317451477
CCL5,CCR5,5,myeloid-acute(5),20,microglia(20),0.0,0.36713534961279104,0.4601500332355499,0.25720298290252686
CCL5,CCR5,13,T/NK(13),9,astro-reactive(9),0.0,0.36596749187595706,0.7062076926231384,0.016577094793319702
TNF,TNFRSF1A,13,T/NK(13),9,astro-reactive(9),0.0,0.365856006524739,0.16292187571525574,0.5726072192192078
TNF,TNFRSF1B,0,microglia(0),3,myeloid-repair(3),0.0,0.3641785523937827,0.06380734592676163,0.6646944284439087
TNF,TNFRSF1B,13,T/NK(13),0,microglia(0),0.0,0.36125503364365574,0.16292187571525574,0.574951171875
CXCL16,CXCR6,3,myeloid-repair(3),3,myeloid-repair(3),0.0,0.3597723068782504,0.6980057954788208,0.017607958987355232
CXCL12,CXCR4,21,B/plasma(21),5,myeloid-acute(5),0.0,0.35923734095654997,0.16591666638851166,0.5412187576293945
CXCL16,CXCR6,3,myeloid-repair(3),18,myeloid-APC/IFN(18),0.0,0.3567035455524749,0.6980057954788208,0.011843821965157986
CXCL16,CXCR6,3,myeloid-repair(3),5,myeloid-acute(5),0.0,0.35637278108428416,0.6980057954788208,0.011016631498932838
TNF,TNFRSF1B,18,myeloid-APC/IFN(18),3,myeloid-repair(3),0.0,0.35631119511278136,0.04857303574681282,0.6646944284439087
TNF,TNFRSF1B,21,B/plasma(21),3,myeloid-repair(3),0.0,0.35327943638803805,0.04255317524075508,0.6646944284439087
TNF,TNFRSF1B,3,myeloid-repair(3),3,myeloid-repair(3),0.0,0.34955035728234973,0.033303555101156235,0.6646944284439087
TNF,TNFRSF1B,20,microglia(20),3,myeloid-repair(3),0.0,0.34735937799596567,0.028518710285425186,0.6646944284439087
IL34,CSF1R,3,myeloid-repair(3),9,astro-reactive(9),0.0,0.3469373116915446,0.4802733063697815,0.21535281836986542
TNF,TNFRSF1B,13,T/NK(13),18,myeloid-APC/IFN(18),0.0,0.3443285436160311,0.16292187571525574,0.526691198348999
CCL5,CCR5,5,myeloid-acute(5),5,myeloid-acute(5),0.0,0.3395075674890976,0.4601500332355499,0.21945331990718842
TNF,TNFRSF1A,5,myeloid-acute(5),9,astro-reactive(9),0.0,0.33895612227674676,0.10681342333555222,0.5726072192192078
CXCL12,CXCR4,21,B/plasma(21),21,B/plasma(21),0.0,0.3386865622555103,0.16591666638851166,0.4902483820915222
TNF,TNFRSF1B,9,astro-reactive(9),3,myeloid-repair(3),0.0,0.33697004258826224,0.007659050170332193,0.6646944284439087
CXCL12,CXCR4,9,astro-reactive(9),3,myeloid-repair(3),0.0,0.3365875141737833,0.35425615310668945,0.31883955001831055
CCL5,CCR5,5,myeloid-acute(5),18,myeloid-APC/IFN(18),0.0,0.33597393239249107,0.4601500332355499,0.2038097381591797
CXCL12,CXCR4,9,astro-reactive(9),13,T/NK(13),0.0,0.33593964498334133,0.35425615310668945,0.3233349323272705
TNF,TNFRSF1B,5,myeloid-acute(5),0,microglia(0),0.0,0.3343551493956635,0.10681342333555222,0.574951171875
CCL5,CCR5,18,myeloid-APC/IFN(18),0,microglia(0),0.0,0.33005402082237156,0.3721643090248108,0.29375192523002625
CXCL16,CXCR6,0,microglia(0),21,B/plasma(21),0.0,0.32547671150729407,0.6062488555908203,0.03190464898943901
CCL5,CCR5,21,B/plasma(21),0,microglia(0),0.0,0.3235274719873709,0.34675341844558716,0.29375192523002625
CXCL12,CXCR4,13,T/NK(13),5,myeloid-acute(5),0.0,0.3187272962566339,0.09265579283237457,0.5412187576293945
CCL5,CCR5,18,myeloid-APC/IFN(18),20,microglia(20),0.0,0.31829428643048174,0.3721643090248108,0.25720298290252686
TNF,TNFRSF1A,0,microglia(0),9,astro-reactive(9),0.0,0.3177000097276951,0.06380734592676163,0.5726072192192078
TNF,TNFRSF1B,5,myeloid-acute(5),18,myeloid-APC/IFN(18),0.0,0.3174286593680389,0.10681342333555222,0.526691198348999
CXCL16,CXCR6,0,microglia(0),3,myeloid-repair(3),0.0,0.31643949109618336,0.6062488555908203,0.017607958987355232
CXCL16,CXCR6,0,microglia(0),18,myeloid-APC/IFN(18),0.0,0.31337072977040786,0.6062488555908203,0.011843821965157986
TNF,TNFRSF1B,0,microglia(0),0,microglia(0),0.0,0.31309903684661183,0.06380734592676163,0.574951171875
CXCL16,CXCR6,0,microglia(0),5,myeloid-acute(5),0.0,0.3130399653022171,0.6062488555908203,0.011016631498932838
CXCL13,CXCR5,21,B/plasma(21),21,B/plasma(21),0.0,0.3129950538459644,0.46307358145713806,0.13940158486366272
CCL5,CCR5,21,B/plasma(21),20,microglia(20),0.0,0.31176773759548115,0.34675341844558716,0.25720298290252686
CXCL12,CXCR4,9,astro-reactive(9),18,myeloid-APC/IFN(18),0.0,0.31034309603091437,0.35425615310668945,0.27507779002189636
TNF,TNFRSF1A,18,myeloid-APC/IFN(18),9,astro-reactive(9),0.0,0.3098326524466937,0.04857303574681282,0.5726072192192078
TNF,TNFRSF1A,21,B/plasma(21),9,astro-reactive(9),0.0,0.3068008937219504,0.04255317524075508,0.5726072192192078
TNF,TNFRSF1A,13,T/NK(13),3,myeloid-repair(3),0.0,0.30642962285795283,0.16292187571525574,0.44938597083091736
TNF,TNFRSF1B,18,myeloid-APC/IFN(18),0,microglia(0),0.0,0.3052316795656105,0.04857303574681282,0.574951171875
TNF,TNFRSF1A,3,myeloid-repair(3),9,astro-reactive(9),0.0,0.3030718146162621,0.033303555101156235,0.5726072192192078
CCL5,CCR5,0,microglia(0),0,microglia(0),0.0,0.3027167604513835,0.31378042697906494,0.29375192523002625
TNF,TNFRSF1B,21,B/plasma(21),0,microglia(0),0.0,0.30219992084086716,0.04255317524075508,0.574951171875
TNF,TNFRSF1A,20,microglia(20),9,astro-reactive(9),0.0,0.300880835329878,0.028518710285425186,0.5726072192192078
CXCL12,CXCR4,3,myeloid-repair(3),3,myeloid-repair(3),0.0,0.30067189206597045,0.2756790518760681,0.31883955001831055
CCL5,CCR5,5,myeloid-acute(5),13,T/NK(13),0.0,0.30021988592097903,0.4601500332355499,0.13618433475494385
CXCL12,CXCR4,3,myeloid-repair(3),13,T/NK(13),0.0,0.30002402287552843,0.2756790518760681,0.3233349323272705
CXCL16,CXCR6,9,astro-reactive(9),13,T/NK(13),0.0,0.29975852132072217,0.12914012372493744,0.4585892856121063
TNF,TNFRSF1B,3,myeloid-repair(3),0,microglia(0),0.0,0.29847084173517885,0.033303555101156235,0.574951171875
CXCL12,CXCR4,13,T/NK(13),21,B/plasma(21),0.0,0.2981765175555942,0.09265579283237457,0.4902483820915222
CCL5,CCR5,5,myeloid-acute(5),3,myeloid-repair(3),0.0,0.298147376959787,0.4601500332355499,0.13748303055763245
CXCL12,CXCR4,18,myeloid-APC/IFN(18),5,myeloid-acute(5),0.0,0.29734884872132616,0.046802815049886703,0.5412187576293945
TNF,TNFRSF1B,20,microglia(20),0,microglia(0),0.0,0.2962798624487948,0.028518710285425186,0.574951171875
TNF,TNFRSF1B,0,microglia(0),18,myeloid-APC/IFN(18),0.0,0.2961725468189872,0.06380734592676163,0.526691198348999
CXCL12,CXCR4,0,microglia(0),5,myeloid-acute(5),0.0,0.2925138153154178,0.0395524837076664,0.5412187576293945
CCL5,CCR5,0,microglia(0),20,microglia(20),0.0,0.2909570260594937,0.31378042697906494,0.25720298290252686
CCL5,CCR5,18,myeloid-APC/IFN(18),5,myeloid-acute(5),0.0,0.29066650430678836,0.3721643090248108,0.21945331990718842
TNF,TNFRSF1A,9,astro-reactive(9),9,astro-reactive(9),0.0,0.2904914999221746,0.007659050170332193,0.5726072192192078
CXCL12,CXCR4,5,myeloid-acute(5),5,myeloid-acute(5),0.0,0.29008136870241075,0.03456125408411026,0.5412187576293945
CCL5,CCR5,3,myeloid-repair(3),0,microglia(0),0.0,0.2885849758668495,0.28261685371398926,0.29375192523002625
TNF,TNFRSF1B,18,myeloid-APC/IFN(18),18,myeloid-APC/IFN(18),0.0,0.28830518953798584,0.04857303574681282,0.526691198348999
CCL5,CCR5,5,myeloid-acute(5),21,B/plasma(21),0.0,0.2871498719252838,0.4601500332355499,0.10089995712041855
CCL5,CCR5,18,myeloid-APC/IFN(18),18,myeloid-APC/IFN(18),0.0,0.2871328692101818,0.3721643090248108,0.2038097381591797
TNF,TNFRSF1B,9,astro-reactive(9),0,microglia(0),0.0,0.28589052704109136,0.007659050170332193,0.574951171875
TNF,TNFRSF1B,21,B/plasma(21),18,myeloid-APC/IFN(18),0.0,0.2852734308132425,0.04255317524075508,0.526691198348999
CCL5,CCR5,21,B/plasma(21),5,myeloid-acute(5),0.0,0.2841399554717877,0.34675341844558716,0.21945331990718842
TNF,TNFRSF1A,13,T/NK(13),5,myeloid-acute(5),0.0,0.2825057410576224,0.16292187571525574,0.41090959310531616
TNF,TNFRSF1A,13,T/NK(13),8,astro(8),0.0,0.2825053300318884,0.16292187571525574,0.40055200457572937
CXCL12,CXCR4,8,astro(8),5,myeloid-acute(5),0.0,0.2821241793569965,0.018104488030076027,0.5412187576293945
CXCL12,CXCR4,20,microglia(20),5,myeloid-acute(5),0.0,0.28173443777682916,0.015184030868113041,0.5412187576293945
TNF,TNFRSF1B,3,myeloid-repair(3),18,myeloid-APC/IFN(18),0.0,0.2815443517075542,0.033303555101156235,0.526691198348999
TNF,TNFRSF1B,13,T/NK(13),21,B/plasma(21),0.0,0.280717822650221,0.16292187571525574,0.3951679766178131
CCL5,CCR5,21,B/plasma(21),18,myeloid-APC/IFN(18),0.0,0.2806063203751812,0.34675341844558716,0.2038097381591797
TNF,TNFRSF1A,5,myeloid-acute(5),3,myeloid-repair(3),0.0,0.2795297386099606,0.10681342333555222,0.44938597083091736
TNF,TNFRSF1B,20,microglia(20),18,myeloid-APC/IFN(18),0.0,0.27935337242117014,0.028518710285425186,0.526691198348999
CCL5,CCR5,3,myeloid-repair(3),20,microglia(20),0.0,0.27682524147495974,0.28261685371398926,0.25720298290252686
CXCL12,CXCR4,18,myeloid-APC/IFN(18),21,B/plasma(21),0.0,0.2767980700202865,0.046802815049886703,0.4902483820915222
CXCL12,CXCR4,9,astro-reactive(9),0,microglia(0),0.0,0.2760013952859386,0.35425615310668945,0.1936841756105423
CXCL12,CXCR4,3,myeloid-repair(3),18,myeloid-APC/IFN(18),0.0,0.27442747392310146,0.2756790518760681,0.27507779002189636
CXCL12,CXCR4,0,microglia(0),21,B/plasma(21),0.0,0.27196303661437815,0.0395524837076664,0.4902483820915222
TNF,TNFRSF1B,13,T/NK(13),20,microglia(20),0.0,0.2709124576757487,0.16292187571525574,0.3859717845916748
CXCL12,CXCR4,5,myeloid-acute(5),21,B/plasma(21),0.0,0.2695305900013711,0.03456125408411026,0.4902483820915222
TNF,TNFRSF1B,9,astro-reactive(9),18,myeloid-APC/IFN(18),0.0,0.2689640370134667,0.007659050170332193,0.526691198348999
IGF1,IGF1R,3,myeloid-repair(3),9,astro-reactive(9),0.0,0.26463244014577914,0.40916886925697327,0.12184866517782211
CCL5,CCR5,0,microglia(0),5,myeloid-acute(5),0.0,0.2633292439358003,0.31378042697906494,0.21945331990718842
CXCL12,CXCR4,8,astro(8),21,B/plasma(21),0.0,0.26157340065595686,0.018104488030076027,0.4902483820915222
CXCL12,CXCR4,20,microglia(20),21,B/plasma(21),0.0,0.2611836590757895,0.015184030868113041,0.4902483820915222
IGF1,IGF1R,3,myeloid-repair(3),8,astro(8),0.0,0.2603539281823307,0.40916886925697327,0.11569687724113464
CCL5,CCR5,0,microglia(0),18,myeloid-APC/IFN(18),0.0,0.2597956088391937,0.31378042697906494,0.2038097381591797
TNF,TNFRSF1A,0,microglia(0),3,myeloid-repair(3),0.0,0.2582736260609089,0.06380734592676163,0.44938597083091736
IGF1,IGF1R,3,myeloid-repair(3),13,T/NK(13),0.0,0.2560511760713158,0.40916886925697327,0.1097884401679039
TNF,TNFRSF1A,5,myeloid-acute(5),5,myeloid-acute(5),0.0,0.25560585680963016,0.10681342333555222,0.41090959310531616
TNF,TNFRSF1A,5,myeloid-acute(5),8,astro(8),0.0,0.25560544578389616,0.10681342333555222,0.40055200457572937
TNF,TNFRSF1A,13,T/NK(13),0,microglia(0),0.0,0.2549330862422543,0.16292187571525574,0.349109023809433
CXCL13,CXCR5,21,B/plasma(21),13,T/NK(13),0.0,0.2548406867161105,0.46307358145713806,0.024972612038254738
CXCL16,CXCR6,13,T/NK(13),21,B/plasma(21),0.0,0.25450056948565947,0.4716290235519409,0.03190464898943901
TNF,TNFRSF1B,5,myeloid-acute(5),21,B/plasma(21),0.0,0.25381793840222877,0.10681342333555222,0.3951679766178131
IGF1,IGF1R,3,myeloid-repair(3),3,myeloid-repair(3),0.0,0.25305421309930776,0.40916886925697327,0.09513408690690994
CCL5,CCR5,18,myeloid-APC/IFN(18),13,T/NK(13),0.0,0.25137882273866974,0.3721643090248108,0.13618433475494385
CXCL12,CXCR4,9,astro-reactive(9),9,astro-reactive(9),0.0,0.25099893142423724,0.35425615310668945,0.1464761644601822
TNF,TNFRSF1A,18,myeloid-APC/IFN(18),3,myeloid-repair(3),0.0,0.25040626877990757,0.04857303574681282,0.44938597083091736
CCL5,CCR5,18,myeloid-APC/IFN(18),3,myeloid-repair(3),0.0,0.2493063137774777,0.3721643090248108,0.13748303055763245
CCL5,CCR5,3,myeloid-repair(3),5,myeloid-acute(5),0.0,0.2491974593512663,0.28261685371398926,0.21945331990718842
CXCL16,CXCR6,8,astro(8),13,T/NK(13),0.0,0.24869850812770106,0.029445083811879158,0.4585892856121063
CXCL10,CXCR3,9,astro-reactive(9),13,T/NK(13),0.0,0.24836829881319097,0.2799808979034424,0.2172294557094574
TNF,TNFRSF1A,21,B/plasma(21),3,myeloid-repair(3),0.0,0.24737451005516423,0.04255317524075508,0.44938597083091736
CCL5,CCR5,3,myeloid-repair(3),18,myeloid-APC/IFN(18),0.0,0.24566382425465977,0.28261685371398926,0.2038097381591797
CXCL16,CXCR6,13,T/NK(13),3,myeloid-repair(3),0.0,0.24546334907454875,0.4716290235519409,0.017607958987355232
CXCL12,CXCR4,21,B/plasma(21),3,myeloid-repair(3),0.0,0.24525893529254347,0.16591666638851166,0.31883955001831055
CCL5,CCR5,21,B/plasma(21),13,T/NK(13),0.0,0.24485227390366912,0.34675341844558716,0.13618433475494385
CXCL12,CXCR4,21,B/plasma(21),13,T/NK(13),0.0,0.24461106610210148,0.16591666638851166,0.3233349323272705
TNF,TNFRSF1B,5,myeloid-acute(5),20,microglia(20),0.0,0.24401257342775642,0.10681342333555222,0.3859717845916748
IGF1,IGF1R,3,myeloid-repair(3),20,microglia(20),0.0,0.2437691532345969,0.40916886925697327,0.07911927253007889
TNF,TNFRSF1A,3,myeloid-repair(3),3,myeloid-repair(3),0.0,0.2436454309494759,0.033303555101156235,0.44938597083091736
IGF1,IGF1R,3,myeloid-repair(3),21,B/plasma(21),0.0,0.24301364736398476,0.40916886925697327,0.0844435840845108
CCL5,CCR5,21,B/plasma(21),3,myeloid-repair(3),0.0,0.24277976494247705,0.34675341844558716,0.13748303055763245
CXCL16,CXCR6,13,T/NK(13),18,myeloid-APC/IFN(18),0.0,0.2423945877487733,0.4716290235519409,0.011843821965157986
CXCL16,CXCR6,13,T/NK(13),5,myeloid-acute(5),0.0,0.24206382328058257,0.4716290235519409,0.011016631498932838
TNF,TNFRSF1A,20,microglia(20),3,myeloid-repair(3),0.0,0.24145445166309185,0.028518710285425186,0.44938597083091736
CCL5,CCR5,5,myeloid-acute(5),9,astro-reactive(9),0.0,0.24044222071931617,0.4601500332355499,0.016577094793319702
CXCL12,CXCR4,3,myeloid-repair(3),0,microglia(0),0.0,0.24008577317812568,0.2756790518760681,0.1936841756105423
CCL5,CCR5,18,myeloid-APC/IFN(18),21,B/plasma(21),0.0,0.23830880874297453,0.3721643090248108,0.10089995712041855
IGF1,IGF1R,3,myeloid-repair(3),0,microglia(0),0.0,0.23808326795617052,0.40916886925697327,0.07309359312057495
IGF1,IGF1R,3,myeloid-repair(3),5,myeloid-acute(5),0.0,0.23666959244589808,0.40916886925697327,0.06791136413812637
CXCL16,CXCR6,21,B/plasma(21),21,B/plasma(21),0.0,0.2365819681769522,0.44069549441337585,0.03190464898943901
TNF,TNFRSF1A,0,microglia(0),5,myeloid-acute(5),0.0,0.23434974426057847,0.06380734592676163,0.41090959310531616
TNF,TNFRSF1A,0,microglia(0),8,astro(8),0.0,0.23434933323484444,0.06380734592676163,0.40055200457572937
TNF,TNFRSF1B,0,microglia(0),21,B/plasma(21),0.0,0.23256182585317706,0.06380734592676163,0.3951679766178131
CCL5,CCR5,21,B/plasma(21),21,B/plasma(21),0.0,0.23178225990797388,0.34675341844558716,0.10089995712041855
TNF,TNFRSF1A,9,astro-reactive(9),3,myeloid-repair(3),0.0,0.23106511625538845,0.007659050170332193,0.44938597083091736
CD86,CTLA4,0,microglia(0),13,T/NK(13),0.0,0.22891544982379924,0.20643548667430878,0.2589486539363861
IGF1,IGF1R,3,myeloid-repair(3),18,myeloid-APC/IFN(18),0.0,0.22853365428463493,0.40916886925697327,0.06089165434241295
TNF,TNFRSF1A,5,myeloid-acute(5),0,microglia(0),0.0,0.22803320199426208,0.10681342333555222,0.349109023809433
CXCL16,CXCR6,21,B/plasma(21),3,myeloid-repair(3),0.0,0.22754474776584147,0.44069549441337585,0.017607958987355232
TNF,TNFRSF1A,18,myeloid-APC/IFN(18),5,myeloid-acute(5),0.0,0.22648238697957718,0.04857303574681282,0.41090959310531616
TNF,TNFRSF1A,18,myeloid-APC/IFN(18),8,astro(8),0.0,0.22648197595384315,0.04857303574681282,0.40055200457572937
TNF,TNFRSF1A,13,T/NK(13),13,T/NK(13),0.0,0.22620245960184532,0.16292187571525574,0.29525914788246155
TNF,TNFRSF1B,18,myeloid-APC/IFN(18),21,B/plasma(21),0.0,0.22469446857217576,0.04857303574681282,0.3951679766178131
CXCL16,CXCR6,21,B/plasma(21),18,myeloid-APC/IFN(18),0.0,0.224475986440066,0.44069549441337585,0.011843821965157986
CXCL16,CXCR6,21,B/plasma(21),5,myeloid-acute(5),0.0,0.22414522197187528,0.44069549441337585,0.011016631498932838
CCL5,CCR5,0,microglia(0),13,T/NK(13),0.0,0.22404156236768172,0.31378042697906494,0.13618433475494385
CCL5,CCR5,20,microglia(20),0,microglia(0),0.0,0.22360090310516056,0.15386883914470673,0.29375192523002625
TNF,TNFRSF1A,21,B/plasma(21),5,myeloid-acute(5),0.0,0.2234506282548338,0.04255317524075508,0.41090959310531616
TNF,TNFRSF1A,21,B/plasma(21),8,astro(8),0.0,0.22345021722909977,0.04255317524075508,0.40055200457572937
TNF,TNFRSF1B,0,microglia(0),20,microglia(20),0.0,0.22275646087870474,0.06380734592676163,0.3859717845916748
TNF,TNFRSF1A,13,T/NK(13),18,myeloid-APC/IFN(18),0.0,0.22210360410725993,0.16292187571525574,0.28929033875465393
CCL5,CCR5,0,microglia(0),3,myeloid-repair(3),0.0,0.22196905340648965,0.31378042697906494,0.13748303055763245
TNF,TNFRSF1B,21,B/plasma(21),21,B/plasma(21),0.0,0.2216627098474324,0.04255317524075508,0.3951679766178131
TNF,TNFRSF1A,3,myeloid-repair(3),5,myeloid-acute(5),0.0,0.2197215491491455,0.033303555101156235,0.41090959310531616
TNF,TNFRSF1A,3,myeloid-repair(3),8,astro(8),0.0,0.21972113812341146,0.033303555101156235,0.40055200457572937
CXCL12,CXCR4,21,B/plasma(21),18,myeloid-APC/IFN(18),0.0,0.2190145171496745,0.16591666638851166,0.27507779002189636
TNF,TNFRSF1B,3,myeloid-repair(3),21,B/plasma(21),0.0,0.21793363074174407,0.033303555101156235,0.3951679766178131
TNF,TNFRSF1A,20,microglia(20),5,myeloid-acute(5),0.0,0.21753056986276142,0.028518710285425186,0.41090959310531616
TNF,TNFRSF1A,20,microglia(20),8,astro(8),0.0,0.2175301588370274,0.028518710285425186,0.40055200457572937
TNF,TNFRSF1A,13,T/NK(13),20,microglia(20),0.0,0.21622702049869758,0.16292187571525574,0.2706837058067322
TNF,TNFRSF1B,20,microglia(20),21,B/plasma(21),0.0,0.21574265145536,0.028518710285425186,0.3951679766178131
CXCL12,CXCR4,3,myeloid-repair(3),9,astro-reactive(9),0.0,0.21508330931642436,0.2756790518760681,0.1464761644601822
TNF,TNFRSF1B,18,myeloid-APC/IFN(18),20,microglia(20),0.0,0.21488910359770344,0.04857303574681282,0.3859717845916748
CXCL12,CXCR4,9,astro-reactive(9),20,microglia(20),0.0,0.21215628219549595,0.35425615310668945,0.07031698524951935
TNF,TNFRSF1B,21,B/plasma(21),20,microglia(20),0.0,0.21185734487296007,0.04255317524075508,0.3859717845916748
CCL5,CCR5,20,microglia(20),20,microglia(20),0.0,0.21184116871327077,0.15386883914470673,0.25720298290252686
CCL2,CCR2,5,myeloid-acute(5),18,myeloid-APC/IFN(18),0.0,0.21144982384946254,0.26944318413734436,0.17026525735855103
CCL5,CCR5,0,microglia(0),21,B/plasma(21),0.0,0.21097154837198648,0.31378042697906494,0.10089995712041855
CCL5,CCR5,3,myeloid-repair(3),13,T/NK(13),0.0,0.20990977778314773,0.28261685371398926,0.13618433475494385
TNF,TNFRSF1B,3,myeloid-repair(3),20,microglia(20),0.0,0.20812826576727175,0.033303555101156235,0.3859717845916748
CCL5,CCR5,3,myeloid-repair(3),3,myeloid-repair(3),0.0,0.20783726882195566,0.28261685371398926,0.13748303055763245
TNF,TNFRSF1A,9,astro-reactive(9),5,myeloid-acute(5),0.0,0.20714123445505803,0.007659050170332193,0.41090959310531616
TNF,TNFRSF1A,9,astro-reactive(9),8,astro(8),0.0,0.207140823429324,0.007659050170332193,0.40055200457572937
TNF,TNFRSF1A,0,microglia(0),0,microglia(0),0.0,0.2067770894452104,0.06380734592676163,0.349109023809433
TNF,TNFRSF1B,20,microglia(20),20,microglia(20),0.0,0.2059372864808877,0.028518710285425186,0.3859717845916748
TNF,TNFRSF1B,9,astro-reactive(9),21,B/plasma(21),0.0,0.2053533160476566,0.007659050170332193,0.3951679766178131
CCL2,CCR2,5,myeloid-acute(5),13,T/NK(13),0.0,0.20530143277315702,0.26944318413734436,0.15816538035869598
CXCL12,CXCR4,13,T/NK(13),3,myeloid-repair(3),0.0,0.20474889059262738,0.09265579283237457,0.31883955001831055
CD86,CTLA4,20,microglia(20),13,T/NK(13),0.0,0.20425794379269002,0.14575403928756714,0.2589486539363861
CXCL12,CXCR4,13,T/NK(13),13,T/NK(13),0.0,0.2041010214021854,0.09265579283237457,0.3233349323272705
TNF,TNFRSF1A,5,myeloid-acute(5),13,T/NK(13),0.0,0.19930257535385307,0.10681342333555222,0.29525914788246155
TNF,TNFRSF1A,18,myeloid-APC/IFN(18),0,microglia(0),0.0,0.1989097321642091,0.04857303574681282,0.349109023809433
TNF,TNFRSF1A,13,T/NK(13),21,B/plasma(21),0.0,0.19855599847983016,0.16292187571525574,0.23691561818122864
CXCL10,CXCR3,5,myeloid-acute(5),13,T/NK(13),0.0,0.19813797944645872,0.18791300058364868,0.2172294557094574
CCL5,CCR5,3,myeloid-repair(3),21,B/plasma(21),0.0,0.1968397637874525,0.28261685371398926,0.10089995712041855
TNF,TNFRSF1A,21,B/plasma(21),0,microglia(0),0.0,0.19587797343946572,0.04255317524075508,0.349109023809433
TNF,TNFRSF1B,9,astro-reactive(9),20,microglia(20),0.0,0.1955479510731843,0.007659050170332193,0.3859717845916748
TNF,TNFRSF1A,5,myeloid-acute(5),18,myeloid-APC/IFN(18),0.0,0.19520371985926768,0.10681342333555222,0.28929033875465393
CXCL12,CXCR4,9,astro-reactive(9),8,astro(8),0.0,0.19482270326141635,0.35425615310668945,0.03362859785556793
TNF,TNFRSF1A,3,myeloid-repair(3),0,microglia(0),0.0,0.1921488943337774,0.033303555101156235,0.349109023809433
CD86,CTLA4,18,myeloid-APC/IFN(18),13,T/NK(13),0.0,0.19165028749457808,0.1296236217021942,0.2589486539363861
CCL5,CCR5,18,myeloid-APC/IFN(18),9,astro-reactive(9),0.0,0.1916011575370069,0.3721643090248108,0.016577094793319702
TNF,TNFRSF1A,20,microglia(20),0,microglia(0),0.0,0.18995791504739334,0.028518710285425186,0.349109023809433
CXCL9,CXCR3,5,myeloid-acute(5),13,T/NK(13),0.0,0.18963502186648942,0.16138875484466553,0.2172294557094574
TNF,TNFRSF1A,5,myeloid-acute(5),20,microglia(20),0.0,0.18932713625070532,0.10681342333555222,0.2706837058067322
CCL5,CCR5,9,astro-reactive(9),0,microglia(0),0.0,0.18805959825294588,0.0810466855764389,0.29375192523002625
CD86,CTLA4,5,myeloid-acute(5),13,T/NK(13),0.0,0.1864862254595047,0.1202940121293068,0.2589486539363861
CCL5,CCR5,21,B/plasma(21),9,astro-reactive(9),0.0,0.18507460870200626,0.34675341844558716,0.016577094793319702
CXCL12,CXCR4,21,B/plasma(21),0,microglia(0),0.0,0.18467281640469874,0.16591666638851166,0.1936841756105423
CCL2,CCR2,5,myeloid-acute(5),5,myeloid-acute(5),0.0,0.18446803763663694,0.26944318413734436,0.11026202142238617
IGF1,IGF1R,21,B/plasma(21),9,astro-reactive(9),0.0,0.18424985450015977,0.24838651716709137,0.12184866517782211
CCL5,CCR5,20,microglia(20),5,myeloid-acute(5),0.0,0.18421338658957737,0.15386883914470673,0.21945331990718842
CXCL12,CXCR4,18,myeloid-APC/IFN(18),3,myeloid-repair(3),0.0,0.1833704430573197,0.046802815049886703,0.31883955001831055
CXCL12,CXCR4,18,myeloid-APC/IFN(18),13,T/NK(13),0.0,0.1827225738668777,0.046802815049886703,0.3233349323272705
CCL2,CCR2,9,astro-reactive(9),18,myeloid-APC/IFN(18),0.0,0.18155690069058764,0.2025085985660553,0.17026525735855103
CXCL10,CXCR3,9,astro-reactive(9),21,B/plasma(21),0.0,0.1813399188026349,0.2799808979034424,0.08059964329004288
CCL2,CCR2,0,microglia(0),18,myeloid-APC/IFN(18),0.0,0.18111835549288963,0.1929599642753601,0.17026525735855103
CCL5,CCR5,20,microglia(20),18,myeloid-APC/IFN(18),0.0,0.1806797514929708,0.15386883914470673,0.2038097381591797
IGF1,IGF1R,21,B/plasma(21),8,astro(8),0.0,0.17997134253671132,0.24838651716709137,0.11569687724113464
TNF,TNFRSF1A,9,astro-reactive(9),0,microglia(0),0.0,0.17956857963968995,0.007659050170332193,0.349109023809433
CXCL12,CXCR4,0,microglia(0),3,myeloid-repair(3),0.0,0.1785354096514113,0.0395524837076664,0.31883955001831055
CXCL12,CXCR4,13,T/NK(13),18,myeloid-APC/IFN(18),0.0,0.1785044724497584,0.09265579283237457,0.27507779002189636
TNF,TNFRSF1A,0,microglia(0),13,T/NK(13),0.0,0.17804646280480138,0.06380734592676163,0.29525914788246155
CXCL12,CXCR4,0,microglia(0),13,T/NK(13),0.0,0.17788754046096933,0.0395524837076664,0.3233349323272705
CCL2,CCR2,5,myeloid-acute(5),21,B/plasma(21),0.0,0.17749496726067937,0.26944318413734436,0.09526016563177109
IGF1,IGF1R,0,microglia(0),9,astro-reactive(9),0.0,0.17712877436012436,0.2274404615163803,0.12184866517782211
CCL5,CCR5,9,astro-reactive(9),20,microglia(20),0.0,0.17629986386105606,0.0810466855764389,0.25720298290252686
CXCL12,CXCR4,3,myeloid-repair(3),20,microglia(20),0.0,0.17624066008768308,0.2756790518760681,0.07031698524951935
CXCL10,CXCR3,13,T/NK(13),13,T/NK(13),0.0,0.17619474735796414,0.13640134036540985,0.2172294557094574
CXCL12,CXCR4,5,myeloid-acute(5),3,myeloid-repair(3),0.0,0.17610296303840425,0.03456125408411026,0.31883955001831055
IGF1,IGF1R,21,B/plasma(21),13,T/NK(13),0.0,0.17566859042569635,0.24838651716709137,0.1097884401679039
CXCL12,CXCR4,5,myeloid-acute(5),13,T/NK(13),0.0,0.17545509384796226,0.03456125408411026,0.3233349323272705
CCL2,CCR2,9,astro-reactive(9),13,T/NK(13),0.0,0.17540850961428212,0.2025085985660553,0.15816538035869598
CCL2,CCR2,0,microglia(0),13,T/NK(13),0.0,0.17496996441658413,0.1929599642753601,0.15816538035869598
TNF,TNFRSF1A,0,microglia(0),18,myeloid-APC/IFN(18),0.0,0.173947607310216,0.06380734592676163,0.28929033875465393
IGF1,IGF1R,0,microglia(0),8,astro(8),0.0,0.17285026239667595,0.2274404615163803,0.11569687724113464
IGF1,IGF1R,21,B/plasma(21),3,myeloid-repair(3),0.0,0.17267162745368833,0.24838651716709137,0.09513408690690994
TNF,TNFRSF1A,5,myeloid-acute(5),21,B/plasma(21),0.0,0.1716561142318379,0.10681342333555222,0.23691561818122864
TNF,TNFRSF1A,18,myeloid-APC/IFN(18),13,T/NK(13),0.0,0.17017910552380008,0.04857303574681282,0.29525914788246155
CXCL9,CXCR3,18,myeloid-APC/IFN(18),13,T/NK(13),0.0,0.16868966023241153,0.12816888093948364,0.2172294557094574
IGF1,IGF1R,0,microglia(0),13,T/NK(13),0.0,0.16854751028566095,0.2274404615163803,0.1097884401679039
CXCL12,CXCR4,8,astro(8),3,myeloid-repair(3),0.0,0.16814577369299005,0.018104488030076027,0.31883955001831055
TNF,TNFRSF1A,0,microglia(0),20,microglia(20),0.0,0.16807102370165364,0.06380734592676163,0.2706837058067322
CXCL9,CXCR3,13,T/NK(13),13,T/NK(13),0.0,0.16782860051458154,0.11865278333425522,0.2172294557094574
CXCL12,CXCR4,20,microglia(20),3,myeloid-repair(3),0.0,0.16775603211282267,0.015184030868113041,0.31883955001831055
CXCL12,CXCR4,8,astro(8),13,T/NK(13),0.0,0.16749790450254806,0.018104488030076027,0.3233349323272705
TNF,TNFRSF1A,21,B/plasma(21),13,T/NK(13),0.0,0.1671473467990567,0.04255317524075508,0.29525914788246155
CXCL12,CXCR4,20,microglia(20),13,T/NK(13),0.0,0.16710816292238068,0.015184030868113041,0.3233349323272705
TNF,TNFRSF1A,18,myeloid-APC/IFN(18),18,myeloid-APC/IFN(18),0.0,0.1660802500292147,0.04857303574681282,0.28929033875465393
IGF1,IGF1R,0,microglia(0),3,myeloid-repair(3),0.0,0.16555054731365293,0.2274404615163803,0.09513408690690994
CCL5,CCR5,0,microglia(0),9,astro-reactive(9),0.0,0.16426389716601886,0.31378042697906494,0.016577094793319702
CCL2,CCR2,5,myeloid-acute(5),3,myeloid-repair(3),0.0,0.16394981312259332,0.26944318413734436,0.07230859994888306
CD86,CD28,0,microglia(0),13,T/NK(13),0.0,0.16350212703106262,0.20643548667430878,0.12384980171918869
TNF,TNFRSF1A,3,myeloid-repair(3),13,T/NK(13),0.0,0.1634182676933684,0.033303555101156235,0.29525914788246155
IGF1,IGF1R,21,B/plasma(21),20,microglia(20),0.0,0.16338656758897752,0.24838651716709137,0.07911927253007889
TNF,TNFRSF1A,21,B/plasma(21),18,myeloid-APC/IFN(18),0.0,0.16304849130447133,0.04255317524075508,0.28929033875465393
CD80,CTLA4,21,B/plasma(21),13,T/NK(13),0.0,0.16272707889753102,0.06377463787794113,0.2589486539363861
IGF1,IGF1R,21,B/plasma(21),21,B/plasma(21),0.0,0.16263106171836536,0.24838651716709137,0.0844435840845108
CD86,CTLA4,3,myeloid-repair(3),13,T/NK(13),0.0,0.1619008928974682,0.06974455714225769,0.2589486539363861
CD86,CTLA4,21,B/plasma(21),13,T/NK(13),0.0,0.1615404212551739,0.06949015706777573,0.2589486539363861
TNF,TNFRSF1A,20,microglia(20),13,T/NK(13),0.0,0.16122728840698433,0.028518710285425186,0.29525914788246155
CXCL12,CXCR4,21,B/plasma(21),9,astro-reactive(9),0.0,0.15967035254299738,0.16591666638851166,0.1464761644601822
CD80,CTLA4,18,myeloid-APC/IFN(18),13,T/NK(13),0.0,0.15935304695807304,0.06671752035617828,0.2589486539363861
TNF,TNFRSF1A,3,myeloid-repair(3),18,myeloid-APC/IFN(18),0.0,0.159319412198783,0.033303555101156235,0.28929033875465393
CXCL12,CXCR4,3,myeloid-repair(3),8,astro(8),0.0,0.15890708115360347,0.2756790518760681,0.03362859785556793
CD86,CTLA4,13,T/NK(13),13,T/NK(13),0.0,0.15857408966284708,0.06488388031721115,0.2589486539363861
IGF1,IGF1R,21,B/plasma(21),0,microglia(0),0.0,0.15770068231055112,0.24838651716709137,0.07309359312057495
CCL5,CCR5,8,astro(8),0,microglia(0),0.0,0.15733602568649177,0.020240992307662964,0.29375192523002625
CXCL12,CXCR4,18,myeloid-APC/IFN(18),18,myeloid-APC/IFN(18),0.0,0.1571260249144507,0.046802815049886703,0.27507779002189636
IGF1,IGF1R,21,B/plasma(21),5,myeloid-acute(5),0.0,0.15628700680027868,0.24838651716709137,0.06791136413812637
IGF1,IGF1R,0,microglia(0),20,microglia(20),0.0,0.15626548744894214,0.2274404615163803,0.07911927253007889
CXCL10,CXCR3,18,myeloid-APC/IFN(18),13,T/NK(13),0.0,0.15598871399206077,0.10603375732898712,0.2172294557094574
IGF1,IGF1R,0,microglia(0),21,B/plasma(21),0.0,0.15550998157833,0.2274404615163803,0.0844435840845108
CD80,CTLA4,13,T/NK(13),13,T/NK(13),0.0,0.15460908740850282,0.05723533779382706,0.2589486539363861
CCL2,CCR2,9,astro-reactive(9),5,myeloid-acute(5),0.0,0.15457511447776204,0.2025085985660553,0.11026202142238617
CCL2,CCR2,0,microglia(0),5,myeloid-acute(5),0.0,0.15413656928006403,0.1929599642753601,0.11026202142238617
CXCL12,CXCR4,0,microglia(0),18,myeloid-APC/IFN(18),0.0,0.1522909915085423,0.0395524837076664,0.27507779002189636
CD80,CTLA4,5,myeloid-acute(5),13,T/NK(13),0.0,0.15218846290528795,0.05309735983610153,0.2589486539363861
CCL2,CCR2,5,myeloid-acute(5),20,microglia(20),0.0,0.151113329569181,0.26944318413734436,0.0436728335916996
IGF1,IGF1R,0,microglia(0),0,microglia(0),0.0,0.15057960217051575,0.2274404615163803,0.07309359312057495
CXCL10,CXCR3,9,astro-reactive(9),18,myeloid-APC/IFN(18),0.0,0.15036399422023178,0.2799808979034424,0.022043555974960327
CCL5,CCR5,3,myeloid-repair(3),9,astro-reactive(9),0.0,0.15013211258148487,0.28261685371398926,0.016577094793319702
CXCL10,CXCR3,9,astro-reactive(9),3,myeloid-repair(3),0.0,0.14987592455844487,0.2799808979034424,0.0177011676132679
CXCL12,CXCR4,5,myeloid-acute(5),18,myeloid-APC/IFN(18),0.0,0.14985854489553527,0.03456125408411026,0.27507779002189636
CD80,CTLA4,3,myeloid-repair(3),13,T/NK(13),0.0,0.14921252024756695,0.04742463678121567,0.2589486539363861
IGF1,IGF1R,0,microglia(0),5,myeloid-acute(5),0.0,0.1491659266602433,0.2274404615163803,0.06791136413812637
CCL5,CCR5,9,astro-reactive(9),5,myeloid-acute(5),0.0,0.14867208173736265,0.0810466855764389,0.21945331990718842
IGF1,IGF1R,21,B/plasma(21),18,myeloid-APC/IFN(18),0.0,0.14815106863901553,0.24838651716709137,0.06089165434241295
CCL2,CCR2,9,astro-reactive(9),21,B/plasma(21),0.0,0.1476020441018045,0.2025085985660553,0.09526016563177109
CCL2,CCR2,0,microglia(0),21,B/plasma(21),0.0,0.1471634989041065,0.1929599642753601,0.09526016563177109
CXCL13,CXCR5,3,myeloid-repair(3),21,B/plasma(21),0.0,0.14697930337762377,0.15112392604351044,0.13940158486366272
CXCL9,CXCR3,0,microglia(0),13,T/NK(13),0.0,0.14605658018886739,0.07745581120252609,0.2172294557094574
CCL5,CCR5,8,astro(8),20,microglia(20),0.0,0.14557629129460198,0.020240992307662964,0.25720298290252686
CXCL10,CXCR3,3,myeloid-repair(3),13,T/NK(13),0.0,0.14548758324968336,0.07792072743177414,0.2172294557094574
CCL5,CCR5,9,astro-reactive(9),18,myeloid-APC/IFN(18),0.0,0.1451384466407561,0.0810466855764389,0.2038097381591797
CCL5,CCR5,20,microglia(20),13,T/NK(13),0.0,0.14492570502145877,0.15386883914470673,0.13618433475494385
CXCL10,CXCR3,9,astro-reactive(9),5,myeloid-acute(5),0.0,0.14472541864715516,0.2799808979034424,0.008033487014472485
CXCL12,CXCR4,13,T/NK(13),0,microglia(0),0.0,0.14416277170478264,0.09265579283237457,0.1936841756105423
CD80,CTLA4,0,microglia(0),13,T/NK(13),0.0,0.1441183916991498,0.03356698155403137,0.2589486539363861
CXCL9,CXCR3,3,myeloid-repair(3),13,T/NK(13),0.0,0.1430596970784958,0.07091272622346878,0.2172294557094574
CXCL10,CXCR3,0,microglia(0),13,T/NK(13),0.0,0.14297203107958753,0.07189273834228516,0.2172294557094574
CCL5,CCR5,20,microglia(20),3,myeloid-repair(3),0.0,0.1428531960602667,0.15386883914470673,0.13748303055763245
CXCL12,CXCR4,8,astro(8),18,myeloid-APC/IFN(18),0.0,0.14190135555012107,0.018104488030076027,0.27507779002189636
CCL2,CCR2,20,microglia(20),18,myeloid-APC/IFN(18),0.0,0.14159780220286,0.11540694534778595,0.17026525735855103
CXCL12,CXCR4,20,microglia(20),18,myeloid-APC/IFN(18),0.0,0.14151161396995368,0.015184030868113041,0.27507779002189636
IGF1,IGF1R,0,microglia(0),18,myeloid-APC/IFN(18),0.0,0.14102998849898013,0.2274404615163803,0.06089165434241295
IGF1,IGF1R,13,T/NK(13),9,astro-reactive(9),0.0,0.14049051570359605,0.1593237966299057,0.12184866517782211
CD86,CD28,20,microglia(20),13,T/NK(13),0.0,0.1388446209999534,0.14575403928756714,0.12384980171918869
CCL2,CCR2,5,myeloid-acute(5),0,microglia(0),0.0,0.1377492579207881,0.26944318413734436,0.018493138253688812
CXCL13,CXCR5,13,T/NK(13),21,B/plasma(21),0.0,0.1369270326537844,0.1312655210494995,0.13940158486366272
CD80,CTLA4,20,microglia(20),13,T/NK(13),0.0,0.13584635814560642,0.021884623914957047,0.2589486539363861
CCL2,CCR2,20,microglia(20),13,T/NK(13),0.0,0.13544941112655448,0.11540694534778595,0.15816538035869598
CXCL10,CXCR3,20,microglia(20),13,T/NK(13),0.0,0.13467168401468466,0.05197256803512573,0.2172294557094574
CCL2,CCR2,9,astro-reactive(9),3,myeloid-repair(3),0.0,0.13405688996371845,0.2025085985660553,0.07230859994888306
CCL2,CCR2,0,microglia(0),3,myeloid-repair(3),0.0,0.13361834476602044,0.1929599642753601,0.07230859994888306
CD86,CTLA4,9,astro-reactive(9),13,T/NK(13),0.0,0.13315983252798674,0.013444396667182446,0.2589486539363861
CCL2,CCR2,5,myeloid-acute(5),9,astro-reactive(9),0.0,0.13179914133135365,0.26944318413734436,0.006393470335751772
CXCL10,CXCR3,5,myeloid-acute(5),21,B/plasma(21),0.0,0.13110959943590264,0.18791300058364868,0.08059964329004288
CXCL9,CXCR3,21,B/plasma(21),13,T/NK(13),0.0,0.13084357222989926,0.04143897071480751,0.2172294557094574
CCL2,CCR2,13,T/NK(13),18,myeloid-APC/IFN(18),0.0,0.12916940010030967,0.09466979652643204,0.17026525735855103
CCL2,CCR2,3,myeloid-repair(3),18,myeloid-APC/IFN(18),0.0,0.12680027488608647,0.08693433552980423,0.17026525735855103
CD86,CD28,18,myeloid-APC/IFN(18),13,T/NK(13),0.0,0.12623696470184145,0.1296236217021942,0.12384980171918869
CXCL10,CXCR3,21,B/plasma(21),13,T/NK(13),0.0,0.12571783538184547,0.041665274649858475,0.2172294557094574
CCL2,CCR2,18,myeloid-APC/IFN(18),18,myeloid-APC/IFN(18),0.0,0.12451028588411497,0.0910036712884903,0.17026525735855103
CXCL10,CXCR3,8,astro(8),13,T/NK(13),0.0,0.1243840001062926,0.03286311402916908,0.2172294557094574
CD86,CTLA4,0,microglia(0),21,B/plasma(21),0.0,0.12432229676690297,0.20643548667430878,0.0396544449031353
CXCL9,CXCR3,20,microglia(20),13,T/NK(13),0.0,0.12330687790121576,0.029682619497179985,0.2172294557094574
CCL2,CCR2,13,T/NK(13),13,T/NK(13),0.0,0.12302100902400416,0.09466979652643204,0.15816538035869598
CXCL9,CXCR3,5,myeloid-acute(5),21,B/plasma(21),0.0,0.12260664185593334,0.16138875484466553,0.08059964329004288
CCL2,CCR2,9,astro-reactive(9),20,microglia(20),0.0,0.1212204064103061,0.2025085985660553,0.0436728335916996
CD86,CD28,5,myeloid-acute(5),13,T/NK(13),0.0,0.1210729026667681,0.1202940121293068,0.12384980171918869
CCL2,CCR2,0,microglia(0),20,microglia(20),0.0,0.12078186121260809,0.1929599642753601,0.0436728335916996
CCL2,CCR2,3,myeloid-repair(3),13,T/NK(13),0.0,0.12065188380978098,0.08693433552980423,0.15816538035869598
CCL2,CCR2,18,myeloid-APC/IFN(18),13,T/NK(13),0.0,0.11836189480780948,0.0910036712884903,0.15816538035869598
CXCL9,CXCR3,9,astro-reactive(9),13,T/NK(13),0.0,0.11822004559949181,0.021928347647190094,0.2172294557094574
CD86,CD28,0,microglia(0),21,B/plasma(21),0.0,0.11491780668390804,0.20643548667430878,0.025161923840641975
CCL2,CCR2,20,microglia(20),5,myeloid-acute(5),0.0,0.1146160159900344,0.11540694534778595,0.11026202142238617
CXCL10,CXCR3,13,T/NK(13),21,B/plasma(21),0.0,0.10916636734740806,0.13640134036540985,0.08059964329004288
CD86,CTLA4,0,microglia(0),3,myeloid-repair(3),0.0,0.10825238300520194,0.20643548667430878,0.011697784997522831
CCL2,CCR2,9,astro-reactive(9),0,microglia(0),0.0,0.10785633476191321,0.2025085985660553,0.018493138253688812
CCL2,CCR2,20,microglia(20),21,B/plasma(21),0.0,0.10764294561407685,0.11540694534778595,0.09526016563177109
CCL2,CCR2,0,microglia(0),0,microglia(0),0.0,0.1074177895642152,0.1929599642753601,0.018493138253688812
CD86,CD28,0,microglia(0),3,myeloid-repair(3),0.0,0.10638214633967584,0.20643548667430878,0.008000938221812248
CCL2,CCR2,21,B/plasma(21),18,myeloid-APC/IFN(18),0.0,0.10224770332513873,0.03707258030772209,0.17026525735855103
CCL2,CCR2,13,T/NK(13),5,myeloid-acute(5),0.0,0.10218761388748407,0.09466979652643204,0.11026202142238617
CCL2,CCR2,9,astro-reactive(9),9,astro-reactive(9),0.0,0.10190621817247876,0.2025085985660553,0.006393470335751772
CXCL9,CXCR3,18,myeloid-APC/IFN(18),21,B/plasma(21),0.0,0.10166128022185544,0.12816888093948364,0.08059964329004288
CCL2,CCR2,0,microglia(0),9,astro-reactive(9),0.0,0.10146767297478075,0.1929599642753601,0.006393470335751772
CXCL9,CXCR3,13,T/NK(13),21,B/plasma(21),0.0,0.10080022050402547,0.11865278333425522,0.08059964329004288
CXCL10,CXCR3,5,myeloid-acute(5),18,myeloid-APC/IFN(18),0.0,0.10013367485349951,0.18791300058364868,0.022043555974960327
CCL2,CCR2,3,myeloid-repair(3),5,myeloid-acute(5),0.0,0.0998184886732609,0.08693433552980423,0.11026202142238617
CD86,CTLA4,20,microglia(20),21,B/plasma(21),0.0,0.09966479073579375,0.14575403928756714,0.0396544449031353
CXCL10,CXCR3,5,myeloid-acute(5),3,myeloid-repair(3),0.0,0.09964560519171263,0.18791300058364868,0.0177011676132679
CCL19,CCR7,21,B/plasma(21),13,T/NK(13),0.0,0.09829630311053963,0.03587406873703003,0.16085778176784515
CXCL13,CXCR5,18,myeloid-APC/IFN(18),21,B/plasma(21),0.0,0.09780810928441855,0.05738665908575058,0.13940158486366272
CCL2,CCR2,18,myeloid-APC/IFN(18),5,myeloid-acute(5),0.0,0.09752849967128939,0.0910036712884903,0.11026202142238617
CD80,CD28,21,B/plasma(21),13,T/NK(13),0.0,0.09731375610479442,0.06377463787794113,0.12384980171918869
CCL19,CCR7,3,myeloid-repair(3),13,T/NK(13),0.0,0.09667462796740976,0.031312245875597,0.16085778176784515
CD86,CD28,3,myeloid-repair(3),13,T/NK(13),0.0,0.09648757010473161,0.06974455714225769,0.12384980171918869
CD86,CD28,21,B/plasma(21),13,T/NK(13),0.0,0.0961270984624373,0.06949015706777573,0.12384980171918869
CCL2,CCR2,21,B/plasma(21),13,T/NK(13),0.0,0.09609931224883322,0.03707258030772209,0.15816538035869598
CCL2,CCR2,13,T/NK(13),21,B/plasma(21),0.0,0.09521454351152653,0.09466979652643204,0.09526016563177109
CCL19,CCR7,13,T/NK(13),13,T/NK(13),0.0,0.09508980787434333,0.02693125791847706,0.16085778176784515
CXCL10,CXCR3,5,myeloid-acute(5),5,myeloid-acute(5),0.0,0.09449509928042289,0.18791300058364868,0.008033487014472485
CCL2,CCR2,20,microglia(20),3,myeloid-repair(3),0.0,0.09409779147599079,0.11540694534778595,0.07230859994888306
CD80,CD28,18,myeloid-APC/IFN(18),13,T/NK(13),0.0,0.09393972416533644,0.06671752035617828,0.12384980171918869
CD86,CD28,13,T/NK(13),13,T/NK(13),0.0,0.09316076687011048,0.06488388031721115,0.12384980171918869
CCL2,CCR2,3,myeloid-repair(3),21,B/plasma(21),0.0,0.09284541829730335,0.08693433552980423,0.09526016563177109
CXCL9,CXCR3,5,myeloid-acute(5),18,myeloid-APC/IFN(18),0.0,0.09163071727353021,0.16138875484466553,0.022043555974960327
CXCL9,CXCR3,5,myeloid-acute(5),3,myeloid-repair(3),0.0,0.09114264761174333,0.16138875484466553,0.0177011676132679
CCL21A,CCR7,13,T/NK(13),13,T/NK(13),0.0,0.09084452514694805,0.017062030732631683,0.16085778176784515
CCL2,CCR2,18,myeloid-APC/IFN(18),21,B/plasma(21),0.0,0.09055542929533184,0.0910036712884903,0.09526016563177109
CCL2,CCR2,8,astro(8),18,myeloid-APC/IFN(18),0.0,0.09041770694955747,0.013117236085236073,0.17026525735855103
CD86,CD28,20,microglia(20),21,B/plasma(21),0.0,0.09026030065279882,0.14575403928756714,0.025161923840641975
CD80,CD28,13,T/NK(13),13,T/NK(13),0.0,0.08919576461576623,0.05723533779382706,0.12384980171918869
CXCL10,CXCR3,18,myeloid-APC/IFN(18),21,B/plasma(21),0.0,0.0889603339815047,0.10603375732898712,0.08059964329004288
CXCL13,CXCR5,3,myeloid-repair(3),13,T/NK(13),0.0,0.08882493624776992,0.15112392604351044,0.024972612038254738
CCL21A,CCR7,21,B/plasma(21),13,T/NK(13),0.0,0.08790774302099302,0.01414595264941454,0.16085778176784515
CCL21A,CCR7,3,myeloid-repair(3),13,T/NK(13),0.0,0.08746349746449887,0.0109554473310709,0.16085778176784515
CCL19,CCR7,18,myeloid-APC/IFN(18),13,T/NK(13),0.0,0.08735193577839308,0.009490946307778358,0.16085778176784515
CD86,CTLA4,18,myeloid-APC/IFN(18),21,B/plasma(21),0.0,0.0870571344376818,0.1296236217021942,0.0396544449031353
CD80,CD28,5,myeloid-acute(5),13,T/NK(13),0.0,0.08677514011255133,0.05309735983610153,0.12384980171918869
CXCL9,CXCR3,5,myeloid-acute(5),5,myeloid-acute(5),0.0,0.08599214170045359,0.16138875484466553,0.008033487014472485
CXCL13,CXCR5,0,microglia(0),21,B/plasma(21),0.0,0.08579254857149418,0.030616547912359238,0.13940158486366272
CCL19,CCR7,21,B/plasma(21),21,B/plasma(21),0.0,0.08514169279291789,0.03587406873703003,0.1354510486125946
CCL19,CCR7,9,astro-reactive(9),13,T/NK(13),0.0,0.08465702921671132,0.006268752738833427,0.16085778176784515
CCL2,CCR2,8,astro(8),13,T/NK(13),0.0,0.08426931587325197,0.013117236085236073,0.15816538035869598
CD80,CD28,3,myeloid-repair(3),13,T/NK(13),0.0,0.08379919745483036,0.04742463678121567,0.12384980171918869
CD86,CTLA4,20,microglia(20),3,myeloid-repair(3),0.0,0.08359487697409272,0.14575403928756714,0.011697784997522831
CCL19,CCR7,3,myeloid-repair(3),21,B/plasma(21),0.0,0.08352001764978802,0.031312245875597,0.1354510486125946
CCL19,CCR7,13,T/NK(13),21,B/plasma(21),0.0,0.08193519755672159,0.02693125791847706,0.1354510486125946
CD86,CTLA4,5,myeloid-acute(5),21,B/plasma(21),0.0,0.08189307240260843,0.1202940121293068,0.0396544449031353
CD86,CD28,20,microglia(20),3,myeloid-repair(3),0.0,0.08172464030856662,0.14575403928756714,0.008000938221812248
CCL2,CCR2,13,T/NK(13),3,myeloid-repair(3),0.0,0.08166938937344048,0.09466979652643204,0.07230859994888306
CXCL13,CXCR5,20,microglia(20),21,B/plasma(21),0.0,0.08130465887345512,0.017553146928548813,0.13940158486366272
CCL2,CCR2,20,microglia(20),20,microglia(20),0.0,0.08126130792257846,0.11540694534778595,0.0436728335916996
CXCL13,CXCR5,5,myeloid-acute(5),21,B/plasma(21),0.0,0.08112607255780534,0.02121799625456333,0.13940158486366272
CCL2,CCR2,3,myeloid-repair(3),3,myeloid-repair(3),0.0,0.07930026415921729,0.08693433552980423,0.07230859994888306
CXCL9,CXCR3,0,microglia(0),21,B/plasma(21),0.0,0.0790282001783113,0.07745581120252609,0.08059964329004288
CXCL13,CXCR5,13,T/NK(13),13,T/NK(13),0.0,0.07877266552393056,0.1312655210494995,0.024972612038254738
CD80,CD28,0,microglia(0),13,T/NK(13),0.0,0.07870506890641318,0.03356698155403137,0.12384980171918869
CXCL10,CXCR3,3,myeloid-repair(3),21,B/plasma(21),0.0,0.07845920323912726,0.07792072743177414,0.08059964329004288
CXCL10,CXCR3,13,T/NK(13),18,myeloid-APC/IFN(18),0.0,0.07819044276500493,0.13640134036540985,0.022043555974960327
CXCL10,CXCR3,13,T/NK(13),3,myeloid-repair(3),0.0,0.07770237310321805,0.13640134036540985,0.0177011676132679
CCL21A,CCR7,13,T/NK(13),21,B/plasma(21),0.0,0.0776899148293263,0.017062030732631683,0.1354510486125946
CD86,CD28,18,myeloid-APC/IFN(18),21,B/plasma(21),0.0,0.07765264435468687,0.1296236217021942,0.025161923840641975
CXCL13,CXCR5,9,astro-reactive(9),21,B/plasma(21),0.0,0.07708642011186781,0.0132800517603755,0.13940158486366272
CCL2,CCR2,18,myeloid-APC/IFN(18),3,myeloid-repair(3),0.0,0.07701027515724579,0.0910036712884903,0.07230859994888306
CXCL9,CXCR3,3,myeloid-repair(3),21,B/plasma(21),0.0,0.07603131706793971,0.07091272622346878,0.08059964329004288
CXCL10,CXCR3,0,microglia(0),21,B/plasma(21),0.0,0.07594365106903145,0.07189273834228516,0.08059964329004288
CCL2,CCR2,21,B/plasma(21),5,myeloid-acute(5),0.0,0.07526591711231315,0.03707258030772209,0.11026202142238617
CCL21A,CCR7,21,B/plasma(21),21,B/plasma(21),0.0,0.07475313270337128,0.01414595264941454,0.1354510486125946
CCL21A,CCR7,3,myeloid-repair(3),21,B/plasma(21),0.0,0.07430888714687713,0.0109554473310709,0.1354510486125946
CCL19,CCR7,18,myeloid-APC/IFN(18),21,B/plasma(21),0.0,0.07419732546077133,0.009490946307778358,0.1354510486125946
CXCL10,CXCR3,13,T/NK(13),5,myeloid-acute(5),0.0,0.07255186719192831,0.13640134036540985,0.008033487014472485
CD86,CD28,5,myeloid-acute(5),21,B/plasma(21),0.0,0.0724885823196135,0.1202940121293068,0.025161923840641975
CCL19,CCR7,9,astro-reactive(9),21,B/plasma(21),0.0,0.07150241889908958,0.006268752738833427,0.1354510486125946
CD86,CTLA4,18,myeloid-APC/IFN(18),3,myeloid-repair(3),0.0,0.07098722067598078,0.1296236217021942,0.011697784997522831
CXCL9,CXCR3,18,myeloid-APC/IFN(18),18,myeloid-APC/IFN(18),0.0,0.07068535563945232,0.12816888093948364,0.022043555974960327
CD80,CD28,20,microglia(20),13,T/NK(13),0.0,0.07043303535286981,0.021884623914957047,0.12384980171918869
CXCL9,CXCR3,18,myeloid-APC/IFN(18),3,myeloid-repair(3),0.0,0.07019728597766542,0.12816888093948364,0.0177011676132679
CXCL9,CXCR3,13,T/NK(13),18,myeloid-APC/IFN(18),0.0,0.06982429592162234,0.11865278333425522,0.022043555974960327
CXCL9,CXCR3,13,T/NK(13),3,myeloid-repair(3),0.0,0.06933622625983546,0.11865278333425522,0.0177011676132679
CD86,CD28,18,myeloid-APC/IFN(18),3,myeloid-repair(3),0.0,0.06911698401045467,0.1296236217021942,0.008000938221812248
CCL2,CCR2,13,T/NK(13),20,microglia(20),0.0,0.06883290582002813,0.09466979652643204,0.0436728335916996
CCL2,CCR2,21,B/plasma(21),21,B/plasma(21),0.0,0.06829284673635559,0.03707258030772209,0.09526016563177109
CD86,CD28,9,astro-reactive(9),13,T/NK(13),0.0,0.06774650973525013,0.013444396667182446,0.12384980171918869
CXCL10,CXCR3,20,microglia(20),21,B/plasma(21),0.0,0.06764330400412859,0.05197256803512573,0.08059964329004288
CCL2,CCR2,3,myeloid-repair(3),20,microglia(20),0.0,0.06646378060580496,0.08693433552980423,0.0436728335916996
CD86,CTLA4,5,myeloid-acute(5),3,myeloid-repair(3),0.0,0.0658231586409074,0.1202940121293068,0.011697784997522831
CXCL9,CXCR3,18,myeloid-APC/IFN(18),5,myeloid-acute(5),0.0,0.0650467800663757,0.12816888093948364,0.008033487014472485
CXCL9,CXCR3,13,T/NK(13),5,myeloid-acute(5),0.0,0.06418572034854572,0.11865278333425522,0.008033487014472485
CD86,CD28,5,myeloid-acute(5),3,myeloid-repair(3),0.0,0.0639529219753813,0.1202940121293068,0.008000938221812248
CXCL9,CXCR3,21,B/plasma(21),21,B/plasma(21),0.0,0.06381519221934318,0.04143897071480751,0.08059964329004288
CCL2,CCR2,8,astro(8),5,myeloid-acute(5),0.0,0.06343592073673189,0.013117236085236073,0.11026202142238617
CXCL10,CXCR3,21,B/plasma(21),21,B/plasma(21),0.0,0.058689455371289376,0.041665274649858475,0.08059964329004288
CD80,CTLA4,21,B/plasma(21),21,B/plasma(21),0.0,0.05813392584063477,0.06377463787794113,0.0396544449031353
CXCL10,CXCR3,18,myeloid-APC/IFN(18),18,myeloid-APC/IFN(18),0.0,0.05798440939910158,0.10603375732898712,0.022043555974960327
CXCL10,CXCR3,18,myeloid-APC/IFN(18),3,myeloid-repair(3),0.0,0.05749633973731469,0.10603375732898712,0.0177011676132679
CXCL10,CXCR3,8,astro(8),21,B/plasma(21),0.0,0.05735562009573651,0.03286311402916908,0.08059964329004288
CD86,CTLA4,3,myeloid-repair(3),21,B/plasma(21),0.0,0.05730773984057194,0.06974455714225769,0.0396544449031353
CD86,CTLA4,21,B/plasma(21),21,B/plasma(21),0.0,0.05694726819827764,0.06949015706777573,0.0396544449031353
CCL19,CCR7,21,B/plasma(21),18,myeloid-APC/IFN(18),0.0,0.05652130037597526,0.03587406873703003,0.07658229768276215
CXCL9,CXCR3,20,microglia(20),21,B/plasma(21),0.0,0.05627849789065968,0.029682619497179985,0.08059964329004288
CCL19,CCR7,3,myeloid-repair(3),18,myeloid-APC/IFN(18),0.0,0.054899625232845396,0.031312245875597,0.07658229768276215
CD80,CTLA4,18,myeloid-APC/IFN(18),21,B/plasma(21),0.0,0.054759893901176776,0.06671752035617828,0.0396544449031353
CD86,CTLA4,13,T/NK(13),21,B/plasma(21),0.0,0.053980936605950824,0.06488388031721115,0.0396544449031353
CCL19,CCR7,13,T/NK(13),18,myeloid-APC/IFN(18),0.0,0.05331480513977896,0.02693125791847706,0.07658229768276215
CXCL10,CXCR3,18,myeloid-APC/IFN(18),5,myeloid-acute(5),0.0,0.05234583382602495,0.10603375732898712,0.008033487014472485
CXCL9,CXCR3,9,astro-reactive(9),21,B/plasma(21),0.0,0.05119166558893574,0.021928347647190094,0.08059964329004288
CD80,CTLA4,13,T/NK(13),21,B/plasma(21),0.0,0.050015934351606575,0.05723533779382706,0.0396544449031353
CCL21A,CCR7,13,T/NK(13),18,myeloid-APC/IFN(18),0.0,0.04906952241238368,0.017062030732631683,0.07658229768276215
CD80,CD28,21,B/plasma(21),21,B/plasma(21),0.0,0.04872943575763984,0.06377463787794113,0.025161923840641975
CXCL9,CXCR3,0,microglia(0),18,myeloid-APC/IFN(18),0.0,0.04805227559590818,0.07745581120252609,0.022043555974960327
CD86,CD28,3,myeloid-repair(3),21,B/plasma(21),0.0,0.04790324975757702,0.06974455714225769,0.025161923840641975
CD80,CTLA4,5,myeloid-acute(5),21,B/plasma(21),0.0,0.04759530984839168,0.05309735983610153,0.0396544449031353
CXCL9,CXCR3,0,microglia(0),3,myeloid-repair(3),0.0,0.04756420593412129,0.07745581120252609,0.0177011676132679
CD86,CD28,21,B/plasma(21),21,B/plasma(21),0.0,0.047542778115282715,0.06949015706777573,0.025161923840641975
CXCL10,CXCR3,3,myeloid-repair(3),18,myeloid-APC/IFN(18),0.0,0.047483278656724144,0.07792072743177414,0.022043555974960327
CXCL10,CXCR3,3,myeloid-repair(3),3,myeloid-repair(3),0.0,0.046995208994937254,0.07792072743177414,0.0177011676132679
CCL21A,CCR7,21,B/plasma(21),18,myeloid-APC/IFN(18),0.0,0.04613274028642864,0.01414595264941454,0.07658229768276215
CCL21A,CCR7,3,myeloid-repair(3),18,myeloid-APC/IFN(18),0.0,0.0456884947299345,0.0109554473310709,0.07658229768276215
CCL19,CCR7,18,myeloid-APC/IFN(18),18,myeloid-APC/IFN(18),0.0,0.045576933043828705,0.009490946307778358,0.07658229768276215
CD80,CD28,18,myeloid-APC/IFN(18),21,B/plasma(21),0.0,0.04535540381818185,0.06671752035617828,0.025161923840641975
CXCL9,CXCR3,3,myeloid-repair(3),18,myeloid-APC/IFN(18),0.0,0.04505539248553659,0.07091272622346878,0.022043555974960327
CCL19,CCR7,21,B/plasma(21),3,myeloid-repair(3),0.0,0.04475773926869188,0.03587406873703003,0.05329368636012077
CD80,CTLA4,3,myeloid-repair(3),21,B/plasma(21),0.0,0.044619367190670695,0.04742463678121567,0.0396544449031353
CD86,CD28,13,T/NK(13),21,B/plasma(21),0.0,0.04457644652295589,0.06488388031721115,0.025161923840641975
CXCL9,CXCR3,3,myeloid-repair(3),3,myeloid-repair(3),0.0,0.0445673228237497,0.07091272622346878,0.0177011676132679
CCL19,CCR7,3,myeloid-repair(3),3,myeloid-repair(3),0.0,0.04313606412556201,0.031312245875597,0.05329368636012077
CCL19,CCR7,9,astro-reactive(9),18,myeloid-APC/IFN(18),0.0,0.04288202648214696,0.006268752738833427,0.07658229768276215
CXCL9,CXCR3,0,microglia(0),5,myeloid-acute(5),0.0,0.042413700022831555,0.07745581120252609,0.008033487014472485
CD80,CTLA4,21,B/plasma(21),3,myeloid-repair(3),0.0,0.042064012078933746,0.06377463787794113,0.011697784997522831
CCL19,CCR7,13,T/NK(13),3,myeloid-repair(3),0.0,0.04155124403249558,0.02693125791847706,0.05329368636012077
CD86,CTLA4,3,myeloid-repair(3),3,myeloid-repair(3),0.0,0.04123782607887092,0.06974455714225769,0.011697784997522831
CD86,CTLA4,21,B/plasma(21),3,myeloid-repair(3),0.0,0.04087735443657662,0.06949015706777573,0.011697784997522831
CD80,CD28,13,T/NK(13),21,B/plasma(21),0.0,0.04061144426861164,0.05723533779382706,0.025161923840641975
CD80,CD28,21,B/plasma(21),3,myeloid-repair(3),0.0,0.04019377541340764,0.06377463787794113,0.008000938221812248
CXCL13,CXCR5,18,myeloid-APC/IFN(18),13,T/NK(13),0.0,0.03965374215456471,0.05738665908575058,0.024972612038254738
CD80,CTLA4,0,microglia(0),21,B/plasma(21),0.0,0.03952523864225353,0.03356698155403137,0.0396544449031353
CXCL9,CXCR3,3,myeloid-repair(3),5,myeloid-acute(5),0.0,0.03941681691245996,0.07091272622346878,0.008033487014472485
CD86,CD28,3,myeloid-repair(3),3,myeloid-repair(3),0.0,0.03936758941334482,0.06974455714225769,0.008000938221812248
CD86,CD28,21,B/plasma(21),3,myeloid-repair(3),0.0,0.039007117771050516,0.06949015706777573,0.008000938221812248
CD80,CTLA4,18,myeloid-APC/IFN(18),3,myeloid-repair(3),0.0,0.038689980139475756,0.06671752035617828,0.011697784997522831
CD80,CD28,5,myeloid-acute(5),21,B/plasma(21),0.0,0.03819081976539675,0.05309735983610153,0.025161923840641975
CD86,CTLA4,13,T/NK(13),3,myeloid-repair(3),0.0,0.0379110228442498,0.06488388031721115,0.011697784997522831
CCL21A,CCR7,13,T/NK(13),3,myeloid-repair(3),0.0,0.03730596130510029,0.017062030732631683,0.05329368636012077
CD80,CD28,18,myeloid-APC/IFN(18),3,myeloid-repair(3),0.0,0.03681974347394965,0.06671752035617828,0.008000938221812248
CD86,CD28,13,T/NK(13),3,myeloid-repair(3),0.0,0.036040786178723694,0.06488388031721115,0.008000938221812248
CD80,CD28,3,myeloid-repair(3),21,B/plasma(21),0.0,0.03521487710767577,0.04742463678121567,0.025161923840641975
CCL21A,CCR7,21,B/plasma(21),3,myeloid-repair(3),0.0,0.03436917917914526,0.01414595264941454,0.05329368636012077
CD80,CTLA4,13,T/NK(13),3,myeloid-repair(3),0.0,0.03394602058990555,0.05723533779382706,0.011697784997522831
CCL21A,CCR7,3,myeloid-repair(3),3,myeloid-repair(3),0.0,0.033924933622651116,0.0109554473310709,0.05329368636012077
CCL19,CCR7,18,myeloid-APC/IFN(18),3,myeloid-repair(3),0.0,0.03381337193654532,0.009490946307778358,0.05329368636012077
CD80,CD28,13,T/NK(13),3,myeloid-repair(3),0.0,0.032075783924379445,0.05723533779382706,0.008000938221812248
CD80,CTLA4,5,myeloid-acute(5),3,myeloid-repair(3),0.0,0.03152539608669065,0.05309735983610153,0.011697784997522831
CD80,CTLA4,20,microglia(20),21,B/plasma(21),0.0,0.03125320508871015,0.021884623914957047,0.0396544449031353
CCL19,CCR7,9,astro-reactive(9),3,myeloid-repair(3),0.0,0.03111846537486357,0.006268752738833427,0.05329368636012077
CD80,CD28,0,microglia(0),21,B/plasma(21),0.0,0.0301207485592586,0.03356698155403137,0.025161923840641975
CD80,CD28,5,myeloid-acute(5),3,myeloid-repair(3),0.0,0.02965515942116455,0.05309735983610153,0.008000938221812248
CD80,CTLA4,3,myeloid-repair(3),3,myeloid-repair(3),0.0,0.02854945342896967,0.04742463678121567,0.011697784997522831
CXCL13,CXCR5,0,microglia(0),13,T/NK(13),0.0,0.02763818144164034,0.030616547912359238,0.024972612038254738
CD80,CD28,3,myeloid-repair(3),3,myeloid-repair(3),0.0,0.02667921676344357,0.04742463678121567,0.008000938221812248
CCL19,CCR7,21,B/plasma(21),5,myeloid-acute(5),0.0,0.024020618890265466,0.03587406873703003,0.015595518983900547
CD80,CTLA4,0,microglia(0),3,myeloid-repair(3),0.0,0.023455324880552506,0.03356698155403137,0.011697784997522831
CCL19,CCR7,3,myeloid-repair(3),5,myeloid-acute(5),0.0,0.0223989437471356,0.031312245875597,0.015595518983900547
CD80,CD28,20,microglia(20),21,B/plasma(21),0.0,0.02184871500571522,0.021884623914957047,0.025161923840641975
CD80,CD28,0,microglia(0),3,myeloid-repair(3),0.0,0.021585088215026405,0.03356698155403137,0.008000938221812248
CCL19,CCR7,13,T/NK(13),5,myeloid-acute(5),0.0,0.020814123654069164,0.02693125791847706,0.015595518983900547
CXCL10,CXCR3,0,microglia(0),3,myeloid-repair(3),0.0023529411764705885,0.044479656824841445,0.07189273834228516,0.0177011676132679
C3,C3AR1,18,myeloid-APC/IFN(18),9,astro-reactive(9),0.005,0.5359966701264081,1.0107167959213257,0.07285753637552261
CXCL16,CXCR6,20,microglia(20),21,B/plasma(21),0.005454545454545454,0.16856393941703618,0.2971917986869812,0.03190464898943901
CCL2,CCR2,20,microglia(20),0,microglia(0),0.005714285714285715,0.06789723627418556,0.11540694534778595,0.018493138253688812
CCL5,CCR5,20,microglia(20),21,B/plasma(21),0.006666666666666667,0.13185569102576353,0.15386883914470673,0.10089995712041855
C3,C3AR1,8,astro(8),5,myeloid-acute(5),0.008,0.5289474733737021,0.18600094318389893,0.8697699904441833
CCL2,CCR2,18,myeloid-APC/IFN(18),20,microglia(20),0.008571428571428572,0.06417379160383345,0.0910036712884903,0.0436728335916996
CXCL10,CXCR3,0,microglia(0),18,myeloid-APC/IFN(18),0.00923076923076923,0.044967726486628334,0.07189273834228516,0.022043555974960327
CXCL9,CXCR3,21,B/plasma(21),3,myeloid-repair(3),0.023529411764705882,0.03235119797515316,0.04143897071480751,0.0177011676132679
CXCL9,CXCR3,21,B/plasma(21),18,myeloid-APC/IFN(18),0.028571428571428574,0.03283926763694005,0.04143897071480751,0.022043555974960327
CSF1,CSF1R,9,astro-reactive(9),8,astro(8),0.04,0.4111176292055268,0.7069222331047058,0.1066463440656662
TNF,TNFRSF1A,18,myeloid-APC/IFN(18),20,microglia(20),0.04499999999999999,0.16020366642065234,0.04857303574681282,0.2706837058067322
TNF,TNFRSF1A,20,microglia(20),18,myeloid-APC/IFN(18),0.054285714285714284,0.15712843291239895,0.028518710285425186,0.28929033875465393
IL34,CSF1R,13,T/NK(13),13,T/NK(13),0.06444444444444444,0.3264245387176358,0.15548934042453766,0.5013718605041504
IGF1,IGF1R,13,T/NK(13),8,astro(8),0.11333333333333334,0.1362120037401476,0.1593237966299057,0.11569687724113464
CXCL16,CXCR6,20,microglia(20),3,myeloid-repair(3),0.128,0.15952671900592544,0.2971917986869812,0.017607958987355232
TNF,TNFRSF1A,21,B/plasma(21),20,microglia(20),0.16,0.15717190769590897,0.04255317524075508,0.2706837058067322
CXCL10,CXCR3,3,myeloid-repair(3),5,myeloid-acute(5),0.27571428571428575,0.041844703083647516,0.07792072743177414,0.008033487014472485
IGF1,IGF1R,13,T/NK(13),13,T/NK(13),0.2852631578947369,0.13190925162913264,0.1593237966299057,0.1097884401679039
CXCL13,CXCR5,5,myeloid-acute(5),13,T/NK(13),0.33466666666666667,0.022971705427951496,0.02121799625456333,0.024972612038254738
CCL2,CCR2,20,microglia(20),9,astro-reactive(9),0.34,0.06194711968475111,0.11540694534778595,0.006393470335751772
TNF,TNFRSF1A,9,astro-reactive(9),13,T/NK(13),0.3415384615384615,0.15083795299928093,0.007659050170332193,0.29525914788246155
CXCL16,CXCR6,20,microglia(20),5,myeloid-acute(5),0.3622222222222222,0.15612719321195925,0.2971917986869812,0.011016631498932838
TNF,TNFRSF1A,3,myeloid-repair(3),20,microglia(20),0.37,0.15344282859022065,0.033303555101156235,0.2706837058067322
CXCL16,CXCR6,20,microglia(20),18,myeloid-APC/IFN(18),0.37999999999999995,0.15645795768014997,0.2971917986869812,0.011843821965157986
TNF,TNFRSF1A,0,microglia(0),21,B/plasma(21),0.40625,0.15040000168278622,0.06380734592676163,0.23691561818122864
CXCL12,CXCR4,18,myeloid-APC/IFN(18),0,microglia(0),0.5299999999999999,0.12278432416947495,0.046802815049886703,0.1936841756105423
CCL2,CCR2,21,B/plasma(21),3,myeloid-repair(3),0.5355555555555556,0.054747692598269546,0.03707258030772209,0.07230859994888306
CXCL13,CXCR5,20,microglia(20),13,T/NK(13),0.5584615384615385,0.023150291743601274,0.017553146928548813,0.024972612038254738
CSF1,CSF1R,3,myeloid-repair(3),13,T/NK(13),0.621,0.39637427091667343,0.2885721027851105,0.5013718605041504
CCL5,CCR5,8,astro(8),5,myeloid-acute(5),0.63,0.11794850917090857,0.020240992307662964,0.21945331990718842
IGF1,IGF1R,13,T/NK(13),3,myeloid-repair(3),0.6947368421052632,0.12891228865712462,0.1593237966299057,0.09513408690690994
CCL2,CCR2,13,T/NK(13),0,microglia(0),0.7577777777777778,0.05546883417163524,0.09466979652643204,0.018493138253688812
CXCL9,CXCR3,21,B/plasma(21),5,myeloid-acute(5),0.8338461538461539,0.027200692063863427,0.04143897071480751,0.008033487014472485
CD80,CD28,20,microglia(20),3,myeloid-repair(3),0.9127272727272726,0.013313054661483022,0.021884623914957047,0.008000938221812248
C3,C3AR1,18,myeloid-APC/IFN(18),8,astro(8),1.0,0.508757164922618,1.0107167959213257,0.012917732819914818
C3,C3AR1,8,astro(8),0,microglia(0),1.0,0.4954529046180078,0.18600094318389893,0.7986854314804077
C3,C3AR1,20,microglia(20),3,myeloid-repair(3),1.0,0.44812983201654266,0.33473634719848633,0.5732582211494446
CSF1,CSF1R,8,astro(8),21,B/plasma(21),1.0,0.4012397636995305,0.35072511434555054,0.4500778317451477
CSF1,CSF1R,0,microglia(0),21,B/plasma(21),1.0,0.38714225854082707,0.3347945213317871,0.4500778317451477
C3,C3AR1,20,microglia(20),20,microglia(20),1.0,0.3869072121996069,0.33473634719848633,0.4512121379375458
C3,C3AR1,8,astro(8),3,myeloid-repair(3),1.0,0.3768967302165149,0.18600094318389893,0.5732582211494446
CSF1,CSF1R,5,myeloid-acute(5),13,T/NK(13),1.0,0.36987021000642595,0.2384592443704605,0.5013718605041504
C3,C3AR1,20,microglia(20),18,myeloid-APC/IFN(18),1.0,0.3685163938579077,0.33473634719848633,0.41832825541496277
CSF1,CSF1R,3,myeloid-repair(3),21,B/plasma(21),1.0,0.36665873335574917,0.2885721027851105,0.4500778317451477
CSF1,CSF1R,13,T/NK(13),13,T/NK(13),1.0,0.35768966219977766,0.2166883945465088,0.5013718605041504
CSF1,CSF1R,20,microglia(20),13,T/NK(13),1.0,0.3454939390652564,0.19283941388130188,0.5013718605041504
CSF1,CSF1R,5,myeloid-acute(5),21,B/plasma(21),1.0,0.3401546724455016,0.2384592443704605,0.4500778317451477
CSF1,CSF1R,21,B/plasma(21),13,T/NK(13),1.0,0.3295066021945694,0.1621258556842804,0.5013718605041504
CSF1,CSF1R,13,T/NK(13),21,B/plasma(21),1.0,0.32797412463885334,0.2166883945465088,0.4500778317451477
CSF1,CSF1R,18,myeloid-APC/IFN(18),13,T/NK(13),1.0,0.316082244965725,0.1254989355802536,0.5013718605041504
CSF1,CSF1R,20,microglia(20),21,B/plasma(21),1.0,0.31577840150433206,0.19283941388130188,0.4500778317451477
C3,C3AR1,8,astro(8),20,microglia(20),1.0,0.31567411039957916,0.18600094318389893,0.4512121379375458
CSF1,CSF1R,21,B/plasma(21),21,B/plasma(21),1.0,0.299791064633645,0.1621258556842804,0.4500778317451477
IL34,CSF1R,9,astro-reactive(9),13,T/NK(13),1.0,0.2992739692774934,0.09518398344516754,0.5013718605041504
C3,C3AR1,8,astro(8),18,myeloid-APC/IFN(18),1.0,0.2972832920578799,0.18600094318389893,0.41832825541496277
IL34,CSF1R,13,T/NK(13),21,B/plasma(21),1.0,0.2967090011567115,0.15548934042453766,0.4500778317451477
IL34,CSF1R,3,myeloid-repair(3),8,astro(8),1.0,0.29090367002524115,0.4802733063697815,0.1066463440656662
C3,C5AR1,20,microglia(20),5,myeloid-acute(5),1.0,0.29075365950481424,0.33473634719848633,0.23811210691928864
CSF1,CSF1R,8,astro(8),9,astro-reactive(9),1.0,0.28919851302958405,0.35072511434555054,0.21535281836986542
CSF1,CSF1R,18,myeloid-APC/IFN(18),21,B/plasma(21),1.0,0.2863667074048007,0.1254989355802536,0.4500778317451477
IL34,CSF1R,18,myeloid-APC/IFN(18),13,T/NK(13),1.0,0.28322960825826005,0.06324126571416855,0.5013718605041504
IL34,CSF1R,20,microglia(20),13,T/NK(13),1.0,0.2761352043244041,0.04951786994934082,0.5013718605041504
CSF1,CSF1R,0,microglia(0),9,astro-reactive(9),1.0,0.2751010078708806,0.3347945213317871,0.21535281836986542
IL34,CSF1R,9,astro-reactive(9),21,B/plasma(21),1.0,0.26955843171656907,0.09518398344516754,0.4500778317451477
C3,C3AR1,20,microglia(20),13,T/NK(13),1.0,0.26946137075945326,0.33473634719848633,0.21321706473827362
IL34,CSF1R,8,astro(8),13,T/NK(13),1.0,0.2675409678558282,0.03308040276169777,0.5013718605041504
IL34,CSF1R,5,myeloid-acute(5),13,T/NK(13),1.0,0.2646846682933356,0.030459001660346985,0.5013718605041504
C3,C3AR1,20,microglia(20),21,B/plasma(21),1.0,0.26183445793297977,0.33473634719848633,0.18429096043109894
IL34,CSF1R,0,microglia(0),13,T/NK(13),1.0,0.2615715941930936,0.02252770960330963,0.5013718605041504
IL34,CSF1R,21,B/plasma(21),9,astro-reactive(9),1.0,0.25570217202899903,0.3048226833343506,0.21535281836986542
CSF1,CSF1R,3,myeloid-repair(3),9,astro-reactive(9),1.0,0.25461748268580264,0.2885721027851105,0.21535281836986542
IL34,CSF1R,18,myeloid-APC/IFN(18),21,B/plasma(21),1.0,0.25351407069733567,0.06324126571416855,0.4500778317451477
IL34,CSF1R,20,microglia(20),21,B/plasma(21),1.0,0.24641966676347973,0.04951786994934082,0.4500778317451477
C3,C5AR1,20,microglia(20),3,myeloid-repair(3),1.0,0.23945947093489178,0.33473634719848633,0.1490524709224701
IL34,CSF1R,8,astro(8),21,B/plasma(21),1.0,0.2378254302949039,0.03308040276169777,0.4500778317451477
IL34,CSF1R,5,myeloid-acute(5),21,B/plasma(21),1.0,0.23496913073241127,0.030459001660346985,0.4500778317451477
CSF1,CSF1R,8,astro(8),8,astro(8),1.0,0.23316487136328057,0.35072511434555054,0.1066463440656662
C3,C5AR1,20,microglia(20),0,microglia(0),1.0,0.23224525033348714,0.33473634719848633,0.13297486305236816
IL34,CSF1R,0,microglia(0),21,B/plasma(21),1.0,0.23185605663216932,0.02252770960330963,0.4500778317451477
CSF1,CSF1R,5,myeloid-acute(5),9,astro-reactive(9),1.0,0.22811342177555516,0.2384592443704605,0.21535281836986542
C3,C5AR1,8,astro(8),5,myeloid-acute(5),1.0,0.2195205577047865,0.18600094318389893,0.23811210691928864
CSF1,CSF1R,0,microglia(0),8,astro(8),1.0,0.21906736620457712,0.3347945213317871,0.1066463440656662
C3,C5AR1,20,microglia(20),18,myeloid-APC/IFN(18),1.0,0.21886564046807253,0.33473634719848633,0.10800211876630783
CSF1,CSF1R,13,T/NK(13),9,astro-reactive(9),1.0,0.2159328739689068,0.2166883945465088,0.21535281836986542
CSF1,CSF1R,20,microglia(20),9,astro-reactive(9),1.0,0.20373715083438554,0.19283941388130188,0.21535281836986542
C3,C3AR1,20,microglia(20),9,astro-reactive(9),1.0,0.2006296039401555,0.33473634719848633,0.07285753637552261
IL34,CSF1R,21,B/plasma(21),8,astro(8),1.0,0.19966853036269552,0.3048226833343506,0.1066463440656662
CSF1,CSF1R,3,myeloid-repair(3),8,astro(8),1.0,0.19858384101949916,0.2885721027851105,0.1066463440656662
C3,C3AR1,8,astro(8),13,T/NK(13),1.0,0.19822826895942547,0.18600094318389893,0.21321706473827362
C3,C5AR1,20,microglia(20),13,T/NK(13),1.0,0.19805482883935635,0.33473634719848633,0.06295756250619888
C3,C5AR1,20,microglia(20),20,microglia(20),1.0,0.1972878244676962,0.33473634719848633,0.06584133952856064
C3,C3AR1,8,astro(8),21,B/plasma(21),1.0,0.190601356132952,0.18600094318389893,0.18429096043109894
C3,C5AR1,20,microglia(20),21,B/plasma(21),1.0,0.18898350919943216,0.33473634719848633,0.046416025608778
CSF1,CSF1R,21,B/plasma(21),9,astro-reactive(9),1.0,0.18774981396369855,0.1621258556842804,0.21535281836986542
IL34,CSF1R,13,T/NK(13),9,astro-reactive(9),1.0,0.184667750486765,0.15548934042453766,0.21535281836986542
CSF1,CSF1R,18,myeloid-APC/IFN(18),9,astro-reactive(9),1.0,0.1743254567348542,0.1254989355802536,0.21535281836986542
C3,C5AR1,20,microglia(20),9,astro-reactive(9),1.0,0.17340375681141323,0.33473634719848633,0.01526310108602047
C3,C3AR1,20,microglia(20),8,astro(8),1.0,0.17339009873636538,0.33473634719848633,0.012917732819914818
CSF1,CSF1R,5,myeloid-acute(5),8,astro(8),1.0,0.17207978010925165,0.2384592443704605,0.1066463440656662
C3,C5AR1,8,astro(8),3,myeloid-repair(3),1.0,0.168226369134864,0.18600094318389893,0.1490524709224701
C3,C5AR1,8,astro(8),0,microglia(0),1.0,0.1610121485334594,0.18600094318389893,0.13297486305236816
CSF1,CSF1R,13,T/NK(13),8,astro(8),1.0,0.15989923230260333,0.2166883945465088,0.1066463440656662
IL34,CSF1R,9,astro-reactive(9),9,astro-reactive(9),1.0,0.1575171810466226,0.09518398344516754,0.21535281836986542
TNF,TNFRSF1A,20,microglia(20),20,microglia(20),1.0,0.1512518493038366,0.028518710285425186,0.2706837058067322
CSF1,CSF1R,20,microglia(20),8,astro(8),1.0,0.14770350916808206,0.19283941388130188,0.1066463440656662
C3,C5AR1,8,astro(8),18,myeloid-APC/IFN(18),1.0,0.14763253866804477,0.18600094318389893,0.10800211876630783
TNF,TNFRSF1A,9,astro-reactive(9),18,myeloid-APC/IFN(18),1.0,0.14673909750469555,0.007659050170332193,0.28929033875465393
TNF,TNFRSF1A,18,myeloid-APC/IFN(18),21,B/plasma(21),1.0,0.14253264440178492,0.04857303574681282,0.23691561818122864
IL34,CSF1R,18,myeloid-APC/IFN(18),9,astro-reactive(9),1.0,0.1414728200273892,0.06324126571416855,0.21535281836986542
TNF,TNFRSF1A,9,astro-reactive(9),20,microglia(20),1.0,0.1408625138961332,0.007659050170332193,0.2706837058067322
TNF,TNFRSF1A,21,B/plasma(21),21,B/plasma(21),1.0,0.13950088567704155,0.04255317524075508,0.23691561818122864
TNF,TNFRSF1A,3,myeloid-repair(3),21,B/plasma(21),1.0,0.13577180657135324,0.033303555101156235,0.23691561818122864
IL34,CSF1R,20,microglia(20),9,astro-reactive(9),1.0,0.13437841609353324,0.04951786994934082,0.21535281836986542
TNF,TNFRSF1A,20,microglia(20),21,B/plasma(21),1.0,0.13358082728496917,0.028518710285425186,0.23691561818122864
CSF1,CSF1R,21,B/plasma(21),8,astro(8),1.0,0.13171617229739507,0.1621258556842804,0.1066463440656662
TNF,TNFRSF1B,13,T/NK(13),9,astro-reactive(9),1.0,0.13006435065071964,0.16292187571525574,0.09855784475803375
C3,C3AR1,8,astro(8),9,astro-reactive(9),1.0,0.12939650214012777,0.18600094318389893,0.07285753637552261
IL34,CSF1R,13,T/NK(13),8,astro(8),1.0,0.12863410882046153,0.15548934042453766,0.1066463440656662
C3,C5AR1,8,astro(8),13,T/NK(13),1.0,0.1268217270393286,0.18600094318389893,0.06295756250619888
C3,C5AR1,8,astro(8),20,microglia(20),1.0,0.12605472266766843,0.18600094318389893,0.06584133952856064
IL34,CSF1R,8,astro(8),9,astro-reactive(9),1.0,0.12578417962495742,0.03308040276169777,0.21535281836986542
TNF,TNFRSF1A,9,astro-reactive(9),21,B/plasma(21),1.0,0.12319149187726577,0.007659050170332193,0.23691561818122864
IL34,CSF1R,5,myeloid-acute(5),9,astro-reactive(9),1.0,0.12292788006246477,0.030459001660346985,0.21535281836986542
CXCL12,CXCR4,21,B/plasma(21),20,microglia(20),1.0,0.1208277033142561,0.16591666638851166,0.07031698524951935
IL34,CSF1R,0,microglia(0),9,astro-reactive(9),1.0,0.11981480596222283,0.02252770960330963,0.21535281836986542
IGF1,IGF1R,13,T/NK(13),20,microglia(20),1.0,0.1196272287924138,0.1593237966299057,0.07911927253007889
CXCL12,CXCR4,13,T/NK(13),9,astro-reactive(9),1.0,0.11916030784308129,0.09265579283237457,0.1464761644601822
IGF1,IGF1R,13,T/NK(13),21,B/plasma(21),1.0,0.11887172292180165,0.1593237966299057,0.0844435840845108
CSF1,CSF1R,18,myeloid-APC/IFN(18),8,astro(8),1.0,0.11829181506855072,0.1254989355802536,0.1066463440656662
CXCL12,CXCR4,0,microglia(0),0,microglia(0),1.0,0.11794929076356656,0.0395524837076664,0.1936841756105423
IGF1,IGF1R,5,myeloid-acute(5),9,astro-reactive(9),1.0,0.1178978843525737,0.11273887753486633,0.12184866517782211
C3,C5AR1,8,astro(8),21,B/plasma(21),1.0,0.1177504073994044,0.18600094318389893,0.046416025608778
CXCL12,CXCR4,5,myeloid-acute(5),0,microglia(0),1.0,0.11551684415055949,0.03456125408411026,0.1936841756105423
CCL5,CCR5,8,astro(8),18,myeloid-APC/IFN(18),1.0,0.11441487407430202,0.020240992307662964,0.2038097381591797
IGF1,IGF1R,13,T/NK(13),0,microglia(0),1.0,0.11394134351398741,0.1593237966299057,0.07309359312057495
IGF1,IGF1R,5,myeloid-acute(5),8,astro(8),1.0,0.11361937238912526,0.11273887753486633,0.11569687724113464
IGF1,IGF1R,13,T/NK(13),5,myeloid-acute(5),1.0,0.11252766800371497,0.1593237966299057,0.06791136413812637
CCL5,CCR5,9,astro-reactive(9),13,T/NK(13),1.0,0.10938440016924407,0.0810466855764389,0.13618433475494385
IGF1,IGF1R,5,myeloid-acute(5),13,T/NK(13),1.0,0.10931662027811029,0.11273887753486633,0.1097884401679039
IGF1,IGF1R,18,myeloid-APC/IFN(18),9,astro-reactive(9),1.0,0.10901166751385599,0.09787501394748688,0.12184866517782211
CXCL12,CXCR4,8,astro(8),0,microglia(0),1.0,0.10755965480514529,0.018104488030076027,0.1936841756105423
CCL5,CCR5,9,astro-reactive(9),3,myeloid-repair(3),1.0,0.107311891208052,0.0810466855764389,0.13748303055763245
CXCL12,CXCR4,20,microglia(20),0,microglia(0),1.0,0.1071699132249779,0.015184030868113041,0.1936841756105423
IGF1,IGF1R,5,myeloid-acute(5),3,myeloid-repair(3),1.0,0.10631965730610227,0.11273887753486633,0.09513408690690994
IGF1,IGF1R,18,myeloid-APC/IFN(18),8,astro(8),1.0,0.10473315555040755,0.09787501394748688,0.11569687724113464
IGF1,IGF1R,13,T/NK(13),18,myeloid-APC/IFN(18),1.0,0.10439172984245179,0.1593237966299057,0.06089165434241295
CXCL12,CXCR4,21,B/plasma(21),8,astro(8),1.0,0.1034941243801765,0.16591666638851166,0.03362859785556793
TNF,TNFRSF1B,5,myeloid-acute(5),9,astro-reactive(9),1.0,0.10316446640272739,0.10681342333555222,0.09855784475803375
C3,C5AR1,8,astro(8),9,astro-reactive(9),1.0,0.10217065501138546,0.18600094318389893,0.01526310108602047
C3,C3AR1,8,astro(8),8,astro(8),1.0,0.10215699693633762,0.18600094318389893,0.012917732819914818
IL34,CSF1R,9,astro-reactive(9),8,astro(8),1.0,0.1014835393803191,0.09518398344516754,0.1066463440656662
IGF1,IGF1R,18,myeloid-APC/IFN(18),13,T/NK(13),1.0,0.10043040343939258,0.09787501394748688,0.1097884401679039
CXCL12,CXCR4,18,myeloid-APC/IFN(18),9,astro-reactive(9),1.0,0.09778186030777361,0.046802815049886703,0.1464761644601822
IGF1,IGF1R,18,myeloid-APC/IFN(18),3,myeloid-repair(3),1.0,0.09743344046738456,0.09787501394748688,0.09513408690690994
IGF1,IGF1R,5,myeloid-acute(5),20,microglia(20),1.0,0.09703459744139145,0.11273887753486633,0.07911927253007889
CCL5,CCR5,9,astro-reactive(9),21,B/plasma(21),1.0,0.09631438617354884,0.0810466855764389,0.10089995712041855
IGF1,IGF1R,5,myeloid-acute(5),21,B/plasma(21),1.0,0.0962790915707793,0.11273887753486633,0.0844435840845108
CXCL12,CXCR4,0,microglia(0),9,astro-reactive(9),1.0,0.09294682690186522,0.0395524837076664,0.1464761644601822
IGF1,IGF1R,5,myeloid-acute(5),0,microglia(0),1.0,0.09134871216296506,0.11273887753486633,0.07309359312057495
CXCL12,CXCR4,5,myeloid-acute(5),9,astro-reactive(9),1.0,0.09051438028885815,0.03456125408411026,0.1464761644601822
IGF1,IGF1R,5,myeloid-acute(5),5,myeloid-acute(5),1.0,0.08993503665269262,0.11273887753486633,0.06791136413812637
IGF1,IGF1R,18,myeloid-APC/IFN(18),20,microglia(20),1.0,0.08814838060267374,0.09787501394748688,0.07911927253007889
TNF,TNFRSF1B,13,T/NK(13),8,astro(8),1.0,0.08787124952576982,0.16292187571525574,0.01677527278661728
IGF1,IGF1R,18,myeloid-APC/IFN(18),21,B/plasma(21),1.0,0.08739287473206159,0.09787501394748688,0.0844435840845108
IL34,CSF1R,18,myeloid-APC/IFN(18),8,astro(8),1.0,0.08543917836108572,0.06324126571416855,0.1066463440656662
CCL5,CCR5,20,microglia(20),9,astro-reactive(9),1.0,0.08514803981979592,0.15386883914470673,0.016577094793319702
CXCL16,CXCR6,9,astro-reactive(9),21,B/plasma(21),1.0,0.08369359834113611,0.12914012372493744,0.03190464898943901
CXCL12,CXCR4,8,astro(8),9,astro-reactive(9),1.0,0.08255719094344396,0.018104488030076027,0.1464761644601822
IGF1,IGF1R,18,myeloid-APC/IFN(18),0,microglia(0),1.0,0.08246249532424735,0.09787501394748688,0.07309359312057495
CXCL12,CXCR4,20,microglia(20),9,astro-reactive(9),1.0,0.08216744936327657,0.015184030868113041,0.1464761644601822
IGF1,IGF1R,9,astro-reactive(9),9,astro-reactive(9),1.0,0.08192776399248974,0.043617233633995056,0.12184866517782211
TNF,TNFRSF1B,0,microglia(0),9,astro-reactive(9),1.0,0.0819083538536757,0.06380734592676163,0.09855784475803375
IGF1,IGF1R,5,myeloid-acute(5),18,myeloid-APC/IFN(18),1.0,0.08179909849142945,0.11273887753486633,0.06089165434241295
IGF1,IGF1R,18,myeloid-APC/IFN(18),5,myeloid-acute(5),1.0,0.08104881981397491,0.09787501394748688,0.06791136413812637
CXCL12,CXCR4,13,T/NK(13),20,microglia(20),1.0,0.08031765861434001,0.09265579283237457,0.07031698524951935
CCL5,CCR5,8,astro(8),13,T/NK(13),1.0,0.07866082760278999,0.020240992307662964,0.13618433475494385
IL34,CSF1R,20,microglia(20),8,astro(8),1.0,0.07834477442722976,0.04951786994934082,0.1066463440656662
IGF1,IGF1R,9,astro-reactive(9),8,astro(8),1.0,0.0776492520290413,0.043617233633995056,0.11569687724113464
CCL5,CCR5,8,astro(8),3,myeloid-repair(3),1.0,0.07658831864159792,0.020240992307662964,0.13748303055763245
CXCL16,CXCR6,9,astro-reactive(9),3,myeloid-repair(3),1.0,0.07465637793002539,0.12914012372493744,0.017607958987355232
TNF,TNFRSF1B,18,myeloid-APC/IFN(18),9,astro-reactive(9),1.0,0.07404099657267439,0.04857303574681282,0.09855784475803375
IGF1,IGF1R,9,astro-reactive(9),13,T/NK(13),1.0,0.07334649991802633,0.043617233633995056,0.1097884401679039
IGF1,IGF1R,18,myeloid-APC/IFN(18),18,myeloid-APC/IFN(18),1.0,0.07291288165271174,0.09787501394748688,0.06089165434241295
CXCL16,CXCR6,9,astro-reactive(9),18,myeloid-APC/IFN(18),1.0,0.07158761660424992,0.12914012372493744,0.011843821965157986
CXCL16,CXCR6,9,astro-reactive(9),5,myeloid-acute(5),1.0,0.07125685213605919,0.12914012372493744,0.011016631498932838
IGF1,IGF1R,20,microglia(20),9,astro-reactive(9),1.0,0.07114925939582134,0.020220501348376274,0.12184866517782211
TNF,TNFRSF1B,21,B/plasma(21),9,astro-reactive(9),1.0,0.07100923784793103,0.04255317524075508,0.09855784475803375
IGF1,IGF1R,9,astro-reactive(9),3,myeloid-repair(3),1.0,0.07034953694601831,0.043617233633995056,0.09513408690690994
IL34,CSF1R,8,astro(8),8,astro(8),1.0,0.06975053795865392,0.03308040276169777,0.1066463440656662
TNF,TNFRSF1B,3,myeloid-repair(3),9,astro-reactive(9),1.0,0.06728015874224272,0.033303555101156235,0.09855784475803375
IL34,CSF1R,5,myeloid-acute(5),8,astro(8),1.0,0.06689423839616129,0.030459001660346985,0.1066463440656662
IGF1,IGF1R,20,microglia(20),8,astro(8),1.0,0.0668707474323729,0.020220501348376274,0.11569687724113464
CCL5,CCR5,8,astro(8),21,B/plasma(21),1.0,0.06559081360709475,0.020240992307662964,0.10089995712041855
TNF,TNFRSF1B,20,microglia(20),9,astro-reactive(9),1.0,0.06508917945585865,0.028518710285425186,0.09855784475803375
IGF1,IGF1R,8,astro(8),9,astro-reactive(9),1.0,0.06431000747472464,0.005930248647928238,0.12184866517782211
IL34,CSF1R,0,microglia(0),8,astro(8),1.0,0.06378116429591933,0.02252770960330963,0.1066463440656662
CXCL12,CXCR4,13,T/NK(13),8,astro(8),1.0,0.0629840796802604,0.09265579283237457,0.03362859785556793
IGF1,IGF1R,20,microglia(20),13,T/NK(13),1.0,0.06256799532135793,0.020220501348376274,0.1097884401679039
IGF1,IGF1R,9,astro-reactive(9),20,microglia(20),1.0,0.0610644770813075,0.043617233633995056,0.07911927253007889
TNF,TNFRSF1B,5,myeloid-acute(5),8,astro(8),1.0,0.06097136527777757,0.10681342333555222,0.01677527278661728
IGF1,IGF1R,9,astro-reactive(9),21,B/plasma(21),1.0,0.060308971210695346,0.043617233633995056,0.0844435840845108
IGF1,IGF1R,8,astro(8),8,astro(8),1.0,0.060031495511276206,0.005930248647928238,0.11569687724113464
IGF1,IGF1R,20,microglia(20),3,myeloid-repair(3),1.0,0.0595710323493499,0.020220501348376274,0.09513408690690994
CXCL12,CXCR4,18,myeloid-APC/IFN(18),20,microglia(20),1.0,0.05893921107903233,0.046802815049886703,0.07031698524951935
CCL2,CCR2,8,astro(8),21,B/plasma(21),1.0,0.05646285036077434,0.013117236085236073,0.09526016563177109
IGF1,IGF1R,8,astro(8),13,T/NK(13),1.0,0.05572874340026123,0.005930248647928238,0.1097884401679039
IGF1,IGF1R,9,astro-reactive(9),0,microglia(0),1.0,0.05537859180288111,0.043617233633995056,0.07309359312057495
TNF,TNFRSF1B,9,astro-reactive(9),9,astro-reactive(9),1.0,0.05469984404815524,0.007659050170332193,0.09855784475803375
CXCL12,CXCR4,0,microglia(0),20,microglia(20),1.0,0.054104177673123935,0.0395524837076664,0.07031698524951935
IGF1,IGF1R,9,astro-reactive(9),5,myeloid-acute(5),1.0,0.05396491629260867,0.043617233633995056,0.06791136413812637
CCL2,CCR2,3,myeloid-repair(3),0,microglia(0),1.0,0.05309970895741206,0.08693433552980423,0.018493138253688812
IGF1,IGF1R,8,astro(8),3,myeloid-repair(3),1.0,0.05273178042825321,0.005930248647928238,0.09513408690690994
CXCL12,CXCR4,5,myeloid-acute(5),20,microglia(20),1.0,0.05167173106011687,0.03456125408411026,0.07031698524951935
CCL2,CCR2,18,myeloid-APC/IFN(18),0,microglia(0),1.0,0.050809719955440556,0.0910036712884903,0.018493138253688812
IGF1,IGF1R,20,microglia(20),20,microglia(20),1.0,0.05028597248463909,0.020220501348376274,0.07911927253007889
CCL5,CCR5,9,astro-reactive(9),9,astro-reactive(9),1.0,0.04960673496758122,0.0810466855764389,0.016577094793319702
IGF1,IGF1R,20,microglia(20),21,B/plasma(21),1.0,0.049530466614026936,0.020220501348376274,0.0844435840845108
CCL2,CCR2,13,T/NK(13),9,astro-reactive(9),1.0,0.04951871758220079,0.09466979652643204,0.006393470335751772
CCL2,CCR2,3,myeloid-repair(3),9,astro-reactive(9),1.0,0.04714959236797761,0.08693433552980423,0.006393470335751772
IGF1,IGF1R,9,astro-reactive(9),18,myeloid-APC/IFN(18),1.0,0.045828978131345496,0.043617233633995056,0.06089165434241295
CCL2,CCR2,18,myeloid-APC/IFN(18),9,astro-reactive(9),1.0,0.044859603366006105,0.0910036712884903,0.006393470335751772
IGF1,IGF1R,20,microglia(20),0,microglia(0),1.0,0.044600087206212696,0.020220501348376274,0.07309359312057495
CXCL12,CXCR4,8,astro(8),20,microglia(20),1.0,0.043714541714702675,0.018104488030076027,0.07031698524951935
IGF1,IGF1R,8,astro(8),20,microglia(20),1.0,0.0434467205635424,0.005930248647928238,0.07911927253007889
CXCL12,CXCR4,20,microglia(20),20,microglia(20),1.0,0.04332480013453528,0.015184030868113041,0.07031698524951935
IGF1,IGF1R,20,microglia(20),5,myeloid-acute(5),1.0,0.04318641169594026,0.020220501348376274,0.06791136413812637
CCL2,CCR2,8,astro(8),3,myeloid-repair(3),1.0,0.04291769622268829,0.013117236085236073,0.07230859994888306
IGF1,IGF1R,8,astro(8),21,B/plasma(21),1.0,0.042691214692930246,0.005930248647928238,0.0844435840845108
CCL2,CCR2,21,B/plasma(21),20,microglia(20),1.0,0.041911209044857206,0.03707258030772209,0.0436728335916996
CXCL12,CXCR4,18,myeloid-APC/IFN(18),8,astro(8),1.0,0.04160563214495272,0.046802815049886703,0.03362859785556793
TNF,TNFRSF1B,0,microglia(0),8,astro(8),1.0,0.039715252728725885,0.06380734592676163,0.01677527278661728
CXCL10,CXCR3,0,microglia(0),5,myeloid-acute(5),1.0,0.039329150913551714,0.07189273834228516,0.008033487014472485
IGF1,IGF1R,8,astro(8),0,microglia(0),1.0,0.03776083528511601,0.005930248647928238,0.07309359312057495
CXCL12,CXCR4,0,microglia(0),8,astro(8),1.0,0.03677059873904433,0.0395524837076664,0.03362859785556793
CXCL10,CXCR3,20,microglia(20),18,myeloid-APC/IFN(18),1.0,0.03666737942172546,0.05197256803512573,0.022043555974960327
IGF1,IGF1R,8,astro(8),5,myeloid-acute(5),1.0,0.03634715977484357,0.005930248647928238,0.06791136413812637
CXCL10,CXCR3,20,microglia(20),3,myeloid-repair(3),1.0,0.03617930975993857,0.05197256803512573,0.0177011676132679
IGF1,IGF1R,20,microglia(20),18,myeloid-APC/IFN(18),1.0,0.03505047353467709,0.020220501348376274,0.06089165434241295
CXCL12,CXCR4,5,myeloid-acute(5),8,astro(8),1.0,0.03433815212603726,0.03456125408411026,0.03362859785556793
CXCL16,CXCR6,8,astro(8),21,B/plasma(21),1.0,0.03263358514811497,0.029445083811879158,0.03190464898943901
TNF,TNFRSF1B,18,myeloid-APC/IFN(18),8,astro(8),1.0,0.031847895447724574,0.04857303574681282,0.01677527278661728
CXCL10,CXCR3,20,microglia(20),5,myeloid-acute(5),1.0,0.03102880384864884,0.05197256803512573,0.008033487014472485
CCL2,CCR2,8,astro(8),20,microglia(20),1.0,0.030081212669275947,0.013117236085236073,0.0436728335916996
TNF,TNFRSF1B,21,B/plasma(21),8,astro(8),1.0,0.028816136722981216,0.04255317524075508,0.01677527278661728
CD86,CTLA4,9,astro-reactive(9),21,B/plasma(21),1.0,0.028566679471090487,0.013444396667182446,0.0396544449031353
CCL2,CCR2,21,B/plasma(21),0,microglia(0),1.0,0.028547137396464306,0.03707258030772209,0.018493138253688812
IGF1,IGF1R,8,astro(8),18,myeloid-APC/IFN(18),1.0,0.0282112216135804,0.005930248647928238,0.06089165434241295
CXCL10,CXCR3,21,B/plasma(21),18,myeloid-APC/IFN(18),1.0,0.027713530788886255,0.041665274649858475,0.022043555974960327
CXCL10,CXCR3,21,B/plasma(21),3,myeloid-repair(3),1.0,0.027225461127099365,0.041665274649858475,0.0177011676132679
CXCL12,CXCR4,8,astro(8),8,astro(8),1.0,0.026380962780623067,0.018104488030076027,0.03362859785556793
CXCL10,CXCR3,8,astro(8),18,myeloid-APC/IFN(18),1.0,0.026379695513333384,0.03286311402916908,0.022043555974960327
CXCL12,CXCR4,20,microglia(20),8,astro(8),1.0,0.025991221200455678,0.015184030868113041,0.03362859785556793
CXCL10,CXCR3,8,astro(8),3,myeloid-repair(3),1.0,0.025891625851546494,0.03286311402916908,0.0177011676132679
CXCL9,CXCR3,20,microglia(20),18,myeloid-APC/IFN(18),1.0,0.02530257330825656,0.029682619497179985,0.022043555974960327
TNF,TNFRSF1B,3,myeloid-repair(3),8,astro(8),1.0,0.0250870576172929,0.033303555101156235,0.01677527278661728
CXCL9,CXCR3,20,microglia(20),3,myeloid-repair(3),1.0,0.02481450364646967,0.029682619497179985,0.0177011676132679
CXCL16,CXCR6,8,astro(8),3,myeloid-repair(3),1.0,0.023596364737004244,0.029445083811879158,0.017607958987355232
TNF,TNFRSF1B,20,microglia(20),8,astro(8),1.0,0.02289607833090884,0.028518710285425186,0.01677527278661728
CCL2,CCR2,21,B/plasma(21),9,astro-reactive(9),1.0,0.022597020807029855,0.03707258030772209,0.006393470335751772
CXCL10,CXCR3,21,B/plasma(21),5,myeloid-acute(5),1.0,0.022074955215809634,0.041665274649858475,0.008033487014472485
CXCL10,CXCR3,8,astro(8),5,myeloid-acute(5),1.0,0.020741119940256764,0.03286311402916908,0.008033487014472485
CXCL16,CXCR6,8,astro(8),18,myeloid-APC/IFN(18),1.0,0.02052760341122878,0.029445083811879158,0.011843821965157986
CXCL9,CXCR3,9,astro-reactive(9),18,myeloid-APC/IFN(18),1.0,0.020215741006532614,0.021928347647190094,0.022043555974960327
CXCL16,CXCR6,8,astro(8),5,myeloid-acute(5),1.0,0.020196838943038045,0.029445083811879158,0.011016631498932838
CXCL9,CXCR3,9,astro-reactive(9),3,myeloid-repair(3),1.0,0.019727671344745724,0.021928347647190094,0.0177011676132679
CXCL9,CXCR3,20,microglia(20),5,myeloid-acute(5),1.0,0.019663997735179937,0.029682619497179985,0.008033487014472485
CD86,CD28,9,astro-reactive(9),21,B/plasma(21),1.0,0.019162189388095555,0.013444396667182446,0.025161923840641975
CXCL13,CXCR5,9,astro-reactive(9),13,T/NK(13),1.0,0.01893205298201397,0.0132800517603755,0.024972612038254738
CCL5,CCR5,8,astro(8),9,astro-reactive(9),1.0,0.018883162401127137,0.020240992307662964,0.016577094793319702
CCL2,CCR2,8,astro(8),0,microglia(0),1.0,0.016717141020883054,0.013117236085236073,0.018493138253688812
CCL21A,CCR7,13,T/NK(13),5,myeloid-acute(5),1.0,0.016568840926673885,0.017062030732631683,0.015595518983900547
CD80,CTLA4,20,microglia(20),3,myeloid-repair(3),1.0,0.015183291327009126,0.021884623914957047,0.011697784997522831
CXCL9,CXCR3,9,astro-reactive(9),5,myeloid-acute(5),1.0,0.014577165433455991,0.021928347647190094,0.008033487014472485
CCL21A,CCR7,21,B/plasma(21),5,myeloid-acute(5),1.0,0.013632058800718851,0.01414595264941454,0.015595518983900547
CCL21A,CCR7,3,myeloid-repair(3),5,myeloid-acute(5),1.0,0.013187813244224706,0.0109554473310709,0.015595518983900547
CCL19,CCR7,18,myeloid-APC/IFN(18),5,myeloid-acute(5),1.0,0.013076251558118913,0.009490946307778358,0.015595518983900547
TNF,TNFRSF1B,9,astro-reactive(9),8,astro(8),1.0,0.012506742923205432,0.007659050170332193,0.01677527278661728
CD86,CTLA4,9,astro-reactive(9),3,myeloid-repair(3),1.0,0.01249676570938946,0.013444396667182446,0.011697784997522831
CCL2,CCR2,8,astro(8),9,astro-reactive(9),1.0,0.0107670244314486,0.013117236085236073,0.006393470335751772
CD86,CD28,9,astro-reactive(9),3,myeloid-repair(3),1.0,0.010626529043863358,0.013444396667182446,0.008000938221812248
CCL19,CCR7,9,astro-reactive(9),5,myeloid-acute(5),1.0,0.010381344996437163,0.006268752738833427,0.015595518983900547
