gene,amplitude,floor_drift,peak_drift,mono_rho,amp_p,amp_q,class
Arg1,1.4505015049751293,-0.7176823335811052,-1.3284215875366414,0.0919981390355754,0.027547148107414817,0.08793366864575906,acute_oscillating
Chil1,1.062808752336025,-0.6017259906922627,-0.6395101477884402,0.16261292683585488,0.0021277894149469047,0.05819357855504391,acute_oscillating
Chil3,1.007346222589404,-0.4470861417702509,-1.0426772190611846,0.2533678477763549,0.0033008726972586534,0.05819357855504391,acute_oscillating
Timp1,0.9823781721620124,-0.42165055163307374,-0.3240276715349413,0.16062377788373433,0.0016977516303800164,0.05819357855504391,acute_oscillating
Acod1,0.8260642237098015,-0.4684373461472945,-0.8515585960907548,0.056939388754450725,0.0194271256064567,0.07507406645343609,acute_oscillating
Gbp2,0.7381916932343118,-0.4566298424960603,-0.9320876626227217,0.06912292608618908,0.01116262730740973,0.06326729099455225,acute_oscillating
Fcgr2b,0.7272911614160675,-0.30189074481571954,-0.31045681898127375,0.43388311518129474,0.0016977516303800164,0.05819357855504391,acute_oscillating
Ccl2,0.7256292413633357,-0.15303896365890352,-0.608117748781811,0.08429018684610827,0.0162163284475037,0.07051960052064482,acute_oscillating
Serpina3n,0.7076009432482357,-0.3531066988659135,-0.10824301079357879,0.28047000224899743,0.0010674246179843178,0.05819357855504391,acute_oscillating
Cxcl10,0.6875971271652708,-0.320560827721506,-0.9450371323135732,0.00547015961833151,0.0194271256064567,0.07507406645343609,acute_oscillating
Irgm1,0.6875592050275006,-0.5372616162892068,-1.0466788591108531,0.022875212949386315,0.01116262730740973,0.06326729099455225,acute_oscillating
Hal,0.6821061671017618,-0.20687622460334998,-0.13302662050538583,0.5164327966942976,0.0016977516303800164,0.05819357855504391,acute_oscillating
Cfb,0.6699498437086451,-0.4342533185947706,-0.9865855369915844,0.07409579846649045,0.0194271256064567,0.07507406645343609,acute_oscillating
Cd300lf,0.6684109297277898,-0.20924371215948612,-0.3446661793047492,0.35158207728730706,0.0016977516303800164,0.05819357855504391,acute_oscillating
Fcgr4,0.6365097267776179,-0.20798313432211335,-0.39793301085031985,0.2068714910205371,0.0021277894149469047,0.05819357855504391,acute_oscillating
Cd274,0.634453253756197,-0.360000393296816,-0.6839752010797253,0.10020337846307266,0.007559810778662305,0.06063301066345349,acute_oscillating
F13a1,0.620074119975566,-0.1682244529139454,-0.39106161432390696,0.2986209864370974,0.0021277894149469047,0.05819357855504391,acute_oscillating
Itgb2,0.6174298157180569,-0.37148390644426166,-0.3417235365883009,0.4005648702332756,0.0021277894149469047,0.05819357855504391,acute_oscillating
Socs3,0.6154026911606842,-0.020534785108900167,-0.5035319067831543,0.10791133065253979,0.007559810778662305,0.06063301066345349,acute_oscillating
Fn1,0.6119282967256852,-0.10166690125362221,-0.5341196911343733,0.2344709327312097,0.004085851125205444,0.05819357855504391,acute_oscillating
Psmb8,0.5923972839236273,-0.5218393826085685,-0.6053641104767689,0.15216989483722201,0.013481568265476605,0.06644394176057601,acute_oscillating
Gpnmb,0.5905641780471886,0.2080063934635321,1.3062184924697609,0.785962479706632,0.0950279527318241,0.1838913455557795,acute+ratchet
Grn,0.5823562879357893,-0.39111628406897303,-0.05539247122604074,0.47863896660400707,0.0021277894149469047,0.05819357855504391,acute_oscillating
Irf1,0.5741085972669093,-0.3325941022508512,-0.6880117214189625,0.09075492094050004,0.0050366811503910055,0.05819357855504391,acute_oscillating
Plac8,0.5690177274076532,-0.3470022542618997,-0.7904735109070495,-0.032075026852943854,0.007559810778662305,0.06063301066345349,acute_oscillating
Tap1,0.5686087740317287,-0.5513078422314779,-0.7849260866798204,0.068874282467174,0.01116262730740973,0.06326729099455225,acute_oscillating
Gbp7,0.562370970676439,-0.42232912203783535,-0.9112328703501196,0.025858936377567136,0.01116262730740973,0.06326729099455225,acute_oscillating
Cybb,0.5454949934264315,-0.5413107591996325,-0.5286270639245849,0.3714735668085125,0.00920502620895087,0.06294214301857694,acute_oscillating
Slc16a3,0.5436187279611864,-0.3231924406705825,-0.40682028388603064,0.1325270489350316,0.006183281626511232,0.05819357855504391,acute_oscillating
Hmox1,0.5392083309824889,-0.1965140474001713,-0.4162367611793274,0.3697330614754071,0.006183281626511232,0.05819357855504391,acute_oscillating
Stat1,0.5383015957518711,-0.5224149809561809,-0.8083480083369492,0.04450720780369728,0.0162163284475037,0.07051960052064482,acute_oscillating
Ccl5,0.5360680932049182,-1.1780942877530365,-0.9674898756722561,0.16609393750206583,0.12456406214237814,0.2225573663706728,acute_oscillating
Igtp,0.5313489951010684,-0.3839637487638609,-0.8331788413055154,0.04351263332763702,0.00920502620895087,0.06294214301857694,acute_oscillating
Itgam,0.5269823084592342,-0.2700003337180834,-0.2275186768410551,0.344122768716855,0.007559810778662305,0.06063301066345349,acute_oscillating
Tnfrsf1b,0.5220074035624966,-0.41490371431624107,-0.3180692349686849,0.36078189119086457,0.0050366811503910055,0.05819357855504391,acute_oscillating
Bcl2a1a,0.5218290948918263,-0.33078470811963756,-0.3017057084575032,0.35730088052465364,0.0033008726972586534,0.05819357855504391,acute_oscillating
Cd14,0.5213071605063089,0.0476372219547434,-0.6637125108202444,0.03306960132900413,0.038441132178322214,0.10446894791775259,acute_oscillating
Msn,0.5111130036762295,-0.24164487991637085,-0.24220687664292262,0.25709750206158094,0.0016977516303800164,0.05819357855504391,acute_oscillating
Syk,0.5096042051886349,-0.4519286140571219,-0.3768618594579747,0.33939853995556873,0.0050366811503910055,0.05819357855504391,acute_oscillating
Csf2rb2,0.5082477450115331,-0.23845059044733075,-0.42205379841828283,0.17454782054857818,0.0026556990473244895,0.05819357855504391,acute_oscillating
Fgr,0.5064727764058939,-0.33482538312828075,-0.4003257175235452,0.13501348512518227,0.0021277894149469047,0.05819357855504391,acute_oscillating
Ncf1,0.5064051201128801,-0.3370213513928908,-0.3682110567748482,0.2478976881580234,0.0021277894149469047,0.05819357855504391,acute_oscillating
Thbs1,0.5032008357410589,0.05854840787287641,-0.29717579693866103,0.17131545350138228,0.06151359999604334,0.1395822391369293,acute_oscillating
Oasl2,0.4944391546391438,-0.4778244086901361,-0.8887089292456734,-0.07310122399043018,0.08252326938191985,0.1680443900667358,acute_oscillating
Acp5,0.4896743107014393,-0.3278200469581503,-0.14045257394014765,0.48510370069839887,0.0021277894149469047,0.05819357855504391,acute_oscillating
Klk8,0.4809605503040888,-0.30897315256434654,0.12587433943439863,0.4875901368885495,0.0033008726972586534,0.05819357855504391,acute_oscillating
Gbp3,0.47899223066877705,-0.36528482112764504,-0.8148855917672391,0.01641047885499453,0.00920502620895087,0.06294214301857694,acute_oscillating
Samhd1,0.47770884725030927,-0.35613305528102623,-0.7025972872621371,0.01815098418810001,0.007559810778662305,0.06063301066345349,acute_oscillating
Il1rn,0.4759858926563228,-0.1763899321519692,-0.4759818775854241,-0.0037296542852260296,0.01116262730740973,0.06326729099455225,acute_oscillating
Fcgr3,0.47266960733051055,-0.2109283477508408,-0.22792112390474273,0.4749093123187811,0.0021277894149469047,0.05819357855504391,acute_oscillating
Itga5,0.4723773967997489,-0.07804127448219234,-0.28818481688900066,0.2424275285396919,0.0033008726972586534,0.05819357855504391,acute_oscillating
Nlrc5,0.4716243234049995,-0.37590719252675386,-0.5824275341617593,0.10119795293913293,0.023180056414889752,0.08120979929419823,acute_oscillating
Irgm2,0.4687004946269566,-0.3986109031083189,-0.787004000286603,0.045253138660742494,0.08252326938191985,0.1680443900667358,acute_oscillating
Plaur,0.46810331372555414,-0.15594823155283682,-0.2840509897232476,0.21084978892477818,0.0033008726972586534,0.05819357855504391,acute_oscillating
Tlr2,0.4651322010956498,-0.4162056814344912,-0.4647754661323571,0.29712912472300695,0.0050366811503910055,0.05819357855504391,acute_oscillating
H2-Ab1,0.4616219287055512,-0.6750891176805314,-0.27734636436136473,0.4224455087066016,0.0194271256064567,0.07507406645343609,acute_oscillating
Spi1,0.46130959918418535,-0.30473154039271155,-0.2759939042774282,0.2993669172941426,0.0021277894149469047,0.05819357855504391,acute_oscillating
Ctss,0.45926564574692197,-0.3770227555593739,-0.04842141614322948,0.503751972124529,0.0021277894149469047,0.05819357855504391,acute_oscillating
Icam1,0.45697712162316795,-0.26152125737329923,-0.4721650897727907,0.13377026703010692,0.004085851125205444,0.05819357855504391,acute_oscillating
Clec4e,0.45582709403235633,-0.3380458347458024,-0.8202623474699411,0.011686250093708224,0.03260630478301721,0.09515146493030366,acute_oscillating
Tgm2,0.4541525492988663,0.03748977702091261,-0.353332999498837,0.18200712911903025,0.023180056414889752,0.08120979929419823,acute_oscillating
Ccr1,0.4530003590231088,-0.051478219981659024,-0.4693683478639481,0.13749992131533295,0.007559810778662305,0.06063301066345349,acute_oscillating
Fpr2,0.4524021410580121,-0.25937144626232705,-1.06606529118528,-0.018399627807115078,0.12456406214237814,0.2225573663706728,acute_oscillating
Plin2,0.45093671736132857,-0.08800726658504043,0.11816950581723518,0.5696425311635223,0.007559810778662305,0.06063301066345349,acute_oscillating
Cxcr4,0.447464853642048,-0.21055809377618084,-0.007016882432379079,0.5139463605041469,0.000841099845223462,0.05819357855504391,acute_oscillating
Tagln,0.44322113761259807,-0.043474308385937355,-0.30767033295410706,0.15216989483722201,0.0010674246179843178,0.05819357855504391,acute_oscillating
Csf2rb,0.4423798274733639,-0.1810603358608146,-0.4432418405411924,0.15639683636047816,0.0026556990473244895,0.05819357855504391,acute_oscillating
Itgal,0.44231653593720055,-0.40546909811134635,-0.41932729465333396,0.17231002797744258,0.006183281626511232,0.05819357855504391,acute_oscillating
Il4ra,0.4408555413797266,-0.09385228678617152,-0.2327819411828378,0.22303332625651656,0.0021277894149469047,0.05819357855504391,acute_oscillating
Cxcr2,0.4368167461428062,-0.06566344266033772,-0.4592420249530821,-0.054701596183315104,0.04514062557215464,0.11588441421417252,acute_oscillating
Il7r,0.4339885926016702,-0.23725172460890487,-0.08357096185526891,0.39434877975789884,0.0026556990473244895,0.05819357855504391,acute_oscillating
H2-Aa,0.4321199869985577,-0.7012866567806197,-0.21987668738333754,0.43811005670455094,0.023180056414889752,0.08120979929419823,acute_oscillating
Isg15,0.42973388278469216,-0.3128760454923236,-0.9075251165428649,-0.14719702245692062,0.0950279527318241,0.1838913455557795,acute_oscillating
Itgb7,0.4235686229204765,-0.45816146232589344,-0.3146223961401837,0.2362114380643152,0.00920502620895087,0.06294214301857694,acute_oscillating
Il2rg,0.4219456675466008,-0.4470355643972941,-0.28521056211619134,0.26008122548976176,0.007559810778662305,0.06063301066345349,acute_oscillating
Cxcl16,0.42054668684313046,-0.29369367226450604,-0.31708171103666016,0.44159106737076187,0.004085851125205444,0.05819357855504391,acute_oscillating
Lat,0.4172421218719088,-0.4054670491844028,-0.41127767991391906,0.20214726225925078,0.01116262730740973,0.06326729099455225,acute_oscillating
Ptpn6,0.41692939941246854,-0.4044436842896981,-0.19125133010584472,0.40031622661426053,0.0050366811503910055,0.05819357855504391,acute_oscillating
C3ar1,0.41486127071435797,-0.1670456603326793,0.19950416234475754,0.5683993130684468,0.0021277894149469047,0.05819357855504391,acute_oscillating
Msr1,0.414357077665061,-0.08726868049644554,-0.030997756915912222,0.42816431194394816,0.0026556990473244895,0.05819357855504391,acute_oscillating
Ly6i,0.4143189719517311,-0.3423132470838094,-0.9919433485448559,0.03431281942407947,0.04514062557215464,0.11588441421417252,acute_oscillating
Pygl,0.41301221648273956,-0.1947212872450509,-0.3555975367287413,0.3610305348098797,0.0016977516303800164,0.05819357855504391,acute_oscillating
Mmp14,0.41151766808310564,-0.2241474196487132,-0.28187527695949255,0.41001332775584814,0.0016977516303800164,0.05819357855504391,acute_oscillating
Cd68,0.40938001126487045,0.021197296392938103,0.29929265700202956,0.6427437551539524,0.023180056414889752,0.08120979929419823,acute_oscillating
Vav1,0.408666526647391,-0.24369853259736685,-0.14170970092681467,0.4502935940362893,0.0021277894149469047,0.05819357855504391,acute_oscillating
H2-K1,0.4024609297482389,-0.7499772900717687,-0.49166613520661295,0.32995008243299606,0.05279870698063471,0.12722069169023034,acute_oscillating
Cxcl9,0.3991313914079559,-0.32471913311549105,-0.35060622020395193,0.19220151749864803,0.023180056414889752,0.08120979929419823,acute_oscillating
Angptl4,0.3964749622764938,-0.0251604908177101,-0.23260767083637068,0.09373864436868087,0.007559810778662305,0.06063301066345349,acute_oscillating
Pirb,0.39244407040265405,-0.18234677672779442,-0.3527432887880312,0.33740939100344813,0.0010674246179843178,0.05819357855504391,acute_oscillating
H2-T23,0.3906530609050538,-0.3235296232672624,-0.4423455849907527,0.24292481577772204,0.023180056414889752,0.08120979929419823,acute_oscillating
Lcp2,0.386934781761058,-0.2648909795421094,-0.37923737728085416,0.15415904378934253,0.004085851125205444,0.05819357855504391,acute_oscillating
Tnfaip3,0.38608287311632083,-0.291956239653671,-0.3891271734431121,0.213833512352959,0.0162163284475037,0.07051960052064482,acute_oscillating
Lgals1,0.3856840122230989,-0.024044953102073663,0.058105949917000466,0.5047465466005894,0.0026556990473244895,0.05819357855504391,acute_oscillating
Cd53,0.38142275168566653,-0.23766137698955447,-0.04245400722310966,0.4080241788037276,0.004085851125205444,0.05819357855504391,acute_oscillating
Aif1,0.38039775446865476,-0.3665786668865856,-0.16497210815651497,0.358792742238744,0.0050366811503910055,0.05819357855504391,acute_oscillating
Hck,0.37955574401905745,-0.279166762510471,-0.4071172697056875,0.1220840169363987,0.004085851125205444,0.05819357855504391,acute_oscillating
Furin,0.37509317556278887,-0.04421979397738496,-0.19261827334180714,0.2615730872038522,0.0050366811503910055,0.05819357855504391,acute_oscillating
Fermt3,0.374509390409669,-0.21495597956892354,-0.1648134443802065,0.4400992056566715,0.0021277894149469047,0.05819357855504391,acute_oscillating
H2-D1,0.3743745850479536,-0.6634126382079701,-0.33986109973002065,0.365754763571166,0.04514062557215464,0.11588441421417252,acute_oscillating
Cd74,0.3731896195474924,-0.8154947332879292,-0.20406003374100035,0.4137429820410742,0.07138703353443834,0.153066522933657,acute_oscillating
Mafb,0.37107759757699066,-0.19156732873071403,0.1868862736431396,0.6211117602996414,0.0033008726972586534,0.05819357855504391,acute_oscillating
Serpine1,0.36932838671337526,-0.034782760783400146,-0.2460740477209189,0.25709750206158094,0.013481568265476605,0.06644394176057601,acute_oscillating
Col4a1,0.367856754992125,-0.3950989730809309,-0.21058163733843016,0.04823686208892331,0.027547148107414817,0.08793366864575906,acute_oscillating
Hk2,0.3671572737479334,-0.261123125067085,-0.3011791799040675,0.2511300552052193,0.007559810778662305,0.06063301066345349,acute_oscillating
Fcgr1,0.3653207250172694,-0.0969082623113291,-0.26648292394615036,0.2759944171067262,0.0013489988246948774,0.05819357855504391,acute_oscillating
Rnh1,0.36402587473223114,-0.06590714843986545,-0.01722384556018497,0.5191678765034633,0.0050366811503910055,0.05819357855504391,acute_oscillating
Gsdmd,0.36290089221708366,-0.23161451485768425,-0.33229943286980856,0.28221050758210287,0.0026556990473244895,0.05819357855504391,acute_oscillating
Il18rap,0.3624576094788416,-0.1534341337980487,-0.44975650692160074,0.059923112182631535,0.0033008726972586534,0.05819357855504391,acute_oscillating
Trbc1,0.3611603600291189,-0.44354613274200305,-0.4045478395319564,0.26231901806089736,0.0162163284475037,0.07051960052064482,acute_oscillating
Mcl1,0.35111954974505943,-0.16697766548906356,-0.2875560490623812,0.25660021482355083,0.00920502620895087,0.06294214301857694,acute_oscillating
Iqgap1,0.3485241641664383,-0.09571017535378079,-0.17668824356636237,0.3510847900492769,0.0033008726972586534,0.05819357855504391,acute_oscillating
Mki67,0.3461396329452409,-0.30371989520702886,-0.3041700035014496,0.07608494741861101,0.01116262730740973,0.06326729099455225,acute_oscillating
Inpp5d,0.3440105365408377,-0.20618987898826036,-0.07123606264920923,0.47316880698567554,0.004085851125205444,0.05819357855504391,acute_oscillating
Lgals9,0.3437104571475855,-0.1562400247403266,-0.20292497949457666,0.23969244873052614,0.0016977516303800164,0.05819357855504391,acute_oscillating
Msrb1,0.34295365539968037,-0.07966111442749624,-0.16752518073697686,0.27997271501096727,0.0026556990473244895,0.05819357855504391,acute_oscillating
Ncf4,0.3405057785463076,-0.1513650104266629,-0.28315792484984414,0.21681723578113984,0.004085851125205444,0.05819357855504391,acute_oscillating
Il10ra,0.3375581579308877,-0.38000553406854953,-0.3011765764843448,0.2506327679671892,0.007559810778662305,0.06063301066345349,acute_oscillating
Ptpn1,0.3374152105411994,-0.12446447385118398,-0.29166115942292636,0.1394890702674535,0.023180056414889752,0.08120979929419823,acute_oscillating
Nampt,0.3364740993396165,-0.16570033944199358,-0.3799739220913678,0.018896915045145214,0.004085851125205444,0.05819357855504391,acute_oscillating
Clec4n,0.3360572126709608,-0.14178884564503993,-0.3354430317632684,0.16360750131191518,0.013481568265476605,0.06644394176057601,acute_oscillating
Ptprc,0.33339317840057037,-0.3511102838569604,-0.2606029197940183,0.24441667749181245,0.007559810778662305,0.06063301066345349,acute_oscillating
Tnc,0.3332205076830349,-0.13953044738417164,-0.13416277023909362,0.19021236854652748,0.0194271256064567,0.07507406645343609,acute_oscillating
Tnfrsf14,0.3305158094889955,-0.25587018415766427,-0.31044298784188684,0.26878375215528916,0.00920502620895087,0.06294214301857694,acute_oscillating
Irf8,0.32955427160622186,-0.3470917593959679,-0.13921511752757687,0.36898713061836186,0.007559810778662305,0.06063301066345349,acute_oscillating
Myh9,0.3280775247456196,-0.1138919906331779,-0.20442075065252308,0.28867524167649466,0.00920502620895087,0.06294214301857694,acute_oscillating
Myd88,0.3276858351649451,-0.08473922927883004,-0.2884310403542806,0.09622508055883155,0.007559810778662305,0.06063301066345349,acute_oscillating
Sell,0.326558787631855,-0.3054199677807728,-0.4383577650584096,-0.04575042589877263,0.0162163284475037,0.07051960052064482,acute_oscillating
Tnfrsf9,0.323387373073602,-0.23468601463797903,-0.4201402001067035,0.05320973446922468,0.0162163284475037,0.07051960052064482,acute_oscillating
H2-Eb1,0.32247129389140916,-0.5881481683819869,-0.09987189573557442,0.4639689930821181,0.03260630478301721,0.09515146493030366,acute_oscillating
Abca1,0.3212997903930883,0.09150685948155979,0.3397868300590261,0.7392174793317989,0.08252326938191985,0.1680443900667358,acute_oscillating
Rab32,0.3207220263956261,-0.18204211075461119,-0.25517348533250717,0.38166795518813035,0.0033008726972586534,0.05819357855504391,acute_oscillating
Cd84,0.3202397676700257,-0.16944614451974216,0.060212537482958295,0.5189192328844482,0.0033008726972586534,0.05819357855504391,acute_oscillating
Il2rb,0.31972969958151465,-0.3395173556588328,-0.4018735021912787,0.14520787350480008,0.023180056414889752,0.08120979929419823,acute_oscillating
Mxd1,0.3195328650285566,-0.09166713386728043,-0.2902088307867753,-0.06365276646785757,0.08252326938191985,0.1680443900667358,acute_oscillating
Ccl8,0.3180641682638329,-0.17074131880768195,0.3732783725983577,0.6618893138181128,0.0016977516303800164,0.05819357855504391,acute_oscillating
C5ar1,0.31277195016349263,-0.03335192656963054,-0.17364164797712578,0.19493659730781382,0.0162163284475037,0.07051960052064482,acute_oscillating
Tlr13,0.3120465619698761,-0.08228127590925238,-0.04606586085427855,0.40205673194736596,0.0021277894149469047,0.05819357855504391,acute_oscillating
Ackr1,0.3112792976272709,0.04546913498224625,-0.4684541367540871,-0.16037513426471928,0.22936158549541563,0.3421975570670124,acute_oscillating
Crym,0.3108978660908494,-0.0449097202507687,0.10487346663528574,0.6034580633495716,0.000841099845223462,0.05819357855504391,acute_oscillating
Irf5,0.30998870376485943,-0.19875480697667913,-0.22285267746718662,0.3650088327141207,0.0021277894149469047,0.05819357855504391,acute_oscillating
Pik3cd,0.30993060410809714,-0.25303782097683514,-0.12443504333570155,0.42915888642000843,0.006183281626511232,0.05819357855504391,acute_oscillating
Zbp1,0.3094335501426789,-0.11930165678267737,-0.4530101943509711,0.07011750056224936,0.013481568265476605,0.06644394176057601,acute_oscillating
Stat2,0.3088630114097115,-0.21338118415171703,-0.5722158846394718,-0.0775768091327014,0.06151359999604334,0.1395822391369293,acute_oscillating
Sh3bp2,0.30830499874019823,-0.11219513485077726,-0.10393812217894216,0.4721742325096153,0.000841099845223462,0.05819357855504391,acute_oscillating
Prkcd,0.3076497055321601,-0.26006190478404734,-0.26382174077500387,0.3714735668085125,0.013481568265476605,0.06644394176057601,acute_oscillating
Hist2h2bb,0.30532732823152675,-0.14162982690708215,-0.20601606081434398,-0.006713377713406852,0.0162163284475037,0.07051960052064482,acute_oscillating
Serpina3i,0.3037900966881332,-0.0718256718610637,-0.12722633143093443,0.1698235917872919,0.004085851125205444,0.05819357855504391,acute_oscillating
Anxa2,0.30274664076260027,0.10526756658992253,-0.08440718084691046,0.23098992206499874,0.05279870698063471,0.12722069169023034,acute_oscillating
Cd44,0.30075994884113644,0.006342393071714358,-0.1447052206841538,0.29091303424763026,0.0006599927848675582,0.05819357855504391,acute_oscillating
Flna,0.300750874733964,0.051182774693389055,-0.1455140600012368,0.41523484375516456,0.03260630478301721,0.09515146493030366,acute_oscillating
H2-DMa,0.29981332413655015,-0.27561904170122986,-0.18421086055684088,0.35680359328662353,0.01116262730740973,0.06326729099455225,other
B2m,0.2996094657377437,-0.65390047498239,-0.39720000159303037,0.31776654510125774,0.0950279527318241,0.1838913455557795,other
Lyn,0.2990834945362244,-0.25699417099986277,-0.17773709900352985,0.30583165138853435,0.0050366811503910055,0.05819357855504391,other
Igfbp3,0.2988920507181456,-0.12742342089740966,-0.4996776184708125,-0.36998170509442213,0.05279870698063471,0.12722069169023034,other
Atp6v0d2,0.29685792048675747,0.00975772101553718,0.3203173584725676,0.6957048460041619,0.01116262730740973,0.06326729099455225,other
Cmklr1,0.29453102217826155,-0.06125590551745408,-0.2311835263202502,0.42095364699251114,0.01116262730740973,0.06326729099455225,other
Il17ra,0.29280053736274225,-0.03725003262862647,-0.23864331255445448,0.12631095845965487,0.0016977516303800164,0.05819357855504391,other
Gimap4,0.29143307649963535,-0.4216985266175901,-0.24429028758921234,0.2951399757708864,0.023180056414889752,0.08120979929419823,other
Cd36,0.2895713750310169,-0.11317538167583058,-0.05442456253535022,0.14520787350480008,0.0026556990473244895,0.05819357855504391,other
Selp,0.28748444728031214,0.012415649779474236,-0.39513548721797875,-0.08429018684610827,0.04514062557215464,0.11588441421417252,other
Tnf,0.28680069498557503,-0.14448625644769392,-0.32945932801830147,0.1290460382688206,0.0050366811503910055,0.05819357855504391,other
Ifngr1,0.28652806835372524,-0.19259784870407515,-0.20605647887528855,0.3192584068153481,0.004085851125205444,0.05819357855504391,other
Adgre1,0.2864163521452727,-0.29289653558197526,0.10394274558437044,0.5273731159309606,0.027547148107414817,0.08793366864575906,other
Tgfb1,0.28539614287720616,-0.2094689082083213,-0.21174827265796492,0.2846969437722536,0.0162163284475037,0.07051960052064482,other
Dock2,0.2849025048688798,-0.3155163618958121,-0.07708577214246182,0.4184672108023605,0.023180056414889752,0.08120979929419823,other
Fosl2,0.2839884851086057,-0.02701198194073523,-0.2971297781647114,0.0768308782756562,0.0194271256064567,0.07507406645343609,other
Ptafr,0.28351149417261856,-0.18927279534826885,-0.11243480039680154,0.3284582207189057,0.0016977516303800164,0.05819357855504391,other
Crlf2,0.28163144718642674,-0.08875147224427327,-0.07132893876500046,0.49355758374491115,0.0026556990473244895,0.05819357855504391,other
Apobec1,0.2815159249474336,-0.04144785127551098,0.021489559713516515,0.5109626370759661,0.013481568265476605,0.06644394176057601,other
Csf3r,0.28123925067624844,-0.26492610170334463,-0.2145764974921578,0.24839497539605354,0.027547148107414817,0.08793366864575906,other
Slc11a1,0.2803077816777446,-0.21567893892909873,-0.06699771303691548,0.47714710488991663,0.00920502620895087,0.06294214301857694,other
Mapkapk2,0.2789011772960168,-0.12120805875671192,-0.18743891162057014,0.2603298691087768,0.00920502620895087,0.06294214301857694,other
Tmem176a,0.2786508552771747,-0.07319320236671656,0.19473164255957975,0.5619345789740551,0.006183281626511232,0.05819357855504391,other
Stab1,0.2786381511043423,-0.04101639887394737,0.17672574384509376,0.6494571328673593,0.00920502620895087,0.06294214301857694,other
Apobec3,0.27726918266454126,-0.28642099220790085,-0.2525857544400887,0.20339048035432614,0.00920502620895087,0.06294214301857694,other
Lmnb1,0.2750528390090805,-0.18512651101181588,-0.1786423295524624,0.11487335198496172,0.00920502620895087,0.06294214301857694,other
Relb,0.27397796708478195,-0.28110370154429365,-0.33177118543131157,0.20637420378250695,0.01116262730740973,0.06326729099455225,other
Unc93b1,0.2733880720919757,-0.26757132496370417,-0.1653267002322527,0.4582501898447715,0.023180056414889752,0.08120979929419823,other
Bcl3,0.2731819931497357,-0.06552749218398929,-0.2364965403339352,0.12084079884132337,0.006183281626511232,0.05819357855504391,other
C3,0.2699340170605069,-0.20332430457104378,0.1439315282169389,0.5591994991648894,0.013481568265476605,0.06644394176057601,other
Cyp1b1,0.26879859486533486,-0.14800733922585718,-0.15495867333408808,0.206622847401522,0.013481568265476605,0.06644394176057601,other
Ldha,0.26763000710504126,-0.19691638803630473,-0.24503771338165858,0.05395566532626989,0.0950279527318241,0.1838913455557795,other
S100a10,0.26721557280201114,-0.06776616498216148,-0.2679578952555528,0.08429018684610827,0.0162163284475037,0.07051960052064482,other
Baz1a,0.26710414603505067,-0.25014698982465744,-0.23350405624629433,0.20339048035432614,0.006183281626511232,0.05819357855504391,other
Ccn1,0.26694168217996417,0.04845494244032933,-0.11114785544342687,0.34636056128799064,0.023180056414889752,0.08120979929419823,other
Hif1a,0.2668833827563346,-0.12256733126598185,-0.31988641462313305,0.022626569330371247,0.00920502620895087,0.06294214301857694,other
Neat1,0.26645323043881763,-0.11913339394731981,0.01118118002627444,0.3344256675752673,0.0194271256064567,0.07507406645343609,other
Cd72,0.26632689145826005,-0.3547580868603042,0.21707585529453755,0.5320973446922469,0.04514062557215464,0.11588441421417252,other
Ptk2b,0.2662218041874961,-0.19493735199118123,-0.08878351205260082,0.4271697374678879,0.006183281626511232,0.05819357855504391,other
Sdc1,0.26478322976136925,-0.06947606171792264,-0.23571954275951879,0.3945974233769139,0.0033008726972586534,0.05819357855504391,other
Casp8,0.2626804164936397,-0.17833255747281873,-0.16952425488217127,0.27400526815460563,0.0021277894149469047,0.05819357855504391,other
Cd180,0.26246332546583384,-0.28182724842606965,0.041307677369226914,0.4537746047025003,0.01116262730740973,0.06326729099455225,other
Cd4,0.26212765314820274,-0.3444462106922661,-0.36410845622105126,0.21259029425788367,0.013481568265476605,0.06644394176057601,other
Ezr,0.2612497386419357,-0.047605582792695444,-0.10875776364120548,0.2551083531094604,0.0021277894149469047,0.05819357855504391,other
Ciita,0.26095469483108835,-0.4450993991468869,-0.24611995588512958,0.28146457672505765,0.05279870698063471,0.12722069169023034,other
Sdcbp,0.2604743415691084,-0.04011971019816496,-0.018111149516154335,0.47565524317582625,0.0026556990473244895,0.05819357855504391,other
Fbn1,0.2604425617697701,-0.1117164181158039,-0.23450240805141043,0.15863462893161379,0.0194271256064567,0.07507406645343609,other
Itga4,0.2597228884352142,-0.275393413272519,-0.29475565953638694,0.27748627882081656,0.013481568265476605,0.06644394176057601,other
Rhbdf2,0.25959969721270443,-0.10187732030603092,-0.19347387456190202,0.21259029425788367,0.0026556990473244895,0.05819357855504391,other
Nlrp3,0.2594813371390021,-0.16164448356089578,-0.36256273384290805,0.10343574551026855,0.038441132178322214,0.10446894791775259,other
Top2a,0.25844284375050114,-0.20419809176132153,-0.148651617682919,0.14694837883790557,0.013481568265476605,0.06644394176057601,other
Jpt1,0.25656186518538493,-0.1700046281038512,-0.1442674456907047,0.19468795368879874,0.006183281626511232,0.05819357855504391,other
Lox,0.25573910906714425,-0.03181335856054174,-0.17966399070172923,0.159380559788659,0.04514062557215464,0.11588441421417252,other
Cd37,0.25393275785061276,-0.2986344076830493,-0.016494119420811804,0.4724228761286304,0.0162163284475037,0.07051960052064482,other
Birc3,0.2532070090041435,-0.1932891057896664,-0.34287965835370815,0.24292481577772204,0.01116262730740973,0.06326729099455225,other
Fbln2,0.2525751352451422,-0.03186405124335723,0.09970983677253131,0.4224455087066016,0.0194271256064567,0.07507406645343609,other
Bmp1,0.25138542607294245,-0.012341271015799737,0.029808064501495313,0.3610305348098797,0.01116262730740973,0.06326729099455225,other
Sh3bp1,0.24966229825777186,-0.3053426726332371,-0.2484347792691346,0.2968804811039919,0.00920502620895087,0.06294214301857694,other
Ccr7,0.24892961056638246,-0.22925109076356964,-0.3190915603687363,0.170320879025322,0.013481568265476605,0.06644394176057601,other
Ptbp1,0.24756321091306344,-0.0969284161169548,-0.0707823308447213,0.3349229548132975,0.004085851125205444,0.05819357855504391,other
Cd38,0.24161335556967423,-0.030942534985360037,-0.1812357703074765,0.4766498176518865,0.013481568265476605,0.06644394176057601,other
Kcnn4,0.24136168824702953,-0.16760307853486633,-0.048764557535451836,0.4157321309931947,0.0026556990473244895,0.05819357855504391,other
Cd33,0.24058251680148524,-0.09914360280988532,-0.25990312989068753,0.43338582794326463,0.007559810778662305,0.06063301066345349,other
Gla,0.24014494387032204,-0.07330974490215725,0.11390896955420549,0.5524861214514825,0.0026556990473244895,0.05819357855504391,other
Tmem173,0.23856763986222873,-0.14038900763280315,-0.2620833014425856,0.10741404341450964,0.00920502620895087,0.06294214301857694,other
Maff,0.23722826216433263,-0.0727842600895987,-0.14050314170594724,0.1253163839835946,0.006183281626511232,0.05819357855504391,other
Tnfrsf1a,0.23714160443886745,0.053521960975212446,-0.10083864997624592,0.2759944171067262,0.01116262730740973,0.06326729099455225,other
Litaf,0.23663302308901768,-0.018436984131818157,0.014085649006641887,0.15739141083653846,0.01116262730740973,0.06326729099455225,other
Runx2,0.2362352965276142,-0.20394251725099466,-0.1450855370811921,0.27301069367854536,0.0013489988246948774,0.05819357855504391,other
Jak3,0.2361874359835443,-0.15265504077576675,-0.14002088076155372,0.3197556940533783,0.027547148107414817,0.08793366864575906,other
Sirpa,0.23450029285423923,-0.12898471498284403,0.10824365305861328,0.5671560949733716,0.023180056414889752,0.08120979929419823,other
Runx1,0.23399802328463415,-0.07566610306068777,-0.08421736857740791,0.4778930357469619,0.0050366811503910055,0.05819357855504391,other
Adgre5,0.2337977931363654,0.0008353523675592722,-0.08661542312041526,0.3192584068153481,0.006183281626511232,0.05819357855504391,other
Plxnd1,0.233040227830277,-0.1855946123114357,-0.12831292625262225,0.42642380661084267,0.006183281626511232,0.05819357855504391,other
Mmp12,0.23301801175952258,-0.05495155409007635,-0.015253221839481412,0.5621832225930702,0.006183281626511232,0.05819357855504391,other
Ccnd1,0.2326781954210333,-0.12023115991706224,0.08809995249417346,0.40429452451850156,0.013481568265476605,0.06644394176057601,other
Cd6,0.23188040641906288,-0.27063074230471673,-0.23478235958957738,0.24043837958757136,0.01116262730740973,0.06326729099455225,other
Ptx3,0.23165479863975305,-0.04505772200478361,0.05524663733060742,0.20537962930644668,0.0050366811503910055,0.05819357855504391,other
Cd2,0.23144494037578317,-0.30505312780702826,-0.2705336519245739,0.14570516074283021,0.038441132178322214,0.10446894791775259,other
Cd93,0.22956147379274827,-0.0507424066962201,0.03365696564032461,0.5032546848864988,0.00920502620895087,0.06294214301857694,other
Arrb2,0.22950573733063773,-0.07340110540844691,-0.04379734583452821,0.47117965803355505,0.0013489988246948774,0.05819357855504391,other
Nfkb2,0.22909490905332652,-0.21606912780873144,-0.258585116677041,0.21607130492409463,0.027547148107414817,0.08793366864575906,other
Cd3d,0.22850110888325137,-0.33460064243112614,-0.3019705850161418,0.18325034721410557,0.038441132178322214,0.10446894791775259,other
Lyst,0.22843509479649127,-0.09540123976216153,-0.09128294449222518,0.4249319448967523,0.0021277894149469047,0.05819357855504391,other
Col4a2,0.227635654283167,-0.23256090410712082,-0.15507383310437173,0.14023500112449871,0.01116262730740973,0.06326729099455225,other
Jaml,0.2251673281909724,-0.09427926886029059,-0.30584477039343516,0.28444830015323846,0.027547148107414817,0.08793366864575906,other
Cst7,0.22510001611246389,-0.33574965105276866,0.2928652456086047,0.6173821060144155,0.16081398497923238,0.2665947797787015,other
Ccr5,0.22471072730068753,-0.10100850668485228,-0.2789107215198934,0.1069167561764795,0.01116262730740973,0.06326729099455225,other
Rai14,0.22466993790157064,-0.002497129634146056,-0.08320513863841239,0.3453659868119303,0.0013489988246948774,0.05819357855504391,other
Plcg2,0.22242505079116315,-0.2382332252559871,-0.1018472591286852,0.3684898433803317,0.03260630478301721,0.09515146493030366,other
Fam107b,0.2217029231411689,-0.2389593362965302,-0.198960501318182,0.10368438912928361,0.013481568265476605,0.06644394176057601,other
Mmp9,0.22075278264559056,-0.1108639621778853,-0.31898674493028967,-0.22701162416075765,0.08252326938191985,0.1680443900667358,other
Bhlhe40,0.2205507944292715,0.005368355193003049,-0.03196743514450051,0.14570516074283021,0.0194271256064567,0.07507406645343609,other
Entpd1,0.21919756381515243,-0.07930464038992113,-0.14769666770081913,0.30956130567376045,0.0026556990473244895,0.05819357855504391,other
Sema4a,0.21800839917216353,-0.1612602801149835,-0.3480387039785431,-0.00547015961833151,0.027547148107414817,0.08793366864575906,other
Adamts1,0.21727422978459132,0.18843919235088502,-0.17818399168041088,-0.03779383009029043,0.0950279527318241,0.1838913455557795,other
Sgpl1,0.21722550254158923,-0.059981054624939634,0.04361786578498239,0.5236434616457345,0.0021277894149469047,0.05819357855504391,other
Itgb1,0.21642724548531778,-0.05843914969420805,-0.045854995649195374,0.41647806185023994,0.000841099845223462,0.05819357855504391,other
Ccl17,0.21567522188383803,-0.10182995141117077,-0.2444008436512281,0.07782545275171648,0.038441132178322214,0.10446894791775259,other
Ccl7,0.2156536413854625,-0.012011512937922422,-0.23241970126566436,0.03505875028112468,0.01116262730740973,0.06326729099455225,other
P4hb,0.2142119066008008,-0.025057116429929582,-0.04346089737166414,0.30608029500754946,0.006183281626511232,0.05819357855504391,other
Id2,0.21417430259271297,-0.08412525537021898,-0.05789446665429754,0.14247279369563431,0.023180056414889752,0.08120979929419823,other
Nfkbie,0.21386612799936233,-0.200045461472324,-0.2767644563272984,0.18250441635706036,0.007559810778662305,0.06063301066345349,other
Ptgr1,0.21369649518852318,-0.13062631624827675,-0.020490530518243122,0.4532773174644701,0.01116262730740973,0.06326729099455225,other
Ets1,0.21366159075901026,-0.2741217940831502,-0.20680960691458794,0.20413641121137133,0.06151359999604334,0.1395822391369293,other
Apaf1,0.2126116824328279,-0.09831738931478773,-0.16714937319482226,0.2968804811039919,0.006183281626511232,0.05819357855504391,other
Rara,0.2121817893717921,-0.017094803056927454,-0.20134604072558826,0.057188032373465786,0.0194271256064567,0.07507406645343609,other
Odc1,0.212043694703977,-0.024396422659569872,-0.1220706196211283,0.17429917692956312,0.007559810778662305,0.06063301066345349,other
Clcn7,0.21104250700129068,-0.08287402110544484,-0.10006814781988727,0.5127031424090716,0.006183281626511232,0.05819357855504391,other
Etv6,0.21067908350491216,-0.10910208292207924,-0.228553069548175,0.15216989483722201,0.013481568265476605,0.06644394176057601,other
Nos2,0.21064939715795006,-0.043095245461474044,-0.4365593489032189,-0.2180604538762152,0.07138703353443834,0.153066522933657,other
Card9,0.2104906803294433,-0.08331851510196575,-0.17147608392579006,0.40031622661426053,0.0016977516303800164,0.05819357855504391,other
Ccl3,0.21002908253235086,-0.05305155273549156,0.11335397249911039,0.626581919917973,0.0162163284475037,0.07051960052064482,other
Diaph1,0.20958675362288304,-0.043279778140529634,-0.164747851326551,0.28146457672505765,0.004085851125205444,0.05819357855504391,other
Trpv2,0.20936024842064815,-0.10885201405389444,-0.12618470681431826,0.36898713061836186,0.007559810778662305,0.06063301066345349,other
Traf3ip3,0.20935985785613476,-0.2894762416786486,-0.2160007829563544,0.25038412434817414,0.0162163284475037,0.07051960052064482,other
Nfatc1,0.20926864695467673,-0.16479440945834367,-0.0984586374471339,0.4629744186060578,0.0050366811503910055,0.05819357855504391,other
S1pr3,0.20669037664774215,-0.06235933484843792,0.05872321805879843,0.2958859066279317,0.00920502620895087,0.06294214301857694,other
Cd48,0.20458868404016306,-0.1644726017122714,0.0553097147956545,0.5582049246888291,0.027547148107414817,0.08793366864575906,other
Ifi204,0.20362685375211248,-0.08566596514662905,-0.3042562434314646,0.06589055903899319,0.013481568265476605,0.06644394176057601,other
Actn1,0.2034748681200964,0.0003902532900807998,-0.18950302401814167,0.2299953475889385,0.0050366811503910055,0.05819357855504391,other
Rab5c,0.2033970080888623,-0.08517050826450623,-0.15415996268381793,0.1496834586470713,0.0194271256064567,0.07507406645343609,other
Map3k8,0.20285218418995782,-0.05838383809114911,-0.1381291840408344,0.17778018759577408,0.004085851125205444,0.05819357855504391,other
Stat3,0.20195301358599815,0.0012324599498243494,-0.2186775012790354,0.13650534683927268,0.027547148107414817,0.08793366864575906,other
Il13ra1,0.20137086186782038,-0.006854198307919002,-0.12570196534152012,0.33119330052807144,0.0010674246179843178,0.05819357855504391,other
Ikzf1,0.20133712536240667,-0.18943763628151455,-0.16075794308902225,0.34263090700276455,0.0050366811503910055,0.05819357855504391,other
Trex1,0.20122716523671846,-0.08498247452124569,-0.3241126662575512,0.05594481427839044,0.01116262730740973,0.06326729099455225,other
Lpp,0.201060949452732,-0.0994900838782311,-0.1033064742732237,0.278978140534907,0.006183281626511232,0.05819357855504391,other
A2m,0.20089072821902798,0.13781951682770677,0.49938986483567316,0.5915231696368483,0.038441132178322214,0.10446894791775259,other
Plau,0.19711470666322406,0.04862472014039554,0.5717346503602436,0.804362107513747,0.22936158549541563,0.3421975570670124,other
Rnaset2a,0.19651128578971822,-0.1624234933243045,0.0014457543060606426,0.536075642596488,0.04514062557215464,0.11588441421417252,other
Gnai2,0.19618469317342324,-0.0938361782859114,-0.10620256272717166,0.3500902155732166,0.0194271256064567,0.07507406645343609,other
Axl,0.19617230434801103,-0.17845531822256255,0.06863656429258613,0.5455241001190605,0.04514062557215464,0.11588441421417252,other
Gba,0.1951466844593741,-0.0739970974665729,0.04130221654680866,0.4470612269890934,0.00920502620895087,0.06294214301857694,other
Zc3h12a,0.19434852296972516,-0.09344236147442092,-0.13396781331298402,0.26704324682218367,0.0050366811503910055,0.05819357855504391,other
Lamp2,0.19415292643532833,-0.12233321918072648,-0.03672130153930597,0.3518307209063221,0.006183281626511232,0.05819357855504391,other
Icos,0.19388912642493486,-0.21789306295281313,-0.24388355352455382,0.134018910649122,0.0194271256064567,0.07507406645343609,other
Pycard,0.19274736466504488,-0.09937105201941326,-0.08259666255411602,0.36252239652397006,0.0026556990473244895,0.05819357855504391,other
Slc8b1,0.19260631488461544,-0.11456389217685581,-0.0603847779365595,0.4875901368885495,0.006183281626511232,0.05819357855504391,other
Pkn1,0.19258249751845025,-0.09767300354384756,-0.07455257137467797,0.39136505632971796,0.013481568265476605,0.06644394176057601,other
Ccna2,0.19243586663912648,-0.14108316492621178,-0.08685489936168084,0.038042473709305503,0.007559810778662305,0.06063301066345349,other
Cd86,0.19236617676150924,-0.13169921907383392,-0.13498042950856604,0.3127936727209563,0.0016977516303800164,0.05819357855504391,other
Emilin1,0.1919712222517539,-0.08723595508416704,-0.029344370587361057,0.3361661729083728,0.00920502620895087,0.06294214301857694,other
Bak1,0.19183323829977694,-0.11828907946720935,-0.1494633307501435,0.18573678340425626,0.004085851125205444,0.05819357855504391,other
Def6,0.19159678732732188,-0.14483403841361442,-0.14454173777336476,0.3244799228146646,0.006183281626511232,0.05819357855504391,other
Pnpla2,0.19158126456263624,-0.03193460794220826,-0.20426853298225645,0.1292946818878357,0.04514062557215464,0.11588441421417252,other
Selplg,0.19102017169671215,-0.22892785988841702,-0.1540157120371657,0.329701438813981,0.013481568265476605,0.06644394176057601,other
Rbpj,0.1906580226887351,-0.1207463458079967,-0.1404526913270865,0.3050857205314892,0.0021277894149469047,0.05819357855504391,other
Fhod1,0.18864665833227268,-0.057900081082245314,-0.15807928917388503,0.427667024705918,0.0021277894149469047,0.05819357855504391,other
Stat6,0.18839045406722832,-0.04751406080087772,-0.07630076271299313,0.47764439212794674,0.006183281626511232,0.05819357855504391,other
Ptpn2,0.18796128924552402,-0.07665829693868165,-0.08015247467639519,0.12158672969836855,0.0050366811503910055,0.05819357855504391,other
Irf9,0.18786484801331782,-0.18761184885200777,-0.33877713382120955,-0.02163199485431097,0.05279870698063471,0.12722069169023034,other
Bax,0.186123491530789,-0.09182033221995578,-0.04232211915040085,0.35207936452533717,0.05279870698063471,0.12722069169023034,other
Tnfrsf4,0.1860431171135029,-0.22398116684180386,-0.22145034382468642,0.1720613843584275,0.04514062557215464,0.11588441421417252,other
Ctsl,0.1859572151215485,0.05712918828286773,0.21533533571850194,0.6952075587661318,0.1816927632278722,0.29053755022739064,other
Ccl12,0.18560769443085412,0.013729653031692601,-0.19863737426374906,-0.05420430894528496,0.14180099264371332,0.24321683371741143,other
Ifnar2,0.1852839245941006,-0.10663408279266351,-0.037988829291182524,0.43164532261015914,0.000841099845223462,0.05819357855504391,other
Casp4,0.18522666474839444,-0.06380701412390832,-0.17830633784963107,0.14893752779002611,0.00920502620895087,0.06294214301857694,other
Herc6,0.18418090890956185,-0.12100153794362978,-0.41810702287036206,-0.03356688856703426,0.04514062557215464,0.11588441421417252,other
B4galnt1,0.18403510218045738,-0.16731252320464796,-0.1576520853239478,0.22974670396992344,0.0162163284475037,0.07051960052064482,other
Cd40,0.18329940206078366,-0.15589602128140156,-0.2732699943180691,0.09796558589193705,0.00920502620895087,0.06294214301857694,other
Pkm,0.18194395749612724,-0.0960368163907086,-0.12920086959786747,-0.2580920765376412,0.05279870698063471,0.12722069169023034,other
Ly75,0.18131296300418437,-0.2052043216497389,-0.19629252829455623,0.22974670396992344,0.023180056414889752,0.08120979929419823,other
Arg2,0.1811608457179236,-0.05528874709747503,-0.2666550534518126,0.15018074588510144,0.0050366811503910055,0.05819357855504391,other
Dock8,0.18098155738642407,-0.16337568703927063,-0.05774959964347226,0.4289102428009934,0.01116262730740973,0.06326729099455225,other
Spn,0.18074796426923945,-0.20117700500899707,-0.2182414341264004,0.16211563959782477,0.0194271256064567,0.07507406645343609,other
Hpse,0.18066302109462062,0.020694688705347686,0.3192242643140324,0.7223097132387744,0.1816927632278722,0.29053755022739064,other
Myo1c,0.18047892128209497,0.028487917032015142,-0.08579110912142096,0.4580015462257564,0.0162163284475037,0.07051960052064482,other
Tubb2b,0.18021076113257273,-0.22874308900338125,-0.18305231545765577,-0.34213361976473444,0.14180099264371332,0.24321683371741143,other
Gbp2b,0.18014585566309513,-0.09707729687503404,-0.36541166435517425,0.05420430894528496,0.05279870698063471,0.12722069169023034,other
Slc16a1,0.18001199490855213,-0.09288074832972337,0.1579821712916294,0.3448686995739002,0.03260630478301721,0.09515146493030366,other
Rab7,0.17975626094458397,-0.0966241991986978,-0.007905347248439831,0.1979203207359946,0.12456406214237814,0.2225573663706728,other
Il1a,0.17804093190448048,-0.08650479287285728,-0.2597719376515318,0.10492760722435895,0.0026556990473244895,0.05819357855504391,other
Cxcr6,0.17773752248490332,-0.13635508660151374,-0.21022311792408532,0.13725127769631787,0.0162163284475037,0.07051960052064482,other
Map3k14,0.17733317363549883,-0.11441420908384758,-0.12959944118958067,0.25660021482355083,0.0033008726972586534,0.05819357855504391,other
Pdia3,0.1770578379346257,-0.06976736355617463,-0.0007257933731685817,0.29563726300891663,0.06151359999604334,0.1395822391369293,other
Ccr2,0.1768716404727469,-0.09037096392862118,-0.2974320228982185,0.038291117328320565,0.007559810778662305,0.06063301066345349,other
Ptgs2,0.17614152820441437,0.08925696501547953,-0.3708791206737072,-0.10890590512860006,0.3165025922557979,0.43481813172551176,other
Runx3,0.17519538204932453,-0.11477197333566849,-0.16074994219396832,0.1877259323563768,0.0050366811503910055,0.05819357855504391,other
Jak2,0.17487875505801287,-0.1341700751210253,-0.29760834705322403,-0.07981460170383703,0.027547148107414817,0.08793366864575906,other
Dusp5,0.17430739672730736,-0.10129823571378224,-0.12686509286169184,-0.0017405053331054805,0.006183281626511232,0.05819357855504391,other
Txnip,0.17424500572186696,0.14928775543256156,-0.049892694673164595,0.6245927709658524,0.10900678981544218,0.20241850558739374,other
Mknk2,0.17406594528610486,-0.1313765954434396,-0.1066813650507592,0.4639689930821181,0.023180056414889752,0.08120979929419823,other
Batf,0.17406280315929196,-0.13645292726999791,-0.17607658605169063,0.23347635825514945,0.013481568265476605,0.06644394176057601,other
Cebpa,0.17363688507075936,-0.09035873172914743,0.11948577455281306,0.579588275924125,0.007559810778662305,0.06063301066345349,other
Csf1r,0.17350628996182138,-0.30805559287167394,-0.22919469804946058,0.38639218394941666,0.10900678981544218,0.20241850558739374,other
Dab2,0.1731824118906342,0.16440348806286365,-0.05448898019641768,0.3401444708126139,0.03260630478301721,0.09515146493030366,other
S1pr2,0.1722846173630026,-0.05227802103407975,-0.005328421969836961,0.5415458022148194,0.0050366811503910055,0.05819357855504391,other
Fstl1,0.17145381754806355,-0.07689906163163185,-0.30043683855890446,-0.26754053406021383,0.20451844490430449,0.3170968350932697,other
Cd3e,0.17087876662065005,-0.22155287627696646,-0.17723123251918693,0.2968804811039919,0.0194271256064567,0.07507406645343609,other
Cmtm6,0.17047302586880897,-0.11692391775496991,-0.08086382648110146,0.3214961993864837,0.0026556990473244895,0.05819357855504391,other
Igf2r,0.1702872376346034,-0.05017036130106722,0.05828537837256975,0.4719255888906002,0.0010674246179843178,0.05819357855504391,other
Aim2,0.17014740063902573,-0.14841907501808177,-0.13359390342028143,0.3466092049070057,0.01116262730740973,0.06326729099455225,other
Sra1,0.16982288966955428,-0.07621904859450068,-0.07115885262335797,0.08876577198837951,0.007559810778662305,0.06063301066345349,other
Bach1,0.1697446593209715,-0.04106506703028234,-0.07761232552030184,0.4028026628044112,0.0016977516303800164,0.05819357855504391,other
Nfil3,0.16953654854066424,-0.02841015883428949,-0.24652026519470416,0.05345837808823975,0.0162163284475037,0.07051960052064482,other
Il21r,0.16897153447896873,-0.2292843150511426,-0.16655722027635633,0.31677197062519746,0.05279870698063471,0.12722069169023034,other
Nuak2,0.16880509083221862,-0.08621686420782454,-0.10828599541448575,0.2533678477763549,0.0050366811503910055,0.05819357855504391,other
Tgfbr2,0.16874726953974717,-0.1416935250606668,0.03647753636216566,0.5504969724993619,0.0194271256064567,0.07507406645343609,other
Il12rb1,0.1687277354513458,-0.05874729922310526,-0.2817534265485847,0.018648271426130146,0.03260630478301721,0.09515146493030366,other
Sept9,0.16869102576559913,-0.1055527819908908,-0.06362382657553844,0.40877010966077276,0.0050366811503910055,0.05819357855504391,other
Glmp,0.1680480516400864,-0.09317088684529229,0.15613605001538144,0.5425403766908797,0.027547148107414817,0.08793366864575906,other
Gusb,0.16774199997926553,-0.02551345766207258,0.147724770797645,0.5930150313509387,0.0026556990473244895,0.05819357855504391,other
Zyx,0.1675615002334594,-0.10132227865656473,-0.2605222935799749,-0.2250224752086371,0.023180056414889752,0.08120979929419823,other
Cd24a,0.16697346411377045,-0.07016568664988665,-0.038064530619380976,-0.1141274211279165,0.03260630478301721,0.09515146493030366,other
Tnfsf13,0.1667713082449327,0.03521688008318402,0.15000117922458922,0.6323007231553195,0.05279870698063471,0.12722069169023034,other
Jun,0.16667086407229803,0.035322997392484456,0.06294852610730572,0.23670872530234535,0.12456406214237814,0.2225573663706728,other
Mmp25,0.16664701877985386,-0.1469406752299714,-0.28310756970060924,-0.10393303274829868,0.027547148107414817,0.08793366864575906,other
Siglec1,0.1658976330448354,-0.02018431966929546,0.19981736598684097,0.6599001648659921,0.04514062557215464,0.11588441421417252,other
C1qtnf5,0.16585134822281533,0.01140242854058593,0.029156221579152986,0.5855557227804866,0.00920502620895087,0.06294214301857694,other
Arap1,0.16569815297020019,-0.0800674599005593,-0.015372102951569877,0.5042492593625593,0.00920502620895087,0.06294214301857694,other
Myc,0.16519610365154802,-0.057681484894933854,-0.09958422532474931,0.18971508130849737,0.013481568265476605,0.06644394176057601,other
Slc31a1,0.1651861609527978,-0.1007555610318005,-0.2073817902120414,0.10418167636731375,0.038441132178322214,0.10446894791775259,other
Lck,0.16510890012401058,-0.2540877709913527,-0.21287562073708044,0.23670872530234535,0.06151359999604334,0.1395822391369293,other
Tln1,0.16482162392918775,-0.005722934306072069,-0.053142890385723396,0.49206572203082083,0.00920502620895087,0.06294214301857694,other
Rbms1,0.16441056063042425,0.031025066330370166,-0.1414894161136966,0.23297907101711934,0.0162163284475037,0.07051960052064482,other
Lasp1,0.16402460179594214,-0.05550343386819323,0.009321510555841739,0.5074816264097551,0.013481568265476605,0.06644394176057601,other
Pik3cg,0.16382576922434056,-0.06519144677166477,-0.10541345384340484,0.4483044450841688,0.013481568265476605,0.06644394176057601,other
Pip5k1c,0.16358771778896086,-0.16753303618901016,-0.13117262403490826,0.039037048185365776,0.0162163284475037,0.07051960052064482,other
Malt1,0.16349053612351366,-0.15644031867173552,-0.18137351841599958,0.24043837958757136,0.00920502620895087,0.06294214301857694,other
Trpm2,0.16299115243916473,-0.11719873589020446,-0.16375105164671155,0.23173585292204396,0.00920502620895087,0.06294214301857694,other
Nt5e,0.16286773528990084,-0.0492717754985334,-0.2585050809024224,-0.0768308782756562,0.05279870698063471,0.12722069169023034,other
Sec61a1,0.16265986586657188,-0.0038242510290826814,-0.08645326239194073,0.25784343291862616,0.027547148107414817,0.08793366864575906,other
Dnmt1,0.16236438060909397,-0.06210485738149396,-0.04495458928313467,0.14247279369563431,0.06151359999604334,0.1395822391369293,other
Plp2,0.16226957520404828,-0.033443009400012325,-0.06327531245108009,0.2829564384391481,0.01116262730740973,0.06326729099455225,other
Plod3,0.16154289061484173,-0.0489464948399605,-0.07054751231334744,0.32348534833860426,0.023180056414889752,0.08120979929419823,other
Plk3,0.1614691691711999,-0.07176486348885958,-0.058615302845922646,0.19468795368879874,0.0033008726972586534,0.05819357855504391,other
Tec,0.1611873677439739,-0.11109187017010869,0.07508460675529727,0.5703884620205675,0.004085851125205444,0.05819357855504391,other
Arhgef1,0.16061485807730813,-0.12535767958433008,-0.11515988679510758,0.3993216521382002,0.00920502620895087,0.06294214301857694,other
Ccl1,0.1605168183057526,-0.15691958966882139,-0.29074691148413123,0.12457045312654938,0.06151359999604334,0.1395822391369293,other
Casp1,0.1605085659716481,-0.09011138669790536,-0.16930593997855492,0.28668609272437406,0.006183281626511232,0.05819357855504391,other
Saa2,0.15943052856493117,-0.006714209384942445,-0.11379480624741904,-0.0895117028454247,0.07138703353443834,0.153066522933657,other
Fam129a,0.15914793469438593,-0.09115474277284452,-0.1188824538158264,0.41473755651713445,0.0013489988246948774,0.05819357855504391,other
Fli1,0.1584294459232768,-0.05256452778771048,-0.060558372666102755,0.47466066869976603,0.004085851125205444,0.05819357855504391,other
Naaa,0.15838906650381634,-0.038163230136610826,-0.19973111192763215,0.25137869882423436,0.027547148107414817,0.08793366864575906,other
Klk6,0.15739028382529519,-0.06748625491573268,0.1289953425865198,0.409267396898803,0.027547148107414817,0.08793366864575906,other
Il2ra,0.15724616461656565,-0.1811760305955986,-0.13726079762401144,0.17778018759577408,0.027547148107414817,0.08793366864575906,other
Tlr9,0.15678120143986207,-0.29502953203712456,-0.09831864302169802,0.44283428546583725,0.06151359999604334,0.1395822391369293,other
Nfe2l2,0.1563483346552088,-0.09759922884766126,-0.05897313588101305,0.5017628231724085,0.01116262730740973,0.06326729099455225,other
Tent5c,0.15609809650703976,-0.11189556717224525,0.3535834158819995,0.735736468665588,0.05279870698063471,0.12722069169023034,other
Bcl2l11,0.15570050458341111,-0.06077781959785167,-0.034825364707489315,0.485352344317414,0.007559810778662305,0.06063301066345349,other
Hhex,0.15546985855349466,-0.1644683579631946,-0.06368490159008267,0.44233699822780714,0.004085851125205444,0.05819357855504391,other
Olr1,0.15479764362666226,-0.03645187522943914,-0.13781446637255224,0.04077755351847126,0.0162163284475037,0.07051960052064482,other
Cd3g,0.1547382467476901,-0.24053018211025703,-0.2048409677353668,0.22875212949386314,0.05279870698063471,0.12722069169023034,other
Nfkb1,0.15441741367570394,-0.11745619346731528,-0.19528982853423793,0.2511300552052193,0.023180056414889752,0.08120979929419823,other
Psen2,0.15437722425585398,-0.05384167405895479,-0.038740451073332016,0.496292663554077,0.006183281626511232,0.05819357855504391,other
Ptgs1,0.15422957271357252,-0.1066609455219969,-0.03533987787036574,0.5052438338386195,0.0194271256064567,0.07507406645343609,other
Irak2,0.1538417007146139,-0.023166814336428865,-0.0658663712251174,0.3831598169022208,0.00920502620895087,0.06294214301857694,other
Mlkl,0.1532140677567477,-0.040233346840440276,-0.2515787995864935,0.07981460170383703,0.038441132178322214,0.10446894791775259,other
Apod,0.15256625374796462,0.1322054650465736,0.029998638847973602,0.6439869732490279,0.12456406214237814,0.2225573663706728,other
Havcr2,0.15229760657565328,-0.057738567970133325,0.0034243523039803048,0.5858043663995016,0.0033008726972586534,0.05819357855504391,other
Bub1b,0.15200838354588225,-0.09113252038913973,-0.11229337129283029,0.10716539979549458,0.01116262730740973,0.06326729099455225,other
Pfkl,0.15063715477956952,-0.08270025186317409,0.02332930323348248,0.532345988311262,0.06151359999604334,0.1395822391369293,other
Igkc,0.1503150134834279,-0.2475730161106906,1.3799609530733443,0.8356912035096457,0.5478383165397469,0.6526210305159386,other
Prph,0.14999575646829416,-0.16223127713626181,-0.24133561731189956,-0.4557637536546208,0.25628023724432436,0.37159905917660563,other
Cish,0.14995878039042548,-0.06640993400751308,-0.19587696695141027,0.05594481427839044,0.027547148107414817,0.08793366864575906,other
Casp3,0.14992122709526534,-0.13446065597259116,-0.10835100521368579,0.26704324682218367,0.006183281626511232,0.05819357855504391,other
Myo1e,0.14987598949831193,-0.08830416134191443,0.11579695369608123,0.31851247595830295,0.06151359999604334,0.1395822391369293,other
Serping1,0.14984426147604468,0.12399540746190274,0.08025116343590799,0.6892401119097703,0.0194271256064567,0.07507406645343609,other
Ly86,0.14960279999915804,-0.06943729141609378,0.05890235275737732,0.49355758374491115,0.023180056414889752,0.08120979929419823,other
Pon3,0.14931267297027873,-0.05869184187486065,0.19753503010316054,0.6758133564829566,0.027547148107414817,0.08793366864575906,other
Hcar2,0.14897453176725794,-0.013055391420600637,-0.1211561414608956,0.15216989483722201,0.038441132178322214,0.10446894791775259,other
Coro1c,0.14857703459654337,0.0038072748017572433,0.007007782667354245,0.5654155896402661,0.027547148107414817,0.08793366864575906,other
Ifi209,0.14830462165023062,-0.18222938670337463,-0.276047804362442,0.0037296542852260296,0.023180056414889752,0.08120979929419823,other
Dbnl,0.1482389375026707,-0.12728081206570319,-0.11417410749104584,0.09224678265459046,0.013481568265476605,0.06644394176057601,other
Itgae,0.14820034882836453,-0.26753802922384884,-0.01007128082282499,0.4010621574713057,0.05279870698063471,0.12722069169023034,other
Plxnb2,0.14765052566903547,-0.05098589255022601,0.1327140156854112,0.6285710688700935,0.007559810778662305,0.06063301066345349,other
P2rx4,0.14746657059917267,-0.024411668860368163,0.11653956466248339,0.5902799515417728,0.14180099264371332,0.24321683371741143,other
Ltbr,0.14735045548878534,-0.024429272659120427,-0.09827709012325536,0.2478976881580234,0.0033008726972586534,0.05819357855504391,other
Fos,0.1469446837506786,0.16008630424611892,-0.17580202123722033,0.1409809319815439,0.10900678981544218,0.20241850558739374,other
Rhoa,0.14691269281149033,-0.04502930888583512,-0.0789135240010772,0.333182449480192,0.06151359999604334,0.1395822391369293,other
Gpr35,0.14679626446714028,-0.06813123096840185,-0.09436412682608478,0.14769430969495073,0.0010674246179843178,0.05819357855504391,other
Dhx58,0.1463433639414788,-0.12544504415418423,-0.2831124838871984,-0.012183537331738364,0.03260630478301721,0.09515146493030366,other
Plcb2,0.14586681485734088,-0.16256048663319606,-0.03366231447863566,0.43885598756159616,0.00920502620895087,0.06294214301857694,other
Fam20c,0.14571928633384412,-0.022828535134739036,0.23718532542050585,0.6136524517291894,0.1816927632278722,0.29053755022739064,other
Ifit3,0.14569381806373427,-0.11534868375253271,-0.4483073350941429,-0.30185335348429326,0.42293676385905665,0.5393501081112619,other
Tcf7,0.14563971264044429,-0.1528326356830252,-0.15804201653251093,0.32870686433792073,0.05279870698063471,0.12722069169023034,other
Syncrip,0.14408813814430088,-0.13676530129150755,-0.04046345482083891,-0.05196651637414934,0.0194271256064567,0.07507406645343609,other
Thbs2,0.1437425688054843,0.14935129473948372,0.21845450503945107,0.717585484477488,0.038441132178322214,0.10446894791775259,other
Vsir,0.14362788839784035,-0.09957775470256203,0.054648077679023244,0.5490051107852715,0.12456406214237814,0.2225573663706728,other
Pml,0.1435532105850862,-0.14277743303763857,-0.185249902232266,0.11487335198496172,0.027547148107414817,0.08793366864575906,other
Stom,0.14354033502149433,0.01685252536050519,0.09739428962045071,0.590528595160788,0.01116262730740973,0.06326729099455225,other
Serpina3f,0.14331384723722645,-0.07182100029467013,-0.25248475455186253,0.13426755426813705,0.1816927632278722,0.29053755022739064,other
Adamts5,0.14312291329554672,0.026892609688697777,-0.05072603513916507,-0.01442132990287398,0.038441132178322214,0.10446894791775259,other
Adgrg5,0.14300122983373942,-0.13934816854710202,-0.16328406252131822,0.14446194264775486,0.0162163284475037,0.07051960052064482,other
Btk,0.14298091350089615,-0.14441477918238643,-0.03199401926479539,0.43438040241932485,0.03260630478301721,0.09515146493030366,other
Ltb4r1,0.1423099356804531,-0.019701687830341957,-0.18638818487513004,0.06365276646785757,0.0033008726972586534,0.05819357855504391,other
Cd9,0.14230107307051165,0.03188809043416185,0.17191267739616212,0.5089734881238455,0.22936158549541563,0.3421975570670124,other
Mta2,0.14166068260540055,-0.03668033962379602,-0.07828688471956591,0.4448234344179578,0.0010674246179843178,0.05819357855504391,other
Lrp1,0.1414678172068089,0.1416203817084214,0.18359504728001808,0.6932184098140114,0.0950279527318241,0.1838913455557795,other
Ddx21,0.1404591354617022,-0.07141465067494812,-0.112539930549453,0.11437606474693157,0.013481568265476605,0.06644394176057601,other
Hexa,0.14041161976684657,-0.04374064110975695,0.4905075229289555,0.7078883833359003,0.1816927632278722,0.29053755022739064,other
Snx5,0.14006330542460033,-0.12104361426627142,0.1331252668369438,0.6064417867777524,0.08252326938191985,0.1680443900667358,other
Rel,0.14005874901461324,-0.13727631015698244,-0.1368094603005593,0.23670872530234535,0.013481568265476605,0.06644394176057601,other
Rhoc,0.13954358707155223,0.025435626947839296,0.013858741640614625,0.39086776909168786,0.038441132178322214,0.10446894791775259,other
Trim21,0.13952421857377373,-0.06193813168601564,-0.2634655455411589,0.019145558664160282,0.01116262730740973,0.06326729099455225,other
Cnr2,0.13907554232937763,-0.10385492083025838,-0.056743415240053274,0.4587474770828016,0.00920502620895087,0.06294214301857694,other
Fam49b,0.13897759759117267,-0.0901710114638532,-0.2183478811326094,0.07011750056224936,0.023180056414889752,0.08120979929419823,other
Cenpa,0.1389257306892856,-0.0977427002694759,-0.07485732743895712,0.11363013388988635,0.00920502620895087,0.06294214301857694,other
Rab20,0.13869530274646283,-0.08055247803105978,-0.0890607797990115,0.30956130567376045,0.01116262730740973,0.06326729099455225,other
Stra6l,0.13865946244580557,0.01425007305439166,0.16385270914584432,0.6840185959104538,0.01116262730740973,0.06326729099455225,other
Foxp4,0.13815990916928533,-0.07703836035560863,-0.25802907388711005,0.25709750206158094,0.04514062557215464,0.11588441421417252,other
Ramp3,0.13758609122906734,-0.03244079544917555,-0.29215495029681177,-0.2528705605383248,0.20451844490430449,0.3170968350932697,other
Cln6,0.1371539476331517,-0.05082219178701897,0.004206340462852065,0.5263785414549003,0.0050366811503910055,0.05819357855504391,other
Irf4,0.13700592526421151,-0.19086349450259138,0.055624093531767116,0.4689418654624194,0.0162163284475037,0.07051960052064482,other
Rab8b,0.13671833086943586,-0.09799194930853383,-0.10062755142965607,0.1394890702674535,0.0033008726972586534,0.05819357855504391,other
Rab43,0.13604352444623924,-0.08914365322906703,-0.12038708831023182,0.39260827442479335,0.013481568265476605,0.06644394176057601,other
Atp2a3,0.1360095388000776,-0.24704707058968878,0.04396300961021904,0.5211570254555837,0.12456406214237814,0.2225573663706728,other
Ripk3,0.13578763044013217,-0.06301537172263416,-0.1375426534380822,0.17753154397675902,0.0050366811503910055,0.05819357855504391,other
Cxcl1,0.1351255739681715,-0.016938886916894463,-0.15009990565523862,-0.10443031998632882,0.0194271256064567,0.07507406645343609,other
Gm2a,0.13494983351551904,-0.23113058218069193,-0.011268007416571635,0.4067809607086523,0.12456406214237814,0.2225573663706728,other
Pdpn,0.13494746279640357,0.06928914971901157,0.11276416920745813,0.5330919191683071,0.027547148107414817,0.08793366864575906,other
Ctla4,0.1349410005940913,-0.14328667457545505,-0.17329550404952174,0.18349899083312063,0.01116262730740973,0.06326729099455225,other
Ikbkb,0.13469852842838792,-0.07524996926193883,-0.1030644929467115,0.35332258262041255,0.0021277894149469047,0.05819357855504391,other
Saa1,0.1344898602241933,0.007961445142981007,-0.13098524734340036,-0.14719702245692062,0.038441132178322214,0.10446894791775259,other
Man2b2,0.13410228857383566,-0.10908891083134598,0.14929508685459014,0.6066904303967674,0.06151359999604334,0.1395822391369293,other
Lamtor3,0.13401262817166537,-0.11747884927841368,-0.04291443815375395,0.0037296542852260296,0.12456406214237814,0.2225573663706728,other
Sptlc2,0.13400352769440738,-0.033410858185419556,-0.09553130302586599,-0.01243218095075343,0.0162163284475037,0.07051960052064482,other
Rab29,0.1339178590730291,-0.07743808416082709,0.03137998957005872,0.528864977645051,0.004085851125205444,0.05819357855504391,other
Spon1,0.13310642593597066,0.09239253207322262,0.040181579435243364,0.5452754565000455,0.013481568265476605,0.06644394176057601,other
Chd4,0.1328677055078722,-0.10996216985403873,-0.04320676108129895,0.09075492094050004,0.06151359999604334,0.1395822391369293,other
Osmr,0.13238491178498935,0.21749339248528554,0.0560940048629095,0.36252239652397006,0.08252326938191985,0.1680443900667358,ratchet_cumulative
Lmna,0.13184693750630028,0.08041275923247526,-0.07558694377540953,0.16683986835911105,0.5042736753035878,0.6149414338330388,other
Cbl,0.1318270164178501,-0.09355213266042983,-0.08874311979517224,0.32199348662451394,0.03260630478301721,0.09515146493030366,other
Espl1,0.1317156330049123,-0.08102645712606324,-0.09438556814349908,0.2212928209234111,0.0050366811503910055,0.05819357855504391,other
Ncstn,0.13153191427296895,-0.015758289721108598,-0.0039488194973258395,0.5681506694494318,0.004085851125205444,0.05819357855504391,other
Tlr4,0.1309896149833819,-0.030867132625356675,-0.14482475540904016,0.1996608260691001,0.0194271256064567,0.07507406645343609,other
Kif20a,0.13092907661863962,-0.0866893505088278,-0.0715765143620267,0.02710215447264248,0.013481568265476605,0.06644394176057601,other
Trem2,0.13043636691074978,-0.05370505938133263,0.5459029602643464,0.7459308570452059,0.4626083472826239,0.5766777075974254,other
Cd34,0.13037694648334364,-0.07354686814912581,-0.04660692980333048,-0.01815098418810001,0.027547148107414817,0.08793366864575906,other
Fas,0.12955750396458954,-0.005270326251914259,-0.12260979191965804,0.13327297979207678,0.0162163284475037,0.07051960052064482,other
Eif2ak2,0.12943390448423064,-0.10739828055712297,-0.27546797505568965,-0.011437606474693158,0.03260630478301721,0.09515146493030366,other
Cflar,0.12929832052093726,0.0015066509163488284,-0.10474653031040881,0.34039311443162895,0.006183281626511232,0.05819357855504391,other
Tnfrsf13b,0.1292931223857387,-0.15597238449158438,-0.042813198259896545,0.40727824794668244,0.01116262730740973,0.06326729099455225,other
Knstrn,0.12928908246257867,-0.0885113175592413,-0.04860601876376747,0.119597580746248,0.013481568265476605,0.06644394176057601,other
Map3k1,0.12923067333724925,-0.07243423295688367,-0.019582232804404964,0.492811652887866,0.0194271256064567,0.07507406645343609,other
Marcks,0.12891436410747192,-0.20794807343395583,0.03438866428343301,0.5216543126936141,0.06151359999604334,0.1395822391369293,other
Stk4,0.12879510478203737,-0.1276229038780522,-0.12329882780127799,0.2516273424432494,0.00920502620895087,0.06294214301857694,other
Calu,0.12816967558504966,-0.016359578054960355,-0.03738396028932289,0.27226476282150014,0.0194271256064567,0.07507406645343609,other
Sfrp1,0.12807270498137968,-0.07032357876610296,0.120315705808689,0.43164532261015914,0.004085851125205444,0.05819357855504391,other
Actr2,0.12771414269759518,-0.08569355340412788,-0.07418618122407228,0.29787505558005223,0.0050366811503910055,0.05819357855504391,other
Cyb5r3,0.12758439192308324,0.09216079965077228,0.011058389548796344,0.5390593660246689,0.027547148107414817,0.08793366864575906,other
Nes,0.12749002473738935,0.03453044922893056,-0.09605650943058108,0.16037513426471928,0.03260630478301721,0.09515146493030366,other
Pdcd1lg2,0.12694750949142503,-0.09814735710834932,-0.13146612786712725,0.1578886980745686,0.01116262730740973,0.06326729099455225,other
Cdc20,0.12685999640129988,-0.08058693695178022,-0.06879377528989222,0.08926305922640965,0.0162163284475037,0.07051960052064482,other
Tnfrsf11a,0.12684139611498113,-0.025065874795632603,-0.01946145305844038,0.4642176367011332,0.0050366811503910055,0.05819357855504391,other
Atp7a,0.12674762448672072,-0.032202615260270684,-0.032487678306440504,0.37943016261699475,0.006183281626511232,0.05819357855504391,other
Fadd,0.1264918147259333,-0.04760939800276898,0.042599657168029825,0.4080241788037276,0.0194271256064567,0.07507406645343609,other
Cd244a,0.12626662178916714,-0.018417820344089675,0.00889568852277628,0.2662973159651385,0.0016977516303800164,0.05819357855504391,other
Uhrf1,0.12583813049269307,-0.0853789727278283,-0.09844429454501519,0.12084079884132337,0.06151359999604334,0.1395822391369293,other
Csf1,0.12507367364877942,-0.0011558639994841968,-0.05119126978337274,0.21035250168674804,0.006183281626511232,0.05819357855504391,other
Frrs1,0.12432304088322882,-0.055830367582329954,-0.00812667221796659,0.49703859441112214,0.0010674246179843178,0.05819357855504391,other
Ahr,0.12358379878833958,-0.03454649812385435,-0.053215721041730224,0.1981689643550097,0.038441132178322214,0.10446894791775259,other
Col20a1,0.12342544295475288,-0.27446047421813247,-0.10175451584382922,0.35779816776268375,0.10900678981544218,0.20241850558739374,other
Jak1,0.12290184331395881,-0.06680327161683985,-0.13546879233360287,-0.15241853845623707,0.013481568265476605,0.06644394176057601,other
Gpr65,0.12285339805866541,-0.07688793731044832,-0.04267394636379468,0.49256300926885094,0.0033008726972586534,0.05819357855504391,other
Marcksl1,0.12263738557071147,-0.07209529514165469,-0.10472880833055731,0.09846287312996718,0.038441132178322214,0.10446894791775259,other
Rest,0.12241735213406513,-0.09767969224549328,-0.1471840944523477,0.14446194264775486,0.0162163284475037,0.07051960052064482,other
Fpr1,0.12241705120787308,-0.033578504573654175,-0.3432135510367571,0.052712447231194545,0.25628023724432436,0.37159905917660563,other
Acsl4,0.12225858202737472,-0.07342056903052585,-0.1679917702634326,-0.13153247445897132,0.06151359999604334,0.1395822391369293,other
Cd22,0.12135659703921053,-0.1662880142275055,0.2894033390811249,0.6603974521040222,0.1816927632278722,0.29053755022739064,other
Cd247,0.12083425727540278,-0.15285807220543451,-0.1624213627662352,0.15391040017032748,0.023180056414889752,0.08120979929419823,other
Osm,0.12049086726476113,-0.02791454886626453,-0.06936946692115728,0.2257684060656823,0.00920502620895087,0.06294214301857694,other
Stat5a,0.12005083615276457,-0.07154519356035954,-0.08982744428006134,0.24043837958757136,0.006183281626511232,0.05819357855504391,other
Rassf5,0.12001266744354377,-0.13591758364245488,-0.14940022820016363,0.1275541765547302,0.013481568265476605,0.06644394176057601,other
Ifi27,0.11978346247791571,-0.2564168502665646,-0.09636769822400071,0.15639683636047816,0.22936158549541563,0.3421975570670124,other
Dusp1,0.11971963439818711,0.09414572301743696,-0.1378011311076217,0.07310122399043018,0.8412192411771064,0.8871323856200991,other
Gpr183,0.11916234852751428,-0.00713708755818504,0.042245936885899504,0.4798821846990825,0.004085851125205444,0.05819357855504391,other
Brpf1,0.11910463929234405,-0.016805786829269476,-0.14156395668915978,0.24839497539605354,0.013481568265476605,0.06644394176057601,other
Capn1,0.11799312926036365,-0.020545823165013632,-0.0963200215415122,0.38813268928252215,0.01116262730740973,0.06326729099455225,other
Rbp1,0.11788581380236818,0.01472994512830983,0.09852640949263547,0.6238468401088072,0.20451844490430449,0.3170968350932697,other
Daxx,0.1178218083896947,-0.03044337396771929,-0.13758640174875186,0.039037048185365776,0.0194271256064567,0.07507406645343609,other
Rhoj,0.11753172378799992,0.16965477387006922,-0.02081032637176694,0.24541125196787275,0.0950279527318241,0.1838913455557795,other
Ndst2,0.11753061008903631,-0.013423453567666499,-0.07222268967209255,0.48659556241248925,0.0026556990473244895,0.05819357855504391,other
Rnase4,0.11731785149914464,0.06483688469536752,0.2412073275993687,0.7601035433290648,0.07138703353443834,0.153066522933657,other
Kpna2,0.11716312437848886,-0.10067247424110681,-0.06826655523419262,-0.18896915045145216,0.0194271256064567,0.07507406645343609,other
Pcna,0.11681782057197065,-0.06669959778963508,0.011493469561665526,0.15291582569426718,0.038441132178322214,0.10446894791775259,other
Tsc22d4,0.11643055544407921,-0.06175563676562068,-0.030448413936267738,0.12979196912586582,0.038441132178322214,0.10446894791775259,other
Vat1,0.11544331807311536,0.03187710687479428,0.3067632225586594,0.7282771600951359,0.22936158549541563,0.3421975570670124,other
Rflna,0.11457356271130453,0.01576308523964204,0.13092076331318958,0.764081841233306,0.0016977516303800164,0.05819357855504391,other
Prpf31,0.11421190220603539,-0.03896149029163809,-0.0936072872368926,-0.042766702470591805,0.023180056414889752,0.08120979929419823,other
Topbp1,0.11374340740248257,-0.07797614942979603,-0.0966736445030213,0.01442132990287398,0.0162163284475037,0.07051960052064482,other
Acp2,0.11368176312213385,-0.07793099411878512,-0.03828715957324191,0.48560098793642903,0.004085851125205444,0.05819357855504391,other
Usp18,0.11333848606910712,-0.18866458045601261,-0.3906661598098727,-0.12183537331738363,0.3165025922557979,0.43481813172551176,other
Slc9a3r1,0.11322222445101948,-0.08454836363794871,-0.12131628322318999,0.00721066495143699,0.10900678981544218,0.20241850558739374,other
Ncaph,0.11318085011868073,-0.08179664441427736,-0.053776689613063366,0.13899178302942333,0.007559810778662305,0.06063301066345349,other
Lamtor4,0.11301997284383414,-0.1010971216682941,-0.05415002421055881,0.20339048035432614,0.07138703353443834,0.153066522933657,other
Cd300a,0.1128822408241626,-0.05229611726318567,0.1517019562283503,0.6516949254384948,0.07138703353443834,0.153066522933657,other
Mmp3,0.11267253331432063,-0.02002414172277461,0.03980404733497786,0.19145558664160287,0.01116262730740973,0.06326729099455225,other
Pecam1,0.11266219965816138,-0.004925891180816766,-0.1787520006915888,-0.11114369769973569,0.14180099264371332,0.24321683371741143,other
Vdr,0.11262971291481808,-0.038568757711492596,-0.14523433697818866,0.10840861789056992,0.013481568265476605,0.06644394176057601,other
Gpr84,0.11238205725855133,-0.058742795125902095,-0.18957727591208923,-0.012929468188783568,0.01116262730740973,0.06326729099455225,other
Ch25h,0.11235851033724378,0.036899915161126506,-0.012885601245728462,0.20861199635364255,0.0050366811503910055,0.05819357855504391,other
Cdca8,0.11219514609046682,-0.07916848325523382,-0.04765258081316204,0.08752255389330416,0.006183281626511232,0.05819357855504391,other
Mllt6,0.11216831863212251,-0.04281851071173515,-0.11851584441842133,-0.224525187970607,0.023180056414889752,0.08120979929419823,other
Notch1,0.11209645572839033,-0.07155211088162616,-0.06249702048860839,0.032075026852943854,0.023180056414889752,0.08120979929419823,other
Lsr,0.11195989973737452,-0.015071297860507316,-0.23907620387780848,-0.2633135925369577,0.14180099264371332,0.24321683371741143,other
Hbegf,0.11188854100444456,0.0024850874799112743,0.02787019064149887,0.34561463043094537,0.006183281626511232,0.05819357855504391,other
Batf3,0.11182219730227694,-0.12378807357827709,-0.08877688252954474,0.278978140534907,0.0033008726972586534,0.05819357855504391,other
Iqgap2,0.11153879267745281,-0.05574252815213601,-0.04742454712840838,0.2986209864370974,0.013481568265476605,0.06644394176057601,other
Trim34a,0.111532820464188,-0.11665359194844793,-0.2466148242984505,0.1362567032202576,0.08252326938191985,0.1680443900667358,other
Bid,0.11134805954974764,-0.07159017575595578,-0.08955654622821618,0.34611191766897553,0.0026556990473244895,0.05819357855504391,other
Ece1,0.11128497393244308,0.0752329476028264,-0.17729653184109706,-0.34263090700276455,0.1816927632278722,0.29053755022739064,other
Ms4a7,0.11108229469630646,-0.015525224171525909,0.18683726143183643,0.7379742612367237,0.04514062557215464,0.11588441421417252,other
Izumo1r,0.11086825974507852,-0.20662279078825527,-0.09841344671505231,0.34287955062177966,0.038441132178322214,0.10446894791775259,other
Il6ra,0.1108265280852373,-0.0006151285048582311,-0.08738338514994104,0.4967899507921071,0.0950279527318241,0.1838913455557795,other
Cercam,0.11062280508710642,-0.0975689129519609,-0.1683212571071454,-0.1611210651217645,0.0162163284475037,0.07051960052064482,other
Stat4,0.11049260492410193,-0.10584466192904196,-0.1457816321976998,0.15987784702668914,0.0194271256064567,0.07507406645343609,other
Il18r1,0.11044817861514339,-0.10720203874179937,-0.11889065386803005,0.16957494816827678,0.0162163284475037,0.07051960052064482,other
Ehd4,0.11005788705954067,0.042409608064274185,0.06421796367370436,0.6255873454419126,0.10900678981544218,0.20241850558739374,other
Bcl6,0.10994969600201565,0.08400295084724219,0.04944672120291105,0.2369573689213604,0.10900678981544218,0.20241850558739374,other
Cd5,0.10990081203677013,-0.1249375958691207,-0.11062473916470555,0.33989582719359884,0.01116262730740973,0.06326729099455225,other
Limd1,0.10932566080179629,-0.11411779273167189,-0.05374116728784628,0.4463152961320482,0.0162163284475037,0.07051960052064482,other
Nfkbib,0.10929765983816542,-0.08153541432455536,-0.19537210754994394,-0.15341311293229734,0.06151359999604334,0.1395822391369293,other
Sept11,0.10895869249479939,0.007489784209002037,0.039324470536427736,0.3702303487134372,0.3165025922557979,0.43481813172551176,other
Ifih1,0.10870964516920156,-0.0839421189717155,-0.27855421907398825,0.017653696950069873,0.06151359999604334,0.1395822391369293,other
Tlr7,0.10840999548444391,-0.026781141578395284,0.07522008322623708,0.6111660155390386,0.038441132178322214,0.10446894791775259,other
Phb2,0.10800209112312942,-0.07426015753564519,-0.03952750560820251,0.26604867234612345,0.06151359999604334,0.1395822391369293,other
Tlr8,0.10772731339343036,0.002861830755561373,-0.030502919911498005,0.5330919191683071,0.00920502620895087,0.06294214301857694,other
Sphk1,0.10756211042004968,0.01943764939998044,-0.062099147559521894,0.32945279519496595,0.20451844490430449,0.3170968350932697,other
Cd80,0.10710448643185444,-0.09994386947744949,-0.13735919931018165,0.2083633527346275,0.01116262730740973,0.06326729099455225,other
Cdk2,0.10705880298328968,-0.06425500504535336,-0.04496354935533459,0.37221949766555773,0.0050366811503910055,0.05819357855504391,other
Slk,0.10697538414317442,-0.019576716857155008,-0.14997922778231398,-0.2441680338727974,0.0050366811503910055,0.05819357855504391,other
Shc1,0.10676934523375103,0.0029002488922325043,-0.07149908984846376,0.43040210451508376,0.0194271256064567,0.07507406645343609,other
Mbd2,0.10659760198056611,-0.03499029565948031,-0.14182336176349697,0.10492760722435895,0.06151359999604334,0.1395822391369293,other
Neu1,0.10644920990000406,-0.04727366066167482,-0.026438477389189474,0.30608029500754946,0.03260630478301721,0.09515146493030366,other
Mt2,0.10610931599077666,0.14399401630203368,0.08227238232031286,0.36898713061836186,0.34984355386886234,0.4674049157373145,other
Pxn,0.10608505691059505,-0.007572595391726333,-0.05223866169255187,0.2742539117736207,0.07138703353443834,0.153066522933657,other
Pla2g4a,0.1059533634420573,-0.04832981431183114,-0.16556828948555302,-0.19891489521205488,0.16081398497923238,0.2665947797787015,other
Sele,0.10584991887833663,0.006708936083150447,-0.17988295244929503,-0.15067803312313158,0.0162163284475037,0.07051960052064482,other
Vcam1,0.10558648087760059,0.06362679412745686,-0.10199673176607749,0.3679925561423016,0.07138703353443834,0.153066522933657,other
Cxcl13,0.10526362228639297,-0.317890327939313,0.24178388091389913,0.5771018397339743,0.4626083472826239,0.5766777075974254,other
Alox5,0.10500178446660957,0.0013457067646483467,-0.09748127036536147,0.22875212949386314,0.01116262730740973,0.06326729099455225,other
Piezo1,0.10491184680623672,-0.0033272752116553783,-0.017316568602200544,0.5298595521211112,0.0194271256064567,0.07507406645343609,other
Zap70,0.10483090939116654,-0.13307987277750807,-0.11385953258549258,0.20637420378250695,0.027547148107414817,0.08793366864575906,other
Plxnc1,0.1048213421886236,-0.08860423361588937,0.02335764917112626,0.3906191254726728,0.06151359999604334,0.1395822391369293,other
P2ry13,0.10459375413959027,-0.03973132062266649,-0.005482111380715304,0.5191678765034633,0.04514062557215464,0.11588441421417252,other
Vasp,0.1045044277374376,-0.06482128042048699,-0.10735906534729014,0.15291582569426718,0.006183281626511232,0.05819357855504391,other
Dusp6,0.10418125217624463,0.0420024626811526,-0.17599103462470733,0.3466092049070057,0.285318068487978,0.4017133500847849,other
Mylk,0.1036503454334523,0.02391506907507579,0.29054838151503337,0.6924724789569661,0.12456406214237814,0.2225573663706728,other
Kdm6b,0.10320893817904442,0.011116938406726451,-0.12397904612362232,-0.059923112182631535,0.3853315267895524,0.5025763534015615,other
Racgap1,0.10309808387540831,-0.08986953480599669,-0.028093530285207002,-0.23098992206499874,0.08252326938191985,0.1680443900667358,other
Dnm2,0.10300394438566762,-0.021693474466090823,-0.110828418656431,0.07434444208550552,0.023180056414889752,0.08120979929419823,other
E2f2,0.10286875163697792,-0.07625954027553164,-0.10438507273105041,0.19742303349796447,0.0050366811503910055,0.05819357855504391,other
Tbc1d22a,0.10279950071590227,-0.025712650079831256,0.07820731673177339,0.626581919917973,0.007559810778662305,0.06063301066345349,other
Twf2,0.10250295918784658,-0.09970660577061818,-0.08785684643431968,0.4157321309931947,0.01116262730740973,0.06326729099455225,other
Fgfr4,0.10235258696858296,-0.012136199763976424,0.004540533564439203,0.1663425811210809,0.1816927632278722,0.29053755022739064,other
Il1r1,0.10192364172817348,0.050185719009558594,-0.12844247114751006,0.10393303274829868,0.25628023724432436,0.37159905917660563,other
Arid3a,0.10171598843660007,-0.05991187875072007,-0.07710060070733515,0.33641481652738786,0.004085851125205444,0.05819357855504391,other
Plgrkt,0.10153048300438472,-0.038777251583028916,-0.013267479069811294,0.478390322984992,0.013481568265476605,0.06644394176057601,other
Lrrk1,0.10145543076484476,-0.03848223697923514,-0.09144647422946561,0.4754065995568112,0.01116262730740973,0.06326729099455225,other
Polr2a,0.10144071674031907,-0.09164411530016348,-0.016712136426272117,0.08006324532285211,0.05279870698063471,0.12722069169023034,other
Col7a1,0.1011684420069856,-0.11307216692683458,0.084233366666501,0.5785937014480647,0.0950279527318241,0.1838913455557795,other
Hgf,0.10055718879340317,0.023549809017017753,0.04689783630202565,0.6569164414378114,0.0013489988246948774,0.05819357855504391,other
Akt1,0.09992093109806022,-0.02068834198779479,-0.07176714428902597,0.36525747633313577,0.16081398497923238,0.2665947797787015,other
Rp2,0.09978416593159745,-0.0924735945422388,-0.0885695267952904,0.3570522369056386,0.06151359999604334,0.1395822391369293,other
Rab27a,0.0997771656693659,-0.06257133481903304,-0.137082446522517,0.10641946893844936,0.0162163284475037,0.07051960052064482,other
Sidt2,0.09905552269828144,-0.02599326854628603,-0.09329858906308486,0.24541125196787275,0.0033008726972586534,0.05819357855504391,other
Cers6,0.09887946058563807,-0.06864682878921674,-0.1334693397301362,0.2488922626340837,0.04514062557215464,0.11588441421417252,other
Egfl7,0.0986531013458376,0.0319124696048354,-0.11494615408203379,-0.35779816776268375,0.20451844490430449,0.3170968350932697,other
Cenpf,0.09828605255584008,-0.10194929281912654,-0.06603580252062233,-0.03853976094733563,0.038441132178322214,0.10446894791775259,other
Psma4,0.0982196753813327,-0.040367227683900664,-0.13348272324131538,-0.26231901806089736,0.07138703353443834,0.153066522933657,other
Lpar6,0.09809354656924374,-0.07789339345896906,-0.058182052690302744,0.5000223178393031,0.14180099264371332,0.24321683371741143,other
Pkib,0.09796290369036031,-0.0883318941777812,0.029396693119001616,0.4644662803201482,0.038441132178322214,0.10446894791775259,other
Psmb6,0.09775634208424622,0.05415966787630344,0.035146920488439815,0.5455241001190605,0.04514062557215464,0.11588441421417252,other
Flot1,0.09775483946144048,0.07300583956136131,-0.047948312994400055,-0.046496356755817835,0.01116262730740973,0.06326729099455225,other
Was,0.09720693311469633,-0.07080008707497831,-0.1034984653107115,0.3093126620547454,0.004085851125205444,0.05819357855504391,other
Ern1,0.09691488215707478,-0.01934278913984,-0.023043133504260682,0.4644662803201482,0.0016977516303800164,0.05819357855504391,other
Slamf9,0.09687691653208685,-0.09243835435520625,0.03526103965876104,0.5758586216388989,0.027547148107414817,0.08793366864575906,other
Arhgef6,0.09681544853457713,-0.11647635007702983,-0.045595802081437764,0.36948441785639197,0.038441132178322214,0.10446894791775259,other
Erap1,0.09645885863609555,-0.04778493173581194,-0.10371507334671615,0.19294744835569325,0.0050366811503910055,0.05819357855504391,other
Themis,0.09630843428543265,-0.10504259524878624,-0.15071808945621193,0.09174949541656031,0.027547148107414817,0.08793366864575906,other
Isg20,0.09613880519209511,-0.05112309031065668,-0.10533718498675237,0.04948008018399865,0.027547148107414817,0.08793366864575906,other
Irak3,0.09560313344978516,-0.021805679001359712,-0.18147045387155336,0.07011750056224936,0.03260630478301721,0.09515146493030366,other
Trim27,0.09540069787672878,-0.0902793262390762,-0.01643857514875957,0.35307393900139744,0.013481568265476605,0.06644394176057601,other
Ripk1,0.09534793629350785,-0.036595000268958566,-0.08973602047674112,0.16882901731123162,0.004085851125205444,0.05819357855504391,other
Slc25a20,0.0953089350382873,-0.04374143442125322,-0.008942129174715263,0.34785242300208097,0.01116262730740973,0.06326729099455225,other
Lima1,0.09484490866369577,0.0211476681578171,0.05964159468190933,0.5146922913611921,0.04514062557215464,0.11588441421417252,other
Dgat1,0.0947164328663942,0.010861116675801918,-0.1487077757786207,-0.015913191616964393,0.06151359999604334,0.1395822391369293,other
Pak2,0.09451508900699812,-0.06149662495353825,-0.0732949622157466,0.4413424237517468,0.06151359999604334,0.1395822391369293,other
Casp7,0.09450856089423837,-0.03377661542982466,-0.09982689556942087,0.16360750131191518,0.0026556990473244895,0.05819357855504391,other
Gak,0.09446790979996544,-0.03186127375007619,-0.09355578704381617,0.02188063847332604,0.006183281626511232,0.05819357855504391,other
Mcm2,0.0941193772372737,-0.06319826666881628,-0.0408661187272546,0.08031188894186717,0.007559810778662305,0.06063301066345349,other
Sharpin,0.09400909352238584,-0.06282105041258479,-0.15132786568090006,-0.06564191541997812,0.027547148107414817,0.08793366864575906,other
Ffar2,0.09396274939849811,-0.04793409789591938,-0.15038345307457818,0.003481010666210961,0.007559810778662305,0.06063301066345349,other
Tnfsf13b,0.09358088484996097,-0.04592120983736786,-0.07093307572482332,0.278978140534907,0.0194271256064567,0.07507406645343609,other
Tnfsf14,0.09342491345554274,-0.03733144002891277,-0.10287661764233123,0.07832273998974662,0.01116262730740973,0.06326729099455225,other
Nr1h3,0.09338967488037497,-0.03064189319671251,0.022495642802144,0.5574589938317839,0.0950279527318241,0.1838913455557795,other
Csnk1d,0.09333256231314602,-0.08795455142986008,-0.06875073904921547,-0.11213827217579597,0.038441132178322214,0.10446894791775259,other
Cd200r1,0.09312990106200908,-0.06561532455178892,-0.06012833706627596,0.38639218394941666,0.0033008726972586534,0.05819357855504391,other
Abca7,0.09308713604095509,-0.062066570860625836,-0.13251375636380947,-0.02784808532968769,0.10900678981544218,0.20241850558739374,other
Ptger4,0.09286163870668512,-0.06827136097533976,-0.02367771288603715,0.5132004296471017,0.04514062557215464,0.11588441421417252,other
Vcan,0.09284292574082098,-0.14691666453139196,-0.06458121648443038,0.15565090550343297,0.023180056414889752,0.08120979929419823,other
Cr1l,0.09273443357367483,-0.02210969041213684,-0.04526579317527191,0.3466092049070057,0.007559810778662305,0.06063301066345349,other
Igfbp2,0.09218944194232448,0.17262978308665433,0.16158632493291114,0.37047899233245224,0.285318068487978,0.4017133500847849,other
Esd,0.09206730114631745,0.018854522139071017,-0.15368150395483604,0.10890590512860006,0.16081398497923238,0.2665947797787015,other
Ap3b1,0.09199836268393813,-0.04293334744565347,-0.06402943577931652,0.3431281942407947,0.00920502620895087,0.06294214301857694,other
Anxa6,0.0919534928323904,-0.05893790806309207,-0.09122852202666687,-0.13998635750548363,0.027547148107414817,0.08793366864575906,other
Csk,0.09173257447668415,-0.10325565479886023,-0.059592832822937924,0.32199348662451394,0.07138703353443834,0.153066522933657,other
Aurkb,0.0917312146430946,-0.05648335268825563,-0.04597907171460644,0.11363013388988635,0.00920502620895087,0.06294214301857694,other
Cln3,0.09161032171871208,-0.024736527768026262,0.052665472425429405,0.6047012814446469,0.023180056414889752,0.08120979929419823,other
Tlr6,0.0913418280834484,-0.029030953574400054,-0.0718174443455944,0.4070296043276673,0.0021277894149469047,0.05819357855504391,other
Eln,0.09105338756525927,-0.16820470803201626,-0.3433531695292994,-0.12382452226950418,0.5042736753035878,0.6149414338330388,other
Traf2,0.09102362338726289,-0.10312359293522932,-0.09204793480060491,0.35083614643026184,0.027547148107414817,0.08793366864575906,other
Slamf6,0.09051403238010419,-0.16072611616480445,-0.08144053665801176,0.39559199785297416,0.05279870698063471,0.12722069169023034,other
Tigit,0.09023187416232548,-0.23576360238890331,-0.14732652384920503,0.2563515712045358,0.16081398497923238,0.2665947797787015,other
Plekha2,0.09022999855062308,-0.048999294879206845,-0.016793908542577674,0.5311027702161866,0.0162163284475037,0.07051960052064482,other
Smn1,0.09021654255082812,-0.005246178442717575,-0.12398487426806737,0.056442101516420574,0.027547148107414817,0.08793366864575906,other
Ifit1,0.08996595190918205,-0.09909828719442754,-0.39845467308305815,-0.14471058626676994,0.5931862546017165,0.690989514666215,other
Hps6,0.08983355469402265,-0.06460780988122344,-0.023493203671178797,0.2772376352018015,0.12456406214237814,0.2225573663706728,other
Caprin1,0.08952377311586046,-0.08384392898346738,-0.019964986552152952,-0.11537063922299184,0.06151359999604334,0.1395822391369293,other
Kif1c,0.08943005506113288,0.010364637940095012,-0.06021326601045596,0.21259029425788367,0.03260630478301721,0.09515146493030366,other
Adam17,0.08933960666737051,-0.12040450520598589,-0.05282242461635134,0.47167694527158516,0.03260630478301721,0.09515146493030366,other
Borcs8,0.08923319412091901,-0.04824692806691633,-0.0013297284451271318,0.5495023980233017,0.03260630478301721,0.09515146493030366,other
H2afz,0.08840837118659106,-0.036704627126351586,-0.054971514851028136,-0.07285258037141511,0.07138703353443834,0.153066522933657,other
Cpt1a,0.08724556571374942,-0.029179462503770237,0.014250674937087426,0.3784355881409344,0.0194271256064567,0.07507406645343609,other
Cnppd1,0.08721209266349628,0.016960192694198017,-0.02804438553191413,0.5467673182141359,0.05279870698063471,0.12722069169023034,other
Cic,0.08719861344764057,0.04205743567144826,-0.021340533876340384,0.23571415082628505,0.0050366811503910055,0.05819357855504391,other
H2afy,0.08713925397814526,-0.03324257560646404,-0.1020629577432477,0.03630196837620002,0.0194271256064567,0.07507406645343609,other
Tor1a,0.0871193829640815,-0.019971368833700653,-0.09441603036680868,0.17131545350138228,0.027547148107414817,0.08793366864575906,other
Ddx58,0.08693381516347276,-0.1325831938788669,-0.2591518257332549,-0.09249542627360553,0.22936158549541563,0.3421975570670124,other
Actl6a,0.0868957117525464,-0.027437625881028382,-0.055491046257225896,0.268037821298244,0.013481568265476605,0.06644394176057601,other
Tgfbr1,0.0863526206149341,-0.16092864833063936,0.10984224304296153,0.5736208290677633,0.42293676385905665,0.5393501081112619,other
Cdk9,0.08625246493693584,-0.000439209502828497,-0.013265216598194796,0.5286163340260359,0.0194271256064567,0.07507406645343609,other
Ticam2,0.0862156767910352,-0.08180476265735004,-0.010278780685163635,0.48261726450824816,0.013481568265476605,0.06644394176057601,other
Rsrp1,0.08617387341438754,-0.04107097187342701,0.008660441345346825,0.03555603751915481,0.04514062557215464,0.11588441421417252,other
Gnai3,0.08613401724351721,-0.003594192094199311,-0.0354146888127469,0.4373641258475057,0.04514062557215464,0.11588441421417252,other
Fus,0.08578488124978945,-0.007339964107752506,0.019113238694669965,0.07111207503830962,0.00920502620895087,0.06294214301857694,other
Tet3,0.08573340777933569,-0.04143140259767508,-0.05260359748148313,-0.04251805885157674,0.03260630478301721,0.09515146493030366,other
Ilk,0.0856559968861863,-0.027819311589414975,-0.04278592037369766,0.13178111807798637,0.0050366811503910055,0.05819357855504391,other
Tnfrsf18,0.08542579852912932,-0.07191958737919352,-0.07684879774233125,0.22974670396992344,0.013481568265476605,0.06644394176057601,other
Rab3d,0.08491708508968077,0.00754662089529301,-0.005316202848557161,0.43935327479962627,0.0194271256064567,0.07507406645343609,other
Tfpi,0.08488171461748806,0.057119779812993654,-0.008230803320852687,0.4438288599418975,0.06151359999604334,0.1395822391369293,other
E2f1,0.08485023402996528,-0.06955823360281804,-0.052587086851207665,0.20438505483038638,0.013481568265476605,0.06644394176057601,other
Pbrm1,0.08461628851877512,-0.0506610969962209,-0.07676274967298502,-0.16012649064570422,0.0194271256064567,0.07507406645343609,other
Ifngr2,0.08460114077278125,-0.09613428944549318,-0.06230120756455171,0.28792931081944945,0.07138703353443834,0.153066522933657,other
Birc5,0.08433586764073121,-0.050478823368240694,-0.05477334473768952,0.12631095845965487,0.038441132178322214,0.10446894791775259,other
Crtc2,0.08396043074668441,-0.02118036965652148,-0.04218850432119842,0.2575947892996111,0.0026556990473244895,0.05819357855504391,other
Kmt2b,0.0838919139487766,-0.029527137685983362,-0.06296876222459558,0.35680359328662353,0.10900678981544218,0.20241850558739374,other
Klf10,0.08367256094392056,0.01526663711945897,-0.08803678371795554,-0.03157773961491372,0.01116262730740973,0.06326729099455225,other
Hist1h4h,0.08341782164234418,-0.136346196153537,-0.049096520965871415,-0.04798821846990824,0.1816927632278722,0.29053755022739064,other
Spsb2,0.08304786258359509,0.044859213187785185,0.07299750129337657,0.6932184098140114,0.038441132178322214,0.10446894791775259,other
Ptpn22,0.08296237726439487,-0.07783379225737903,-0.08648150737064692,0.26082715634680703,0.05279870698063471,0.12722069169023034,other
Ctps,0.08255383207132638,0.010789854469258842,-0.10567826196786778,-0.10343574551026855,0.34984355386886234,0.4674049157373145,other
Agtrap,0.08205230472554914,-0.032233247283517785,-0.05238239762415914,0.39385149251986873,0.038441132178322214,0.10446894791775259,other
E2f4,0.08203065961089784,-0.08579764762083275,-0.07778239886955285,0.19120694302258776,0.03260630478301721,0.09515146493030366,other
Cd109,0.08197165351004154,0.06758176845549463,0.2317446463477913,0.8866631454077347,0.14180099264371332,0.24321683371741143,other
Flt3,0.08190472652339231,-0.1470021398638734,-0.07390253586337592,-0.13998635750548363,0.06151359999604334,0.1395822391369293,other
Gyg,0.08173108457196054,0.025946227574121905,0.07972329801094757,0.5502483288803469,0.14180099264371332,0.24321683371741143,other
Cblb,0.0817130128924759,-0.0432527056218146,-0.0756579437401656,0.3068262258645947,0.027547148107414817,0.08793366864575906,other
Hnrnpm,0.081686917582656,-0.017913161951697676,-0.08258936593078214,-0.04177212799453153,0.06151359999604334,0.1395822391369293,other
Cd8b1,0.08167826731532546,-0.12879404097127942,-0.03914258027614284,0.3945974233769139,0.06151359999604334,0.1395822391369293,other
Epb41,0.08163527932798043,-0.08587514037118216,-0.11374991554155711,-0.38614354033040155,0.12456406214237814,0.2225573663706728,other
Atf1,0.08137623340671551,-0.015597841363258813,-0.07077466793064124,0.42816431194394816,0.038441132178322214,0.10446894791775259,other
Sirt7,0.08134299052569438,-0.033320232622415125,-0.03841537772330006,0.34636056128799064,0.01116262730740973,0.06326729099455225,other
Riok3,0.08107532961843966,0.07054024871324338,-0.11961781149266848,0.10169524017716307,0.25628023724432436,0.37159905917660563,other
Ascc2,0.08100066666821382,-0.0174533075780976,-0.05636016149258305,0.25610292758552067,0.013481568265476605,0.06644394176057601,other
Gal,0.08080260116454621,0.03322787805142638,0.009255236887334983,-0.09647372417784662,0.16081398497923238,0.2665947797787015,other
Plagl2,0.0807722796479084,-0.0475159908010413,-0.09283025606851214,0.2339736454931796,0.0162163284475037,0.07051960052064482,other
Klrk1,0.08061726964960927,-0.02649773066981087,-0.10215080507622389,0.20861199635364255,0.0026556990473244895,0.05819357855504391,other
Gna13,0.08052374170946897,-0.02774518749145527,-0.05370493409505661,-0.07285258037141511,0.12456406214237814,0.2225573663706728,other
Lrrk2,0.08004333770706284,-0.11651041028080011,-0.13516349997698696,0.07857138360876169,0.07138703353443834,0.153066522933657,other
Cd300lb,0.0799772129007851,-0.04077769850356866,0.09435095406342728,0.6479652711532689,0.03260630478301721,0.09515146493030366,other
Spib,0.07995614950519658,-0.29747672327468616,-0.07763509542139146,0.3754518647127536,0.42293676385905665,0.5393501081112619,other
Ccn2,0.0798502036600488,0.3093289628148296,-0.10442990289843213,0.3314419441470865,0.7893827550332574,0.8482497226510736,ratchet_cumulative
Itgax,0.07955535499113531,-0.06397602298111038,0.07381417351817687,0.6419978242969072,0.10900678981544218,0.20241850558739374,other
Icosl,0.079551099698555,-0.14372785890406603,-0.16245577649490428,0.33740939100344813,0.0950279527318241,0.1838913455557795,other
Rab8a,0.07939627981136521,-0.00591517297008326,-0.07298953024709665,0.3011074226272481,0.16081398497923238,0.2665947797787015,other
Cdk6,0.07939277659427063,-0.057772035720761505,-0.033592390358631485,0.2812159331060426,0.013481568265476605,0.06644394176057601,other
Inhba,0.0792784820628033,0.016374403106283034,-0.09929047539898175,-0.1785261184528193,0.0950279527318241,0.1838913455557795,other
Atf4,0.07887050606622759,0.03722472977543312,-0.09640686319165459,-0.10244117103420827,0.20451844490430449,0.3170968350932697,other
Cyp7b1,0.0786975583662819,0.027574633827668338,-0.04124309841958618,0.03282095770998906,0.038441132178322214,0.10446894791775259,other
Itk,0.07856841172219936,-0.06139283852366623,-0.10132538729935558,0.11984622436526307,0.06151359999604334,0.1395822391369293,other
Spry1,0.07850067831373791,0.04240627631041882,-0.0057515751373626856,0.10940319236663021,0.013481568265476605,0.06644394176057601,other
Psmb9,0.07833744940324432,-0.06570729941951589,-0.13102420985892155,0.04972872380301372,0.038441132178322214,0.10446894791775259,other
Prkab1,0.07819687084373217,-0.014377337923792366,-0.03514449024765898,0.4400992056566715,0.007559810778662305,0.06063301066345349,other
Nlrc4,0.07809726805935016,-0.05471243880526018,-0.11882172749547742,0.30309657157936865,0.013481568265476605,0.06644394176057601,other
Srd5a3,0.07787536782084492,-0.025089323965044708,-0.04184873755234075,0.26828646491725905,0.0194271256064567,0.07507406645343609,other
Pdk1,0.07782472125357937,-0.06736139797157847,-0.0011132003857738937,0.48410912622233854,0.01116262730740973,0.06326729099455225,other
Socs2,0.07777427621433572,-0.04444872167646652,-0.14821486750372054,-0.11039776684269047,0.14180099264371332,0.24321683371741143,other
Tirap,0.07754352998322378,0.01526343803665936,-0.08446151371212307,0.15987784702668914,0.027547148107414817,0.08793366864575906,other
Adipor1,0.07745978631259831,-0.0408838720886886,-0.00608830756775558,0.4898279294596852,0.023180056414889752,0.08120979929419823,other
Smg9,0.07744555399469988,0.0036707845455228316,-0.049691613294905235,0.3135396035780016,0.07138703353443834,0.153066522933657,other
Gfap,0.07743371112163722,0.12878670207434695,0.23456814699429707,0.5492537544042866,0.16081398497923238,0.2665947797787015,other
Plec,0.07726185105290462,0.12724120711757259,-0.03824065106035324,0.08130646341792744,0.5042736753035878,0.6149414338330388,other
Tlr1,0.07721117429022661,-0.07590543587463489,-0.061645543283384785,0.35506308795351804,0.023180056414889752,0.08120979929419823,other
Rela,0.0771675373464733,0.03742485040110988,-0.060831656606557205,0.3784355881409344,0.013481568265476605,0.06644394176057601,other
Atg7,0.07713928656926305,0.028276434512353177,0.028236910508360857,0.5015141795533934,0.038441132178322214,0.10446894791775259,other
Cd8a,0.07707435386901942,-0.08527320101856821,-0.03053455160969934,0.43438040241932485,0.0194271256064567,0.07507406645343609,other
Rack1,0.07703963113180579,-0.026937960519913928,-0.012370404946299374,0.4694391527004496,0.08252326938191985,0.1680443900667358,other
Irak1,0.07674933492140457,-0.013669675574922158,-0.03516720663622608,0.5054924774576345,0.01116262730740973,0.06326729099455225,other
Picalm,0.07671674439452536,0.05707583439223285,-0.11035065963372359,0.07459308570452058,0.25628023724432436,0.37159905917660563,other
Med15,0.07666569281224489,0.03540421905815894,-0.0914831152874287,0.2441680338727974,0.06151359999604334,0.1395822391369293,other
Ddb1,0.076458226752955,-0.016561153394703876,-0.037941980398721986,-0.03729654285226029,0.14180099264371332,0.24321683371741143,other
Dtnbp1,0.07600756733072145,-0.04503619154602112,0.05234404336110998,0.12730553293571514,0.0950279527318241,0.1838913455557795,other
Svil,0.07589480481750588,0.045047920938411146,-0.07822459320840203,0.49952503060127285,0.06151359999604334,0.1395822391369293,other
Stk11,0.07583858172752289,-0.021179779355380512,-0.048204582565033016,0.44059649289470165,0.0016977516303800164,0.05819357855504391,other
Fen1,0.0757262798569654,-0.009532400442162858,-0.07944904291134147,0.1292946818878357,0.023180056414889752,0.08120979929419823,other
Kif2c,0.07551814988843171,-0.04622128726098669,-0.027324935888467794,0.13202976169700142,0.01116262730740973,0.06326729099455225,other
Bdkrb2,0.07542969809047503,0.057273586404387705,-0.057069854389362074,-0.1807639110239549,0.22936158549541563,0.3421975570670124,other
Ndst1,0.07538776543776504,0.04861097692354699,-0.019071757568685843,0.39484606699592895,0.00920502620895087,0.06294214301857694,other
P2rx7,0.07515037140224345,-0.0661308722518954,-0.02449057318098813,0.492811652887866,0.12456406214237814,0.2225573663706728,other
Il27ra,0.07486474528143389,-0.12424640425403513,-0.0653093128062876,0.2759944171067262,0.08252326938191985,0.1680443900667358,other
Rcor1,0.07461498677320999,-0.02310356400846747,0.01042234440300338,0.4662067856532537,0.01116262730740973,0.06326729099455225,other
Cd47,0.0745766428105874,-0.09111355985792424,-0.19124665511152927,-0.5766045524959442,0.0950279527318241,0.1838913455557795,other
Fasl,0.07447558783673573,-0.047625611453011446,-0.09101160418189908,0.17753154397675902,0.013481568265476605,0.06644394176057601,other
Cdca5,0.07426490813071787,-0.05525280548684025,-0.04139654395113668,0.11437606474693157,0.013481568265476605,0.06644394176057601,other
Rab7b,0.07415495127897809,-0.02432384894752615,0.22062559073748944,0.6586569467709168,0.285318068487978,0.4017133500847849,other
Chd1,0.07380487731470065,-0.06076693573455627,-0.08232901321842556,0.14172686283858912,0.0162163284475037,0.07051960052064482,other
Cct3,0.0736447491785781,-0.07971023048567272,-0.11317775056883805,-0.25734614568059605,0.7384623534985825,0.8086939598961506,other
Foxp3,0.0733759663970723,-0.07220073407047764,-0.07747831153991985,0.318761119577318,0.0162163284475037,0.07051960052064482,other
Xist,0.07323839422481887,-0.40565326121646555,-0.5138984287445311,-0.12233266055541375,0.5042736753035878,0.6149414338330388,other
Pdgfrb,0.07309747381936438,0.1129169317029175,0.07223402804622836,0.3692357742373769,0.7893827550332574,0.8482497226510736,other
Fkbp5,0.07308754485323465,0.14565230639213111,-0.05557770277054663,0.35158207728730706,0.7384623534985825,0.8086939598961506,other
Shisa3,0.07280291826342644,0.002180287433744821,-0.02005319810034062,0.10244117103420827,0.14180099264371332,0.24321683371741143,other
Pim1,0.07257589903101258,-0.03207800746084915,-0.07509994460892247,0.07235529313338497,0.0050366811503910055,0.05819357855504391,other
Pik3cb,0.07257414216131264,-0.04908566069682252,0.017091440456302176,0.039037048185365776,0.027547148107414817,0.08793366864575906,other
Rad9a,0.07250921057897186,-0.021560534649294638,-0.0476958486428517,0.17579103864365353,0.0162163284475037,0.07051960052064482,other
Frmd4a,0.07246731425834518,-0.13729923196720994,-0.01898163554900334,0.40180808832835085,0.08252326938191985,0.1680443900667358,other
Usp25,0.07225551265757635,-0.08232529181216708,-0.12455334464427059,-0.08105781979891238,0.023180056414889752,0.08120979929419823,other
Eepd1,0.0719263032139269,-0.010269602845782488,0.06516916291675257,0.26704324682218367,0.25628023724432436,0.37159905917660563,other
Cxcr3,0.0719260738981698,-0.10683915306005441,-0.03719251183450675,0.3068262258645947,0.04514062557215464,0.11588441421417252,other
Grk2,0.07175706822365857,-0.09813523828872794,-0.09407875067429172,0.18847186321342202,0.07138703353443834,0.153066522933657,other
Panx1,0.07175455717165391,-0.10863095302120357,-0.09923476402898668,0.19742303349796447,0.038441132178322214,0.10446894791775259,other
Tbx21,0.071744997411636,-0.05391430537750154,-0.06344471546054559,0.2593352946327166,0.006183281626511232,0.05819357855504391,other
Ighd,0.07160710087827998,-0.3620056535052858,-0.07878463245290068,0.3789328753789646,0.5042736753035878,0.6149414338330388,other
Wipf1,0.07158695340914367,-0.055305801669290056,-0.0024159749347462123,0.4967899507921071,0.0010674246179843178,0.05819357855504391,other
Rnf31,0.0714647415705495,-0.025135254906596516,-0.09822348792265301,-0.0044755851422712345,0.22936158549541563,0.3421975570670124,other
Bad,0.071272716715987,-0.0023631880334500366,-0.029982527758817046,0.07160936227633975,0.285318068487978,0.4017133500847849,other
Cd177,0.07084006427648512,-0.012112868517332814,-0.121205553291992,0.07782545275171648,0.25628023724432436,0.37159905917660563,other
Lmo2,0.07049017365374399,-0.09986372729506032,0.14172318380214055,0.6188739677285058,0.285318068487978,0.4017133500847849,other
Canx,0.07047038049566856,-0.058842498035225344,0.01568543065538286,-0.2981236991990673,0.34984355386886234,0.4674049157373145,other
Gmnn,0.07044808935466351,-0.07451299665579025,-0.046288986428974555,0.018648271426130146,0.038441132178322214,0.10446894791775259,other
Pcnt,0.07015279943550623,-0.004211275971328199,-0.03204170738516732,0.2690323957743042,0.07138703353443834,0.153066522933657,other
Kif3b,0.07011710393763582,-0.05335467282477635,-0.08569415806842584,-0.166591224740096,0.0162163284475037,0.07051960052064482,other
Abcc1,0.07010292500961479,-0.05570120461039796,-0.0897383759119923,0.1839962780711508,0.07138703353443834,0.153066522933657,other
Trp53,0.06952347520435254,-0.05473061403306456,0.041209177006664266,0.5201624509795235,0.023180056414889752,0.08120979929419823,other
Ngf,0.06946715716308223,0.01836003521846094,-0.0896249847241464,-0.09299271351163567,0.03260630478301721,0.09515146493030366,other
Ep300,0.069294748818018,-0.034752075579811637,-0.054390747217535784,0.16708851197812613,0.03260630478301721,0.09515146493030366,other
Setd1a,0.06914531445494343,-0.05584152711488222,-0.05822225005757509,-0.13053789998291104,0.16081398497923238,0.2665947797787015,other
Cxxc1,0.06888798721569,0.02575063910871911,-0.02629223629878219,0.33069601329004134,0.285318068487978,0.4017133500847849,other
Lsm14a,0.06887280585357125,-0.06526403306985284,-0.05841869450736947,-0.03132909599589865,0.10900678981544218,0.20241850558739374,other
Mknk1,0.06868922461762939,-0.005063062168508159,-0.02648006148236104,0.48410912622233854,0.0162163284475037,0.07051960052064482,other
Tnfsf11,0.06852856809831366,-0.020199077519077693,-0.03272484495526254,0.38092202433108513,0.0194271256064567,0.07507406645343609,other
Ly96,0.06850055532970828,-0.046294864414903436,-0.008062160780239525,0.5149409349802072,0.0162163284475037,0.07051960052064482,other
Fbl,0.06818277383141236,-0.012233753235618816,-0.035986480618046324,0.02685351085362741,0.07138703353443834,0.153066522933657,other
Hes6,0.0679870477313872,-0.05742461815661515,-0.010600680189427392,0.43388311518129474,0.0050366811503910055,0.05819357855504391,other
Map2k2,0.0678112118772558,-0.027403961097881124,0.011887387749295764,0.1752937514056234,0.22936158549541563,0.3421975570670124,other
Eed,0.06771448722558959,-0.04158343945750542,-0.08524963788637718,0.09349000074966579,0.04514062557215464,0.11588441421417252,other
Yeats4,0.06759208610920309,-0.0819677439333577,-0.0186723873440503,0.41424026927910435,0.0162163284475037,0.07051960052064482,other
Stk38,0.06752535248560865,0.013929375497674479,-0.06609231353909117,0.1290460382688206,0.07138703353443834,0.153066522933657,other
Sin3a,0.06748719417361704,-0.02274467984739381,-0.04244145240535002,0.10666811255746445,0.0162163284475037,0.07051960052064482,other
Hdc,0.0672734689663753,0.0026761170862859354,-0.05604378478176053,-0.07036614418126441,0.16081398497923238,0.2665947797787015,other
Ssrp1,0.0671665944012172,-0.01005871449464113,-0.002690039015663892,-0.046745000374832896,0.05279870698063471,0.12722069169023034,other
Cyfip1,0.0671287570340604,0.024372644540149757,0.0217117085987506,0.15962920340767406,0.4626083472826239,0.5766777075974254,other
Dot1l,0.06687508567251055,-0.01242957894085761,0.01819020677702876,0.14595380436184527,0.04514062557215464,0.11588441421417252,other
Pdcd1,0.0667413067592422,-0.054747942844268815,-0.03668322493658177,0.29141032148566043,0.013481568265476605,0.06644394176057601,other
Katna1,0.06653714424676815,-0.05219919823689301,-0.11303797563974027,-0.17429917692956312,0.07138703353443834,0.153066522933657,other
Tcf3,0.0665024768115986,-0.047125868435251794,-0.0022503088363101664,0.37818694452191937,0.04514062557215464,0.11588441421417252,other
Epcam,0.06630263172745558,-0.06591884590650471,0.05888106179241992,0.6382681700116811,0.013481568265476605,0.06644394176057601,other
Lacc1,0.06628685768395132,-0.03410165914667068,-0.07681161678967491,0.3147828216730769,0.0162163284475037,0.07051960052064482,other
Lamtor1,0.06615708785177565,-0.04075151202788385,0.010779649173008776,0.3162746833871673,0.0162163284475037,0.07051960052064482,other
Aurka,0.06593442210831119,-0.04437520211501912,-0.039477254087776,-0.010691675617647951,0.027547148107414817,0.08793366864575906,other
Gzmb,0.06563322470929366,-0.03937864445260725,-0.09168998050641194,0.020637420378250695,0.01116262730740973,0.06326729099455225,other
Marco,0.06556932987060876,-0.0686481041209508,-0.13732063205277756,0.12705688931670006,0.04514062557215464,0.11588441421417252,other
Tor2a,0.06554786114379885,0.024934639136258152,-0.009729602407346882,0.40877010966077276,0.038441132178322214,0.10446894791775259,other
Etv3,0.06551781107284704,-0.045206154803178245,-0.06421156500520975,0.36028460395283446,0.027547148107414817,0.08793366864575906,other
Cdkn2c,0.06548755470932277,-0.06010802690753064,0.019452168045624718,0.36426290185707555,0.08252326938191985,0.1680443900667358,other
Dtl,0.06545284879462986,-0.05023125855269776,-0.03781352937519883,0.10194388379617814,0.0194271256064567,0.07507406645343609,other
Mapre1,0.06532478044092205,-0.07838159730445793,0.011593100377612187,0.41921314165940565,0.12456406214237814,0.2225573663706728,other
Ero1l,0.06531593879298159,-0.004282028242800884,-0.12160521885191944,-0.27276205005953025,0.22936158549541563,0.3421975570670124,other
Qsox1,0.06510373182868823,0.02349163124482634,-0.02869565192019774,0.07583630379959592,0.0950279527318241,0.1838913455557795,other
Ext1,0.06501906315527839,0.02433975097652885,-0.06651285401980744,0.07334986760944524,0.16081398497923238,0.2665947797787015,other
Psen1,0.06496751193627026,-0.043157504078008335,-0.11440328228698071,-0.2277575550178029,0.06151359999604334,0.1395822391369293,other
Scimp,0.06489509840449492,-0.03130970038517383,-0.0417933248923017,0.13028925636389593,0.0021277894149469047,0.05819357855504391,other
Rpn1,0.06421624631692757,0.0470990907851756,0.015874267873193126,0.16858037369221654,0.34984355386886234,0.4674049157373145,other
Mtmr12,0.06417744955905336,-0.01424054349980275,-0.07937877956484463,0.19617981540288915,0.004085851125205444,0.05819357855504391,other
Washc1,0.06414177340991578,-0.037863221078471954,-0.028866064755166954,0.19220151749864803,0.0162163284475037,0.07051960052064482,other
Zdhhc18,0.0640635896401488,-0.05374940508489967,0.0012704753642158728,0.31950705043436317,0.0950279527318241,0.1838913455557795,other
Cdk1,0.06385022229238876,-0.03286192497980252,-0.00665952163468711,0.1007006657011028,0.0194271256064567,0.07507406645343609,other
Gtse1,0.06383232288464631,-0.023732328122186647,-0.021703018948315583,0.07533901656156579,0.038441132178322214,0.10446894791775259,other
Plxna1,0.0637849845726225,-0.024088858442627537,0.02302442808468641,0.4331371843242496,0.16081398497923238,0.2665947797787015,other
Wdr62,0.06357024600441485,0.014387502077595926,-0.03320284119603506,0.4207050033734961,0.07138703353443834,0.153066522933657,other
Timeless,0.06354300064093589,-0.023474735969673727,-0.0383983390430819,0.05743667599248086,0.013481568265476605,0.06644394176057601,other
Rab24,0.0632294181897669,-0.029190942486019167,-0.013092472441564418,-0.1892177940704672,0.03260630478301721,0.09515146493030366,other
Sox4,0.06319236918541105,-0.09749621460602609,0.06757533126282034,0.619619898585551,0.20451844490430449,0.3170968350932697,other
Ikbkg,0.06314501631633385,0.021764065566958646,-0.0545634667605408,0.5589508555458742,0.004085851125205444,0.05819357855504391,other
Snx4,0.06313397544175314,-0.008387254985454451,-0.046604961352897045,0.2304926348269686,0.04514062557215464,0.11588441421417252,other
Arf2,0.06281735797097798,0.02555191213466046,-0.13340812783094025,-0.1519212512182069,0.22936158549541563,0.3421975570670124,other
Egln3,0.06273822879445579,0.012291748941518965,-0.17700252642761843,-0.09398728798769594,0.20451844490430449,0.3170968350932697,other
Nfya,0.06272313973040611,-0.04702498752407125,0.01628975599374516,0.5365729298345181,0.14180099264371332,0.24321683371741143,other
Htr2b,0.06271796334695157,8.638580332432505e-05,0.11304304651886476,0.7618440486621703,0.006183281626511232,0.05819357855504391,other
Adam10,0.06267822869700357,-0.0699182008033119,-0.07630838581328181,0.17454782054857818,0.12456406214237814,0.2225573663706728,other
Prep,0.06266339457867476,-0.01232274323693594,-0.040453985274542914,-0.009199813903557539,0.285318068487978,0.4017133500847849,other
Pdgfb,0.06247651684231614,-0.034759713374051926,0.14720424011857036,0.7180827717155183,0.023180056414889752,0.08120979929419823,other
Bmf,0.06212770625005276,-0.018772482690187442,-0.07659141055918878,0.5159355094562674,0.05279870698063471,0.12722069169023034,other
Socs1,0.06209822253886104,-0.024616031400937877,-0.09311798450021971,0.06638784627702332,0.03260630478301721,0.09515146493030366,other
Gch1,0.06207293523616078,-0.008314731961711092,-0.04385063386098986,0.2871833799624043,0.023180056414889752,0.08120979929419823,other
Clspn,0.06207204306407299,-0.04349915913900809,-0.03275178493344014,0.16932630454926173,0.0194271256064567,0.07507406645343609,other
Nek2,0.062021421073952296,-0.05916897651733491,-0.03381514605599409,0.05768531961149592,0.07138703353443834,0.153066522933657,other
Nr1h2,0.06181643130456893,0.027255533880827243,-0.06506604343279676,0.36351697100003033,0.34984355386886234,0.4674049157373145,other
Aatf,0.061746323510873946,-0.013651567396125386,-0.057461101167890605,0.1735532460725179,0.03260630478301721,0.09515146493030366,other
Atf6b,0.061715451211282746,-0.04117779566271462,-0.024406643970976916,0.3575495241436687,0.023180056414889752,0.08120979929419823,other
Dek,0.06157958900701532,-0.01299034042341618,-0.05149288152398612,-0.03655061199521509,0.12456406214237814,0.2225573663706728,other
Mertk,0.06153616209981183,-0.017228407374331622,0.07511062657083367,0.5316000574542167,0.285318068487978,0.4017133500847849,other
Nde1,0.06146343801153509,-0.04548407989205461,-0.16485187247259092,-0.38266252966419056,0.08252326938191985,0.1680443900667358,other
Map3k5,0.06140932134518007,-0.04283916012347022,-0.09804655284527486,-0.008453883046512333,0.038441132178322214,0.10446894791775259,other
Hspa5,0.06130939906963606,0.0781629930399399,-0.06319042699184063,0.06514462818194797,0.6401805361005117,0.7312048622142209,other
Klc3,0.06118145055915397,0.010115214113725873,-0.03542981585185179,0.5601940736409496,0.0033008726972586534,0.05819357855504391,other
Cd300ld,0.06113885595692911,0.007070385433927781,-0.004286674938963453,0.29563726300891663,0.007559810778662305,0.06063301066345349,other
Lbh,0.061042583318333676,-0.04066537445914831,-0.022831843043071842,0.4512881685123496,0.0162163284475037,0.07051960052064482,other
Ankrd13a,0.06082094895954704,0.016753980199509577,-0.0904421056018998,0.04052890989945619,0.1816927632278722,0.29053755022739064,other
Smarcd2,0.06075970462610725,-0.034817233107811374,-0.03215966118667035,0.26480545425104807,0.05279870698063471,0.12722069169023034,other
Mapk7,0.06052314564726957,-0.03143140709601833,0.009634519565473787,0.5194165201224784,0.007559810778662305,0.06063301066345349,other
Fgf2,0.060510625345572666,0.06724010982496842,0.06894954220332633,0.4179699235643304,0.12456406214237814,0.2225573663706728,other
Abracl,0.06048786842028471,-0.049588094698013827,-0.07394348476615323,0.09523050608277128,0.00920502620895087,0.06294214301857694,other
Cacna1d,0.06040360190808758,0.072641443998537,-0.0422851507150539,0.4028026628044112,0.42293676385905665,0.5393501081112619,other
Ankrd11,0.060400287849367906,-0.015266726754320725,-0.1073964450449616,-0.3592900294767742,0.16081398497923238,0.2665947797787015,other
Plk1,0.06038226835649921,-0.03438270312205837,-0.01963100142860852,0.07807409637073155,0.023180056414889752,0.08120979929419823,other
Tceal9,0.06031576659067561,0.03214343024802635,-0.015505963926338406,0.27002697025036454,0.4626083472826239,0.5766777075974254,other
Edn1,0.0602556405961889,0.041163209447277194,-0.11246409470742455,0.036053324757184944,0.34984355386886234,0.4674049157373145,other
Elob,0.06023319477143374,-0.030625466862316153,0.008858876358939893,-0.18673135788031653,0.12456406214237814,0.2225573663706728,other
Rgs20,0.060136200494436465,0.04944506435667839,0.034347421831371516,0.13103518722094115,0.12456406214237814,0.2225573663706728,other
Mtx1,0.060063325407679,-0.030021388224690915,0.016928671403420026,0.27997271501096727,0.20451844490430449,0.3170968350932697,other
Ap1s1,0.06003284391902952,-0.06369832416012089,-0.02397758453916643,-0.30085877900823305,0.05279870698063471,0.12722069169023034,other
Nectin2,0.06001938974559734,-0.03556738860760866,-0.0808148778245501,0.18598542702327134,0.0194271256064567,0.07507406645343609,other
Gfpt2,0.060013936916614385,0.04274524520671252,0.02968119549806736,0.3563063060485933,0.12456406214237814,0.2225573663706728,other
Pwp1,0.05999573244814621,-0.014649073541698698,-0.018847363844745557,0.10492760722435895,0.04514062557215464,0.11588441421417252,other
Ebi3,0.059958649062036184,-0.10750267516807116,-0.02089973258068767,0.41225112032698374,0.0950279527318241,0.1838913455557795,other
Galc,0.05983893057122569,0.019139416069602566,0.1486738728186976,0.554475270403603,0.14180099264371332,0.24321683371741143,other
Trip13,0.05958521609166437,-0.03444005959811315,-0.05082871990808979,0.10965183598564526,0.0050366811503910055,0.05819357855504391,other
Podxl,0.059503018478298975,0.10993765725617655,-0.23034257163300187,-0.5112112806949811,0.6401805361005117,0.7312048622142209,other
Galnt15,0.0594568278038804,0.14968940048240853,0.10686386974658257,0.5393080096436839,0.42293676385905665,0.5393501081112619,other
Mdm2,0.059297029674304835,0.012999259083777748,-0.056251771111103244,0.3510847900492769,0.5042736753035878,0.6149414338330388,other
Nrcam,0.05917578116801758,-0.01572453043393729,-0.019321340658744024,-0.15391040017032748,0.22936158549541563,0.3421975570670124,other
Gfi1,0.05916377281684142,-0.05813855703676539,-0.08493636369814483,0.2628163052989275,0.0194271256064567,0.07507406645343609,other
Jarid2,0.05894795472747638,-0.036203620691689364,-0.12112481062667091,0.15565090550343297,0.10900678981544218,0.20241850558739374,other
Ppm1h,0.058768482296100544,-0.0659418982032296,0.03175805554107236,0.35133343366829195,0.3165025922557979,0.43481813172551176,other
Riox2,0.058711103838015366,-0.035677172472417806,-0.01364667844346279,0.39509471061494406,0.0050366811503910055,0.05819357855504391,other
Parvb,0.05865476565454686,-0.11718387833177046,0.01175196603730333,0.37768965728388926,0.1816927632278722,0.29053755022739064,other
Nfe2,0.058594122273759534,-0.009765204344886862,-0.12452567495413641,0.020637420378250695,0.07138703353443834,0.153066522933657,other
Sgsh,0.05854016361256886,-0.035879193204059856,0.045614213444710394,0.5688966003064769,0.10900678981544218,0.20241850558739374,other
Eif4ebp2,0.058366115769425186,-0.06513594501391373,-0.015502909403308784,0.47615253041385636,0.023180056414889752,0.08120979929419823,other
Creg1,0.058348017634409804,-0.05644695587724363,0.05717946831137832,0.5708857492585976,0.06151359999604334,0.1395822391369293,other
Tbk1,0.05825875234601374,0.015557589960234153,-0.12842012208052545,0.18698000149933158,0.3853315267895524,0.5025763534015615,other
Lta4h,0.05806701410217929,0.010351220707492281,0.04687886884753922,0.31254502910194126,0.06151359999604334,0.1395822391369293,other
Mctp2,0.057942231260037114,-0.0426577491199029,-0.08641746761970853,-0.16559665026403572,0.006183281626511232,0.05819357855504391,other
Cybc1,0.0579099779975214,-0.11396832221344433,-0.10775651100010286,0.2198009592093207,0.14180099264371332,0.24321683371741143,other
Il15ra,0.05789079028536831,0.030164777673896803,-0.15272683647970742,0.15391040017032748,0.6401805361005117,0.7312048622142209,other
Fosl1,0.057794694696582764,-0.000487159717409022,-0.0548905746923784,0.20015811330713026,0.01116262730740973,0.06326729099455225,other
Ssr2,0.05773936017759429,-0.021861044062594814,-0.038923896019731896,-0.15714276721752338,0.16081398497923238,0.2665947797787015,other
Eno1,0.057708909445499,-0.06405502340303904,-0.05386833886666198,-0.22800619863681795,0.0950279527318241,0.1838913455557795,other
Nrp1,0.0577005373822268,0.037529318079748686,0.26732270387718593,0.6472193402962236,0.22936158549541563,0.3421975570670124,other
Sumf1,0.057598065424333766,0.011201524294693677,-0.0248863350054625,0.5159355094562674,0.006183281626511232,0.05819357855504391,other
Foxm1,0.05759242359042363,-0.03482763743575547,-0.05157716320574052,0.068874282467174,0.03260630478301721,0.09515146493030366,other
Cdkn1a,0.057486707819126015,0.08232251719273254,-0.16264413917678916,-0.05345837808823975,0.25628023724432436,0.37159905917660563,other
Chd7,0.05735630621834786,0.03399988834255763,-0.0805145249566458,0.30135606624626315,0.0026556990473244895,0.05819357855504391,other
Pa2g4,0.057064661021221874,0.0010694798913754022,-0.027756261220211575,-0.15216989483722201,0.05279870698063471,0.12722069169023034,other
Ets2,0.05693731454688988,0.0399746706474744,-0.17390520175859736,-0.41249976394599885,0.5931862546017165,0.690989514666215,other
Arntl,0.056877266602516574,-0.06864579991329095,-0.06200884551106045,-0.38862997652055226,0.04514062557215464,0.11588441421417252,other
Mindy1,0.056819445441512184,-0.014727396405470383,-0.03522516279124088,-0.07707952189467127,0.0950279527318241,0.1838913455557795,other
Maml1,0.05675442615138748,-0.04451901918603707,-0.034361207089974144,0.38788404566350704,0.0194271256064567,0.07507406645343609,other
Hnrnpa1,0.05650292654826661,0.0020786594349559984,-0.07577157124874212,-0.006464734094391784,0.05279870698063471,0.12722069169023034,other
Hfe,0.05635307331455264,0.03334275910290285,0.0779396310832583,0.6842672395294689,0.12456406214237814,0.2225573663706728,other
Lta,0.05630588293217515,-0.05452059355950839,-0.06157676706066839,0.11934893712723295,0.0162163284475037,0.07051960052064482,other
Atg5,0.05599115469914806,-0.046475520018737004,-0.07426495095131869,0.36998170509442213,0.0950279527318241,0.1838913455557795,other
Sulf1,0.055927615415020226,0.08798545056044338,0.05494182089058253,0.6564191541997811,0.20451844490430449,0.3170968350932697,other
Tjp3,0.05586581166274453,-0.04421095737816469,-0.024807805451712267,0.35605766242957826,0.01116262730740973,0.06326729099455225,other
Cd79b,0.05579396026366612,-0.5310343085866824,0.03735976618747672,0.4430829290848523,0.5478383165397469,0.6526210305159386,other
Arf6,0.05560689769177252,-0.005495654187636978,-0.022811644062760983,0.5524861214514825,0.07138703353443834,0.153066522933657,other
Prdm1,0.05557629231981506,-0.03836675399716999,-0.07364671904577097,0.38962455099661253,0.038441132178322214,0.10446894791775259,other
Pald1,0.05551120854941616,-0.014008400247478958,0.057519458151541025,0.6748187820068963,0.06151359999604334,0.1395822391369293,other
Lbr,0.05549221948823457,-0.003631398949439091,-0.2006704269856403,-0.10343574551026855,0.5931862546017165,0.690989514666215,other
Nr4a3,0.05540448451493568,-0.020980465835307327,-0.10199914988782721,-0.08652797941724388,0.34984355386886234,0.4674049157373145,other
Ifi44,0.055366215724872075,-0.12737855505907264,-0.22456231495188497,-0.12481909674556445,0.34984355386886234,0.4674049157373145,other
Cenpe,0.05535911821489692,-0.04299127139432107,-0.02993970777359263,-0.022377925711356175,0.0194271256064567,0.07507406645343609,other
Bcl10,0.0553229105487929,-0.06599277282557847,-0.07630201555363514,0.26132444358483714,0.10900678981544218,0.20241850558739374,other
Rb1,0.0550247735128635,0.02772862174507429,0.026725649666966333,0.29439404491384125,0.14180099264371332,0.24321683371741143,other
Xcl1,0.0549764106642386,-0.027316735618318252,0.05601374597351899,0.6345385157264551,0.007559810778662305,0.06063301066345349,other
Cysltr1,0.05495924411649847,-0.02875412402201065,-0.0656556658020594,0.2841996565342234,0.0026556990473244895,0.05819357855504391,other
Diaph3,0.054810583676835584,-0.05726330390021932,-0.024104435866496243,0.11487335198496172,0.06151359999604334,0.1395822391369293,other
Sgms2,0.054650944650739386,0.008086903218473496,-0.06393400945083466,0.14769430969495073,0.10900678981544218,0.20241850558739374,other
Ube2i,0.054566663411085514,-0.0031120442139551674,-0.09844344297568997,-0.03655061199521509,0.42293676385905665,0.5393501081112619,other
Eea1,0.05452867856488042,-0.0345990862212886,-0.043118778189966234,-0.1837476344521357,0.1816927632278722,0.29053755022739064,other
Acsl1,0.05433263954661016,-0.01188240271085328,-0.19023586602725984,-0.3458632740499605,0.3165025922557979,0.43481813172551176,other
Serpina3c,0.05422987575489923,-0.0238509722290407,-0.050824152519663435,-0.003978297904241098,0.007559810778662305,0.06063301066345349,other
Smc1a,0.05414926391635566,-0.05455684637317648,-0.04675670924853992,-0.48560098793642903,0.5042736753035878,0.6149414338330388,other
Eif3i,0.0541168125271414,0.0005390025262401732,-0.0073509660786166275,-0.057188032373465786,0.16081398497923238,0.2665947797787015,other
Map3k15,0.05403108872323874,-0.027368813038612883,-0.07890360263010879,0.1720613843584275,0.007559810778662305,0.06063301066345349,other
Vwf,0.053998342462351134,0.255446656434289,0.07049603366431678,0.503751972124529,0.946758392919716,0.9637626346604413,ratchet_cumulative
Traf3ip2,0.05391486121617886,-0.02764173897279673,-0.06039317926696064,0.0768308782756562,0.023180056414889752,0.08120979929419823,other
Wwtr1,0.05387246929245365,0.021058087018831995,0.014874744473834023,0.39907300851918515,0.013481568265476605,0.06644394176057601,other
Gzma,0.053854421564246885,-0.03352735008142429,-0.0756158474436993,-0.1466997352188905,0.05279870698063471,0.12722069169023034,other
Ccr4,0.05370779183888541,-0.058406950273221715,-0.06812100750430491,0.0681283516101288,0.03260630478301721,0.09515146493030366,other
Col12a1,0.05334973390848108,0.08058513188486877,-0.06775262720752828,-0.14073228836252882,0.14180099264371332,0.24321683371741143,other
Pdlim4,0.05331754464833438,0.12448806821213443,0.11113037999206932,0.5681506694494318,0.14180099264371332,0.24321683371741143,other
Mmp13,0.05331510777481345,-0.003078165339013089,0.010880469031059797,-0.11114369769973569,0.08252326938191985,0.1680443900667358,other
Lamp1,0.05324383037088376,-0.07582769319162441,0.16477606478772255,0.3796788062360098,0.6886643247682933,0.7701987986500909,other
C4b,0.05319565790449543,0.08971286953011148,0.16811369714763247,0.7317581707613469,0.25628023724432436,0.37159905917660563,other
Shmt1,0.053070032498041375,-0.03543027859122844,-0.01716231398228457,0.2702756138693796,0.01116262730740973,0.06326729099455225,other
Aebp2,0.052973661463078026,-0.07079448956190215,-0.1092321865658552,-0.32721500262383035,0.1816927632278722,0.29053755022739064,other
Ptgir,0.0529564807316443,-0.04357291699197939,-0.024868510743586703,0.27176747558347003,0.023180056414889752,0.08120979929419823,other
Idua,0.05277481252858207,-0.056067328043315934,0.09104233541841578,0.5669074513543565,0.42293676385905665,0.5393501081112619,other
Map4k4,0.05276177512513813,-0.10847026695663331,-0.1038456876151912,0.1496834586470713,0.14180099264371332,0.24321683371741143,other
Ripk2,0.052654533849472274,-0.014070255432757695,-0.08766993088667774,0.08429018684610827,0.08252326938191985,0.1680443900667358,other
Pdgfra,0.05251867830944934,0.0595322063642898,0.057744715412143766,0.10865726150958499,0.1816927632278722,0.29053755022739064,other
Kif4,0.05232080233024682,-0.02468741190053169,-0.027426486551494877,0.0840415432270932,0.006183281626511232,0.05819357855504391,other
Slc11a2,0.05203189052620927,-0.025655319897916695,0.015037548391643396,0.4681959346053743,0.0162163284475037,0.07051960052064482,other
Tssc4,0.05182570257064634,-0.011778510400004993,-0.12282485925532449,0.057188032373465786,0.3853315267895524,0.5025763534015615,other
Rtcb,0.05145204912585055,-0.026616871289845356,-0.019020606145839558,0.44109378013273176,0.20451844490430449,0.3170968350932697,other
Klhl36,0.05141654321329381,-0.0273800104854387,0.006692689714645539,0.39136505632971796,0.16081398497923238,0.2665947797787015,other
Btla,0.0511386091614493,-0.15857714816998936,-0.031668245870605294,0.2889238852955097,0.20451844490430449,0.3170968350932697,other
Cdipt,0.05113497659032262,-0.07078050280030257,-0.001381563124609464,0.16833173007320146,0.3853315267895524,0.5025763534015615,other
Ccl19,0.05111303335009587,-0.026571886333135564,-0.10336992862219846,0.34511734319291526,0.06151359999604334,0.1395822391369293,other
Mbd3,0.05103859847143455,-0.012986003102991805,0.02871639062367226,0.08453883046512334,0.14180099264371332,0.24321683371741143,other
Clec10a,0.050969446750163794,-0.13369982197818425,0.010935201259641508,0.3871381148064618,0.1816927632278722,0.29053755022739064,other
Fut4,0.05074962415055592,-0.039822940237528165,-0.03810994492283132,0.41051061499387825,0.01116262730740973,0.06326729099455225,other
Lif,0.050711387746803165,-0.01045602256773584,-0.046957988301553996,-0.3257231409097399,0.013481568265476605,0.06644394176057601,other
Clec1b,0.0506277225228988,-0.013285381459741667,-0.09013693636136381,0.311550454625881,0.0033008726972586534,0.05819357855504391,other
Ifnar1,0.05057388987572353,-0.015415399868341506,-0.07959029266698248,0.23347635825514945,0.25628023724432436,0.37159905917660563,other
Hmga1,0.050493818616082486,-0.03323319311546946,-0.08110174019221972,-0.19916353883106996,0.07138703353443834,0.153066522933657,other
Cd1d1,0.05047009780760389,-0.03453331793241225,-0.13453452794561882,-0.19021236854652748,0.08252326938191985,0.1680443900667358,other
Sec24c,0.05044822327340981,-0.028698913520173175,-0.021845005514364635,0.344122768716855,0.285318068487978,0.4017133500847849,other
Pom121,0.05035831587361028,-0.06598299375481909,-0.09433538117838869,-0.11238691579481103,0.946758392919716,0.9637626346604413,other
Exosc9,0.05019167749713149,-0.037948062279686945,-0.04999629082583312,-0.26430816701301796,0.10900678981544218,0.20241850558739374,other
Celsr1,0.050167806037948626,-0.026317880088195855,-0.06875336976236401,0.22651433692272754,0.007559810778662305,0.06063301066345349,other
Cks1b,0.05013883743593886,-0.01746877273430368,-0.02200517220021353,0.19443931006978366,0.023180056414889752,0.08120979929419823,other
Hmga1b,0.050098665578710566,-0.025798652068415612,-0.044506841115291934,-0.04848550570793838,0.013481568265476605,0.06644394176057601,other
Ncl,0.05007375729001984,-0.006916508890705719,-0.03483463802985631,-0.07334986760944524,0.038441132178322214,0.10446894791775259,other
Gpr107,0.049919776955443806,-0.02897540756169459,-0.04643222498009281,0.25734614568059605,0.0950279527318241,0.1838913455557795,other
Trem1,0.04988924941621514,8.698485951027374e-05,-0.07830019779103638,-0.05669074513543565,0.027547148107414817,0.08793366864575906,other
Mybbp1a,0.04982524755138651,0.03750309475525948,-0.00012285478502871428,0.25212462968127963,0.10900678981544218,0.20241850558739374,other
Bcor,0.04980468354567824,-0.08592454314610032,-0.06370653885046362,-0.28444830015323846,0.0950279527318241,0.1838913455557795,other
Cbr2,0.0496115616960458,0.04962580056260693,0.21945637320976913,0.5261298978358853,0.946758392919716,0.9637626346604413,other
Emd,0.049566594464390934,0.020293423684343503,-0.07922662900811306,0.1837476344521357,0.06151359999604334,0.1395822391369293,other
Angpt4,0.049460968328094976,-0.01815444738984914,0.01880375259161924,0.2474004009199933,0.0026556990473244895,0.05819357855504391,other
Ptges,0.04943583059735468,0.09043151052022602,-0.07068110659936389,0.2516273424432494,0.3165025922557979,0.43481813172551176,other
Parp1,0.04937772153383935,-0.10372599437812258,0.048100122022935565,0.4858496315554441,0.14180099264371332,0.24321683371741143,other
Ung,0.049332965903360504,-0.03707329342909188,-0.002711277066746759,0.14744566607593568,0.04514062557215464,0.11588441421417252,other
Sgk1,0.0492424109934797,0.08576280297646433,0.07137330331597802,0.35207936452533717,0.7893827550332574,0.8482497226510736,other
Rad54l,0.049199301160581466,-0.010262380647462654,-0.0073648754850156595,0.2541137786334001,0.01116262730740973,0.06326729099455225,other
Irf7,0.04914333372543786,-0.04411590887583807,-0.16418131573977174,-0.05097194189808907,0.1816927632278722,0.29053755022739064,other
Abcf1,0.049119016412654926,-0.019752428009695455,-0.03141857367400114,0.00024864361901506864,0.08252326938191985,0.1680443900667358,other
Raf1,0.049095010456458255,-0.049606773919954605,-0.09974582691273692,0.30309657157936865,0.0950279527318241,0.1838913455557795,other
Atp6ap2,0.048745725831113695,-0.11739447573456396,-0.008846246371128075,-0.18126119826198503,0.42293676385905665,0.5393501081112619,other
Gata3,0.04865845967853949,-0.05807397096461561,-0.03343765799044382,0.27301069367854536,0.038441132178322214,0.10446894791775259,other
Itga1,0.04862192364231038,-0.023521747435870766,-0.015136698403473203,-0.07931731446580689,0.06151359999604334,0.1395822391369293,other
Dgka,0.04855018546740142,-0.01080105395460157,-0.02625684549441243,0.4294075300390235,0.07138703353443834,0.153066522933657,other
Ppfibp1,0.048466206683310364,-0.06006542704762663,0.023916886775728452,0.5390593660246689,0.3853315267895524,0.5025763534015615,other
Blnk,0.04844494413284273,-0.1816314114842501,0.4072075016169685,0.6832726650534087,0.5931862546017165,0.690989514666215,other
Nras,0.04830475520243299,-0.07386386511130011,-0.04111321499154258,0.04575042589877263,0.06151359999604334,0.1395822391369293,other
Col18a1,0.04828018850078242,-0.1569343629345452,0.13067403043397685,0.5527347650704976,0.25628023724432436,0.37159905917660563,other
Ttk,0.04818376704567781,-0.030692569981919174,-0.021309468836151063,0.05395566532626989,0.0194271256064567,0.07507406645343609,other
Ccr6,0.048064019490159954,-0.22195575636295675,-0.02968624349155452,0.3679925561423016,0.34984355386886234,0.4674049157373145,other
Map2k3,0.04804130699069725,0.02912060644377676,-0.05917774944494114,0.20015811330713026,0.0950279527318241,0.1838913455557795,other
Scarb1,0.047962970280165385,-0.02718736245229786,-0.051183320569417434,-0.22104417730439604,0.05279870698063471,0.12722069169023034,other
Aldh1l2,0.04793808106630171,-0.05907053861653766,0.08367924989754216,0.07459308570452058,0.1816927632278722,0.29053755022739064,other
Agps,0.047868613811323124,-0.049179068602035914,-0.03459439135543341,-0.2772376352018015,0.023180056414889752,0.08120979929419823,other
Rbl1,0.047848424694546726,-0.02747107748412428,-0.040967180732934705,0.16733715559714119,0.05279870698063471,0.12722069169023034,other
Sf1,0.04777676704239209,-0.005504133156712054,-0.05687779404141491,-0.3021019971033084,0.04514062557215464,0.11588441421417252,other
Mef2a,0.04774197475496833,0.04035195715877804,-0.03811084685610999,0.5514915469754221,0.25628023724432436,0.37159905917660563,other
P2ry2,0.047672056837409854,0.03514955764969144,-0.03443867542060697,0.5412971585958045,0.08252326938191985,0.1680443900667358,other
Tmem120a,0.047580981331790784,0.044756123568283845,-0.015775783748589567,0.449050375941214,0.285318068487978,0.4017133500847849,other
Ppp2r1b,0.04737930880167296,-0.03490929118062719,0.014001280377598013,0.48261726450824816,0.0194271256064567,0.07507406645343609,other
Ccnb1,0.04734180640061776,-0.04475289951429111,-0.022078614722670323,0.006713377713406852,0.023180056414889752,0.08120979929419823,other
Slc12a7,0.04730321327965714,0.12596623058032663,0.021019164465214235,0.6009716271594209,0.34984355386886234,0.4674049157373145,other
Nfatc2,0.04708629316811286,-0.058983880860450255,-0.00016581628589840136,0.36600340719018104,0.10900678981544218,0.20241850558739374,other
Rap2a,0.04699015614045976,-0.016771825598963952,0.13229503917097296,0.6857591012435593,0.42293676385905665,0.5393501081112619,other
Ubash3b,0.04692357808252645,-0.03481314840106564,-0.03898232859375994,-0.17653696950069872,0.16081398497923238,0.2665947797787015,other
Mad1l1,0.04690954659022961,-0.03277901799901173,-0.05861188942123108,-0.19443931006978366,0.22936158549541563,0.3421975570670124,other
Washc5,0.046884817609974205,-0.014522152157704804,0.006594123357851256,0.4400992056566715,0.16081398497923238,0.2665947797787015,other
Cnot9,0.04684094212283152,-0.018429513057176106,-0.05944254507469293,-0.278978140534907,0.14180099264371332,0.24321683371741143,other
Ect2,0.046586065928607534,-0.0484371552773816,-0.03222047299302511,0.030334521519838373,0.03260630478301721,0.09515146493030366,other
Gja4,0.04656163667338245,-0.009052531426942345,-0.08105839115308439,-0.30359385881739875,0.10900678981544218,0.20241850558739374,other
Itga7,0.04630063101375681,0.04614543111538827,0.0069528539654436505,0.07981460170383703,0.5478383165397469,0.6526210305159386,other
Pafah1b3,0.04629844159989016,-0.047670058586734454,0.03506676667001185,0.35307393900139744,0.14180099264371332,0.24321683371741143,other
Zbtb7b,0.04618519920579017,-0.04379211203705577,-0.010485902076152409,0.31428553443504675,0.038441132178322214,0.10446894791775259,other
Fosb,0.046168607488292907,0.040763320951188675,-0.16870666041103416,-0.10666811255746445,0.8412192411771064,0.8871323856200991,other
Notch2,0.04616778152019241,0.048702773795543663,-0.04339139660098268,0.5477618926901963,0.01116262730740973,0.06326729099455225,other
H2-DMb2,0.04583840466215208,-0.1400721195617549,-0.020910430013505538,0.41299705118402896,0.22936158549541563,0.3421975570670124,other
Cd69,0.04581858858190298,-0.04671111375510321,-0.07393019450883181,0.0007459308570452059,0.03260630478301721,0.09515146493030366,other
Supt16,0.04555406878226553,-0.0025838003470863846,-0.03153979513516725,-0.021134707616280834,0.0050366811503910055,0.05819357855504391,other
Stat5b,0.04555007548582357,-0.01754903939718111,-0.030228627776079597,0.37346271576063306,0.05279870698063471,0.12722069169023034,other
Il17a,0.045410259420091,-0.01011040987172134,-0.08085865268013287,-0.14222415007661923,0.013481568265476605,0.06644394176057601,other
Irf3,0.04539483478909867,0.01706769212607684,0.02988750211777047,0.5634264406881455,0.08252326938191985,0.1680443900667358,other
Nagk,0.04534570643007363,0.023230734382771234,0.12697654546514459,0.6986885694323428,0.3853315267895524,0.5025763534015615,other
Supt20,0.04532481337024108,-0.016032119632150565,-0.05861233425325951,-0.07185800589535483,0.3165025922557979,0.43481813172551176,other
Hat1,0.045267569079890935,-0.010697968061320617,-0.07894083847946498,-0.2456598955868878,0.12456406214237814,0.2225573663706728,other
Abi1,0.045153474197977994,-0.02897384669495562,-0.020616323175248974,0.051469229136119204,0.285318068487978,0.4017133500847849,other
Prrx1,0.045039324684986726,0.02975679493229899,0.011133696733434784,0.4878387805075647,0.1816927632278722,0.29053755022739064,other
Brd2,0.045018349407174085,0.006688486153630491,-0.04032782905790944,0.35381986985844266,0.05279870698063471,0.12722069169023034,other
Gbx2,0.04500632429061491,0.009664757216780034,0.018572611096476593,0.373214072141618,0.05279870698063471,0.12722069169023034,other
Mms19,0.04492079179530495,-0.005232974532372481,0.014436518664567632,0.4967899507921071,0.023180056414889752,0.08120979929419823,other
Pdgfa,0.04438800612805904,0.048330518036397874,0.07260386147454412,0.3727167849035879,0.1816927632278722,0.29053755022739064,other
Cdkn2a,0.04429245746513745,-0.0136510405089941,0.037518138771883466,0.6056958559207072,0.004085851125205444,0.05819357855504391,other
Usp3,0.04423525126029826,-0.0053724396592522705,-0.05135769657960715,0.32597178452875497,0.05279870698063471,0.12722069169023034,other
Brip1,0.04405750706850313,-0.03363970886528847,-0.04771582756196617,0.0895117028454247,0.06151359999604334,0.1395822391369293,other
Selenof,0.04402062435418075,0.05530135437916939,0.03311763417699409,0.5559671321176933,0.42293676385905665,0.5393501081112619,other
Ctdsp1,0.04399516596768693,0.059853324840389854,0.07169476243276773,0.32646907176678513,0.25628023724432436,0.37159905917660563,other
Smarca4,0.043966410493240904,-0.030796107775301396,-0.059323177845781006,-0.32000433767239334,0.10900678981544218,0.20241850558739374,other
Tmem43,0.043661392100532215,0.038633913350102245,-0.01595235248548521,0.5112112806949811,0.20451844490430449,0.3170968350932697,other
Cux1,0.04360509146064717,-0.01770500697595323,0.018204017633768554,0.20164997502122065,0.34984355386886234,0.4674049157373145,other
Ppp4r3a,0.043599778335342565,-0.007151323289171785,-0.05381465487194359,0.40081351385229064,0.34984355386886234,0.4674049157373145,other
Sstr3,0.043369058720790554,-0.019357095489645954,0.017424492610223413,-0.25212462968127963,0.3853315267895524,0.5025763534015615,other
Tyk2,0.04336018418301191,0.008271309830035434,-0.020616230792271484,0.4940548709829413,0.25628023724432436,0.37159905917660563,other
Cd40lg,0.0432900423949327,-0.04544651081217145,-0.06377574362460205,0.1511753203611617,0.0194271256064567,0.07507406645343609,other
Ptger2,0.043272961502686266,-0.02944501586631769,-0.02933862189276068,0.23198449654105904,0.0194271256064567,0.07507406645343609,other
Tbc1d1,0.04324920020008832,-0.0050001799466039,-0.024001986557620092,0.2267629805417426,0.06151359999604334,0.1395822391369293,other
Brca1,0.043232034415205026,-0.032102676104872996,-0.028001543078739866,0.00721066495143699,0.01116262730740973,0.06326729099455225,other
Rad51,0.043203172462241674,-0.01558565465734274,-0.022121379204389724,-0.10865726150958499,0.05279870698063471,0.12722069169023034,other
Gipc1,0.04318024127358311,-0.11500504104570575,-0.0068900597030225885,0.16833173007320146,0.4626083472826239,0.5766777075974254,other
Tcof1,0.04316369407587972,-0.021772522282801576,-0.018557381693770192,0.2672918904411988,0.07138703353443834,0.153066522933657,other
Sorbs1,0.04251881075729447,0.18639739733685268,-0.08332828799774372,-0.05370702170725482,0.42293676385905665,0.5393501081112619,other
Tnpo1,0.04246001737690719,-0.05785303186941593,-0.09086628471260894,-0.1536617565513124,0.4626083472826239,0.5766777075974254,other
Sp1,0.04245317441449803,0.02880342584317419,-0.005053346494589994,0.4249319448967523,0.03260630478301721,0.09515146493030366,other
Ccnd3,0.04235563504093687,0.09480473675917112,-0.0905529257670239,0.31776654510125774,0.07138703353443834,0.153066522933657,other
Tnfsf12,0.04209148173668764,0.07712560310516592,0.13499982224471196,0.702915510955599,0.5931862546017165,0.690989514666215,other
Cdhr1,0.04207973809806961,-0.019664572124346663,-0.08267250248270136,0.0681283516101288,0.22936158549541563,0.3421975570670124,other
Sfxn3,0.042050142383600275,0.018328602321198817,-0.0284554322207049,-0.35829545500071386,0.0950279527318241,0.1838913455557795,other
Atf6,0.04204763181517146,-0.0020020714708119947,-0.02963237063336477,-0.025858936377567136,0.14180099264371332,0.24321683371741143,other
Ext2,0.04201884880623519,0.006335955243440772,0.017404975725104688,0.3466092049070057,0.08252326938191985,0.1680443900667358,other
Prickle3,0.0420031655942929,-0.0013754907255331683,-0.018612202090226904,0.5440322384049702,0.023180056414889752,0.08120979929419823,other
Mthfr,0.04197954812930721,0.003655867577584182,-0.02357271369520242,0.3771923700458591,0.013481568265476605,0.06644394176057601,other
Thrap3,0.04194502907427533,0.038296840179572245,-0.01970310087277838,-0.08105781979891238,0.08252326938191985,0.1680443900667358,other
Rhog,0.041858233534803,-0.08023386676383959,-0.04781958063236269,0.030334521519838373,0.285318068487978,0.4017133500847849,other
Eya3,0.041832699496479164,-0.03618776126350909,-0.022367055734637487,0.24764904453900835,0.08252326938191985,0.1680443900667358,other
Chek2,0.041786704851035084,-0.045183346796475454,0.027364961302440538,0.5109626370759661,0.22936158549541563,0.3421975570670124,other
Pfkp,0.041472669061851875,-0.04026134823085492,-0.07067408333675607,-0.4224455087066016,0.6886643247682933,0.7701987986500909,other
Sigmar1,0.041224749383581116,-0.020709773167806755,0.010743839493499219,-0.05370702170725482,0.285318068487978,0.4017133500847849,other
Cd82,0.04104575339446126,-0.07781253596188265,-0.10998223380516658,0.14023500112449871,0.285318068487978,0.4017133500847849,other
Sphk2,0.04099722348906143,-0.013788101219604276,-0.031542312395739236,0.38788404566350704,0.5478383165397469,0.6526210305159386,other
Elf2,0.04090764034072869,-0.04919691532145665,-0.05137693485091188,0.3423822633837495,0.08252326938191985,0.1680443900667358,other
Smad3,0.04079530974944767,0.028113490174392686,0.05522824261523929,0.6633811755322031,0.0194271256064567,0.07507406645343609,other
Rac1,0.040750696079983495,-0.09724838046805084,0.024911115441125897,-0.020637420378250695,0.34984355386886234,0.4674049157373145,other
Wdr5,0.04068177045958221,0.002685984762522353,-0.01983053054842232,0.38564625309237144,0.14180099264371332,0.24321683371741143,other
Rab4b,0.04061934311392035,-0.024245967286699033,-0.09040473983913178,-0.6183766804904757,0.20451844490430449,0.3170968350932697,other
Ctnna1,0.040559485851866084,0.07362519250938604,0.0019173047000531351,-0.06365276646785757,0.3853315267895524,0.5025763534015615,other
Rxra,0.04055569239369183,0.05405148089120848,0.13177608083024528,0.6482139147722839,0.20451844490430449,0.3170968350932697,other
Zdhhc6,0.04048075971744913,-0.028368409365344793,-0.030227497952888593,0.3284582207189057,0.07138703353443834,0.153066522933657,other
Tiparp,0.04044189468082826,-0.016262857671199282,-0.06112478514722719,0.09249542627360553,0.25628023724432436,0.37159905917660563,other
Sox11,0.04019457975500962,0.007236174825695718,0.023755417385477873,0.05495023980233017,0.5931862546017165,0.690989514666215,other
Yipf1,0.03986893309756934,-0.03524500746178422,-0.016094454998426988,0.22626569330371246,0.08252326938191985,0.1680443900667358,other
Mmp2,0.0398416384691318,-0.10840499138987947,0.11269875157977571,0.5679020258304167,0.3165025922557979,0.43481813172551176,other
Sh2d1a,0.039681680174843026,-0.07759328926507279,-0.0580353117434458,0.2153253740670494,0.07138703353443834,0.153066522933657,other
Grb2,0.03967698851411394,0.03208203788258257,-0.005233938736833865,0.3488469974781413,0.4626083472826239,0.5766777075974254,other
Ywhae,0.03964166705505079,-0.05915838198114942,0.02499936026948113,0.1578886980745686,0.7893827550332574,0.8482497226510736,other
Kif20b,0.03957771616596384,-0.030484201788384013,-0.023143328473337263,0.13575941598222746,0.027547148107414817,0.08793366864575906,other
Rapgef1,0.03957624292325401,-0.07108480211331947,-0.09010193269226408,0.09000899008345484,0.14180099264371332,0.24321683371741143,other
Abcb1b,0.03952639096249633,0.013054166016964575,0.01535942374891136,0.5892853770657126,0.12456406214237814,0.2225573663706728,other
Cd28,0.039494497531302755,-0.0634941783570398,-0.04083497884239731,0.2409356668256015,0.05279870698063471,0.12722069169023034,other
Mitf,0.039443137321009736,-0.02638092749379195,0.0005268213473640926,0.5084762008858154,0.08252326938191985,0.1680443900667358,other
F11r,0.039382766571100625,0.04571563069420115,-0.09656282047156639,0.44159106737076187,0.5478383165397469,0.6526210305159386,other
Klhl18,0.039360390329023276,-0.03535883172000409,-0.017668131846851787,0.16311021407388504,0.42293676385905665,0.5393501081112619,other
Glb1,0.0393554801561502,-0.02597631850984472,0.2191812495863894,0.695953489623177,0.7384623534985825,0.8086939598961506,other
Sp3,0.03928207555352792,-0.023029218882526736,-0.08006126316447637,-0.14197550645760418,0.34984355386886234,0.4674049157373145,other
Kpnb1,0.039127924578167494,-0.051227688735485444,-0.06200969801662337,-0.5547239140226182,0.34984355386886234,0.4674049157373145,other
Selenoh,0.039104327540740474,-0.029649100352057756,0.004414951981743492,0.04052890989945619,0.00920502620895087,0.06294214301857694,other
Nsun2,0.03909229293147032,-0.019508870138690293,-0.006442404250646017,0.3045884332934591,0.14180099264371332,0.24321683371741143,other
Mlx,0.03888954248674292,-0.020960060656524393,-0.025103354888144302,-0.040280266280441124,0.027547148107414817,0.08793366864575906,other
Xrcc1,0.03888540333531909,0.014698931966251827,0.006461069283188681,0.3127936727209563,0.1816927632278722,0.29053755022739064,other
Ada,0.03883184825650507,0.03568246656034088,0.0691422558138533,0.677802505435077,0.285318068487978,0.4017133500847849,other
Ptpn23,0.03875814486207907,-0.011266103292391971,0.0003547936956298514,0.32373399195761937,0.6886643247682933,0.7701987986500909,other
Zdhhc7,0.038690245530776046,-0.028255365861367565,-0.035267326031907964,0.37172221042752757,0.3165025922557979,0.43481813172551176,other
Tdg,0.03864228698946315,-0.052495539907782884,-0.09126212985350723,-0.5139463605041469,0.3165025922557979,0.43481813172551176,other
Nup62,0.03864107549081869,0.002592399050740324,0.009847139777340419,0.39509471061494406,0.03260630478301721,0.09515146493030366,other
Idh1,0.038616657491365114,-0.10219042290133262,0.004188342096656195,-0.27102154472642476,0.25628023724432436,0.37159905917660563,other
Ccl24,0.03853811083265566,-0.0009332112042794369,-0.05925834868470036,-0.3761977955697988,0.03260630478301721,0.09515146493030366,other
Jade2,0.0385176119638766,0.0714931562871799,0.0480669563134839,0.5838152174473811,0.4626083472826239,0.5766777075974254,other
Ezh2,0.03843977597002962,-0.05008886942280155,-0.03206399271250454,-0.14943481502805622,0.07138703353443834,0.153066522933657,other
Cd226,0.03835754863411646,-0.036147257184711554,-0.028020581620869955,0.35481444433450293,0.04514062557215464,0.11588441421417252,other
Mapk14,0.03819679043273805,-0.004945992787055098,-0.05161601257408899,0.4691905090814345,0.0194271256064567,0.07507406645343609,other
Arhgap17,0.03809457957406415,-0.046894460713104325,0.026519002054223084,0.4301534608960687,0.4626083472826239,0.5766777075974254,other
Jag1,0.03807096637429608,0.04106270877227958,-0.10669614525350812,-0.06638784627702332,0.34984355386886234,0.4674049157373145,other
H2afx,0.03805547929712638,-0.05936446135251161,-0.06346414518306787,-0.23123856568401385,0.25628023724432436,0.37159905917660563,other
Tepsin,0.0379989473683251,-0.025039972217853812,-0.05498357933435016,0.2802213586299823,0.07138703353443834,0.153066522933657,other
Adora2a,0.0377372619957867,-0.04949509276835315,-0.0825995364114415,0.27872949691589194,0.16081398497923238,0.2665947797787015,other
Vps25,0.037620532910842996,-0.00038866520018643325,0.0067247622676076535,0.20189861864023573,0.0950279527318241,0.1838913455557795,other
Nlrp12,0.037530524714430684,-0.0033559510836343436,-0.04567977656480436,-0.17877476207183435,0.06151359999604334,0.1395822391369293,other
Pbx2,0.037529694458634966,-0.048843767796126425,-0.02261796899970525,0.1909582994035727,0.14180099264371332,0.24321683371741143,other
Haspin,0.03751438798111301,-0.026567225465910907,-0.024098767393464254,0.31378824719701665,0.013481568265476605,0.06644394176057601,other
Vps54,0.03735542557695959,-0.026194152797980763,-0.08558872441403209,0.1790234056908494,0.3165025922557979,0.43481813172551176,other
Flot2,0.03708236542922405,0.01465153979508349,-0.06409849899574316,-0.41871585442137554,0.42293676385905665,0.5393501081112619,other
Dysf,0.03703241729006668,0.01555969656059858,-0.04053793489095581,-0.08105781979891238,0.14180099264371332,0.24321683371741143,other
Lpar5,0.03690116590991424,-0.06708759157754737,0.04902556110213424,0.5532320523085277,0.16081398497923238,0.2665947797787015,other
Sgo2a,0.03677260276271839,-0.024204926844748023,-0.031361565730009575,0.017405053331054805,0.0194271256064567,0.07507406645343609,other
Mafk,0.036721532791509304,-0.0041149522466351895,-0.015567420252567077,0.30259928434133854,0.0950279527318241,0.1838913455557795,other
F2r,0.03667692268235612,0.024830132374123626,-0.025881702848407295,0.27102154472642476,0.07138703353443834,0.153066522933657,other
Cxcl5,0.0366537506172301,-0.0005463304779281045,-0.02424620128522402,0.03381553218604933,0.023180056414889752,0.08120979929419823,other
Leo1,0.03652391722546955,-0.023117981799873455,-0.040638490132511085,-0.28171322034407276,0.1816927632278722,0.29053755022739064,other
Faap100,0.03638439484296513,-0.004183600760593376,0.04198838274843736,0.4525313866074249,0.04514062557215464,0.11588441421417252,other
Ly6k,0.036350394537870895,-0.0005637105945227316,0.035445939306332025,0.4488017323221989,0.14180099264371332,0.24321683371741143,other
Rras2,0.036319918722985345,-0.0435739740278388,-0.04583496009354415,0.16286157045486996,0.22936158549541563,0.3421975570670124,other
Fscn1,0.0362753522661996,-0.2803677530695112,-0.1742416943251186,-0.3709762795704824,0.7893827550332574,0.8482497226510736,other
Kif21b,0.03619449601588132,-0.07644030634623444,0.016235359958257423,0.2322331401600741,0.3853315267895524,0.5025763534015615,other
Fabp7,0.03615554783574404,-0.36647299207805517,0.12564915032999036,0.2304926348269686,0.34984355386886234,0.4674049157373145,other
Uts2,0.036010741715320926,-0.001685766982512632,-0.02582537897770129,-0.3135396035780016,0.7893827550332574,0.8482497226510736,other
Iqgap3,0.03569261152109919,-0.02742402089408802,-0.015125105369314398,0.26057851272779187,0.013481568265476605,0.06644394176057601,other
Ecscr,0.035683555789261745,0.03313788812157634,-0.028170124567745702,0.04972872380301372,0.04514062557215464,0.11588441421417252,other
Rhod,0.03566900224065872,0.01012595980260711,0.020304069378232148,0.6250900582038825,0.03260630478301721,0.09515146493030366,other
Orai1,0.03554006449787345,0.0010041437390304053,-0.02064222334009952,0.3510847900492769,0.04514062557215464,0.11588441421417252,other
Rorc,0.03547204447846258,0.014923455384655615,-0.061026960312327266,0.49803316888718246,0.10900678981544218,0.20241850558739374,other
Nod1,0.03535742583265422,-0.013185013725007466,-0.09284132824449498,-0.03157773961491372,0.20451844490430449,0.3170968350932697,other
Axin1,0.03527326465280878,-0.0030280721851453363,-0.030636908290336662,0.39907300851918515,0.0162163284475037,0.07051960052064482,other
Eme1,0.0350874606349439,-0.018479265129611053,-0.016118684957130466,0.09597643693981649,0.006183281626511232,0.05819357855504391,other
C6,0.03501709671630837,0.07977119398337013,0.2420935816606726,0.9053114168338648,0.5042736753035878,0.6149414338330388,other
Nkx2-2,0.03493907279835956,-0.09639117096159872,-0.028406889857740814,-0.3170206142442125,0.6886643247682933,0.7701987986500909,other
Pde3b,0.03493647162046737,-0.07332686283120632,-0.01630308735095609,0.43885598756159616,0.06151359999604334,0.1395822391369293,other
Spdl1,0.034730546001080484,-0.021234086369665672,-0.012890231208984776,0.13973771388646855,0.0050366811503910055,0.05819357855504391,other
Ctsk,0.034727387399295595,0.038890228427736595,0.08898696439968923,0.6551759361047058,0.5478383165397469,0.6526210305159386,other
Cd96,0.03463327193236662,-0.04243756753556566,-0.04001903696735419,0.206622847401522,0.0194271256064567,0.07507406645343609,other
Mcub,0.034526639372329415,0.0026185777743936434,-0.03465321981469571,0.144959229885785,0.0021277894149469047,0.05819357855504391,other
Bub1,0.034449665596265194,-0.030404687455909334,-0.0252172115039334,0.0420207716135466,0.04514062557215464,0.11588441421417252,other
Phc2,0.034387055403505284,-0.010721666022770915,-0.07900262848477713,-0.23024399120795355,0.038441132178322214,0.10446894791775259,other
Clic4,0.034318785812494035,0.09247106142147099,-0.15026457143389194,-0.2068714910205371,0.285318068487978,0.4017133500847849,other
Nrp2,0.034205118996720074,0.09638536827870281,-0.030576511325260958,0.5241407488837646,0.3165025922557979,0.43481813172551176,other
Sema4d,0.03417082861439669,-0.1904067973674044,0.012115001354463306,0.1720613843584275,0.7384623534985825,0.8086939598961506,other
Mad2l2,0.03411708717068873,0.005255887982046348,0.001840145046904773,0.08230103789398772,0.3165025922557979,0.43481813172551176,other
Sept2,0.0339322857159976,-0.04421268847876303,0.024266425296943783,0.5017628231724085,0.34984355386886234,0.4674049157373145,other
Mlec,0.0338680702323787,-0.05628444574839708,0.02090844473755682,0.09000899008345484,0.285318068487978,0.4017133500847849,other
Pdap1,0.033792581127706,-0.027913762966605304,-0.030299244240582057,-0.47515795593779614,0.3853315267895524,0.5025763534015615,other
Taf5l,0.03372944074605422,-0.006179878325449972,-0.02991282546404639,0.03655061199521509,0.027547148107414817,0.08793366864575906,other
Mt1,0.03366544517279024,0.08783549194038043,0.09582135683423043,0.3418849761457194,1.0,1.0,other
Snap29,0.03361692255781479,-0.005331096259787671,-0.013746962165167353,0.24541125196787275,0.07138703353443834,0.153066522933657,other
Ccnd2,0.033566542326167514,-0.06605726199203388,0.015552263351563234,0.2941454012948262,0.22936158549541563,0.3421975570670124,other
Ddx6,0.033546941362740945,-0.11954988589041404,-0.05974555374782775,-0.18797457597539188,0.5478383165397469,0.6526210305159386,other
Psmd9,0.03353121580638185,-0.010983184841391491,-0.04823729423895262,-0.13501348512518227,0.4626083472826239,0.5766777075974254,other
Dock7,0.03341685722362209,0.03359423461468369,0.020177101848384504,0.48361183898430843,0.16081398497923238,0.2665947797787015,other
Bbc3,0.03339766370068781,-0.036944948065090744,-0.01707180477007203,0.41598077461220984,0.03260630478301721,0.09515146493030366,other
Becn1,0.03337370277261131,-0.01471988980440675,-0.0844429787960741,-0.42965617365803854,0.25628023724432436,0.37159905917660563,other
Mbnl1,0.03324186656953021,-0.1117148218369608,0.024431691890143048,0.28668609272437406,0.22936158549541563,0.3421975570670124,other
Polr2f,0.03318830812918194,0.03245111000044565,0.006923718927872802,-0.05768531961149592,0.8412192411771064,0.8871323856200991,other
Acvr1b,0.033127621950868935,0.020074376223230272,-0.04484522918363898,-0.19518524092682887,0.285318068487978,0.4017133500847849,other
Ccr9,0.03312060761720472,-0.04478119342219365,-0.0507518565539212,0.3003614917702029,0.05279870698063471,0.12722069169023034,other
Bclaf1,0.03301491073784679,0.004974622383482785,-0.05389873261155409,-0.37246814128457284,0.285318068487978,0.4017133500847849,other
Cd79a,0.033005352575755764,-0.468474220371585,0.0328590208990881,0.4833631953652935,0.7384623534985825,0.8086939598961506,other
Grk5,0.03298173039158642,0.028903589124212425,-0.07402416436489989,0.0,0.42293676385905665,0.5393501081112619,other
Wdr36,0.032868972642097205,-0.004534294189917354,-0.0119092524874016,-0.12606231484063982,0.34984355386886234,0.4674049157373145,other
Lamtor2,0.03282534392931957,-0.05308113341007825,0.032976083277309165,0.09100356455951512,0.4626083472826239,0.5766777075974254,other
Ankle2,0.032750283736923125,-0.03665516420178161,-0.019391422378552514,0.485352344317414,0.10900678981544218,0.20241850558739374,other
Lfng,0.032595770524111556,0.03050520686147329,-0.05742170747909414,-0.07334986760944524,0.7384623534985825,0.8086939598961506,other
Lratd2,0.0324657970894221,-0.016209800400555308,0.04664114626723981,0.6576623722948565,0.03260630478301721,0.09515146493030366,other
Fst,0.03241083480911501,0.004292444766832874,0.002424332882532687,0.4530286738454551,0.1816927632278722,0.29053755022739064,other
Sertad1,0.03230115273004418,0.018325055325632278,-0.024698649781760368,0.25610292758552067,0.10900678981544218,0.20241850558739374,other
Eng,0.03228111277786083,0.1018568067632013,-0.11372080204258839,0.022626569330371247,0.285318068487978,0.4017133500847849,other
Golga3,0.032152542749458446,0.04234470217752562,-0.015944983516241296,-0.03729654285226029,0.1816927632278722,0.29053755022739064,other
Ror1,0.03207462108899212,0.03293572742472736,0.01709562186765018,0.6474679839152387,0.285318068487978,0.4017133500847849,other
Angpt2,0.03196805649079834,0.0502501796913363,-0.03633935284445028,0.036053324757184944,0.34984355386886234,0.4674049157373145,other
Supt5,0.031930419557172796,-0.003132125726513113,-0.0294554067296251,0.04923143656498359,0.42293676385905665,0.5393501081112619,other
Pik3ca,0.03189052311830054,-0.0711189819121717,-7.129266615657492e-05,-0.1258136712216247,0.3853315267895524,0.5025763534015615,other
Erp44,0.03179589553540274,0.007222088501308344,-0.022305504934305498,0.1325270489350316,0.5042736753035878,0.6149414338330388,other
Inpp5b,0.031767696349693786,0.011686969720737572,-0.04637822806228198,0.07509037294255072,0.0950279527318241,0.1838913455557795,other
Tnfsf10,0.03173550912252848,-0.03511856155943843,-0.1313099005216622,-0.06787970799111373,0.42293676385905665,0.5393501081112619,other
Ackr4,0.03164929099899828,0.012469571457066043,-0.01698753345843758,0.07558766018058086,0.023180056414889752,0.08120979929419823,other
Ago2,0.031506074503792725,0.006187915503662156,0.014194796692637457,0.4831145517462783,0.3853315267895524,0.5025763534015615,other
Adrb1,0.031493954650493566,0.016484053003498145,-0.0056884350780207205,-0.1544076874083576,0.0162163284475037,0.07051960052064482,other
Rtn4,0.03149365337153398,-0.016863037885186838,0.06993689469177777,0.3819165988071454,0.7893827550332574,0.8482497226510736,other
Gdnf,0.031460066141732024,0.009070427843582252,0.026119245885332057,0.4888333549836249,0.0950279527318241,0.1838913455557795,other
Abraxas2,0.03129876005823795,-0.02991763465037134,-0.017708693125536246,0.3928569180438084,0.08252326938191985,0.1680443900667358,other
Tead3,0.031089792986045528,0.08624012221914695,0.031216876597710497,0.35680359328662353,0.5042736753035878,0.6149414338330388,other
Ranbp2,0.03078167361979689,0.009369703144176844,-0.048270315905709626,-0.11288420303284115,0.3165025922557979,0.43481813172551176,other
Gpr39,0.030746527110995053,-0.003879833881456036,-0.019952563337830534,0.3205016249104235,0.0021277894149469047,0.05819357855504391,other
Tpr,0.030718946293824656,-0.01770305275393813,-0.08352045685412057,-0.30185335348429326,0.5478383165397469,0.6526210305159386,other
Cops5,0.03044914340484761,0.009176869912400631,-0.04135855201297045,0.017902340569084938,0.7384623534985825,0.8086939598961506,other
Psmd13,0.030380703062215186,0.027965995832166524,-0.07251231012831316,0.10119795293913293,0.7384623534985825,0.8086939598961506,other
Leprot,0.030330271174437318,0.0022388243892457194,-0.0016849586179206177,0.20239590587826586,0.42293676385905665,0.5393501081112619,other
Col6a3,0.030254798246726722,-0.0829412104861047,-0.011610425206249442,0.23422228911219464,0.5931862546017165,0.690989514666215,other
Clec14a,0.030054989061588544,0.012422436135826831,-0.011694550867011655,0.29538861938990146,0.5931862546017165,0.690989514666215,other
Riox1,0.02996985321647294,-0.020790389749812177,-0.03362197838344971,0.21930367197129053,0.16081398497923238,0.2665947797787015,other
Knl1,0.02995791211136603,-0.03178680929413988,-0.030647844913401764,0.024367074663476727,0.038441132178322214,0.10446894791775259,other
Dhfr,0.029946473455505718,-0.02357372257780249,-0.023650297777075335,-0.10094930932011786,0.07138703353443834,0.153066522933657,other
Lyar,0.0299000183133859,-0.015526139390011517,-0.0487514674556469,-0.3165233270061824,0.10900678981544218,0.20241850558739374,other
Micu2,0.029804158845651463,0.02732435187328286,-0.002869276095855966,0.6208631166806264,0.06151359999604334,0.1395822391369293,other
Mre11a,0.029574462812835267,-0.016361422307503037,-0.015175427266470476,0.41697534908827005,0.0950279527318241,0.1838913455557795,other
B3gnt2,0.029551327329923938,-0.022478771935622754,0.004778062499951385,0.5758586216388989,0.34984355386886234,0.4674049157373145,other
Pmm2,0.02932797501082668,-0.010035070873501972,-0.02719751499907963,-0.02163199485431097,0.16081398497923238,0.2665947797787015,other
Srp72,0.029086967224756455,-0.0007619005171645155,0.018415829238252468,0.2332277146361344,0.10900678981544218,0.20241850558739374,other
Cbfb,0.02902276969919948,-0.04573555422536324,-0.018899055685204225,0.3476037793830659,0.5042736753035878,0.6149414338330388,other
Dnttip1,0.028818657256611147,0.0007976917685161844,-0.0366383064054967,-0.22303332625651656,0.10900678981544218,0.20241850558739374,other
Pmaip1,0.02880150108333432,-0.01775373353020654,-0.03582989487363783,0.4704337271765099,0.42293676385905665,0.5393501081112619,other
Llgl2,0.028715723013285288,-0.0037515950951582805,-0.009845329731550917,0.5669074513543565,0.0162163284475037,0.07051960052064482,other
Psmd3,0.028616974689655406,0.008599055788307552,-0.10770035387777144,-0.604949925063662,0.5042736753035878,0.6149414338330388,other
Ndc80,0.028556482154418,-0.013433129150928744,-0.022664670002046874,0.1790234056908494,0.01116262730740973,0.06326729099455225,other
Psmd10,0.028534738717508334,-0.030270784404627826,-0.045228870757106576,-0.25560564034749056,0.05279870698063471,0.12722069169023034,other
Lipg,0.028397913644049255,-0.0010000737466157525,-0.04870505952725107,-0.47117965803355505,0.6886643247682933,0.7701987986500909,other
Trib3,0.028353938880787577,0.007950368012155151,-0.005915863429828722,0.3180151887202728,0.14180099264371332,0.24321683371741143,other
Cd5l,0.028324435792186048,0.010059483709419406,0.09592732506164244,0.7573684635198991,0.6401805361005117,0.7312048622142209,other
Gpd1,0.028296632814751366,0.07796567921948427,-0.038449699329199616,-0.33765803462246324,0.6886643247682933,0.7701987986500909,other
Smarcc1,0.028257109918089385,-0.021599117112388044,-0.012148198535650856,-0.08354425598906307,0.25628023724432436,0.37159905917660563,other
Bdkrb1,0.028180300964391995,-0.004328256660888555,-0.018134387690413437,0.13128383083995623,0.0016977516303800164,0.05819357855504391,other
Nod2,0.02801526437324646,-0.00817406991586949,-0.03902254212211269,0.0014918617140904117,0.00920502620895087,0.06294214301857694,other
Rcc2,0.02798431713140659,-0.039371487976748054,0.01580849638207593,0.37570050833176866,0.3165025922557979,0.43481813172551176,other
Spsb1,0.027720808168972155,0.028316378778438622,-0.10330275837065406,0.2916589651046755,0.3165025922557979,0.43481813172551176,other
Ppp6r3,0.027718677110474266,0.03853089006385768,-0.05685592729679323,0.22850348587484806,0.20451844490430449,0.3170968350932697,other
Cdkn2d,0.027617192909612953,0.006496634119486089,-0.06427549314954184,-0.6395113881067566,0.946758392919716,0.9637626346604413,other
Pip4k2c,0.027606334011049727,0.01839404716228732,0.04169087301630614,0.3518307209063221,0.8412192411771064,0.8871323856200991,other
Kmt5c,0.027566334297053685,-0.05860174100769844,-0.06326954495547088,0.30782080034065495,0.3165025922557979,0.43481813172551176,other
Olfml3,0.027467913337611893,-0.03821441006627113,0.19568156211138144,0.5181733020274031,0.12456406214237814,0.2225573663706728,other
Egr3,0.027364477856941793,-0.045394379987248046,-0.07759200432633317,-0.03356688856703426,0.4626083472826239,0.5766777075974254,other
Itga2b,0.027339556718364105,0.011964086162067178,-0.0049685661307562745,0.16833173007320146,0.0950279527318241,0.1838913455557795,other
Srf,0.027279448206548262,-0.003271636889234597,-0.04232205321470783,-0.0007459308570452059,0.12456406214237814,0.2225573663706728,other
Cnot8,0.027247478997641683,-0.03482755280762517,0.028773097834270622,0.41821856718334544,0.22936158549541563,0.3421975570670124,other
Cttn,0.027201737703473894,0.047569914247596934,0.032966938850180316,-0.11860300627018773,0.8937535902043922,0.9249415832080755,other
Evl,0.027120521502300488,-0.11018368755203745,-0.028653486422698604,0.3535712262394276,0.34984355386886234,0.4674049157373145,other
Adamts14,0.027061630303763295,0.005599485600176146,0.003998184704846114,0.5611886481170099,0.038441132178322214,0.10446894791775259,other
Tardbp,0.02678520800011519,-0.029099207143994388,-0.03991062482729957,0.17181274073941244,0.16081398497923238,0.2665947797787015,other
Sgo1,0.026776430040142126,-0.018606007163718217,-0.01453675331183174,0.0768308782756562,0.013481568265476605,0.06644394176057601,other
Tbl1xr1,0.02647204378716328,-0.009681262946391822,-0.006800807259085717,0.08627933579822882,0.3853315267895524,0.5025763534015615,other
Kat14,0.02618039219235646,-0.025382009339129263,-0.024394247296248395,0.042766702470591805,0.12456406214237814,0.2225573663706728,other
Trpv4,0.026161590887709307,0.012706330557279155,-0.013515756547232194,0.6134038081101743,0.34984355386886234,0.4674049157373145,other
Etv5,0.026109807046589495,-0.07522896010843994,-0.07678906710455258,-0.4696877963194646,0.5042736753035878,0.6149414338330388,other
Echs1,0.02601247542995977,0.04251394299445432,0.031992417412696206,0.4582501898447715,0.5478383165397469,0.6526210305159386,other
Eif4a3,0.025950647221808953,-0.0017083466661096391,-0.03580947612990615,-0.31900976319633306,0.25628023724432436,0.37159905917660563,other
Il17rc,0.02592753431485162,0.0539561098038015,-0.0029684934380301287,0.30707486948360974,0.6886643247682933,0.7701987986500909,other
Nelfe,0.02589206732314897,0.011121686097367967,-0.0221270579520626,-0.34337683785980977,0.34984355386886234,0.4674049157373145,other
C5ar2,0.025837012040680243,0.014247570183350086,-0.013324229768184356,0.44109378013273176,0.00920502620895087,0.06294214301857694,other
G6pdx,0.025835353980801917,-0.00254815699871358,-0.02237883181418443,0.2829564384391481,0.0950279527318241,0.1838913455557795,other
Traf3,0.025780576514149556,-0.06374873549298365,-0.10857150597647935,0.05420430894528496,0.3165025922557979,0.43481813172551176,other
Nup98,0.025654785535721314,0.04651890406867054,-0.04154924100725621,0.07707952189467127,0.6886643247682933,0.7701987986500909,other
Arrb1,0.02558492464369877,-0.002851247436321813,-0.02619610675615891,-0.49504944545900165,0.3853315267895524,0.5025763534015615,other
Hells,0.0255672838254688,-0.020227180085620633,-0.027676876588445976,-0.1877259323563768,0.14180099264371332,0.24321683371741143,other
Sesn2,0.02554884150746317,0.010760803136980579,-0.03932752309425691,0.09622508055883155,0.4626083472826239,0.5766777075974254,other
Smap1,0.025536496519204754,-0.07280539002982678,-0.03494059519031523,-0.4512881685123496,0.5042736753035878,0.6149414338330388,other
Ube2g2,0.025426921083233633,0.010287410790304041,-0.048261345593392346,0.29389675767581114,0.8412192411771064,0.8871323856200991,other
Rangap1,0.025362431941777785,-0.0610155200194713,-0.020340154704263647,-0.09249542627360553,0.42293676385905665,0.5393501081112619,other
Bard1,0.025150961361867633,-0.023496566398184135,-0.030703205218989116,-0.2307412784459837,0.07138703353443834,0.153066522933657,other
Ager,0.025056077443642244,0.0006936407288358759,-0.03357919544414423,0.6166361751573701,0.038441132178322214,0.10446894791775259,other
Slc4a7,0.025022099343675275,-0.04892561979590804,-0.043417059229286625,0.013426755426813704,0.08252326938191985,0.1680443900667358,other
Otud5,0.02497050609374063,0.005518377040805156,-0.06624936003548387,-0.0022377925711356173,0.42293676385905665,0.5393501081112619,other
B9d2,0.0249017685211414,-0.0015261516561352884,-0.02907040395984639,0.14520787350480008,0.22936158549541563,0.3421975570670124,other
Slc9a1,0.024838888173403406,0.0055092802608722735,0.02282532309149521,0.3175179014822427,0.07138703353443834,0.153066522933657,other
Parp2,0.02477847771218955,0.025997071210574485,0.014695790024544908,0.5206597382175536,0.3853315267895524,0.5025763534015615,other
Mcur1,0.024546647093690588,-0.003264372520337233,-0.026976405155402117,0.3500902155732166,0.10900678981544218,0.20241850558739374,other
Nup205,0.024508663443730594,0.020911725317131258,0.012231387514430314,0.08130646341792744,0.3165025922557979,0.43481813172551176,other
Tgfb1i1,0.024469879791160942,0.07417332248210601,-0.01797200576558544,0.06539327180096305,0.3853315267895524,0.5025763534015615,other
Mzb1,0.024393641322700305,-0.11895948643254656,0.26113646223698506,0.742947133617025,0.8937535902043922,0.9249415832080755,other
Top2b,0.024286962701824066,-0.053454147282647746,-0.06332351303450579,-0.38166795518813035,0.34984355386886234,0.4674049157373145,other
Abca3,0.024168873155108406,-0.03287142207167282,0.008941272196676397,0.322242130243529,0.285318068487978,0.4017133500847849,other
Src,0.02413087208498857,-0.022765859888856488,-0.04560275185259732,0.3553117315725331,0.20451844490430449,0.3170968350932697,other
Fbxo5,0.024051230379822486,-0.010956307643171515,-0.016459949494275067,-0.048734149326953455,0.16081398497923238,0.2665947797787015,other
Fam83d,0.0240042909341181,-0.031222042402586636,-0.022347334407743613,-0.08254968151300278,0.5042736753035878,0.6149414338330388,other
Dffb,0.023959416382757337,0.0020259752553562493,-0.037854954262595386,0.37918151899797964,0.25628023724432436,0.37159905917660563,other
Eif4g3,0.02390507842492462,-0.009747891906464856,-0.060263645106972685,-0.22551976244666724,0.0950279527318241,0.1838913455557795,other
Ercc6l,0.0235881730501286,-0.010815893957203483,-0.012972301746279405,0.2046336984494015,0.01116262730740973,0.06326729099455225,other
Il1rl1,0.023498160936485164,0.0012165982388254101,-0.0003464128975512182,0.5758586216388989,0.0016977516303800164,0.05819357855504391,other
Orc1,0.02344727262363063,-0.00755721661291241,-0.015068428214260854,0.0775768091327014,0.0162163284475037,0.07051960052064482,other
Snai1,0.02340302601368638,0.1020658649322026,0.03719847762607559,0.42120229061152625,1.0,1.0,other
Itgb3,0.02336931906345935,0.004747291195689118,-0.03581863934755858,0.05917718132558634,0.4626083472826239,0.5766777075974254,other
Rad50,0.02334405629712971,-0.020114911638121846,-0.013559291711647381,0.4080241788037276,0.1816927632278722,0.29053755022739064,other
Cxcl2,0.02334095850046103,0.001333641480824218,-0.030747925486328022,0.009199813903557539,0.12456406214237814,0.2225573663706728,other
Dnttip2,0.023290493914988775,-0.024900353206405657,-0.063667360865518,-0.38639218394941666,0.14180099264371332,0.24321683371741143,other
Scamp4,0.02324122623535485,-0.04323070427659348,0.0422089772309473,0.39037048185365775,0.5931862546017165,0.690989514666215,other
Adar,0.02324033617552468,-0.03924056051490421,-0.16613150138231192,-0.6467220530581935,0.285318068487978,0.4017133500847849,other
Erg,0.023234201234836216,-0.005619588204135634,-0.0482147578109349,-0.4982818125061975,0.16081398497923238,0.2665947797787015,other
Apoa4,0.023215746566440043,-0.009779205630302823,-0.011540445510907826,0.09970609122504252,0.7384623534985825,0.8086939598961506,other
Fzd7,0.02318631426946341,0.032686580037289,0.03343284265272517,0.5465186745951208,0.1816927632278722,0.29053755022739064,other
Klrc1,0.023162301565061237,-0.013402295084259094,-0.02617255802108276,0.1837476344521357,0.03260630478301721,0.09515146493030366,other
Slc39a8,0.02311987890442513,-0.019745847221126697,-0.017043603495148524,-0.1616183523597946,0.06151359999604334,0.1395822391369293,other
Piezo2,0.02301327677249057,-0.024731309207022156,0.010432982343871106,0.19120694302258776,0.12456406214237814,0.2225573663706728,other
Dusp4,0.02300250684310956,-0.03683617305152176,-0.03428269211552257,0.047739574850893175,0.08252326938191985,0.1680443900667358,other
Tmem259,0.022981603364252035,-0.006297668320307759,-0.029718028511354744,-0.05669074513543565,0.5042736753035878,0.6149414338330388,other
Col1a2,0.02294305714555689,-0.008884615321254064,0.1942874615887491,0.6290683561081236,0.8937535902043922,0.9249415832080755,other
Zfp281,0.022920164961288902,0.06132052318155412,-0.049912579220931064,0.08279832513201786,0.8937535902043922,0.9249415832080755,other
Amy2a5,0.022866482223101697,-0.016046625756357458,-0.00963408269376706,0.2563515712045358,1.0,1.0,other
Gadd45a,0.022820817774632476,0.0047881034375892445,0.011002721575001595,0.31602603976815224,0.20451844490430449,0.3170968350932697,other
Npy1r,0.022752815886727118,0.024040083738915863,-0.023784318550798322,-0.19195287387963297,0.6401805361005117,0.7312048622142209,other
Dxo,0.022679623770201274,0.02347168584253234,0.0012670086605046649,0.5564644193557237,0.3165025922557979,0.43481813172551176,other
Cd3eap,0.022609814187723454,-0.006936514370503827,-0.008586247209130315,-0.05445295256430003,0.0950279527318241,0.1838913455557795,other
Wnt9a,0.022590165504778825,0.019109919814770115,-0.06280496198719329,-0.2906643906286152,0.285318068487978,0.4017133500847849,other
Il12rb2,0.022517381081058052,-0.010821419389386154,-0.030631471108827968,0.17728290035774394,0.004085851125205444,0.05819357855504391,other
Psmd14,0.022504129125766603,0.010698491528097431,-0.08169426873456742,-0.1633588576929001,0.6401805361005117,0.7312048622142209,other
Il27,0.022485018577177236,-0.008981448579496756,-0.03825615820284717,0.05420430894528496,0.03260630478301721,0.09515146493030366,other
Il12a,0.022384211630159613,-0.00823706948529297,-0.05019493315859985,0.09498186246375621,0.023180056414889752,0.08120979929419823,other
Ldlr,0.022356186862809935,-0.1156395097591375,-0.42803401975081734,-0.8075944745609429,0.7384623534985825,0.8086939598961506,other
Hsd17b7,0.02234535681200933,-0.1466556791936433,-0.21021159204778317,-0.760600830567095,1.0,1.0,other
Pla2g2e,0.022138383784499473,-0.0019406660267373803,0.004462705741879069,0.33989582719359884,0.0006599927848675582,0.05819357855504391,other
Arid3b,0.02193272747707975,-0.05464607621666068,-0.025877482396429285,0.4219482214685714,0.20451844490430449,0.3170968350932697,other
Kdm1b,0.02164762365090761,-0.049748996987778515,-0.029336887029721037,0.2506327679671892,0.5478383165397469,0.6526210305159386,other
Pclaf,0.021643930118238983,-0.017786471980419397,-0.018307753191790656,0.07484172932353565,0.03260630478301721,0.09515146493030366,other
Ccl21a,0.02163662616907669,-0.019106960449302768,0.00986588187575449,0.04475585142271235,0.4626083472826239,0.5766777075974254,other
Disc1,0.021628145740037547,0.003444413985718972,-0.010547431287148884,0.3197556940533783,0.004085851125205444,0.05819357855504391,other
Foxp1,0.021606442181056007,0.04270335239525602,-0.041021710143838375,0.36898713061836186,0.4626083472826239,0.5766777075974254,other
Sox18,0.021583214176458143,0.075459707969179,-0.0930076196781241,-0.34337683785980977,0.7384623534985825,0.8086939598961506,other
P3h1,0.02155395804757687,0.026493463911942794,0.012205193772182599,0.4838604826033236,0.7384623534985825,0.8086939598961506,other
Gtpbp2,0.021533805116879856,-0.047275882309757655,-0.03738630324352665,0.3088153748167152,0.42293676385905665,0.5393501081112619,other
Ifnlr1,0.02150357753353191,-0.015673419954055336,-0.04482526235679388,-0.05917718132558634,0.0194271256064567,0.07507406645343609,other
Slc25a28,0.021426825587251175,0.07683875509025473,-0.06654463103922359,-0.011188962855678088,1.0,1.0,other
Dpp4,0.021415446585254988,-0.06556948409216795,-0.014896995181722716,0.3244799228146646,0.4626083472826239,0.5766777075974254,other
Loxl1,0.021352556438361675,-0.012167322812604492,-0.004554108040836682,0.4361209077524304,0.10900678981544218,0.20241850558739374,other
Rab1a,0.021251617248283727,0.06527340496911371,0.007748241287093283,0.14893752779002611,0.42293676385905665,0.5393501081112619,other
Mad2l1,0.02120898679975479,-0.012857348729461197,-0.01087061682501321,-0.13526212874419732,0.038441132178322214,0.10446894791775259,other
Sod2,0.020919506055743664,-0.026220591278645955,-0.35613215845596335,-0.5952528239220742,0.6886643247682933,0.7701987986500909,other
Sf3b6,0.020892161069933524,-0.04277117449850398,-0.08925193500904127,-0.4221968650875865,0.6886643247682933,0.7701987986500909,other
Csf3,0.020865444239968813,0.00503586121300208,-0.026173337731896153,-0.20861199635364255,0.01116262730740973,0.06326729099455225,other
Hic1,0.02077865455806338,0.10244887756627952,-0.005613674129958723,0.4724228761286304,0.5478383165397469,0.6526210305159386,other
Stx8,0.020776152265733594,-0.00276041311651265,-0.00021048507179988185,0.5141950041231619,0.1816927632278722,0.29053755022739064,other
Itgav,0.020625240429047897,0.02390757088797657,0.06153448569558195,-0.2250224752086371,0.5931862546017165,0.690989514666215,other
Ero1lb,0.02050700482559631,-0.04999107756423726,0.029326693410223648,0.5228975307886893,0.3853315267895524,0.5025763534015615,other
Golga5,0.020431352161003447,0.001319097603195818,-0.03783689775859278,0.19941218245008505,0.5042736753035878,0.6149414338330388,other
Sema3f,0.020318988880172306,0.057955597377069845,0.0029334989954021284,-0.08801984113133429,0.5478383165397469,0.6526210305159386,other
Nox4,0.0202302665820904,0.012793124940041978,-0.002493571229252256,0.24118431044461655,0.006183281626511232,0.05819357855504391,other
Sap130,0.020196465562864807,0.009935066851485042,-0.026303721385604995,-0.34909564109715635,0.42293676385905665,0.5393501081112619,other
Syce2,0.020175358014393865,-0.003086463231317088,-0.0031292951879883235,0.2916589651046755,0.01116262730740973,0.06326729099455225,other
Steap1,0.020140618509806266,-0.0023927448566996544,-0.02225481174700853,-0.2506327679671892,0.22936158549541563,0.3421975570670124,other
Cyb5a,0.020139494747734243,0.0067297828931358605,-0.041816545921087744,0.012183537331738364,0.3165025922557979,0.43481813172551176,other
Sh3gl1,0.020077742346567673,-0.006833830207107594,0.02156893630078116,0.5785937014480647,0.42293676385905665,0.5393501081112619,other
Ifng,0.01998240040551549,-0.00580386821100737,-0.04657288742267675,0.1108950540807206,0.023180056414889752,0.08120979929419823,other
Wsb1,0.019966399878890928,0.0893551028083358,0.13478518941649542,0.4803794719371126,1.0,1.0,other
Cryba4,0.019953201267642107,-0.04503804594764296,-0.003010124810350706,0.42567787575379745,0.07138703353443834,0.153066522933657,other
Pkig,0.019876800813212303,-0.01467349802197182,-0.0319674731256937,0.09025763370246992,0.22936158549541563,0.3421975570670124,other
Derl2,0.01987388554045677,-0.0036904514578983694,-0.045531917562952384,0.17131545350138228,0.34984355386886234,0.4674049157373145,other
Aldh1l1,0.01984559337151992,0.05319789050840573,-0.002595447241536597,-0.24988683711014395,0.5478383165397469,0.6526210305159386,other
Brd4,0.0197628761498565,-0.013973666592962397,-0.07167067120939996,-0.2277575550178029,0.3853315267895524,0.5025763534015615,other
Sfxn1,0.019761288094056306,0.01969245875524095,0.022209651840720324,0.14073228836252882,0.25628023724432436,0.37159905917660563,other
Washc3,0.019522689650274316,0.00014704023965267377,0.011626343144707507,0.3436254814788249,0.08252326938191985,0.1680443900667358,other
Dglucy,0.019463418693229484,-0.026152445405360103,-0.0540795349046298,0.30085877900823305,0.285318068487978,0.4017133500847849,other
Cwc27,0.019431579835231583,0.04464388090413912,-0.03448836688010226,0.28519423101028374,0.8937535902043922,0.9249415832080755,other
Ifi208,0.01940400650331412,-0.016122621617240703,-0.04608583834919625,0.08976034646443978,0.14180099264371332,0.24321683371741143,other
Ncr1,0.01939437603148822,-0.008511689498507932,0.013262620234295058,0.6221063347757018,0.0950279527318241,0.1838913455557795,other
Naip5,0.019327788753901065,-0.018248368023819267,-0.019205120976001522,0.5020114667914236,0.34984355386886234,0.4674049157373145,other
Cgas,0.019308109843501287,-0.007577913958811869,-0.015417457505074714,0.17653696950069872,0.038441132178322214,0.10446894791775259,other
Klrg1,0.019211332200339694,-0.018808016874105618,-0.0044104343396948326,0.3684898433803317,0.023180056414889752,0.08120979929419823,other
Kdm5c,0.019058110224308367,-0.04428465387215996,-0.05240836494800494,0.033318244948019195,0.8937535902043922,0.9249415832080755,other
Siglech,0.019033131041083173,-0.3392298495537245,-0.17819768070569852,-0.012183537331738364,0.7893827550332574,0.8482497226510736,other
Msra,0.01901752332692197,0.008536967987492039,0.003201135309598091,-0.373214072141618,0.1816927632278722,0.29053755022739064,other
Itga2,0.01888725819939227,0.02276760519544191,0.030794155831773917,0.6357817338215305,0.14180099264371332,0.24321683371741143,other
Aqp3,0.018830368643490643,-0.012844102676268754,-0.015732142502459363,0.11014912322367541,0.01116262730740973,0.06326729099455225,other
Eif2ak4,0.018759371542554637,0.002791376299622561,-0.01378139117372168,0.3003614917702029,0.4626083472826239,0.5766777075974254,other
Ly6g5b,0.018704084130393192,-0.012610219371230108,-0.03580094612904217,0.05097194189808907,0.0194271256064567,0.07507406645343609,other
Pparg,0.018662904158612617,0.012440086157175269,0.004291788280520348,0.5052438338386195,0.22936158549541563,0.3421975570670124,other
Ajuba,0.018602528956765063,0.0061805165129396045,0.01393064179412501,0.22427654435159194,1.0,1.0,other
Cd209d,0.01856831446889021,-0.03345653389165063,-0.022720641832431082,0.20438505483038638,0.08252326938191985,0.1680443900667358,other
Smad2,0.018564526923693148,-0.025505981718132453,-0.03473261805099481,0.318761119577318,0.4626083472826239,0.5766777075974254,other
Dsg1a,0.01851253722597629,-0.007861654930676656,-0.006192633523501613,-0.38465167861631117,0.946758392919716,0.9637626346604413,other
Il11,0.01850526659931865,0.003945343515877456,-0.02430588684137725,-0.5639237279261756,0.6401805361005117,0.7312048622142209,other
Azi2,0.01846704773040786,-0.012011974508687406,-0.10098776426824863,-0.5156868658372523,0.6401805361005117,0.7312048622142209,other
Fzd5,0.01838176490552168,-0.026232680300302708,-0.014384288005396623,-0.37868423175994953,0.10900678981544218,0.20241850558739374,other
Synpo,0.018340190566564718,0.062893421602637,0.034208378665591344,0.38862997652055226,0.42293676385905665,0.5393501081112619,other
Arhgef7,0.018297417333748456,-0.0020180865368111256,-0.010353245366617081,0.37694372642684404,0.34984355386886234,0.4674049157373145,other
Rgs18,0.018290789928854558,-0.01974646889362623,0.004452084696788497,0.36252239652397006,0.16081398497923238,0.2665947797787015,other
Thbd,0.018246046095529267,0.1506620626366837,-0.022469852838072235,0.18026662378592476,0.8937535902043922,0.9249415832080755,other
Col4a3bp,0.018233762403568443,-0.04855093272043465,-0.026787552196758435,-0.41424026927910435,0.7384623534985825,0.8086939598961506,other
Tcf7l2,0.01815770943583994,-0.029877571623063592,-0.09834687178023327,0.17106680988236722,0.5931862546017165,0.690989514666215,other
Prf1,0.018118607027794154,-0.022978132179049347,-0.018514850196510203,0.23297907101711934,0.07138703353443834,0.153066522933657,other
Parpbp,0.018081419415150568,-0.01528282911892339,-0.004775320353855778,0.17603968226266858,0.03260630478301721,0.09515146493030366,other
Cmah,0.01793497652334876,-0.06321972283103403,-0.004237422286896164,0.3209989121484536,0.1816927632278722,0.29053755022739064,other
Cep164,0.017615914172699032,0.03236328644997,0.013072460099088634,0.3936028489008536,0.25628023724432436,0.37159905917660563,other
Gart,0.01748541872846543,0.035654397182194875,-0.006964961483274523,0.25311920415733985,1.0,1.0,other
Vipr1,0.017354988683178363,0.01500849296189205,0.009493729257744665,0.28792931081944945,0.3853315267895524,0.5025763534015615,other
Kdm2b,0.017239525601548122,-0.027166712036895635,-0.009847959916185811,0.2290007731128782,0.0950279527318241,0.1838913455557795,other
Mymk,0.017233627222229604,-0.00834902048097107,-0.004675104540447089,-0.05097194189808907,0.013481568265476605,0.06644394176057601,other
Cyp2e1,0.017207362700535692,0.00045671310387026404,0.001167983397220294,-0.2115957197818234,0.946758392919716,0.9637626346604413,other
Snai3,0.01705988616793102,-0.0037907293811167975,-0.039539696326475755,0.2638108797749878,0.08252326938191985,0.1680443900667358,other
Wiz,0.016899201756127802,-0.007438346198715751,0.010579504338194434,-0.03953433542339591,0.22936158549541563,0.3421975570670124,other
Lrp12,0.0167651394050623,0.0005035447969020668,0.17318293734169843,0.5989824782073003,0.946758392919716,0.9637626346604413,other
Rmdn3,0.016682981763560756,-0.03892542605054461,-0.09996420038510911,-0.6608947393420525,0.6886643247682933,0.7701987986500909,other
Camta2,0.01667726422413196,-0.0449868101606723,-0.03634571709554546,-0.34685784852602075,0.8412192411771064,0.8871323856200991,other
Ric8a,0.016505435157745385,0.01977385079657723,-0.029679893745812702,-0.1290460382688206,0.285318068487978,0.4017133500847849,other
Eif4g1,0.016489238413870178,0.06296772588854749,0.013463287948902503,0.13153247445897132,0.6401805361005117,0.7312048622142209,other
Hpgds,0.0164456360124835,-0.04046970975403519,0.17046420939509066,0.7024182237175689,1.0,1.0,other
Zup1,0.016278695112589392,-0.02129115516121538,-0.09517532051798033,0.08528476132216854,0.6886643247682933,0.7701987986500909,other
Zzef1,0.016164056926728954,0.015456541878536623,-0.036170419869939074,0.3068262258645947,1.0,1.0,other
Myb,0.016148823986006672,-0.05745611094342257,-0.05470119314628384,0.10020337846307266,0.3165025922557979,0.43481813172551176,other
Pfkfb1,0.016084585379170416,-0.0025473078625209353,-0.01190827472636527,0.41473755651713445,0.03260630478301721,0.09515146493030366,other
Fubp1,0.01607563217306862,0.0022920287317322874,0.00348544983371335,0.22328196987553164,1.0,1.0,other
Mybph,0.015933719987175465,-0.009310445903980363,-0.035118423759500805,-0.20339048035432614,0.07138703353443834,0.153066522933657,other
Fgfr1op,0.01589218695238348,0.008381483399334921,-0.051524745782840164,0.0895117028454247,0.34984355386886234,0.4674049157373145,other
Ska1,0.015790205538626395,-0.009148426700068659,-0.009074679213883424,0.07658223465664113,0.01116262730740973,0.06326729099455225,other
Metrnl,0.0157707695646975,0.004294813196723354,0.02241802833330503,0.5417944458338346,0.285318068487978,0.4017133500847849,other
Rtkn2,0.015600994246396882,-0.0008389541814072254,-0.08741618000626389,-0.13128383083995623,0.6886643247682933,0.7701987986500909,other
Scin,0.015573276892341146,-0.016583577712372226,-0.02488696901811652,-0.07658223465664113,0.04514062557215464,0.11588441421417252,other
Pde12,0.015513163701152216,-0.010541160619329748,-0.01576579529479913,-0.05221515999316441,0.20451844490430449,0.3170968350932697,other
Rarg,0.015512223947108217,0.055453700194922906,0.021602389969766822,0.5532320523085277,0.5931862546017165,0.690989514666215,other
Orm1,0.015512089402859959,-0.0015836974763964728,0.0036722426072953868,0.42791566832493305,0.038441132178322214,0.10446894791775259,other
Tacstd2,0.015444928266104292,-0.002780823698283981,-0.0371368897883759,-0.07235529313338497,0.285318068487978,0.4017133500847849,other
Akt2,0.015189565972625885,0.0514228740654013,-0.019616280570920575,0.2568488584425659,0.42293676385905665,0.5393501081112619,other
Anxa8,0.015154773958985547,0.00455005565026468,-0.049429777834896556,-0.4400992056566715,0.6886643247682933,0.7701987986500909,other
Trim29,0.015114381296639369,-0.003174286021174765,0.012407594095403846,0.5927663877319236,0.06151359999604334,0.1395822391369293,other
Bcl2l12,0.015066383322514698,0.04876651566118895,0.01994548342728797,0.6285710688700935,0.42293676385905665,0.5393501081112619,other
Ipo9,0.015040445318218909,0.049467507874459415,-0.04547429342682874,0.14471058626676994,0.946758392919716,0.9637626346604413,other
Msln,0.014804834841316838,0.03374768378198886,-0.18873585654657155,-0.3662520508091961,0.946758392919716,0.9637626346604413,other
Tlr12,0.014776281964614973,-0.025781058416509135,-0.014954088528381537,0.3980784340431249,0.14180099264371332,0.24321683371741143,other
Flt3l,0.01472162003354735,0.010926471498948626,-0.0038331636258488178,0.4592447643208318,0.25628023724432436,0.37159905917660563,other
Cep152,0.014661171428108077,0.0016367099314227862,-0.04218976783148831,0.21457944321000422,0.34984355386886234,0.4674049157373145,other
Birc2,0.014608568888298978,-0.025469046105932147,-0.04434851282313579,0.2227846826375015,0.5931862546017165,0.690989514666215,other
Flnb,0.014579158396805125,0.10393141143265083,-0.08586206310230104,-0.18896915045145216,0.8937535902043922,0.9249415832080755,other
Emc3,0.014565064005515493,0.02259913574105732,-0.009442415925995817,-0.09995473484405758,0.5042736753035878,0.6149414338330388,other
Timm50,0.014533407837270751,-0.005397705536141162,0.007885651812650107,-0.11760843179412747,0.946758392919716,0.9637626346604413,other
Ret,0.01437702487566872,-0.03336627465441022,-0.06528747817194236,-0.3274636462428454,1.0,1.0,other
Fbxo4,0.014359634459720383,0.019765666885479705,-0.01695744889836598,0.532345988311262,0.12456406214237814,0.2225573663706728,other
Adrb2,0.01435335233124374,-0.027350548900669458,-0.03321727520607742,0.39857572128115504,0.5931862546017165,0.690989514666215,other
Sel1l,0.014306606030651814,0.008513911449176348,0.020810655602621964,0.159380559788659,0.946758392919716,0.9637626346604413,other
Kif24,0.014293435116133346,0.003581959721138686,-0.01835709210826937,0.05395566532626989,0.08252326938191985,0.1680443900667358,other
Cd248,0.014280234761645194,0.054799863300184826,0.03244060779249486,0.23496821996923986,1.0,1.0,other
Kmt2d,0.014211476202610207,0.012334763093466483,3.2820069716166245e-05,0.3389012527175385,0.7893827550332574,0.8482497226510736,other
Pou2af1,0.014194714712187667,-0.1483378472402132,0.16484146065235677,0.6387654572497113,0.7384623534985825,0.8086939598961506,other
Tnfsf9,0.014143934241365265,-0.007131921503788476,-0.014201831113250657,0.055198883421345234,0.10900678981544218,0.20241850558739374,other
C2,0.01414319166118938,0.11648965414139656,0.09837626162708746,0.7762653785650443,0.6401805361005117,0.7312048622142209,other
Rad51b,0.014141572571543137,-0.02565591822339075,0.019688460100557498,0.5532320523085277,0.12456406214237814,0.2225573663706728,other
Skp2,0.014012778118344421,-0.0017045742278046783,0.01209821082545337,0.44283428546583725,0.16081398497923238,0.2665947797787015,other
Pyroxd1,0.013937786058564938,0.03125264531093902,-0.021652191024129963,0.028594016186732893,0.5478383165397469,0.6526210305159386,other
Has2,0.013880377024557772,-0.016384415358391774,-0.014760657860325897,0.2958859066279317,0.14180099264371332,0.24321683371741143,other
Fgb,0.013789156720107169,-0.0005564113356566003,-0.005928263956500621,-0.2986209864370974,0.08252326938191985,0.1680443900667358,other
Elovl1,0.01378431962327964,-0.025421500345996773,-0.0736894395526948,-0.42468330127773724,0.7893827550332574,0.8482497226510736,other
Nf2,0.013657202413139613,0.02108635640127876,-0.021244785083382012,-0.3413876889076892,0.5478383165397469,0.6526210305159386,other
Gk,0.013650494551914139,0.017396778171565486,0.01896251710575836,-0.34213361976473444,0.285318068487978,0.4017133500847849,other
Il10,0.013570486569535488,-0.014913183771802094,-0.01913978337290222,0.36351697100003033,0.12456406214237814,0.2225573663706728,other
Chic2,0.013503835681787535,-0.023602879163054535,-0.025562644504829146,0.18101255464296997,0.5478383165397469,0.6526210305159386,other
Il12b,0.013440994521405503,-0.02279169518477808,-0.029812787886372073,0.11487335198496172,0.06151359999604334,0.1395822391369293,other
Rnaseh2b,0.013428960176518345,-0.007954225319966202,-0.011964768930221859,0.045253138660742494,0.4626083472826239,0.5766777075974254,other
Sox3,0.013401033697079068,-0.07758862793475027,0.006392662747046612,0.017405053331054805,0.5042736753035878,0.6149414338330388,other
Piwil2,0.01337902331129212,0.019076060089506977,-0.0321812722144815,-0.3401444708126139,0.6886643247682933,0.7701987986500909,other
Chek1,0.01334767681040945,-0.003635263612563916,-0.012905673110141083,0.004226941523256166,0.3853315267895524,0.5025763534015615,other
Il17f,0.013335428675490014,-0.002677169908667171,-0.01994037527863616,-0.3292041515759509,0.06151359999604334,0.1395822391369293,other
Nosip,0.013274326501840461,0.03312184258225703,-0.01229522982497011,0.18797457597539188,0.285318068487978,0.4017133500847849,other
Cd27,0.013252541788758641,-0.023684169756523432,-0.01333319756686694,0.35332258262041255,0.12456406214237814,0.2225573663706728,other
Cklf,0.013078025667671841,0.0007887842813224105,-0.007133687856119272,0.3737113593796481,0.0021277894149469047,0.05819357855504391,other
Itpa,0.013044376965796939,-0.008663742695523696,-0.014824759247984098,-0.39832707766213993,0.16081398497923238,0.2665947797787015,other
Mrtfa,0.01301014333312199,-0.0070089713547572124,-0.016214413199277633,0.24367074663476726,0.023180056414889752,0.08120979929419823,other
Cemip2,0.012925193754128372,0.11454920654226664,-0.10157310261993668,0.09622508055883155,0.7384623534985825,0.8086939598961506,other
Plvap,0.012918249546254375,-0.002629834813121505,-0.005851736498324808,-0.14446194264775486,0.42293676385905665,0.5393501081112619,other
Ehmt1,0.01287653712652942,0.014002624892221482,-0.004672971563272121,0.31005859291179055,0.6886643247682933,0.7701987986500909,other
Kdm7a,0.012849264893742274,0.04087074867191731,-0.05586836504413373,0.1854881397852412,0.6886643247682933,0.7701987986500909,other
Rln3,0.01283268694718228,-0.039107039934895046,-0.012527769383788877,0.3326851622421618,0.1816927632278722,0.29053755022739064,other
Traf6,0.012724436215410528,0.016593817090243324,-0.11407480188646346,-0.12233266055541375,0.946758392919716,0.9637626346604413,other
Arnt,0.012719316120614277,0.04959655615126879,0.03009591058614003,0.4813740464131729,0.6886643247682933,0.7701987986500909,other
Ackr3,0.01266269866006986,0.0320494779237841,-0.07825542990484752,-0.41523484375516456,0.7893827550332574,0.8482497226510736,other
Epha2,0.012652407980755176,0.01286278379735789,-0.028434926293419593,0.07956595808482196,0.34984355386886234,0.4674049157373145,other
Anp32e,0.012518505620930487,0.0024649479668100716,0.035403167923899304,-0.04301534608960687,1.0,1.0,other
Bcl2l1,0.012517826354380812,0.07576658299139072,0.10157849826756182,0.34089040166965906,0.946758392919716,0.9637626346604413,other
Phf10,0.01250989022247695,-0.019064068740125784,0.006759862622924828,0.1633588576929001,0.5042736753035878,0.6149414338330388,other
Naip1,0.012492987319228554,-0.0018317098191759848,-0.011079247919138665,0.2506327679671892,0.00920502620895087,0.06294214301857694,other
Csnk2a2,0.012462425423388934,-0.014570963943733029,-0.04163706908304954,0.21084978892477818,0.8412192411771064,0.8871323856200991,other
Medag,0.012427830900053838,0.09578184752537189,0.0016737804502713893,0.18474220892819598,0.946758392919716,0.9637626346604413,other
Padi4,0.01241716405066403,-0.004369414367744809,-0.006924977458318743,0.030085877900823305,0.25628023724432436,0.37159905917660563,other
Naa15,0.012397388497954465,0.0003129046221719278,-0.00020668498955500603,-0.032075026852943854,0.4626083472826239,0.5766777075974254,other
Aph1c,0.012385967826459537,-0.0010403542264576238,0.04783316468028599,0.5311027702161866,0.5478383165397469,0.6526210305159386,other
Hps5,0.012352631593819163,0.018110480908185345,0.030027827552150943,0.5460213873570907,0.5478383165397469,0.6526210305159386,other
Cldn7,0.012326402365821883,0.003675483541622478,0.03076402149273624,0.6760620001019716,0.1816927632278722,0.29053755022739064,other
Cxcr5,0.01222136194994608,-0.07443065835995924,-0.037072578910139445,0.3580468113816988,0.5931862546017165,0.690989514666215,other
Crk,0.012172316763515934,-0.021770447090023515,-0.002504404002662275,-0.4577529026067414,0.4626083472826239,0.5766777075974254,other
Prdm9,0.012169426489638036,-0.003468607701433285,-0.00714234523491869,0.42418601403970707,0.14180099264371332,0.24321683371741143,other
Mybpc3,0.012086941710749775,-0.008911179709451565,-0.03139842966227967,-0.20811470911561245,0.25628023724432436,0.37159905917660563,other
Htra2,0.011983484588250048,-0.0005955887416809746,0.03995925320046689,0.5895340206847278,0.25628023724432436,0.37159905917660563,other
Cd2bp2,0.011968618726889813,7.583064726868205e-05,-0.005049436135435292,0.18499085254721107,0.25628023724432436,0.37159905917660563,other
Gja5,0.01192592751446886,-0.013150126351736943,-0.011724079990994785,-0.42518058851576734,0.16081398497923238,0.2665947797787015,other
Vax2,0.011892695058814916,-0.006866279912210029,-0.02005001346912846,0.07558766018058086,0.01116262730740973,0.06326729099455225,other
Srsf4,0.01188282196862156,0.01787909712960123,-0.0035161085319559415,0.07036614418126441,0.6886643247682933,0.7701987986500909,other
Hao1,0.01188132206766471,-0.00023399007082801349,-0.02569560969980429,0.22875212949386314,0.006183281626511232,0.05819357855504391,other
Sdhc,0.011878371198043913,-0.036776684178339236,0.009658393726498682,-0.2051309856874316,0.4626083472826239,0.5766777075974254,other
Gmds,0.011821063035596158,0.02818000002194071,0.009394505791462893,-0.17952069292887957,0.6886643247682933,0.7701987986500909,other
Ntng2,0.011811741322418579,-0.10101323952769281,-0.016075278347576827,-0.4420883546087921,0.5042736753035878,0.6149414338330388,other
Nmrk1,0.01176786032519081,0.005473043708108166,-0.009150816885410945,0.25784343291862616,0.14180099264371332,0.24321683371741143,other
Fanci,0.011730687940485113,-0.00404266818220838,-0.00798211980877836,0.08851712836936443,0.01116262730740973,0.06326729099455225,other
Brca2,0.011729318732951993,-0.0014156617347353267,-0.018704229594034588,0.09373864436868087,0.285318068487978,0.4017133500847849,other
Plekhg4,0.011659348121255617,0.0008430313719144239,-0.025030597928791185,-0.06365276646785757,0.5042736753035878,0.6149414338330388,other
Sinhcaf,0.011629617422628177,-0.02888559981423343,-0.01722313267082154,0.13575941598222746,0.3165025922557979,0.43481813172551176,other
Atg3,0.01162619050585112,-0.011061008842642162,-0.06878013107125824,-0.7265366547620306,0.6886643247682933,0.7701987986500909,other
Actg2,0.01160144970796536,0.001852363363217438,-0.013984152442227005,0.2195523155903056,0.42293676385905665,0.5393501081112619,other
Nptx2,0.011496254739279232,0.0027043867606270644,-0.09612490056880763,-0.48410912622233854,0.6886643247682933,0.7701987986500909,other
Nrf1,0.011487421771279371,0.010430356560378717,-0.005305745913658733,-0.28096728948702754,0.34984355386886234,0.4674049157373145,other
Phb,0.011338198427974566,-0.046728522637529135,-0.0731053040330859,-0.5286163340260359,0.7893827550332574,0.8482497226510736,other
Cacna1s,0.011238446397957819,-0.022989175770285836,-0.013074820928672445,0.4686932218434044,0.3165025922557979,0.43481813172551176,other
Retreg3,0.011154420344475557,-0.021537874623075326,-0.025913129135406332,0.12183537331738363,0.8412192411771064,0.8871323856200991,other
Gramd1a,0.011109959617559895,0.03389270999336569,0.005542913410642392,0.17877476207183435,1.0,1.0,other
Alkbh5,0.011095192746671478,-0.015693119627258945,-0.002060414126757726,0.18200712911903025,0.4626083472826239,0.5766777075974254,other
Fut1,0.01095987832663085,0.0065946238335122045,0.03174176101997317,0.7782545275171647,0.5931862546017165,0.690989514666215,other
Chrnb1,0.0108749434071706,0.01518435989217598,0.015316787795190356,0.5751126907818537,0.0950279527318241,0.1838913455557795,other
Plk4,0.01085864944702733,-0.003203899113305958,-0.005762854924582908,-0.06464734094391784,0.1816927632278722,0.29053755022739064,other
Cd19,0.010832199710530677,-0.13887984843209328,-0.007054227871241658,0.4420883546087921,0.7893827550332574,0.8482497226510736,other
Ybx3,0.010810461829418916,0.03649468808064649,-0.1002206510436694,-0.2802213586299823,0.42293676385905665,0.5393501081112619,other
Cry1,0.010806919495122247,0.05525633403593799,-0.11634590489305524,-0.22104417730439604,0.7893827550332574,0.8482497226510736,other
Khsrp,0.010725572566992803,0.028368889029288358,0.012284695335831985,-0.05619345789740551,0.4626083472826239,0.5766777075974254,other
Med12,0.010725010576381422,0.04933034214349907,0.0040591960141769245,0.5775991269720044,0.946758392919716,0.9637626346604413,other
Ap1g1,0.01068460782218672,-0.00884589302574601,-0.021644710314059568,-0.31851247595830295,0.285318068487978,0.4017133500847849,other
Slc14a1,0.010678956734179845,0.082369974491171,0.14568045317015854,0.3262204281477701,0.34984355386886234,0.4674049157373145,other
Mettl14,0.010625845624087082,-0.006262420186392337,4.613032852573973e-05,-0.059674468563616474,0.5931862546017165,0.690989514666215,other
Egr2,0.010584528227755408,0.02452627382179373,-0.09533021838721872,0.24391939025378234,0.5931862546017165,0.690989514666215,other
Taf15,0.010495469873145646,-0.04191577875811259,0.0356796847453289,0.06787970799111373,0.8412192411771064,0.8871323856200991,other
Mapk11,0.010447873038370414,0.01136985421427189,-0.02837657904177371,-0.35381986985844266,0.7893827550332574,0.8482497226510736,other
Lpl,0.010356987642645143,0.137401326190689,0.6837608300860452,0.8098322671320786,0.7384623534985825,0.8086939598961506,other
Dpysl3,0.010277241157147232,-0.03124173323454782,-0.0010492456360999824,-0.10990047960466034,0.5931862546017165,0.690989514666215,other
Klrb1c,0.010224946674521,-0.006856918987661633,-0.0009202189022992219,0.45278003022644,0.013481568265476605,0.06644394176057601,other
Dnmt3b,0.010108350422867236,-0.010034918869236145,0.008940889868004898,0.5636750843071606,0.027547148107414817,0.08793366864575906,other
Casp12,0.010071598445963392,0.10246029476379526,0.01888907666194639,0.6352844465835004,0.5931862546017165,0.690989514666215,other
Tead2,0.010053348803187673,0.004542593927544081,-0.02013351069711719,0.22154146454242615,0.8412192411771064,0.8871323856200991,other
Ccl21b,0.01000383742537492,-0.002188003294130679,-0.0007585917819235011,0.06912292608618908,0.00920502620895087,0.06294214301857694,other
Lpin3,0.00990067499871053,0.018376489958262854,-0.005591695672940433,0.405786386232592,0.6886643247682933,0.7701987986500909,other
Cenpu,0.009890168918926898,-0.003773044528744933,-0.007858379182543701,0.10368438912928361,0.06151359999604334,0.1395822391369293,other
Lvrn,0.009880318331236117,0.0009530340086649387,-0.019434520889890602,-0.009945744760602745,0.20451844490430449,0.3170968350932697,other
Cd160,0.00987420821308405,-0.010541720966516455,-0.014572946912028768,0.40777553518471255,0.08252326938191985,0.1680443900667358,other
Vil1,0.009867601298685767,-0.0029562767826973382,-0.012287733119867146,-0.038042473709305503,0.027547148107414817,0.08793366864575906,other
Ddx19b,0.009863633982052256,-0.012566749470755145,-0.04294210663933973,-0.5693938875445071,0.6886643247682933,0.7701987986500909,other
Il1f10,0.009826368013595157,-0.010075871577197651,0.0021831769361013095,0.3214961993864837,0.06151359999604334,0.1395822391369293,other
Trpm6,0.009824912158455448,0.04429614669180375,-0.03873127665528975,-0.1141274211279165,0.6886643247682933,0.7701987986500909,other
Il23r,0.009799763622745629,-0.008612911766855094,-0.003126236333666488,0.2431734593967371,0.04514062557215464,0.11588441421417252,other
Lrp5,0.009760348697179011,0.01565078949196108,0.060201015315773154,0.7354878250465731,0.5478383165397469,0.6526210305159386,other
Grifin,0.009717015782500615,-0.04181199148199929,-0.03697243367113898,-0.17778018759577408,0.34984355386886234,0.4674049157373145,other
Ercc1,0.009623802397384529,0.04568296467647193,-0.03256796464370304,-0.2307412784459837,0.34984355386886234,0.4674049157373145,other
Tab1,0.009590134918793902,0.02879819052968191,0.012681650912764741,0.010194388379617815,0.6401805361005117,0.7312048622142209,other
Meox1,0.009516428883216937,-0.013978601275492414,-0.0302241156455699,-0.03655061199521509,0.6886643247682933,0.7701987986500909,other
Cdc6,0.009403402817843055,0.0003218510279525341,-0.007303809994047894,0.17429917692956312,0.1816927632278722,0.29053755022739064,other
Tgif2,0.009364589413648317,-0.007574653079322979,0.0006487900362122656,0.5266271850739154,0.20451844490430449,0.3170968350932697,other
Cbx1,0.009346890094496796,0.014379445852368777,-0.0022576432512547706,0.2394438051115111,0.3165025922557979,0.43481813172551176,other
Plekhg2,0.0093392487362558,0.052905839339560945,-0.0566540458695155,0.4913197911737756,0.3853315267895524,0.5025763534015615,other
Fap,0.009284031342622331,0.006499964498270741,0.0029375590146372144,0.42642380661084267,0.3165025922557979,0.43481813172551176,other
Cln8,0.009265172567032298,-0.01167448137708016,0.06408607661334709,0.5059897646956647,0.5042736753035878,0.6149414338330388,other
Itgb5,0.009262675493817651,0.03321908870125445,0.3307626685567362,0.6402573189638017,0.7893827550332574,0.8482497226510736,other
Usp7,0.009202907803318228,0.015236904543906027,-0.04973808986711359,-0.19195287387963297,0.8412192411771064,0.8871323856200991,other
Mlh1,0.009174740494208855,-0.01589435000693684,-0.023125805614517103,-0.18872050683243707,1.0,1.0,other
Gata6,0.009110316067061357,0.0017851187680027782,-0.00268428645274877,0.4657094984152235,0.027547148107414817,0.08793366864575906,other
Spaca9,0.00902709705942712,-0.015307220490324965,0.00422605203355296,0.5077302700287701,0.06151359999604334,0.1395822391369293,other
Ppp1r10,0.008879661106584336,0.03266887488307346,0.011007899394098852,0.11760843179412747,0.3853315267895524,0.5025763534015615,other
Nup155,0.008850214304490567,0.03681599579195516,-0.04385247573476825,0.062409548372782224,0.8937535902043922,0.9249415832080755,other
Atrx,0.008845067040396337,0.011639735778415705,-0.01851398559108186,0.141229575600559,0.5478383165397469,0.6526210305159386,other
Csf2,0.008805929624542675,-0.0011092910442482336,-0.01394680586698024,0.15764005445555354,0.07138703353443834,0.153066522933657,other
Cspg4,0.008786526322350219,-0.0028205263003260317,0.10373293641160353,0.0594258249446014,0.7893827550332574,0.8482497226510736,other
Folr2,0.00870205964061442,-3.9817895037437545e-05,0.018466934924475237,0.20910928359167272,0.285318068487978,0.4017133500847849,other
Havcr1,0.00864889586264278,-0.02944768079755685,-0.012071749114541092,0.2165685921621248,0.12456406214237814,0.2225573663706728,other
Spop,0.0086350373528985,0.02194232739842672,-0.03849408927825748,-0.23670872530234535,0.5931862546017165,0.690989514666215,other
Gen1,0.008594291046027491,-0.007012278724460842,-0.019427981946111728,-0.1007006657011028,0.25628023724432436,0.37159905917660563,other
Vhl,0.008399555000288661,-0.008033987753909733,-0.010818812587491178,0.4724228761286304,0.5478383165397469,0.6526210305159386,other
Ctnnb1,0.008347192479246868,0.028255183163799824,0.1274828732974962,0.6283224252510785,0.5931862546017165,0.690989514666215,other
Lpin2,0.008221506085001495,0.018971299687198795,0.0012475208180459108,0.4557637536546208,0.8412192411771064,0.8871323856200991,other
Cited4,0.008204597093328173,0.01242400895296028,0.01411928259949341,0.5596967864029195,0.34984355386886234,0.4674049157373145,other
Serpinf2,0.008158650203957687,0.00531564562805548,0.019470034743039828,0.36699798166624126,0.1816927632278722,0.29053755022739064,other
Klrd1,0.00811449996531477,-0.008538083200169782,-0.003098423706967411,0.25088141158620425,0.027547148107414817,0.08793366864575906,other
Meis3,0.007818126051334251,0.01733354988515423,0.02100239047432284,-0.051220585517104136,0.7384623534985825,0.8086939598961506,other
Prkd3,0.007813317092171701,-0.03931426724861686,-0.00039287587384784217,0.2414329540636316,0.8937535902043922,0.9249415832080755,other
Sp5,0.007776372984016275,0.0083007822064671,-0.009312880020649818,0.06589055903899319,0.34984355386886234,0.4674049157373145,other
Prss50,0.00775421245052451,0.018814405859792455,0.02248115071389256,0.20587691654447682,0.34984355386886234,0.4674049157373145,other
Plin1,0.00772206219952432,0.000238777159578059,0.0015915862544990805,0.03157773961491372,0.10900678981544218,0.20241850558739374,other
Hcfc1,0.007702436443402183,-0.00543816371903505,-0.019208520669896645,-0.04997736742202879,0.5931862546017165,0.690989514666215,other
Ms4a1,0.0076888715443844124,-0.3162615925694976,-0.011065423506538219,0.4323912534672043,0.6401805361005117,0.7312048622142209,other
Rock1,0.007653836336662612,-0.02132553638285284,-0.025687569369549634,0.32249077386254404,0.7384623534985825,0.8086939598961506,other
Tigar,0.007619401829639549,-0.025408754965231872,-0.018106504904937315,-0.14570516074283021,0.7384623534985825,0.8086939598961506,other
Cfap45,0.007481781950805136,0.0018376646701358523,0.005863478075005771,-0.31900976319633306,0.7893827550332574,0.8482497226510736,other
Tnfrsf11b,0.00746490264062688,0.056959691242321364,-0.02821262374896205,0.2441680338727974,0.5042736753035878,0.6149414338330388,other
Eomes,0.007407620787346289,-0.02037558643930224,0.0013472577247713793,0.36202510928593995,0.4626083472826239,0.5766777075974254,other
Zmpste24,0.007386931111925676,-0.00445732112852637,-0.005697485716472883,-0.1466997352188905,0.946758392919716,0.9637626346604413,other
Igsf8,0.00730588684538358,0.021666844584570022,0.04152534479085779,0.14247279369563431,1.0,1.0,other
Phykpl,0.007231350365737743,0.0127894256916114,-0.00870169360055334,0.05892853770657126,0.285318068487978,0.4017133500847849,other
Mybl2,0.007202394307438638,0.0007704950076490996,-0.009213442397326077,0.05097194189808907,0.34984355386886234,0.4674049157373145,other
Ofd1,0.007201628624618567,-0.01663649855460725,-0.01633903906361764,-0.28345372567717825,0.285318068487978,0.4017133500847849,other
Sept10,0.007182763927315539,-0.004984755708025812,0.03226467460774651,-0.07807409637073155,0.5931862546017165,0.690989514666215,other
Cd207,0.007180572497538619,0.0024343575657105095,-0.012871238451860289,0.20587691654447682,0.22936158549541563,0.3421975570670124,other
Max,0.007172066146121869,-0.0014170489291758237,-0.028348313491784793,0.4520340993693948,0.8937535902043922,0.9249415832080755,other
Sirt6,0.007165924989231076,-0.0012759102668592481,-0.04555203143172992,-0.4515368121313646,0.5478383165397469,0.6526210305159386,other
Aire,0.007133131688884608,-0.004008453145270926,-0.02191604251660393,-0.06415005370588771,0.22936158549541563,0.3421975570670124,other
Madcam1,0.007132110131604506,-0.023089429854618183,-0.03354318785875744,0.17603968226266858,0.6886643247682933,0.7701987986500909,other
Fbxo17,0.007112039294142003,0.0333996543723242,0.01326541866843653,0.517924658408388,0.6886643247682933,0.7701987986500909,other
Eif2s1,0.00708648972345588,-0.00861376017138929,-0.017470692328440035,-0.07260393675240004,0.3853315267895524,0.5025763534015615,other
Fam104a,0.007082226944750913,-0.0032444408789146784,0.002449678161040081,0.28270779482013303,0.34984355386886234,0.4674049157373145,other
Cavin1,0.00707129566053144,0.18162655218239054,0.08309278245291751,0.39136505632971796,0.946758392919716,0.9637626346604413,other
Adipoq,0.007067058935538162,0.001196002977489152,0.0019708237446112884,0.11537063922299184,0.03260630478301721,0.09515146493030366,other
Cxcl3,0.007024589405381425,-8.038679872158106e-05,-0.012128803459446317,-0.2227846826375015,0.08252326938191985,0.1680443900667358,other
Mia2,0.006902164025806012,-0.00900998724912383,-0.04925918062099899,-0.18126119826198503,0.5931862546017165,0.690989514666215,other
Pakap,0.006840905880952652,0.06279577531652081,-0.08290744680555107,-0.11910029350821788,0.8412192411771064,0.8871323856200991,other
Aldh1a2,0.006803908281026505,0.27994272856514035,0.1306950542842915,0.43438040241932485,1.0,1.0,ratchet_cumulative
Rad23b,0.006799937115669508,0.025768021127347884,-0.051223162620039675,-0.402305375566381,0.8412192411771064,0.8871323856200991,other
Phf3,0.006751857159521424,0.007960474564307485,0.022376056118907972,0.3292041515759509,0.7384623534985825,0.8086939598961506,other
Xpa,0.006748023807267356,0.0052225249913460114,-0.04170177951665033,0.1076626870335247,0.8937535902043922,0.9249415832080755,other
Ccr3,0.0067049159951585585,-0.003309828388855649,-0.007553910985893485,-0.10990047960466034,0.0050366811503910055,0.05819357855504391,other
Dnmt3l,0.006669352525858558,-0.0030069251105952176,-0.011165437198385832,-0.08006324532285211,0.22936158549541563,0.3421975570670124,other
Kdr,0.006413832736597902,-0.02535128603170783,-0.041956369576267194,-0.38514896585434133,0.4626083472826239,0.5766777075974254,other
Lhx6,0.006413306667733057,0.03055669802324204,-0.014727250434783581,0.039285691804380844,0.8412192411771064,0.8871323856200991,other
Ep400,0.006407323585310376,0.012788225840473455,-0.02482104101442384,-0.11363013388988635,0.25628023724432436,0.37159905917660563,other
Bloc1s6,0.006332593439058315,-0.011124918251032262,-0.008343286805692351,0.07509037294255072,0.7893827550332574,0.8482497226510736,other
Wnt10b,0.006262295958653543,-0.0019627427429735056,-0.016389677693276716,-0.11064641046170555,0.16081398497923238,0.2665947797787015,other
Evpl,0.006196669420916394,-0.0026250106626845016,-0.010138902727819886,-0.3192584068153481,0.946758392919716,0.9637626346604413,other
Cs,0.006108836013886121,-0.031423257838076646,-0.016832231533679742,-0.20189861864023573,0.6401805361005117,0.7312048622142209,other
Clec9a,0.006097850441581856,-0.05774875216287756,-0.007203656589989907,0.24864361901506865,0.3165025922557979,0.43481813172551176,other
Lpar2,0.0060724834886784484,0.0003227756216001437,-0.011038805925021294,0.3274636462428454,0.34984355386886234,0.4674049157373145,other
Cdc25a,0.006071155009808815,-0.010404340277243768,-0.014008621542690614,-0.33218787500413166,0.7893827550332574,0.8482497226510736,other
Amigo3,0.006021410674635831,0.0016645947912962006,-0.009437539272516088,-0.02660486723461234,0.5042736753035878,0.6149414338330388,other
Pms2,0.005944686377129825,-0.0009878947136069127,-0.0007582426237099649,0.03481010666210961,0.0950279527318241,0.1838913455557795,other
Pax5,0.005939370086040507,-0.22725056392412152,-0.020186281486998192,0.41548348737417967,0.8937535902043922,0.9249415832080755,other
Cdk4,0.005887787892363598,0.004322165289198356,0.007627459772949659,0.28668609272437406,0.42293676385905665,0.5393501081112619,other
Cited2,0.005809985605767842,0.05768478718900005,-0.040590746631652186,0.42642380661084267,0.7384623534985825,0.8086939598961506,other
Xrcc4,0.005801242568205134,0.001153011574656193,0.027651870565122194,0.3326851622421618,0.3853315267895524,0.5025763534015615,other
Ascl1,0.005777783024229204,-0.010934474915508072,-0.0021991091850386973,-0.3396471835745838,0.42293676385905665,0.5393501081112619,other
Tnfsf4,0.005762155423798269,-0.008993921737910776,-0.013684748295162667,0.19046101216554256,0.25628023724432436,0.37159905917660563,other
Ndor1,0.005716953031330796,0.04177065103710442,-0.007809385534850777,0.30185335348429326,1.0,1.0,other
Kat6a,0.005621955436048709,0.0032564462581717857,-0.006429278143536776,-0.1536617565513124,0.7893827550332574,0.8482497226510736,other
Il21,0.00558227559973179,-0.018345651940494666,-0.02102435433102263,-0.08429018684610827,0.16081398497923238,0.2665947797787015,other
Cyp24a1,0.005500623661849523,0.002046008137163373,0.0050434124252085825,0.33517159843231253,0.0194271256064567,0.07507406645343609,other
Phyhd1,0.005498653853604318,0.056028211222778346,-0.008458861621009173,0.13650534683927268,0.7893827550332574,0.8482497226510736,other
Zfand2a,0.005491748777029515,0.04222148087721367,0.03258048181644724,0.2715188319644549,1.0,1.0,other
F2rl3,0.005461621893959975,-0.0051719972178721416,-0.010582402256374978,-0.07434444208550552,0.12456406214237814,0.2225573663706728,other
Socs6,0.005443213653636758,0.04849251939963445,0.10358575934241332,0.5989824782073003,1.0,1.0,other
Psmd6,0.0053869993088198065,-0.009390384323972434,-0.05984057612090732,-0.41225112032698374,0.7893827550332574,0.8482497226510736,other
Rtf1,0.00536775531910616,-0.02096269875915624,-0.052916175342854865,-0.525632610597855,0.8937535902043922,0.9249415832080755,other
Ffar1,0.005362199873858185,-0.04428774343217559,0.004642568414007502,0.5015141795533934,0.6886643247682933,0.7701987986500909,other
She,0.005325161563658809,0.05655930782303231,-0.07379626220704039,-0.5134490732661168,1.0,1.0,other
Mavs,0.00529777536597742,0.012542273230394585,0.06695493734492558,0.7041587290506743,0.8412192411771064,0.8871323856200991,other
G3bp1,0.005291500190462095,0.038342275346701093,0.0244988054364752,0.5072329827907399,0.7893827550332574,0.8482497226510736,other
Gna14,0.0052685909621274785,0.018045669076523774,0.009069569555355345,0.0007459308570452059,0.5042736753035878,0.6149414338330388,other
Serpinb5,0.0052651101855088756,0.0034756487604401948,-0.0030520508613443714,-0.19046101216554256,0.06151359999604334,0.1395822391369293,other
Cyren,0.005225891046573269,0.0019971745881773376,0.008707412472227637,0.4308993917531139,0.6401805361005117,0.7312048622142209,other
Il22,0.005225362573660682,0.00040607221153877385,-0.01045934643896304,-0.35779816776268375,0.12456406214237814,0.2225573663706728,other
Tnfrsf13c,0.005156656569713355,-0.08723329673331413,-0.010287316325879939,0.04575042589877263,0.7384623534985825,0.8086939598961506,other
Dkk2,0.005150701993723958,0.009896394919399448,0.015070536742005695,0.5835665738283661,0.3853315267895524,0.5025763534015615,other
Lamb3,0.00511662452518602,0.005270775547527681,-0.012622159004441677,0.19319609197470833,0.3165025922557979,0.43481813172551176,other
Synj2bp,0.005031788614565436,-0.0005061351221363752,-0.024400192083963823,-0.051220585517104136,0.16081398497923238,0.2665947797787015,other
Golga2,0.005029193879489635,0.06835887230487014,0.0022005638175814912,0.10542489446238909,1.0,1.0,other
Shh,0.005001991886231655,0.016058364794610647,-0.005127031880296534,-0.1981689643550097,0.14180099264371332,0.24321683371741143,other
Cxcr1,0.004992662989684978,0.002014630114624473,0.0029292329855321216,0.08677662303625895,0.5478383165397469,0.6526210305159386,other
Star,0.004899346886359679,0.012274205593361703,0.002305573776265807,0.1511753203611617,1.0,1.0,other
Gpat2,0.004894830913877397,-0.006718894166397472,0.001031095381155346,0.0340641758050644,0.4626083472826239,0.5766777075974254,other
Egr1,0.004871653664235587,0.12390854765570047,-0.05326656863752566,0.19891489521205488,0.6401805361005117,0.7312048622142209,other
Spata25,0.004851057294083246,0.003085732660600561,-0.002425509368613646,0.20861199635364255,0.0950279527318241,0.1838913455557795,other
Klra8,0.0048494322640857505,-0.007553057657988643,-0.008777571796447892,-0.1514239639801768,0.16081398497923238,0.2665947797787015,other
Phox2a,0.00483182940437453,-0.0018229891678619922,-0.0018752423955223918,-0.3779383009029043,0.22936158549541563,0.3421975570670124,other
Abca13,0.004831369491746482,-0.001869649200989627,-0.016407228749331204,-0.23422228911219464,0.946758392919716,0.9637626346604413,other
Ceacam1,0.004794100964034237,-0.02002761347080856,-0.04099246974418383,-0.35605766242957826,0.946758392919716,0.9637626346604413,other
Ffar4,0.004678721283697987,-0.009156136231192435,0.004323434684417699,0.3304473696710262,0.10900678981544218,0.20241850558739374,other
Slc22a18,0.0046001338599305774,0.01831843276148279,0.014828320825020794,0.4286615991819783,0.3853315267895524,0.5025763534015615,other
Insrr,0.004584316497905062,0.0038835831186075226,-0.007923783712765257,0.023372500187416448,0.14180099264371332,0.24321683371741143,other
Pou2f3,0.004532162130993608,-0.0001318610248296874,-0.007880893568800094,-0.02038877675923563,0.03260630478301721,0.09515146493030366,other
Ppp2r5c,0.004522660720204019,-0.027320094138295614,-0.05496121575065316,-0.4948008018399866,0.946758392919716,0.9637626346604413,other
Magoh,0.004500027836021991,0.011451354377374101,-0.05016707286250288,-0.3045884332934591,0.8937535902043922,0.9249415832080755,other
Retn,0.004365310985634335,0.0022583987848919128,-0.0017347992051395776,-0.15639683636047816,0.6886643247682933,0.7701987986500909,other
Gpr143,0.00434026646481888,-0.003529649825697933,-0.003965694939363305,0.26082715634680703,0.03260630478301721,0.09515146493030366,other
Dsc1,0.004301752704190201,-0.001676934089678066,-0.0004883540959076116,-0.38564625309237144,0.20451844490430449,0.3170968350932697,other
Apmap,0.00428130190792575,0.0158934577307428,-0.020861148150672193,-0.36525747633313577,0.6886643247682933,0.7701987986500909,other
Primpol,0.004278227458578837,-0.02950870871074074,0.00851963207771822,0.28270779482013303,0.5478383165397469,0.6526210305159386,other
Blk,0.0042754426657547265,-0.05943252870729287,0.01812033647381906,0.49853045612521263,0.5478383165397469,0.6526210305159386,other
Samd11,0.00427420816715833,0.002706096108913085,-0.015780832820092842,-0.38639218394941666,0.946758392919716,0.9637626346604413,other
Insr,0.004217100395247808,0.027940506147652755,-0.005149679056424494,-0.07807409637073155,0.5478383165397469,0.6526210305159386,other
Il3ra,0.004214074822999937,0.0018488222392247615,-0.003781454312464648,0.4510395248933345,0.07138703353443834,0.153066522933657,other
Wt1,0.004103407252250089,0.00037435277658815456,0.0031588946321951597,0.1322784053160165,0.20451844490430449,0.3170968350932697,other
Gdf5,0.0040759367906764085,0.0008946090850310874,-0.0021362061167970042,-0.10045202208208771,0.22936158549541563,0.3421975570670124,other
Elf3,0.004071645538750973,-0.00012943674429544139,-0.0007243598612586728,-0.1188516498892028,0.285318068487978,0.4017133500847849,other
Mnx1,0.004038315844547231,0.0036693890768589865,-0.007017594398684268,-0.4259265193728125,0.22936158549541563,0.3421975570670124,other
Virma,0.004014253602384277,-0.034547136609622386,-0.02045042644054429,0.004972872380301373,0.5931862546017165,0.690989514666215,other
Fga,0.004013181007496997,-0.0007364543984768987,-0.005610961312118358,-0.5139463605041469,0.0950279527318241,0.1838913455557795,other
Xpo1,0.00399985426944105,0.01786155770105058,-0.02034102835777518,0.22850348587484806,1.0,1.0,other
Wwox,0.003989422004468057,0.07149522333118086,0.039046114245191,0.49107114755476045,1.0,1.0,other
Alg13,0.003963812897264052,0.007192636243640027,-0.012910325467706762,0.23496821996923986,0.946758392919716,0.9637626346604413,other
Ibsp,0.0039280679610722204,-0.0018244811388717502,-0.01946682956334326,-0.4788876102230222,0.6401805361005117,0.7312048622142209,other
Gnrh1,0.003925066206846052,0.0011910621768223134,-0.015320418736375227,0.293399470437781,0.7384623534985825,0.8086939598961506,other
Hmga2,0.003918333955017075,-0.005756624661632098,-0.010612940008065203,0.07658223465664113,0.5931862546017165,0.690989514666215,other
Jade3,0.0038738665244291703,-0.004514354062799236,0.00025516467585029456,0.035804681138169876,0.42293676385905665,0.5393501081112619,other
Lepr,0.0037859283711862424,0.03362276061116776,0.003280736473558088,0.11934893712723295,0.8412192411771064,0.8871323856200991,other
Epha1,0.003711021175109755,-0.00534322511251574,-2.156886417192805e-06,0.14421329902873978,0.42293676385905665,0.5393501081112619,other
Ocstamp,0.003686836309505409,0.00028035507696983625,-0.006827346357751206,-0.213833512352959,0.00920502620895087,0.06294214301857694,other
Satb2,0.0036850424997343194,-0.00031911544321651733,0.00028137125026004087,0.4495476631792441,0.10900678981544218,0.20241850558739374,other
Anapc4,0.0036781714009097577,0.003658261802164109,-0.06404379166719987,-0.6074363612538127,0.5478383165397469,0.6526210305159386,other
Armc12,0.0036469810857939332,-0.0003077249381282241,-0.007483404909670234,0.2339736454931796,0.42293676385905665,0.5393501081112619,other
Npas1,0.003624672189544622,0.0005274154004894158,-0.00013378629846801451,-0.31204774186391115,0.4626083472826239,0.5766777075974254,other
Sucnr1,0.003607528646983639,-0.0010822247820357275,-0.002314264773081557,-0.2369573689213604,0.04514062557215464,0.11588441421417252,other
Vav2,0.0035990738478112183,-0.0009781781837182035,0.04737329807467289,0.6235981964897921,0.946758392919716,0.9637626346604413,other
Cyp27b1,0.0035823280834581563,0.0019373769459577021,-6.412867288562926e-05,0.16708851197812613,0.8412192411771064,0.8871323856200991,other
Adm,0.0035317800618064887,0.12465651794193477,0.0029900355688601277,0.3135396035780016,0.8937535902043922,0.9249415832080755,other
Dppa3,0.0034945459259662186,0.0017731555281510318,0.006296827584753459,0.7310122399043019,0.07138703353443834,0.153066522933657,other
Cd209a,0.003493516153564552,-0.05751747798487741,0.003813090310102671,0.15714276721752338,0.8412192411771064,0.8871323856200991,other
Psmc2,0.003486560497462765,0.02486445364483214,-0.059109140828953466,-0.4545205355595454,0.7893827550332574,0.8482497226510736,other
Saysd1,0.003478188439696203,-0.009359941245473097,0.012877360959151374,0.35257665176336733,0.7893827550332574,0.8482497226510736,other
Ring1,0.003472686694559357,0.032181397400229184,0.08023789238611645,0.09746829865390691,0.6401805361005117,0.7312048622142209,other
Zfand2b,0.0034419861241783423,0.016278642088165207,-0.015767868925495865,-0.25485970949044534,1.0,1.0,other
Aqp5,0.0034260477756008316,0.0011434346894115162,0.004503995155355184,0.15291582569426718,0.6886643247682933,0.7701987986500909,other
Ntmt1,0.0033973915646686725,0.017861023046958024,0.011254224432479809,0.04226941523256167,0.7384623534985825,0.8086939598961506,other
Il22ra2,0.0033571233417221437,-0.00032087040871980367,-0.0001859710014043784,0.03978297904241098,0.10900678981544218,0.20241850558739374,other
Tyw5,0.003334020743594429,-0.0322111222232081,-0.019089954141403576,-0.5800855631621551,0.8937535902043922,0.9249415832080755,other
Apex1,0.0033189074191878193,0.006277712970986504,-0.005086307636972501,-0.23347635825514945,0.3853315267895524,0.5025763534015615,other
Dsg1b,0.003307036903193103,0.0007033656950052088,-0.0015779115969232265,-0.13675399045828773,0.03260630478301721,0.09515146493030366,other
Etfbkmt,0.0032888050243281286,0.037325112872820976,0.010326260264603593,0.5534806959275428,0.8412192411771064,0.8871323856200991,other
Eif4ebp1,0.0032566832594567163,0.011510493468003452,-0.014263338494862457,0.333182449480192,0.7384623534985825,0.8086939598961506,other
Dnmt3a,0.00320769565090373,-0.029380019519402056,0.1696083444640284,0.3535712262394276,0.7384623534985825,0.8086939598961506,other
Muc1,0.00320095905885049,0.0007662813949081988,-0.00034331415531717313,0.28668609272437406,0.1816927632278722,0.29053755022739064,other
Hcrtr1,0.003147344931917498,-0.006273643218941402,-0.019043840030412006,-0.4858496315554441,0.5478383165397469,0.6526210305159386,other
Casp9,0.003095846622611087,0.03766361754252323,0.001964571596496212,0.33069601329004134,0.14180099264371332,0.24321683371741143,other
Gcnt3,0.0030821218277254266,-0.000956512796038228,-0.0006239322865318891,-0.41249976394599885,1.0,1.0,other
Cd276,0.0030544136081427017,0.006698404743681295,0.007318824214417187,0.22850348587484806,0.6886643247682933,0.7701987986500909,other
Nrip1,0.003049365038273244,0.036225258991251286,-0.036508059069456644,0.11188962855678088,0.5931862546017165,0.690989514666215,other
Kcna10,0.0029922038505628933,9.78560057400199e-05,-0.0020170594876714673,-0.4654608547962084,0.8937535902043922,0.9249415832080755,other
Mark2,0.002988965461695914,0.0024983401873746036,-0.032820303036661835,-0.2170658794001549,0.946758392919716,0.9637626346604413,other
Mfsd2b,0.002982538349005498,0.011623559997891775,-0.024968776178836916,-0.18101255464296997,0.6886643247682933,0.7701987986500909,other
Ereg,0.0029609945896293174,-0.0007102054192044596,-0.00137783830366635,-0.17156409712039736,0.04514062557215464,0.11588441421417252,other
Serpinc1,0.002960684585145805,-0.0038165627250631336,-0.007548715563462156,-0.13824585217237817,0.5931862546017165,0.690989514666215,other
Neurod4,0.00292046851970334,-0.0008735243348641699,-0.0011981614864645072,-0.12382452226950418,0.12456406214237814,0.2225573663706728,other
Smurf1,0.002892324345812436,-0.03523202425679528,-0.04423396240747968,0.25958393825173165,0.946758392919716,0.9637626346604413,other
Actr1a,0.0028210948811603354,-0.01565319764718809,0.0021318151249708484,-0.5350810681204277,0.8412192411771064,0.8871323856200991,other
Cd70,0.0027937786444538655,-0.002609023878454346,-0.008930169986556671,-0.13153247445897132,0.42293676385905665,0.5393501081112619,other
Casp2,0.002770332754233551,0.019196316387997625,-0.03567155279404999,0.2650540978700632,0.7893827550332574,0.8482497226510736,other
Dcaf11,0.0027446126397008275,0.027087266798477283,-0.028572141939468276,-0.14371601179070967,0.5478383165397469,0.6526210305159386,other
Cblc,0.002741606839385711,-0.0017021136316988789,-0.007518726916418729,0.14545651712381513,0.7384623534985825,0.8086939598961506,other
Lrrc15,0.002731641513783077,-0.001213259325592533,-0.002357558045993664,-0.22477383158962205,0.04514062557215464,0.11588441421417252,other
Spdef,0.002650586360685419,0.004861253581409035,-0.019120986066033678,-0.17405053331054807,0.14180099264371332,0.24321683371741143,other
Suz12,0.002646476168388867,-0.003028919133382213,-0.02261111979816577,-0.25361649139536996,0.5042736753035878,0.6149414338330388,other
Gabpb1,0.002633856037807969,-0.012195477854303638,-0.0737975614478451,-0.2541137786334001,0.5042736753035878,0.6149414338330388,other
Setx,0.002590761078607562,-0.04081167100668459,-0.031399046816889986,-0.2250224752086371,0.6401805361005117,0.7312048622142209,other
Cd151,0.0025669181610599168,0.13096264592801576,0.1517225079315152,0.7978973734193552,1.0,1.0,other
Cd2ap,0.0025614732548374097,-0.07420466201789316,-0.029816211548988558,-0.32771228986186046,0.7384623534985825,0.8086939598961506,other
Wnt2,0.002518601858130536,-0.0012367466815701401,-0.004003027070376012,-0.12332723503147403,0.10900678981544218,0.20241850558739374,other
Cetn3,0.002474741732549024,0.003978961453850571,0.028326705512364825,-0.3098099492927755,0.5042736753035878,0.6149414338330388,other
Tal1,0.0024500785585457735,0.007539143191358066,0.0012389129818555777,0.28345372567717825,1.0,1.0,other
Clca3a2,0.0024099201423088343,0.0008540438530054949,0.00021109051008903063,0.39037048185365775,0.5931862546017165,0.690989514666215,other
Glp1r,0.0023823703917091182,-0.008128084424686662,-0.0041022668754377295,-0.48162269003218794,0.5042736753035878,0.6149414338330388,other
Slc6a4,0.0023773274944641123,0.00015822896746498644,-0.000546246753975679,-0.2362114380643152,0.04514062557215464,0.11588441421417252,other
Adamts13,0.0023715535710732323,-0.00554361240987489,-0.0025220692354768204,0.019145558664160282,0.25628023724432436,0.37159905917660563,other
Pdzk1,0.002355356504560046,-0.00038240205929974264,-0.004800944375279675,-0.11238691579481103,0.08252326938191985,0.1680443900667358,other
Bhlha15,0.0023541377265597907,-0.015043821605383527,0.022028506194777173,0.5937609622079838,0.7384623534985825,0.8086939598961506,other
Il15,0.002354121450751104,-0.0024891060408622073,-0.000578358182042521,0.13426755426813705,0.7384623534985825,0.8086939598961506,other
Gsx1,0.002351472504244563,-0.014438883496494845,0.011999093392181685,0.03306960132900413,0.7384623534985825,0.8086939598961506,other
B4galnt2,0.0023386282368550258,-0.0009041858276652133,0.00120199817241279,0.3936028489008536,0.14180099264371332,0.24321683371741143,other
Hcrt,0.0023042111963168348,-0.001125831773236944,-0.0008194414525049751,-0.08254968151300278,0.5042736753035878,0.6149414338330388,other
Acr,0.0022620692992995003,0.009514703148237762,-0.008305822592067656,-0.0982142295109521,0.8412192411771064,0.8871323856200991,other
Taf6l,0.0022480062779422078,-0.000736963429489354,0.007263247456825592,0.6382681700116811,0.7384623534985825,0.8086939598961506,other
Dpm1,0.00222282822358455,0.012512938785173233,-0.06247881835946778,-0.42915888642000843,0.8937535902043922,0.9249415832080755,other
Ren1,0.0021762575755221083,0.006136359694774038,-0.0042244451798423965,-0.5343351372633826,0.8412192411771064,0.8871323856200991,other
Sag,0.002156254350328908,0.002961779104461014,-0.004214127351739878,0.25212462968127963,0.6886643247682933,0.7701987986500909,other
Cpa4,0.0021178370650326746,0.0027251987609795553,-0.0014722584721913907,-0.11760843179412747,0.6886643247682933,0.7701987986500909,other
Tesmin,0.0021155519205003845,-0.008143959223395066,-0.010100057588839466,0.25734614568059605,1.0,1.0,other
Exoc3l2,0.002096136806298554,0.0027764709179735197,-0.005480900302702037,-0.3883813329015372,0.946758392919716,0.9637626346604413,other
Itln1,0.0020333331507209392,-0.002815756676377181,0.00020428892780776156,0.25908665101370154,0.1816927632278722,0.29053755022739064,other
Ido1,0.0020264933622085937,-5.930561640387147e-05,-0.002811800132611413,0.06912292608618908,0.285318068487978,0.4017133500847849,other
Kcnq1,0.0020139279130416687,-0.00897722962884824,-0.00507027873154603,-0.4873414932695345,0.946758392919716,0.9637626346604413,other
Arhgap31,0.00199252534088723,0.03766360018340409,-0.05982800906488683,0.3945974233769139,1.0,1.0,other
Afp,0.001954945160070505,-0.0043934955376807305,-0.0007531817386938408,0.47814167936597696,0.25628023724432436,0.37159905917660563,other
Tbr1,0.0019430015401759844,0.003630715206600142,-0.0018564648201244704,-0.012183537331738364,0.14180099264371332,0.24321683371741143,other
Mcph1,0.0019398330437289113,0.004762495527043165,0.008334219047078262,0.37818694452191937,1.0,1.0,other
Cenps,0.001929253958434407,0.00129694740575656,-0.0030561606318745965,-0.0387884045663507,1.0,1.0,other
Pf4,0.0019001174333986154,0.00040149019759813664,-0.0005149703145136634,0.19145558664160287,0.3165025922557979,0.43481813172551176,other
Zfp979,0.001877505379869776,-0.023425840920209218,-0.020434221019090884,-0.10119795293913293,0.4626083472826239,0.5766777075974254,other
Tubb1,0.0018221683132343897,-0.001715099075786544,-0.004464477964734482,0.31378824719701665,0.4626083472826239,0.5766777075974254,other
Stra8,0.0018152267093226298,-0.004762428861640113,-0.00012398396460673415,0.4172239927072851,0.0950279527318241,0.1838913455557795,other
Grpel1,0.0017960628800268719,0.023811684981134063,-0.016529818041282396,-0.33069601329004134,0.5478383165397469,0.6526210305159386,other
Glyat,0.0017779189078913626,-2.8001407916228294e-05,-0.013903237781650535,-0.5074816264097551,0.6401805361005117,0.7312048622142209,other
Lamc1,0.0017667354612518338,0.12816577617102398,0.05707599986161305,0.626830563536988,1.0,1.0,other
Cdcp1,0.0017561930395190266,-0.006122766609739018,-0.0032764928278762803,0.101446596558148,0.20451844490430449,0.3170968350932697,other
C7,0.001751739905398059,0.004574139355831884,0.004075464799853344,0.5599454300219345,0.946758392919716,0.9637626346604413,other
Srsf2,0.0017444841496008223,0.03502933969638433,0.011185644985604037,0.12655960207866992,1.0,1.0,other
Il13,0.0017335184193784884,0.0016341829798279745,-0.0012069817530462644,0.07956595808482196,0.34984355386886234,0.4674049157373145,other
Myf5,0.0017057769507570928,-0.001635484246029528,-0.0007265404216762958,-0.28743202358141934,0.7384623534985825,0.8086939598961506,other
Memo1,0.0016880679630716378,0.01154000751607076,0.016008562207959876,0.38440303499729606,1.0,1.0,other
Ubtf,0.001654377148508912,0.025086723358845875,-0.02500275461870549,0.07807409637073155,0.6886643247682933,0.7701987986500909,other
Pon1,0.0016459021403107121,0.001870752470125167,-0.00018093304031784833,-0.23248178377908915,0.0194271256064567,0.07507406645343609,other
Fgf21,0.001640983628582911,0.0007214426171574936,0.004686726356778413,0.1345161978871521,0.3165025922557979,0.43481813172551176,other
Bcl11b,0.0016233227802288919,-0.009365245805903644,-0.007981773163136002,-0.12879739464980555,0.7893827550332574,0.8482497226510736,other
Gsdma3,0.001612616069149305,-6.24740311741881e-05,-0.0018253415202287258,-0.4443261471799277,0.16081398497923238,0.2665947797787015,other
Fezf2,0.0015672224293053101,-4.887607094137235e-05,0.0008751366547278261,-0.018896915045145214,0.4626083472826239,0.5766777075974254,other
Calcrl,0.0015664426186292602,0.050407360611960716,0.025846058731905153,0.5761072652579141,0.8412192411771064,0.8871323856200991,other
Ntf5,0.001564005434007339,-0.0018311427420422358,-0.0037699903892355066,-0.08180375065595759,0.1816927632278722,0.29053755022739064,other
Gzmk,0.0015516138913322323,-0.0008004846884149212,0.0036193354481067388,0.141229575600559,0.8412192411771064,0.8871323856200991,other
Hc,0.0015461183893092792,-0.000945927788378347,-0.0005140146825923985,-0.41299705118402896,0.04514062557215464,0.11588441421417252,other
Flt4,0.001534466449408911,0.008517446621191582,-0.022795883865639965,-0.5139463605041469,0.7384623534985825,0.8086939598961506,other
Avpr1b,0.0015296120237193863,-0.00040864559199601906,-0.0011773751491238075,-0.07857138360876169,0.16081398497923238,0.2665947797787015,other
Nr1i3,0.001505878383979315,-0.0010793842722921585,-0.001006224697924155,-0.13650534683927268,0.1816927632278722,0.29053755022739064,other
Muc5ac,0.0015039097004108711,-0.0014523888150373239,-0.001520138870857217,-0.25137869882423436,0.04514062557215464,0.11588441421417252,other
Lin28a,0.0014998758399532488,-0.0025235672258931844,-0.002493432737825532,-0.18996372492751243,0.34984355386886234,0.4674049157373145,other
Igfbp1,0.0014777374033516314,-0.0008350479593435198,-0.0006670568699384937,0.054701596183315104,0.20451844490430449,0.3170968350932697,other
Cebpg,0.0014601651025625273,0.034076072046358874,0.028802232249760196,0.4515368121313646,1.0,1.0,other
Slc6a19,0.0014358746590559662,0.0008736968872677248,0.002855218756877026,0.060917686658691815,0.5478383165397469,0.6526210305159386,other
Galp,0.0014079984719297008,0.0008040271753268786,0.0020175193726617736,0.2568488584425659,0.16081398497923238,0.2665947797787015,other
Gpbar1,0.0014019948917692268,-0.00020756342819457704,-0.00137568339268494,-0.21582266130507957,0.023180056414889752,0.08120979929419823,other
Ptk6,0.0013974256518737372,-0.0010609385315397853,0.0005856495404044397,-0.2551083531094604,0.0950279527318241,0.1838913455557795,other
Rp1l1,0.0013778521517725261,0.0003160057292375708,-0.001460307297301385,-0.06340412284884249,0.285318068487978,0.4017133500847849,other
Bsnd,0.0013567996530506757,-0.0011144053633384667,0.0006605136351017374,-0.29787505558005223,0.7384623534985825,0.8086939598961506,other
Nox1,0.001326912595195781,0.003006409729721787,-0.004932383795766303,-0.21184436340083845,0.7893827550332574,0.8482497226510736,other
Stk3,0.0013004138073398064,-0.0038777477857585563,0.0028170777774314537,0.12655960207866992,0.6401805361005117,0.7312048622142209,other
Chrna1,0.001284967859046639,0.0018116421588341113,-0.00121516983090832,-0.16211563959782477,0.3165025922557979,0.43481813172551176,other
Pin1,0.001281399224270851,0.0028634935148227694,-0.0005688680825627901,-0.09100356455951512,0.8412192411771064,0.8871323856200991,other
Slc25a31,0.0012699496768537304,0.00027365031834220704,-0.000324309550822334,0.0017405053331054805,0.946758392919716,0.9637626346604413,other
Fgf23,0.0012493657440394036,0.0010614851076032536,-0.0023425601266040975,-0.2359627944453001,0.3165025922557979,0.43481813172551176,other
Krt76,0.0012414995641511313,0.00011654591975567442,-0.0012451308084073377,-0.1166138573180672,0.285318068487978,0.4017133500847849,other
Arr3,0.0012318644465482598,-0.0014709532598584474,-0.0010878831097091914,-0.16733715559714119,0.14180099264371332,0.24321683371741143,other
Pde6b,0.0012146660563617379,-0.0006833082858194034,-0.0023072471196779014,0.04724228761286304,0.7384623534985825,0.8086939598961506,other
Mc3r,0.0011897684721691578,0.00011709731954572585,-0.0007910320087567615,-0.3692357742373769,0.05279870698063471,0.12722069169023034,other
Prm1,0.001184476718577012,-0.0007704291223537539,-0.0014364823795972419,-0.42344008318266185,0.05279870698063471,0.12722069169023034,other
Mepe,0.0011704167402008356,0.00029490228793354386,-0.003035339588094572,-0.27574577348771107,0.42293676385905665,0.5393501081112619,other
Fgf16,0.0011684736744519628,-0.003920915917627148,-0.004194613930104844,-0.48211997727021805,0.7384623534985825,0.8086939598961506,other
Klf17,0.001139409972711232,-0.00076870691890547,-0.000886166342134953,-0.08976034646443978,0.22936158549541563,0.3421975570670124,other
Ly6m,0.0011385530347115015,-0.010069846874250183,-0.008148107596172575,0.2051309856874316,0.1816927632278722,0.29053755022739064,other
Slc30a8,0.00113842348687203,-0.0006454413867476123,-0.0024579415395825565,-0.6999317875274181,0.04514062557215464,0.11588441421417252,other
Tpsb2,0.0011345228085221986,0.0014642675425283885,0.006974114184036272,0.09721965503489183,0.5042736753035878,0.6149414338330388,other
Gnb3,0.0011332721534362336,0.0033442258876739805,-0.001448552394816005,0.003232367047195892,0.6401805361005117,0.7312048622142209,other
Bmp15,0.001119312309419509,0.0013010899984316855,-0.0008165995965124431,-0.3610305348098797,0.25628023724432436,0.37159905917660563,other
Muc20,0.001112881858537476,-0.0010308857331380082,-0.0013795500553782421,-0.42990481727705365,0.0194271256064567,0.07507406645343609,other
Adgrf1,0.0010808872500005784,0.0007417332971545723,-0.0005921358245881986,-0.1394890702674535,0.34984355386886234,0.4674049157373145,other
Psmd11,0.0010386948816341612,0.012894675267464795,-0.004720162828629526,0.17454782054857818,1.0,1.0,other
Chil4,0.0010042464624107554,0.00034644227904382643,-0.001884323673456971,-0.12854875103079047,0.20451844490430449,0.3170968350932697,other
Pinlyp,0.000983248205304421,0.0006844235011751959,2.9051638215625737e-05,-0.10194388379617814,0.22936158549541563,0.3421975570670124,other
Grm6,0.0009809234829305951,-0.00021489193795427419,-0.0024056359105851842,-0.21482808682901927,0.22936158549541563,0.3421975570670124,other
Nr0b2,0.0009691876302760239,-2.5671361335765676e-05,-0.0013514892038197172,-0.30185335348429326,0.3853315267895524,0.5025763534015615,other
Rnf19a,0.000960778000009932,0.010622507164169681,-0.002911959983867396,-0.18996372492751243,0.946758392919716,0.9637626346604413,other
Slc39a5,0.0009519685425721219,-0.001774806890239291,-0.00029830949900536575,-0.43288854070523447,0.14180099264371332,0.24321683371741143,other
Tex101,0.000943647277113541,0.0006332546263991996,-0.0015922390371031804,-0.3866408275684317,0.22936158549541563,0.3421975570670124,other
Tpsab1,0.0009273947505566513,-0.0006081237391792754,0.001641918404593017,-0.13575941598222746,0.1816927632278722,0.29053755022739064,other
Tas1r1,0.0009263191887546648,0.002310937608580199,-0.004418812591764061,-0.03257231409097398,0.946758392919716,0.9637626346604413,other
Il23a,0.0009213073173253662,0.0003923122505098192,-0.000884589721090975,-0.30309657157936865,0.1816927632278722,0.29053755022739064,other
Grxcr1,0.0009129424116254411,-0.0011156832881269244,-0.0008621342741385388,-0.38738675842547693,0.10900678981544218,0.20241850558739374,other
Mtnr1a,0.0009063435426011814,9.237762437820478e-05,-0.0007379896065938009,-0.033318244948019195,0.22936158549541563,0.3421975570670124,other
Hmx3,0.0009040231823349873,-0.0002589994828491853,0.00027964218809926064,0.06017175580164661,0.08252326938191985,0.1680443900667358,other
Tespa1,0.0008949184462141227,-0.009603354085394998,-0.0024283628039195766,0.20214726225925078,0.34984355386886234,0.4674049157373145,other
Tectb,0.0008834381599305378,-0.00037992704436362774,0.0007315634927737352,0.12432180950753433,0.07138703353443834,0.153066522933657,other
Dmrta2,0.0008807403425093417,0.0024924743717192298,-0.0004918734423390927,-0.15689412359850832,0.6401805361005117,0.7312048622142209,other
Cd59a,0.0008737566779525308,-0.013317846961773516,-0.05653258550360157,-0.5102167062189208,0.7893827550332574,0.8482497226510736,other
Rgs9,0.0008659480072736314,0.04610583025983467,-0.02994670258945803,-0.44233699822780714,1.0,1.0,other
Lect2,0.0008639054584989392,-0.0008610522201352149,-3.8078509632345423e-06,-0.44159106737076187,0.8412192411771064,0.8871323856200991,other
Prl8a1,0.0008507836094834554,4.515014011961067e-05,-0.000625675694063675,-0.37122492318949746,0.8412192411771064,0.8871323856200991,other
Hesx1,0.0008488335833599465,-0.001098478098117538,-0.0001321692552247013,0.13998635750548363,0.25628023724432436,0.37159905917660563,other
Mst1r,0.0008360179153524688,0.010872453183785727,3.940464679036415e-05,0.4090187532797879,0.6401805361005117,0.7312048622142209,other
Gast,0.0008207158871507687,-0.0006374130758224736,0.0004958085308248736,0.1220840169363987,0.06151359999604334,0.1395822391369293,other
Mbl1,0.0008173759002987743,0.00034662093952624734,-0.0016137610972639053,-0.3814193115691153,0.7893827550332574,0.8482497226510736,other
Prss42,0.0008158424271526867,-0.0020558760842072886,-0.0017795980565238996,-0.07484172932353565,0.20451844490430449,0.3170968350932697,other
Nr2e3,0.0008016617717672876,0.00020742759886621318,-0.0013076602843569238,-0.08429018684610827,0.285318068487978,0.4017133500847849,other
Adamdec1,0.000796632080913422,0.00023833960122991715,-0.002819518973708487,-0.15987784702668914,0.5042736753035878,0.6149414338330388,other
Vax1,0.000790765006472181,-0.000176492392863839,-0.001132105721265873,-0.35381986985844266,0.5042736753035878,0.6149414338330388,other
Tuba3a,0.0007872091637258095,-0.0015286212806126945,3.81606822018603e-05,-0.3396471835745838,0.1816927632278722,0.29053755022739064,other
Dio3,0.0007866060536994152,0.0016628554026972163,0.0008007867475824833,0.467450003748329,0.25628023724432436,0.37159905917660563,other
Selenov,0.0007822823861239822,0.004151022483540795,0.007855439810904787,0.10194388379617814,0.7384623534985825,0.8086939598961506,other
A1cf,0.000749948066092989,-0.00014539814928422618,-0.0009839392795287939,-0.5994797654453304,0.08252326938191985,0.1680443900667358,other
G6pc2,0.000742346937488762,-0.0005217466068249597,-0.0009540110664316699,-0.4592447643208318,0.34984355386886234,0.4674049157373145,other
Ifnb1,0.0007350796701719184,0.00023600263649511347,6.764556790027267e-05,-0.04749093123187811,0.34984355386886234,0.4674049157373145,other
Misp,0.0007343999113050004,-0.0032084882321601962,-0.008384351027047869,-0.017405053331054805,0.946758392919716,0.9637626346604413,other
Mbl2,0.0007207308765576174,0.0007511606988630385,-0.0006296988409693113,-0.2963831938659618,0.3165025922557979,0.43481813172551176,other
Tbx20,0.0007131994731012972,0.00015017083812150604,0.0020927966379107356,-0.024367074663476727,0.8412192411771064,0.8871323856200991,other
a,0.0006642382709694718,-0.002287842754734464,0.001171119820662021,0.26530274148907823,0.5478383165397469,0.6526210305159386,other
Cyp1a2,0.0006613470221177881,-0.0014927822753393997,-0.0007383324244337516,-0.5524861214514825,0.4626083472826239,0.5766777075974254,other
Gdf2,0.0006550919590846641,0.001352316049082888,0.0005931358562687736,0.06986885694323428,0.5478383165397469,0.6526210305159386,other
Sult2a8,0.0006498921507398702,-0.0007870749979097444,-0.00023954837628012687,-0.17877476207183435,0.3165025922557979,0.43481813172551176,other
Hoxa13,0.0006439138382037463,0.0003222433739506394,0.00046767934990117805,-0.19583096857394988,0.12456406214237814,0.2225573663706728,other
Foxn1,0.0006344228378615275,0.001219267162695558,0.001255912945307261,0.013178111807798636,0.6401805361005117,0.7312048622142209,other
Map3k11,0.0006309464449553159,0.026411042871383072,-0.026726741058713088,0.3674952689042714,0.6886643247682933,0.7701987986500909,other
Pgf,0.0006299357129822547,0.04841280306192519,-0.024478966672591085,-0.20015811330713026,1.0,1.0,other
Cryaa,0.0006230464229574871,-7.922101427285458e-06,-1.114603438997705e-05,-0.420207716135466,0.5931862546017165,0.690989514666215,other
Hpd,0.000621813998691038,0.00012253444975746704,0.0002720757376154918,-0.2941454012948262,0.10900678981544218,0.20241850558739374,other
Ms4a2,0.00060427503108656,0.0002487026200448483,-0.0010364443295441958,-0.3423822633837495,0.285318068487978,0.4017133500847849,other
Gsc,0.0005954289361599007,0.0009483740886986193,0.0007885721118598733,0.028096728948702757,0.4626083472826239,0.5766777075974254,other
Ghrl,0.000578575892828526,0.0014037946213268197,0.00018394226753355898,-0.32075026852943855,0.6401805361005117,0.7312048622142209,other
Fshr,0.0005721494723072034,-0.00027595619515730996,-0.0001680916281442675,-0.1253163839835946,0.3165025922557979,0.43481813172551176,other
Lyzl6,0.0005643012915169015,0.00045316442883376693,-0.001509268672586917,-0.16062377788373433,0.7893827550332574,0.8482497226510736,other
Krt82,0.000550624358838831,0.0005976610862386258,0.00032540453922145487,-0.17628832588168367,0.16081398497923238,0.2665947797787015,other
Grxcr2,0.0005485433278051514,0.00042561171539579577,0.0003143213931247517,-0.3090640184357303,0.285318068487978,0.4017133500847849,other
Krt78,0.0005448513642420986,-0.0005194596355272366,-0.0005034856647363377,-0.37420864661767833,0.34984355386886234,0.4674049157373145,other
Ube2u,0.0005433399990516562,0.0004570544632821216,0.0005690131375060462,-0.10094930932011786,0.22936158549541563,0.3421975570670124,other
Pzp,0.0005320565989722532,0.0003887273638944191,-0.0030295114245829265,-0.5828206429713209,0.3853315267895524,0.5025763534015615,other
Chrng,0.0005309323746039455,0.0009540961024873829,0.001099472869533837,0.24367074663476726,0.4626083472826239,0.5766777075974254,other
Foxi1,0.0005145662665990702,0.0012744149034854034,-0.0005517556389339848,-0.15490497464638775,0.4626083472826239,0.5766777075974254,other
Foxa1,0.0005123852864825865,0.0003016809246284488,-0.0004557304556989678,-0.24665447006294805,0.5042736753035878,0.6149414338330388,other
Tcf21,0.0005097692334109678,-0.00014900092841207404,-0.00028760318568459356,0.020886063997265766,0.42293676385905665,0.5393501081112619,other
Cldn23,0.0005074589525570572,-0.0024938927499352174,-0.0012065168522992602,-0.27002697025036454,0.5042736753035878,0.6149414338330388,other
Mei4,0.0004965195630357005,-0.00194719738657974,-5.668799150918523e-05,-0.17877476207183435,0.4626083472826239,0.5766777075974254,other
Apoa1,0.0004953433727881724,0.0017830194167483063,-0.0034421207870529704,-0.5358269989774729,0.6886643247682933,0.7701987986500909,other
Mfrp,0.0004888337795403664,0.00038400740732393805,-0.000966930711014966,-0.04948008018399865,0.7384623534985825,0.8086939598961506,other
Cyp1a1,0.00048771436506252165,0.0009667847559996483,-0.0006687461652028456,-0.3563063060485933,0.22936158549541563,0.3421975570670124,other
Bpifb1,0.00048381839598991925,-0.001959842264762154,-0.0013085757265233061,-0.427667024705918,0.5042736753035878,0.6149414338330388,other
Gnrhr,0.0004826851176854517,0.00047152240829446794,-0.0012617864977289232,-0.32547449729072486,0.8412192411771064,0.8871323856200991,other
Cblif,0.00048038366464041565,-0.0007860399088371398,0.0007118570450907386,-0.08801984113133429,0.4626083472826239,0.5766777075974254,other
Atp4a,0.00047957797690260234,0.0010988664956874984,0.0009233873090178646,-0.2819618639630878,1.0,1.0,other
Prom2,0.00046544990383625903,-0.0026141567435542974,-0.0028931394951166554,-0.2715188319644549,0.6401805361005117,0.7312048622142209,other
Nmur1,0.00046525570391511666,0.0021419890177529193,-0.0011262247781507525,-0.137748564934348,0.5931862546017165,0.690989514666215,other
Upk3b,0.0004648306750518632,0.0001725211336413763,-0.0020309418619917866,-0.5316000574542167,0.42293676385905665,0.5393501081112619,other
Pitx1,0.00046462387188543446,-0.001386328491822787,0.0008947454601170622,-0.18623407064228642,0.5042736753035878,0.6149414338330388,other
Lmx1a,0.0004573842161461183,-0.0006691264663495977,-0.0005700478638324367,-0.1007006657011028,0.285318068487978,0.4017133500847849,other
Nobox,0.0004478390863974311,2.7682220993829366e-05,-0.0008195528962019463,-0.3103072365308056,0.42293676385905665,0.5393501081112619,other
Adad1,0.00043318077077466243,0.00022713799736389035,-7.90291352306162e-06,-0.2098552144487179,0.5478383165397469,0.6526210305159386,other
Gckr,0.00043140712917902856,0.0027884308794456393,0.00016442419959749807,0.49654130717309203,0.7384623534985825,0.8086939598961506,other
Gsx2,0.00043101667809624994,-0.00013588925110235087,-0.0014906801493114533,-0.33467431119428237,0.22936158549541563,0.3421975570670124,other
Prl3b1,0.0004241233865669013,-0.00022746986850251502,0.0006558650808600938,-0.02710215447264248,0.7384623534985825,0.8086939598961506,other
Adgrg7,0.0004222903707304848,-0.0002090703083568791,0.00036606360492102757,-0.06415005370588771,0.3165025922557979,0.43481813172551176,other
Gpr141b,0.0004215643521367843,-0.010722148425200488,-0.0019006349083794567,0.20786606549659736,0.5478383165397469,0.6526210305159386,other
Prop1,0.0004200602961556754,0.00038940356666905714,0.0006135706893999546,0.1785261184528193,0.3165025922557979,0.43481813172551176,other
Prap1,0.00041974704240845245,0.00031074508698213793,-0.0005626019177640378,-0.21234165063886862,1.0,1.0,other
Rph3al,0.0004186150692879753,0.011274818350722096,-0.01498713698023113,-0.449299019560229,0.946758392919716,0.9637626346604413,other
Hand2,0.00041512209127099204,0.00035261831024409633,-0.0010216732980352751,-0.13153247445897132,0.5478383165397469,0.6526210305159386,other
Abcg8,0.0004145385032813657,-8.034490650824606e-05,-0.00011196060650385661,-0.44407750356091263,0.5042736753035878,0.6149414338330388,other
Krt20,0.0004108636588614342,-0.0003724383761564299,-0.0008175646015499832,-0.3610305348098797,0.946758392919716,0.9637626346604413,other
Atoh1,0.0004079095886689115,0.000991573085381794,-0.0007160606885098083,-0.25436242225241523,0.4626083472826239,0.5766777075974254,other
Fthl17a,0.0004070248881617713,-2.938822768624484e-05,0.000553362519898121,-0.04997736742202879,0.5478383165397469,0.6526210305159386,other
Tdrd1,0.0004058659252722894,0.000692115179480513,0.0011295360023799196,-0.05569617065937538,0.946758392919716,0.9637626346604413,other
Meiob,0.00040097433143412506,6.916819659435244e-05,-0.00047331288349272693,0.19941218245008505,0.4626083472826239,0.5766777075974254,other
Pth,0.0003943921157807907,-0.00019135789772574668,-0.0022009571306351055,-0.07409579846649045,0.5931862546017165,0.690989514666215,other
Pdc,0.0003891803503043678,-0.00025180994522063785,-0.00031940880538764,-0.2481463317770385,0.4626083472826239,0.5766777075974254,other
Cbln3,0.0003877084445388958,0.0011247582514594887,-0.0028973617785596484,-0.20960657082970283,0.7893827550332574,0.8482497226510736,other
Tnnt2,0.000383009117050373,0.006193755489132077,-0.004940971662885783,-0.42791566832493305,0.8412192411771064,0.8871323856200991,other
Cdh26,0.00038002186431309627,0.002139228786369388,0.004904233046109917,0.22228739539947137,0.5931862546017165,0.690989514666215,other
Tnni3k,0.0003689576628205099,0.0008009134395274209,0.0012015185977898141,0.21507673044803435,0.5042736753035878,0.6149414338330388,other
Tmprss4,0.0003627514307523111,-0.0011589815028974597,-0.0007254746419903067,0.3893759073775975,0.6886643247682933,0.7701987986500909,other
Nppa,0.0003604109609389762,-0.00016553723929094502,-2.952745297704444e-05,-0.22626569330371246,0.22936158549541563,0.3421975570670124,other
Tbpl2,0.00035666993510034654,-0.0003122023386297264,-0.00019080977499624308,-0.19294744835569325,0.14180099264371332,0.24321683371741143,other
Csta1,0.0003543423208778457,-0.000708371480373523,0.00020187557013758278,-0.02958859066279317,0.16081398497923238,0.2665947797787015,other
B3gnt6,0.0003510563249218973,0.006914652958126863,0.0004627810538017918,0.11462470836594663,0.8412192411771064,0.8871323856200991,other
Slc18a2,0.00035058428166663373,0.000969237905094603,-0.002576381538547147,-0.40255401918539613,0.8937535902043922,0.9249415832080755,other
Gnat1,0.0003472898538107146,0.0007166409208142093,-0.0006744224602460128,-0.2235306134945467,0.8412192411771064,0.8871323856200991,other
Wap,0.00034342092539931673,0.003427228824715224,-0.0034289286545005192,-0.4120024767079687,0.34984355386886234,0.4674049157373145,other
Ccnb3,0.000341042163812858,0.0004569656398944119,-0.0005468209799621817,-0.059923112182631535,0.4626083472826239,0.5766777075974254,other
Adtrp,0.00033729257254645414,-0.001135849541878415,-0.000874138198459197,0.09622508055883155,0.8412192411771064,0.8871323856200991,other
Foxo4,0.0003356602434679834,-0.005262811006381041,0.012084418926911228,-0.23297907101711934,0.7384623534985825,0.8086939598961506,other
Sf3a1,0.0003345218607857525,0.03606015117327077,-0.03368102882672308,-0.18847186321342202,0.7384623534985825,0.8086939598961506,other
Cnga2,0.00033321282212996767,0.0017915519275555503,-0.004674961474048427,-0.19394202283175352,0.4626083472826239,0.5766777075974254,other
Phox2b,0.00032701582469166126,-0.00045282540359738903,-0.0004009861716124537,0.0626581919917973,0.6401805361005117,0.7312048622142209,other
Rhox5,0.0003234592462414065,-0.0013334108231084774,-0.0006780618880268072,-0.20438505483038638,0.8412192411771064,0.8871323856200991,other
Cps1,0.0003202792371737092,0.0016241093948775758,-0.0006781363420464231,-0.20090404416417543,0.5042736753035878,0.6149414338330388,other
Gprc6a,0.00031735256312669753,0.00033163862521853145,0.0009741711560865697,-0.09523050608277128,0.7384623534985825,0.8086939598961506,other
Lhx2,0.00031544378893629856,0.0026572153901198645,0.0043616510243333975,0.07185800589535483,0.6886643247682933,0.7701987986500909,other
Tph1,0.000311565271606602,-0.0005228992722696121,-0.0013331559808616093,-0.30806944395967,0.7384623534985825,0.8086939598961506,other
Ccl20,0.00031080333507174044,-0.0003888104205505092,-0.00017120824737190893,0.022875212949386315,0.5478383165397469,0.6526210305159386,other
Nmt1,0.00030812717391515143,0.058646681946916024,0.001819125766703733,0.07882002722777677,0.6886643247682933,0.7701987986500909,other
Hamp,0.00027783130614716066,0.003781680015397722,-0.004118808338965859,-0.14943481502805622,1.0,1.0,other
Pax4,0.0002772548328182512,0.002098804206212512,-4.113615550639096e-05,-0.19220151749864803,0.8412192411771064,0.8871323856200991,other
Drd4,0.00027635768527185453,-0.001058043047073227,0.0008090269471205443,0.11039776684269047,0.8937535902043922,0.9249415832080755,other
Wnt3a,0.0002755609965740067,2.6589098185347696e-05,-0.0004462244050794683,-0.31552875253012214,0.3853315267895524,0.5025763534015615,other
Chrnd,0.00026860617593571674,0.000520942939014145,0.0013440317549957789,0.007707952189467127,0.946758392919716,0.9637626346604413,other
Alx1,0.0002670965250040811,0.0009713039982320914,0.00038782439714811707,-0.10542489446238909,0.5931862546017165,0.690989514666215,other
Rfx6,0.00026359066252505106,7.483841741618e-05,-0.00017797446178636437,-0.1698235917872919,0.8412192411771064,0.8871323856200991,other
Agrp,0.00025966099912163275,0.00028087760860669424,-0.0017934264793602597,-0.467450003748329,0.6401805361005117,0.7312048622142209,other
Gnat2,0.00025716761587251877,0.0009302580081001757,-0.0003741157996023426,0.10418167636731375,0.6401805361005117,0.7312048622142209,other
Pdx1,0.000256458947806645,0.0026537854465960653,0.0025657383666849286,0.27922678415392205,1.0,1.0,other
Six6,0.0002532016229061713,0.00015612253896765812,-7.925858262439927e-05,-0.22626569330371246,0.7384623534985825,0.8086939598961506,other
Nkx3-2,0.0002528528216116828,0.00025924809541359034,-0.00015910942612789268,0.17330460245350285,0.946758392919716,0.9637626346604413,other
Foxg1,0.00024394976887713278,-0.0006543043362231115,-0.0011417358905723611,-0.5480105363092113,0.5931862546017165,0.690989514666215,other
Cldn17,0.00024245988498513378,-0.0008121105684376416,-0.000205276876432466,-0.11611657008003705,0.5931862546017165,0.690989514666215,other
Crx,0.00022972484030958466,-0.0003140646917114409,-0.0011309868229016674,-0.5353297117394428,0.04514062557215464,0.11588441421417252,other
Dbx1,0.00022047149502372196,0.00028852906115245554,-0.0007466927008354159,-0.3592900294767742,0.6401805361005117,0.7312048622142209,other
Rhox13,0.00022007308105119212,-6.908643852180339e-05,0.0004717451234008893,-0.10517625084337402,0.8937535902043922,0.9249415832080755,other
Klrb1,0.0002184834041893957,0.0006183535088175778,-0.0010749726651270572,-0.1290460382688206,0.6401805361005117,0.7312048622142209,other
Ackr2,0.00021206181999083688,-0.0006964208161052048,0.00025827107654635,-0.35207936452533717,0.5042736753035878,0.6149414338330388,other
Cdx2,0.00020882890379707655,0.0021927518611089825,-2.69961187314427e-07,0.05594481427839044,0.5478383165397469,0.6526210305159386,other
Slc6a14,0.0002061299397015529,-0.0006221307822377241,0.0003541750276598978,-0.29961556091315766,0.7893827550332574,0.8482497226510736,other
Gata1,0.00020295626661077145,-0.0013376206052557937,-0.0008464737397109916,0.02685351085362741,0.7893827550332574,0.8482497226510736,other
Oc90,0.00020109201936365732,-0.00019710019979421543,-0.0005681418312378419,-0.17405053331054807,1.0,1.0,other
Slc3a1,0.0001971647947081115,-0.003641043817546971,-0.010482383189807057,-0.47913625384203723,1.0,1.0,other
Tas1r2,0.00019612439297924788,-0.0003577485675885072,0.0009228595419450581,-0.15266718207525212,0.8412192411771064,0.8871323856200991,other
Pip,0.00019521313347878018,-9.597444189091966e-05,-0.00011831543674540321,-0.14520787350480008,0.5931862546017165,0.690989514666215,other
Dbh,0.00018333313594851366,0.0005463291753030862,0.00013661676487947052,-0.08702526665527403,0.8937535902043922,0.9249415832080755,other
Pah,0.00018045870558375428,0.0006654287763887077,-0.0021737897615476676,-0.3737113593796481,0.5042736753035878,0.6149414338330388,other
Nkx2-5,0.0001669630919034948,-0.0001199133451122796,1.699559764704265e-05,-0.17991581684222568,0.946758392919716,0.9637626346604413,other
Mep1a,0.00015693614193651798,0.0012055786209924863,6.562482805487838e-05,0.013178111807798636,0.6401805361005117,0.7312048622142209,other
Klb,0.00015673320684820007,0.0005840644836898733,-0.0007454337060389411,-0.36998170509442213,0.8937535902043922,0.9249415832080755,other
Gfi1b,0.00015051738465062013,-2.862073060414796e-05,-0.0016165933658637915,-0.20065540054516037,0.6886643247682933,0.7701987986500909,other
Agxt2,0.00014644279861824152,-0.0001025325956067382,-0.00035217040611101695,-0.210103858067733,0.7384623534985825,0.8086939598961506,other
Defa5,0.00014577134790380412,-0.0006631659644044776,-0.0018898895458494,-0.3545658007154879,0.8412192411771064,0.8871323856200991,other
Lyg1,0.00014515823021222108,7.100108111086694e-05,8.791826375476779e-05,-0.21731452301916998,0.5478383165397469,0.6526210305159386,other
Smcp,0.0001411894574869614,0.0005041979115257308,0.0009745169208944767,-0.061166330277706876,0.6886643247682933,0.7701987986500909,other
Olfr17,0.00013770751466660614,0.0008544680578572343,-0.00168621196244532,-0.29803608360111605,0.8937535902043922,0.9249415832080755,other
Wnt2b,0.00013477467520025405,-0.005000995641907896,-0.004322314710201107,-0.12705688931670006,0.8937535902043922,0.9249415832080755,other
Yy1,0.00012645417572865192,-0.07121254458784954,-0.0432556252099221,-0.17255867159645763,0.8937535902043922,0.9249415832080755,other
Cldn2,0.000123614080156053,0.004052785633046296,-0.0018126526185128604,-0.34611191766897553,0.946758392919716,0.9637626346604413,other
Nkx2-1,0.000121392871203978,-1.4705957528997771e-05,0.0006115948738062709,-0.15266718207525212,0.3853315267895524,0.5025763534015615,other
Zp3,0.00011938266416131396,-9.096346809905204e-05,0.00111825476339277,0.2133362251149289,0.8412192411771064,0.8871323856200991,other
Barx1,0.00011918442926701217,0.0011217173525927644,0.0005740939538400034,-0.10542489446238909,0.6886643247682933,0.7701987986500909,other
Npy4r,0.0001079648458004014,0.0007114245582768471,0.0011509531789743897,-0.22850348587484806,0.8937535902043922,0.9249415832080755,other
Cd209b,0.00010374819438154631,-0.000407187089659076,0.00040596549559094187,-0.40081351385229064,0.7384623534985825,0.8086939598961506,other
Cnpy1,9.89120401862398e-05,0.00047360897827909785,-0.0004974120252958145,-0.24441667749181245,0.6886643247682933,0.7701987986500909,other
Trp63,9.85732469162004e-05,-0.01860188934524981,-0.05865342603946044,-0.3975811468050947,0.7384623534985825,0.8086939598961506,other
Padi6,9.743227977024598e-05,-0.00024587596203252114,-0.0004012875263501238,-0.1151787478852667,0.5701885730475073,0.6790875346988873,other
Cyp2g1,9.576060720566061e-05,-0.00011429077180568747,-4.5896663600606454e-05,-0.39260827442479335,0.946758392919716,0.9637626346604413,other
Tfap2d,9.431496226868386e-05,0.0006975053252401631,0.0002968921759636729,-0.23546550720727,0.6401805361005117,0.7312048622142209,other
Sim1,8.962613545864667e-05,0.001288368879469406,0.0005199560414202243,0.08254968151300278,0.946758392919716,0.9637626346604413,other
Cyp21a1,8.659650082176555e-05,-0.0007673497166311868,0.00016150353454944064,-0.05495023980233017,0.8937535902043922,0.9249415832080755,other
Crygd,8.153773219357445e-05,0.0010474750491465132,-0.0012219218584710633,-0.10840861789056992,0.8412192411771064,0.8871323856200991,other
Ctsq,7.984535176381083e-05,7.46573597335703e-06,-0.00033472943362850764,-0.3021019971033084,0.6401805361005117,0.7312048622142209,other
Prdm14,7.953746382853262e-05,7.671693141884147e-05,0.00028647309335518836,-0.11164098493776582,0.6401805361005117,0.7312048622142209,other
Oxt,7.283702858980551e-05,-0.0006235258277607594,0.0014929442619912151,-0.07608494741861101,0.7384623534985825,0.8086939598961506,other
Krt40,7.013508520881595e-05,-0.000578302815126743,-0.0016672538811938523,-0.4642176367011332,0.6401805361005117,0.7312048622142209,other
Gja8,6.568436969529162e-05,0.0010088420148942233,-0.0017458164392485228,-0.28569151824831385,1.0,1.0,other
Gpx5,6.541468650704497e-05,0.00046447879095372,-0.0006579035447691782,-0.18150984188100008,0.946758392919716,0.9637626346604413,other
Spdye4a,6.518285131928373e-05,7.357860193577936e-05,-0.0001973378575857226,-0.005967446856361647,0.42293676385905665,0.5393501081112619,other
Nkx3-1,5.6649783662206504e-05,-0.0008156504838189023,-0.0011839943368256874,-0.47093101441454,0.5931862546017165,0.690989514666215,other
Brs3,5.210897928869607e-05,0.00039209679550138805,-0.0008774063954689957,-0.22477383158962205,0.7384623534985825,0.8086939598961506,other
Lamp3,4.90637815924351e-05,-0.003911007429822565,-0.00038594316790630835,-0.17255867159645763,0.285318068487978,0.4017133500847849,other
Ins1,4.71749632975243e-05,0.00012343677603414687,-0.0003737370969548494,0.1290460382688206,0.285318068487978,0.4017133500847849,other
Slc5a12,3.896806928885494e-05,0.0010002254213675999,-0.00015144102322892788,-0.20960657082970283,0.8937535902043922,0.9249415832080755,other
Prkaa1,3.197975801749742e-05,0.008990268952655978,-0.025819782823311987,-0.37072763595146735,0.946758392919716,0.9637626346604413,other
Pmch,2.933978720964705e-05,0.00011349635822184567,-0.00019791410424808064,-0.40553774261357695,0.8412192411771064,0.8871323856200991,other
Mmrn1,2.2603735691027575e-05,-0.0011372753132854437,0.00012855473454359383,-0.3349229548132975,0.8412192411771064,0.8871323856200991,other
Igf2bp1,2.24725438939229e-05,-9.045383889811145e-05,-0.002314894248231643,-0.3413876889076892,0.34984355386886234,0.4674049157373145,other
Spata4,1.8273660683370717e-05,0.00017654385306599407,-0.0005047429847672234,-0.37818694452191937,0.6886643247682933,0.7701987986500909,other
Otx2,1.6660418759358725e-05,-0.0011066810016748746,0.0004473980960637341,-0.2424275285396919,0.8937535902043922,0.9249415832080755,other
Hist1h2ba,1.3630520468395097e-05,-0.000287741037566693,0.0003816462702798057,-0.09249542627360553,1.0,1.0,other
Mos,7.021577475887705e-06,0.0005140519055198993,0.0004763773521014379,0.04575042589877263,1.0,1.0,other
Gkn2,4.103078778413573e-06,-0.00026625219980862475,-0.0012531462864826771,-0.2924048959617207,0.5931862546017165,0.690989514666215,other
Rpe65,2.706468162090147e-06,0.0008027747899806404,-0.0010379050799399106,-0.4112565458509235,0.946758392919716,0.9637626346604413,other
Clcnka,3.764760237679951e-07,-0.0019363470400855418,-0.0012058521657910765,-0.4244346576587221,1.0,1.0,other
Cga,-6.660556376740165e-07,-0.0010439187002478025,-3.6792248382325025e-05,-0.10865726150958499,0.8937535902043922,0.9249415832080755,other
Calcr,-1.7593449941971477e-05,4.9461770371098286e-05,0.002454771235310774,0.4686932218434044,0.6886643247682933,0.7701987986500909,other
Rho,-2.16153515426986e-05,0.004793583486690447,-0.0003886394880574205,-0.2250224752086371,0.8937535902043922,0.9249415832080755,other
Il5ra,-2.44554458589466e-05,-0.003965895858514806,0.0013831153345597053,0.3866408275684317,0.6401805361005117,0.7312048622142209,other
Ghrhr,-2.614363441216707e-05,0.00021023616432750292,3.871263535375636e-05,0.03555603751915481,1.0,1.0,other
Scnn1b,-3.028584822009758e-05,0.0003590815419878216,-0.00037682351716264353,0.05196651637414934,0.6401805361005117,0.7312048622142209,other
Prss1,-3.538612534401565e-05,-0.00041845041512710707,0.0007366545447374771,-0.0706147878002795,0.5042736753035878,0.6149414338330388,other
Htr3b,-4.1184129259659065e-05,0.00012901489645639978,-0.0004460026522397245,-0.28320508205816314,1.0,1.0,other
Tyr,-4.1979597963775e-05,0.0013874911136577675,-0.003078870752536291,-0.2812159331060426,0.3853315267895524,0.5025763534015615,other
Hba-x,-4.211013595752534e-05,-0.000548552211229781,0.00013626304231362154,-0.10567353808140416,0.25628023724432436,0.37159905917660563,other
Cldn8,-4.2352243123985195e-05,0.0009617811853899175,3.545661958802727e-05,-0.27350798091657547,0.7384623534985825,0.8086939598961506,other
Sprr2d,-4.593864104936868e-05,0.0014051621217481326,-0.000908694626737773,-0.18971508130849737,0.8412192411771064,0.8871323856200991,other
Fgg,-4.649040652588213e-05,0.0012005126865783974,-0.0010976957811054374,-0.28966981615255494,0.7893827550332574,0.8482497226510736,other
Tas1r3,-4.6791203731397224e-05,0.010238431382912944,0.008318184880087398,0.34039311443162895,0.8937535902043922,0.9249415832080755,other
Sprr2f,-5.1142361252829414e-05,0.0003869544326022649,-0.00044258429258204387,-0.028096728948702757,0.7893827550332574,0.8482497226510736,other
Gtf2h1,-5.1932821907296756e-05,0.004825898520708027,-0.042923311450615564,-0.09174949541656031,0.946758392919716,0.9637626346604413,other
Fgf8,-5.3028666185063814e-05,-0.0008447271804424197,0.00011894256480036742,-0.19468795368879874,0.8937535902043922,0.9249415832080755,other
Pcp2,-5.413575289559772e-05,-0.001748792092957173,-0.0005511046098674258,-0.4642176367011332,0.8937535902043922,0.9249415832080755,other
Panx3,-5.6120367704606995e-05,-0.00024638738373312366,-0.00038410013557755945,-0.31776654510125774,0.946758392919716,0.9637626346604413,other
Cpn1,-5.83554898098311e-05,-0.0010737014468558334,0.0008237244015850756,0.119597580746248,1.0,1.0,other
Irx4,-5.879609711779716e-05,-0.001498502624051502,0.0005568268317329775,-0.26256766167991247,0.7893827550332574,0.8482497226510736,other
Hes2,-5.9904984466995284e-05,0.0009984961793237336,-0.0005498422672826149,-0.3615278220479098,0.946758392919716,0.9637626346604413,other
Crygc,-6.107712931040406e-05,0.0012936599026417365,-0.00021745667640403303,-0.26306494891794263,0.285318068487978,0.4017133500847849,other
Dlx6,-6.129375501062262e-05,0.0005582809945475862,-0.0003774944642370441,-0.10840861789056992,0.6401805361005117,0.7312048622142209,other
Kdf1,-6.26755763594943e-05,-7.226412201094415e-05,-0.00034732580369731345,-0.18648271426130147,0.6401805361005117,0.7312048622142209,other
Cyp17a1,-6.355927091245429e-05,-2.8062798951389994e-05,-0.00018554255552014325,-0.3975811468050947,0.7893827550332574,0.8482497226510736,other
Nlrp9b,-7.101671058019378e-05,0.00012937612414417026,0.0005861072380166851,-0.04127484075650139,0.6886643247682933,0.7701987986500909,other
Prl3a1,-7.41304439362666e-05,0.00031323693509895155,0.000934415653693098,-0.07210664951436989,0.946758392919716,0.9637626346604413,other
Amelx,-7.523137184977952e-05,-0.0003656857379824019,-0.0007466331032510935,-0.27002697025036454,1.0,1.0,other
Fgf15,-7.533332517596159e-05,0.0009717070649857139,0.0004200874304559716,-0.20712013463955217,0.6886643247682933,0.7701987986500909,other
Serpinb13,-8.364798781490762e-05,-0.0004078516251037529,0.0003634223229647773,-0.2951399757708864,0.4626083472826239,0.5766777075974254,other
Hoxd12,-9.168346983769561e-05,0.0013951199325907674,-0.0003820525634938153,-0.16261292683585488,0.946758392919716,0.9637626346604413,other
Prl2c2,-9.690326690866115e-05,0.0006066662645450131,5.6772420318442016e-05,0.02784808532968769,0.7893827550332574,0.8482497226510736,other
Cer1,-9.992570424740502e-05,-0.00023290620211769818,-0.0013605947081356705,-0.3754518647127536,0.946758392919716,0.9637626346604413,other
Tmco5,-0.00010118525710245494,-0.0005203256238554702,-0.00038935507650256825,-0.4522827429884098,0.25628023724432436,0.37159905917660563,other
Mtnr1b,-0.00010552737013380144,3.3803013726637016e-05,7.325183774472329e-05,-0.1616183523597946,0.5931862546017165,0.690989514666215,other
Six3,-0.00011020089422218238,6.095532652687207e-05,-0.0007509726685448177,-0.21358486873394394,0.7384623534985825,0.8086939598961506,other
Cort,-0.0001220920814961543,-0.001287200689494207,0.009218774257828292,0.4714283016525701,0.946758392919716,0.9637626346604413,other
Etv2,-0.0001284426737132036,-0.00015289164076128566,-0.0009921833183927174,-0.1909582994035727,0.6886643247682933,0.7701987986500909,other
Apob,-0.00013107943249902713,0.0014427517807211552,-0.00015527348373541895,-0.36003596033381935,0.8412192411771064,0.8871323856200991,other
Kif2b,-0.00013394705127656257,0.0008431712054894807,-0.0012833253098857114,-0.12705688931670006,0.6401805361005117,0.7312048622142209,other
Gpx2,-0.00013497708123947879,0.0006460778804022356,0.00043966051252259915,-0.10418167636731375,0.7893827550332574,0.8482497226510736,other
Cav3,-0.0001368266679968597,0.0008202395676578707,-0.0009893674684121855,-0.10666811255746445,0.8937535902043922,0.9249415832080755,other
Tacr1,-0.00013784979475570114,0.002966438085880735,-0.007980455772454917,-0.5393080096436839,0.6401805361005117,0.7312048622142209,other
Setd6,-0.00014051010565008237,0.007813855636512657,-0.005433857385956253,0.13824585217237817,0.7893827550332574,0.8482497226510736,other
Psmb11,-0.00014410626591164748,0.0008736637911333353,-0.002028225837924301,0.00547015961833151,0.4626083472826239,0.5766777075974254,other
Emx1,-0.00014501151151867162,-0.0014022007085488014,0.00044263723361725495,-0.11512199560397678,0.6886643247682933,0.7701987986500909,other
Med6,-0.00014745908577606937,0.017486383123886506,-0.021146175586974847,-0.37818694452191937,0.7384623534985825,0.8086939598961506,other
Il1f5,-0.00014911358966646472,0.0001377763957173296,0.0001101449084366722,-0.2409356668256015,0.8412192411771064,0.8871323856200991,other
Ccna1,-0.0001514328534325208,-0.000629645026998138,0.0024931538950255117,-0.009199813903557539,0.7384623534985825,0.8086939598961506,other
Lep,-0.00015460617681501993,-0.0010807983111779098,-0.0003273699184812638,-0.20587691654447682,0.7384623534985825,0.8086939598961506,other
Polr1e,-0.00015623149505283873,-0.00044712268612751016,-0.02937325225953419,-0.18797457597539188,0.6886643247682933,0.7701987986500909,other
H1foo,-0.00015902819607484069,0.00010554879593950746,0.0008645038311502909,-0.04848550570793838,0.14180099264371332,0.24321683371741143,other
Mc1r,-0.0001607032279813828,-0.00015169677701003768,-0.0014349842147936692,-0.2610757999658221,0.7893827550332574,0.8482497226510736,other
Drd3,-0.000166205534282763,0.0009097298866452413,0.00014228099724114367,0.017902340569084938,0.5042736753035878,0.6149414338330388,other
Cyp2c29,-0.00016833890932101093,0.0005245343616383535,-0.0008170512300125772,-0.4368334369039489,0.5037915282988357,0.6149414338330388,other
Ghsr,-0.00016992271909646584,-0.0005340100341631312,-0.0011265713025047572,-0.36774391252328653,0.7893827550332574,0.8482497226510736,other
Mstn,-0.00017116904957230165,0.0009275299896995366,0.0007296733791699933,-0.1979203207359946,0.8937535902043922,0.9249415832080755,other
Igll1,-0.00017267978416621744,0.0014472669991569004,0.0004226715789296333,-0.015664547997949325,0.8937535902043922,0.9249415832080755,other
Pde6c,-0.0001743895664894227,0.00010721429476018719,-0.0007017562274803067,-0.22328196987553164,0.8412192411771064,0.8871323856200991,other
Otx1,-0.00017462578577703228,-4.5776177682007105e-06,2.4084509047301444e-05,-0.30085877900823305,0.4626083472826239,0.5766777075974254,other
Spo11,-0.000178587886436923,0.0011635020252018426,-0.0005344524547826329,0.14048364474351377,0.8937535902043922,0.9249415832080755,other
Mecom,-0.00017866454660092623,0.015717970940864273,-0.013832325871192291,-0.21631994854310968,0.7384623534985825,0.8086939598961506,other
Mmp7,-0.00018282311592079156,-0.004006385553144059,0.001742478709365696,0.3170206142442125,0.8937535902043922,0.9249415832080755,other
Prok1,-0.00018702122395890773,0.0010389570419584958,0.0018839795131028276,-0.12457045312654938,0.8937535902043922,0.9249415832080755,other
Crybb3,-0.00019064291211461082,0.006087808499731326,-0.0002758836688034061,-0.13202976169700142,1.0,1.0,other
Prl3d1,-0.00019637145829313465,-2.341741720455993e-05,-0.00016234384832218693,0.0626581919917973,0.7893827550332574,0.8482497226510736,other
Hexb,-0.00019994093522957002,-0.04083894687696521,0.445956796070492,0.7414552719029347,0.6886643247682933,0.7701987986500909,other
Adrb3,-0.00020959687366377613,0.0027090976641618286,0.0010425200853795263,-0.09796558589193705,0.1816927632278722,0.29053755022739064,other
Emx2,-0.000217997830050973,0.000669045870307668,-0.0017501857698998353,-0.48460641346036865,1.0,1.0,other
Cryge,-0.00022051053674676004,-0.00021372972905932567,0.0007016207467037804,-0.24068702320658644,0.5478383165397469,0.6526210305159386,other
Nlrp4f,-0.0002368621877832976,0.00023504766290789476,0.0005668039090258236,-0.01616183523597946,0.42293676385905665,0.5393501081112619,other
Sohlh2,-0.0002398963141195757,4.20559098402982e-05,0.0010381758484516146,0.03555603751915481,0.6886643247682933,0.7701987986500909,other
Fscn2,-0.00024446610238837777,0.0015063744014929565,-0.0011971153987521653,-0.2593352946327166,0.8412192411771064,0.8871323856200991,other
Gip,-0.0002478684293991231,-0.00011679178748833126,-0.00017080915952634793,-0.04102619713748632,0.7384623534985825,0.8086939598961506,other
Bnc1,-0.00025483055740624025,-1.7875260177545836e-05,-0.0005615760672783542,-0.17330460245350285,0.946758392919716,0.9637626346604413,other
Tmprss15,-0.000257325984204635,-0.00031705323173730716,0.0009022507989982203,-0.05569617065937538,0.6401805361005117,0.7312048622142209,other
Pou5f1,-0.0002632339396827039,0.0006654918406035978,-0.0009187660301403161,-0.16062377788373433,0.946758392919716,0.9637626346604413,other
Zp1,-0.00026511870433242567,0.0006417305003515381,0.00040389137340611503,-0.1108950540807206,0.7384623534985825,0.8086939598961506,other
Fshb,-0.0002688519360194543,9.162068809597966e-05,-0.000482351346151494,0.07857138360876169,0.6886643247682933,0.7701987986500909,other
Cyp7a1,-0.00027006453533087726,0.001439194893538998,-0.0007811749456043621,-0.37221949766555773,0.7384623534985825,0.8086939598961506,other
Crygb,-0.0002702676256709029,-0.0002293855005276648,0.00035237061851869467,-0.33119330052807144,0.5042736753035878,0.6149414338330388,other
Nlrp4e,-0.00027282641122799295,0.0011483551178532022,-0.0012469723941446317,-0.21631994854310968,0.3165025922557979,0.43481813172551176,other
Prl7a1,-0.00027295110942376216,-0.00021915030824408302,0.00010054927166532968,-0.2257684060656823,0.3165025922557979,0.43481813172551176,other
Nr1i2,-0.0002761991845545292,-0.0005693778918471216,0.0013814614509098369,-0.007956595808482196,0.7893827550332574,0.8482497226510736,other
Matn1,-0.00028062725483696607,-0.007618315766031385,-0.00649602420627015,-0.49902774336324274,0.6886643247682933,0.7701987986500909,other
Dlx2,-0.00028323615574923997,0.0013157021420053976,-0.00041483807455683233,-0.12680824569768498,0.946758392919716,0.9637626346604413,other
Hoxb13,-0.0002898009025500362,0.00032649103132140504,-0.0002808701600235607,-0.1924501611176631,0.5931862546017165,0.690989514666215,other
Hand1,-0.0003003908954357516,-0.00014511830661641896,-0.0005921632032396629,-0.10915454874761513,0.4626083472826239,0.5766777075974254,other
Prl3c1,-0.00030559401898934586,-8.977954418565651e-05,8.741117570419676e-05,-0.05246380361217948,0.6401805361005117,0.7312048622142209,other
Ern2,-0.0003138301073015298,0.005043303860653228,0.0011104018175847226,-0.30061013538921794,0.946758392919716,0.9637626346604413,other
Gdf15,-0.0003255516580155139,0.0006404678063143404,0.012999276646586105,0.6372735955356209,0.5042736753035878,0.6149414338330388,other
D1Pas1,-0.0003265446298597362,0.0013838059680141086,-6.72394954060779e-05,-0.13973771388646855,0.14180099264371332,0.24321683371741143,other
Rspo1,-0.0003272214380958538,-0.0063466058403239545,-0.049603275018739096,-0.4502935940362893,0.5931862546017165,0.690989514666215,other
Gnat3,-0.0003284104738263474,-7.984942825168661e-05,0.0001904490449745732,-0.17829943424447245,0.42293676385905665,0.5393501081112619,other
Cplx3,-0.0003299101195829556,-0.0005129506963905562,-0.0021819613595431882,-0.25610292758552067,0.6886643247682933,0.7701987986500909,other
Ptprq,-0.0003301709448013095,0.0011398503714669063,-0.00021501338277087143,-0.02163199485431097,0.7893827550332574,0.8482497226510736,other
Lipm,-0.00033044388372207613,0.00040357917635696445,-0.000497997705680119,-0.28618880548634396,0.5931862546017165,0.690989514666215,other
Avpr2,-0.00034036082199418805,0.0005569300947186307,-0.00011134637609011826,-0.19145558664160287,0.3165025922557979,0.43481813172551176,other
Rabep2,-0.0003406275026299199,0.04597189133157059,0.03129191497176492,0.6516949254384948,0.8937535902043922,0.9249415832080755,other
Crygf,-0.0003413865414540057,0.0013886843431802922,-0.00036034897032821743,-0.14595380436184527,0.7893827550332574,0.8482497226510736,other
Prl8a2,-0.00034606522110309547,-0.0005461190229665196,2.515509028322557e-05,-0.5517401905944374,0.8937535902043922,0.9249415832080755,other
Phex,-0.0003484662555920913,0.0010805971433286606,0.001197158065930671,0.03157773961491372,0.6401805361005117,0.7312048622142209,other
Spink8,-0.00034925571945709387,0.00016924345199315028,-0.00031167834484500164,-0.1188516498892028,0.5478383165397469,0.6526210305159386,other
Taar5,-0.00036733425931978047,0.0007359957671429348,-0.0002615754257803433,-0.11139234131875075,0.5478383165397469,0.6526210305159386,other
Angptl8,-0.00036862068729689133,-0.00023857759044550305,0.0002870583181445773,-0.20587691654447682,0.34984355386886234,0.4674049157373145,other
Phlda2,-0.00037715636848313205,0.0007403739705216742,-1.0682290783113873e-05,0.0626581919917973,0.3853315267895524,0.5025763534015615,other
Prph2,-0.0003780276685322005,0.0008364102657292729,-0.0019180214235266198,-0.37992744985502486,0.7893827550332574,0.8482497226510736,other
Foxn4,-0.0003796508539071269,6.64613989784903e-05,0.0002875904299654143,-0.06663648989603839,0.6401805361005117,0.7312048622142209,other
Tshb,-0.00038033341047811683,0.00023696392242276943,0.00015933111589539958,-0.3152801089111071,0.3853315267895524,0.5025763534015615,other
Mesp1,-0.00038786420674057206,-0.00020786480238231325,-0.0002485919289118574,-0.02685351085362741,0.8937535902043922,0.9249415832080755,other
Thpo,-0.00038841307887821017,0.007157712869584026,-0.0034216363387624335,0.09050627732148499,0.3853315267895524,0.5025763534015615,other
Foxh1,-0.0003904056488782653,0.0011617037383420724,-0.0016220383423002933,-0.10467896360534389,0.8412192411771064,0.8871323856200991,other
Mettl7b,-0.0003931094843166536,0.0002801804935286794,-0.0032412961918261967,-0.13053789998291104,0.25628023724432436,0.37159905917660563,other
Col10a1,-0.00039358270329977775,-8.52789009090386e-05,0.000956147412184946,-0.07434444208550552,0.5042736753035878,0.6149414338330388,other
Alox12e,-0.00039471554271865335,0.0007891949524545679,0.0002121631559569505,-0.0037296542852260296,0.4626083472826239,0.5766777075974254,other
Neurog3,-0.0003965149928912559,-0.00020043352748265377,-0.0009447317140876378,-0.5624318662120852,0.42293676385905665,0.5393501081112619,other
Hkdc1,-0.0004037298974339139,0.00752163666244347,0.0088570102402501,0.11561928284200693,0.7384623534985825,0.8086939598961506,other
Wnt1,-0.0004057699024811578,-0.00018196132844703998,-0.0012110484833236452,-0.36301968376200017,0.5042736753035878,0.6149414338330388,other
Krt2,-0.0004103805817898495,0.0008439123743057457,-0.0017598159092171027,-0.31726925786322757,0.5478383165397469,0.6526210305159386,other
Mael,-0.0004113328181879327,0.0015251657717342496,0.001955205220900806,-0.19170423026061792,0.6401805361005117,0.7312048622142209,other
Bsx,-0.0004130923507689849,0.0008063811869547842,0.0007559573725933679,-0.0009945744760602746,0.5478383165397469,0.6526210305159386,other
Stac,-0.00041376330914903725,0.006765303898714062,-0.004600742776351224,-0.19990946968811515,0.6886643247682933,0.7701987986500909,other
Kiss1,-0.00042294328361629045,-0.0002683430226197562,1.5237211206772534e-05,-0.5420430894528495,0.3853315267895524,0.5025763534015615,other
C4bp,-0.0004247025759545487,0.0009952543234232293,-0.00022483282648156407,-0.19941218245008505,0.5931862546017165,0.690989514666215,other
Blmh,-0.00042564127388433626,-0.017330107509617387,-0.009077763870918076,-0.4301534608960687,0.3165025922557979,0.43481813172551176,other
Serpina3a,-0.0004269778889813762,-0.0004359406040032139,-0.00029551591042022325,-0.3165233270061824,0.42293676385905665,0.5393501081112619,other
Cnn1,-0.0004278930832009517,0.009130612668854003,0.031478666996871,0.3610305348098797,0.285318068487978,0.4017133500847849,other
Mep1b,-0.00042880779009748984,0.0002700155588672695,-0.0012961943174327655,-0.27748627882081656,0.5042736753035878,0.6149414338330388,other
Noto,-0.00043351334666249424,0.0011695921838751739,-0.0008788661528910512,-0.4577529026067414,0.4626083472826239,0.5766777075974254,other
Odam,-0.00044265653506665335,-0.0010430591691826482,-0.0011173276319378892,-0.0047242287612863035,0.5931862546017165,0.690989514666215,other
Gabrp,-0.0004455691262620033,-0.0009198534378170933,0.000286365272773158,-0.3279609334808755,0.3165025922557979,0.43481813172551176,other
Chmp4c,-0.0004534303772276045,0.006188073820539427,0.0013968506442284673,0.08727391027428909,0.7384623534985825,0.8086939598961506,other
Asb9,-0.0004590344395916223,-0.0006146849352665837,-0.0017826004229931206,-0.37396000299866317,0.8412192411771064,0.8871323856200991,other
Pla2g2f,-0.0004612905095973535,0.000902072920416731,-0.001352679437882533,-0.4530286738454551,0.5478383165397469,0.6526210305159386,other
Tlx1,-0.00046747718980188254,-8.223372378266501e-05,-0.00030801857642050786,-0.3103072365308056,0.22936158549541563,0.3421975570670124,other
Bco1,-0.00047555070657505664,0.00042906812186084423,-0.00031471229550466455,-0.08205239427497264,0.8937535902043922,0.9249415832080755,other
Il4,-0.0004767748453193886,0.00010953100264492113,-0.0004399933486066436,-0.2431734593967371,0.3165025922557979,0.43481813172551176,other
Tnp1,-0.0004776299272839157,-0.0015663552938780844,7.583896571697248e-05,-0.2794754277729371,0.5478383165397469,0.6526210305159386,other
Sdr16c5,-0.00048494479750591565,0.0008082551592974684,-0.000745285313207427,-0.14844024055199595,0.3165025922557979,0.43481813172551176,other
Atp4b,-0.0004865412123546608,0.0009048332561052141,-2.656292272506188e-05,-0.3145341780540618,0.3853315267895524,0.5025763534015615,other
Krt79,-0.0004911861275169152,-0.0013860890523099182,-0.0005460240215824468,-0.2819618639630878,0.34984355386886234,0.4674049157373145,other
Ghrh,-0.0004954814549935436,0.002112240433073809,-0.0017833526339956114,-0.027599441710672617,0.42293676385905665,0.5393501081112619,other
Nr1h4,-0.0004985149887829741,0.010989920781282338,0.0122133299199354,0.7757680913270141,1.0,1.0,other
Prl8a6,-0.0005031442908865688,0.007223177830137116,0.0012894695427577152,-0.3016047098652782,0.14180099264371332,0.24321683371741143,other
Tcam1,-0.0005102258854438567,0.003937531299012708,-0.002911761452038723,-0.017902340569084938,0.6886643247682933,0.7701987986500909,other
Hoxd13,-0.0005103188321666724,0.0015539719772555503,-0.00040724249734343243,-0.1964284590219042,0.946758392919716,0.9637626346604413,other
Acer1,-0.0005117899669617025,0.0008016182505504723,-0.0008308778434520979,-0.467450003748329,0.6401805361005117,0.7312048622142209,other
Ntf3,-0.0005181145608266369,0.003912627432702383,0.00047444007581612727,-0.3692357742373769,0.42293676385905665,0.5393501081112619,other
Gja3,-0.0005201255604210604,-0.0001792613763340221,-0.0006024199597356029,-0.2362114380643152,0.5478383165397469,0.6526210305159386,other
Sry,-0.0005203367650345953,0.0026466724335392896,0.00011678736563873558,-0.16311021407388504,0.6401805361005117,0.7312048622142209,other
Cryba2,-0.0005323527965683077,-0.002235339380838003,-0.0055323524730896065,-0.5243893925027798,0.7893827550332574,0.8482497226510736,other
F9,-0.0005326466202572287,-0.005449032811505501,0.011038650244165716,0.5335892064063372,0.6886643247682933,0.7701987986500909,other
Il25,-0.0005357378452041286,-0.0015556207485773101,0.00046786162079308705,-0.42692109384887283,0.22936158549541563,0.3421975570670124,other
Hrg,-0.000537160406682325,0.0011978932651895867,-0.0006091718147263336,-0.12979196912586582,0.3165025922557979,0.43481813172551176,other
Adad2,-0.000544171400975158,-0.0004571572058152387,7.946965246166844e-05,-0.31950705043436317,0.1816927632278722,0.29053755022739064,other
Wnt8a,-0.0005445542188493016,-0.00020057542699153646,-0.0008517561594785477,-0.28917252891452483,0.5478383165397469,0.6526210305159386,other
Spink12,-0.0005457298302209753,0.0005814441766718564,-0.00024615377749548795,-0.15490497464638775,0.6886643247682933,0.7701987986500909,other
Sycp1,-0.0005457410721259447,0.0012575527897400463,0.0010193504789853432,0.005221515999316442,0.3853315267895524,0.5025763534015615,other
Trpv5,-0.0005505669069352814,0.0007023637637393488,-0.0001841908226683322,0.008702526665527403,0.14180099264371332,0.24321683371741143,other
Cyp11b2,-0.0005523924545751194,-0.0009915181560007738,-0.0002991232837205554,-0.10990047960466034,0.8412192411771064,0.8871323856200991,other
Fcmr,-0.0005526864302335677,-0.22758093315648809,0.006498520477605102,0.4478071578461386,0.7893827550332574,0.8482497226510736,other
Tbx5,-0.0005562719863309541,0.00033085091835803734,-0.00027912922664990927,-0.25908665101370154,0.0950279527318241,0.1838913455557795,other
Plac9a,-0.0005572769326747037,0.003921184541200155,0.004074527519163117,0.10443031998632882,0.5931862546017165,0.690989514666215,other
Klk5,-0.000563775409088436,-0.0005363888795878154,4.417623932819435e-05,-0.15490497464638775,0.5478383165397469,0.6526210305159386,other
Mov10l1,-0.000564375365691502,0.00029875436329612585,0.00017370587746854283,-0.044009920565667146,0.22936158549541563,0.3421975570670124,other
Crygs,-0.0005708416512836371,0.004054109467059079,0.013391645195941895,0.8093349798940485,0.5478383165397469,0.6526210305159386,other
Ffar3,-0.0005765187996612316,-0.0008310079974348113,-0.0010521635041700166,-0.44233699822780714,0.3853315267895524,0.5025763534015615,other
Mip,-0.0005808548032225774,-0.00040481454673626203,0.00020881548289908595,-0.054701596183315104,0.16081398497923238,0.2665947797787015,other
Mageb4,-0.0005814583794109358,-7.181613575251572e-06,-0.0003235647289635841,-0.4883360677455948,0.42293676385905665,0.5393501081112619,other
Tpbpa,-0.0005833750078187731,-0.0006319527312741535,-0.0001844363972000702,-0.21482808682901927,0.5042736753035878,0.6149414338330388,other
Il2,-0.0005834195893802477,0.001442785265186361,-0.0013908544237569813,-0.2841996565342234,0.0950279527318241,0.1838913455557795,other
Gsta1,-0.0005842215354189013,-0.00022720707530422823,-0.004809815733647237,-0.32646907176678513,0.20451844490430449,0.3170968350932697,other
Galntl5,-0.0005864401752427684,-0.0002876255568672534,0.0004010512039060272,-0.4032999500424413,0.1816927632278722,0.29053755022739064,other
Gata4,-0.0005893174697644563,-0.0003628954642393616,-0.0008720658754031224,-0.2451626083488577,0.3853315267895524,0.5025763534015615,other
Scgb1b27,-0.0005959474339664178,0.00020337805181860642,-0.0015749440928778421,-0.32895550795693584,0.1816927632278722,0.29053755022739064,other
Angptl3,-0.0006009761363827268,0.0013054948132619148,0.0010945989097601557,-0.2715188319644549,0.5931862546017165,0.690989514666215,other
Pou1f1,-0.0006046447613450344,0.0012584438475673858,-0.00018580387744830933,-0.20637420378250695,0.285318068487978,0.4017133500847849,other
Smgc,-0.0006056908006489416,-0.0006456905621318415,-0.0006562391804464914,-0.08777119751231922,0.22936158549541563,0.3421975570670124,other
Fezf1,-0.0006085734839922112,0.0006316739442387437,-0.00018164539595014878,-0.37818694452191937,0.6886643247682933,0.7701987986500909,other
Ros1,-0.0006115307680664836,-0.0007946275616823682,-0.0008620433603038638,-0.4714283016525701,0.34984355386886234,0.4674049157373145,other
Pgk2,-0.0006129721580852843,-5.728676194477478e-05,0.0003949695563994389,-0.11487335198496172,0.5931862546017165,0.690989514666215,other
Scnn1g,-0.0006199380085805438,-0.0009628650914264591,-0.0013128936048167165,-0.5992311218263153,0.5042736753035878,0.6149414338330388,other
Hnf1a,-0.0006222719415374315,0.0012837665865217738,0.0012787443135447362,0.12506774036457952,0.285318068487978,0.4017133500847849,other
C2cd6,-0.0006283424112473986,0.0031199499109807296,0.00022171922552170504,0.02958859066279317,0.5042736753035878,0.6149414338330388,other
Slurp2,-0.0006333372893270609,0.0018474366160555313,-0.001970520768580765,-0.38987319461562764,0.3853315267895524,0.5025763534015615,other
Pax9,-0.0006354475217987378,0.0013700167859751911,-0.001969076654774821,-0.37296542852260295,0.42293676385905665,0.5393501081112619,other
Sall4,-0.0006356237050601367,0.0011406029021410816,0.00025683080195544,-0.3157773961491372,0.5042736753035878,0.6149414338330388,other
Cyp8b1,-0.0006375605079480639,0.00021851723456286012,-0.0020022885264886553,-0.39086776909168786,0.3165025922557979,0.43481813172551176,other
Zfp42,-0.0006410331575311488,-0.0010687584714058093,0.000523370783545498,-0.3197556940533783,0.5931862546017165,0.690989514666215,other
Cldn16,-0.0006410781562864909,-0.00196334589237086,0.00015805327586437823,-0.07906867084679182,0.8937535902043922,0.9249415832080755,other
Rag2,-0.0006553358271291238,0.0015521404707507696,-0.0002855071352877211,-0.0047242287612863035,0.42293676385905665,0.5393501081112619,other
Large2,-0.0006700017532901732,0.0009271754100910173,0.0015370149518481781,-0.2837023692961933,0.6401805361005117,0.7312048622142209,other
Slc45a2,-0.0006745839200510773,0.00048542518362317856,-0.00025457633639070984,-0.25311920415733985,0.5042736753035878,0.6149414338330388,other
Dlx3,-0.0006770456227828724,0.0010668485901366405,-0.0007955026943124808,-0.3197556940533783,0.25628023724432436,0.37159905917660563,other
Slco1a1,-0.0006772248238985311,0.0010600782877562892,-0.0008837527728507454,-0.4244346576587221,0.14180099264371332,0.24321683371741143,other
Il9,-0.0006777714678435497,0.0007008117169886759,0.00023275048683926193,-0.08254968151300278,0.5042736753035878,0.6149414338330388,other
Frk,-0.000683069828584959,0.006162256235613582,0.007822251488216664,0.27524848624968096,0.7384623534985825,0.8086939598961506,other
Mettl21c,-0.0006941174573638262,-0.0009952841127344953,-0.0008704919145871497,-0.33069601329004134,0.34984355386886234,0.4674049157373145,other
Tex19.1,-0.0007023476832787624,0.003543402730916966,0.0008437934918049707,0.2528705605383248,0.6886643247682933,0.7701987986500909,other
Rbp3,-0.0007051638564873615,0.00033538262298518726,0.0006359542011998669,0.10517625084337402,0.14180099264371332,0.24321683371741143,other
Sost,-0.0007054396889658796,0.0007975479032733546,0.0007960392356353325,-0.36774391252328653,0.3853315267895524,0.5025763534015615,other
Mixl1,-0.0007066594056452133,0.00013043796644641656,-0.0007942256623578981,-0.27475119901165085,0.1816927632278722,0.29053755022739064,other
Dmrt1,-0.0007154664017986843,3.217566945427387e-05,7.476165521207601e-05,-0.00024864361901506864,0.1816927632278722,0.29053755022739064,other
Dio2,-0.0007163096252010281,0.06265132660720751,-0.10085949696255642,-0.40031622661426053,0.946758392919716,0.9637626346604413,other
Dkk4,-0.0007249084262404616,-0.0005982107802559879,-0.0008723618614448854,0.18847186321342202,0.285318068487978,0.4017133500847849,other
Dkk1,-0.0007249920979645504,0.00027260824204845477,0.0003278899711499639,-0.20935792721068777,0.285318068487978,0.4017133500847849,other
Neurog1,-0.0007255007333666211,0.0005682629043882565,0.0008256092011486886,0.010691675617647951,0.16081398497923238,0.2665947797787015,other
Serpinb3b,-0.0007270121157238528,0.0009152514443917475,0.00021677153019171143,-0.36003596033381935,0.34984355386886234,0.4674049157373145,other
Gys2,-0.0007303926587609389,-0.001173402176934328,-0.0003255584987796943,-0.40653231708963716,0.20451844490430449,0.3170968350932697,other
Dlx5,-0.0007349017078638258,0.0010931231411592931,-0.0005506702063880322,-0.22203875178045632,0.16081398497923238,0.2665947797787015,other
Gtf2b,-0.0007365341499254718,0.027738912208990163,-0.021797355376884098,-0.16136970874077955,0.7893827550332574,0.8482497226510736,other
Slc17a2,-0.0007383334821905044,0.0005345462852893307,-6.471933484249051e-05,-0.32820957709989057,0.22936158549541563,0.3421975570670124,other
Otc,-0.0007449006148665541,-0.00024946246418661513,-0.00021393953068584663,0.06017175580164661,0.285318068487978,0.4017133500847849,other
Rgr,-0.0007490682010585755,0.0013792465948385887,-0.0016951438822296197,-0.03282095770998906,0.34984355386886234,0.4674049157373145,other
Ptf1a,-0.0007519851981450587,0.00021408695947348465,-0.0006533988495924445,-0.09174949541656031,0.6401805361005117,0.7312048622142209,other
Cndp1,-0.000753897492385718,0.0010336225441995705,-0.000820625245483415,-0.4244346576587221,0.20451844490430449,0.3170968350932697,other
Gdf9,-0.0007570901940129084,0.00019331373810192384,0.0020523307224960753,0.16609393750206583,0.25628023724432436,0.37159905917660563,other
Dlx1,-0.0007576552096943204,0.0014082638410151862,-0.0015604595058465766,-0.18698000149933158,0.4626083472826239,0.5766777075974254,other
Pax1,-0.0007596598028360314,-0.001471014704462325,0.004080607951560273,-0.11014912322367541,0.42293676385905665,0.5393501081112619,other
Wnt8b,-0.0007600965135258304,-0.00014884226811082753,0.0014473334440852923,-0.08603069217921375,0.5931862546017165,0.690989514666215,other
Foxi2,-0.0007632641671359713,0.0006183424816121365,-0.0003337002746484777,-0.09249542627360553,0.5931862546017165,0.690989514666215,other
Gcm2,-0.0007759535800103412,-3.193195483551948e-05,0.0005696038835774301,0.09622508055883155,0.34984355386886234,0.4674049157373145,other
Cdx1,-0.0007804659238143923,-0.0018525802355619653,0.0008869032437863935,-0.18026662378592476,1.0,1.0,other
Slc2a2,-0.0007848587957039769,0.0006490136534507479,-0.0014541481878965002,-0.18424492169016585,0.34984355386886234,0.4674049157373145,other
Sp8,-0.000787414999407883,0.007473852616536651,0.010214010629041675,0.08652797941724388,0.5931862546017165,0.690989514666215,other
Gabra6,-0.0007952821395155831,-0.000944579511245588,-7.983139408214608e-06,-0.21905502835227547,0.20451844490430449,0.3170968350932697,other
Klk1b4,-0.0008042656418983868,0.00036955005436154365,-0.0003165128483940435,-0.28398598871295333,0.34984355386886234,0.4674049157373145,other
Ang,-0.0008199092724103102,0.014117103637133921,0.03754173490300246,0.7700492880896675,0.8412192411771064,0.8871323856200991,other
Opn1mw,-0.000826592102510868,0.0009863044318760665,0.001296175656394896,-0.17429917692956312,0.285318068487978,0.4017133500847849,other
Treh,-0.0008343051280475466,0.0010530448483974573,0.0006398438689573707,0.08926305922640965,0.0950279527318241,0.1838913455557795,other
Gtf2e2,-0.0008382144482709797,0.0003556257436932164,0.0031391096924907047,-0.29538861938990146,0.946758392919716,0.9637626346604413,other
Opn4,-0.0008467369734683622,0.001141963023779717,0.00013981899099476877,-0.41772127994531527,0.03260630478301721,0.09515146493030366,other
Lhb,-0.0008518915004615008,0.001098005110350556,0.0009889418747853372,-0.17927204930986448,0.25628023724432436,0.37159905917660563,other
Ihh,-0.0008704249588740633,0.00043867301314316764,-0.0009519041399492917,-0.49455215822097154,0.5042736753035878,0.6149414338330388,other
Six2,-0.0008716696654715089,0.0008763629487502766,-0.0011485081666756242,-0.43587226413341534,0.06151359999604334,0.1395822391369293,other
Nox3,-0.0008718312377693272,0.00016561859664595072,0.0004613046752369953,-0.21781181025720012,0.08252326938191985,0.1680443900667358,other
Trp73,-0.0008874466762169644,0.001374254169813613,0.0004353960856454814,0.007956595808482196,0.22936158549541563,0.3421975570670124,other
Adam28,-0.0008913360417839404,0.00030837511083634667,-0.001024984374037946,-0.25535699672847545,0.3165025922557979,0.43481813172551176,other
Dio1,-0.0008973513834332888,-0.0014839611778028452,-0.00045535416755273454,-0.37818694452191937,0.22936158549541563,0.3421975570670124,other
Nr2e1,-0.0008994566530580853,-0.0004839047467425084,-0.0006930598788439557,-0.25311920415733985,0.027547148107414817,0.08793366864575906,other
Tmprss2,-0.0009019227749735275,0.005095047927401448,0.00032986406386231997,-0.16385614493093023,0.5478383165397469,0.6526210305159386,other
Mas1,-0.0009060707599670877,0.00018380108851649875,0.0008842445695848317,-0.2523732733002947,0.22936158549541563,0.3421975570670124,other
Pax7,-0.0009167873152758224,-0.0005028065025819064,-0.00022785840569537665,-0.20189861864023573,0.14180099264371332,0.24321683371741143,other
Slc9a4,-0.0009209498707524692,8.506346794246583e-05,0.0016006178917606275,0.05917718132558634,0.22936158549541563,0.3421975570670124,other
Evx1,-0.0009256217147281982,0.00018297586848484322,0.0026858929309288293,-0.35207936452533717,0.3165025922557979,0.43481813172551176,other
Bmp10,-0.0009293589084541764,-0.0009464654893240774,-0.000844284790090688,-0.15241853845623707,0.0950279527318241,0.1838913455557795,other
Ovol1,-0.0009338639163193338,0.0015119699207558502,-0.001517443031712004,0.09398728798769594,0.1816927632278722,0.29053755022739064,other
Mst1,-0.0009412941089297269,0.003011870430396798,0.0022730921662965347,0.42344008318266185,0.25628023724432436,0.37159905917660563,other
Vsig1,-0.0009777189147495242,-0.0009155144975606438,-0.0006533360114295552,-0.38117066795010024,0.10900678981544218,0.20241850558739374,other
Nr0b1,-0.000979407254477438,0.0004199498038622686,0.001633489396447945,-0.09373864436868087,0.0950279527318241,0.1838913455557795,other
Sox30,-0.0009808713491038122,0.0020742205361537246,0.0007178702631376018,0.01616183523597946,0.16081398497923238,0.2665947797787015,other
Gucy2f,-0.0009865335789933632,0.0023874780085701187,-0.0027898026808678613,-0.2533678477763549,0.34984355386886234,0.4674049157373145,other
Cyp2a5,-0.0009865353220526929,-0.0009658770129293472,0.0003166358608096189,-0.39136505632971796,0.42293676385905665,0.5393501081112619,other
Hsd17b3,-0.0009902417461452712,0.00048528931543899596,5.2481198653790955e-05,-0.36301968376200017,0.07138703353443834,0.153066522933657,other
Spatc1l,-0.0009925160651884368,0.0021300850355611516,-0.0005613407502142106,-0.4010621574713057,0.42293676385905665,0.5393501081112619,other
Gcm1,-0.001009410966101145,7.544789608238036e-05,-0.0010005939086398744,-0.49007657307870023,0.07138703353443834,0.153066522933657,other
Myh8,-0.0010143794618552191,-0.002231973234891745,0.000522882461428704,-0.34287955062177966,0.5931862546017165,0.690989514666215,other
Il11ra1,-0.0010390772682730143,-0.015179804942141328,0.07657715000870702,0.5554698448796632,0.8937535902043922,0.9249415832080755,other
Nlrp6,-0.0010395828696569626,-0.0010945123731155694,-0.000419684498929292,-0.40031622661426053,0.5478383165397469,0.6526210305159386,other
Sp9,-0.0010437298276065182,-0.000374744983929037,0.0006125531690316724,-0.25013548072915903,0.4626083472826239,0.5766777075974254,other
Dspp,-0.0010548893239530647,0.0012216041561334623,-0.00019214695051681958,-0.05594481427839044,0.22936158549541563,0.3421975570670124,other
Pla2g10,-0.0010570079758465845,0.0032717493432873127,-2.4899190096299914e-05,-0.14421329902873978,0.12456406214237814,0.2225573663706728,other
Uba1y,-0.0010595659150553294,0.001980810546870892,0.0006413702587560856,0.12506774036457952,0.6401805361005117,0.7312048622142209,other
Nr5a1,-0.0010599929994175175,-0.0005667037448102972,-0.0001863799080871649,-0.20562827292546176,0.20451844490430449,0.3170968350932697,other
Krt71,-0.0010604770420649069,-0.001319409404418501,0.0008649474246607489,-0.24590853920590286,0.22936158549541563,0.3421975570670124,other
Abraxas1,-0.0010615813237332405,0.017463027717980223,0.0026524739577437895,0.015664547997949325,0.7384623534985825,0.8086939598961506,other
Il5,-0.0010627094706654946,0.0006553738864457804,-0.0029682496403378774,-0.2516273424432494,0.10900678981544218,0.20241850558739374,other
Rpa1,-0.0010766689509023042,0.03915489639224545,0.003307548475817157,0.013675399045828776,1.0,1.0,other
Prorp,-0.0010783257015318792,0.0006654950694369999,0.017032340174157196,0.18598542702327134,0.8937535902043922,0.9249415832080755,other
Rax,-0.0010791734073778239,0.0005906401337429858,0.0005112125946695012,-0.024367074663476727,0.0162163284475037,0.07051960052064482,other
Hfm1,-0.0010853550600879898,0.0005505646788434571,-0.0013974338425578568,-0.41548348737417967,0.8412192411771064,0.8871323856200991,other
Hnf1b,-0.0010970311209360034,0.00045070641883851025,0.00013451462376523095,-0.25660021482355083,0.14180099264371332,0.24321683371741143,other
Foxa2,-0.0011031643249231667,-0.00012174255728406112,0.0003928145139719926,-0.17429917692956312,0.07138703353443834,0.153066522933657,other
Cox7a1,-0.0011110293870378127,0.0015006782189665455,0.000145687035045753,-0.03381553218604933,0.1816927632278722,0.29053755022739064,other
Cbx2,-0.001111838643609333,0.0029313424629598198,0.0008609970654206087,0.04475585142271235,0.5931862546017165,0.690989514666215,other
Gcg,-0.0011155933630312884,0.0006076483589618118,0.0004084376857213779,0.16261292683585488,0.027547148107414817,0.08793366864575906,other
Esr2,-0.0011270946445453654,0.0022888900134005827,0.0029247504406296494,-0.17305595883448777,0.5478383165397469,0.6526210305159386,other
Apcs,-0.0011378219166549583,-0.0010041566531872412,-0.0013092503997865317,-0.5373188606915634,0.038441132178322214,0.10446894791775259,other
Cngb3,-0.0011603734370532644,-0.0022640799993669317,0.0005465445186048764,-0.10890590512860006,0.34984355386886234,0.4674049157373145,other
Htr7,-0.0011677779250813813,0.005023542724781116,-0.1725769478772891,-0.7193259898105935,0.5478383165397469,0.6526210305159386,other
Slc6a8,-0.0011735287173730846,0.09579575316158406,0.15111569752701448,0.376695082807829,1.0,1.0,other
Muc2,-0.0011759428512579558,-0.0005313508334291103,-0.0013423156552960155,-0.33641481652738786,0.22936158549541563,0.3421975570670124,other
Scn9a,-0.0011772026788897383,0.0009132758925715911,-0.043838394508217304,-0.29712912472300695,0.8937535902043922,0.9249415832080755,other
Cfc1,-0.0011785136548325918,0.001825387611826628,0.001329028954518207,0.36948441785639197,0.10900678981544218,0.20241850558739374,other
Ly6g,-0.0011790582211107172,-0.00018533512394770107,-0.0001949876509752921,-0.2533678477763549,0.10900678981544218,0.20241850558739374,other
Sntn,-0.0011848381814560573,0.0021357980557262513,0.0002194822339839312,-0.119597580746248,0.12456406214237814,0.2225573663706728,other
Evx2,-0.0011984047368245217,-0.00025327631142342197,-0.0009485029575743657,-0.6104200846819935,0.22936158549541563,0.3421975570670124,other
Epo,-0.0012027142694190631,0.00015660556294087684,0.0016487706232890878,-0.06638784627702332,0.3853315267895524,0.5025763534015615,other
Vipr2,-0.0012165520756706252,0.0017086819340003303,-0.0011990128987207447,-0.4510395248933345,0.14180099264371332,0.24321683371741143,other
Fermt1,-0.0012316391797133402,0.002217970724991329,0.0005494548077603547,0.12481909674556445,0.14180099264371332,0.24321683371741143,other
Crisp1,-0.00123265087375798,0.0003655263434552986,0.0003323559966342199,-0.27574577348771107,0.1816927632278722,0.29053755022739064,other
Cyp19a1,-0.0012394497175059914,0.0015626364034817316,-0.0007149011136341203,-0.3098099492927755,0.20451844490430449,0.3170968350932697,other
Gucy2e,-0.0012425307284036242,0.004163485394704777,0.00214114623386006,-0.06837699522914387,0.25628023724432436,0.37159905917660563,other
Hoxb1,-0.0012520402066605214,0.0020997249951577052,0.00043587322269625535,-0.29265353958073576,0.1816927632278722,0.29053755022739064,other
Neurod1,-0.0012593592988798825,0.0024755225233817815,-0.00024102723958917098,-0.3771923700458591,0.285318068487978,0.4017133500847849,other
Piwil4,-0.0012639904041927413,0.017761448164082698,0.0002529006559103472,0.5629291534501153,1.0,1.0,other
Mpl,-0.0012774284655827986,0.0010685024540971703,0.0001161101134340755,-0.22626569330371246,0.12456406214237814,0.2225573663706728,other
Szt2,-0.0012792849937091066,0.028825623857915428,-0.008530248457620848,0.07583630379959592,0.8937535902043922,0.9249415832080755,other
Galr2,-0.0012907721916482068,0.008064710143289328,-0.002033641215156007,-0.26828646491725905,0.0950279527318241,0.1838913455557795,other
Lefty2,-0.001298585066368714,0.0006257831185348447,0.0013112903092586947,0.04127484075650139,0.03260630478301721,0.09515146493030366,other
Gdf7,-0.0013142796415764064,0.002004885108401265,0.0004337080584668066,0.16410478854994529,0.3165025922557979,0.43481813172551176,other
Gata5,-0.0013218451037452367,0.0010298537808805042,-0.00023590448125397796,-0.275497129868696,0.12456406214237814,0.2225573663706728,other
Myod1,-0.001334460029034805,0.003215037355189943,0.0003967872186655479,-0.27350798091657547,0.3853315267895524,0.5025763534015615,other
Smad6,-0.0013372609176611205,0.027816816944535333,-0.029109591792406853,0.07509037294255072,0.8412192411771064,0.8871323856200991,other
Lhx8,-0.0013379494940235492,0.00031331131994542707,-0.0013904413890633007,-0.30085877900823305,0.10900678981544218,0.20241850558739374,other
Pou4f3,-0.001339105736658741,0.01187817430631799,0.00048457524450393197,-0.28345372567717825,0.14180099264371332,0.24321683371741143,other
Spink1,-0.001341547572877794,0.0012185629655184355,-0.001050272600230646,-0.1409809319815439,0.3853315267895524,0.5025763534015615,other
Nt5c1b,-0.0013688376624202917,0.0019894980645589555,0.0015898324233854623,-0.07509037294255072,0.16081398497923238,0.2665947797787015,other
Nploc4,-0.0013812864892546184,0.011292606000176564,-0.06451594245708003,-0.5012655359343784,0.3853315267895524,0.5025763534015615,other
Foxf1,-0.0014143916380471022,0.012485000489861058,-0.004815278420738832,0.054701596183315104,0.5931862546017165,0.690989514666215,other
Gmnc,-0.0014198201034376287,0.003079561375381455,-0.0010760625199573888,-0.09622508055883155,0.20451844490430449,0.3170968350932697,other
Il13ra2,-0.0014198312793037588,0.004212833136787605,0.0009714352053574859,-0.17927204930986448,0.5478383165397469,0.6526210305159386,other
Il31,-0.0014226193067985132,0.0008842063471377571,0.0005785838128462193,0.228254842255833,0.12456406214237814,0.2225573663706728,other
Prss21,-0.0014239445727787991,0.0009245397971657963,0.0002708373367384699,0.12357587865048912,0.4626083472826239,0.5766777075974254,other
Slc26a4,-0.0014255696052859392,-0.002342921534989391,0.001034883115245749,0.18896915045145216,0.5042736753035878,0.6149414338330388,other
Plg,-0.0014397049077497538,0.005167028924314122,-0.0039973273226779835,-0.39037048185365775,0.1816927632278722,0.29053755022739064,other
Bmp8b,-0.001455998521037916,0.0018515757559025778,-0.002251949978268667,-0.34039311443162895,0.0194271256064567,0.07507406645343609,other
T,-0.0014587978904073906,0.0014104315915888128,0.0016092608233540641,-0.4249319448967523,0.285318068487978,0.4017133500847849,other
Cyp26a1,-0.0014922356879458615,0.0009801792120484546,0.0013802927328289381,-0.362273752904955,0.285318068487978,0.4017133500847849,other
Eps15l1,-0.0014993958399455165,0.03538972853021516,-0.006553810385732217,-0.10940319236663021,1.0,1.0,other
Eci3,-0.0015142271450165907,0.0017873056958625164,0.00228894138657964,-0.040280266280441124,0.12456406214237814,0.2225573663706728,other
Slc16a8,-0.001532516079034086,-0.00021359961783049778,0.00048746893141408173,0.06390141008687264,0.004085851125205444,0.05819357855504391,other
Vgll2,-0.0015390480738623727,0.0012228921920135402,0.00036480070212683473,-0.1854881397852412,0.16081398497923238,0.2665947797787015,other
Cdkn2b,-0.0015498837144702349,0.0049974286716214095,0.0047228093753058364,0.41946178527842076,1.0,1.0,other
Cyp11a1,-0.0015518290412686875,0.0020408156828745135,0.0025632887054187585,-0.10219252741519319,0.3165025922557979,0.43481813172551176,other
Hspb3,-0.0015751697437602005,0.0030493972758359918,0.003198300763013903,0.35133343366829195,0.4626083472826239,0.5766777075974254,other
Zfp819,-0.0016004722177064817,0.0019343896220987492,-0.0008589538482972163,-0.16211563959782477,0.6401805361005117,0.7312048622142209,other
Tdh,-0.001620508148164859,-9.516286101824128e-05,0.0006075419084996684,-0.33293380586117693,0.0162163284475037,0.07051960052064482,other
Tyrp1,-0.001628791103280609,-1.6661400836192643e-05,-0.002565334281276619,-0.22203875178045632,0.16081398497923238,0.2665947797787015,other
Ddx4,-0.0016438001038137293,0.002937643853434122,0.003747426754879426,0.17106680988236722,0.285318068487978,0.4017133500847849,other
Selenok,-0.0016465637994288948,0.001999716030183972,-0.0013562628275108068,-0.1076626870335247,0.946758392919716,0.9637626346604413,other
Alox15,-0.001646947900777851,0.015274882320067108,0.03232338308072371,0.4808767591751427,0.3853315267895524,0.5025763534015615,other
Tfap2c,-0.0016529810928645038,0.0007737005678227944,-0.0002476205671110227,-0.11984622436526307,0.04514062557215464,0.11588441421417252,other
Slc6a3,-0.0016628354360659955,-0.0003526130410607727,0.000828343006718078,-0.11487335198496172,0.1816927632278722,0.29053755022739064,other
Onecut1,-0.0016670134950578716,-0.0004609505672606741,-0.0009729738227019519,-0.521405669074599,0.06151359999604334,0.1395822391369293,other
Nr5a2,-0.0016695969203537123,5.577136860321352e-08,-0.002965044384750766,-0.4532773174644701,0.7384623534985825,0.8086939598961506,other
Il7,-0.0016726108584575253,0.01181364807516471,0.007690722047354902,0.7832273998974663,0.6401805361005117,0.7312048622142209,other
Alox12b,-0.0016796227999107665,0.0005952554474372325,0.000942433090925553,-0.32472856643367964,0.20451844490430449,0.3170968350932697,other
Espn,-0.0016867782690264121,0.010119799044536089,0.00457803218208,0.28966981615255494,0.6401805361005117,0.7312048622142209,other
Ido2,-0.0017218480487216428,0.0016053943613704852,-0.0080380776191315,-0.3244799228146646,0.0950279527318241,0.1838913455557795,other
Piwil1,-0.0017314778534510186,-6.16195759437577e-05,-0.00019267794460215044,-0.0340641758050644,0.03260630478301721,0.09515146493030366,other
Slc5a2,-0.001744573855739933,-0.0012647440738187306,-0.002819445535177517,-0.275497129868696,0.25628023724432436,0.37159905917660563,other
Usp50,-0.0017503950485412596,0.00171815063079391,0.00017447590743039244,-0.06763106437209866,0.03260630478301721,0.09515146493030366,other
Kirrel,-0.0017588158771901785,0.12922291498093585,0.07560317901818014,0.5104653498379359,0.7893827550332574,0.8482497226510736,other
Pcgf1,-0.0017656615958857869,0.010834213133479126,0.012801478464558383,0.4502935940362893,0.7384623534985825,0.8086939598961506,other
Itsn2,-0.001785154450650861,0.0018307136924486933,-0.023332039438646035,-0.27400526815460563,1.0,1.0,other
Il22ra1,-0.001797810932014721,0.004056117669554391,-0.003306823805226289,-0.16559665026403572,0.5042736753035878,0.6149414338330388,other
Hmx2,-0.0018017178619554389,-5.591016290442882e-05,0.0006456333125162842,-0.38987319461562764,0.0950279527318241,0.1838913455557795,other
Trpm5,-0.0018117824799022183,0.0008019015137066595,-0.0004684912995114375,-0.2327304273981042,0.03260630478301721,0.09515146493030366,other
Myh3,-0.0018128938555830917,-1.391598988028167e-05,-0.0006885097902001296,-0.16584529388305078,0.06151359999604334,0.1395822391369293,other
Cox8b,-0.0018152688537975362,0.0015515438459162397,0.0007500994612042802,-0.15764005445555354,0.4626083472826239,0.5766777075974254,other
Cyct,-0.0018164524558166393,0.0038174093114051195,-0.0006887955376053655,0.170320879025322,0.1816927632278722,0.29053755022739064,other
Nek7,-0.001834437091293717,-0.012670975826545972,0.00889406165961748,0.3396471835745838,1.0,1.0,other
Il3,-0.0018374605560630623,0.004893364288265832,-0.0011162159393031342,-0.07086343141929456,0.7384623534985825,0.8086939598961506,other
Trpc6,-0.001840453054839257,0.002277960117248526,-0.005024381738782693,-0.068874282467174,0.4626083472826239,0.5766777075974254,other
Twist2,-0.0018624751819948573,0.005360590225218259,-0.0002757632870291297,0.22875212949386314,0.42293676385905665,0.5393501081112619,other
Fgf17,-0.0018792515975927064,0.0014573069622489717,-0.0004953275556176875,-0.20488234206841655,0.1816927632278722,0.29053755022739064,other
Pcsk9,-0.0018901237195508847,0.0034389552357429777,-0.0017673974628624762,-0.2924048959617207,0.14180099264371332,0.24321683371741143,other
Kremen1,-0.001901179033109407,0.02522921890470542,-0.0022697602983539344,0.010443031998632883,0.6401805361005117,0.7312048622142209,other
Dmrta1,-0.0019176309353107785,-0.0012064386735374053,-0.0009059225474685427,-0.5320973446922469,0.06151359999604334,0.1395822391369293,other
Crtc1,-0.0019322781531725206,0.0020307439948118663,8.808893650808121e-05,-0.2449139647298426,0.0950279527318241,0.1838913455557795,other
Irx6,-0.001943524802161969,0.0005949845332060971,0.0010393801690006376,-0.32771228986186046,0.16081398497923238,0.2665947797787015,other
Nppb,-0.001956744967676849,-0.003935186604270045,0.0003164966270717863,-0.10169524017716307,0.5931862546017165,0.690989514666215,other
Prl,-0.001969302129784776,-0.0028286686280245676,-0.00038042052559808526,-0.2339736454931796,0.22936158549541563,0.3421975570670124,other
Aicda,-0.0019748764053402817,-0.00805276120541479,0.0015788026186417921,0.2322331401600741,0.8412192411771064,0.8871323856200991,other
Cyp2r1,-0.0019767292141441156,-0.006888499002579058,0.0009761753165886053,0.4062836734706221,0.5931862546017165,0.690989514666215,other
Atoh7,-0.0019803691456998854,0.006289803080619397,-0.002831110142593015,-0.26430816701301796,0.1816927632278722,0.29053755022739064,other
Vsx2,-0.0019808387687361775,-0.005189429379591666,-0.004977273240562852,-0.5748640471628387,0.3165025922557979,0.43481813172551176,other
Mesp2,-0.0019975363337121164,0.0017911198308921432,-0.0002782896572708802,0.05171787275513427,0.038441132178322214,0.10446894791775259,other
Hdac1,-0.0020370146314722115,-0.009072258837162894,-0.02372645529272721,0.0044755851422712345,0.8412192411771064,0.8871323856200991,other
Grhl2,-0.002040852561211483,0.0011756438194888974,-0.0012185468970765546,-0.08727391027428909,0.06151359999604334,0.1395822391369293,other
Tlx3,-0.002073232097550644,-0.0022296006600494266,0.0006879797451506721,-0.6300629305841839,0.1816927632278722,0.29053755022739064,other
Ppl,-0.0021119584345856424,0.053706943351984976,0.06640329772106299,0.6668621861984141,0.7893827550332574,0.8482497226510736,other
Trpv6,-0.0021226710880985922,0.0035182329767829215,-0.001915654787569417,-0.35953867309578924,0.1816927632278722,0.29053755022739064,other
Zfpl1,-0.002168564391571648,0.016894212216670396,0.006839812203934231,0.2598325818707467,1.0,1.0,other
Olig3,-0.0021862320502354046,0.0021616050748629037,-0.00041771937871005853,-0.0775768091327014,0.03260630478301721,0.09515146493030366,other
Myocd,-0.00218662818186589,0.005254924730168142,0.006340026207606569,0.027350798091657552,0.1816927632278722,0.29053755022739064,other
Elmo3,-0.0022004826158799756,0.020593970054132202,0.027315037654400534,0.8202752991307114,0.6886643247682933,0.7701987986500909,other
Akip1,-0.0022175876944392214,0.022424071502318815,0.021963415071051623,0.5301081957401264,0.8937535902043922,0.9249415832080755,other
Clcnkb,-0.00222486931402762,0.0008738726750285213,0.0025482326773448288,-0.047739574850893175,0.05279870698063471,0.12722069169023034,other
Cnmd,-0.002232246806407245,0.0011625838920371525,0.0016158609205962314,-0.06738242075308361,0.16081398497923238,0.2665947797787015,other
Yap1,-0.0022334873800508026,0.03322504547037483,0.039932763402844074,0.38614354033040155,0.5931862546017165,0.690989514666215,other
Agtr1b,-0.00225224484232342,0.006019544254358002,0.0029529793892868403,0.17778018759577408,0.5931862546017165,0.690989514666215,other
Arx,-0.0022542803000085458,-0.0009770499615184454,0.00019182196923826778,-0.32298806110057415,0.013481568265476605,0.06644394176057601,other
Tshr,-0.002256155054520235,0.0024907486248043013,0.0012896872487321385,-0.08777119751231922,0.16081398497923238,0.2665947797787015,other
Pnpla1,-0.0022636182220775528,0.0030420480358646154,0.00118734711557315,-0.239195161492496,0.08252326938191985,0.1680443900667358,other
Neurog2,-0.002292719224764813,-0.0002791698562763581,-0.0010820523583679152,-0.5497510416423168,0.08252326938191985,0.1680443900667358,other
Itgb6,-0.0023091807983480926,0.0033662964947245456,-0.0006821144433425928,-0.4391046311806112,0.22936158549541563,0.3421975570670124,other
Id1,-0.0023134153040567096,0.160230160989992,-0.07180894318307052,-0.09025763370246992,0.5931862546017165,0.690989514666215,other
Myf6,-0.002315171775881461,0.0051135400252429394,0.00041010272816698057,-0.0982142295109521,0.8937535902043922,0.9249415832080755,other
Wnt9b,-0.002358587567862251,0.005491469828645002,-0.0023117423003262,-0.28842659805747956,0.3165025922557979,0.43481813172551176,other
Daglb,-0.002391790041383901,0.012251938054885003,0.1524660201934689,0.7598548997100497,0.7893827550332574,0.8482497226510736,other
Rad21l,-0.0023971114632564457,0.0034274603458653193,0.003614282105709618,0.12407316588851924,0.16081398497923238,0.2665947797787015,other
Chrnb3,-0.002402664862690862,-0.0025815119543448825,0.0004096012793251948,-0.3923596308057783,0.0950279527318241,0.1838913455557795,other
Dlx4,-0.002407929044735922,0.003477011907718621,0.002365952079095358,0.011686250093708224,0.027547148107414817,0.08793366864575906,other
Onecut3,-0.002409107213341005,-0.009373067790578643,-0.0016182699872201584,-0.30707486948360974,0.22936158549541563,0.3421975570670124,other
Sdccag8,-0.002414708253865583,0.003056286031518085,-0.006323548864863082,0.19742303349796447,1.0,1.0,other
Med1,-0.0024199763068459834,0.03184183140582175,-0.008957304401287836,-0.09075492094050004,0.8937535902043922,0.9249415832080755,other
Brwd3,-0.002447296401131227,-0.00699044467560378,-0.035430811314141,-0.36177646566692484,0.8412192411771064,0.8871323856200991,other
Cldn9,-0.0024627885275668206,0.00018095200356226318,0.0016968510091172964,-0.11437606474693157,0.08252326938191985,0.1680443900667358,other
Hnf4a,-0.0024943123495777715,0.002148231692737479,-0.0005433557836034483,0.016659122474009597,0.4626083472826239,0.5766777075974254,other
Slco4c1,-0.0025148621986078555,0.0019582228661347394,0.000752279359157091,-0.38738675842547693,0.1816927632278722,0.29053755022739064,other
Cldn6,-0.0025265298846837737,0.0057754368459064995,-0.0009259326354323395,-0.13476484150616722,0.34984355386886234,0.4674049157373145,other
Lmnb2,-0.002527127740696744,0.01625293875898559,0.010139132228825454,-0.13426755426813705,0.7384623534985825,0.8086939598961506,other
Kcnk18,-0.0025300340483055813,0.000980606041978133,-0.0022777173656948445,-0.056939388754450725,0.22936158549541563,0.3421975570670124,other
Lhx9,-0.0025393556274323683,0.004561188680312838,0.00195737003923639,0.07782545275171648,0.22936158549541563,0.3421975570670124,other
Ccl11,-0.002543105392913178,0.013026003320521028,-0.00396183732361545,0.011188962855678088,0.6886643247682933,0.7701987986500909,other
Otp,-0.0025446822120565454,-0.0041665176843085905,-0.001307445658585954,-0.5440322384049702,0.20451844490430449,0.3170968350932697,other
Tph2,-0.002554445581289753,0.0021605806148005443,-6.0505101630328045e-05,-0.18896915045145216,0.0162163284475037,0.07051960052064482,other
Myog,-0.0025660500419463347,0.002071041916550836,0.00028665825832812145,-0.2906643906286152,0.04514062557215464,0.11588441421417252,other
Adgrg2,-0.002583864850028768,0.010390691108228281,-0.01308558861056916,-0.18797457597539188,0.3165025922557979,0.43481813172551176,other
Pdlim1,-0.002604760355433963,-0.0029526937617698184,-0.003685700762316526,-0.3197556940533783,0.8412192411771064,0.8871323856200991,other
Actc1,-0.002630585523144161,0.0059829265208378645,0.0013106965119421077,0.12879739464980555,0.22936158549541563,0.3421975570670124,other
Grhl3,-0.002632452232869089,0.0007394750942597283,0.002093471594352612,-0.15664547997949324,0.5931862546017165,0.690989514666215,other
Rln1,-0.002668973610003518,0.00531961606862438,0.0016953420629200362,0.1432187245526795,0.22936158549541563,0.3421975570670124,other
Insm1,-0.0026710845190623007,-0.0025097789857600923,0.001148336898408736,-0.41299705118402896,0.3165025922557979,0.43481813172551176,other
Itpr2,-0.002675724535775581,-0.06670714579767367,0.018908398902158785,0.529113621264066,0.8937535902043922,0.9249415832080755,other
Nanog,-0.002732528620022748,-0.00016082467149801036,0.0030119615068792665,0.07807409637073155,0.08252326938191985,0.1680443900667358,other
Edar,-0.0027753918910861358,0.002158368153195287,0.0007883318974891192,-0.08453883046512334,0.20451844490430449,0.3170968350932697,other
Dct,-0.0027833267770851107,-0.0043438089661491895,-0.008402875887244744,0.032075026852943854,0.22936158549541563,0.3421975570670124,other
Tslp,-0.002794556074773776,0.004847190098754986,0.004849762330926474,0.2046336984494015,0.22936158549541563,0.3421975570670124,other
Dsc3,-0.00281016566096259,0.0003040220077661533,0.0026121858827102863,-0.06663648989603839,0.42293676385905665,0.5393501081112619,other
Homer3,-0.0028191026142037057,0.054505194430766624,0.08176514083043651,0.7295203781902113,1.0,1.0,other
G6pc,-0.002830776345424125,0.002385356222480102,-0.00022902825873531273,-0.28221050758210287,0.03260630478301721,0.09515146493030366,other
Aqp2,-0.0028570173420622985,0.004482666383395471,0.003715357439465189,0.11934893712723295,0.10900678981544218,0.20241850558739374,other
F2rl1,-0.002902503482314009,-0.004010246579491714,-0.008047884906745503,0.3627710401429851,0.946758392919716,0.9637626346604413,other
Qrfpr,-0.002933750849442883,0.003238242012371816,-0.00036295841472534784,-0.30085877900823305,0.03260630478301721,0.09515146493030366,other
Crxos,-0.00295064787770475,0.0055186119661375065,0.0035393785379433107,-0.03132909599589865,0.34984355386886234,0.4674049157373145,other
Ctcf,-0.002956383428335485,0.0095549694561885,-0.015644037965784063,0.0126808245697685,0.8412192411771064,0.8871323856200991,other
Oca2,-0.0029596893564567163,0.002922470048327779,-0.00027113230201579203,-0.10443031998632882,0.013481568265476605,0.06644394176057601,other
Cftr,-0.002962188388108234,0.0009315289571444965,0.0027438172748757567,-0.21607130492409463,0.03260630478301721,0.09515146493030366,other
Zfand4,-0.002965019220600662,0.13222593832547014,-0.06557472459468955,0.18250441635706036,0.5931862546017165,0.690989514666215,other
Inhbb,-0.003014688323382135,0.007904654631757789,0.005837691154984483,0.09547914970178635,0.3853315267895524,0.5025763534015615,other
Creb1,-0.0030291219566703775,-0.022054600848099404,-0.023874959909292004,0.09572779332080143,1.0,1.0,other
Opn3,-0.003045971519020467,0.001532785204708391,-0.001069914701773922,-0.13700263407730282,0.5478383165397469,0.6526210305159386,other
Gpr139,-0.003050997409259971,0.00011258201340609043,0.0039811600894913025,-0.13849449579139322,0.08252326938191985,0.1680443900667358,other
Efcab3,-0.0030686998261535677,-0.0009234685407640032,0.0001124854457109966,-0.387635402044492,0.04514062557215464,0.11588441421417252,other
Eya4,-0.0030722967956093583,0.033202913064936085,0.10294631448802147,0.645230191344103,0.8937535902043922,0.9249415832080755,other
Atf5,-0.003091690017346993,0.20662020800242398,0.17220871456657982,0.3714735668085125,0.7384623534985825,0.8086939598961506,ratchet_cumulative
Fmo4,-0.0031209349696450436,0.0058908729679761004,0.0015428679039842415,0.11188962855678088,0.12456406214237814,0.2225573663706728,other
Kcnj5,-0.0031312736939594493,0.006363798062793805,0.0024538415956200724,-0.22875212949386314,0.10900678981544218,0.20241850558739374,other
Pcdha2,-0.0031554941813214735,0.000825088964418276,0.0001070364080888904,-0.4366181949904605,0.22936158549541563,0.3421975570670124,other
Gfra1,-0.003177918549759573,0.07773981536632513,0.028899747382679086,-0.028594016186732893,0.7893827550332574,0.8482497226510736,other
Tlr11,-0.0031786648212178484,-0.0255782736923032,-0.006174705229552775,0.3431281942407947,0.7893827550332574,0.8482497226510736,other
Rnf219,-0.003179213497515987,-0.011593898447848416,-0.0018007052691562109,-0.21035250168674804,0.34984355386886234,0.4674049157373145,other
Vtcn1,-0.0031956126941998318,0.0023000070059008455,-0.0015053695583609047,-0.08976034646443978,0.22936158549541563,0.3421975570670124,other
Moxd1,-0.003218219154076385,0.15652839592589995,0.1600145548003027,0.659402877627962,1.0,1.0,other
Rbbp7,-0.0032306108381841003,0.02765924469652048,0.040757144946530044,0.3779383009029043,0.7384623534985825,0.8086939598961506,other
Setd1b,-0.0032534767672076637,0.013995756413994975,-0.0030251228538442643,0.23820058701643576,0.8412192411771064,0.8871323856200991,other
Adamts18,-0.0032647773630881567,0.001497903135553126,-0.0036141137388158787,-0.449050375941214,0.10900678981544218,0.20241850558739374,other
Slc22a2,-0.0033697232434678447,0.004400063077065329,0.003894763537581704,0.5659128768782962,0.285318068487978,0.4017133500847849,other
Clic3,-0.003379235908533954,0.004639789307260719,-8.56708020940903e-05,-0.23820058701643576,0.08252326938191985,0.1680443900667358,other
Egr4,-0.003398292596906962,0.008622332696916632,-0.0030421912683868124,-0.4460666525130331,0.05279870698063471,0.12722069169023034,other
Rnf10,-0.003442928429610248,0.03144842332790243,-0.011818618337685827,0.042766702470591805,0.8412192411771064,0.8871323856200991,other
Suv39h1,-0.0034937726017422732,0.03581507819777846,-0.05382058914075066,-0.05495023980233017,0.946758392919716,0.9637626346604413,other
Tbx4,-0.0034941954010404876,0.0035312870867647284,-0.0013965696575890876,-0.2364600816833303,0.05279870698063471,0.12722069169023034,other
Agtr1a,-0.0035009582549473776,0.004968197921366241,0.001625929277782566,-0.25311920415733985,0.07138703353443834,0.153066522933657,other
Fabp12,-0.0035132456276052507,0.004317765674103927,0.0026095949823790564,-0.07086343141929456,0.14180099264371332,0.24321683371741143,other
Fgl1,-0.003527791179650023,0.006230036256174486,0.0016296655204772453,-0.11238691579481103,0.10900678981544218,0.20241850558739374,other
Pde6g,-0.0035647901179471954,-0.0030876655748414902,0.002910553789942396,-0.2585893637756714,0.42293676385905665,0.5393501081112619,other
Rxfp2,-0.003575564336770424,0.0003411881394319062,0.0001826159736316446,-0.29215625234270565,0.16081398497923238,0.2665947797787015,other
Opn1sw,-0.0035858983775249043,0.0025212877041885726,0.0028774967101145204,0.3592900294767742,0.013481568265476605,0.06644394176057601,other
Tacr2,-0.003590071618461691,0.002899181746647314,0.005587504360648343,0.43935327479962627,0.04514062557215464,0.11588441421417252,other
Dmc1,-0.003592896047618612,0.00754863218785206,0.0027577449321104716,-0.08354425598906307,0.1816927632278722,0.29053755022739064,other
Cacng1,-0.0035957278786160323,0.004653062466996547,-0.001105124490399595,-0.13327297979207678,0.038441132178322214,0.10446894791775259,other
Sycp3,-0.0036430376455143937,0.006098683172553399,0.001745716934166558,-0.13202976169700142,0.285318068487978,0.4017133500847849,other
Ascl2,-0.0036443301079950863,0.0004338020588239705,-0.005706758880476032,-0.29016710339058505,0.14180099264371332,0.24321683371741143,other
Prdm13,-0.00366050800980083,0.003202929252718919,0.0007150793309110524,-0.18051526740493984,0.16081398497923238,0.2665947797787015,other
Crhr2,-0.0036606659742575223,0.004997152211259065,0.003279482983557328,-0.03978297904241098,0.027547148107414817,0.08793366864575906,other
Fgfbp3,-0.0036721894416372747,0.006711274565569747,0.0040829248978691,-0.24988683711014395,0.5478383165397469,0.6526210305159386,other
Maz,-0.003769901419829802,0.003260371414429697,0.051426257116887863,0.3110531673878509,0.6886643247682933,0.7701987986500909,other
Adam18,-0.003804432142848913,-0.005440885117973932,0.0033051506675906006,-0.14346736817169461,0.34984355386886234,0.4674049157373145,other
Pawr,-0.0039177535290085205,0.01054124355438052,0.006964483868801205,0.5549725576416331,0.3165025922557979,0.43481813172551176,other
Ucp1,-0.003943864711513988,0.004768202211583427,-0.0005681336086367852,0.04052890989945619,0.038441132178322214,0.10446894791775259,other
Trim63,-0.003953036982388548,0.0029819272038510945,0.0005149460564020727,0.010194388379617815,0.0013489988246948774,0.05819357855504391,other
Amhr2,-0.004005183864452033,0.0031681248559957305,0.005817480223160254,0.13004061274488088,0.16081398497923238,0.2665947797787015,other
Eif2ak3,-0.004016755816355078,0.045995375959958285,-0.02486809510635024,0.41249976394599885,0.8937535902043922,0.9249415832080755,other
Trpm1,-0.004025200543036368,0.00033260062298205717,0.0013517281303332806,0.137748564934348,0.013481568265476605,0.06644394176057601,other
Chrnb4,-0.004041791518053776,-0.005170341697836381,0.005184855912889232,-0.24615718282491794,0.12456406214237814,0.2225573663706728,other
Pcsk4,-0.004043686391409604,0.037461803834133514,0.012270957494260923,0.20886063997265764,0.7893827550332574,0.8482497226510736,other
Sec1,-0.004045073763535252,0.013460603820325802,0.002706560271725795,0.08851712836936443,0.3853315267895524,0.5025763534015615,other
Wdtc1,-0.00406125744897845,-0.03125731478081595,-0.033045807778912195,-0.6086795793488881,0.6401805361005117,0.7312048622142209,other
Nubpl,-0.004101401518453229,0.0012003992771753569,-0.000862079404832572,-0.22104417730439604,0.7384623534985825,0.8086939598961506,other
Dmbx1,-0.004120262725875144,0.0020036627750669375,0.001593243564547259,-0.31552875253012214,0.00920502620895087,0.06294214301857694,other
Casr,-0.004123117816399555,-0.0178117623667124,0.0018224873365871464,-0.004972872380301373,0.5042736753035878,0.6149414338330388,other
Gck,-0.004146252736629493,0.0033201846771559393,0.0016370273259429871,-0.27002697025036454,0.0950279527318241,0.1838913455557795,other
Wapl,-0.004156076054544489,0.004727517690401806,-0.056653127417476856,-0.19344473559372338,0.946758392919716,0.9637626346604413,other
Ptger3,-0.004227245963153254,0.00028095669031953305,0.004197571681473089,-0.3493442847161714,0.0162163284475037,0.07051960052064482,other
Rec114,-0.004255375496752499,0.012826033330267286,0.009609008895711028,-0.07807409637073155,0.42293676385905665,0.5393501081112619,other
Slc2a5,-0.004265340168436715,-0.009519487810010663,-0.018889379882233853,-0.5390593660246689,0.4626083472826239,0.5766777075974254,other
Babam2,-0.004292733848540897,0.05505385646814198,0.032687393099730455,0.025361649139537,0.5931862546017165,0.690989514666215,other
Smarca5,-0.004302121437564477,-0.014827834047540844,-0.02953922717917723,-0.36476018909510566,1.0,1.0,other
Htr1d,-0.004306144976206877,-0.0007562532551210581,0.003957172049024144,-0.2777349224398316,0.08252326938191985,0.1680443900667358,other
Ccnt1,-0.004322326734823467,0.02321926494420601,-0.014388380211149299,-0.12407316588851924,0.7893827550332574,0.8482497226510736,other
Etv4,-0.00437541451926915,0.013613383590318773,0.012230385527328733,-0.202893193116296,0.5931862546017165,0.690989514666215,other
Tmigd1,-0.004375663066598923,-0.0004504493437213833,0.001747683517150031,0.02884265980574796,0.08252326938191985,0.1680443900667358,other
Trpv1,-0.004392606081381099,-0.004046542667898126,-0.0018844924297743062,-0.2332277146361344,0.25628023724432436,0.37159905917660563,other
Omp,-0.0043986258556327484,-0.00835227343610706,0.009511161387874223,-0.02188063847332604,0.8937535902043922,0.9249415832080755,other
Rfx5,-0.0044539801368432275,0.0004283434290721644,-0.011958331295349456,0.27176747558347003,0.7893827550332574,0.8482497226510736,other
Dazl,-0.004487690299307652,0.0017217172541245905,0.0030852564538242644,-0.13899178302942333,0.004085851125205444,0.05819357855504391,other
Slc4a9,-0.004511739602819011,-9.45820087122351e-05,-0.0031383688308228783,-0.41249976394599885,0.25628023724432436,0.37159905917660563,other
Zfp750,-0.004512595391467002,0.003989596500029426,-0.001538944209963167,-0.14545651712381513,0.023180056414889752,0.08120979929419823,other
Cntnap3,-0.004513269921465536,0.0005064047809644479,-0.0016130628402923272,-0.41249976394599885,0.03260630478301721,0.09515146493030366,other
Tnnc1,-0.004518032711666176,0.0006475165859910863,0.001583354967375189,0.09448457522572608,0.3853315267895524,0.5025763534015615,other
Neil1,-0.0045238527951160235,0.02294782973965992,0.071556346930301,0.5587022119268593,0.8412192411771064,0.8871323856200991,other
Smc3,-0.004589749807584753,0.009964186614488613,-0.014463391859074748,-0.5010168923153633,0.7893827550332574,0.8482497226510736,other
Rlim,-0.0046887861168101175,-0.0035669097159576335,-0.030498270693376295,-0.1069167561764795,0.8412192411771064,0.8871323856200991,other
Nrl,-0.004761139599674238,0.003966517053283058,-0.0004106234033154285,-0.4649635675581783,0.013481568265476605,0.06644394176057601,other
Fxn,-0.004765989653988452,0.00476903493442507,0.002402000434143667,0.04550178227975756,0.06151359999604334,0.1395822391369293,other
Drd1,-0.004771693012156072,0.005541836768560224,-0.0033013718171793945,-0.40255401918539613,0.0950279527318241,0.1838913455557795,other
Azin2,-0.0047789511441943405,0.007321590330090569,-0.008566292605756837,-0.48709284965051936,0.1816927632278722,0.29053755022739064,other
Slc2a3,-0.004786219852911278,0.022363406394796503,-0.04536649311996177,-0.4654608547962084,0.4626083472826239,0.5766777075974254,other
Fancl,-0.004843396015372314,0.0004430092185880863,0.027323071903082974,0.4788876102230222,0.3165025922557979,0.43481813172551176,other
Ptgdr,-0.004897718865798586,0.005633888815584732,0.003500104081129442,-0.04127484075650139,0.16081398497923238,0.2665947797787015,other
Ace2,-0.0049152439780393575,-0.01874270746355966,-0.029107373278696558,-0.6608947393420525,0.7384623534985825,0.8086939598961506,other
Npc1l1,-0.004933666928122693,0.006177062669118806,-0.001352688361308637,-0.13103518722094115,0.05279870698063471,0.12722069169023034,other
Alx4,-0.004991715129775438,0.0030823927394719036,0.003169187519262689,0.36177646566692484,0.03260630478301721,0.09515146493030366,other
Ppp1r3a,-0.005013686990557507,0.0073362562801774275,-0.0002452665513840049,-0.38291117328320573,0.04514062557215464,0.11588441421417252,other
Dsg2,-0.005028679132942429,0.009700814672621495,0.009596483282955239,0.0989601603679973,0.1816927632278722,0.29053755022739064,other
Ticam1,-0.005031132810358843,0.015446295931400289,0.01394738424197163,0.6009716271594209,0.5931862546017165,0.690989514666215,other
Plekha1,-0.005038433921856766,0.012673735407002562,-0.0449380617478119,-0.03953433542339591,0.8937535902043922,0.9249415832080755,other
Dll4,-0.0050496016259489185,-0.0192033020025677,0.019487514525141997,0.013924042664843844,0.5478383165397469,0.6526210305159386,other
Slc26a5,-0.005053164487784964,0.003726389516103105,-0.0024784496247110387,-0.34213361976473444,0.006183281626511232,0.05819357855504391,other
Myh7,-0.005080662120281423,-0.0055004889237869154,0.0023409447366294577,0.06738242075308361,0.038441132178322214,0.10446894791775259,other
Fgf3,-0.005091360390607119,-0.001468315996718636,-0.00565226870652355,-0.4940548709829413,0.285318068487978,0.4017133500847849,other
Hpse2,-0.005103533242953276,0.0045549005964292365,0.0040919751231092965,-0.12481909674556445,0.023180056414889752,0.08120979929419823,other
Cntrob,-0.0051431747467634015,0.01763090571437967,0.013568671976979557,0.6623866010561429,0.5931862546017165,0.690989514666215,other
Lilra5,-0.005184106371190184,0.005935982779424892,0.007881857044654453,0.4184672108023605,0.946758392919716,0.9637626346604413,other
Taf12,-0.005194163976578459,0.01939394552729068,-0.028722553557432584,-0.32025298129140845,0.5478383165397469,0.6526210305159386,other
Pou6f2,-0.005201088108797394,0.0065531569695629,0.0030028676014745292,-0.36600340719018104,0.1816927632278722,0.29053755022739064,other
Adamts6,-0.005243972476953795,-0.040478314782685376,-0.04250099533449825,-0.5718803237346578,0.6886643247682933,0.7701987986500909,other
Esyt2,-0.005278001450226721,0.0837315748753884,-0.0031875166202630645,0.13924042664843844,0.946758392919716,0.9637626346604413,other
Cldn14,-0.005324831646169925,-0.02385450698954586,-0.01700534311387411,-0.2924048959617207,0.7384623534985825,0.8086939598961506,other
Crh,-0.005347086309960874,0.0054021676830280155,0.005046850714128916,-0.04226941523256167,0.4626083472826239,0.5766777075974254,other
Vsx1,-0.005418785434603373,0.01001420686512499,0.001227389121883483,0.18523949616622612,0.06151359999604334,0.1395822391369293,other
Nphs1,-0.005428314015795337,0.001276946989138706,-0.0091099370167197,-0.6840185959104538,0.04514062557215464,0.11588441421417252,other
Maf1,-0.005473979942735685,0.04177718575619105,0.01282292369237692,0.4028026628044112,0.5478383165397469,0.6526210305159386,other
Cr2,-0.0054944605745212705,-0.16649112487187573,-0.02521257608185884,0.39037048185365775,0.8937535902043922,0.9249415832080755,other
Nhlh1,-0.005496261120512977,0.004675636290087871,0.004056698327638896,-0.15565090550343297,0.06151359999604334,0.1395822391369293,other
Sfrp2,-0.005500985631783528,0.003273678106590284,-0.0031123757025572456,-0.4880874241265796,0.027547148107414817,0.08793366864575906,other
Krt28,-0.005507201417341432,0.00023391891507388782,0.00071484460290289,-0.48013082831809745,0.004085851125205444,0.05819357855504391,other
Npbwr1,-0.005523021388431557,0.003569182069194602,0.0015098244872889348,-0.3953433542339591,0.0162163284475037,0.07051960052064482,other
Agr3,-0.005543745188986121,0.005564308435940302,-0.003082345230454475,-0.33691210376541797,0.16081398497923238,0.2665947797787015,other
Amh,-0.005559561359824154,0.0011969580804585267,-0.004008448960692218,-0.478390322984992,0.12456406214237814,0.2225573663706728,other
Gpa33,-0.005562541820359965,0.013870760328204106,5.920391875630093e-05,0.023372500187416448,0.3165025922557979,0.43481813172551176,other
Cfap53,-0.0055960075878298925,0.010143925764622273,-0.004140365160405231,-0.31776654510125774,0.10900678981544218,0.20241850558739374,other
Bhmt,-0.005610629955909096,0.00010015449867320156,0.0005607579404533318,-0.14471058626676994,0.023180056414889752,0.08120979929419823,other
Col6a2,-0.005626390327863273,0.09174053107809987,0.19212468575402886,0.47366609422370565,0.946758392919716,0.9637626346604413,other
Cltrn,-0.005646443267829485,-0.0003964036521388187,-0.0017897347377880887,-0.460239338796892,0.01116262730740973,0.06326729099455225,other
Phf6,-0.00568342352974216,-0.02092860599420765,-0.017403982369630255,-0.5283676904070209,1.0,1.0,other
Dennd1a,-0.005767959209883267,0.06014992059269464,0.01413084334835335,0.35257665176336733,0.7384623534985825,0.8086939598961506,other
Sct,-0.005774270021153938,-0.012973261610902509,-0.003719391323292326,0.023869787425446588,0.20451844490430449,0.3170968350932697,other
Gem,-0.005777189855048159,-0.011374879559120255,-0.003374428311081812,0.003978297904241098,0.7893827550332574,0.8482497226510736,other
En1,-0.00578470025831368,0.002993942011486561,-0.0038337478126853203,-0.4681959346053743,0.10900678981544218,0.20241850558739374,other
Epx,-0.005840057132721541,0.0005462763532466039,0.005097959994873254,-0.2347195763502248,0.027547148107414817,0.08793366864575906,other
Preb,-0.005913969817465947,0.0635407923693001,0.004102583055217934,0.28668609272437406,0.7893827550332574,0.8482497226510736,other
Gcgr,-0.005927748489543264,0.01223502187762877,0.01175077728507309,0.08578204856019868,0.20451844490430449,0.3170968350932697,other
Barhl1,-0.005932076483991654,0.0008333862313920117,-2.5813029598720574e-05,-0.37420864661767833,0.0016977516303800164,0.05819357855504391,other
Akr1b3,-0.00593577790839106,0.06569300810742629,0.10246036248984991,0.7479200059973263,0.6886643247682933,0.7701987986500909,other
Aldh3a1,-0.005996268996641001,0.020676529618093194,-0.009934436966769992,-0.12233266055541375,0.5042736753035878,0.6149414338330388,other
Slc9a8,-0.006018656720926829,0.09791997236716987,-0.0450497090929568,-0.17231002797744258,0.6886643247682933,0.7701987986500909,other
Clmp,-0.00604614472130105,0.007433272276247516,-0.00880800056561537,-0.3518307209063221,0.5478383165397469,0.6526210305159386,other
Ptger1,-0.006047895122023583,-0.002778786703380255,0.006734867934011506,0.062409548372782224,0.1816927632278722,0.29053755022739064,other
Wnt16,-0.006048735053978457,0.013372744024862417,0.0012392855022816292,-0.11860300627018773,0.10900678981544218,0.20241850558739374,other
Epb42,-0.0060638876861971655,-0.0011182578388978428,0.0011575506482633924,-0.04251805885157674,0.0013489988246948774,0.05819357855504391,other
Ptch2,-0.0061020489261596825,0.007551201086427949,0.003817104818738863,0.11288420303284115,0.16081398497923238,0.2665947797787015,other
Cd320,-0.00612085017191686,0.010347355987557857,0.009585319833759313,0.05768531961149592,0.1816927632278722,0.29053755022739064,other
Baz1b,-0.006128880098122957,0.03938686931943547,0.006001443818777652,-0.039037048185365776,0.946758392919716,0.9637626346604413,other
Luc7l3,-0.006202856737058227,0.03580951045883474,0.038796185959821594,-0.15042938950411652,0.8937535902043922,0.9249415832080755,other
Uncx,-0.00623505754282018,0.007342242183013631,0.004630516719404017,0.09249542627360553,0.10900678981544218,0.20241850558739374,other
Cd200,-0.006256008149613468,0.12197473898146716,-0.1424647919143407,-0.29787505558005223,0.8937535902043922,0.9249415832080755,other
Upk1b,-0.006280887128787684,0.010360945174696816,0.0014693086894093134,-0.10840861789056992,0.0950279527318241,0.1838913455557795,other
Lmo4,-0.006285403320096972,0.06503934930649669,-0.10684576024408421,0.20935792721068777,0.8412192411771064,0.8871323856200991,other
Hjv,-0.006299875407627546,0.005976099566537829,0.002970482859853931,-0.18847186321342202,0.01116262730740973,0.06326729099455225,other
Ruvbl2,-0.006302519464603029,0.038101737468415275,0.005417801727864768,-0.06986885694323428,0.4626083472826239,0.5766777075974254,other
Myo7a,-0.00632120679757231,0.07369414359997528,0.08260206389440916,0.7218124260007441,0.7384623534985825,0.8086939598961506,other
Htr1f,-0.006344457311641058,-0.005962554349714794,-0.01552147257686192,-0.5174273711703579,0.14180099264371332,0.24321683371741143,other
Slc15a1,-0.006351758654324552,0.006955832458056591,0.001547329653474202,0.04500449504172742,0.0050366811503910055,0.05819357855504391,other
Ctdspl2,-0.006370584112114219,-0.018016983445154622,-0.01390367178650348,-0.2516273424432494,0.7893827550332574,0.8482497226510736,other
Ror2,-0.006375795821859848,0.012299394676808822,0.02606248192727642,0.37172221042752757,0.22936158549541563,0.3421975570670124,other
Ncor2,-0.00637677470558895,0.05516404617893733,0.02686548595275573,0.09721965503489183,0.7893827550332574,0.8482497226510736,other
Dsp,-0.006412342160731142,0.01596695305786974,-0.00040802996580150547,0.07956595808482196,0.34984355386886234,0.4674049157373145,other
Igsf9b,-0.0064425204758762344,-0.09696529175344981,0.03323666112613899,0.026356223615597273,0.8412192411771064,0.8871323856200991,other
Rab39,-0.006454924535117798,-0.016328454777620294,0.007936701278401875,0.19841760797402477,0.5042736753035878,0.6149414338330388,other
Setdb1,-0.006491071331118481,0.02029405130853945,0.0038389219058053703,0.13899178302942333,1.0,1.0,other
Ubr7,-0.006501496735143997,0.009784256811056213,-0.013974847454411687,0.04550178227975756,0.22936158549541563,0.3421975570670124,other
Frmd7,-0.006565909717258768,1.071981847219905e-05,-0.0033995934142719147,-0.41523484375516456,0.12456406214237814,0.2225573663706728,other
Gsc2,-0.006585222831659264,0.014307271329797911,0.005343783267661856,0.10890590512860006,0.22936158549541563,0.3421975570670124,other
Rfx2,-0.0066062578595136034,0.03041706895571275,0.02180873553462684,0.37594915195078377,1.0,1.0,other
Gpr6,-0.0066514336951309025,-0.0015263882131945211,0.004344436149248225,-0.49306029650688105,0.07138703353443834,0.153066522933657,other
Cdk5rap2,-0.006660014030061445,0.059527919583707956,0.025018403625208352,-0.008453883046512333,0.946758392919716,0.9637626346604413,other
Rtbdn,-0.006692282530657984,0.02537056249975593,-0.015466336343242584,-0.4594934079398469,0.34984355386886234,0.4674049157373145,other
Atxn1,-0.006736239246585951,0.01964525768637082,-0.01269215559055803,0.40429452451850156,0.8937535902043922,0.9249415832080755,other
Trpm8,-0.006764121403641937,-0.006851669530985576,0.0003632371016476588,-0.10368438912928361,0.7893827550332574,0.8482497226510736,other
Pim2,-0.006784806829639889,-0.022442891795604103,-0.004690866179432374,-0.19742303349796447,0.6401805361005117,0.7312048622142209,other
Ogg1,-0.00681816365099569,0.029352683040198946,0.025517574543552468,0.5353297117394428,0.7384623534985825,0.8086939598961506,other
Ess2,-0.006939341493286899,0.0302916884272999,-0.024529774381334524,0.4184672108023605,0.3853315267895524,0.5025763534015615,other
Gar1,-0.0069752468636081755,0.037666058495162136,-0.01336942596396018,-0.001989148952120549,0.22936158549541563,0.3421975570670124,other
Cyp26b1,-0.007122232496475617,0.10142394444475208,0.058103240883247864,0.6773052181970469,0.7893827550332574,0.8482497226510736,other
Nhlh2,-0.007161275916018728,0.00661893990614585,0.0015294317038763092,-0.39434877975789884,0.08252326938191985,0.1680443900667358,other
Marveld2,-0.0071745058916088955,0.0035191739207068445,-0.015574750408291954,0.144959229885785,0.22936158549541563,0.3421975570670124,other
Spta1,-0.007177974180462856,-0.0005006514037618429,0.0008937548534685676,0.0706147878002795,0.007559810778662305,0.06063301066345349,other
Sh3rf2,-0.007190927580088088,0.017782185460837815,0.011654577369089982,0.3836571041402509,0.12456406214237814,0.2225573663706728,other
Nphs2,-0.007246616590152643,0.017936963387449406,0.006032778970913075,0.08155510703694252,0.0950279527318241,0.1838913455557795,other
Plin5,-0.007277429549788564,0.0033577836866725413,0.0006701147719623511,-0.23422228911219464,0.013481568265476605,0.06644394176057601,other
Alox12,-0.007335591465338055,0.014364630324642358,0.009229747420844203,0.025610292758552068,0.34984355386886234,0.4674049157373145,other
Brd7,-0.007337225922443791,0.014773240552392375,-0.061886990535396036,0.019145558664160282,0.6401805361005117,0.7312048622142209,other
Sgca,-0.0073491774847495445,0.021479603624826225,0.014988695926129725,0.666364898960384,0.3853315267895524,0.5025763534015615,other
Ccne1,-0.0073630183705993835,-0.009663871417928377,0.0020048802735325444,-0.5646696587832208,0.4626083472826239,0.5766777075974254,other
Igsf5,-0.007370275946601099,0.0035560752508479315,0.010311996726446393,-0.13327297979207678,0.4626083472826239,0.5766777075974254,other
Msx2,-0.007395253423245537,0.00942218924515439,0.008453261423702826,0.23670872530234535,0.027547148107414817,0.08793366864575906,other
Dapk1,-0.007395545884020804,0.089392900945656,-0.06121715726045296,0.0989601603679973,0.7893827550332574,0.8482497226510736,other
Osr2,-0.007410827869164662,0.005772776649364514,0.0008070831856250467,0.14371601179070967,0.0162163284475037,0.07051960052064482,other
Rcan1,-0.007456074271828372,0.038457423195014995,0.03071006828715539,0.04724228761286304,0.5478383165397469,0.6526210305159386,other
Pitx2,-0.007556164143901065,0.0009248871071156628,-0.0011838978110362657,-0.31602603976815224,0.16081398497923238,0.2665947797787015,other
Fgf4,-0.0076421815913404025,0.00932736390689983,0.0010075365526006318,-0.141229575600559,0.0050366811503910055,0.05819357855504391,other
Aifm1,-0.007715271327313533,-0.01073916991015933,0.029643095453419366,-0.3165233270061824,0.7893827550332574,0.8482497226510736,other
Fbxl13,-0.007727535283112355,0.005828604971268154,0.008653439880087974,0.026356223615597273,0.0162163284475037,0.07051960052064482,other
Rnf2,-0.007734844294188692,-0.014079745338920091,0.039164384092757576,0.3523280081443523,0.8937535902043922,0.9249415832080755,other
Nodal,-0.007811642652786454,0.002072006470591494,0.0007763940748433153,-0.5216543126936141,0.023180056414889752,0.08120979929419823,other
Igfn1,-0.007827639957966448,0.01890547209324116,0.007959760258386064,0.04923143656498359,0.1816927632278722,0.29053755022739064,other
Ddx42,-0.007857717281388732,0.003048776072095194,-0.03771924567117857,-0.39260827442479335,1.0,1.0,other
Trmt2a,-0.00789190492224423,0.013348413374957513,0.035848150582874494,0.11064641046170555,0.8937535902043922,0.9249415832080755,other
Gfra3,-0.00789449674466634,0.0004349750616398501,0.002122415686975552,0.40354859366145635,0.5478383165397469,0.6526210305159386,other
L3mbtl2,-0.007936833572792179,0.013225589147157324,0.02170204785955543,0.06937156970520414,0.4626083472826239,0.5766777075974254,other
Mc4r,-0.007987166265694928,0.00419409731310285,0.005667352017191037,-0.27127018834543987,0.038441132178322214,0.10446894791775259,other
Xcr1,-0.008013594625455214,-0.0716446756731649,0.015291708395704623,0.39484606699592895,1.0,1.0,other
Smarcb1,-0.008034397900364754,0.0565551589865938,0.029291906485535257,0.06912292608618908,0.5931862546017165,0.690989514666215,other
Asic3,-0.008087922402197623,-0.009220902597993623,-0.004324527471255387,-0.4047918117565317,0.6401805361005117,0.7312048622142209,other
Bfsp1,-0.008115504687339077,0.010061049999678467,0.016339722299324816,0.32945279519496595,0.06151359999604334,0.1395822391369293,other
Chrna6,-0.008166370838822563,-0.004659336258598703,-0.00188051067778521,-0.4110079022319084,0.07138703353443834,0.153066522933657,other
Kcnf1,-0.008186211194675011,0.0045536289542853214,0.0014583196599664283,-0.18200712911903025,0.16081398497923238,0.2665947797787015,other
Kdm4a,-0.00818949451772677,0.08394537040432137,-0.06778387239919903,0.22477383158962205,0.5042736753035878,0.6149414338330388,other
Car7,-0.008192082431513092,-0.0027717275013108694,-0.0037123080744888154,-0.4463152961320482,0.0950279527318241,0.1838913455557795,other
Hoxa11,-0.008251832207496652,0.019212302110743703,0.00029380890474078056,-0.22303332625651656,0.7384623534985825,0.8086939598961506,other
Tgs1,-0.008273419415802202,-0.013196156829053174,-0.014629193921794154,-0.07384715484747537,0.8412192411771064,0.8871323856200991,other
Prss41,-0.008281918376592853,0.006302746740595645,0.008504761818039433,0.28270779482013303,0.01116262730740973,0.06326729099455225,other
Twist1,-0.00828357107439795,0.06406447484413319,0.009806626881410763,0.20935792721068777,0.8937535902043922,0.9249415832080755,other
Capn2,-0.008338829021087069,0.09070759956323204,0.08985579466749272,0.20339048035432614,0.5478383165397469,0.6526210305159386,other
Foxl2,-0.008460994312272159,0.007485484092939573,-0.004798180058431412,-0.29712912472300695,0.16081398497923238,0.2665947797787015,other
Slc17a8,-0.008465150972579168,-0.0027297562993039773,3.0138198779797176e-05,-0.1292946818878357,0.0162163284475037,0.07051960052064482,other
Lama4,-0.008481962840001356,0.15619215339791148,0.001737267893886285,0.04798821846990824,0.946758392919716,0.9637626346604413,other
Ddah1,-0.00848605277487302,0.029334723391688633,0.0001585762768742116,-0.36600340719018104,0.8937535902043922,0.9249415832080755,other
Pou3f1,-0.008489128805102386,0.026917755707055485,0.00011573746291421161,0.10517625084337402,0.25628023724432436,0.37159905917660563,other
Dll3,-0.008497176552092589,-0.015150417264829769,0.02803903574271717,-0.2876806672004344,0.4626083472826239,0.5766777075974254,other
Hmcn2,-0.008550830277246513,0.008788637855049825,-0.013461947804613711,-0.3719708540465427,0.8412192411771064,0.8871323856200991,other
Eif2a,-0.008603107400041221,-0.0197103698474006,-0.008247109788150242,-0.21582266130507957,0.7893827550332574,0.8482497226510736,other
Gpr50,-0.008626159933839465,0.00566352144568473,0.003242492142489159,-0.286437449105359,0.0033008726972586534,0.05819357855504391,other
Ccr10,-0.008640000846548253,-0.00503444167159834,0.005578716002808223,0.2871833799624043,0.0050366811503910055,0.05819357855504391,other
Smarca2,-0.008651297922339207,-0.045996708898660366,-0.033003418148385366,-0.34909564109715635,0.8412192411771064,0.8871323856200991,other
Ccl25,-0.008658940854940955,0.01624058854695612,-0.0076532393518032316,-0.2551083531094604,0.22936158549541563,0.3421975570670124,other
Gabrd,-0.008666627469421866,0.005590232757875419,0.004361397264294506,-0.3145341780540618,0.0033008726972586534,0.05819357855504391,other
Pias3,-0.008725888453215203,0.054672561441026946,0.036592257869364375,0.5442808820239853,0.5931862546017165,0.690989514666215,other
B3glct,-0.008808503414730273,0.028223332984396055,0.03751029305701642,0.3714735668085125,0.7384623534985825,0.8086939598961506,other
Hira,-0.008808826103375522,0.01472607255788927,-0.03916342310329113,-0.36550611995215093,0.5042736753035878,0.6149414338330388,other
Tbx1,-0.008825387735912182,0.07607360175958633,-0.008883092115257618,0.03356688856703426,0.5931862546017165,0.690989514666215,other
Fibcd1,-0.008827220272561664,0.004897915965629322,0.00173929070048668,-0.48460641346036865,0.027547148107414817,0.08793366864575906,other
Lhx3,-0.008845189734694291,0.004256642249065766,-0.00011578730745460605,-0.43811005670455094,0.01116262730740973,0.06326729099455225,other
Pou3f4,-0.00892781232628223,-0.002896003243612083,0.010170761251850506,-0.07359851122846031,0.14180099264371332,0.24321683371741143,other
Met,-0.008948661809857872,0.07943968204819096,-0.019916944489209554,0.4589961207018167,0.8937535902043922,0.9249415832080755,other
Wif1,-0.008974000069882866,0.022297347995283615,0.006922742107067566,0.5015141795533934,0.5042736753035878,0.6149414338330388,other
Npffr2,-0.009036338349112862,0.010241353744584653,0.004988309563150856,-0.2837023692961933,0.05279870698063471,0.12722069169023034,other
Gldc,-0.009074707069001375,0.008864340242907637,0.009854894712525514,0.05296109085020961,0.20451844490430449,0.3170968350932697,other
Hoxd1,-0.009092630996480344,-0.009289129719300019,0.0008758923361688493,-0.4721742325096153,0.013481568265476605,0.06644394176057601,other
Klhl41,-0.009112507642388884,0.011511573911039956,0.0019014453356177435,0.04301534608960687,0.07138703353443834,0.153066522933657,other
Vdac2,-0.009184165257692944,0.043652447949474205,-0.013853302908269027,0.1213380860793535,0.7893827550332574,0.8482497226510736,other
Hipk2,-0.009185241029574298,-0.03486830219915116,-0.008344242242360078,-0.3028479279603536,0.7384623534985825,0.8086939598961506,other
Chia1,-0.009256680910200422,0.009911939666962757,0.008420950313071017,-0.1877259323563768,0.08252326938191985,0.1680443900667358,other
Gtf2a2,-0.009267169767151917,0.0020398619215247216,-0.0289543806385264,-0.1837476344521357,0.6886643247682933,0.7701987986500909,other
Rxfp1,-0.009457877672619935,0.005611449568521248,-0.002145796815167113,-0.4028026628044112,0.08252326938191985,0.1680443900667358,other
Slc44a5,-0.00957027299475817,-0.00541860501640172,0.007835991588089827,0.32696635900481524,0.22936158549541563,0.3421975570670124,other
Crhbp,-0.009578167951860866,0.00800430799931151,0.0037098305014849065,-0.3326851622421618,0.5042736753035878,0.6149414338330388,other
Inpp4b,-0.009662175899150749,-0.10766491365413355,-0.0055479295160251185,0.36998170509442213,0.8937535902043922,0.9249415832080755,other
Six1,-0.009710196282150939,0.015307018621023846,-0.006810801886365587,-0.16683986835911105,0.285318068487978,0.4017133500847849,other
Klf1,-0.00971692762269211,0.005800330665109578,0.006485973113688748,0.18797457597539188,0.0162163284475037,0.07051960052064482,other
Ncoa2,-0.009747049531256158,0.07551379536755198,-0.06353996341023094,-0.28221050758210287,0.6886643247682933,0.7701987986500909,other
Crebbp,-0.009761774314000604,0.00891161013055064,-0.022491134969957693,-0.24168159768264674,0.946758392919716,0.9637626346604413,other
Bmp3,-0.009778326313494484,0.00938546336344559,0.0025792164987533256,-0.3262204281477701,0.285318068487978,0.4017133500847849,other
Cdc42bpb,-0.009785547740852829,0.042471114184114755,0.0008135769150854344,-0.2516273424432494,0.5042736753035878,0.6149414338330388,other
Bcr,-0.009869811293714337,0.04911672393579147,-0.023385543576630807,-0.4967899507921071,0.6886643247682933,0.7701987986500909,other
Vcl,-0.009931901703200907,0.11311622593012771,0.01949599987350803,0.4510395248933345,0.946758392919716,0.9637626346604413,other
Pla2r1,-0.009983025973187537,0.02624372579478504,0.043162115344959257,0.32945279519496595,0.42293676385905665,0.5393501081112619,other
Barhl2,-0.009999900700385814,0.006519094652054247,0.0006927174288006155,-0.340641758050644,0.0026556990473244895,0.05819357855504391,other
Ppp3r2,-0.010022358146943675,0.0075210650377048605,0.0016221480734214533,-0.32373399195761937,0.12456406214237814,0.2225573663706728,other
Trim28,-0.010026154331530313,0.05682258663777939,0.026949180679735063,0.5000223178393031,0.20451844490430449,0.3170968350932697,other
Actr1b,-0.01003066344877368,-0.014308022603045423,0.03693317067572677,-0.5005196050773332,0.3853315267895524,0.5025763534015615,other
Gpr20,-0.010031789419020814,0.008966837279276222,0.0024967060353837042,-0.16833173007320146,0.05279870698063471,0.12722069169023034,other
Nfyc,-0.010056266246610601,0.07013233162563193,0.0024178878903344803,0.21234165063886862,0.7893827550332574,0.8482497226510736,other
Polg,-0.010071021655217782,0.0341031287756377,0.010209013407593837,0.4547691791785605,0.8937535902043922,0.9249415832080755,other
Bcl7c,-0.010139934127117889,0.03376532125978016,0.03782983831176612,0.30806944395967,0.8937535902043922,0.9249415832080755,other
Fgf5,-0.010159091556501597,0.003781690238486776,0.0022726790332853707,-0.3640142582380605,0.0033008726972586534,0.05819357855504391,other
Nxph2,-0.010164528071559046,0.0006623128130808092,0.001148342326124402,-0.4811254027941577,0.0194271256064567,0.07507406645343609,other
Rae1,-0.01020676644808971,0.05894717596552834,-0.018806043084260926,0.056442101516420574,0.5931862546017165,0.690989514666215,other
Vip,-0.010284437533712387,0.017550303525146804,-0.004930512818581374,0.002735079809165755,0.12456406214237814,0.2225573663706728,other
Brpf3,-0.010306333391568168,0.051385880958430274,0.008466855499610793,0.10293845827223841,1.0,1.0,other
Rundc1,-0.010307691862882162,0.017765664178509166,-0.011250000831360907,-0.06141497389672195,0.5931862546017165,0.690989514666215,other
Tsg101,-0.010307820581859736,0.005539958441607332,0.005081103127932342,-0.048734149326953455,0.22936158549541563,0.3421975570670124,other
Ednra,-0.010312771956147548,0.025672490898693168,0.005955789485612678,-0.0293399470437781,0.4626083472826239,0.5766777075974254,other
Mta1,-0.010318268810203923,0.026390096646589978,0.0013979193814868118,0.2424275285396919,0.7384623534985825,0.8086939598961506,other
Mbtd1,-0.0103222846791019,-0.04284806092706772,-0.006698415342516917,0.19319609197470833,0.946758392919716,0.9637626346604413,other
Acss1,-0.010338412269969899,-0.07289987879262605,0.07196999364118717,0.2337250018741645,0.6401805361005117,0.7312048622142209,other
Tbx2,-0.010460173299275899,0.0629509900116868,-0.01302879463145662,-0.01094031923666302,0.8412192411771064,0.8871323856200991,other
Sdhb,-0.01046344542382771,0.04073008837623959,-0.01908450432617048,-0.09075492094050004,0.6401805361005117,0.7312048622142209,other
Btc,-0.010543464873107904,0.005224518349845171,0.009321925350861203,-0.04301534608960687,0.03260630478301721,0.09515146493030366,other
Mlph,-0.010552244006740819,-0.01808572852165949,0.049055101129451856,0.6051985686826771,0.42293676385905665,0.5393501081112619,other
Aldh1a3,-0.010577657803195695,0.002794432974978625,-0.037995309685658785,-0.0293399470437781,0.42293676385905665,0.5393501081112619,other
Il1rapl2,-0.010636427436339843,0.00589849837522409,0.007052265252434166,-0.4766498176518865,0.0194271256064567,0.07507406645343609,other
Vegfd,-0.010690102220399053,0.0313403019813875,0.017318975976653064,0.37396000299866317,0.20451844490430449,0.3170968350932697,other
Noxo1,-0.010742061088818478,0.013922433290271291,0.009255515426169286,0.27450255539263574,0.7893827550332574,0.8482497226510736,other
Sox14,-0.010746087775816114,-0.000769275311703406,0.005801230554070027,-0.41772127994531527,0.027547148107414817,0.08793366864575906,other
Mef2c,-0.010919121199749693,-0.010312161681660076,0.04160842028032685,0.5383134351676236,0.5931862546017165,0.690989514666215,other
Cdh9,-0.01092800830972289,-0.0027967018710828295,-0.00473570331695837,-0.5251353233598249,0.1816927632278722,0.29053755022739064,other
Crb1,-0.01099604086357997,-0.0028128446146154715,0.00888530881601424,-0.3615278220479098,0.007559810778662305,0.06063301066345349,other
Rec8,-0.011068150072311753,-0.004788810463473972,0.014653546067803364,-0.001989148952120549,0.5931862546017165,0.690989514666215,other
Musk,-0.01108083715122421,0.018844422039412348,0.022597835295191656,0.34909564109715635,0.07138703353443834,0.153066522933657,other
Ewsr1,-0.011097246237893765,0.08439255133808321,0.00018974322577536284,0.1275541765547302,0.8937535902043922,0.9249415832080755,other
Arhgef3,-0.011115462942790755,-0.03737401156377507,-0.04463372274493338,-0.18101255464296997,1.0,1.0,other
Bach2,-0.01112683192567021,-0.07145904010135529,0.016062494731642785,0.34387412509783993,0.5478383165397469,0.6526210305159386,other
Tctn1,-0.011251267907125384,0.017160410094096912,0.005269764133919885,0.08478747408413839,0.5478383165397469,0.6526210305159386,other
Timp4,-0.011322465314904995,0.012643496646079999,-0.0009003708291067669,-0.2819618639630878,0.946758392919716,0.9637626346604413,other
Tfeb,-0.011439307748080552,0.010863237432290784,0.05032366396762056,0.40727824794668244,0.8412192411771064,0.8871323856200991,other
Pou4f2,-0.011455940256591066,0.0044441783492474435,0.003409166500562756,-0.166591224740096,0.10900678981544218,0.20241850558739374,other
Trpc7,-0.011464884620343917,0.013391223218247844,0.006491445879626925,-0.09100356455951512,0.07138703353443834,0.153066522933657,other
Acvrl1,-0.011499089385714978,0.15466006596723947,-0.007635686372807982,0.09871151674898224,0.7384623534985825,0.8086939598961506,other
Pou4f1,-0.011507765147860186,-0.008787130532324564,0.003320929427473515,-0.42120229061152625,0.16081398497923238,0.2665947797787015,other
Stim1,-0.01150984986292658,0.08217100743993266,0.008410252661982032,0.15092667674214663,0.6401805361005117,0.7312048622142209,other
Agtr2,-0.011615317293403857,0.003871357687607671,0.0013744192126521407,-0.5268758286929305,0.038441132178322214,0.10446894791775259,other
Col13a1,-0.011623957393904594,0.1067339140369486,0.2121404029122654,0.7767626658030744,0.8937535902043922,0.9249415832080755,other
Cubn,-0.011641491114337724,0.0207242732515642,0.008156971294376147,0.007956595808482196,0.08252326938191985,0.1680443900667358,other
Grk3,-0.01165207369315402,0.013801231816371384,0.010372060754907042,-0.06415005370588771,0.8412192411771064,0.8871323856200991,other
Scx,-0.011701905787329825,0.0038100684280909514,0.010840611934819389,-0.37594915195078377,0.5478383165397469,0.6526210305159386,other
Srebf1,-0.011704913809667428,0.23278217833615744,0.2638138973906299,0.6611433829610674,0.946758392919716,0.9637626346604413,ratchet_cumulative
Pisd,-0.011738039399261213,0.062178295119874494,0.011991124069834824,0.31179909824489604,0.946758392919716,0.9637626346604413,other
Dync1li1,-0.011781831467692072,-0.0031831037744727286,-0.012664396633477182,-0.3309446569090564,0.34984355386886234,0.4674049157373145,other
Foxb1,-0.011791075184365958,0.00511063865575085,0.013438083713410189,-0.09846287312996718,0.013481568265476605,0.06644394176057601,other
Scn4a,-0.011807812428353985,0.017096126267520505,-0.00034339802735756063,0.17330460245350285,0.04514062557215464,0.11588441421417252,other
Ilkap,-0.01181888513813334,0.02685106114324698,-0.008567030165475442,0.033318244948019195,0.5042736753035878,0.6149414338330388,other
Smad1,-0.011824154246738328,0.05342056883665047,-0.00280725597671605,0.11860300627018773,0.5931862546017165,0.690989514666215,other
Cnot11,-0.011834200226905234,-0.005680404562097563,-0.010152975445336693,0.17927204930986448,0.25628023724432436,0.37159905917660563,other
Isl1,-0.011852449579774035,-0.01054936404931936,-0.009144204384753083,-0.5127031424090716,0.12456406214237814,0.2225573663706728,other
Kremen2,-0.01190681303225273,0.0029929333864635033,0.007606066430930397,-0.13675399045828773,0.06151359999604334,0.1395822391369293,other
Rprml,-0.011916532771839461,0.02266798094672695,-0.010695376899293507,-0.39037048185365775,0.16081398497923238,0.2665947797787015,other
Dgcr8,-0.011961917513295006,0.04180189104308207,-0.031024163897559354,0.02958859066279317,0.4626083472826239,0.5766777075974254,other
Robo3,-0.011962228675885086,0.00273997110623787,-0.0024308105731280713,-0.10418167636731375,0.023180056414889752,0.08120979929419823,other
Hprt,-0.01198047654218537,0.005969233350528569,-0.0003881367775253608,-0.3988243649001701,0.1816927632278722,0.29053755022739064,other
Abcd2,-0.01200061002211883,0.05131886322327334,0.06179817303891,0.27698899158278645,0.22936158549541563,0.3421975570670124,other
Tubgcp2,-0.0120034854241301,0.06400518116361265,-0.0041670977353071015,-0.14943481502805622,0.4626083472826239,0.5766777075974254,other
Ipmk,-0.01200710567570662,-0.00018318665907324228,-0.01806853427667965,-0.09672236779686169,0.7384623534985825,0.8086939598961506,other
Mmp16,-0.012012064958962232,-0.01731852383313326,0.016642061925078444,-0.3063289386265645,0.8412192411771064,0.8871323856200991,other
Klf4,-0.012016198266209421,0.08691706700078966,-0.09604517082384967,-0.28345372567717825,0.6401805361005117,0.7312048622142209,other
Nkain3,-0.012047882894306222,0.009039600484387997,-0.001604736366259421,-0.4522827429884098,0.0194271256064567,0.07507406645343609,other
Trim33,-0.012060052202022775,-0.029461539135731796,-0.009967923800092482,-0.2506327679671892,0.34984355386886234,0.4674049157373145,other
Baiap2,-0.012066517153935141,0.07209865897273127,0.0020222838532308884,0.34611191766897553,0.4626083472826239,0.5766777075974254,other
Ly6g6d,-0.01208394671524906,0.0020279994143682784,0.015194320693150631,-0.016907766093024666,0.04514062557215464,0.11588441421417252,other
Spopl,-0.012096559303737764,0.006698113680111861,-0.026577074969123593,-0.35431715709647277,0.5478383165397469,0.6526210305159386,other
Sema5b,-0.012105349849612035,-0.03868917205259573,0.010788677955133552,-0.06738242075308361,0.42293676385905665,0.5393501081112619,other
Bhlhe22,-0.012235879413828074,0.014388565230583433,0.021303723179004766,0.05594481427839044,0.08252326938191985,0.1680443900667358,other
Ntsr1,-0.012370599253911117,0.008523512482364687,0.005725039067832713,-0.278978140534907,0.023180056414889752,0.08120979929419823,other
Nat1,-0.012382269286445521,0.008744767447830586,0.007917702094609722,0.07782545275171648,0.03260630478301721,0.09515146493030366,other
Pitrm1,-0.0124736934617663,0.04059883322774582,0.06416569076627421,0.31080452376883577,0.8412192411771064,0.8871323856200991,other
Pifo,-0.012592697382624973,0.008617914514086902,0.005368428269287032,-0.2277575550178029,0.0194271256064567,0.07507406645343609,other
Rbpjl,-0.01259449580178943,0.0024269685776961356,0.014592062153774343,-0.275497129868696,0.05279870698063471,0.12722069169023034,other
Nxn,-0.01260965499659561,0.052183029448921725,0.07314689963259302,0.7091316014309758,0.5042736753035878,0.6149414338330388,other
Cfap57,-0.012734264757683779,0.004953275100522979,0.006359100903298252,-0.4050404553755468,0.007559810778662305,0.06063301066345349,other
Atp2b4,-0.012783811967713499,0.09542938501663678,-0.025806714122637242,-0.2474004009199933,1.0,1.0,other
S100a1,-0.012795935040839312,0.08080265928719266,0.19016940560501205,0.6613920265800827,0.5478383165397469,0.6526210305159386,other
Cnot2,-0.012818347481973968,0.0036254592757930526,-0.009889629127383226,-0.015415904378934253,0.6886643247682933,0.7701987986500909,other
Cul4a,-0.012822156871155954,0.05598534512999542,0.0026657799781877323,0.44407750356091263,0.5931862546017165,0.690989514666215,other
Ehmt2,-0.012855083693600777,0.04706397766067649,0.04587830698138817,0.4587474770828016,0.946758392919716,0.9637626346604413,other
Tert,-0.012893618859873335,0.010602268155884179,0.015713400032286745,0.32472856643367964,0.08252326938191985,0.1680443900667358,other
Pax3,-0.012904426566081179,0.02154770243855958,0.02400486066182919,-0.009697101141587675,0.7384623534985825,0.8086939598961506,other
Angpt1,-0.01291036778708013,0.03456966862109975,0.06423206461271774,0.5529834086895127,0.5478383165397469,0.6526210305159386,other
Noct,-0.012914999765056279,0.054390014634761674,-0.0054317379905652885,-0.4373641258475057,0.6886643247682933,0.7701987986500909,other
Speg,-0.012922218892935433,0.08301115840616902,0.14421498577263447,0.6385168136306962,0.7384623534985825,0.8086939598961506,other
Tlr5,-0.012925073602704479,0.03740905063927244,-0.013012936153748739,0.015415904378934253,0.42293676385905665,0.5393501081112619,other
C1qtnf12,-0.01299171198179866,0.04451843718977905,0.030700426960502514,0.6310575050602443,0.34984355386886234,0.4674049157373145,other
Cfap61,-0.012998635451013221,0.01474496499466442,0.007514327048828928,-0.29091303424763026,0.03260630478301721,0.09515146493030366,other
Dnah11,-0.013056096351975459,0.01440559388718278,0.013662113753207639,-0.11686250093708225,0.06151359999604334,0.1395822391369293,other
Pklr,-0.013086486951491446,0.005364530559141677,0.0018703405838867183,-0.268037821298244,0.000841099845223462,0.05819357855504391,other
Rasd1,-0.013109673133016947,0.07447762545311146,-0.02940452377303418,-0.03431281942407947,0.3853315267895524,0.5025763534015615,other
Dmap1,-0.013120338403649012,0.01842500327038754,-0.007721267112506869,-0.44457479079894274,0.25628023724432436,0.37159905917660563,other
Slc19a3,-0.013190828327511783,0.008466590903571887,0.012979388569005698,-0.08006324532285211,0.14180099264371332,0.24321683371741143,other
Scn5a,-0.013258404841789022,0.007816008798640181,0.005715739965637796,-0.26878375215528916,0.00920502620895087,0.06294214301857694,other
Jph2,-0.013260559831866511,0.012019720752939285,0.013646723310246231,-0.038042473709305503,0.038441132178322214,0.10446894791775259,other
Casq2,-0.013274935484875863,-0.011809981241140036,0.014233230379887718,-0.16957494816827678,0.22936158549541563,0.3421975570670124,other
Trpa1,-0.013316334113297086,0.011784733563077767,0.011533297674971592,0.1141274211279165,0.0162163284475037,0.07051960052064482,other
Ercc2,-0.01340125806657283,0.03981037411460858,0.012985045820526009,0.21084978892477818,0.42293676385905665,0.5393501081112619,other
Wdr61,-0.013421300036740025,0.03286306632594538,0.040908100071940234,0.3088153748167152,0.3853315267895524,0.5025763534015615,other
Hras,-0.013441727875543166,0.007674760466565886,0.0006702082027002787,-0.24541125196787275,0.027547148107414817,0.08793366864575906,other
Kdm8,-0.013443151972114376,0.03419779440090304,0.01713199081139316,-0.26580002872710834,0.12456406214237814,0.2225573663706728,other
Numb,-0.013460294937604145,0.029476957126616243,-0.026111703604235537,0.2369573689213604,0.5478383165397469,0.6526210305159386,other
Lrrc52,-0.013467723448215597,0.013654486391895742,0.011165146481996865,-0.059674468563616474,0.00920502620895087,0.06294214301857694,other
Lipe,-0.013550750937738498,0.03746297550782218,-0.059092838058805386,-0.19717438987894942,0.3853315267895524,0.5025763534015615,other
Commd10,-0.01362222876662511,0.0031655896562475805,0.02624434398664388,-0.06216090475376716,0.42293676385905665,0.5393501081112619,other
Gsdme,-0.013705707089262109,0.006054477488223853,0.03248727677383356,-0.29041574700960016,0.3165025922557979,0.43481813172551176,other
Adprhl1,-0.01371605063743284,0.010054642627293196,0.009058941383449065,-0.06141497389672195,0.023180056414889752,0.08120979929419823,other
Bcl2,-0.013743117924839232,-0.00042708612881159347,0.048360843558021505,0.4933089401258961,0.946758392919716,0.9637626346604413,other
Creld1,-0.013796392038973426,0.015868327960875117,-0.012331692353815926,-0.268037821298244,0.4626083472826239,0.5766777075974254,other
Lhcgr,-0.013803569269657881,-0.004855228426120066,0.0027062393749619634,-0.22875212949386314,0.013481568265476605,0.06644394176057601,other
Pld2,-0.013809005859665824,0.027982249154655747,0.07332760363659752,0.5788423450670798,0.5478383165397469,0.6526210305159386,other
Lhx4,-0.013843378875914553,-0.002519129290431514,-0.001963457809473712,-0.5485078235472414,0.027547148107414817,0.08793366864575906,other
Ap2a2,-0.01385869259344763,0.05849233018853672,-0.007422440463641156,-0.37818694452191937,0.5931862546017165,0.690989514666215,other
Wdr4,-0.013923931417615332,0.023442548046558487,0.02467015366833153,0.36774391252328653,0.25628023724432436,0.37159905917660563,other
Asna1,-0.013940918551260895,0.0457155932661788,0.008793207511012424,0.05843125046854113,1.0,1.0,other
Onecut2,-0.014025125105738404,-0.00190153032605124,-0.005898773479724728,-0.5775991269720044,0.027547148107414817,0.08793366864575906,other
Tet2,-0.014045909694133663,0.05779185567320533,-0.08688538428209702,-0.264556810632033,0.8937535902043922,0.9249415832080755,other
Akt3,-0.014049828872047365,0.009004950747783735,-0.00988830899194204,-0.42294279594463174,0.14180099264371332,0.24321683371741143,other
Atxn3,-0.014066056137471472,0.004660194587863042,0.018886421865825564,0.2474004009199933,0.946758392919716,0.9637626346604413,other
Urm1,-0.01408461881794354,0.003652246503556167,0.012383717973501407,0.009697101141587675,0.42293676385905665,0.5393501081112619,other
App,-0.01409078061971858,-0.01600131712210917,-0.01734873654198399,-0.4684445782243893,0.8412192411771064,0.8871323856200991,other
F8,-0.014100290856187879,0.01449596138070898,0.0068388165158383765,-0.20214726225925078,0.0950279527318241,0.1838913455557795,other
Fam210b,-0.014124502463685407,0.0031803009878748345,0.010329917025536373,-0.09523050608277128,0.5042736753035878,0.6149414338330388,other
Atg101,-0.01416224528257981,-0.010503257841977698,-0.017983050987870453,-0.24217888492067685,0.5931862546017165,0.690989514666215,other
Ppm1d,-0.014286699694584848,0.013899956230559507,0.01313170687769441,0.1909582994035727,0.14180099264371332,0.24321683371741143,other
Prpf3,-0.014321735493476928,0.02724833894218226,0.004545380416673295,0.41647806185023994,0.8412192411771064,0.8871323856200991,other
Neurod2,-0.014327206580343858,0.0026029836673721884,0.006468401092839179,-0.43587226413341534,0.0033008726972586534,0.05819357855504391,other
Lefty1,-0.014333247894091253,0.013313118111937777,0.023189858729724885,0.6143983825862346,0.06151359999604334,0.1395822391369293,other
Chrna2,-0.014367417427862725,-0.004068797356297421,0.023415057298472514,-0.2819618639630878,0.12456406214237814,0.2225573663706728,other
Zbtb8b,-0.014407907950651652,0.02350694120352191,0.008946318376897189,-0.19841760797402477,0.14180099264371332,0.24321683371741143,other
Npy2r,-0.01441622906119061,-0.009635458425736335,-0.016887714866674328,-0.4502935940362893,0.3853315267895524,0.5025763534015615,other
Mia,-0.01453902005214619,-0.011101415906873718,0.027866919128785417,0.47963354108006734,0.3165025922557979,0.43481813172551176,other
Col6a1,-0.014556234195233886,0.12038571145624521,0.19568578098007772,0.6255873454419126,0.7384623534985825,0.8086939598961506,other
Slc2a4,-0.014633048108308011,0.11285927443472388,0.11736944617502665,0.5057411210766496,0.25628023724432436,0.37159905917660563,other
Pth2r,-0.014711869492494603,0.024034926591624033,0.003478235105780124,-0.12979196912586582,0.027547148107414817,0.08793366864575906,other
Tfap2a,-0.014721983523842103,0.03931353997967138,0.02163278491710817,-0.01641047885499453,0.1816927632278722,0.29053755022739064,other
Set,-0.014753559667915472,-0.0405521747082902,0.0015449478547545636,-0.32124755576746866,0.8412192411771064,0.8871323856200991,other
Sema3e,-0.01479348221607285,0.03354682626772859,0.01878482937338874,-0.048734149326953455,0.285318068487978,0.4017133500847849,other
Adamts3,-0.014904820620623982,-0.0044892717465453424,-0.05485758878765601,-0.710374819526051,0.027547148107414817,0.08793366864575906,other
Nfatc3,-0.015164810259704176,0.0036102092983190115,-0.02620404976241464,0.1076626870335247,0.946758392919716,0.9637626346604413,other
Exph5,-0.015180859985436293,0.004852128523876897,0.00278419933867452,-0.3170206142442125,0.00920502620895087,0.06294214301857694,other
Ace,-0.015308433436411362,0.21798359694303637,0.05298918509850692,0.12034351160329322,0.5478383165397469,0.6526210305159386,ratchet_cumulative
Kdm1a,-0.015320264725421917,0.030018971572800868,-0.0075532959654789344,0.04948008018399865,0.6401805361005117,0.7312048622142209,other
Ehhadh,-0.015352732057937718,0.01107580236729197,0.009093238462187098,-0.28618880548634396,0.20451844490430449,0.3170968350932697,other
Atm,-0.015354060966617677,0.030834604334354643,0.02214215922882451,0.4391046311806112,0.42293676385905665,0.5393501081112619,other
Tbx6,-0.015389331249335447,-0.003247822698318664,-0.00835626065418861,0.17703425673872886,0.5042736753035878,0.6149414338330388,other
Folr1,-0.015406249536975912,0.008338355302495423,0.019570867115072138,0.05768531961149592,0.023180056414889752,0.08120979929419823,other
Lrrc6,-0.015415669016096839,0.022905328244220258,0.005879688154700524,-0.26754053406021383,0.06151359999604334,0.1395822391369293,other
Scnn1a,-0.015443604130264993,0.03325469077121551,0.0417273598844809,0.4627257749870427,0.20451844490430449,0.3170968350932697,other
Hoxb4,-0.015459147118121241,0.053331966960965316,0.03314607357776944,0.1767856131197138,0.5931862546017165,0.690989514666215,other
Twnk,-0.015478809732326793,0.024549108977895542,0.022240044710664902,0.5504969724993619,0.10900678981544218,0.20241850558739374,other
Uts2b,-0.015488973137682435,0.014523267796744413,0.002576508273448741,-0.34437141233587004,0.006183281626511232,0.05819357855504391,other
Wnt11,-0.015557640057958386,0.03793511355972927,0.0017507080854345242,0.29737776834202206,0.25628023724432436,0.37159905917660563,other
Cd59b,-0.015560564310428682,0.02554184767641804,0.0025937596795979623,-0.09000899008345484,0.16081398497923238,0.2665947797787015,other
Setd5,-0.015572783425551462,-0.0590469168220944,-0.0233828279110182,-0.13551077236321238,0.8412192411771064,0.8871323856200991,other
Duxbl1,-0.015607866864729605,0.012429156095636898,0.02796119165381125,0.2198009592093207,0.12456406214237814,0.2225573663706728,other
Polr2e,-0.015642709993443527,0.05831505679044868,0.08964838387476814,0.5703884620205675,0.6401805361005117,0.7312048622142209,other
Shox2,-0.015673027268814636,-0.009307396950607366,-0.001990618864220764,-0.6109173719200237,0.00920502620895087,0.06294214301857694,other
Bmp2,-0.015680432829521307,0.022502139202732863,0.005913656511378318,-0.25908665101370154,0.038441132178322214,0.10446894791775259,other
Nhsl1,-0.015714512158451654,0.11447864483169834,0.0053092201479079115,-0.22303332625651656,0.6401805361005117,0.7312048622142209,other
Fras1,-0.015760079019071532,0.008465330281789724,0.009456179238213791,-0.19518524092682887,0.07138703353443834,0.153066522933657,other
Vegfc,-0.01577146360385244,0.015424886659390999,-0.0017970510610487989,-0.25386513501438507,0.14180099264371332,0.24321683371741143,other
Casq1,-0.015805259375429426,0.024778601492633896,-0.003091339562367644,-0.28792931081944945,0.10900678981544218,0.20241850558739374,other
Dmrt2,-0.015850916828938424,0.011080642107752899,0.009090051948856245,-0.2068714910205371,0.0194271256064567,0.07507406645343609,other
Grb7,-0.01588590014708975,0.021149372263199816,0.01823025263352758,-0.007956595808482196,0.05279870698063471,0.12722069169023034,other
Yif1a,-0.01590136833756517,0.02016795580501346,0.008899629847192336,-0.25660021482355083,0.20451844490430449,0.3170968350932697,other
Abcb4,-0.01592343898669331,0.01829889249865893,0.007602602604196554,-0.2098552144487179,0.07138703353443834,0.153066522933657,other
Rsf1,-0.015948389411191144,-0.015427118252126615,0.007010236162974914,-0.3336797367182221,0.4626083472826239,0.5766777075974254,other
Cfap65,-0.01596398500979951,0.01682604054305456,0.010772714801509667,-0.27997271501096727,0.08252326938191985,0.1680443900667358,other
Rab38,-0.016023968221913126,0.0071206101612383554,0.006055386035863863,-0.11213827217579597,0.023180056414889752,0.08120979929419823,other
Rita1,-0.016027027845178343,0.0015576783145158368,0.002096137283047056,-0.48410912622233854,0.03260630478301721,0.09515146493030366,other
Sema3d,-0.016031564515022412,-0.046835293011282086,0.13292157273928218,0.17330460245350285,0.6886643247682933,0.7701987986500909,other
Slc24a4,-0.016066075961996162,0.10766000533964604,0.023333446033970695,0.35730088052465364,0.5931862546017165,0.690989514666215,other
Cdh3,-0.016071085718656078,0.01607339321436392,-0.00253022739157982,-0.34263090700276455,0.12456406214237814,0.2225573663706728,other
Pcgf2,-0.01607701424367508,0.07864567508370324,0.001396681143605527,0.1511753203611617,0.3853315267895524,0.5025763534015615,other
Bcl11a,-0.016082595003672928,-0.06928753704144297,-0.014167985582647313,-0.11934893712723295,0.7893827550332574,0.8482497226510736,other
Npas2,-0.016231957697485644,0.039688501777282836,0.0027577516487807263,-0.23123856568401385,0.20451844490430449,0.3170968350932697,other
Trpv3,-0.016254885998472524,0.009727318187422868,0.0008423188525374659,-0.3162746833871673,0.0194271256064567,0.07507406645343609,other
Ctnnd1,-0.01631069724709122,0.047256903604637523,0.059641288271119475,0.38117066795010024,0.5042736753035878,0.6149414338330388,other
Foxd1,-0.01639902777435156,0.0346691060474616,0.004428337882542155,0.21234165063886862,0.08252326938191985,0.1680443900667358,other
Terf1,-0.01641764793044287,-0.0005100946449130284,-0.030479185026968225,-0.30309657157936865,0.8412192411771064,0.8871323856200991,other
Ube2r2,-0.016437340387036703,0.017592217538216604,0.008318240120952947,0.07558766018058086,0.5042736753035878,0.6149414338330388,other
Kiss1r,-0.016439682547609663,0.03479815048101939,0.019085559659429763,0.07459308570452058,0.07138703353443834,0.153066522933657,other
Eif2s2,-0.016501163890472792,0.025794154973152683,-0.021316910208034834,-0.23720601254037546,0.7893827550332574,0.8482497226510736,other
Zfp24,-0.016521415149466034,0.030423144540530078,-0.004542891494184742,-0.12606231484063982,0.3853315267895524,0.5025763534015615,other
Itga9,-0.016536149185036875,0.019036657986437,0.034404810032313715,0.031826383233928786,0.3165025922557979,0.43481813172551176,other
Lypd6,-0.01655842966952789,-0.015629257249054895,0.011495418543618768,-0.37768965728388926,0.06151359999604334,0.1395822391369293,other
Pias1,-0.016589241905036634,0.008776826011095418,-0.0003359831513303213,-0.04823686208892331,0.6886643247682933,0.7701987986500909,other
Ntrk1,-0.016600130482780875,-0.023009569867247504,-0.008025592475197314,-0.23820058701643576,0.07138703353443834,0.153066522933657,other
Zfp57,-0.016604637576650177,0.03640543417494141,0.005455485036401725,-0.11213827217579597,0.0950279527318241,0.1838913455557795,other
Cop1,-0.0166076084274408,0.002732305602685947,0.003413603668646903,0.00721066495143699,0.3853315267895524,0.5025763534015615,other
Mllt10,-0.01669146445316738,0.05581258454491256,-0.005385523281404736,0.3209989121484536,0.6401805361005117,0.7312048622142209,other
Cdc27,-0.01669865522934677,-0.006483994356780931,0.021429497245569862,-0.20537962930644668,0.03260630478301721,0.09515146493030366,other
Smoc2,-0.016706963688706555,0.08915207069649905,-0.1073132308882262,-0.23994109234954125,0.8412192411771064,0.8871323856200991,other
Notch4,-0.016711105744685928,0.04628088615382869,-0.009111171314640454,0.07981460170383703,0.1816927632278722,0.29053755022739064,other
Med14,-0.016795831145048123,-0.010352209742185536,-0.039751045799248375,-0.3563063060485933,0.5478383165397469,0.6526210305159386,other
Hif1an,-0.01680939460308617,0.01936412254347375,0.004685275979509962,0.18573678340425626,0.34984355386886234,0.4674049157373145,other
Cdh23,-0.016816115676403814,0.011876989747981778,0.006262764157218825,-0.2170658794001549,0.027547148107414817,0.08793366864575906,other
Trdn,-0.016891189281082433,0.02652698014480096,0.00870343462319162,0.19990946968811515,0.22936158549541563,0.3421975570670124,other
Fcrls,-0.016926469145064793,0.370654131333639,0.7706687595614548,0.7643304848523209,1.0,1.0,ratchet_cumulative
E2f3,-0.016937002510189314,-0.009342648474540471,0.036612425091270606,0.2976264119610371,0.8412192411771064,0.8871323856200991,other
Stimate,-0.01694692481148352,0.0462532544411377,-0.013310397882486669,0.3267177153858002,0.7384623534985825,0.8086939598961506,other
Pou2f1,-0.01696678532925261,0.02390883893968332,0.015402015307833583,0.07658223465664113,0.4626083472826239,0.5766777075974254,other
Hoxa2,-0.017143759473549403,0.013940913537060035,0.022665707716923555,-0.011934893712723294,0.07138703353443834,0.153066522933657,other
Prune1,-0.01716595857545644,-0.01882662490377479,0.01623884028334771,-0.5059897646956647,0.3165025922557979,0.43481813172551176,other
Nr4a2,-0.01721023501169383,0.017332038974610664,-0.012671004659775761,-0.12506774036457952,0.20451844490430449,0.3170968350932697,other
Sufu,-0.017254335032745427,0.007268264390708601,-0.0024707871763660627,0.3632683273810153,1.0,1.0,other
Pard6b,-0.017263093142987754,0.003914405745959443,-0.004288701550604998,-0.4045431681375166,0.007559810778662305,0.06063301066345349,other
Dicer1,-0.017269692867514896,0.005358231234978805,-0.02850594441779153,-0.07782545275171648,0.7384623534985825,0.8086939598961506,other
Gpr83,-0.017292987559600903,0.02589211006650108,-0.0012008040362200822,-0.36948441785639197,0.22936158549541563,0.3421975570670124,other
Gtf2e1,-0.017302477667139105,0.011034312002180025,0.005903410099017514,0.06862563884815893,0.25628023724432436,0.37159905917660563,other
Agl,-0.017319390191276263,-0.0687994242701111,0.02408081530614936,-0.49703859441112214,0.5478383165397469,0.6526210305159386,other
Stoml3,-0.017439364163530285,0.006806036359776682,0.00853438909531358,-0.1979203207359946,0.03260630478301721,0.09515146493030366,other
Ephb3,-0.01744634328386868,0.0320238518798055,0.03292755998714017,-0.14794295331396584,0.22936158549541563,0.3421975570670124,other
Col24a1,-0.017484972897868913,0.017103961915714894,0.008984165628049427,-0.08254968151300278,0.03260630478301721,0.09515146493030366,other
Prokr2,-0.01749582745667827,0.006169735604855481,0.008262684406199663,-0.27997271501096727,0.0010674246179843178,0.05819357855504391,other
Atr,-0.01754966915157863,0.026470811340542577,0.005888194910277256,0.23571415082628505,0.3853315267895524,0.5025763534015615,other
Itga8,-0.017587252183254354,-0.03368498104148457,0.016641461550323755,0.22626569330371246,0.16081398497923238,0.2665947797787015,other
Itga11,-0.01761806914536866,0.01899013908441037,0.018390117332073685,0.2511300552052193,0.06151359999604334,0.1395822391369293,other
Hgs,-0.017632532290044578,0.005724709304254505,-0.020438878791120718,-0.5594481427839043,0.5042736753035878,0.6149414338330388,other
Chrm4,-0.01766004686854937,0.02223115113361465,0.004038067820429217,-0.15167260759919185,0.07138703353443834,0.153066522933657,other
Elk1,-0.01766011179027016,0.05416786890567349,0.021524423568576978,-0.26928103939331927,0.285318068487978,0.4017133500847849,other
Khdrbs1,-0.01767195268072319,0.011396122464217173,-0.025998772384550506,-0.29389675767581114,0.7384623534985825,0.8086939598961506,other
Terf2,-0.017702669174706642,0.017612615444229318,0.02163756015446905,0.29016710339058505,0.20451844490430449,0.3170968350932697,other
Adgrv1,-0.017733597832629712,0.019749255990179557,0.020382389859242733,0.10467896360534389,0.08252326938191985,0.1680443900667358,other
Wnt10a,-0.01774540328441769,0.04509949736576732,0.041252242037533124,0.3483497102401112,0.22936158549541563,0.3421975570670124,other
Cpt2,-0.017855237805053714,0.03173590606919152,0.03170555155878807,0.33914989633655357,0.22936158549541563,0.3421975570670124,other
Mlf1,-0.017978270880087202,0.01747690463716997,0.00011242715092715794,-0.25262191691930974,0.10900678981544218,0.20241850558739374,other
Alk,-0.017995023080197847,0.032853188911730224,-0.04589034791557217,-0.5052438338386195,0.3853315267895524,0.5025763534015615,other
Kcnmb2,-0.01800049407252797,0.009745991149941347,0.005929933300220694,-0.3853976094733564,0.027547148107414817,0.08793366864575906,other
Plin4,-0.018034404707497842,0.5863891940471964,0.27813652446222425,0.34859835385912624,0.946758392919716,0.9637626346604413,ratchet_cumulative
Adgra2,-0.01810402094199237,0.13203407969479597,0.007918228242680181,0.2906643906286152,0.6401805361005117,0.7312048622142209,other
Tfap2b,-0.01811430050579957,0.005060866380791396,-1.984133415235123e-05,-0.5209083818365688,0.0010674246179843178,0.05819357855504391,other
Taf4,-0.0181305349013694,0.016402714008086572,-0.01586218252543181,0.17753154397675902,0.8937535902043922,0.9249415832080755,other
Zmynd19,-0.018162834702710462,0.03283324848395319,-0.008233679154634577,-0.36376561461904544,0.4626083472826239,0.5766777075974254,other
Immt,-0.01816990312026312,0.03781666600125777,-0.02840400569933932,-0.10219252741519319,0.5042736753035878,0.6149414338330388,other
Zmynd10,-0.01817913546612178,0.00780083818197462,0.017290667307518236,0.017653696950069873,0.0162163284475037,0.07051960052064482,other
Mkx,-0.01818439732062116,0.01702888212254669,0.0035985400154738556,-0.35257665176336733,0.0950279527318241,0.1838913455557795,other
Rxfp3,-0.01832777924760981,0.015852535792120037,0.011048177413318538,-0.37396000299866317,0.10900678981544218,0.20241850558739374,other
Nkd2,-0.018398823025733646,0.012391808976388155,0.04037967928284905,0.1464510915998754,0.14180099264371332,0.24321683371741143,other
Ano5,-0.018469129503790982,0.02304264686870179,0.011970601779081227,-0.13998635750548363,0.03260630478301721,0.09515146493030366,other
Cfap52,-0.018496257979982986,0.013117693744503722,0.01635241529545698,0.009448457522572607,0.0162163284475037,0.07051960052064482,other
Cers5,-0.018499652985099813,0.021091617360208148,-0.02070764308491868,-0.20040675692614532,0.6886643247682933,0.7701987986500909,other
Kras,-0.018524804364620562,-0.06443858954084647,-0.04665082896264483,-0.6002256963023757,0.7384623534985825,0.8086939598961506,other
Itga3,-0.018561558635483366,0.05860571879442322,0.010328990209843902,-0.3540685134774577,0.34984355386886234,0.4674049157373145,other
Nog,-0.018587765812598536,0.019848862885525453,0.0157201100562174,-0.35904138585775913,0.10900678981544218,0.20241850558739374,other
Zeb2,-0.018703103501749307,-0.016100566212100098,-0.024809112111936704,0.1069167561764795,0.6886643247682933,0.7701987986500909,other
Cfap299,-0.018782869491076132,0.002553453841983744,0.0044726313465995315,-0.41523484375516456,0.038441132178322214,0.10446894791775259,other
Hoxd3,-0.01879148757777588,0.0031368111336584625,0.019046957984060253,-0.3476037793830659,0.10900678981544218,0.20241850558739374,other
Pdzd7,-0.01891116342466219,0.028660231597234534,0.01826152796901695,-0.04226941523256167,0.20451844490430449,0.3170968350932697,other
Clic6,-0.018929591220034167,0.010479497844426644,0.008718598643261133,0.028345372567717825,0.01116262730740973,0.06326729099455225,other
Selenon,-0.019032663648893777,0.07547484749236,0.0997033217669191,0.6715864149597003,0.8937535902043922,0.9249415832080755,other
Gpi1,-0.01903899556232802,0.00847098268220181,-0.03501094689042561,-0.12631095845965487,0.8412192411771064,0.8871323856200991,other
Rag1,-0.019076558833848498,0.02102048186326795,0.013212294053012417,-0.14396465540972472,0.007559810778662305,0.06063301066345349,other
Drd5,-0.01910139373271042,0.0035892709295309577,0.006914098952888796,-0.4584988334637865,0.0026556990473244895,0.05819357855504391,other
Samd14,-0.019305894368951027,-0.00451660724490599,-0.009760116696679533,-0.20015811330713026,0.5478383165397469,0.6526210305159386,other
Slc52a3,-0.019351773421883767,0.05725254630860016,-0.043548250807386085,-0.13849449579139322,0.285318068487978,0.4017133500847849,other
Gatad2b,-0.01937212174890024,0.005774549891095271,-0.029759014667547268,-0.4592447643208318,1.0,1.0,other
Dnah12,-0.01939508530004365,0.008354872190575818,0.015575309758617595,-0.20736877825856723,0.0162163284475037,0.07051960052064482,other
Pithd1,-0.019396785844224718,0.056435548876819064,0.017629466894396983,0.06539327180096305,0.3853315267895524,0.5025763534015615,other
Lama5,-0.01947003808284775,0.16197454546187928,0.0461653657320662,0.35207936452533717,0.5478383165397469,0.6526210305159386,other
Trp53cor1,-0.019543671178036112,0.014409949362788485,0.014054439875554395,0.18424492169016585,0.08252326938191985,0.1680443900667358,other
Tufm,-0.019550716575752913,-0.008392583472141113,0.02824456137830489,-0.40951604051781804,0.7893827550332574,0.8482497226510736,other
Ppp1r1c,-0.01957056805787623,-0.045459433210307085,-0.0364555540335743,-0.33243651862314677,0.7893827550332574,0.8482497226510736,other
Acly,-0.019579416114949844,-0.04810869009916452,-0.13613424924427342,-0.6539327180096305,0.5478383165397469,0.6526210305159386,other
Mlycd,-0.01965601666503841,0.02319673748612544,0.020140952713475713,0.17554239502463845,0.1816927632278722,0.29053755022739064,other
Srpx2,-0.019676724118330907,-0.003333828198852945,0.04615872394494133,0.42692109384887283,0.25628023724432436,0.37159905917660563,other
Sept6,-0.019739595929998854,-0.029380275441047266,0.027822803633083426,-0.3021019971033084,0.6401805361005117,0.7312048622142209,other
Scmh1,-0.019777680217456683,0.03468852083686319,0.04247118020728835,-0.18872050683243707,0.14180099264371332,0.24321683371741143,other
Dnajc5,-0.019784443129577056,-0.04880059860021779,-0.025128091747927295,-0.5410485149767893,0.25628023724432436,0.37159905917660563,other
Cdh5,-0.019933687740897987,0.16511265476184933,0.013445661157746258,0.2488922626340837,0.5931862546017165,0.690989514666215,other
Il6st,-0.01993639023874727,0.05955395043234413,0.03332728290199105,-0.09647372417784662,0.7384623534985825,0.8086939598961506,other
Rnase1,-0.019961919982922335,-0.008722923778471586,-0.00909797838071115,-0.42692109384887283,0.05279870698063471,0.12722069169023034,other
Ncoa3,-0.019986695073084038,0.05443052114610758,-0.010098356624135718,0.18424492169016585,0.5931862546017165,0.690989514666215,other
Abitram,-0.020070174836960997,-0.005188678942406322,0.0017156734130170381,-0.13849449579139322,0.7384623534985825,0.8086939598961506,other
Brd8,-0.020083716764383475,0.08068186974847014,0.025714184955347275,0.2414329540636316,0.22936158549541563,0.3421975570670124,other
Dut,-0.020089762736957964,0.0005439418685627972,0.0010948246736877942,-0.25361649139536996,0.22936158549541563,0.3421975570670124,other
Trpc4,-0.02015212689713279,0.028366127591058388,0.002848363924918912,-0.33691210376541797,0.06151359999604334,0.1395822391369293,other
Chrm1,-0.02015332469020059,0.02878885744909246,0.014447242841506315,-0.05743667599248086,0.06151359999604334,0.1395822391369293,other
Cux2,-0.02021589541695784,0.008835339741513543,0.004387947282894655,-0.38987319461562764,0.0950279527318241,0.1838913455557795,other
Prmt1,-0.020256057789572263,0.025138165265247703,0.018753725215229375,-0.037047899233245224,0.0950279527318241,0.1838913455557795,other
Wdr83,-0.02030178873388222,0.0034240684098938434,0.008886501746740882,-0.29538861938990146,0.34984355386886234,0.4674049157373145,other
Cxcl14,-0.02031029743469248,0.08132828890623767,0.07042597868810341,0.023372500187416448,0.5931862546017165,0.690989514666215,other
Dbn1,-0.020360926591568296,0.029308385145635718,-0.02218287291367793,-0.264556810632033,0.5478383165397469,0.6526210305159386,other
Ercc6,-0.020417788291719585,0.06073558282653879,0.06102389167241218,0.503751972124529,0.5478383165397469,0.6526210305159386,other
Ino80d,-0.02043534502762112,0.021526395318270275,-0.008552050358511032,-0.022875212949386315,0.6886643247682933,0.7701987986500909,other
Arid1b,-0.020436394893009857,0.007510595919508978,-0.005260595818761815,-0.19468795368879874,0.8937535902043922,0.9249415832080755,other
Ddx41,-0.02046009619973277,0.09912559038552593,0.0328184829581476,0.5636750843071606,0.7893827550332574,0.8482497226510736,other
Tpi1,-0.02046640934908428,-0.04677228769722275,0.025892398505495517,-0.27276205005953025,0.8937535902043922,0.9249415832080755,other
Gas1,-0.020472104890351006,0.11348240588297853,0.033653062112888654,0.318761119577318,0.42293676385905665,0.5393501081112619,other
Eda,-0.02049622590080695,0.03169421081830881,0.01725112150433561,0.21930367197129053,0.023180056414889752,0.08120979929419823,other
Dhx33,-0.020497848202500335,0.03671491473294908,0.024991178514472856,0.2051309856874316,0.25628023724432436,0.37159905917660563,other
Scrib,-0.020520091825585896,0.011473768039375498,-0.018803598699181023,-0.10094930932011786,0.285318068487978,0.4017133500847849,other
L3hypdh,-0.02062128333868471,0.009607009133426325,0.03302306070589468,0.438358700323566,0.013481568265476605,0.06644394176057601,other
Dgkq,-0.02064141836414579,0.027661561566654558,0.03522769997496766,-0.0029837234281808235,0.42293676385905665,0.5393501081112619,other
Lyve1,-0.020653316592975146,0.04489607113460942,-0.041839406343104624,-0.5370702170725482,0.5042736753035878,0.6149414338330388,other
Hoxc12,-0.020662577110143465,0.04783165106254198,-9.386990898897904e-05,-0.11288420303284115,0.7893827550332574,0.8482497226510736,other
Ambra1,-0.02066840762328437,0.020527685534455387,-0.019956657568348746,-0.13700263407730282,0.6401805361005117,0.7312048622142209,other
Ddc,-0.02070191332271433,0.014652465013939284,0.020638884683299705,-0.30757215672163984,0.038441132178322214,0.10446894791775259,other
Mprip,-0.02070459677897185,0.08312495734365344,-0.04070812711563665,-0.29886963005611245,0.4626083472826239,0.5766777075974254,other
Col4a3,-0.0207131119915131,0.03230557656452136,0.018177502576931917,0.02038877675923563,0.04514062557215464,0.11588441421417252,other
Hcrtr2,-0.02074100497332377,0.009121650931064568,0.004008056649812387,-0.3448686995739002,0.03260630478301721,0.09515146493030366,other
Uhrf2,-0.02087196087315235,0.009884523619496988,0.029923557947074575,-0.006713377713406852,0.34984355386886234,0.4674049157373145,other
Oxtr,-0.020931017120697032,0.02991599072504536,0.011451461638731536,-0.36824119976131664,0.07138703353443834,0.153066522933657,other
Rnf20,-0.020988028443962636,0.05245522547776427,-0.000926834716891145,-0.025858936377567136,0.3853315267895524,0.5025763534015615,other
Htt,-0.021070829583185846,0.044491163894400776,-0.027800625882422603,-0.35083614643026184,0.42293676385905665,0.5393501081112619,other
Chrm5,-0.021140008029880017,0.017718405405492618,0.013583998209748607,-0.1752937514056234,0.07138703353443834,0.153066522933657,other
Zfp503,-0.02116430313114792,0.034375809508499,0.06353083637765194,0.25485970949044534,0.14180099264371332,0.24321683371741143,other
Syne4,-0.021176281432225552,0.05211226983857742,-0.006106427869911613,-0.11537063922299184,0.3853315267895524,0.5025763534015615,other
Grpr,-0.021209860357149987,0.011617169038304676,0.008325659735913198,-0.35953867309578924,0.04514062557215464,0.11588441421417252,other
Kcnj9,-0.02121572168211111,0.0196778862876818,0.018760926928432564,-0.20935792721068777,0.12456406214237814,0.2225573663706728,other
Cdc5l,-0.02122498827554814,0.006778279388583219,-0.00905470207297826,-0.37420864661767833,0.14180099264371332,0.24321683371741143,other
Bbs5,-0.021247869572521033,0.010906751180457003,0.005427014061124974,-0.4308993917531139,0.10900678981544218,0.20241850558739374,other
Smarce1,-0.021318553237270554,0.026415603680751576,0.01765916594147593,0.23347635825514945,0.34984355386886234,0.4674049157373145,other
Adgrg1,-0.021352891325663093,0.001729848554690383,0.055352744691177014,-0.37768965728388926,0.5931862546017165,0.690989514666215,other
Pde7b,-0.021407982085051458,0.03514982843551773,-0.01831974417818194,-0.3088153748167152,0.3853315267895524,0.5025763534015615,other
Tbx18,-0.021440366608471678,0.047287117213392904,0.037112893676409686,0.5952528239220742,0.20451844490430449,0.3170968350932697,other
Vps28,-0.021499799963006216,0.03682590890750359,0.0037711506299362707,-0.17131545350138228,0.8412192411771064,0.8871323856200991,other
Epc2,-0.02150626989834381,0.050061081912508465,-0.04073929587504599,0.10840861789056992,0.42293676385905665,0.5393501081112619,other
Slc26a3,-0.021578696205116953,0.016748222513725708,0.017264090532866243,0.038042473709305503,0.023180056414889752,0.08120979929419823,other
Ucn3,-0.02159988346826027,0.002984817469402573,0.016334347909448488,-0.31130181100686594,0.023180056414889752,0.08120979929419823,other
Irx5,-0.021652134192378297,0.010442117533255024,0.03338005236633104,0.015664547997949325,0.20451844490430449,0.3170968350932697,other
Dcx,-0.02169738458932155,0.03216857177903382,0.003918272799893124,-0.202893193116296,0.0950279527318241,0.1838913455557795,other
Gata2,-0.02178673742409415,0.08821230696134696,-0.027908643411895473,-0.12108944246033843,0.22936158549541563,0.3421975570670124,other
Zc3hc1,-0.021849011819728315,0.03069774353305532,-0.00828045780503317,-0.11512199560397678,0.16081398497923238,0.2665947797787015,other
Vipas39,-0.021926956387897878,0.035195821861652876,0.008747654614030376,0.09299271351163567,0.5042736753035878,0.6149414338330388,other
Hoxa1,-0.02195667498180387,0.017325342560820217,0.01859535597412494,-0.1785261184528193,0.023180056414889752,0.08120979929419823,other
Kat2b,-0.021973668180253536,0.027566359073493363,-0.04128281050453875,-0.387635402044492,0.42293676385905665,0.5393501081112619,other
Vps51,-0.02198780884114837,0.04330834960795671,0.04277743721130334,0.13924042664843844,0.25628023724432436,0.37159905917660563,other
Ly6g6e,-0.02200956731245554,-0.02346662145863379,-0.0017310337553032712,-0.441839710989777,0.08252326938191985,0.1680443900667358,other
Htr3a,-0.02212580902759176,0.0074375548840171085,0.012684380846666884,-0.24367074663476726,0.01116262730740973,0.06326729099455225,other
Htr1b,-0.022152585316057072,0.009171743376670025,0.018026073148650908,-0.20910928359167272,0.0162163284475037,0.07051960052064482,other
Hist2h2be,-0.022162898786897145,0.013189187831099292,-0.0024403610894775385,-0.11039776684269047,0.07138703353443834,0.153066522933657,other
Adh5,-0.0223527167951596,0.046141823572922736,0.05292230386838037,0.14172686283858912,0.8412192411771064,0.8871323856200991,other
Fxr1,-0.02241654203086485,0.010469297235595088,0.004162183523209073,0.17181274073941244,0.42293676385905665,0.5393501081112619,other
P2rx3,-0.022460844131364045,-0.03404497911805469,-0.015907300548841347,-0.413245694803044,0.12456406214237814,0.2225573663706728,other
Smad4,-0.02248755242315914,0.020684922715789034,-0.017131369434095323,-0.062409548372782224,0.8937535902043922,0.9249415832080755,other
Slc17a7,-0.02253761882491894,-0.04673581027538809,-0.03289739347096006,-0.666364898960384,0.12456406214237814,0.2225573663706728,other
Sirt1,-0.02254913072986331,0.039343379189900274,0.02673067618443359,0.32895550795693584,0.34984355386886234,0.4674049157373145,other
Pitpnm1,-0.02255750177918303,0.04824524478991066,-0.09970155539165226,-0.21234165063886862,0.4626083472826239,0.5766777075974254,other
Gbx1,-0.02259901659078492,0.02244619246936433,0.019788665986036263,-0.26256766167991247,0.0194271256064567,0.07507406645343609,other
Fgf7,-0.02259949620512111,0.029738287383275816,-0.00297812078253841,-0.2986209864370974,0.027547148107414817,0.08793366864575906,other
Dpp9,-0.022645480116741945,0.026517937131966818,-0.00866563519627328,0.04475585142271235,0.4626083472826239,0.5766777075974254,other
Slc18a3,-0.022689044265470748,0.015586675789158344,-0.06613953774898035,-0.37246814128457284,0.42293676385905665,0.5393501081112619,other
Rictor,-0.02269516880722655,-0.017961007657734118,-0.018976691168269832,-0.38266252966419056,0.285318068487978,0.4017133500847849,other
Kit,-0.022809754288414252,-0.0011963288244434267,-0.005907272942936359,-0.31677197062519746,0.285318068487978,0.4017133500847849,other
Brcc3,-0.02290761503924263,0.0011973930351841244,-0.015474476226869482,-0.4475585142271235,0.16081398497923238,0.2665947797787015,other
Cdh13,-0.02294007496754069,0.020644475056327938,0.017671984938370966,-0.25883800739468643,0.34984355386886234,0.4674049157373145,other
Pnoc,-0.022956294399634647,0.03682419378113577,-0.017983579268610717,-0.2976264119610371,0.4626083472826239,0.5766777075974254,other
Trhr2,-0.02296327088630215,0.007225198443228789,0.007197526275873403,-0.4913197911737756,0.0016977516303800164,0.05819357855504391,other
Ncor1,-0.022975653477643743,0.04000723257523209,-0.031012551749394435,0.008702526665527403,0.5042736753035878,0.6149414338330388,other
Coa7,-0.023016278034259152,0.033354421143876156,0.012554272307432446,0.06962021332421922,0.0950279527318241,0.1838913455557795,other
Mef2d,-0.023060954829650093,0.03874933745053344,-0.0070679975286986885,0.32298806110057415,0.8937535902043922,0.9249415832080755,other
Sfpq,-0.02311428819280481,0.07630939965180916,-0.053092915534975305,-0.2364600816833303,0.3165025922557979,0.43481813172551176,other
Jchain,-0.023123967441634696,-0.11516891272761731,0.8848370951879164,0.8294751130342689,0.8937535902043922,0.9249415832080755,other
Maip1,-0.023226865348568326,0.0008812751515718809,-0.019290472834920525,-0.413245694803044,0.25628023724432436,0.37159905917660563,other
Postn,-0.02325954556209986,0.07116975294258876,0.14935310909576033,0.7489145804733868,0.8412192411771064,0.8871323856200991,other
Mtch2,-0.02332562813371175,-0.029201772848985952,-0.041377415667258166,-0.4908225039357455,0.8412192411771064,0.8871323856200991,other
Hcn3,-0.02333004767624894,-0.0012076888569974575,0.012253628844757669,-0.41523484375516456,0.10900678981544218,0.20241850558739374,other
Zic3,-0.023425591687348396,0.015093955914454144,0.01169987736578773,-0.15490497464638775,0.0950279527318241,0.1838913455557795,other
Tbp,-0.023477553232911785,0.029005736564916673,-0.01587197997337575,0.16858037369221654,0.22936158549541563,0.3421975570670124,other
Tmem108,-0.02348289405711726,-0.007344484203243878,0.016612646791929975,-0.2784808532968769,0.16081398497923238,0.2665947797787015,other
En2,-0.023566092622426524,0.006729739778813554,0.01896641818972848,-0.2394438051115111,0.1816927632278722,0.29053755022739064,other
Foxo1,-0.023587504682974547,0.0877452832222485,0.0387627151521015,0.3535712262394276,0.6401805361005117,0.7312048622142209,other
Scarb2,-0.02360455631549563,0.04839279071496572,0.09002033158407219,0.2593352946327166,1.0,1.0,other
Tll1,-0.023618122799018815,0.03687572888614793,-0.01655972851785706,-0.5164327966942976,0.04514062557215464,0.11588441421417252,other
Lss,-0.02363339029252165,-0.061105543517775196,-0.23375914987779667,-0.7563738890438387,0.22936158549541563,0.3421975570670124,other
Sumo3,-0.023685842238152177,0.044400080413131815,0.005039887399990284,0.33566888567034264,0.5478383165397469,0.6526210305159386,other
Casz1,-0.02370866013276271,0.008839451024749506,0.005916097572943146,-0.1854881397852412,0.08252326938191985,0.1680443900667358,other
Spry2,-0.023767940257191533,0.012250910169006923,0.01496774114288546,-0.40429452451850156,0.3853315267895524,0.5025763534015615,other
Dhodh,-0.023783049429464465,0.03017962021417775,0.03224651757376634,-0.17181274073941244,0.1816927632278722,0.29053755022739064,other
Prdm16,-0.023815448064823178,0.029574785412443447,0.022162806498009294,0.06166361751573701,0.023180056414889752,0.08120979929419823,other
Acvr1,-0.023850078701608712,0.048353368415106845,0.004632432808622355,0.3028479279603536,0.285318068487978,0.4017133500847849,other
Rybp,-0.02391282754360413,0.04529066602744791,-0.005228609968780384,-0.06191226113475209,0.34984355386886234,0.4674049157373145,other
Rgs3,-0.02391343075128649,-0.013698526993708215,-0.027211158161868032,-0.30309657157936865,1.0,1.0,other
Sntb1,-0.023926332966452746,0.034704663562712956,0.03920934752728378,0.224525187970607,0.5042736753035878,0.6149414338330388,other
Ephx2,-0.02393425434670826,0.0565556164514453,0.048411032066939585,0.2217901081614412,0.3853315267895524,0.5025763534015615,other
Mycn,-0.023960022317961807,0.012684123862203397,0.010111399498996414,-0.34039311443162895,0.0026556990473244895,0.05819357855504391,other
Twf1,-0.024012697197122512,-0.013423360370475423,-0.020220671545218782,-0.13004061274488088,0.8412192411771064,0.8871323856200991,other
Aqp4,-0.024093297613409614,-0.07423716434557548,-0.000981453481109007,0.16236428321683982,0.6886643247682933,0.7701987986500909,other
Acan,-0.02412437937384357,-0.007601944688890305,0.008845689789881706,-0.48361183898430843,0.027547148107414817,0.08793366864575906,other
Npas4,-0.024124713307945855,0.014601516763185274,0.004918423103544872,-0.3267177153858002,0.16081398497923238,0.2665947797787015,other
Tbxa2r,-0.024184269420553628,0.02550212839845603,0.014969356861883665,0.19543388454584393,0.08252326938191985,0.1680443900667358,other
Carmil1,-0.02423638573415421,0.014961601730779983,-0.06656312487038085,-0.39559199785297416,0.946758392919716,0.9637626346604413,other
Erbin,-0.024263213888924717,0.15771524064494402,0.09695893507403452,0.015167260759919187,0.7893827550332574,0.8482497226510736,other
Aqp6,-0.02429444590207619,0.010228112403538832,0.0066327605681114,-0.5181733020274031,0.0013489988246948774,0.05819357855504391,other
Anapc5,-0.024341685338557628,0.08982759925554062,0.07080879872416479,0.12631095845965487,0.5042736753035878,0.6149414338330388,other
Lhx5,-0.024350206390849588,0.008074586186647609,0.009155468573163586,-0.27524848624968096,0.023180056414889752,0.08120979929419823,other
Ufl1,-0.02447906183866988,0.003621229872747711,0.026720539791376896,-0.21259029425788367,0.3165025922557979,0.43481813172551176,other
Erg28,-0.024510687598541803,-0.03810629658190223,-0.07098700426127058,-0.4813740464131729,0.7384623534985825,0.8086939598961506,other
March5,-0.024579967162003058,-0.0010325901571240914,-0.037365519544418135,-0.2802213586299823,0.4626083472826239,0.5766777075974254,other
Dusp3,-0.0246535813843185,0.012991801489490973,0.037415605308493305,-0.1188516498892028,0.946758392919716,0.9637626346604413,other
Abca4,-0.024663424477071857,0.049471335861989346,0.020497314835547342,-0.024615718282491796,0.10900678981544218,0.20241850558739374,other
Lig4,-0.02482161008095171,-0.005849888902430211,0.001758591801469478,-0.4766498176518865,0.20451844490430449,0.3170968350932697,other
Zc3h14,-0.02483776033823193,0.03544458180498278,0.006326582778133694,0.11188962855678088,0.3165025922557979,0.43481813172551176,other
Hoxb2,-0.024848757922359632,0.033962711416989505,0.031101210900541965,-0.09249542627360553,0.14180099264371332,0.24321683371741143,other
Idi1,-0.02486881535295926,-0.2147889387633528,-0.2893505301502771,-0.8329561237004799,0.8937535902043922,0.9249415832080755,other
Ryr1,-0.02489731774452455,0.034311494575968646,0.010134577250375391,-0.05569617065937538,0.03260630478301721,0.09515146493030366,other
Il17rb,-0.024922860852416073,0.020007533996313304,0.015782455872307255,-0.26480545425104807,0.006183281626511232,0.05819357855504391,other
Ranbp1,-0.024940201655837657,0.06440426460833149,-0.005324421156865489,-0.19046101216554256,0.5931862546017165,0.690989514666215,other
Rbck1,-0.025042678774758853,0.046409806115665475,-0.04619825161682822,0.25834072015665627,0.6886643247682933,0.7701987986500909,other
Gigyf2,-0.025079997000025278,0.08734918445877526,0.014512303380607494,0.21358486873394394,0.5042736753035878,0.6149414338330388,other
Vps72,-0.025125524032168056,0.01294294745211122,0.00431708583455459,-0.1894664376894823,0.8937535902043922,0.9249415832080755,other
Acvr1c,-0.025179198895919568,0.009989759605816897,0.010209022838149673,-0.4555151100356058,0.01116262730740973,0.06326729099455225,other
Ap5z1,-0.025180314935448478,0.010945702010750957,0.03803161401341193,0.02486436190150686,0.6401805361005117,0.7312048622142209,other
Dvl2,-0.025186828599717326,0.036652147503999366,0.026008989267666704,0.3836571041402509,0.285318068487978,0.4017133500847849,other
Atp6v1a,-0.025246080297298246,-0.011226615702817355,0.06696936299011291,-0.21035250168674804,0.25628023724432436,0.37159905917660563,other
Irx2,-0.02526913930713906,-0.0022130789819771735,0.03273523844060372,-0.2133362251149289,0.0162163284475037,0.07051960052064482,other
Drd2,-0.025319268394229155,0.01465540368329002,-0.0035462627518710876,-0.5206597382175536,0.04514062557215464,0.11588441421417252,other
Ube2n,-0.025383444154249146,0.018624070338918663,-0.014516317817801716,-0.3401444708126139,0.25628023724432436,0.37159905917660563,other
Tek,-0.02559533930081115,0.03407380910362057,0.03832818331502075,-0.30483707691247414,0.3853315267895524,0.5025763534015615,other
Snf8,-0.025698439984547905,0.0036926873211373668,-0.014827273952076059,0.03779383009029043,0.16081398497923238,0.2665947797787015,other
Anapc15,-0.02572205872912138,0.015400571099646362,0.019262828337269305,-0.04798821846990824,0.013481568265476605,0.06644394176057601,other
Nkx6-1,-0.025757989253969715,0.01445762310594595,0.040063586361638204,-0.02362114380643152,0.05279870698063471,0.12722069169023034,other
Trim7,-0.02580780074161204,-0.06272785599241237,0.01150225599648974,0.14794295331396584,0.34984355386886234,0.4674049157373145,other
Efna2,-0.025822328284948792,0.01726394006493462,0.016372798455115495,-0.3001128481511878,0.0950279527318241,0.1838913455557795,other
Spaca6,-0.02588780790219991,0.058879146153000994,0.02816057562060595,-0.044258564184682214,0.16081398497923238,0.2665947797787015,other
Vamp3,-0.025978076219137503,0.0016300972857032914,0.005023936862098344,-0.03132909599589865,0.7893827550332574,0.8482497226510736,other
Kdm2a,-0.02599083838328431,0.055395623972186225,-0.009171325724936619,0.017653696950069873,0.6401805361005117,0.7312048622142209,other
Esyt3,-0.026039901525285847,-0.0005073630631113879,0.03238787703591084,0.046745000374832896,0.14180099264371332,0.24321683371741143,other
Osgep,-0.026078698113158216,0.011493653544595861,0.06042139104513233,0.3274636462428454,1.0,1.0,other
Foxd2,-0.026134515163405675,0.045670062640095974,0.020887771299108085,0.18349899083312063,0.05279870698063471,0.12722069169023034,other
Mrnip,-0.02613976689447431,0.03254913781621355,0.0006732947306182235,-0.2707729011074097,0.34984355386886234,0.4674049157373145,other
Nrarp,-0.02613979561493318,-0.020860067242488844,-0.020506059346510924,-0.5629291534501153,0.08252326938191985,0.1680443900667358,other
Trim65,-0.026159524112265242,-0.04003037183541802,0.008393913570938993,0.47814167936597696,0.8412192411771064,0.8871323856200991,other
Neurod6,-0.026196183537738907,0.001708310704979843,0.007211561080247557,-0.4557637536546208,0.0016977516303800164,0.05819357855504391,other
Esrrb,-0.02624600307934155,-0.0025010082711548753,0.009224850679319274,-0.3431281942407947,0.027547148107414817,0.08793366864575906,other
Gramd1b,-0.0262573889546045,0.03683500282037877,0.11316157482793243,0.11064641046170555,0.22936158549541563,0.3421975570670124,other
Psmd12,-0.026276863900090097,0.05238035298734034,-0.0059822025298188475,-0.055198883421345234,0.34984355386886234,0.4674049157373145,other
Hdac4,-0.026281574479522618,0.09047956559162218,-0.04767509443343876,-0.4050404553755468,0.3853315267895524,0.5025763534015615,other
Trh,-0.02634299461065623,0.025272620335436757,0.00863111641325795,-0.4306507481340988,0.14180099264371332,0.24321683371741143,other
Ccdc130,-0.026399216557443705,0.033795195241808185,0.010503787796849073,0.04923143656498359,0.3853315267895524,0.5025763534015615,other
Aida,-0.026574558340751286,0.027743911497479457,-0.0695299303951411,-0.29787505558005223,1.0,1.0,other
Rsph10b,-0.026577147334740175,0.029662139969350743,0.020867243092846127,-0.2603298691087768,0.027547148107414817,0.08793366864575906,other
Sqstm1,-0.026638078993074465,0.1608357648830796,0.03228314666221532,0.24217888492067685,0.5478383165397469,0.6526210305159386,other
Sirt5,-0.02664630667497203,0.031779258546372535,0.07036681474431172,-0.13600805960124254,0.14180099264371332,0.24321683371741143,other
Anapc2,-0.026646624346879477,-0.012345254336310063,0.07533220277614627,0.16311021407388504,0.7384623534985825,0.8086939598961506,other
Lin28b,-0.026673116896519355,0.030459072894789024,-0.01257276221529477,-0.41647806185023994,0.16081398497923238,0.2665947797787015,other
Hsf2,-0.026684468618000667,0.018512739972191716,0.013568473600355069,-0.00721066495143699,0.10900678981544218,0.20241850558739374,other
Meox2,-0.02678495354903411,0.03414451487700891,0.010555491764436556,-0.055198883421345234,0.038441132178322214,0.10446894791775259,other
Myo5a,-0.026870929589708048,0.0026650456218726415,0.12912945906300144,-0.06787970799111373,0.7893827550332574,0.8482497226510736,other
Zscan21,-0.026904195719865354,0.047604270101594404,0.00854898188963582,-0.05047465466005893,0.34984355386886234,0.4674049157373145,other
Yars,-0.026915879150142485,0.015348477526533122,-0.0029858605578250152,-0.47863896660400707,0.42293676385905665,0.5393501081112619,other
Uri1,-0.026925422073102223,0.03141815346002419,-0.0067073429962456466,-0.2240279007325768,0.5478383165397469,0.6526210305159386,other
Camk2d,-0.02702744982093863,0.06419309737873258,-0.03435976668769736,-0.34685784852602075,0.6401805361005117,0.7312048622142209,other
Ift88,-0.027070646417939326,0.04929743401710718,0.002124938646403285,-0.3563063060485933,0.20451844490430449,0.3170968350932697,other
Cd163,-0.027099336547047992,0.10676952943346785,-0.019145633014028607,0.026107579996582204,0.6886643247682933,0.7701987986500909,other
Hoxd4,-0.027187513092667648,0.0233728468823049,0.01915107905966862,-0.1307865436019261,0.25628023724432436,0.37159905917660563,other
Vit,-0.027201624749509642,0.01896295012045081,-0.00525832543996263,-0.20935792721068777,0.07138703353443834,0.153066522933657,other
Smurf2,-0.027221074609703688,0.01731577980472021,-0.002144887061733214,-0.04226941523256167,0.6886643247682933,0.7701987986500909,other
Slc16a2,-0.02723544165963976,0.12416817965304205,0.1560129101265808,0.6235981964897921,0.5478383165397469,0.6526210305159386,other
Tle6,-0.02727215705823824,0.03159901291831935,0.04924675821194144,0.36003596033381935,0.1816927632278722,0.29053755022739064,other
Npr1,-0.027299299260163834,0.06750025179390837,0.002405082365318445,-0.003232367047195892,0.12456406214237814,0.2225573663706728,other
Sarm1,-0.02732456958419316,-0.024290525473553315,0.030395436720429436,-0.09150085179754526,0.25628023724432436,0.37159905917660563,other
Sart3,-0.027402217023958952,0.06309836713678596,0.017052152432620482,0.16534800664502067,0.20451844490430449,0.3170968350932697,other
Pomc,-0.02742594891309555,0.003376488110395842,0.018635840579455637,-0.0594258249446014,0.006183281626511232,0.05819357855504391,other
Apba3,-0.02745197087145168,0.05323591884869194,-0.03365545893201749,0.3023506407223234,0.6886643247682933,0.7701987986500909,other
Mtrex,-0.02753814746418981,0.02865721234182461,0.0009449882194272341,-0.49206572203082083,0.0950279527318241,0.1838913455557795,other
Nck1,-0.027572592831010545,-0.009968385388161694,-0.00919608751680856,-0.0293399470437781,0.5931862546017165,0.690989514666215,other
Grem1,-0.027593776985390533,0.12676754261069356,0.06662486065927409,0.1394890702674535,0.5042736753035878,0.6149414338330388,other
Agrn,-0.027593932404663235,0.051824608700909325,0.08093361934301435,0.2260170496846974,0.5931862546017165,0.690989514666215,other
Trmt13,-0.027666581848633687,0.04703224752588908,-0.0053419586201278735,0.0126808245697685,0.285318068487978,0.4017133500847849,other
Anks6,-0.027688493558868654,0.03007041170130048,0.027698593169898728,0.16882901731123162,0.08252326938191985,0.1680443900667358,other
Fv1,-0.02774197459533012,0.005361797252888156,-0.004025821004723706,-0.441839710989777,0.07138703353443834,0.153066522933657,other
Tcp1,-0.02778471750307765,-0.0017240427343998554,-0.0513804378963969,-0.492811652887866,0.7893827550332574,0.8482497226510736,other
Clock,-0.027807751668376124,0.026289390424572012,0.02145528701778221,-0.3471064921450358,0.3853315267895524,0.5025763534015615,other
Irx3,-0.02781704170394811,0.015155588274419984,0.008010867639511421,-0.31900976319633306,0.06151359999604334,0.1395822391369293,other
Snrpd1,-0.027852983019710342,0.023656801713672654,0.013001934431273676,-0.17976933654789462,0.10900678981544218,0.20241850558739374,other
Rsph9,-0.027870321409818988,0.046287279254545066,0.0480213154358049,-0.02784808532968769,0.25628023724432436,0.37159905917660563,other
St6galnac5,-0.027917400856014574,0.02467561522676584,0.009426148289997688,-0.3028479279603536,0.027547148107414817,0.08793366864575906,other
Fbxo32,-0.02804738238482174,0.017061705325454368,0.14619970146771388,0.21781181025720012,0.7893827550332574,0.8482497226510736,other
Ints11,-0.028161114669067233,-0.015075878237636564,-0.03012633325009828,-0.06415005370588771,0.3853315267895524,0.5025763534015615,other
Esrra,-0.028230256676270882,0.02338274491966852,-0.017665561875487734,-0.41772127994531527,0.07138703353443834,0.153066522933657,other
Inka2,-0.028233591980832057,0.01176897613394548,0.0180224661982977,-0.2946426885328563,0.05279870698063471,0.12722069169023034,other
Fbxl7,-0.028254169017496833,0.03640862763811875,0.015275227310386164,-0.04376127694665208,0.0950279527318241,0.1838913455557795,other
Wnt3,-0.028270737485530162,0.011768391906860354,-0.001452901073066698,-0.3806733807120701,0.013481568265476605,0.06644394176057601,other
Hoxc11,-0.02853542622326265,0.06473181752196347,-0.0005663272611727307,-0.3570522369056386,0.6401805361005117,0.7312048622142209,other
Sap18,-0.02856880795283978,0.028014637006276377,0.03939112858554161,-0.15987784702668914,0.07138703353443834,0.153066522933657,other
Stam2,-0.02860892003193527,0.04994659657738465,0.023600237773416688,-0.16833173007320146,0.285318068487978,0.4017133500847849,other
Nr4a1,-0.0286370230559172,0.08973853181828456,-0.022723106660720305,0.008453883046512333,0.5478383165397469,0.6526210305159386,other
Kcnj6,-0.028659581702112663,0.031229016643074148,0.01836426463234636,-0.07210664951436989,0.10900678981544218,0.20241850558739374,other
Hoxd10,-0.028668216898148094,0.0682854402148249,-0.004518892508773862,-0.11437606474693157,0.12456406214237814,0.2225573663706728,other
Gpc4,-0.02870055210370115,0.08436832089786117,-0.017011873308260483,0.1213380860793535,0.6401805361005117,0.7312048622142209,other
Samd8,-0.028816337157205996,0.04804124346007954,0.04415036184761112,0.12705688931670006,0.10900678981544218,0.20241850558739374,other
Jazf1,-0.028926039612061305,0.02549009263280974,0.02420159645019987,-0.2777349224398316,0.07138703353443834,0.153066522933657,other
Elp2,-0.02895708647554407,0.042539106909136204,-0.004422241390160231,-0.16833173007320146,0.20451844490430449,0.3170968350932697,other
Lgr6,-0.028958462839173235,0.029531298946771922,-0.010713623273424705,-0.5054924774576345,0.0162163284475037,0.07051960052064482,other
Rarb,-0.028981160923969296,0.04625280995734804,0.023646671696353816,0.39136505632971796,0.0950279527318241,0.1838913455557795,other
Boc,-0.0289821478209501,0.06484451750292952,-0.00301476318787397,-0.26754053406021383,0.07138703353443834,0.153066522933657,other
Pnpla3,-0.028988154272379052,-0.014742917718253201,-0.007673730714843008,-0.4157321309931947,0.08252326938191985,0.1680443900667358,other
Myl2,-0.02903343300727036,0.018629372074472392,0.0031694632651038668,0.26604867234612345,0.006183281626511232,0.05819357855504391,other
Mttp,-0.029046788241166605,0.03249745718442262,0.02001027049689344,0.00024864361901506864,0.05279870698063471,0.12722069169023034,other
Ltbp1,-0.029235757692726794,0.11389634909313129,0.18079181669901645,0.6380195263926661,0.6401805361005117,0.7312048622142209,other
Odf2,-0.02928322734064004,0.07764941920433266,-0.037905136550889784,-0.33467431119428237,0.6401805361005117,0.7312048622142209,other
Fgf10,-0.029318156452463162,0.015101007751619253,0.01763029833285107,-0.2638108797749878,0.013481568265476605,0.06644394176057601,other
Map3k7,-0.02934794954936426,-0.020790165775076197,-0.0468519770856628,-0.2046336984494015,0.8937535902043922,0.9249415832080755,other
Mmp28,-0.029396534978417155,0.03851514899750402,0.0423804200038016,0.17653696950069872,0.22936158549541563,0.3421975570670124,other
Ikzf2,-0.029427267803715074,-0.040390772199841884,-0.024295459792991192,0.19767167711697956,0.6886643247682933,0.7701987986500909,other
Shld1,-0.02949252728133195,0.033587781521622645,0.03939184900782888,0.31826383233928784,0.0950279527318241,0.1838913455557795,other
Commd1,-0.029501666550417527,0.034032115246983796,0.05371735147767942,0.032075026852943854,0.285318068487978,0.4017133500847849,other
Ntn1,-0.029556053576386798,0.058969641168788556,-0.05238400371865359,-0.34287955062177966,0.42293676385905665,0.5393501081112619,other
Ppargc1b,-0.029738177233962326,0.03270450970435079,-0.013004414308196877,-0.1007006657011028,0.20451844490430449,0.3170968350932697,other
Bmpr1a,-0.029794407600417017,0.037462008725889895,0.050222131771994694,-0.08130646341792744,0.25628023724432436,0.37159905917660563,other
Gli2,-0.029948548131905922,0.06128576889480147,0.030924658210579478,0.03108045237688358,0.1816927632278722,0.29053755022739064,other
Abcd3,-0.030041721600887916,-0.07531733008367114,0.04172645607674341,-0.2344709327312097,0.0950279527318241,0.1838913455557795,other
Rab3b,-0.030046274254704963,0.023256965519910355,0.016390754536486363,-0.3789328753789646,0.3165025922557979,0.43481813172551176,other
Pard6a,-0.030057223109328846,-0.010550758355927281,0.0025179982141085855,-0.31900976319633306,0.12456406214237814,0.2225573663706728,other
Pthlh,-0.030087868746524818,0.026501256486957947,0.0020163732098088943,-0.20388776759235627,0.05279870698063471,0.12722069169023034,other
Ntn4,-0.030115372606874136,0.05269589198744207,0.015660090231924106,-0.2518759860622645,0.285318068487978,0.4017133500847849,other
Nr6a1,-0.03014605266236081,0.042246255858987475,0.006465858257153734,-0.2170658794001549,0.04514062557215464,0.11588441421417252,other
Asap1,-0.030168394725232472,-0.036583608479371144,0.012258654615733278,-0.3088153748167152,0.06151359999604334,0.1395822391369293,other
Xrcc2,-0.030170634080539216,0.019271075322747022,0.009186824120484605,-0.41249976394599885,0.0050366811503910055,0.05819357855504391,other
Cse1l,-0.03022647512458898,0.005891087119886396,0.01608062145876865,-0.19145558664160287,0.5931862546017165,0.690989514666215,other
Prmt7,-0.030281530569851167,0.05843926132735733,0.04187248536601618,-0.27127018834543987,0.1816927632278722,0.29053755022739064,other
Xrcc6,-0.030309491089211438,0.009316142317456366,0.0526106642539107,0.3761977955697988,0.0950279527318241,0.1838913455557795,other
Pcsk1,-0.03035658076597847,0.054075025305460434,-0.026351846034617654,-0.4813740464131729,0.10900678981544218,0.20241850558739374,other
Pcif1,-0.030386747450314777,0.06097857666185025,0.010407538431388086,0.14769430969495073,0.285318068487978,0.4017133500847849,other
Zbtb4,-0.0304688245953183,0.01656082512808732,0.04557529231386104,-0.15639683636047816,0.285318068487978,0.4017133500847849,other
Fdx1,-0.030482428434237874,0.08095661545217647,0.02245321604292705,0.06787970799111373,0.25628023724432436,0.37159905917660563,other
Sytl5,-0.030568102635112504,0.006246022889659586,-0.01240358856585666,-0.28569151824831385,0.06151359999604334,0.1395822391369293,other
Cnot4,-0.03057254182037672,0.011659819464952537,0.01279812771779476,-0.2250224752086371,0.5931862546017165,0.690989514666215,other
Ninl,-0.03058349145892514,0.04726332530659583,0.08267061814522589,0.6427437551539524,0.20451844490430449,0.3170968350932697,other
Amfr,-0.03061957392978032,0.025984091466793924,0.05260443826949057,0.26704324682218367,0.42293676385905665,0.5393501081112619,other
Cdk7,-0.030640350861024457,0.04381981155797077,0.018580472773416457,0.051220585517104136,0.25628023724432436,0.37159905917660563,other
Trim17,-0.03068890198683323,0.012475315133083309,0.020052532470076934,-0.12258130417442885,0.0162163284475037,0.07051960052064482,other
Gjd2,-0.030698203456020756,0.0044995201749875036,-0.0024690454454597555,-0.5895340206847278,0.0033008726972586534,0.05819357855504391,other
Abhd17c,-0.030699886447119185,-0.019231228834492797,0.05703092618701311,0.5062384083146797,0.6886643247682933,0.7701987986500909,other
Ptgfr,-0.030815836192825796,0.021839775280922277,0.026479191895071044,-0.01815098418810001,0.01116262730740973,0.06326729099455225,other
Ocln,-0.03092860238216008,0.029657535561898984,0.013228537764715609,-0.24391939025378234,0.14180099264371332,0.24321683371741143,other
Oprk1,-0.03096695345880078,0.02889757113542596,0.015379072626863693,-0.20065540054516037,0.023180056414889752,0.08120979929419823,other
Asxl3,-0.030999368093094393,0.02716648112388828,0.011159134277774055,-0.24292481577772204,0.0162163284475037,0.07051960052064482,other
Pde4c,-0.031062529053840215,0.01738051770569124,0.009842290482358344,-0.14694837883790557,0.0050366811503910055,0.05819357855504391,other
Tbpl1,-0.031063012669277024,0.006896415731913463,0.007094047098201051,-0.16286157045486996,0.25628023724432436,0.37159905917660563,other
Pln,-0.031082253654558578,0.042950530730197334,0.06161811596843693,0.15863462893161379,0.20451844490430449,0.3170968350932697,other
Nsmce3,-0.031191376792986197,0.014098442833017089,0.0034753117187896476,-0.38862997652055226,0.05279870698063471,0.12722069169023034,other
Gh,-0.03120556501477354,-0.048628220798870456,0.002778945455848973,0.025610292758552068,0.023180056414889752,0.08120979929419823,other
Fam20a,-0.03131756650985795,0.07372262261221896,-0.05493015148350422,-0.365754763571166,0.3165025922557979,0.43481813172551176,other
Sidt1,-0.03133561267480364,0.043049565202744555,0.009232494774168931,0.006713377713406852,0.22936158549541563,0.3421975570670124,other
Arhgef15,-0.03135710339528891,0.07062987918243946,-0.05779961771064174,-0.5221515999316442,0.285318068487978,0.4017133500847849,other
Mtf2,-0.03137012288471963,0.050911343143392296,-0.017293563622779673,-0.15739141083653846,0.6886643247682933,0.7701987986500909,other
Fbxl16,-0.031404127286464856,0.025016893431976772,0.005764684065211828,-0.24839497539605354,0.0950279527318241,0.1838913455557795,other
Dctn2,-0.031471752132927744,0.032200444740941414,-0.002762732023063208,-0.2506327679671892,0.22936158549541563,0.3421975570670124,other
Mdp1,-0.031506549105434045,0.02907990669103766,0.015477097511838123,0.2011526877831905,0.34984355386886234,0.4674049157373145,other
Btbd9,-0.03155011619195369,0.03912858848272949,0.06426760015236077,0.4254292321347824,0.6401805361005117,0.7312048622142209,other
Inpp1,-0.03156862682997896,0.054216959730859604,-0.013901275759647613,-0.19369337921273846,0.16081398497923238,0.2665947797787015,other
Ndufa9,-0.031598141207484165,-0.015133062029850208,-0.0276733055341174,-0.6385168136306962,0.3165025922557979,0.43481813172551176,other
Adgra3,-0.03161285706442818,0.02360142800956938,0.03323180732192593,-0.10094930932011786,0.038441132178322214,0.10446894791775259,other
Cth,-0.03165775986563482,0.025193508700875833,0.007903050697897068,-0.33765803462246324,0.027547148107414817,0.08793366864575906,other
Smpd3,-0.03166139738098109,0.018128246329817133,-0.0009864486321710109,-0.4644662803201482,0.006183281626511232,0.05819357855504391,other
Ppp1cc,-0.031696145427167366,0.015514460322454626,-0.010794320888503961,-0.17131545350138228,1.0,1.0,other
Rapsn,-0.0317889403181488,0.04485000675552889,0.04648041116926355,0.586550297256547,0.12456406214237814,0.2225573663706728,other
Elac2,-0.03180908242406455,0.044300058742266946,-0.04128755051065858,-0.4530286738454551,0.10900678981544218,0.20241850558739374,other
Hnrnpk,-0.03189631665486092,0.03412458121094919,-0.038700240382181006,-0.3326851622421618,0.4626083472826239,0.5766777075974254,other
Foxj3,-0.03190800108319819,0.02183924385260677,0.012963755838442392,-0.36252239652397006,0.12456406214237814,0.2225573663706728,other
Snai2,-0.031915353346624,0.03574677227147481,0.036781359718235776,0.4110079022319084,0.03260630478301721,0.09515146493030366,other
Lin7c,-0.03196827849475936,0.03759999578944573,0.03191138757703926,-0.13476484150616722,0.3853315267895524,0.5025763534015615,other
Hes5,-0.031970556367224595,-8.236632054783866e-05,0.022526482517849035,-0.26182173082286725,0.023180056414889752,0.08120979929419823,other
Chat,-0.03199548496421541,0.014731707576970843,-0.005682424025712618,-0.358792742238744,0.08252326938191985,0.1680443900667358,other
Edc4,-0.03212611096873119,0.06552973922980865,-0.014198785571174488,-0.059923112182631535,0.14180099264371332,0.24321683371741143,other
Ggnbp2,-0.03215122981789653,0.056178601915703785,-0.04676202081150915,-0.1551536182654028,0.3853315267895524,0.5025763534015615,other
Cntf,-0.032321134500724935,0.06608301308932044,0.04290387679559443,0.3528252953823824,0.16081398497923238,0.2665947797787015,other
Usp47,-0.03235868658466945,0.04632089826799901,0.02208628242335453,-0.047739574850893175,0.3853315267895524,0.5025763534015615,other
Klf11,-0.03236703141793973,0.06123893752884735,0.11982556896864205,0.503751972124529,0.285318068487978,0.4017133500847849,other
Slc40a1,-0.032370552102017,-0.09513278294136296,0.07868484020701971,-0.024615718282491796,0.5042736753035878,0.6149414338330388,other
Tmem98,-0.03237371135354006,-0.06564498396679619,-0.002450029673819132,-0.5768531961149591,0.6886643247682933,0.7701987986500909,other
Zc3h11a,-0.03245501457555755,0.07462532846825876,0.0028447301630085686,0.12183537331738363,0.5478383165397469,0.6526210305159386,other
Thbs4,-0.03264225470772965,0.03618630885966065,-0.003597249335052552,0.05768531961149592,0.06151359999604334,0.1395822391369293,other
Ndufaf6,-0.032852160122897156,0.015256779395456554,0.032216672524392975,-0.21209300701985354,0.038441132178322214,0.10446894791775259,other
Lama3,-0.03287228142127668,0.07304421468482825,0.16526576363032003,0.6892401119097703,0.25628023724432436,0.37159905917660563,other
Prmt5,-0.032895241857786695,0.020358967192529498,0.016299194197487266,-0.4542718919405304,0.05279870698063471,0.12722069169023034,other
Mus81,-0.0329444565338225,0.04807036524155728,0.05853696932892749,0.23720601254037546,0.0950279527318241,0.1838913455557795,other
Eipr1,-0.03296456457097463,0.04927641490638468,-0.01340367145932031,-0.48560098793642903,0.14180099264371332,0.24321683371741143,other
Fbxl19,-0.03296876824034367,0.009893203052537602,0.02566112511482177,-0.15316446931328226,0.25628023724432436,0.37159905917660563,other
Tox3,-0.033214399133834255,0.011572900901631183,0.006456334202590092,-0.3714735668085125,0.14180099264371332,0.24321683371741143,other
Sec22b,-0.033306045793498606,0.023890748885988966,0.00912690975529673,0.20314183673531105,0.4626083472826239,0.5766777075974254,other
Nipbl,-0.0333189915028258,-0.004143243115372397,0.0009751507815103366,0.10716539979549458,0.8412192411771064,0.8871323856200991,other
Myh4,-0.033399629290448235,0.03259265542598479,0.02836659993168756,-0.054701596183315104,0.023180056414889752,0.08120979929419823,other
Pgk1,-0.03343427939704524,-0.09144503600537268,-0.030768837611034883,-0.384154391378281,0.7384623534985825,0.8086939598961506,other
Pycrl,-0.033491882699742404,0.03428267330044793,0.07061616903401513,0.25883800739468643,0.08252326938191985,0.1680443900667358,other
Gosr1,-0.03349673399475417,0.033244636421536855,0.029229969229341624,-0.09995473484405758,0.1816927632278722,0.29053755022739064,other
Shcbp1l,-0.03356507462582928,0.0393098291785513,0.058598008906966564,0.3021019971033084,0.07138703353443834,0.153066522933657,other
Kmt2e,-0.03356926709304764,0.042463837655569714,0.014801580109232937,-0.15241853845623707,0.7893827550332574,0.8482497226510736,other
Fbxw11,-0.03358438672168762,-0.00043094966101242527,0.02575378914847437,-0.38390574775926595,0.3165025922557979,0.43481813172551176,other
Vps9d1,-0.03360845712341898,0.04472397988103183,-0.014140446337266743,0.03108045237688358,0.22936158549541563,0.3421975570670124,other
Srrm1,-0.03364347562683645,0.11615479941013751,-0.010733734756438906,-0.2784808532968769,0.6886643247682933,0.7701987986500909,other
Tfam,-0.0336679672616359,0.005970914391941418,0.02244614343934792,-0.23820058701643576,0.07138703353443834,0.153066522933657,other
Cited1,-0.03367187476365574,-0.003118585471192953,0.009280001971700563,-0.3749545774747235,0.023180056414889752,0.08120979929419823,other
Greb1,-0.03367879426937337,0.07478043910909157,0.059609250269754874,0.775270804088984,0.0950279527318241,0.1838913455557795,other
Colq,-0.03370064341686024,-0.047456532068544055,0.018835048589229367,-0.044009920565667146,0.06151359999604334,0.1395822391369293,other
Gabrr2,-0.03370274586729901,0.04483166988929643,0.015751153939407944,-0.29041574700960016,0.0194271256064567,0.07507406645343609,other
Comt,-0.03372969121414915,0.07225088842099225,0.14217978547540522,0.7203205642866538,0.8937535902043922,0.9249415832080755,other
Wnt5b,-0.03375025541244553,0.0762513717627318,0.061757685937202794,0.7001804311464332,0.16081398497923238,0.2665947797787015,other
Eya1,-0.03375749998235378,0.08877294522468518,0.05422178528435442,0.26654595958415356,0.10900678981544218,0.20241850558739374,other
Rsbn1,-0.03377261395269304,0.014278769091521593,-0.001060124384719141,-0.2737566245355906,0.4626083472826239,0.5766777075974254,other
Zbtb46,-0.033790896994138286,0.033409573337870535,0.016137388101405137,0.3162746833871673,0.3853315267895524,0.5025763534015615,other
Sypl2,-0.0338417742377883,0.03230462464372932,0.022946343229903243,-0.23173585292204396,0.006183281626511232,0.05819357855504391,other
Trpm7,-0.03385672813205365,0.08586864777227832,-0.004775631928404689,0.06017175580164661,0.5931862546017165,0.690989514666215,other
Itpr3,-0.03387837728274051,0.055336594308329934,1.435055241544303e-05,0.30782080034065495,0.20451844490430449,0.3170968350932697,other
Ecpas,-0.03391234791837561,0.06024495245613237,-0.012868084089972864,-0.16211563959782477,0.4626083472826239,0.5766777075974254,other
Fzd6,-0.033967340789835376,0.015509264012978197,0.049288576217224545,0.16286157045486996,0.22936158549541563,0.3421975570670124,other
Ruvbl1,-0.03411810582688979,-0.01627607081486282,-0.03953732843458413,-0.6071877176347975,0.16081398497923238,0.2665947797787015,other
Myt1,-0.03416129360951703,-0.03950266004552172,0.02828765333778005,-0.23894651787348095,0.34984355386886234,0.4674049157373145,other
Sp7,-0.034165142758549386,-0.01404553938554673,0.016759372048250995,-0.4443261471799277,0.12456406214237814,0.2225573663706728,other
Isl2,-0.034211352790749716,-0.05480803791252005,-0.02507124675368922,-0.5962473983981346,0.0162163284475037,0.07051960052064482,other
Keap1,-0.03422526814922533,0.04027826492646491,-0.021460769992576956,0.13004061274488088,0.16081398497923238,0.2665947797787015,other
Myo18a,-0.03467837712772193,0.04541295341139873,0.03575336155992059,0.07882002722777677,0.1816927632278722,0.29053755022739064,other
Rtn2,-0.03471580259964835,-0.024277438508322424,-0.015673647658065004,-0.5129517860280867,0.06151359999604334,0.1395822391369293,other
Col5a1,-0.034725183100111856,0.04423729929866371,0.12498090546562657,0.6912292608618907,0.20451844490430449,0.3170968350932697,other
Ctbp2,-0.034731032309459064,0.09719929850403519,0.007353601237879315,0.044258564184682214,0.6401805361005117,0.7312048622142209,other
Nfu1,-0.034743581498344556,0.024947030504269496,0.004593468066874884,-0.19294744835569325,0.16081398497923238,0.2665947797787015,other
Spast,-0.034772150701229076,-0.04408278432796231,0.03598147288496523,0.2322331401600741,0.25628023724432436,0.37159905917660563,other
Lyplal1,-0.034875336393288825,-0.002432160225288471,0.06349951268532433,0.39136505632971796,0.25628023724432436,0.37159905917660563,other
Rxrg,-0.03493161981001461,0.04668498213267963,0.06811318576565234,0.3023506407223234,0.08252326938191985,0.1680443900667358,other
Htr4,-0.035015168508755884,0.01872625976011233,0.011602088500791294,-0.4236887268016769,0.00920502620895087,0.06294214301857694,other
Bmpr2,-0.03502285719678255,0.06691081431251922,-0.025676806759932003,-0.5569617065937538,0.16081398497923238,0.2665947797787015,other
Nmb,-0.035025463073391716,0.01107167618452548,-0.0055926327164596,-0.21582266130507957,0.0950279527318241,0.1838913455557795,other
Chrm3,-0.035027106655827256,0.0333506959221187,0.013736128724168434,-0.33591752928935775,0.03260630478301721,0.09515146493030366,other
Kitl,-0.03504664829561943,0.008449691942139181,0.04054349582467953,-0.08553340494118361,0.3853315267895524,0.5025763534015615,other
Snx6,-0.035050757106671826,0.009950680060132333,-0.013022586595592411,0.20214726225925078,0.7893827550332574,0.8482497226510736,other
Cldn1,-0.03512270118213384,0.004596108519505093,0.029779377892134667,0.3471064921450358,0.3165025922557979,0.43481813172551176,other
Sstr4,-0.03514450993462431,0.041800163775506216,-0.0010107872384778616,-0.2488922626340837,0.027547148107414817,0.08793366864575906,other
Slc9a3,-0.03520515828720563,0.03482664522550609,-0.0029626312400186858,-0.033318244948019195,0.0194271256064567,0.07507406645343609,other
Emc10,-0.035234869255887924,0.0061805521360427385,0.08131140535397297,-0.05917718132558634,0.34984355386886234,0.4674049157373145,other
Parva,-0.03525720834670221,0.0609433509061299,-0.00541180347829906,-0.40379723728047145,0.14180099264371332,0.24321683371741143,other
Efna1,-0.03533727914478468,0.05252631406449948,0.04338982573495803,-0.1941906664507686,0.42293676385905665,0.5393501081112619,other
Dctn3,-0.035417900733625496,0.0006229797124348568,-0.005263546637213401,-0.4982818125061975,0.5478383165397469,0.6526210305159386,other
Rhot2,-0.0354967323463411,0.046013344532223166,0.01620186286060976,-0.2794754277729371,0.08252326938191985,0.1680443900667358,other
Abcc9,-0.03554157102634814,0.01781195427257709,-0.003574161371211859,-0.5495023980233017,0.03260630478301721,0.09515146493030366,other
Arid5b,-0.035546203198713267,0.09774481731794649,-0.09915521699258001,0.1964284590219042,0.7893827550332574,0.8482497226510736,other
Cgn,-0.03562307731957473,0.02614749680696099,0.020743053337202083,-0.25908665101370154,0.07138703353443834,0.153066522933657,other
Far2,-0.03565411190328838,0.026985252780700075,0.005110777013111023,-0.4224455087066016,0.08252326938191985,0.1680443900667358,other
Zswim9,-0.035769705744161606,0.01933041678254388,0.05118272708585592,0.1188516498892028,0.06151359999604334,0.1395822391369293,other
Gcnt4,-0.03580612182149813,0.05383730875734685,0.020174009599686404,-0.2794754277729371,0.027547148107414817,0.08793366864575906,other
Zfp219,-0.03582511483674328,-0.0055945948201913676,0.05566434923298763,0.39608928509100433,0.05279870698063471,0.12722069169023034,other
Ephb2,-0.035850121380979316,0.046819772001142124,0.06010573114044765,-0.2638108797749878,0.07138703353443834,0.153066522933657,other
Pax6,-0.03588790610933415,0.02639628386822085,0.04154128533001483,-0.060420399420661686,0.25628023724432436,0.37159905917660563,other
Afg3l2,-0.03595699377228634,0.06111926057863881,0.01642020993991533,-0.0029837234281808235,0.42293676385905665,0.5393501081112619,other
Kcnk10,-0.036076882544326005,0.02847908151513523,-0.0006169226591311583,-0.5313514138352017,0.013481568265476605,0.06644394176057601,other
Hsd17b4,-0.03611235661713241,0.005176893199338339,0.06596211736526114,0.0554475270403603,0.5478383165397469,0.6526210305159386,other
Pgam5,-0.03620017281182175,0.020399603290481183,-0.0048137623452251255,-0.14694837883790557,0.10900678981544218,0.20241850558739374,other
Chtop,-0.03622241941408655,0.02982450795191216,0.031253323877509454,0.06390141008687264,0.5478383165397469,0.6526210305159386,other
Chuk,-0.036232967674604266,0.04017992078884425,-0.006306851872206698,0.012183537331738364,0.42293676385905665,0.5393501081112619,other
Kat8,-0.03625716136075208,0.038562384138467465,-0.004322217147190388,-0.329701438813981,0.10900678981544218,0.20241850558739374,other
Apip,-0.03628602533176051,0.03839222262433151,0.014854416591905895,0.06315547922982744,0.0162163284475037,0.07051960052064482,other
Drc7,-0.03632197782794472,0.052725482341141744,0.0630152951387254,0.20786606549659736,0.038441132178322214,0.10446894791775259,other
Mplkip,-0.036330080301086365,-0.022498545490200528,-0.006277899528156161,-0.11785707541314253,0.5931862546017165,0.690989514666215,other
Tmem109,-0.036369913159819856,0.11649072004878991,0.14465104577100996,0.242676172158707,0.3853315267895524,0.5025763534015615,other
Bmp5,-0.036429283812446825,0.0573604049073175,0.03734157114957207,0.21880638473326042,0.05279870698063471,0.12722069169023034,other
Abi3bp,-0.03647513934259028,0.09630070069154095,0.039929071988713066,0.20712013463955217,0.3165025922557979,0.43481813172551176,other
Esam,-0.03653040705064403,0.10668918780463499,-0.02855229525423375,-0.08379289960807813,0.34984355386886234,0.4674049157373145,other
Hk1,-0.0366545894553838,0.04830516821594033,-0.026981611171508213,-0.08379289960807813,0.25628023724432436,0.37159905917660563,other
Fmr1,-0.03669014604761456,0.011567892211778119,-0.00404225632594768,-0.5455241001190605,0.1816927632278722,0.29053755022739064,other
Cct8,-0.0367196286723126,-0.01516844130437045,-0.07195370129541745,-0.721066495143699,0.08252326938191985,0.1680443900667358,other
Fgf9,-0.03672079009546422,-0.003334243183556518,-0.005516146836760771,-0.503503328505514,0.006183281626511232,0.05819357855504391,other
Lrp2,-0.036738122282029065,0.009535713456127026,0.03253013370148326,-0.01815098418810001,0.01116262730740973,0.06326729099455225,other
Epor,-0.03676393409614963,0.03721531703631725,0.020966441148550508,-0.27052425748839465,0.007559810778662305,0.06063301066345349,other
Acox1,-0.036767525728439665,0.054514085713040394,0.09929296392442177,0.23820058701643576,0.22936158549541563,0.3421975570670124,other
Hdac9,-0.03679999042791482,0.024512756260529733,0.04367424349665369,-0.25212462968127963,0.20451844490430449,0.3170968350932697,other
Gjc1,-0.03691284052412752,0.07480612735616171,0.020189507575820886,0.2314872093030289,0.10900678981544218,0.20241850558739374,other
Esr1,-0.03694136262125247,0.03540372619215548,0.015297230297195041,0.12830010741177542,0.023180056414889752,0.08120979929419823,other
Grm2,-0.036949409385376886,0.03158797185644849,0.020663943696547032,-0.23894651787348095,0.00920502620895087,0.06294214301857694,other
Chchd3,-0.037032814329798436,0.06254663807020466,-0.006199001850400121,0.06017175580164661,0.10900678981544218,0.20241850558739374,other
Rab10,-0.03725097825034207,-0.04293693704983559,-0.0055240706080388335,-0.5057411210766496,0.4626083472826239,0.5766777075974254,other
Tiam1,-0.037267964306969104,-0.005137371359750009,-0.07668232858090185,-0.4672013601293139,0.25628023724432436,0.37159905917660563,other
Mkln1,-0.03729336249080717,0.040687586408589826,-0.02055190011796859,-0.36351697100003033,0.34984355386886234,0.4674049157373145,other
Ttll6,-0.03734202837208593,0.034640791047933356,0.01639912212517254,-0.2327304273981042,0.0050366811503910055,0.05819357855504391,other
Trrap,-0.037353545972796276,0.03529339869240444,0.06923104165082483,0.43288854070523447,0.16081398497923238,0.2665947797787015,other
Kmt2a,-0.0373713512979621,0.047692428139789245,-0.010706012838378687,-0.15589954912244802,0.25628023724432436,0.37159905917660563,other
Inpp5e,-0.03744205583892962,0.04039168161039508,0.03505809926877568,0.31826383233928784,0.12456406214237814,0.2225573663706728,other
Pms1,-0.03748481173032103,0.0033967546738905563,0.011249592687942678,-0.4403478492756866,0.08252326938191985,0.1680443900667358,other
Bag2,-0.03748829212868349,-0.002086358864327509,0.01221585936836575,-0.4032999500424413,0.006183281626511232,0.05819357855504391,other
Fancc,-0.03750706057691472,0.03225952102489005,0.049959053395111586,0.08528476132216854,0.08252326938191985,0.1680443900667358,other
Wrap53,-0.037513081964897776,0.0020667322214737993,-0.011052205628814815,-0.6643757500082633,0.04514062557215464,0.11588441421417252,other
Megf11,-0.03757868889416238,0.02211800637248107,0.046811225607532286,-0.2511300552052193,0.08252326938191985,0.1680443900667358,other
Afap1l2,-0.03762303227489738,0.06634315352816889,0.07099403848555541,0.49355758374491115,0.12456406214237814,0.2225573663706728,other
Sulf2,-0.03766831673513127,0.12637359000791926,0.12459387827403234,0.38266252966419056,0.42293676385905665,0.5393501081112619,other
Smap2,-0.03773284422116174,-0.002587635671428723,-0.013472412000597345,-0.13501348512518227,0.08252326938191985,0.1680443900667358,other
Paxip1,-0.037757926825371824,0.024374242301200444,-0.03732368698554889,-0.33517159843231253,0.4626083472826239,0.5766777075974254,other
Hikeshi,-0.03778609390521688,0.015327227461937251,0.02523685699939797,-0.19617981540288915,0.023180056414889752,0.08120979929419823,other
Ppp6c,-0.03780959652052074,0.033036030097517655,0.015501432586094932,-0.18275305997607547,0.285318068487978,0.4017133500847849,other
F2rl2,-0.037866545619199,0.0886085871752742,-0.028632298794927125,-0.4067809607086523,0.3165025922557979,0.43481813172551176,other
Cygb,-0.03787334547908039,0.06578274945118057,0.03996744748457248,-0.18349899083312063,0.07138703353443834,0.153066522933657,other
Nefm,-0.03789966474754447,-0.12348089339666224,-0.24817110667772724,-0.6109173719200237,0.34984355386886234,0.4674049157373145,other
Zfhx3,-0.03791716354962027,0.012734661683509563,0.030920769249492608,0.5311027702161866,0.8937535902043922,0.9249415832080755,other
Mlst8,-0.037927093078189755,0.05045030401950812,0.0285421982332964,-0.21930367197129053,0.06151359999604334,0.1395822391369293,other
Diablo,-0.03801123206089552,0.004885898090518204,-0.0005579467852231401,-0.35083614643026184,0.14180099264371332,0.24321683371741143,other
Xrcc5,-0.03801595495096072,0.04341197490495147,0.04852928322439237,-0.10418167636731375,0.14180099264371332,0.24321683371741143,other
Cptp,-0.038027077677588283,0.009398825253287946,-0.023677837975234928,-0.5246380361217947,0.0950279527318241,0.1838913455557795,other
Nme5,-0.03808040451528277,0.036247215148410394,0.04488663146940916,-0.05296109085020961,0.06151359999604334,0.1395822391369293,other
Slit3,-0.038092331228480936,0.03494817574706294,0.017326599671183635,-0.32696635900481524,0.0162163284475037,0.07051960052064482,other
Praf2,-0.03810240348249572,0.029132471113318514,0.03968581062094545,-0.1544076874083576,0.5042736753035878,0.6149414338330388,other
Spry4,-0.0381154170025122,0.04737143512570169,-0.012672593464056858,-0.47565524317582625,0.03260630478301721,0.09515146493030366,other
Dnah5,-0.0381266493726693,0.011493798541534872,0.022607176206509733,-0.27276205005953025,0.0033008726972586534,0.05819357855504391,other
Thap12,-0.038139303599533436,-0.031263999676895526,-0.023093124250315622,-0.37072763595146735,0.4626083472826239,0.5766777075974254,other
Decr1,-0.03824168446448151,0.045646673618889966,0.11468610602674101,0.35481444433450293,0.7893827550332574,0.8482497226510736,other
Slc25a17,-0.03828637672767865,0.02761015621546814,0.006336616273334483,-0.2252711188276522,0.0950279527318241,0.1838913455557795,other
Gabrq,-0.038378471210825355,0.05687211692682581,0.02570716187558736,-0.36550611995215093,0.14180099264371332,0.24321683371741143,other
Klhl21,-0.03845578006151684,0.01612649689315071,0.06478886085617863,0.4657094984152235,0.027547148107414817,0.08793366864575906,other
Emc1,-0.038470385234725235,0.05895110233203882,0.12262417337402232,0.33069601329004134,0.22936158549541563,0.3421975570670124,other
Camk4,-0.03851240431406627,-0.010588311651045068,-0.03912309753594251,-0.6405059625828169,0.08252326938191985,0.1680443900667358,other
Abcb8,-0.038705773260679144,-0.007055959325695138,0.020535039809464473,-0.4672013601293139,0.16081398497923238,0.2665947797787015,other
Ncan,-0.03872827511410604,-0.11649409052440274,-0.060155622728219615,-0.5766045524959442,0.5931862546017165,0.690989514666215,other
Pgpep1,-0.03872879517960842,0.08009011435475316,0.06988367063342682,0.33243651862314677,0.12456406214237814,0.2225573663706728,other
Bdnf,-0.03874509008370536,0.07182108594695441,-0.015245447362987885,-0.4005648702332756,0.1816927632278722,0.29053755022739064,other
Epb41l4a,-0.038812148483552744,0.015695603781508943,0.029477246337981544,-0.1924501611176631,0.0194271256064567,0.07507406645343609,other
Ubap1,-0.03887155455889779,0.04110352888603119,-0.015338063904101862,-0.20935792721068777,0.285318068487978,0.4017133500847849,other
Polr3e,-0.03889704998839988,0.022446093436461534,-0.003822401070755932,0.15042938950411652,0.3165025922557979,0.43481813172551176,other
Dach1,-0.03896111985915851,0.032137954886913345,0.0069285505264398695,-0.47913625384203723,0.038441132178322214,0.10446894791775259,other
Smarcd1,-0.03898556558484123,0.015115820481511832,0.01595332069764077,-0.32721500262383035,0.3165025922557979,0.43481813172551176,other
Pianp,-0.0389907288955178,0.12992468607225482,0.18555891309501193,0.4570069717496961,0.3853315267895524,0.5025763534015615,other
Amer1,-0.039013237885891505,-0.002287468384232161,0.014490277057599477,-0.3784355881409344,0.04514062557215464,0.11588441421417252,other
Lrp8,-0.03903859021207834,0.05563827348884298,-0.05394264951392114,-0.4045431681375166,0.1816927632278722,0.29053755022739064,other
Mtif2,-0.03914714821042453,0.014310605343882066,0.012163909651746851,-0.1322784053160165,0.16081398497923238,0.2665947797787015,other
Als2,-0.03919025685498756,0.024642112100631386,0.030879394685962902,0.1785261184528193,0.07138703353443834,0.153066522933657,other
Vwc2l,-0.03922321843662106,0.01996966341965334,0.009831324039954126,-0.36202510928593995,0.0194271256064567,0.07507406645343609,other
Fzd1,-0.039250741110524734,0.16629681827078646,0.14224226697872422,0.19692574625993436,0.5478383165397469,0.6526210305159386,other
Oprd1,-0.039326339157765705,-0.023366781366399803,-0.010678590302830027,-0.5726262545917031,0.0162163284475037,0.07051960052064482,other
Togaram1,-0.03936912085905864,0.046865871849098184,0.0007179439454919612,-0.2359627944453001,0.3165025922557979,0.43481813172551176,other
Ireb2,-0.03941216952781623,0.03147243338831485,-0.006103893825653017,-0.1379972085533631,0.34984355386886234,0.4674049157373145,other
Nelfb,-0.03953089977531321,0.06165918970024342,0.010303881375371082,0.28668609272437406,0.285318068487978,0.4017133500847849,other
Hspa9,-0.03968917951813933,0.09189923210846396,-0.01634348260096652,-0.3505875028112468,0.20451844490430449,0.3170968350932697,other
Ap1b1,-0.039756602793783236,0.02044619331389108,0.014661433997088968,-0.4689418654624194,0.3165025922557979,0.43481813172551176,other
Mark3,-0.03979393152871835,0.010098294545523467,-0.05335858687286543,-0.32945279519496595,0.6401805361005117,0.7312048622142209,other
Anapc16,-0.03987506302816568,0.06434944302185852,-0.0027268040624974788,-0.0009945744760602746,0.1816927632278722,0.29053755022739064,other
Ing3,-0.03989704572491004,0.025857702939575455,-0.0077958749673733285,-0.24217888492067685,0.0950279527318241,0.1838913455557795,other
Egfr,-0.03991054560427909,0.1347155384836053,0.0017858540927662148,-0.04699364399384797,0.22936158549541563,0.3421975570670124,other
Prkg2,-0.03993261543137705,0.00012506879557491746,0.004749148491399957,-0.47515795593779614,0.01116262730740973,0.06326729099455225,other
Bloc1s5,-0.04009466647013646,0.02156199552263202,0.03316873372169091,-0.01641047885499453,0.013481568265476605,0.06644394176057601,other
Akap5,-0.040111009107379,0.010882705253478564,0.018741670066568822,-0.2332277146361344,0.027547148107414817,0.08793366864575906,other
Maob,-0.04013060499756815,0.03270731652885861,0.03401735318689686,-0.23198449654105904,0.5931862546017165,0.690989514666215,other
Senp3,-0.04013104948555052,0.0517201136175624,0.02510929686942176,0.07011750056224936,0.22936158549541563,0.3421975570670124,other
Cpsf6,-0.040166164498566026,0.06402520618598473,0.035040029683901075,0.1173597881751124,0.25628023724432436,0.37159905917660563,other
Ccar2,-0.04021212817974207,0.05924656021888164,0.021608663859584487,-0.32348534833860426,0.14180099264371332,0.24321683371741143,other
Pth1r,-0.04022564260637135,0.027962347638517404,0.08222986749765943,0.24367074663476726,0.4626083472826239,0.5766777075974254,other
Shank3,-0.040292382649951275,0.050684789132916075,-0.024170805402432993,-0.5059897646956647,0.12456406214237814,0.2225573663706728,other
Rock2,-0.040345102097822716,0.025631785736378587,-0.009945249773126053,-0.3274636462428454,0.3165025922557979,0.43481813172551176,other
Dydc2,-0.04036908299917122,0.031160184792073886,0.03466653632849706,-0.12307859141245897,0.027547148107414817,0.08793366864575906,other
Cdh8,-0.04037485183352785,0.04171827697914071,0.01174730817936348,-0.2968804811039919,0.06151359999604334,0.1395822391369293,other
Rad51d,-0.04040634185428882,-0.0018282334042496462,0.023097748311176614,0.09224678265459046,0.023180056414889752,0.08120979929419823,other
Cdc23,-0.04041606674603648,0.020676372494064843,0.04098248582726316,0.23198449654105904,0.0950279527318241,0.1838913455557795,other
Rspo3,-0.0404309377894507,0.09023005827236677,-0.003936924901233485,-0.25958393825173165,0.1816927632278722,0.29053755022739064,other
Stx1a,-0.040440254652288954,0.07311892233174211,0.020471481383974144,-0.11760843179412747,0.0950279527318241,0.1838913455557795,other
Chrd,-0.040488090602833926,0.05378239411421354,0.03216309226630201,0.18026662378592476,0.06151359999604334,0.1395822391369293,other
Erbb2,-0.04050152444737054,0.10606510955611859,0.03222820216774458,0.21084978892477818,0.3853315267895524,0.5025763534015615,other
Selenoi,-0.04056432128872467,0.007514676715300039,0.01876791636243469,-0.5020114667914236,0.023180056414889752,0.08120979929419823,other
Pcdha7,-0.04058364952662913,0.023519294691850212,0.014186456287883481,-0.39957029575721525,0.013481568265476605,0.06644394176057601,other
Cldn12,-0.04061483638217833,0.06522431072116952,-0.010681743643284891,-0.26356223615597274,0.12456406214237814,0.2225573663706728,other
Stub1,-0.04065766895590017,0.025236638711564785,0.10220241993832113,-0.137748564934348,0.3165025922557979,0.43481813172551176,other
Cep290,-0.04067528586131425,0.024375631881548288,0.01866961277879592,-0.4542718919405304,0.01116262730740973,0.06326729099455225,other
Rspo2,-0.04071972501023005,0.051251661734004,-0.00427387466245438,-0.4547691791785605,0.03260630478301721,0.09515146493030366,other
Cct5,-0.04072799916017811,-0.0355370598287017,-0.02521951673798961,-0.6273278507750181,0.08252326938191985,0.1680443900667358,other
Fzd8,-0.04082617546271586,0.03938241420618063,0.05052405807684851,0.28047000224899743,0.013481568265476605,0.06644394176057601,other
Kcnk5,-0.04082785144490658,0.023080259675849868,-0.04760102361953972,-0.5656642332592812,0.07138703353443834,0.153066522933657,other
Tcf7l1,-0.04102061894900216,0.03740786021434067,0.030495620290237835,0.27798356605884667,0.03260630478301721,0.09515146493030366,other
Ldlrad4,-0.04108726747008695,-0.024194562832326905,0.057562299284945495,0.3505875028112468,0.6886643247682933,0.7701987986500909,other
Nbn,-0.04110186558276008,0.05230257415911166,0.027552070995652822,-0.15341311293229734,0.20451844490430449,0.3170968350932697,other
Srrm4,-0.0412530891440816,0.05261991596720744,0.005041094507897914,-0.4420883546087921,0.08252326938191985,0.1680443900667358,other
Patz1,-0.041265034760814445,0.03334057818279412,0.03164078603372722,0.16509936302600556,0.10900678981544218,0.20241850558739374,other
Paxbp1,-0.04136716434878207,0.02123717998885244,0.005591199072896957,0.11934893712723295,0.4626083472826239,0.5766777075974254,other
Prox1,-0.04144339804030761,0.04347921789285225,-0.03633172756405012,-0.4266724502298578,0.6401805361005117,0.7312048622142209,other
Fam192a,-0.041459318134056566,0.0348384015518573,0.01869745815083218,0.242676172158707,0.07138703353443834,0.153066522933657,other
Sdk1,-0.04153395551080655,0.05485676451528804,0.028359729851955062,0.1837476344521357,0.05279870698063471,0.12722069169023034,other
Frs2,-0.04158705293537168,0.004787605747250456,0.011977842551567974,-0.27524848624968096,0.16081398497923238,0.2665947797787015,other
Vwa8,-0.04161152442246807,0.0183742230955648,0.09846751109216745,0.30707486948360974,0.22936158549541563,0.3421975570670124,other
Ufd1,-0.04161993544727127,0.09094555735453125,-0.06504618150857389,-0.33566888567034264,0.16081398497923238,0.2665947797787015,other
Polr2b,-0.041717055453689866,0.005638654883924787,-0.0009531093493018172,-0.3401444708126139,0.07138703353443834,0.153066522933657,other
Nthl1,-0.041737735324604563,0.043995519818955275,0.05976328018008037,0.42518058851576734,0.013481568265476605,0.06644394176057601,other
Atad3a,-0.04173777682378621,0.08314956223400377,0.06713103783159435,0.18648271426130147,0.1816927632278722,0.29053755022739064,other
Spred1,-0.04182562743078333,0.013153016711980214,0.00944730844636843,-0.4592447643208318,0.027547148107414817,0.08793366864575906,other
Ppp1r7,-0.04189306663958914,-0.01597147156757761,-0.04755637053956785,-0.6603974521040222,0.34984355386886234,0.4674049157373145,other
Ecel1,-0.04190630070623985,0.08829531628620835,0.05859321804393158,0.13327297979207678,0.22936158549541563,0.3421975570670124,other
Plcg1,-0.041939163950660996,0.030731679393359634,0.0070115250554037,0.25013548072915903,0.07138703353443834,0.153066522933657,other
Sstr1,-0.04201052774197628,0.020393498777427466,0.0001896017885765766,-0.4532773174644701,0.06151359999604334,0.1395822391369293,other
Taf11,-0.04203326339709029,0.02954124397545138,0.01078778993609203,-0.2153253740670494,0.038441132178322214,0.10446894791775259,other
Ube2m,-0.04215269327508264,-0.012492517021928773,-0.004985065800348298,-0.36301968376200017,0.25628023724432436,0.37159905917660563,other
Fstl4,-0.04218834046964065,0.011441444013624624,-0.01718537273556675,-0.5049951902196044,0.1816927632278722,0.29053755022739064,other
March2,-0.042195190495946555,0.03778360734935404,-0.041122223475163366,-0.4612339132729523,0.16081398497923238,0.2665947797787015,other
Eif2b1,-0.04220596263319687,0.06347099086275365,-0.013171497086216122,-0.27972407139195216,0.25628023724432436,0.37159905917660563,other
Gorasp1,-0.04228020705562591,0.04590646595818526,0.06220293839852453,-0.08901441560739456,0.04514062557215464,0.11588441421417252,other
Gdpd1,-0.04258944751677368,0.03518121119416262,0.046339295264806124,-0.09373864436868087,0.1816927632278722,0.29053755022739064,other
Gnaz,-0.04267731867814076,0.018059348048448026,0.01796287294798557,-0.36898713061836186,0.05279870698063471,0.12722069169023034,other
Irs2,-0.04271294408933923,0.04781566534388726,0.032745297566489695,-0.30533436415050424,0.0950279527318241,0.1838913455557795,other
Myo10,-0.042717208967369635,0.057733429061715635,0.10893472704224172,0.40081351385229064,0.14180099264371332,0.24321683371741143,other
Washc2,-0.042718059151996224,0.08359890520203006,-0.0030661039779822374,-0.28867524167649466,0.22936158549541563,0.3421975570670124,other
Selenos,-0.04274553723114982,0.07120934279745494,-0.017866707860889286,0.19120694302258776,0.5042736753035878,0.6149414338330388,other
Phtf1,-0.04275297063141681,0.01904036509213125,0.022225989422221204,-0.28146457672505765,0.1816927632278722,0.29053755022739064,other
Dvl3,-0.042893501766205544,0.009491315799674993,0.022067700938237955,0.3453659868119303,0.0950279527318241,0.1838913455557795,other
Ftsj1,-0.04294344193932109,0.0457319232045727,0.038257700995952215,-0.2725134064405152,0.08252326938191985,0.1680443900667358,other
Ryr3,-0.043176661481994894,0.04994586082178365,0.0038620203670337583,-0.24118431044461655,0.07138703353443834,0.153066522933657,other
Fopnl,-0.04319162483424799,0.034965384793597065,0.011290639899124488,-0.14794295331396584,0.285318068487978,0.4017133500847849,other
Zscan2,-0.04325514530318153,0.05479402458933863,0.018344479092755883,-0.10791133065253979,0.038441132178322214,0.10446894791775259,other
Bcl2l2,-0.043480989633111866,0.03502038738118263,0.005589694723141192,-0.3605332475718495,0.08252326938191985,0.1680443900667358,other
Men1,-0.043644716366320724,-0.011136650347128185,0.043743795025136034,-0.32721500262383035,0.14180099264371332,0.24321683371741143,other
Atp5f1,-0.043655762045675894,-0.06032944960127229,-0.045931998933788964,-0.6608947393420525,0.25628023724432436,0.37159905917660563,other
Oprl1,-0.043706403200671984,0.026723020335789993,0.009122412562494409,-0.34810106662109613,0.03260630478301721,0.09515146493030366,other
Csnk1e,-0.04377308279693626,0.08159789157953701,0.031504327018621714,0.20736877825856723,0.20451844490430449,0.3170968350932697,other
Tead1,-0.043790075372568515,0.13874463134773007,0.0343936162136137,-0.02511300552052193,0.3853315267895524,0.5025763534015615,other
Snu13,-0.043837360185352,0.015145409807922283,0.03249799352556537,-0.30806944395967,0.007559810778662305,0.06063301066345349,other
Th,-0.043838255244260084,0.04392556154673587,-0.003875353111279921,-0.27226476282150014,0.01116262730740973,0.06326729099455225,other
Hdgfl2,-0.04387930096305537,0.04644756128449812,-0.011648705483066069,-0.30608029500754946,0.00920502620895087,0.06294214301857694,other
Meaf6,-0.043963312701912505,0.007643944526806501,0.01606527809233399,-0.2854428746292988,0.01116262730740973,0.06326729099455225,other
Hdac3,-0.04404118918331945,0.06326923942235485,0.02419309323080121,-0.1720613843584275,0.42293676385905665,0.5393501081112619,other
Adcy3,-0.04406428560577458,0.00366306430730845,0.0746334038399592,-0.11512199560397678,0.14180099264371332,0.24321683371741143,other
Hdac6,-0.044069680795337574,0.056613136776724415,0.046905521458913135,-0.28146457672505765,0.07138703353443834,0.153066522933657,other
Tgfb2,-0.04416118083220244,0.0889621816481968,0.1330310263953305,0.20960657082970283,0.5478383165397469,0.6526210305159386,other
Ash2l,-0.044183726390781164,0.027628758000412645,0.04542225507387898,0.011686250093708224,0.3853315267895524,0.5025763534015615,other
Nae1,-0.04419361083587192,0.0030538430275476314,0.0035241882307213146,-0.4744120250807509,0.027547148107414817,0.08793366864575906,other
Emc2,-0.04421098034193216,-0.01206310295925328,-0.019804569999624655,-0.5410485149767893,0.14180099264371332,0.24321683371741143,other
Ndc1,-0.04423785533700181,0.06297454953569165,0.032666344841963735,-0.13874313941040828,0.06151359999604334,0.1395822391369293,other
Supt6,-0.044240148034349724,0.051015734530284185,-0.032104726012925466,-0.4189644980403906,0.25628023724432436,0.37159905917660563,other
Fam136a,-0.04430128147167167,0.00925544128469491,0.05261513114891825,-0.17628832588168367,0.22936158549541563,0.3421975570670124,other
Tubg1,-0.0443865279457053,0.06510611391774235,0.02499855322829514,-0.1892177940704672,0.12456406214237814,0.2225573663706728,other
Hoxd11,-0.044387293285836626,0.09794033496802232,5.427634336353619e-05,-0.11760843179412747,0.07138703353443834,0.153066522933657,other
Ap2b1,-0.04443962713850036,-0.025307861143647692,0.024158856916734806,-0.6203658294425962,0.04514062557215464,0.11588441421417252,other
Pfn4,-0.04444690164206311,0.005242203461385514,0.025819632794377073,-0.24068702320658644,0.023180056414889752,0.08120979929419823,other
Stim2,-0.0444920063330434,0.03751639726547429,-0.03765466956749208,-0.3901218382346427,0.06151359999604334,0.1395822391369293,other
Hs3st2,-0.044513254350462564,-0.012230718397078455,0.012917187492075086,-0.521405669074599,0.0033008726972586534,0.05819357855504391,other
Gna11,-0.04452073993960576,0.0360663079254932,0.01986593725250646,-0.3028479279603536,0.05279870698063471,0.12722069169023034,other
Pkd2,-0.04454610219021138,0.1501369748364325,0.1421006605923676,0.5407998713577743,0.3853315267895524,0.5025763534015615,other
Stag2,-0.04458899307144171,0.015843361792807653,-0.035127637163980374,-0.3662520508091961,0.4626083472826239,0.5766777075974254,other
Enpp1,-0.044602097244368366,0.12856058991613228,0.2826997698256657,0.4460666525130331,0.5042736753035878,0.6149414338330388,other
Jmjd6,-0.04462365209705643,0.015286823985539932,-0.0300032303523321,0.022129282092341107,0.6401805361005117,0.7312048622142209,other
Ubr5,-0.04464375529621978,0.05667521997612668,0.033270263247676235,-0.07310122399043018,0.3853315267895524,0.5025763534015615,other
Wdr37,-0.0447265339474644,0.013299879873713727,-0.02756537016220939,-0.5328432755492921,0.038441132178322214,0.10446894791775259,other
Lhfpl5,-0.04476675102407618,0.01381941365149103,0.028790226410462028,-0.24690311368196316,0.07138703353443834,0.153066522933657,other
Slc45a1,-0.044784518645144766,0.002448627099413958,-0.03941739275145151,-0.4575042589877263,0.22936158549541563,0.3421975570670124,other
Gars,-0.04479516267655481,-0.005374541157586066,-0.03137896478211166,-0.4664554292722688,0.14180099264371332,0.24321683371741143,other
Snx30,-0.044812874306431105,-0.01725091493319919,0.12295055824142676,0.05296109085020961,0.42293676385905665,0.5393501081112619,other
Scn10a,-0.04481334940242291,-0.09237106390152972,-0.04269512282484449,-0.002735079809165755,0.7893827550332574,0.8482497226510736,other
Bbs7,-0.044820738426372075,0.029477033193705315,0.03252348426576135,-0.33417702395625226,0.08252326938191985,0.1680443900667358,other
Ctbp1,-0.044921849437627115,0.008130260158759395,-0.03616642493971045,-0.41051061499387825,0.7384623534985825,0.8086939598961506,other
Mlxipl,-0.04496658578727142,0.02832076076024198,0.10124995437720702,0.5639237279261756,0.14180099264371332,0.24321683371741143,other
Cdh6,-0.04503273499361532,0.02223064520068324,0.0017905942931841778,-0.4657094984152235,0.0050366811503910055,0.05819357855504391,other
Atg14,-0.04506134086316449,0.053897542475575266,0.04898774802062872,0.1519212512182069,0.22936158549541563,0.3421975570670124,other
Dyrk1a,-0.04506261280723978,0.08223596045006332,0.0010955862964967533,-0.1979203207359946,0.4626083472826239,0.5766777075974254,other
Lhx1,-0.0450632208817702,0.035171894168018414,0.017310381126997787,-0.2401897359685563,0.007559810778662305,0.06063301066345349,other
Wfdc18,-0.045068305179700174,0.04044954785135847,0.04030961921068961,-0.16957494816827678,0.0013489988246948774,0.05819357855504391,other
Sema4g,-0.04509307280023356,0.017904602670257286,0.07302883684729922,-0.27450255539263574,0.285318068487978,0.4017133500847849,other
Galnt18,-0.04513317307149345,0.11439843019303653,0.0045051706686048965,-0.13476484150616722,0.20451844490430449,0.3170968350932697,other
Cyb561,-0.045190953031856496,0.04997970620627934,-0.02150682782279789,-0.5485078235472414,0.22936158549541563,0.3421975570670124,other
Igf1,-0.04519636371015423,0.15964259652664436,0.5674335528381753,0.7926758574200388,0.6886643247682933,0.7701987986500909,other
Nr2c2,-0.04519899364679014,0.03778096869714931,-0.0027490278376357535,-0.20413641121137133,0.20451844490430449,0.3170968350932697,other
Hoxa4,-0.045306735947073046,0.0485025674524234,0.052784337185909136,-0.17007223540630695,0.023180056414889752,0.08120979929419823,other
Mta3,-0.04532032211317372,0.009006258786386612,-0.059534272635558994,-0.5835665738283661,0.0950279527318241,0.1838913455557795,other
Epn3,-0.0453765604577018,-0.014195326947455372,0.0022200494811378535,-0.4306507481340988,0.01116262730740973,0.06326729099455225,other
Ppif,-0.045430601853548414,-0.008355753115418696,0.0032018419564900924,-0.21905502835227547,0.10900678981544218,0.20241850558739374,other
Ints4,-0.04546702187900509,-0.005268392297756219,0.018954193359939198,-0.3214961993864837,0.05279870698063471,0.12722069169023034,other
Gipr,-0.04548259688963055,0.05801725333437319,0.02137485537699449,0.1141274211279165,0.06151359999604334,0.1395822391369293,other
Nos1ap,-0.04554122105400965,0.04769913349850102,-0.011466188119404142,-0.40081351385229064,0.06151359999604334,0.1395822391369293,other
Nkx6-2,-0.0455700332925677,-0.01101838349670392,-0.04722966233314674,-0.4744120250807509,0.285318068487978,0.4017133500847849,other
Acvr2a,-0.04569802916110144,0.0751182584765151,-0.04188092286055212,-0.3553117315725331,0.12456406214237814,0.2225573663706728,other
Prps1,-0.04585028816404074,0.027476140107654423,0.019384722831886914,-0.362273752904955,0.038441132178322214,0.10446894791775259,other
Mpi,-0.04591516290436548,-0.0021360767832118155,0.007797449714113669,-0.5082275572668002,0.01116262730740973,0.06326729099455225,other
Cd83,-0.0459463382244536,-0.07933053357098219,0.1275808655244961,0.41697534908827005,1.0,1.0,other
Emc6,-0.046421876151393926,0.017473545484703923,-0.011355436511122807,-0.2777349224398316,0.08252326938191985,0.1680443900667358,other
Rab3gap2,-0.04665923090967494,0.06691593267419571,0.12857375279292493,0.2598325818707467,0.12456406214237814,0.2225573663706728,other
Crhr1,-0.04665956205894592,0.032559980486761925,0.019833151116505382,-0.4676986473673441,0.007559810778662305,0.06063301066345349,other
Letmd1,-0.04672617389514189,0.036838633915975416,0.08706634832623839,0.29091303424763026,0.0950279527318241,0.1838913455557795,other
Ngb,-0.04678712572444335,0.05718901205599522,0.029203105417089203,-0.2212928209234111,0.03260630478301721,0.09515146493030366,other
Smc5,-0.04684557508372311,0.09018972977650863,-0.009182505596646351,0.09622508055883155,0.3853315267895524,0.5025763534015615,other
Rbl2,-0.04687750390973122,0.04323680919552142,0.03125219043770078,0.39211098718676324,0.14180099264371332,0.24321683371741143,other
Lbx1,-0.04697949924405087,0.031176879530265544,0.03333901328441735,-0.3127936727209563,0.0950279527318241,0.1838913455557795,other
Cdk8,-0.046984523575117176,0.030672281600809148,0.03553359207934648,0.09622508055883155,0.285318068487978,0.4017133500847849,other
Patj,-0.047024430329737354,0.05613290396082338,-0.028924970379774595,-0.4823686208892331,0.0162163284475037,0.07051960052064482,other
Pex3,-0.047095687614218784,0.06230530511828114,0.024548123536175304,0.025361649139537,0.22936158549541563,0.3421975570670124,other
Dlk1,-0.047143450337800624,0.02344856408942797,-0.0013372110106252694,-0.3570522369056386,0.00920502620895087,0.06294214301857694,other
Stk32a,-0.04715349062580099,0.17754455219522047,0.0193011085622653,0.15291582569426718,0.34984355386886234,0.4674049157373145,other
Trhr,-0.04719547621399825,0.055307809671569175,0.01308131695958581,-0.2951399757708864,0.0194271256064567,0.07507406645343609,other
Mettl3,-0.0472034070762003,0.02181158745427758,0.053427334912146685,-0.21880638473326042,0.05279870698063471,0.12722069169023034,other
Trim36,-0.047318085765171713,0.013608527152684319,0.016255686933851002,-0.2759944171067262,0.00920502620895087,0.06294214301857694,other
Grp,-0.04732421587255295,0.04135707425861232,0.02691523147359305,-0.11363013388988635,0.023180056414889752,0.08120979929419823,other
Galr1,-0.047328165635281666,0.014847069110009603,0.02694406424025264,-0.42418601403970707,0.038441132178322214,0.10446894791775259,other
Kmt5b,-0.047403902595904546,-0.014648749567726993,0.019637265359354616,-0.11711114455609732,0.42293676385905665,0.5393501081112619,other
Cdc73,-0.047612864182577264,0.0705419092578834,-0.0013574190330861713,0.09597643693981649,0.34984355386886234,0.4674049157373145,other
Acaa2,-0.04762408025528009,0.0896637554785994,0.08835087494759086,0.26132444358483714,0.3853315267895524,0.5025763534015615,other
Supt3,-0.04764179433530519,0.04445565639619853,0.0555844295781211,-0.15764005445555354,0.027547148107414817,0.08793366864575906,other
Cx3cr1,-0.04766611718617231,-0.08467406982284187,0.2772584379096963,0.6661162553413688,0.8937535902043922,0.9249415832080755,other
Kcnj8,-0.04770472180843799,0.08638058532870604,0.018962516273961255,-0.13128383083995623,0.05279870698063471,0.12722069169023034,other
Ndel1,-0.047710567951090965,0.1256611140994366,0.003283735430884449,-0.06912292608618908,0.25628023724432436,0.37159905917660563,other
Col26a1,-0.04782009443029753,0.015060908749269658,0.042635251935335655,0.18673135788031653,0.01116262730740973,0.06326729099455225,other
Cyld,-0.04808969834958332,-0.06867955357293831,-0.03557715119365801,-0.4483044450841688,0.42293676385905665,0.5393501081112619,other
Csde1,-0.04814976603745924,0.0560888350075639,0.03362943161633769,0.046745000374832896,0.7384623534985825,0.8086939598961506,other
Gfpt1,-0.048415214702107745,-0.011572193943803377,0.0085365463026712,-0.2252711188276522,0.20451844490430449,0.3170968350932697,other
Hapln1,-0.048422130835574034,-0.03434267064938737,-0.04571445541386496,-0.6183766804904757,0.038441132178322214,0.10446894791775259,other
Arid2,-0.04844120854526923,0.03418945746044655,-0.01754598972995358,-0.009448457522572607,0.3165025922557979,0.43481813172551176,other
Colgalt2,-0.048453414400446426,0.004833364207467661,0.018770864622110722,-0.30061013538921794,0.027547148107414817,0.08793366864575906,other
Ptpn11,-0.04845681432513338,0.03454734232714185,-0.008512071515500264,-0.25734614568059605,0.12456406214237814,0.2225573663706728,other
Kat6b,-0.04846060045000994,0.09072780019647242,0.02899936313146878,0.1292946818878357,0.20451844490430449,0.3170968350932697,other
Foxp2,-0.048464072463139274,0.08053919767011,0.026431206351658604,-0.01939420228317535,0.03260630478301721,0.09515146493030366,other
Park7,-0.04847998292253597,0.016215620965695843,0.08702204427255888,-0.1892177940704672,0.14180099264371332,0.24321683371741143,other
Adra1b,-0.04865897006267256,0.022916972969992455,0.016293006659897358,-0.3563063060485933,0.0162163284475037,0.07051960052064482,other
Siah2,-0.04882419390588355,-0.045673049166873425,-0.013840892609817579,-0.6327980103933497,0.12456406214237814,0.2225573663706728,other
Ndrg2,-0.048931467191219546,0.10326202952590968,0.0911781385698589,-0.29961556091315766,0.6401805361005117,0.7312048622142209,other
Map2k5,-0.048970590909770295,0.029437786671328903,0.024239438415717296,-0.0586798940875562,0.22936158549541563,0.3421975570670124,other
Tlr3,-0.049002662241315886,-0.03059254463511285,-0.05715154762370045,-0.19717438987894942,0.7384623534985825,0.8086939598961506,other
Sgta,-0.049015673822158545,0.0594546658347217,0.012085407168627604,-0.14570516074283021,0.06151359999604334,0.1395822391369293,other
Krit1,-0.04903663124760882,0.03838509446648142,0.008267169591901102,0.07384715484747537,0.22936158549541563,0.3421975570670124,other
Crocc,-0.049075508040872684,0.06189176946923314,0.07914259368202414,0.2369573689213604,0.14180099264371332,0.24321683371741143,other
Atf2,-0.04919585948792615,0.028783407347531598,-0.012332294562447332,-0.5022601104104386,0.08252326938191985,0.1680443900667358,other
Yeats2,-0.04928426696174015,0.07166174590956842,0.034247697452167936,-0.03481010666210961,0.20451844490430449,0.3170968350932697,other
Ankrd13d,-0.04933178279176337,0.03916815548362673,0.011967540683824773,-0.12854875103079047,0.22936158549541563,0.3421975570670124,other
Gstk1,-0.04940308147675576,0.03287780950041069,0.08638056181913806,0.10293845827223841,0.06151359999604334,0.1395822391369293,other
Tox,-0.049420702024741026,-0.023262204626523397,0.02426277200538768,-0.32945279519496595,0.03260630478301721,0.09515146493030366,other
Bap1,-0.049517373749991545,0.02055603561511088,0.0010088562790480093,-0.47466066869976603,0.027547148107414817,0.08793366864575906,other
Cntn3,-0.04952155539123504,0.01865118962364848,0.01644789632218452,-0.4639689930821181,0.023180056414889752,0.08120979929419823,other
Hoxc5,-0.049535909641764464,0.021277169383232652,0.03273319883293094,-0.20189861864023573,0.03260630478301721,0.09515146493030366,other
Zdhhc2,-0.049563374169447894,-0.0019965489314532903,0.009458761265328408,-0.2180604538762152,0.08252326938191985,0.1680443900667358,other
Arid1a,-0.049668050036092204,0.038855437790123126,0.04248321578724812,-0.02486436190150686,0.8412192411771064,0.8871323856200991,other
Med21,-0.049759629043294895,0.02529294596311471,-0.02558494439213521,-0.547264605452166,0.013481568265476605,0.06644394176057601,other
Ppp2r2a,-0.04980844582017557,0.00631813811388926,0.057214937627505846,-0.28047000224899743,0.027547148107414817,0.08793366864575906,other
Vps13a,-0.04984693074577884,0.062338175247675154,0.005055369573072954,0.005718803237346579,0.12456406214237814,0.2225573663706728,other
Sstr2,-0.04995150082159018,0.054775689499817176,0.022598646750340082,-0.2812159331060426,0.0162163284475037,0.07051960052064482,other
Wrap73,-0.04996126398902101,0.01960619962867305,0.025786977135302758,-0.12457045312654938,0.05279870698063471,0.12722069169023034,other
Pou6f1,-0.04999250169245939,0.05758890006221218,0.0750547234546991,-0.18300170359509052,0.10900678981544218,0.20241850558739374,other
Mib1,-0.05000415769260291,0.03378928265810144,0.014372839745131039,0.008453883046512333,0.01116262730740973,0.06326729099455225,other
Rcor2,-0.05002572496074731,0.004476412172858435,0.05516375226300391,-0.2690323957743042,0.05279870698063471,0.12722069169023034,other
Myh11,-0.050038097936922044,0.07680211332558667,0.12060027753888408,-0.04823686208892331,0.14180099264371332,0.24321683371741143,other
E2f5,-0.05004234686381415,0.01301628752040418,0.030946711828561346,-0.1941906664507686,0.20451844490430449,0.3170968350932697,other
P3h3,-0.05004389269401033,0.07381893925537386,0.1440643937619367,0.5701398184015524,0.25628023724432436,0.37159905917660563,other
Csnk2a1,-0.050542640159893404,-0.056828926371922606,-0.011193690930812683,-0.35083614643026184,0.22936158549541563,0.3421975570670124,other
Mbd5,-0.05058539958909214,0.07500947750332959,0.034425539596465105,0.11785707541314253,0.10900678981544218,0.20241850558739374,other
Avil,-0.05060446051089393,-0.05327047906641216,-0.022223876038273097,0.28693473634338923,0.10900678981544218,0.20241850558739374,other
Epha3,-0.05063947579478509,0.08049000420210012,0.04856706735666583,0.17056952264433708,0.08252326938191985,0.1680443900667358,other
Abhd5,-0.05067595193432972,0.05068385989366708,-0.024713543539222504,-0.5604427172599646,0.08252326938191985,0.1680443900667358,other
Ppara,-0.05067828626740348,0.052181941566456946,0.03136786237386477,-0.003232367047195892,0.013481568265476605,0.06644394176057601,other
Abcc6,-0.05094573222181367,0.0016493348514912964,0.029098104594836,-0.15266718207525212,0.023180056414889752,0.08120979929419823,other
Nectin3,-0.050998250830654346,0.0620424714351947,0.07526260428817833,-0.10840861789056992,0.08252326938191985,0.1680443900667358,other
Cdc16,-0.051010382738039706,0.07130565212281659,0.06081430257919296,0.06564191541997812,0.05279870698063471,0.12722069169023034,other
Appl1,-0.05108229394332087,-0.013816886142293594,0.0011769520685365187,-0.5206597382175536,0.34984355386886234,0.4674049157373145,other
Gper1,-0.05113313310536999,0.05254470673073425,0.028835184480060477,-0.1611210651217645,0.007559810778662305,0.06063301066345349,other
Pttg1,-0.05114496132327123,0.023568624430929552,0.021994404232861975,-0.07185800589535483,0.01116262730740973,0.06326729099455225,other
Lypd6b,-0.05118281545253772,0.018410862110278814,0.007950754731284593,-0.41946178527842076,0.038441132178322214,0.10446894791775259,other
Zfp148,-0.051201607130484716,0.011436340046973137,0.017382898662085755,-0.1750451077866083,0.22936158549541563,0.3421975570670124,other
Per1,-0.051202558316134184,0.19136670677027157,0.07689090539693555,0.48908199860263996,0.34984355386886234,0.4674049157373145,other
Cadps2,-0.051443078960073385,0.038931918613915095,-0.0025321945337521967,-0.4632230622250728,0.08252326938191985,0.1680443900667358,other
Nlk,-0.051462554276545225,-0.018129745797120456,0.002082207111716028,-0.19941218245008505,0.0950279527318241,0.1838913455557795,other
Ndufs4,-0.05151690462539171,0.02674152247125927,-0.017582856300481065,-0.2339736454931796,0.08252326938191985,0.1680443900667358,other
Usp14,-0.05154636221755604,0.0040963936590541206,0.0055951543845849105,-0.4764011740328715,0.08252326938191985,0.1680443900667358,other
Polr2h,-0.05157863439746729,0.08739536171677492,0.04292811265445773,0.1466997352188905,0.285318068487978,0.4017133500847849,other
Gpr149,-0.05161323363330472,0.048358280329809156,0.02318197474423292,-0.2986209864370974,0.027547148107414817,0.08793366864575906,other
Mapk1,-0.05162832690329444,-0.03740750003833937,-0.0556125885679426,-0.5139463605041469,0.5042736753035878,0.6149414338330388,other
Cacng3,-0.05164427218849835,0.020718119228534115,0.01912243716128445,-0.31005859291179055,0.04514062557215464,0.11588441421417252,other
Glis3,-0.05183990678036965,0.14714756863252454,0.12599944943734687,0.5644210151642057,0.285318068487978,0.4017133500847849,other
Scrt2,-0.05191258432611584,0.008221810910958055,-0.004918387261271806,-0.32348534833860426,0.0162163284475037,0.07051960052064482,other
Gpr26,-0.05207235915656164,0.03708346869228635,0.0339860472756566,-0.24441667749181245,0.023180056414889752,0.08120979929419823,other
Mtf1,-0.05209298876381452,0.006625404990430961,-0.0004406836580761464,-0.4207050033734961,0.3165025922557979,0.43481813172551176,other
Cldn19,-0.05214284994715465,0.043946042547424485,0.009578626548130728,0.008951170284542469,0.0026556990473244895,0.05819357855504391,other
Dpysl4,-0.052220815762327955,0.02108005168926419,0.024044391201518467,-0.2481463317770385,0.04514062557215464,0.11588441421417252,other
Fgf18,-0.05222359972737414,0.029332077462248363,-0.01578086635594761,-0.5047465466005894,0.023180056414889752,0.08120979929419823,other
Cyp3a13,-0.0522976358893848,0.10963251715808237,-0.0011414317537192242,-0.24590853920590286,0.1816927632278722,0.29053755022739064,other
Edn3,-0.0523052397720343,0.06099577575446791,0.04056463407272054,0.1578886980745686,0.00920502620895087,0.06294214301857694,other
Hace1,-0.05230859599380988,0.07114910435384442,0.04005518700108207,-0.04475585142271235,0.0950279527318241,0.1838913455557795,other
Igf1r,-0.052326710953487954,0.06366885475127049,-0.01184788349360244,-0.42393737042069196,0.05279870698063471,0.12722069169023034,other
Lamb1,-0.05233143110078581,0.08680749376577945,0.02158854208932043,0.37868423175994953,0.3853315267895524,0.5025763534015615,other
Pcdh15,-0.052369955332595586,0.047637406825420836,0.015365303301939748,-0.3824138860451755,0.08252326938191985,0.1680443900667358,other
Rab23,-0.0524734633348356,0.05950549549312445,0.06276475492391387,-0.09746829865390691,0.08252326938191985,0.1680443900667358,other
Dll1,-0.052482770257538225,0.02701502867336153,-0.0043452531956248985,-0.44407750356091263,0.0194271256064567,0.07507406645343609,other
Dnajb6,-0.05248576345455569,-0.004470428436564644,-0.04027134125217269,-0.28345372567717825,0.4626083472826239,0.5766777075974254,other
Rsph1,-0.052530546571634584,0.014438628465521464,0.05478633098377181,-0.07882002722777677,0.05279870698063471,0.12722069169023034,other
Map2k1,-0.052685632063680155,0.017389084097345853,0.0024002099040032476,-0.37420864661767833,0.0162163284475037,0.07051960052064482,other
Bglap,-0.052714415966742686,-0.005343122243103363,0.011646066387038065,-0.0895117028454247,0.0010674246179843178,0.05819357855504391,other
Smpd4,-0.05272918718113684,0.07568813833665017,0.04622737919376796,0.137748564934348,0.0950279527318241,0.1838913455557795,other
Gsk3a,-0.05275268697688951,-0.0014163394141277763,-0.010991143440612028,-0.44159106737076187,0.16081398497923238,0.2665947797787015,other
Bmi1,-0.05300202067799886,0.012893758955566659,0.031798395463821016,-0.23745465615939054,0.20451844490430449,0.3170968350932697,other
Bnip3,-0.053023883837164276,-0.08268252423760136,-0.05172087133672021,-0.626830563536988,0.20451844490430449,0.3170968350932697,other
Tubb3,-0.05303225034796899,-0.08557245294888105,-0.168859977651739,-0.5030060412674839,0.3165025922557979,0.43481813172551176,other
Snrpa,-0.05316798569899406,0.09152284713028203,0.03360441431110639,0.15316446931328226,0.285318068487978,0.4017133500847849,other
Dlgap4,-0.05317270623034198,0.12270839092483321,0.008627810671259173,0.2518759860622645,0.3165025922557979,0.43481813172551176,other
Srr,-0.05318741578995079,0.014104826310557816,0.02962477727138807,-0.26580002872710834,0.10900678981544218,0.20241850558739374,other
Epb41l2,-0.053237506500679044,-0.13092113632132285,0.02087820180674549,0.02958859066279317,0.5478383165397469,0.6526210305159386,other
Polr2j,-0.05356746521477962,0.06329949077303598,0.012592342795339051,-0.2409356668256015,0.5042736753035878,0.6149414338330388,other
Ptar1,-0.0536180335725136,0.04486534670413467,0.03852056888100286,-0.26057851272779187,0.12456406214237814,0.2225573663706728,other
Gpr88,-0.053625113784368655,0.054765712773786224,0.07510099911246393,0.246405826443933,0.05279870698063471,0.12722069169023034,other
Cbln4,-0.05384550748755518,0.03474332860010115,0.03428833968580125,-0.41249976394599885,0.20451844490430449,0.3170968350932697,other
Nid2,-0.05389676630319329,0.06014450876088373,0.12848931258159046,0.6877482501956799,0.1816927632278722,0.29053755022739064,other
Hacl1,-0.05409232997243174,0.0028585440492893133,0.00655840247629591,-0.17131545350138228,0.20451844490430449,0.3170968350932697,other
Egln2,-0.054110646539655916,0.04934370767594731,-0.01660394147008959,-0.12730553293571514,0.34984355386886234,0.4674049157373145,other
Zfpm2,-0.05419142892584139,0.04476600756637883,0.0355005522949855,-0.20314183673531105,0.013481568265476605,0.06644394176057601,other
Got2,-0.05424014206532091,0.09292384737418691,-0.02736924703055954,-0.4318939662291742,0.14180099264371332,0.24321683371741143,other
Ndufv2,-0.054322068524995215,-0.0066699372593369555,-0.005679302608529446,-0.34984157195420157,0.12456406214237814,0.2225573663706728,other
Cep250,-0.054413491701806094,0.053571697969883925,0.058135454461995195,-0.09672236779686169,0.04514062557215464,0.11588441421417252,other
Cartpt,-0.0544286892537294,0.06551348136378193,-0.02236899180443641,-0.35481444433450293,0.1816927632278722,0.29053755022739064,other
Gna12,-0.05451602068036321,-0.018615934264315515,0.22399252972976735,0.37520322109373855,0.5478383165397469,0.6526210305159386,other
Arl13b,-0.05454006319415572,0.0550462625601601,0.04431042070349367,-0.035804681138169876,0.06151359999604334,0.1395822391369293,other
Por,-0.054543013857941025,0.1650668461631788,0.060896889025990664,-0.1213380860793535,0.42293676385905665,0.5393501081112619,other
Sh3bp5,-0.0545565111026165,0.01075272037920616,0.026970149234388563,-0.10194388379617814,0.038441132178322214,0.10446894791775259,other
Tnks2,-0.05464933461382637,-0.0030920697753675785,0.006830999897810663,-0.12357587865048912,0.22936158549541563,0.3421975570670124,other
Ggnbp1,-0.05466575008712102,0.06730200445609297,0.06372156805203447,0.2474004009199933,0.03260630478301721,0.09515146493030366,other
Celf6,-0.05469233882293967,0.04638373803465656,0.03977208151024236,-0.4134943384220591,0.03260630478301721,0.09515146493030366,other
Glra2,-0.0547135684890577,0.03574245638764717,0.013601144240251328,-0.41747263632630016,0.0194271256064567,0.07507406645343609,other
Cct7,-0.054904749728532876,0.011021088058047024,-0.00715993206300114,-0.22427654435159194,0.14180099264371332,0.24321683371741143,other
Selenoo,-0.05495195442854217,0.07398379176437841,0.054513419684158126,0.14297008093366445,0.07138703353443834,0.153066522933657,other
Fzd2,-0.05496022470471079,0.06909843273287061,0.09094311573495889,0.3448686995739002,0.08252326938191985,0.1680443900667358,other
Gpsm2,-0.054979469417583804,-0.024794352911767348,-0.021963633836738716,-0.7093802450499908,0.013481568265476605,0.06644394176057601,other
Sass6,-0.05501080903235689,-0.0014355222330993955,-0.0232289352770213,-0.38042473709305497,0.1816927632278722,0.29053755022739064,other
Ttll3,-0.055108955640006674,0.042795036390010255,0.04646354819669729,0.35033885919223173,0.06151359999604334,0.1395822391369293,other
Eif4enif1,-0.055244327772001944,0.07410391632891433,-0.010665832362862782,-0.2290007731128782,0.3165025922557979,0.43481813172551176,other
Col14a1,-0.05530428327326731,0.07760992780463821,-0.014831318580056208,0.16907766093024668,0.1816927632278722,0.29053755022739064,other
Pcdh20,-0.05534059490264007,0.05788975412862127,0.03970614004702122,-0.19866625159303983,0.006183281626511232,0.05819357855504391,other
Tie1,-0.05553148144122755,0.08233649605186077,0.03459808949652332,0.04301534608960687,0.05279870698063471,0.12722069169023034,other
Cxadr,-0.05563023980627124,0.17516147470035381,-0.03932263197814345,-0.083295612370048,0.5931862546017165,0.690989514666215,other
Lrpprc,-0.05566375475648222,0.03261629443240621,0.01070976962571435,-0.20811470911561245,0.023180056414889752,0.08120979929419823,other
Rnf130,-0.055689605577805334,0.10000921869565937,0.05625502795133852,0.24914090625309876,0.20451844490430449,0.3170968350932697,other
Plagl1,-0.055783904856551214,0.046341313522724775,0.011637094652123425,-0.34462005595488515,0.027547148107414817,0.08793366864575906,other
Dmp1,-0.055800157518550386,-0.003300129820542008,-0.01397787318318966,-0.5877935153516223,0.023180056414889752,0.08120979929419823,other
Grin2c,-0.05580123956368366,0.06044515081098567,0.08646388137598793,-0.3085667311977001,0.07138703353443834,0.153066522933657,other
Tgfa,-0.05580375495925727,-0.0016971642985789126,0.049475121680894185,-0.2854428746292988,0.12456406214237814,0.2225573663706728,other
Ucp3,-0.05596285110167595,0.03444144676329816,0.021064742517807933,-0.42642380661084267,0.023180056414889752,0.08120979929419823,other
Hivep2,-0.05599952483914894,0.09450955139428285,-0.02282248040112611,-0.07160936227633975,0.1816927632278722,0.29053755022739064,other
Xiap,-0.05603847437895049,-0.019185749939076957,0.0029525914030615885,-0.26480545425104807,0.3165025922557979,0.43481813172551176,other
Polk,-0.056087585150924824,0.05188765732908407,0.05551912209723964,0.08801984113133429,0.07138703353443834,0.153066522933657,other
Itpr1,-0.05619093637494921,0.06176699825359,0.03559936539273334,0.0808091761798973,0.10900678981544218,0.20241850558739374,other
Kcns2,-0.056364729957213255,0.03565502669860818,0.030517091155162226,-0.3418849761457194,0.007559810778662305,0.06063301066345349,other
Zic4,-0.05639937161618047,0.09117828921292986,0.09495205386309691,0.5067356955527098,0.05279870698063471,0.12722069169023034,other
Wdr34,-0.05642023853616057,0.0651946628205694,0.04384976147155356,-0.24839497539605354,0.0162163284475037,0.07051960052064482,other
Dock3,-0.056457958553975285,0.04250951355200905,0.01622179856172884,-0.42518058851576734,0.07138703353443834,0.153066522933657,other
Kcng2,-0.05648230471625981,0.04502853224718906,0.013712905232261985,-0.40354859366145635,0.0950279527318241,0.1838913455557795,other
Cops2,-0.056490033298699505,0.05391202430036324,0.011813536409548409,-0.08926305922640965,0.05279870698063471,0.12722069169023034,other
Kdm6a,-0.05649446289899307,0.02967398395605647,-0.046437017790288304,-0.329701438813981,0.20451844490430449,0.3170968350932697,other
Grm4,-0.05651468934725867,-0.0024328419624754516,0.023181640416956972,-0.47814167936597696,0.0194271256064567,0.07507406645343609,other
Nfat5,-0.05658176788928704,0.08012542874658246,-0.030216911741319352,-0.24391939025378234,0.6401805361005117,0.7312048622142209,other
Copg1,-0.056585177198805736,0.08720191022645607,-0.006030817515434661,-0.30259928434133854,0.0950279527318241,0.1838913455557795,other
Me1,-0.05658882262662579,-0.06729314226643146,0.019186382348665543,-0.35381986985844266,0.027547148107414817,0.08793366864575906,other
Bcl7b,-0.05663331905382463,0.06150580407460682,0.05744920578800872,-0.21731452301916998,0.05279870698063471,0.12722069169023034,other
Camk1d,-0.056661041560778,-0.0003052559283556189,-0.049085166300124494,-0.30185335348429326,0.06151359999604334,0.1395822391369293,other
Katnal2,-0.056663264685077847,0.04274983013646033,0.0598291927910527,-0.07384715484747537,0.0162163284475037,0.07051960052064482,other
Il18,-0.056686672495240564,0.046419398669356404,-0.009600822759551653,-0.4473098706081085,0.05279870698063471,0.12722069169023034,other
Aldh2,-0.05676145175511882,0.09652928597504895,0.10526608127345516,0.36351697100003033,0.12456406214237814,0.2225573663706728,other
Prmt3,-0.056775797082405544,0.03666258078224682,0.04199409798366216,-0.29911827367512756,0.013481568265476605,0.06644394176057601,other
Syt6,-0.056829550488254166,0.06194677789378872,0.04668117928914356,-0.33343109309920704,0.038441132178322214,0.10446894791775259,other
Cpeb4,-0.05686040095784395,0.06970234859595359,0.04487891772743646,-0.27748627882081656,0.34984355386886234,0.4674049157373145,other
Lgr5,-0.056909305599429305,0.028719202007573302,0.004809031896060106,-0.39509471061494406,0.0010674246179843178,0.05819357855504391,other
Pfas,-0.05706903225799875,0.060569871070592085,0.08234816330623917,0.18847186321342202,0.038441132178322214,0.10446894791775259,other
Cfap69,-0.057100000545015836,0.036902232549086894,0.03762930964205505,-0.10815997427155484,0.027547148107414817,0.08793366864575906,other
Syt4,-0.057101239638320145,0.026522162985912923,-0.014126154851793471,-0.506984339171725,0.0950279527318241,0.1838913455557795,other
Itch,-0.05716569091317769,0.0064109758108363835,-0.03267536086264333,-0.3911164127107029,0.22936158549541563,0.3421975570670124,other
Osr1,-0.05716829538082918,0.21576301679561333,0.08076136500990716,0.37570050833176866,0.3853315267895524,0.5025763534015615,ratchet_cumulative
Lef1,-0.05719232779941086,0.017801397484520476,0.0029338619892460005,-0.04848550570793838,0.1816927632278722,0.29053755022739064,other
Nfe2l1,-0.05731671040730024,0.047868032179747555,0.02935172118002205,-0.4808767591751427,0.03260630478301721,0.09515146493030366,other
Smyd3,-0.05738077233928529,0.04347163640774243,0.06423336292784876,-0.02784808532968769,0.05279870698063471,0.12722069169023034,other
Eif4e,-0.057432005023688615,-0.07773965491013257,-0.019057154081420946,-0.6002256963023757,0.22936158549541563,0.3421975570670124,other
Rala,-0.05745112920860607,-0.0604352155254102,-0.003072579925482155,-0.52538396697884,0.1816927632278722,0.29053755022739064,other
Col4a5,-0.0574746222158406,0.0166148998900133,0.18308952319667726,0.6226036220137319,0.34984355386886234,0.4674049157373145,other
Slc19a1,-0.05752522349644096,0.07467876113895056,0.08799737545144826,0.051220585517104136,0.05279870698063471,0.12722069169023034,other
Prpf4b,-0.05756600476822893,0.07298420857457799,0.03774833693226798,0.24541125196787275,0.0950279527318241,0.1838913455557795,other
Dlg5,-0.05765142812652846,0.14061077727328075,0.05257189542899898,-0.039285691804380844,0.20451844490430449,0.3170968350932697,other
Celsr3,-0.05765161347770931,0.12475412085228177,0.03465215880555228,-0.05793396323051099,0.3853315267895524,0.5025763534015615,other
Sox2,-0.05766900246073092,0.03764508664378541,0.09904797738223292,0.20363912397334122,0.10900678981544218,0.20241850558739374,other
Sfrp4,-0.05770232147855481,0.30403771671886926,0.2689163370534722,0.14197550645760418,0.6886643247682933,0.7701987986500909,ratchet_cumulative
Cmip,-0.05770741387061218,0.047850553619263714,-0.014465556593374007,-0.34163633252670433,0.12456406214237814,0.2225573663706728,other
Homer1,-0.05779519610578443,0.032070259825005,0.006561863000318802,-0.3140368908160317,0.25628023724432436,0.37159905917660563,other
Carm1,-0.05782426896692283,0.07252361434399779,0.055441884455793344,0.07832273998974662,0.10900678981544218,0.20241850558739374,other
Tbx3,-0.05790229688778509,0.0762768784684612,0.0346709577500173,0.07310122399043018,0.06151359999604334,0.1395822391369293,other
Epas1,-0.05790644430336611,0.1172080875681516,0.013181024180096923,-0.35655494966760837,0.04514062557215464,0.11588441421417252,other
Ak4,-0.05794928490644105,0.05754556968039343,0.06748831011070913,0.08453883046512334,0.027547148107414817,0.08793366864575906,other
Emsy,-0.057955917306008464,0.05353595410833867,0.03911894063943866,-0.0017405053331054805,0.07138703353443834,0.153066522933657,other
Elavl1,-0.05801301245027268,0.03211879214770397,0.02422490945753064,-0.033318244948019195,0.038441132178322214,0.10446894791775259,other
Ndst3,-0.05809738187430502,0.08372517446020167,0.02482747823891307,-0.18449356530918093,0.06151359999604334,0.1395822391369293,other
Ift27,-0.05810815130989322,0.10803448163512341,0.038629843782770235,0.019642845902190422,0.22936158549541563,0.3421975570670124,other
Ctnnbip1,-0.05811474657197502,-0.0029858845295002157,0.0003535207543422514,-0.6034580633495716,0.004085851125205444,0.05819357855504391,other
Vegfa,-0.05820553849867094,0.04232056893048941,-0.01193550652800468,-0.5582049246888291,0.013481568265476605,0.06644394176057601,other
Paip1,-0.05827687095681644,-0.023469392196759475,0.022579438308667044,-0.4843577698413537,0.04514062557215464,0.11588441421417252,other
Cetn2,-0.05853990788481572,0.04116083581707852,0.0398683158933027,-0.017405053331054805,0.038441132178322214,0.10446894791775259,other
Cfap44,-0.05867883466232904,0.08026541036474641,0.0715454398452609,0.010443031998632883,0.0950279527318241,0.1838913455557795,other
Rheb,-0.058692015624953076,-0.01913951801204128,0.0019902848453878796,-0.5574589938317839,0.14180099264371332,0.24321683371741143,other
Rora,-0.058712227693235364,0.06697729947509357,0.016097669276075477,-0.16410478854994529,0.12456406214237814,0.2225573663706728,other
Kcna4,-0.058721918922448324,0.035579621593152116,0.009613394308536832,-0.4403478492756866,0.0050366811503910055,0.05819357855504391,other
Irs1,-0.05877486952913191,0.06773544039741586,0.06925052925813857,0.21457944321000422,0.20451844490430449,0.3170968350932697,other
Fgfr1,-0.05878455226945145,0.169491751378537,0.06390999805110642,0.06713377713406853,0.285318068487978,0.4017133500847849,other
Hspg2,-0.058819457603798364,0.18285506735758883,0.14955480894675732,0.5679020258304167,0.25628023724432436,0.37159905917660563,other
H19,-0.05886846701510248,-0.0010520181180951327,-0.19217011792056635,-0.459990695177877,0.08252326938191985,0.1680443900667358,other
Tmem94,-0.05889179275079082,0.026927184036101948,0.05313970970492621,-0.025361649139537,0.04514062557215464,0.11588441421417252,other
Fbxl20,-0.05904130669922725,0.04094830292371976,0.019580235385822653,0.2638108797749878,0.04514062557215464,0.11588441421417252,other
Btbd2,-0.05907765176403945,0.036204268491611846,0.057951943403715456,-0.1767856131197138,0.34984355386886234,0.4674049157373145,other
Taf9,-0.059094405086174584,0.047075524553834014,-0.021346888472495662,-0.17778018759577408,0.285318068487978,0.4017133500847849,other
Hdac8,-0.05923455695578095,0.030939509288809175,0.04591530006011307,-0.15540226188441789,0.04514062557215464,0.11588441421417252,other
Sox1,-0.05937139089677307,0.03782385748243265,0.04834647710724266,-0.16609393750206583,0.007559810778662305,0.06063301066345349,other
Tmem119,-0.05942041171369228,-0.08713090640025167,0.10771954214059298,0.550745616118377,0.3165025922557979,0.43481813172551176,other
Huwe1,-0.05945460698553462,0.05907042915266558,0.03130748477773948,-0.1307865436019261,0.16081398497923238,0.2665947797787015,other
Vangl1,-0.059457528395920056,0.07824026131133133,0.017639827475272596,-0.02038877675923563,0.00920502620895087,0.06294214301857694,other
Htr2a,-0.05946261419832599,0.041141391763839796,-0.019417793683253803,-0.4848550570793838,0.027547148107414817,0.08793366864575906,other
Cdh1,-0.05952228745571431,0.09557673010460765,-0.03366446590674099,0.02163199485431097,0.34984355386886234,0.4674049157373145,other
Adora2b,-0.059615950895986314,0.05501487548060313,0.014283509326866617,-0.07732816551368635,0.038441132178322214,0.10446894791775259,other
Dusp11,-0.05964589799032782,0.0761843746454709,0.057807358806794995,0.040280266280441124,0.14180099264371332,0.24321683371741143,other
Sptbn2,-0.05965637902547627,0.017534642646127252,-0.017276778696856177,-0.5219029563126291,0.0950279527318241,0.1838913455557795,other
Vstm5,-0.05966761049851982,0.05953951441771699,0.002127203035464542,-0.42045635975448103,0.04514062557215464,0.11588441421417252,other
Thbs3,-0.059813162518225105,0.14048504537128614,0.029670410002417102,0.11238691579481103,0.25628023724432436,0.37159905917660563,other
Prr5,-0.0598147814447747,0.009393328541957846,0.07590150697395054,-0.010194388379617815,0.006183281626511232,0.05819357855504391,other
Cntnap5b,-0.05985083014993986,0.051375993799780195,0.012746183390314747,-0.3162746833871673,0.027547148107414817,0.08793366864575906,other
Gabrg1,-0.059853328993887844,-0.006490132796924342,0.04310854431426103,-0.3709762795704824,0.20451844490430449,0.3170968350932697,other
Hadh,-0.05985992880941371,0.05361645046493657,0.12040135345126246,0.28519423101028374,0.07138703353443834,0.153066522933657,other
Prkdc,-0.05990049707629186,0.012519246056806599,0.024157715142429148,-0.1514239639801768,0.22936158549541563,0.3421975570670124,other
Foxo3,-0.06001994152204415,0.028329936264974043,0.065770659405336,0.4271697374678879,0.14180099264371332,0.24321683371741143,other
Ngfr,-0.06002715002032702,0.08892106559407034,0.07714629023400298,0.48510370069839887,0.038441132178322214,0.10446894791775259,other
Lamtor5,-0.06014975613729978,0.009994582739763613,0.04086117955818824,-0.14023500112449871,0.20451844490430449,0.3170968350932697,other
Kdm4c,-0.06018957833838012,0.06093013332591224,0.028942865127432604,-0.02958859066279317,0.20451844490430449,0.3170968350932697,other
Pdyn,-0.06023424400423488,0.07732991730774424,-0.03784841898655178,-0.3132909599589865,0.10900678981544218,0.20241850558739374,other
Kdm5a,-0.06025784247796917,0.06378261082142944,0.008705474354218756,0.20811470911561245,0.22936158549541563,0.3421975570670124,other
Hps4,-0.06047849838635544,-0.0042390025284442245,0.04598209341714077,0.6129065208721441,0.07138703353443834,0.153066522933657,other
Dpyd,-0.06054803952751714,0.04349695014907534,0.07115127331726351,0.0768308782756562,0.038441132178322214,0.10446894791775259,other
Gpr4,-0.06055607125937468,0.0898224477590947,0.004212814188976066,-0.13725127769631787,0.05279870698063471,0.12722069169023034,other
Inha,-0.06056842495699538,0.0752157074792944,0.03159030888302411,-0.134018910649122,0.08252326938191985,0.1680443900667358,other
Ndufa12,-0.06067031417652308,0.03438810125877301,0.023323506355232948,-0.35133343366829195,0.01116262730740973,0.06326729099455225,other
Pax8,-0.06070935067522604,0.046625213390718456,0.03633979703547974,-0.33293380586117693,0.027547148107414817,0.08793366864575906,other
Smim7,-0.06095505406881452,0.0827708491128748,0.01701828271568595,-0.046745000374832896,0.16081398497923238,0.2665947797787015,other
Sox5,-0.06096407026258638,0.03857396464315155,0.041066659206304645,-0.31378824719701665,0.10900678981544218,0.20241850558739374,other
Gcat,-0.06102273583046247,0.06435890129406718,0.047136366006600705,-0.3232367047195892,0.023180056414889752,0.08120979929419823,other
Hcn4,-0.06102802819696643,0.034638669473278205,0.02913327286460024,-0.39434877975789884,0.007559810778662305,0.06063301066345349,other
Ptchd1,-0.061098108973151766,0.053362135883034456,0.04100531481400313,-0.16783444283517132,0.06151359999604334,0.1395822391369293,other
Smad5,-0.06120807964128783,0.03720548647348382,0.027534955321171284,-0.13476484150616722,0.10900678981544218,0.20241850558739374,other
Capn10,-0.06122746400003831,0.01841527301673107,-0.022046420937032685,-0.431148035372129,0.04514062557215464,0.11588441421417252,other
Mrm3,-0.06127001232502616,0.0547351705313579,0.027345155767263873,-0.42294279594463174,0.0050366811503910055,0.05819357855504391,other
Slc22a6,-0.06133190758218171,0.129290377105471,0.059681699637220365,0.007956595808482196,0.1816927632278722,0.29053755022739064,other
Eloc,-0.06135711407750083,-0.006664811129088788,0.011654395452022959,-0.36301968376200017,0.07138703353443834,0.153066522933657,other
Cdh2,-0.061412273838150844,0.07817940622063779,0.04190029534716211,-0.2715188319644549,0.16081398497923238,0.2665947797787015,other
Ick,-0.0614686078412644,-0.00595432684689956,0.017860060820341417,-0.1924501611176631,0.01116262730740973,0.06326729099455225,other
Foxj2,-0.06155643062807925,0.06734387721340962,0.005264940315184985,-0.0594258249446014,0.5931862546017165,0.690989514666215,other
Crabp1,-0.0616519124049032,0.030772857046636903,0.018171287589721447,-0.15739141083653846,0.05279870698063471,0.12722069169023034,other
Htr1a,-0.06168985723001277,-0.0033042796493324977,0.021390392762083765,-0.5186705892654332,0.0162163284475037,0.07051960052064482,other
Setbp1,-0.06175911419836788,0.12183940438519525,0.08902859761618576,0.1514239639801768,0.285318068487978,0.4017133500847849,other
Msx1,-0.06175995655570726,0.029319641643753336,0.05049191877145981,-0.025858936377567136,0.0194271256064567,0.07507406645343609,other
Itga6,-0.061769900467772754,0.10884790762282315,0.15002810992806714,0.40081351385229064,0.285318068487978,0.4017133500847849,other
Champ1,-0.06182547675704253,0.057983127365384135,0.046841834545654604,0.19891489521205488,0.038441132178322214,0.10446894791775259,other
Utp25,-0.061837463104134516,0.042905354722593825,0.007967151909919812,-0.23422228911219464,0.20451844490430449,0.3170968350932697,other
Sh3bp4,-0.061945077084600175,-0.11810789413986056,0.013548045453723123,0.23894651787348095,0.1816927632278722,0.29053755022739064,other
Gli1,-0.06195155033813636,0.07646162908377929,0.06560595381635151,0.08031188894186717,0.023180056414889752,0.08120979929419823,other
Rxrb,-0.06206353552013977,0.04333632398817966,0.009085210686343936,0.15415904378934253,0.07138703353443834,0.153066522933657,other
Wtip,-0.062095802936512734,0.0963449288880156,0.058730392508336116,0.20189861864023573,0.10900678981544218,0.20241850558739374,other
Dpy30,-0.06212209655224776,0.007421382837571322,0.04598509021558628,-0.3945974233769139,0.03260630478301721,0.09515146493030366,other
Msh2,-0.06212726268292501,0.04226806945233408,0.05401347208300533,-0.2568488584425659,0.0950279527318241,0.1838913455557795,other
Sirt3,-0.06216451537050699,0.01666546263513269,0.02653843833356634,-0.42294279594463174,0.0194271256064567,0.07507406645343609,other
Odr4,-0.062167072925873645,0.00553800672297744,0.004606071461597638,-0.31677197062519746,0.10900678981544218,0.20241850558739374,other
Sncg,-0.062171757987739884,-0.0735861106309671,-0.1400168032328858,-0.35133343366829195,0.3165025922557979,0.43481813172551176,other
Clic5,-0.06227559462122198,0.05808229462528963,-0.015584994983773581,-0.38962455099661253,0.01116262730740973,0.06326729099455225,other
Pla2g6,-0.06230998885078076,0.027708049294681958,0.04253320547955064,-0.026107579996582204,0.00920502620895087,0.06294214301857694,other
Rnf220,-0.062320217034492975,0.027193759018303787,0.045166577352536263,-0.3761977955697988,0.10900678981544218,0.20241850558739374,other
Sirt4,-0.06238404574700063,0.07769374202760371,0.08565735202457153,0.11835436265117268,0.08252326938191985,0.1680443900667358,other
Gpr101,-0.06240427335181481,0.046537806274176696,-0.003995627002372382,-0.4778930357469619,0.07138703353443834,0.153066522933657,other
Lag3,-0.06240573073079525,-0.3175548793743812,0.04004459417945383,0.42990481727705365,0.8937535902043922,0.9249415832080755,other
Fgf22,-0.06247005880958367,0.05897589286285071,0.0348913978454794,-0.18026662378592476,0.08252326938191985,0.1680443900667358,other
Shoc2,-0.06248608247593246,0.029385839901143518,-0.010723372075803761,-0.2481463317770385,0.08252326938191985,0.1680443900667358,other
D1Ertd622e,-0.06249262702805347,0.027196440552905765,0.055522555202927926,-0.012183537331738364,0.0950279527318241,0.1838913455557795,other
Sall3,-0.06257295318054834,0.034016544037922425,0.11581638144195772,0.19518524092682887,0.22936158549541563,0.3421975570670124,other
Igha,-0.06266378674239637,-0.332811257401989,0.5545543194743527,0.764081841233306,0.8412192411771064,0.8871323856200991,other
Lurap1,-0.06266931455026731,0.05716078649044559,0.03994675053750116,-0.05221515999316441,0.004085851125205444,0.05819357855504391,other
Dcaf1,-0.06274260220628403,0.04275175464850112,0.011989255432568235,-0.2784808532968769,0.06151359999604334,0.1395822391369293,other
Gnaq,-0.0629661854820398,0.03204162117341136,0.048850682625817266,0.03555603751915481,0.027547148107414817,0.08793366864575906,other
Plod1,-0.06315228396385164,-0.028298369794837797,0.07538765673211434,0.036799255614230156,0.14180099264371332,0.24321683371741143,other
Aldoa,-0.06317426707932627,-0.004283242736849768,0.017640510004718113,-0.26704324682218367,0.06151359999604334,0.1395822391369293,other
Trim24,-0.06321528976180157,0.006208376941668092,0.00917079970883905,-0.1979203207359946,0.0950279527318241,0.1838913455557795,other
Gpam,-0.0632784185158588,0.01990915410896754,0.05031376819968081,0.4430829290848523,0.5478383165397469,0.6526210305159386,other
Ube2b,-0.06336558639971801,0.06929867283144797,0.03335447675515857,-0.19145558664160287,0.20451844490430449,0.3170968350932697,other
Cdc37,-0.06352152007567913,0.07855383635726532,0.05193635948364794,0.18896915045145216,0.07138703353443834,0.153066522933657,other
Shroom3,-0.06372638232355643,0.053770987575843865,0.08463870053319167,-0.26182173082286725,0.12456406214237814,0.2225573663706728,other
Dctn4,-0.06380337673420888,0.07174686274223996,0.00795392757279001,-0.31080452376883577,0.14180099264371332,0.24321683371741143,other
Fcgrt,-0.06388427883642667,0.08561623673459118,0.235592316832268,0.6601488084850072,0.3853315267895524,0.5025763534015615,other
Wls,-0.06398741974022348,0.08192797429865717,0.21927970843793565,0.554475270403603,0.6886643247682933,0.7701987986500909,other
Arfip2,-0.06399112008239594,0.07152786272782374,0.008215416668457154,-0.28146457672505765,0.08252326938191985,0.1680443900667358,other
Sorcs3,-0.0640362182604235,0.039806243535479235,0.009977664270295672,-0.4875901368885495,0.0050366811503910055,0.05819357855504391,other
Foxd3,-0.06413011984484152,0.099797350433633,0.057842887300244214,0.3122963854829262,0.038441132178322214,0.10446894791775259,other
Dgcr2,-0.0641530461730222,-0.017936028184644348,-0.021585812655814163,-0.4734174506046907,0.0950279527318241,0.1838913455557795,other
Il1rap,-0.06416054612710842,0.03411706271295434,-0.022084098963904175,-0.5731235418297332,0.04514062557215464,0.11588441421417252,other
Kl,-0.06418977341606952,0.0767677692085896,0.05511019302552547,-0.1345161978871521,0.00920502620895087,0.06294214301857694,other
Nr2f1,-0.06419206058506477,0.07827950220834556,0.24378659320056795,0.14769430969495073,0.22936158549541563,0.3421975570670124,other
Tenm1,-0.06440280326379105,0.06303167827585066,0.01363185715463519,-0.37918151899797964,0.03260630478301721,0.09515146493030366,other
Stk38l,-0.06448003497140148,0.05956501012234505,0.00661803191363336,-0.2615730872038522,0.07138703353443834,0.153066522933657,other
Slc9a9,-0.06454332212062708,-0.07647866738175013,0.15445235734895002,0.33392838033723715,0.8937535902043922,0.9249415832080755,other
Akap9,-0.064560835080258,0.04802533936812625,0.003845349039106827,-0.03630196837620002,0.04514062557215464,0.11588441421417252,other
Gtf2a1,-0.06458755671351102,0.0054835495062082185,0.04733733210358437,0.05619345789740551,0.25628023724432436,0.37159905917660563,other
Csnk1a1,-0.06473429169022582,0.05766323289507125,0.02544989932792885,-0.10194388379617814,0.25628023724432436,0.37159905917660563,other
Fbxl12,-0.06479121884052985,0.08732781745990525,0.043041403501347775,0.3431281942407947,0.1816927632278722,0.29053755022739064,other
Maf,-0.06488365661347584,0.046039461784393776,0.16022046946087665,0.6074363612538127,0.25628023724432436,0.37159905917660563,other
Tle4,-0.06490450091687405,0.0025490818349314104,0.02987490978978613,-0.13998635750548363,0.5042736753035878,0.6149414338330388,other
Mtus1,-0.06501336276479286,0.11806946015904574,0.023898924057842885,0.06191226113475209,0.1816927632278722,0.29053755022739064,other
Plk2,-0.06508702663603716,0.09809085976027487,0.12264488940053286,0.03953433542339591,0.12456406214237814,0.2225573663706728,other
Mdm4,-0.0651308197271423,0.03369349335908578,0.041493448928731747,0.02685351085362741,0.34984355386886234,0.4674049157373145,other
Sardh,-0.06522840483520786,0.10795482927825106,0.11184869889086158,0.4878387805075647,0.14180099264371332,0.24321683371741143,other
Zkscan1,-0.06527417388479206,0.04129396648605299,0.037594013840578366,-0.04923143656498359,0.07138703353443834,0.153066522933657,other
Cers4,-0.0652749524705104,0.06400956798767177,0.07820408403256607,-0.10418167636731375,0.0950279527318241,0.1838913455557795,other
Aip,-0.06552151867750067,0.06405230936497042,0.034499877919008326,-0.22054689006636588,0.10900678981544218,0.20241850558739374,other
Rsad1,-0.06558626273359358,0.05231862902024964,0.06572223290259366,-0.05221515999316441,0.006183281626511232,0.05819357855504391,other
Hoxc8,-0.06559016277118296,-0.042903355981163405,-0.001438117502442715,-0.13327297979207678,0.04514062557215464,0.11588441421417252,other
Cnksr3,-0.06564239448843026,-0.0031778001557979385,0.05192005557168167,0.3145341780540618,0.06151359999604334,0.1395822391369293,other
Smdt1,-0.06567188673396895,0.024333509103872553,-0.02683921254569288,-0.4555151100356058,0.25628023724432436,0.37159905917660563,other
Sox17,-0.06567449055716312,0.09834878366343358,0.011287484163222006,-0.20488234206841655,0.06151359999604334,0.1395822391369293,other
Nrg1,-0.06572952060968407,0.03508408835685295,-0.07624030939130394,-0.5410485149767893,0.027547148107414817,0.08793366864575906,other
Yes1,-0.06588617300904975,0.024973124642964528,0.03692273267705831,-0.2344709327312097,0.01116262730740973,0.06326729099455225,other
Lats1,-0.06589167866633305,0.07496775178919957,0.051242482926237676,0.013426755426813704,0.42293676385905665,0.5393501081112619,other
Atg16l1,-0.0658972549948984,0.07123276452057203,-0.0023854552623643333,0.0626581919917973,0.20451844490430449,0.3170968350932697,other
Slc8a1,-0.06589776104760348,0.05761781787060327,0.033455017676712995,-0.41697534908827005,0.16081398497923238,0.2665947797787015,other
Cdh4,-0.06592003290922327,0.03247958168140047,0.03386797823664056,-0.3941001361388838,0.027547148107414817,0.08793366864575906,other
Rab27b,-0.06602688004678753,0.00861755333671993,0.012224697098559834,-0.5718803237346578,0.0026556990473244895,0.05819357855504391,other
Pja1,-0.06603036189457878,-0.0014575449273765972,0.04726377415087879,-0.27748627882081656,0.03260630478301721,0.09515146493030366,other
Glg1,-0.06622791751806578,0.028637059820367572,0.0361716558431362,-0.5189192328844482,0.07138703353443834,0.153066522933657,other
Nos3,-0.06627083878325757,0.21957219187899646,-0.06917514649948509,-0.144959229885785,0.25628023724432436,0.37159905917660563,ratchet_cumulative
Nptxr,-0.06627538412829981,0.047971694913630514,0.0024637234980917633,-0.4952980890780167,0.0194271256064567,0.07507406645343609,other
Kcng1,-0.06637050654371038,-0.0033008209337365146,0.02170590877161399,-0.3674952689042714,0.0162163284475037,0.07051960052064482,other
Epha7,-0.06642293151775253,0.08904548398433187,0.12889724728943214,0.31826383233928784,0.08252326938191985,0.1680443900667358,other
Chrna7,-0.06651703082922478,0.01883998383442609,0.018353761367772836,-0.5082275572668002,0.0162163284475037,0.07051960052064482,other
Mrc1,-0.06654121624658904,0.18803299978021593,0.20880124186435878,0.6805375852442428,0.285318068487978,0.4017133500847849,other
Kctd15,-0.0665590229851622,0.07107099239534276,0.06634273453597961,-0.09547914970178635,0.038441132178322214,0.10446894791775259,other
Cntn4,-0.06657477231712555,0.04597735567197253,-0.0036891107445681803,-0.5328432755492921,0.0162163284475037,0.07051960052064482,other
Cops9,-0.06673249413916005,-0.005946202850676929,0.016523167163243757,-0.36252239652397006,0.06151359999604334,0.1395822391369293,other
Rab28,-0.06674250287430672,0.029948439001058924,0.007351035332205491,-0.3953433542339591,0.16081398497923238,0.2665947797787015,other
Klf12,-0.06681905997264803,0.045479840279951,0.05923573701868967,-0.3249772100526947,0.07138703353443834,0.153066522933657,other
Uba6,-0.0668380350791481,0.030583999027494535,0.041799703419912015,-0.242676172158707,0.05279870698063471,0.12722069169023034,other
Shtn1,-0.06688149678951905,-0.021459544135967956,-0.02500584036003195,-0.36351697100003033,0.8937535902043922,0.9249415832080755,other
Tacr3,-0.06690212439080614,0.04369681164308803,0.023974103774890593,-0.38465167861631117,0.0050366811503910055,0.05819357855504391,other
Tmem41b,-0.06695906882992186,0.06027762384755064,-0.03236158208083001,-0.17156409712039736,0.16081398497923238,0.2665947797787015,other
Des,-0.06703810534707971,0.11834442519541466,0.033500498455944216,0.43761276946652083,0.25628023724432436,0.37159905917660563,other
Srebf2,-0.06706991275205332,-0.07484689101553688,-0.1673985889062679,-0.6544300052476607,0.5478383165397469,0.6526210305159386,other
Fstl5,-0.06722786125145125,0.03667474857682007,-0.02141487467580877,-0.48709284965051936,0.038441132178322214,0.10446894791775259,other
Hif3a,-0.0673064401519674,0.16378607333837325,0.014887616230164713,0.1163652136990521,0.20451844490430449,0.3170968350932697,other
Wdr82,-0.0673290878403282,0.05678623091873414,0.027933209945935178,-0.04102619713748632,0.12456406214237814,0.2225573663706728,other
Psmd1,-0.06734543234151458,0.038603046129098484,-0.0507209997858189,-0.4420883546087921,0.16081398497923238,0.2665947797787015,other
Gdf1,-0.06742629426653812,0.027845540266849156,0.07133550359324925,-0.41548348737417967,0.0194271256064567,0.07507406645343609,other
Rhbdl3,-0.0674443045038296,0.011596593138285205,0.022508463715487592,-0.2260170496846974,0.006183281626511232,0.05819357855504391,other
Pip4p1,-0.06750458614700183,0.016366449975147024,0.040635571387835245,0.021383351235295903,0.027547148107414817,0.08793366864575906,other
Clk1,-0.06766650113931671,-0.02300057793955257,0.03340761198016118,-0.12009486798427815,0.4626083472826239,0.5766777075974254,other
Sh3tc2,-0.06768894640839512,0.047272571000255476,0.030992213220652598,-0.33566888567034264,0.004085851125205444,0.05819357855504391,other
Acacb,-0.06772043937058031,0.07690199779287643,0.04706634586608968,0.10244117103420827,0.04514062557215464,0.11588441421417252,other
Cacna1c,-0.06780868543588414,0.09413876646856811,0.019230025409828655,-0.39335420528183856,0.06151359999604334,0.1395822391369293,other
Dkk3,-0.06785978938289139,0.0909421192624924,0.05317714760681791,-0.18971508130849737,0.05279870698063471,0.12722069169023034,other
Klhl22,-0.06786332697336694,0.055020465028047805,0.06189043315991205,-0.1822557727380453,0.0194271256064567,0.07507406645343609,other
Med24,-0.06794899154772938,0.0886633849459254,0.03628611855905983,-0.23670872530234535,0.12456406214237814,0.2225573663706728,other
Rhpn1,-0.06798999183664056,0.04785313168150157,0.027295262185053015,-0.21234165063886862,0.00920502620895087,0.06294214301857694,other
Sostdc1,-0.06804470008903937,0.06559915310462133,0.030241734552108462,-0.04475585142271235,0.12456406214237814,0.2225573663706728,other
Cacna1h,-0.0681060563897718,0.08552994745606196,0.08073608877961852,-0.05818260684952605,0.0950279527318241,0.1838913455557795,other
Nlgn2,-0.06816763950504523,0.059107928336888715,0.06174523761578676,-0.3448686995739002,0.06151359999604334,0.1395822391369293,other
Fbxw7,-0.06827060731586632,-0.013181983711208156,0.02489352279423973,-0.529113621264066,0.01116262730740973,0.06326729099455225,other
Ptp4a1,-0.0682785470732582,0.07942034848760737,-0.030963953470535932,-0.10915454874761513,0.285318068487978,0.4017133500847849,other
Aldh9a1,-0.06828621397903245,0.09153269638959649,0.08713182713970313,0.21756316663818503,0.04514062557215464,0.11588441421417252,other
Bbs1,-0.06831005901661025,0.09809706106863636,0.06426878960882654,-0.11561928284200693,0.023180056414889752,0.08120979929419823,other
Heyl,-0.06836876823988669,0.037174055775555104,0.01008883137908581,-0.2322331401600741,0.013481568265476605,0.06644394176057601,other
Nqo1,-0.06845181631927783,0.08787141234698337,0.1146707876802271,0.21631994854310968,0.07138703353443834,0.153066522933657,other
Hsf1,-0.06851478822654178,0.07294969388814909,0.051645077246893045,0.0706147878002795,0.05279870698063471,0.12722069169023034,other
F3,-0.06854008051396043,0.1171585278147057,0.078492665098287,0.15216989483722201,0.10900678981544218,0.20241850558739374,other
Mtor,-0.06858333399328909,0.08136167024949881,0.025387721811601205,-0.3093126620547454,0.027547148107414817,0.08793366864575906,other
Ddx56,-0.06862523920201791,0.09278431440417445,0.012456777304490352,0.07857138360876169,0.1816927632278722,0.29053755022739064,other
Lats2,-0.06874652279900961,0.05997133510627717,0.0315954378425376,0.3796788062360098,0.08252326938191985,0.1680443900667358,other
Cltb,-0.06896077405888823,0.04048590591692092,-0.018017452757604246,-0.521405669074599,0.013481568265476605,0.06644394176057601,other
Slc25a51,-0.06901839679223776,0.029238535319757064,0.035334952957694565,-0.12556502760260965,0.0950279527318241,0.1838913455557795,other
Smarca1,-0.06905834537569022,0.05095006047755346,0.03981669329789045,-0.4468125833700784,0.01116262730740973,0.06326729099455225,other
Sox9,-0.06905932471587306,0.21948697951691765,0.1978720051000724,0.25834072015665627,0.5478383165397469,0.6526210305159386,ratchet_cumulative
Nell1,-0.06907310398511174,0.004548304263755243,0.006920762733975128,-0.5624318662120852,0.023180056414889752,0.08120979929419823,other
Chka,-0.06910097783355207,0.11022361952531534,0.027185724290546,0.13327297979207678,0.285318068487978,0.4017133500847849,other
Pde1c,-0.06920516167474916,0.0456727878458294,0.022851827616979237,-0.40877010966077276,0.03260630478301721,0.09515146493030366,other
Abcc8,-0.06922223363782565,0.03893123739822063,0.02534334714831904,-0.20712013463955217,0.06151359999604334,0.1395822391369293,other
Klf5,-0.06929894250264446,0.2792258396303008,0.10089307430225092,0.2854428746292988,0.4626083472826239,0.5766777075974254,ratchet_cumulative
Fbxl4,-0.06930685093128308,0.03803155413464265,0.02107745788640536,-0.30061013538921794,0.0194271256064567,0.07507406645343609,other
Rb1cc1,-0.06939883711960643,0.045066004042369656,0.020750219178695295,-0.25311920415733985,0.10900678981544218,0.20241850558739374,other
Rbfox2,-0.06945861920567042,0.04159022410150348,0.012076578485321954,-0.40553774261357695,0.027547148107414817,0.08793366864575906,other
Asf1a,-0.06946599924168317,0.016814069511540075,0.03225845925643389,-0.30583165138853435,0.0050366811503910055,0.05819357855504391,other
Atp7b,-0.0697498568495511,0.06046623527219258,0.061975221143553416,0.11785707541314253,0.027547148107414817,0.08793366864575906,other
Mcam,-0.06979147355774651,0.10883676466837722,0.1169463861476836,-0.23795194339742065,0.10900678981544218,0.20241850558739374,other
Tcf12,-0.06981847647564843,0.08021488688020462,0.08874420331873445,0.4570069717496961,0.14180099264371332,0.24321683371741143,other
Col9a2,-0.0698908334156847,0.038360684247086,0.03485652095860309,-0.16708851197812613,0.013481568265476605,0.06644394176057601,other
Hey2,-0.06991157605399023,0.05179736107648025,0.05621621521802267,0.06688513351505346,0.0162163284475037,0.07051960052064482,other
Ezh1,-0.06993274445577446,0.05163761112242016,0.04375755703493267,-0.14048364474351377,0.10900678981544218,0.20241850558739374,other
Mkks,-0.0699531422805231,0.018707237776845465,0.03068639707411769,-0.14719702245692062,0.00920502620895087,0.06294214301857694,other
Hspb2,-0.07001922435528682,0.09901919634529044,0.027252390126120102,0.37172221042752757,0.023180056414889752,0.08120979929419823,other
Gabra2,-0.0700925495840985,0.0534776638254047,0.09837996080681105,-0.12830010741177542,0.07138703353443834,0.153066522933657,other
Kcnh8,-0.07009678608172557,0.04635999266998875,0.030998038540729356,-0.2976264119610371,0.0162163284475037,0.07051960052064482,other
Mxd4,-0.07011808514436035,0.06886817336218798,0.028035902587881523,0.228254842255833,0.12456406214237814,0.2225573663706728,other
Exoc4,-0.07012771535072759,0.06455257064660058,0.0554121798187408,0.21408215597197408,0.07138703353443834,0.153066522933657,other
Fhl2,-0.07019649808539247,0.10921322265831546,0.053609242863622064,0.48162269003218794,0.14180099264371332,0.24321683371741143,other
Diras1,-0.07028327695354042,-0.03653794926785259,-0.0012322926796008993,-0.5572103502127688,0.038441132178322214,0.10446894791775259,other
Slitrk3,-0.07037660451350602,-0.011785715599721414,0.011414071495380262,-0.5711343928776126,0.0194271256064567,0.07507406645343609,other
Wee1,-0.07055963766991025,0.06719225928917916,0.036066482630803254,0.023869787425446588,0.0194271256064567,0.07507406645343609,other
Aldh4a1,-0.07060954062102132,0.11320694429394507,0.14430476077779808,0.47068237079552483,0.07138703353443834,0.153066522933657,other
Prkd1,-0.07070581173681434,0.05268999895817461,0.02603748234743486,-0.26878375215528916,0.038441132178322214,0.10446894791775259,other
Mycl,-0.07079178611462528,-0.07258414950236053,0.04818657197225851,0.06713377713406853,0.16081398497923238,0.2665947797787015,other
Kat2a,-0.07080755452132759,0.07425656733160402,0.04008094717370003,-0.36998170509442213,0.0162163284475037,0.07051960052064482,other
Acvr2b,-0.07084503243051088,0.06601736924810248,0.07303215200963159,0.18175848550001517,0.07138703353443834,0.153066522933657,other
Dbx2,-0.07090611988147844,0.002073049230666202,0.18334666952093293,-0.16907766093024668,0.1816927632278722,0.29053755022739064,other
Vangl2,-0.07101500928771853,0.02359891391509672,0.04390075152968864,-0.06912292608618908,0.06151359999604334,0.1395822391369293,other
Mast2,-0.0711616793026244,0.06323036981663388,0.014632139993373983,-0.43288854070523447,0.006183281626511232,0.05819357855504391,other
Ap2a1,-0.07121398642577059,0.05382255975898542,0.022677779196178527,-0.41871585442137554,0.06151359999604334,0.1395822391369293,other
Large1,-0.07126855970583024,0.022670547322123702,0.08363053122772213,0.03505875028112468,0.0194271256064567,0.07507406645343609,other
Dagla,-0.07133449554168891,0.0637773672251497,0.05834314103192495,-0.24541125196787275,0.023180056414889752,0.08120979929419823,other
Dcaf7,-0.07153162548050251,0.04276538480520542,0.025595614102713382,-0.40429452451850156,0.0950279527318241,0.1838913455557795,other
Smo,-0.07155312058801833,0.12211746276639146,0.09516358421498633,0.3389012527175385,0.07138703353443834,0.153066522933657,other
Prkca,-0.07163567283268724,0.0689611526181888,0.0822994402439281,-0.0775768091327014,0.07138703353443834,0.153066522933657,other
Lrp6,-0.07163990046665492,0.06033860041051875,0.08563880760509934,0.3284582207189057,0.027547148107414817,0.08793366864575906,other
Npepps,-0.0717584131801936,0.03718531913514478,0.05950590966661351,-0.27823220967786183,0.08252326938191985,0.1680443900667358,other
Gaa,-0.07180177572676016,0.10483153792792521,0.16834061786368282,0.15167260759919185,0.22936158549541563,0.3421975570670124,other
Dcc,-0.07183000412191143,0.02880304336521622,0.050819338630969435,-0.402305375566381,0.013481568265476605,0.06644394176057601,other
Gbf1,-0.0718883011515924,0.07146510612204637,0.024784772571478486,-0.228254842255833,0.06151359999604334,0.1395822391369293,other
Gmfb,-0.0720357623876613,-0.03676489241687331,-0.023227907319787855,-0.22974670396992344,0.6886643247682933,0.7701987986500909,other
Hdac5,-0.07211471902551114,0.01970850989851658,0.09685398834737247,-0.060420399420661686,0.038441132178322214,0.10446894791775259,other
Nyap1,-0.07212702422059536,0.027288343073710974,0.02734239958478135,-0.3888786201395673,0.0194271256064567,0.07507406645343609,other
Tgfb3,-0.07224611188664787,0.007288698300939922,0.11563029833249844,-0.027350798091657552,0.22936158549541563,0.3421975570670124,other
Trib2,-0.07224779637499357,0.05766304586760723,0.02529126011533281,-0.22228739539947137,0.013481568265476605,0.06644394176057601,other
Pten,-0.07227968333516266,0.024725597174727332,0.05042562608611845,-0.015913191616964393,0.0033008726972586534,0.05819357855504391,other
Mecp2,-0.07242967560512814,0.062103774788770494,0.035123434061365755,0.010194388379617815,0.04514062557215464,0.11588441421417252,other
Plaat1,-0.07252910215274627,0.04092775585791342,0.04303792070850124,-0.3314419441470865,0.007559810778662305,0.06063301066345349,other
Adgrg6,-0.07256442495910409,0.09919876939843958,0.07771781344032441,0.19145558664160287,0.12456406214237814,0.2225573663706728,other
Mpc1,-0.07256634047729205,-0.011469217034220769,-0.01443088958087868,-0.3836571041402509,0.285318068487978,0.4017133500847849,other
Camsap3,-0.07257036003782186,0.020540495142646442,0.018278339805444244,-0.36078189119086457,0.0194271256064567,0.07507406645343609,other
Dctn1,-0.07261235853659409,0.047145938449507874,-0.031638923917972406,-0.4759038867948413,0.06151359999604334,0.1395822391369293,other
Mfsd2a,-0.07268759233871025,0.07207988690167144,0.010673219531256217,-0.4749093123187811,0.08252326938191985,0.1680443900667358,other
Serpine2,-0.07274490798196531,0.1291702088386275,0.16288461325131065,0.04102619713748632,0.42293676385905665,0.5393501081112619,other
Syt9,-0.07278494984903175,0.03705343636913233,0.03217497837746147,-0.29837234281808234,0.027547148107414817,0.08793366864575906,other
Zbtb7a,-0.07283550866556965,0.03729140853074098,0.04039874257369025,-0.17753154397675902,0.0021277894149469047,0.05819357855504391,other
Ift122,-0.0728439737444363,0.1004521566262041,0.07890321938828304,0.15739141083653846,0.04514062557215464,0.11588441421417252,other
Micu1,-0.0728990675212533,0.026298382485437033,0.017264039961952138,-0.4729201633666606,0.07138703353443834,0.153066522933657,other
Pdpk1,-0.07299512023266419,0.015911552454288436,0.030534748009222512,-0.5241407488837646,0.0026556990473244895,0.05819357855504391,other
Dvl1,-0.07311266067469102,0.10351383862013086,0.05332745017251539,0.14471058626676994,0.0950279527318241,0.1838913455557795,other
Sgcd,-0.07342662227345548,0.0660017175929421,0.023626708012971454,-0.2401897359685563,0.006183281626511232,0.05819357855504391,other
Sox6,-0.0734426475986727,-0.03978555298511155,0.0704302826167208,0.059674468563616474,0.3853315267895524,0.5025763534015615,other
Frmpd1,-0.07352038753310353,0.08523172880314744,-0.0030629247216487077,-0.3180151887202728,0.027547148107414817,0.08793366864575906,other
Vstm2a,-0.07362635673745255,0.009060490084633388,-9.70680973072513e-05,-0.5534806959275428,0.0194271256064567,0.07507406645343609,other
Mboat7,-0.07395892744614674,0.11200861222633174,0.05210083702670398,0.13700263407730282,0.10900678981544218,0.20241850558739374,other
Chrm2,-0.07404930336720356,0.023535244307376857,-0.016315665615531605,-0.5900313079227579,0.027547148107414817,0.08793366864575906,other
Npsr1,-0.07406069619875301,0.03810645990599634,0.03786398233307732,-0.362273752904955,0.0006599927848675582,0.05819357855504391,other
Mpp3,-0.07410158076539558,0.06414969370415902,0.050348777898520436,-0.43338582794326463,0.027547148107414817,0.08793366864575906,other
Ago1,-0.07410433316872789,0.0022248998383906926,0.07401627331254046,-0.06290683561081235,0.006183281626511232,0.05819357855504391,other
Crebrf,-0.0741546509178872,0.05224478656366771,0.04019523017599669,0.06141497389672195,0.04514062557215464,0.11588441421417252,other
Ash1l,-0.07417562584232695,0.06723909083347968,0.005151618328226082,-0.24690311368196316,0.14180099264371332,0.24321683371741143,other
Ube2g1,-0.07418052606065062,-0.007117413723299104,0.004875863212218334,-0.35481444433450293,0.14180099264371332,0.24321683371741143,other
Rhpn2,-0.07428870462388742,0.05375237786509529,0.019850232116887356,-0.3466092049070057,0.023180056414889752,0.08120979929419823,other
Tbck,-0.07429142705122738,0.0303080092187058,0.02042145657686323,-0.12631095845965487,0.12456406214237814,0.2225573663706728,other
Gli3,-0.07430131672550772,0.05485837182290826,0.08194812105993404,0.12432180950753433,0.038441132178322214,0.10446894791775259,other
Meis1,-0.0743133023389645,0.07116692646603906,0.029206027764519416,-0.41598077461220984,0.05279870698063471,0.12722069169023034,other
Tdgf1,-0.0743202322309135,0.03840000750649297,0.05328574253649268,0.28792931081944945,0.038441132178322214,0.10446894791775259,other
Klhl3,-0.0744181045284873,0.054006108984812395,0.033617391485741055,-0.18648271426130147,0.013481568265476605,0.06644394176057601,other
Pax2,-0.07445442961613319,0.009039194979075904,0.0012624068071251937,-0.4597420515588619,0.038441132178322214,0.10446894791775259,other
Gba2,-0.0744592402054638,0.02581971590723664,0.01849334954492965,-0.48858471136460985,0.00920502620895087,0.06294214301857694,other
Timmdc1,-0.07450119167453817,0.029305019336612004,0.06567354903741973,-0.22203875178045632,0.006183281626511232,0.05819357855504391,other
Zfp106,-0.07451368197184771,0.05277571269928205,0.009066180652411271,-0.3001128481511878,0.25628023724432436,0.37159905917660563,other
Rptor,-0.07465964275215375,0.03242838277105298,0.03384937614915895,0.1611210651217645,0.05279870698063471,0.12722069169023034,other
Tpcn1,-0.07471705934844186,0.06530610726453645,0.09914369296382608,-0.09746829865390691,0.8937535902043922,0.9249415832080755,other
Sun1,-0.07477183467877868,0.09623572265687819,0.027375022323658627,-0.33392838033723715,0.08252326938191985,0.1680443900667358,other
Dusp7,-0.07480559348830895,0.020380967238424974,0.09226627897362549,0.26231901806089736,0.03260630478301721,0.09515146493030366,other
Hnrnph1,-0.07484416860071397,0.0556126312517089,0.018921268434744398,-0.29712912472300695,0.05279870698063471,0.12722069169023034,other
Efna5,-0.07496012998672752,0.04807507966726532,0.019468883756645794,-0.30185335348429326,0.0050366811503910055,0.05819357855504391,other
Fto,-0.07498073793691828,0.028838825829565096,0.04481962340518297,-0.22651433692272754,0.05279870698063471,0.12722069169023034,other
Ptprf,-0.07501298392158529,0.1134090094428849,0.0408011400124878,-0.17827747483380418,0.08252326938191985,0.1680443900667358,other
Srsf1,-0.07510557922228611,0.11227997704684478,-0.006525882276467776,-0.02884265980574796,0.4626083472826239,0.5766777075974254,other
Trim32,-0.07533995429145468,0.023195077129516517,0.04293400108543799,-0.17405053331054807,0.05279870698063471,0.12722069169023034,other
Hopx,-0.07539878996917837,-0.03093436770676039,-0.0834361979285132,0.18623407064228642,0.5931862546017165,0.690989514666215,other
Unc13b,-0.07554137613762285,0.11353779339543169,0.05649612600875692,0.01243218095075343,0.07138703353443834,0.153066522933657,other
Hmcn1,-0.07557329406467081,0.001981292156321285,0.04357386629132104,-0.1181057190321576,0.023180056414889752,0.08120979929419823,other
Wdr59,-0.07565693074637725,0.04698002414681279,0.05012104890303337,-0.3068262258645947,0.023180056414889752,0.08120979929419823,other
Arhgef11,-0.07570183185640955,0.08117737065117714,0.014574048414182084,-0.09423593160671101,0.03260630478301721,0.09515146493030366,other
Pkd1,-0.07571688823509382,0.14819346994783644,0.07964281457911992,0.30309657157936865,0.12456406214237814,0.2225573663706728,other
Washc4,-0.07581114039240189,0.02243721908844365,-0.02660313891126853,-0.14172686283858912,0.5042736753035878,0.6149414338330388,other
Atraid,-0.07600384272991922,0.06798185915713129,0.05722607548883474,0.0,0.42293676385905665,0.5393501081112619,other
Wrnip1,-0.07605607867235542,0.021197722992742696,0.014203213376592583,-0.2474004009199933,0.03260630478301721,0.09515146493030366,other
Trpc1,-0.0761519042763606,0.06050327678748818,0.03447692157910537,-0.282459151201118,0.013481568265476605,0.06644394176057601,other
Hoxb7,-0.07620971123275333,0.040904355839899875,0.06724773769562864,-0.28171322034407276,0.07138703353443834,0.153066522933657,other
Hes1,-0.0763290046575189,0.09401285927766379,0.0755011549488982,-0.10343574551026855,0.027547148107414817,0.08793366864575906,other
Palmd,-0.07636748367123103,-0.001991189382120284,-0.0426876358598296,-0.3592900294767742,0.03260630478301721,0.09515146493030366,other
Impad1,-0.0764506776769932,0.0021934823362457223,-0.0011084858011667365,-0.4575042589877263,0.14180099264371332,0.24321683371741143,other
Mtcl1,-0.07674315559056932,0.0411360382239892,0.027452404562732347,-0.39509471061494406,0.03260630478301721,0.09515146493030366,other
Ninj2,-0.07678718841644969,-0.022983137959654454,0.02584837468852194,-0.34735513576405086,0.004085851125205444,0.05819357855504391,other
Cbln1,-0.07690049230908536,0.04476074554004561,0.05064467139817391,-0.4189644980403906,0.06151359999604334,0.1395822391369293,other
Bnc2,-0.07704132055002394,0.09310803344194968,0.026332169831098262,-0.22203875178045632,0.05279870698063471,0.12722069169023034,other
Hrh1,-0.07707035040348209,0.07000078983204311,0.0863358651086249,-0.10467896360534389,0.0194271256064567,0.07507406645343609,other
Slc1a3,-0.07713849636931913,0.05860440210576234,0.12749867278786908,0.38216524242616046,0.5478383165397469,0.6526210305159386,other
Chrna4,-0.07721098624154676,0.03826528355749198,0.01922427165923135,-0.224525187970607,0.027547148107414817,0.08793366864575906,other
Kdm5b,-0.07727547527048473,0.04404786923898585,0.012642079614618273,-0.39608928509100433,0.03260630478301721,0.09515146493030366,other
Cisd2,-0.07733720385347986,0.056680879886826574,-0.028830151442864826,-0.34089040166965906,0.34984355386886234,0.4674049157373145,other
Slc4a1,-0.07734622577840665,0.004652669077348279,0.034174445408772965,0.17877476207183435,0.0026556990473244895,0.05819357855504391,other
Rfx4,-0.07741300840520654,0.0763559957463037,0.11309232105414802,0.059674468563616474,0.20451844490430449,0.3170968350932697,other
Kyat1,-0.07755562405356797,0.0895153662111347,0.061495691869594304,-0.13998635750548363,0.023180056414889752,0.08120979929419823,other
Rtn3,-0.0776050836816089,-0.058008043805639176,0.035733255289853716,-0.4684445782243893,0.0162163284475037,0.07051960052064482,other
Ldb1,-0.07769662515718778,0.06372876898881596,0.00962341114049492,0.15813734169358365,0.22936158549541563,0.3421975570670124,other
Crbn,-0.0777203934191032,0.05173010003825529,0.015195620460187742,-0.23248178377908915,0.07138703353443834,0.153066522933657,other
Asap2,-0.07775125563609997,0.11761934455208478,-0.019275656459644797,-0.33169058776610155,0.14180099264371332,0.24321683371741143,other
Slc2a1,-0.07780953526916523,0.13816463601199125,-0.08778126155029176,-0.38390574775926595,0.07138703353443834,0.153066522933657,other
Hoxb6,-0.07789588619762022,0.04995307476177946,0.09012598574556141,-0.2332277146361344,0.25628023724432436,0.37159905917660563,other
Myh2,-0.07799917346189648,0.045872027052583836,0.015229937571625921,0.07086343141929456,0.023180056414889752,0.08120979929419823,other
Nkain1,-0.07815255256409259,0.007343057444001766,0.0895799621821185,-0.21457944321000422,0.04514062557215464,0.11588441421417252,other
Fbh1,-0.07816422032312476,0.14014536073563688,0.05488630239912662,0.20637420378250695,0.285318068487978,0.4017133500847849,other
Mdk,-0.07816496005362206,0.07427014607720883,0.0424638967700095,0.4880874241265796,0.16081398497923238,0.2665947797787015,other
Mapkap1,-0.0782428262608984,0.04028888289576349,0.037878860585913054,-0.17579103864365353,0.22936158549541563,0.3421975570670124,other
Ywhag,-0.0782510797078193,0.02673913435955111,0.022679243992339337,-0.2837023692961933,0.20451844490430449,0.3170968350932697,other
Crb2,-0.07826561988008951,0.053717597873958606,0.10030226580751037,0.4587474770828016,0.00920502620895087,0.06294214301857694,other
Kdm4b,-0.07827199615766167,0.03332386115625385,0.009408151246237617,-0.12606231484063982,0.007559810778662305,0.06063301066345349,other
Cltc,-0.07830498537105735,0.10432912255204307,0.06769184100839665,-0.002735079809165755,0.05279870698063471,0.12722069169023034,other
Epc1,-0.07831816312890028,0.09095690736449824,0.04216521770237924,0.07484172932353565,0.1816927632278722,0.29053755022739064,other
Ncoa1,-0.07833165329349434,0.06393624370406004,0.007500013506765768,-0.38266252966419056,0.16081398497923238,0.2665947797787015,other
Fyn,-0.07838022785141896,-0.14783591433996524,0.018057245492667295,0.06539327180096305,0.16081398497923238,0.2665947797787015,other
Sema3a,-0.07870425700337347,0.0214038141884334,0.11705096743868126,0.37420864661767833,0.10900678981544218,0.20241850558739374,other
Hrh3,-0.07875269101491078,0.08308522081629605,0.0414717851989338,-0.31378824719701665,0.023180056414889752,0.08120979929419823,other
Kcnj2,-0.07880607766212533,0.07254183244376,0.09755803004634456,0.3945974233769139,0.20451844490430449,0.3170968350932697,other
Adra1a,-0.07885210501218243,0.05711671768810267,0.028095251961575807,-0.42393737042069196,0.006183281626511232,0.05819357855504391,other
Gnb1,-0.07902970222364702,-0.006444089186883772,0.03943328554006831,-0.2314872093030289,0.023180056414889752,0.08120979929419823,other
Cbln2,-0.07904336466924994,0.04897859665651416,0.028992368524374423,-0.4749093123187811,0.0950279527318241,0.1838913455557795,other
Oprm1,-0.07909836183168095,0.03767890502769938,-0.0007677508331773164,-0.2737566245355906,0.01116262730740973,0.06326729099455225,other
Trpc3,-0.07926217965706711,0.008535785539682816,0.023892034896720732,-0.427667024705918,0.0033008726972586534,0.05819357855504391,other
Dpf2,-0.07935474378632756,0.05800380273413386,-0.004139643337783605,-0.08801984113133429,0.0162163284475037,0.07051960052064482,other
Ap3s2,-0.07955604630609969,0.036457232430651465,0.018434210431295672,-0.333182449480192,0.013481568265476605,0.06644394176057601,other
Kmt2c,-0.07961268486147466,0.08142046907485145,0.024617778444685268,0.06141497389672195,0.08252326938191985,0.1680443900667358,other
H2afv,-0.07961360224243141,0.058142158468734995,0.049356702791345075,-0.08727391027428909,0.0033008726972586534,0.05819357855504391,other
Nrep,-0.07971169647838111,0.008840167861483783,0.10088330486768654,-0.19568252816485898,0.0162163284475037,0.07051960052064482,other
Sec23a,-0.07973339432877768,0.032881298362950395,0.013641996566410963,-0.42642380661084267,0.05279870698063471,0.12722069169023034,other
Hr,-0.07973850168944802,0.016539292890664026,0.030883727048181542,-0.4336344715622797,0.007559810778662305,0.06063301066345349,other
Serpini1,-0.07993249250386247,0.053781609920356965,-0.013497380673081039,-0.32771228986186046,0.08252326938191985,0.1680443900667358,other
Efnb1,-0.0799746466145757,0.04854601150453286,0.0652862697966356,0.3570522369056386,0.013481568265476605,0.06644394176057601,other
Apc,-0.07999689093289919,0.011602762030597846,0.04798202377359284,-0.4664554292722688,0.07138703353443834,0.153066522933657,other
Ogt,-0.08009357719157251,0.1218911003550689,0.1373708537221714,0.4294075300390235,0.25628023724432436,0.37159905917660563,other
Nova2,-0.08011296883196678,0.08581522960371268,0.037460536735408334,-0.2819618639630878,0.027547148107414817,0.08793366864575906,other
Ddit3,-0.08035255392650165,0.08817970883103898,0.027984031518463848,0.07906867084679182,0.007559810778662305,0.06063301066345349,other
Hoxa5,-0.08035608612122824,0.07499457321216807,0.09753132992042302,-0.027599441710672617,0.07138703353443834,0.153066522933657,other
Atxn10,-0.08038997535605308,0.028431068145058358,0.07705441749003361,-0.055198883421345234,0.1816927632278722,0.29053755022739064,other
Slco3a1,-0.08041927510982005,0.014239427901992396,-0.01721206153957322,-0.6148956698242647,0.0162163284475037,0.07051960052064482,other
Cx3cl1,-0.08047670267476092,0.10509125922342388,0.0011419689507385922,-0.4127484075650139,0.08252326938191985,0.1680443900667358,other
Rgmb,-0.08050028408401766,0.08261098953079893,0.1001786591221312,-0.13178111807798637,0.023180056414889752,0.08120979929419823,other
Sept7,-0.08058304492501267,-0.10703265505874193,-0.06739202752749218,-0.6773052181970469,0.285318068487978,0.4017133500847849,other
Ncbp2,-0.08059617166128319,0.04334586253955186,0.05543421457790687,0.06688513351505346,0.07138703353443834,0.153066522933657,other
Cdc42,-0.0810462384874231,0.021248466885412487,0.016088916858663538,-0.33417702395625226,0.05279870698063471,0.12722069169023034,other
Ptpa,-0.08108756718744692,0.014391815294514387,0.08691009675241235,-0.31503146529209197,0.0010674246179843178,0.05819357855504391,other
Fryl,-0.08117738565450416,0.053635303942673795,-0.007057679032893338,-0.21457944321000422,0.0194271256064567,0.07507406645343609,other
Rif1,-0.08121372997855292,0.0216290572977349,0.002620691452507762,-0.33392838033723715,0.10900678981544218,0.20241850558739374,other
Sptan1,-0.08127377593871454,0.07122730728111604,-0.02249715279956188,-0.4940548709829413,0.01116262730740973,0.06326729099455225,other
Pcbp3,-0.081319381060586,0.06475756693374912,0.0018659476490927585,-0.4408451365137167,0.03260630478301721,0.09515146493030366,other
Opa1,-0.08138949703655962,0.02768592525103064,0.015723500492827003,-0.35431715709647277,0.04514062557215464,0.11588441421417252,other
Myrf,-0.08157270732935862,-0.03457935005522472,-0.04203316199591778,-0.5040006157435442,0.038441132178322214,0.10446894791775259,other
Lancl2,-0.08162482355393563,0.044358877305144206,0.032418153064649236,-0.40031622661426053,0.00920502620895087,0.06294214301857694,other
Gpc6,-0.0816638364607507,0.12290054453282384,0.13618478200570094,0.2846969437722536,0.07138703353443834,0.153066522933657,other
Rubcn,-0.08168337636686607,0.008796912391143552,0.11646484722630701,-0.1996608260691001,0.013481568265476605,0.06644394176057601,other
9630013A20Rik,-0.08178761406368873,-0.2261761385549897,0.031866759368754244,0.38564625309237144,0.14180099264371332,0.24321683371741143,other
Fbln1,-0.08198548294203456,0.2991642703527657,0.3451371948128772,0.6807862288632579,0.285318068487978,0.4017133500847849,ratchet_cumulative
Pkia,-0.08199859681023608,0.05225078553623691,0.06301679699556395,-0.2598325818707467,0.05279870698063471,0.12722069169023034,other
Bcar1,-0.0820266170186541,0.03690821739030148,0.0871770781284571,0.09721965503489183,0.08252326938191985,0.1680443900667358,other
Olig1,-0.08202953717399342,-0.08479300124332756,0.028154206818708394,-0.5074816264097551,0.1816927632278722,0.29053755022739064,other
Gdf11,-0.08230223726473418,0.03247183288816913,0.12458519312843397,0.23969244873052614,0.08252326938191985,0.1680443900667358,other
Pik3r2,-0.08238100263776515,0.058565661741444064,0.07745858412948592,0.16932630454926173,0.0194271256064567,0.07507406645343609,other
Lztr1,-0.08241959185875225,0.05907458409336375,0.12028232623604018,0.025361649139537,0.05279870698063471,0.12722069169023034,other
Fign,-0.08249992611413559,0.06204012268424519,0.05051031533556563,-0.2812159331060426,0.007559810778662305,0.06063301066345349,other
Khdrbs2,-0.08250996272922434,0.04937756173137753,0.05651317796604255,-0.22477383158962205,0.05279870698063471,0.12722069169023034,other
Lama1,-0.08251365737286637,0.11392221477111786,0.19521402684382283,0.41821856718334544,0.16081398497923238,0.2665947797787015,other
Vcp,-0.08256277908636966,0.10966792262884884,-0.020037954505655264,0.08503611770315347,0.0950279527318241,0.1838913455557795,other
Ulk1,-0.0826395912965101,0.06107420586194112,0.005091115086376163,-0.12556502760260965,0.03260630478301721,0.09515146493030366,other
Eya2,-0.08270066669444187,0.14759825587825715,0.03714204743353927,0.20189861864023573,0.0950279527318241,0.1838913455557795,other
Lmx1b,-0.08275902875323643,0.0674726464540657,0.027595319201084656,-0.3476037793830659,0.03260630478301721,0.09515146493030366,other
Mboat1,-0.08287551699485318,0.06062978570173494,0.1189005513975856,-0.13501348512518227,0.0194271256064567,0.07507406645343609,other
Nedd4,-0.08291590455992237,0.07246306987076112,0.10526119655829991,-0.2528705605383248,0.20451844490430449,0.3170968350932697,other
Tspyl2,-0.08296927278219512,0.12668216267925336,0.02447389151560775,-0.3580468113816988,0.10900678981544218,0.20241850558739374,other
Foxc1,-0.08304253198731604,0.16448320281287498,0.11203864499226102,0.33914989633655357,0.14180099264371332,0.24321683371741143,other
Rnf144a,-0.08321055345268846,0.039961740998281425,0.024817267585382496,-0.32696635900481524,0.006183281626511232,0.05819357855504391,other
Bmp4,-0.08329753116235669,0.06603070535729155,0.056790505274008,0.333182449480192,0.013481568265476605,0.06644394176057601,other
Ublcp1,-0.08339880086667184,0.035668384924038676,-0.0031029826799393034,-0.3361661729083728,0.0016977516303800164,0.05819357855504391,other
Akt1s1,-0.08343415378891805,0.09464901588120267,0.06729244503132459,0.24541125196787275,0.10900678981544218,0.20241850558739374,other
Sdk2,-0.08361294388716467,0.07727899191806442,0.08589291756962975,-0.3162746833871673,0.013481568265476605,0.06644394176057601,other
Adcyap1,-0.083630418802352,0.11151954449238488,-0.012025337211735043,-0.37694372642684404,0.14180099264371332,0.24321683371741143,other
Pld1,-0.08363083842294516,0.09967532050065342,0.050454485730594745,0.3344256675752673,0.0950279527318241,0.1838913455557795,other
Gabrg3,-0.08363559225807399,0.08697023234346518,0.03991457111512542,-0.282459151201118,0.03260630478301721,0.09515146493030366,other
Cdh7,-0.08369054658473513,0.009268878455415186,0.01933532179596137,-0.5412971585958045,0.0005157139141888927,0.05819357855504391,other
Cidea,-0.0839027589801826,0.07482251979081356,0.06294484263885328,-0.32895550795693584,0.006183281626511232,0.05819357855504391,other
Cav1,-0.08404801350082797,0.027856603078008968,-0.004483313687125623,-0.12307859141245897,0.0950279527318241,0.1838913455557795,other
Thumpd1,-0.08417512275195682,0.0886791726868521,0.023745733887210352,-0.27972407139195216,0.05279870698063471,0.12722069169023034,other
Limk2,-0.08422379645917677,0.06553236143411412,0.0310913405598523,-0.39608928509100433,0.007559810778662305,0.06063301066345349,other
Trpc5,-0.08434080315942943,0.05786594172181048,0.040729301932992845,-0.3727167849035879,0.0194271256064567,0.07507406645343609,other
Ubxn7,-0.08439605972366171,0.051681123924266936,0.06073104119890904,-0.1290460382688206,0.01116262730740973,0.06326729099455225,other
Mrgprf,-0.08444931275357148,0.1546622066551549,0.17537903089638385,0.5482591799282264,0.05279870698063471,0.12722069169023034,other
Sumo1,-0.08448895207524854,0.022587357602602554,-0.0026087974515018875,-0.21507673044803435,0.08252326938191985,0.1680443900667358,other
Miga2,-0.08449030035526373,-0.0061366489527110435,0.03270505850190153,-0.27400526815460563,0.12456406214237814,0.2225573663706728,other
Zfp111,-0.08489770924621898,0.06828980932983664,0.055193810821877354,0.22875212949386314,0.04514062557215464,0.11588441421417252,other
Sema3c,-0.08498059082548826,0.06927803489944129,0.16057792885274524,0.009199813903557539,0.14180099264371332,0.24321683371741143,other
Igsf21,-0.08523304815582067,0.03020513046805251,0.0638373422902665,-0.3605332475718495,0.0162163284475037,0.07051960052064482,other
Dync2h1,-0.08543629444545264,0.08327927954312064,0.025920082504032882,-0.27475119901165085,0.038441132178322214,0.10446894791775259,other
Ldah,-0.08550931018049912,0.027954538600242218,0.0238298225255269,-0.28792931081944945,0.08252326938191985,0.1680443900667358,other
Fzd4,-0.08565435516573078,0.10128970449080915,0.026130777367759206,-0.0047242287612863035,0.03260630478301721,0.09515146493030366,other
Dnajc7,-0.08579689982646643,0.04080794836359214,0.025226730939538644,-0.006216090475376715,0.0194271256064567,0.07507406645343609,other
Slit2,-0.08580179182635833,0.061130414137788136,-0.0003031160767911212,-0.5077302700287701,0.0016977516303800164,0.05819357855504391,other
Msmo1,-0.08603446746691179,-0.17260343676582357,-0.4330246614868103,-0.8496152461744895,0.3165025922557979,0.43481813172551176,other
Ccdc184,-0.08607490244249294,0.03312169182991925,0.04077147665713804,-0.15092667674214663,0.027547148107414817,0.08793366864575906,other
Banp,-0.08612037919842941,-0.008619355656640515,0.025328721179123326,-0.42344008318266185,0.0950279527318241,0.1838913455557795,other
Bex3,-0.08621184128947013,0.02713240748859036,-0.004485426816163596,-0.4987790997442277,0.0194271256064567,0.07507406645343609,other
Rbbp4,-0.08624711624647619,-0.005034589636720099,0.02308584810106651,-0.16509936302600556,0.12456406214237814,0.2225573663706728,other
Prkci,-0.08627948265544416,0.05525900600773692,0.07286372406433739,-0.0775768091327014,0.00920502620895087,0.06294214301857694,other
Fbxo41,-0.08633972923139577,0.038094055147355366,0.024184454060607208,-0.4614825568919674,0.0050366811503910055,0.05819357855504391,other
Gria3,-0.08661099555234497,0.0905770234257528,0.04989440860026162,-0.16609393750206583,0.07138703353443834,0.153066522933657,other
Acaca,-0.08662741148733821,0.0949978194961465,0.012816014378665308,-0.3632683273810153,0.12456406214237814,0.2225573663706728,other
Ttn,-0.08678975705278355,0.1452020198887909,0.040163177915928536,0.18424492169016585,0.0194271256064567,0.07507406645343609,other
Braf,-0.08689729708728156,0.07035734701700824,-0.0013365876886795025,-0.3217448430054988,0.14180099264371332,0.24321683371741143,other
Ska2,-0.08698531961058775,0.03447992524649812,0.06719068880343781,-0.022626569330371247,0.007559810778662305,0.06063301066345349,other
Xkr6,-0.08709022932371013,0.053894717161092176,-0.0034733100724599897,-0.4396019184186414,0.027547148107414817,0.08793366864575906,other
Rtn4r,-0.08712360356932464,0.05885852993504287,0.05205784625439458,-0.2655513851080933,0.007559810778662305,0.06063301066345349,other
Cfap36,-0.08715009343188518,0.04103318414800361,-0.007620330774759099,-0.4749093123187811,0.038441132178322214,0.10446894791775259,other
Mapk8,-0.08716135255992952,0.049845716392633355,0.008337374117182272,-0.35481444433450293,0.06151359999604334,0.1395822391369293,other
Jade1,-0.08724933639744581,0.04253699583829795,0.04760378723771852,-0.13053789998291104,0.007559810778662305,0.06063301066345349,other
Tnr,-0.08729112641242076,-0.2980061595543755,0.08165073333261774,0.08702526665527403,0.6401805361005117,0.7312048622142209,other
Hoxb3,-0.08737288289749667,0.15925446999430437,0.0730553685861196,-0.11785707541314253,0.06151359999604334,0.1395822391369293,other
Fundc1,-0.0873849065776875,0.0019462803006913276,0.07704388254915084,-0.2837023692961933,0.03260630478301721,0.09515146493030366,other
Nr3c1,-0.08755395490224349,0.055076806782165866,0.049180078770174496,0.03157773961491372,0.01116262730740973,0.06326729099455225,other
Cab39l,-0.08756044768897542,0.0718968517014319,0.014434830518863961,-0.3016047098652782,0.01116262730740973,0.06326729099455225,other
Hoxd9,-0.08775501786061213,0.024694719381897323,-0.012363674105557276,-0.5042492593625593,0.0016977516303800164,0.05819357855504391,other
Fbxo11,-0.08776849550166987,0.05738324786384186,0.015732995525242766,-0.25883800739468643,0.14180099264371332,0.24321683371741143,other
Fam13b,-0.08789912808613431,0.05468445195734439,0.001141077874567964,-0.23994109234954125,0.04514062557215464,0.11588441421417252,other
Atg9a,-0.08790377733273802,0.026928618635331025,-0.05009538635374322,-0.4898279294596852,0.038441132178322214,0.10446894791775259,other
Chd6,-0.08796225772578636,0.056474566168449924,0.07000281730744495,-0.12606231484063982,0.0194271256064567,0.07507406645343609,other
Nipsnap2,-0.08807718328670266,0.12180599494808575,0.06347462498571743,-0.04575042589877263,0.10900678981544218,0.20241850558739374,other
Idh2,-0.08807927928629122,0.1812722163558944,0.2750006138481049,0.6039553505876017,0.285318068487978,0.4017133500847849,other
Ccser2,-0.08820047330291836,0.024301841538800217,0.010739444856101454,-0.3418849761457194,0.08252326938191985,0.1680443900667358,other
Efemp1,-0.08825914427530646,0.2409541291409757,0.15135975352368813,0.12009486798427815,0.1816927632278722,0.29053755022739064,ratchet_cumulative
Cldn11,-0.08828728703079802,-0.09488790909528655,-0.12832483838184316,-0.5311027702161866,0.22936158549541563,0.3421975570670124,other
Stxbp4,-0.08841988266678447,0.05125472613034343,0.11129522122231372,-0.02660486723461234,0.01116262730740973,0.06326729099455225,other
Kcns3,-0.08857076020540688,0.006858388590865627,0.009039234089746995,-0.5127031424090716,0.0013489988246948774,0.05819357855504391,other
Epha4,-0.08862849771933956,0.05258297225878339,0.04331397197777814,-0.32870686433792073,0.013481568265476605,0.06644394176057601,other
Rorb,-0.08873517630933098,0.05605887654328379,0.06399774683618564,-0.2478976881580234,0.038441132178322214,0.10446894791775259,other
Coro6,-0.08887254674203438,0.08324070122810856,0.06198196790365196,-0.27176747558347003,0.16081398497923238,0.2665947797787015,other
Cdh12,-0.08895384632956749,0.02359847704159357,0.017952800220943588,-0.5186705892654332,0.0021277894149469047,0.05819357855504391,other
Ppt1,-0.08903523992438966,0.009023241945535165,0.10632246279745061,0.15042938950411652,0.3853315267895524,0.5025763534015615,other
Bbs4,-0.08925505620154983,0.0994235932958708,0.015202003235393224,-0.3045884332934591,0.038441132178322214,0.10446894791775259,other
P2ry1,-0.08927352313187009,0.08026021084898677,0.08265864723688665,-0.07086343141929456,0.013481568265476605,0.06644394176057601,other
Pvalb,-0.089317108511761,-0.007496840002482796,0.014937906121367278,-0.5047465466005894,0.0033008726972586534,0.05819357855504391,other
Slc13a4,-0.08937388639732918,0.16963992193561414,0.10516011117851057,0.21830909749523025,0.04514062557215464,0.11588441421417252,other
Tsc1,-0.08937665075524037,0.08914624163708618,-0.0024766034782204294,-0.166591224740096,0.07138703353443834,0.153066522933657,other
Pik3c3,-0.0894580517657122,0.02484295314615137,0.016431387255628316,-0.445818008894018,0.00920502620895087,0.06294214301857694,other
Gldn,-0.0896278397631135,0.23182413576752714,0.07782496914603398,0.15714276721752338,0.25628023724432436,0.37159905917660563,ratchet_cumulative
Synpo2,-0.08964023240595576,0.0972202871131842,0.0921701367517046,0.39683521594804955,0.20451844490430449,0.3170968350932697,other
Gsk3b,-0.08990763557731762,0.04021508795355788,0.011282623212586218,-0.34561463043094537,0.006183281626511232,0.05819357855504391,other
Cdkn1b,-0.08994767567326734,-0.012755037358554322,0.01741782452189433,-0.10517625084337402,0.20451844490430449,0.3170968350932697,other
Atp2b3,-0.08996316159541029,0.047653343852011476,-0.027584500556167457,-0.5532320523085277,0.03260630478301721,0.09515146493030366,other
Hoxc10,-0.09005591983967412,0.10027085256744947,-0.007148308873090453,-0.3093126620547454,0.006183281626511232,0.05819357855504391,other
Gopc,-0.09007302177200782,0.06817983184485121,0.0032890842261394937,-0.293399470437781,0.006183281626511232,0.05819357855504391,other
Mmut,-0.09009696007396994,0.050606226171746704,0.08629881841191311,-0.24068702320658644,0.0194271256064567,0.07507406645343609,other
Elmo1,-0.09012979164028856,0.07203751218026011,-0.015641695346731543,-0.09473321884474115,0.285318068487978,0.4017133500847849,other
Hoxa9,-0.09024987215651542,-0.0126214460557878,-0.021325805799662867,-0.5440322384049702,0.01116262730740973,0.06326729099455225,other
Trp53bp1,-0.09031702541686792,0.06273921745290378,0.0530931741803089,0.018648271426130146,0.05279870698063471,0.12722069169023034,other
Sox13,-0.09048046603558679,0.06700720633655599,0.02434100899436309,-0.2153253740670494,0.01116262730740973,0.06326729099455225,other
Snx27,-0.09049499495779001,0.03523895707885161,0.06683202908854202,-0.3065775822455796,0.01116262730740973,0.06326729099455225,other
Asic1,-0.09054961310269949,0.019623438710504704,0.027140933166365844,-0.3906191254726728,0.01116262730740973,0.06326729099455225,other
Acot6,-0.0905539312851526,0.06646681300450735,0.07174938929719205,-0.10020337846307266,0.006183281626511232,0.05819357855504391,other
Tjp2,-0.09061783881110164,0.04248205146118722,-0.023738289111062905,-0.4080241788037276,0.16081398497923238,0.2665947797787015,other
Polb,-0.09064895093498893,0.03918419986422528,0.036577799192119564,-0.365754763571166,0.023180056414889752,0.08120979929419823,other
Atp6v0a1,-0.09082007476425047,0.054606869533122104,0.08390913407221334,-0.3458632740499605,0.027547148107414817,0.08793366864575906,other
Cxcl12,-0.09085401988113762,0.32812012789833633,0.36196126349639557,0.4972872380301373,0.3165025922557979,0.43481813172551176,ratchet_cumulative
Ttc8,-0.0908680888884178,0.07302704540326788,0.05565015362678161,-0.2344709327312097,0.0950279527318241,0.1838913455557795,other
Gap43,-0.09096031168124474,0.03418929462342635,0.16349716658983238,-0.27574577348771107,0.12456406214237814,0.2225573663706728,other
Map9,-0.09109495888340696,0.05700899575388385,0.01137845824752115,-0.4734174506046907,0.01116262730740973,0.06326729099455225,other
Ubac1,-0.09113890877455466,-0.0004225843856801026,0.03420888322822324,-0.4157321309931947,0.01116262730740973,0.06326729099455225,other
Glra3,-0.09120845483702461,0.12930159308866856,0.050780797463513494,-0.286437449105359,0.07138703353443834,0.153066522933657,other
Dgkg,-0.09129871884449536,0.031436059276919004,0.014760609037162586,-0.4391046311806112,0.0033008726972586534,0.05819357855504391,other
Cul1,-0.09130716167630037,0.05438553191478057,-0.01731555711942878,-0.34039311443162895,0.10900678981544218,0.20241850558739374,other
Mob2,-0.09138969758881044,0.05357608961787208,0.03411267090663683,-0.17628832588168367,0.0194271256064567,0.07507406645343609,other
Psmd5,-0.09157610612958234,0.024521732289316533,0.02128233194036855,-0.32075026852943855,0.000841099845223462,0.05819357855504391,other
Clgn,-0.09162919416996179,-0.04836091038471313,-0.0033712154019598928,-0.5233948180267195,0.00920502620895087,0.06294214301857694,other
Rev1,-0.09187457591528636,0.13487821635775088,0.030803939065463304,-0.028594016186732893,0.16081398497923238,0.2665947797787015,other
Grik1,-0.09191171746487048,-0.03460958482463661,-0.011345967821798253,-0.5224002435506592,0.013481568265476605,0.06644394176057601,other
Scn3b,-0.09192189742160933,0.08830189013134115,0.034734028845556486,-0.25386513501438507,0.038441132178322214,0.10446894791775259,other
Hoxa3,-0.09193746147329068,0.10200459488437896,0.08407731830704751,-0.2347195763502248,0.038441132178322214,0.10446894791775259,other
Cbx5,-0.09204497770023434,0.06940182167122966,0.11741393937089695,-0.14446194264775486,0.0194271256064567,0.07507406645343609,other
Cideb,-0.0920623237946081,0.07686880263076873,0.04910514858761636,-0.11835436265117268,0.0194271256064567,0.07507406645343609,other
Grm8,-0.09210423565266246,0.03879895592145538,0.044305991929615596,-0.36127917842889473,0.01116262730740973,0.06326729099455225,other
Phc1,-0.092259662785246,0.046418426363319054,0.03028552744171742,-0.33293380586117693,0.038441132178322214,0.10446894791775259,other
Fbxo31,-0.09232509021584634,0.0023242565700063444,-0.0028286022487438167,-0.5703884620205675,0.12456406214237814,0.2225573663706728,other
Dock5,-0.09232788765954614,0.1535531498758954,0.0007567516096622651,-0.4040458808994865,0.04514062557215464,0.11588441421417252,other
Tsc2,-0.09243045122756155,0.04931320232446956,0.06435203132808609,-0.3988243649001701,0.03260630478301721,0.09515146493030366,other
Echdc1,-0.09250792220366177,-0.02073194052913152,0.04007923139463199,-0.4642176367011332,0.06151359999604334,0.1395822391369293,other
Cops8,-0.09260814790765703,0.08023541314519855,0.005341906031104848,-0.37246814128457284,0.00920502620895087,0.06294214301857694,other
Ube3a,-0.09266830731336029,-0.03285609039461579,0.023534755232635263,-0.4607366260349222,0.08252326938191985,0.1680443900667358,other
Nbr1,-0.09273828602713663,0.05597574795605942,0.04665748309909734,-0.21781181025720012,0.0026556990473244895,0.05819357855504391,other
Hoxa10,-0.09276173060309784,0.12892551121777673,0.018533280554490383,-0.26654595958415356,0.05279870698063471,0.12722069169023034,other
Slc22a5,-0.09297649048312773,0.07887580699349561,0.02970948343867097,-0.03655061199521509,0.14180099264371332,0.24321683371741143,other
Kcnt2,-0.09304719201087663,0.12511654956586948,0.04869524352964283,-0.27524848624968096,0.04514062557215464,0.11588441421417252,other
Pde1b,-0.09314240712249466,0.13097433335788655,-0.002322536814285625,-0.33119330052807144,0.10900678981544218,0.20241850558739374,other
Nrip3,-0.09342209087084558,0.01742566903985099,0.006867259375605783,-0.5261298978358853,0.0050366811503910055,0.05819357855504391,other
Ghr,-0.09343343862346692,0.09343312792124125,0.03131317090488828,0.007707952189467127,0.006183281626511232,0.05819357855504391,other
Wdr45,-0.09343554920080144,0.08867155287816386,0.10991156725378204,-0.05296109085020961,0.0194271256064567,0.07507406645343609,other
Kif3a,-0.09344930387871447,0.04550426588252765,0.05442709103319093,-0.37992744985502486,0.013481568265476605,0.06644394176057601,other
Galnt14,-0.09367301090577351,0.07819094428125234,0.04715235433949633,-0.3098099492927755,0.013481568265476605,0.06644394176057601,other
Prkcg,-0.09382888289575825,0.11210548404426873,0.05400958417933499,-0.2290007731128782,0.03260630478301721,0.09515146493030366,other
Ksr2,-0.09397607301766664,0.03591529283121209,0.03670005508065938,-0.47764439212794674,0.0026556990473244895,0.05819357855504391,other
Dact2,-0.09408348887732315,0.08567716775342143,0.02342197712897942,-0.10020337846307266,0.03260630478301721,0.09515146493030366,other
Mapk3,-0.09409506076587992,0.09228748238146345,0.17304891790306787,0.4480558014651536,0.3165025922557979,0.43481813172551176,other
Lgr4,-0.09417344159738611,0.09446562410168136,0.04293320063642836,-0.13700263407730282,0.013481568265476605,0.06644394176057601,other
Cckbr,-0.09420274950884794,0.007999706683922136,0.015075423301020185,-0.4644662803201482,0.0016977516303800164,0.05819357855504391,other
Syt2,-0.09438373027396318,-0.01198114270220696,-0.11779295685792213,-0.5412971585958045,0.1816927632278722,0.29053755022739064,other
Abl1,-0.09442957407319508,0.04933175261563627,0.055649571316547686,0.15913191616964392,0.0194271256064567,0.07507406645343609,other
Slc30a3,-0.09452904604745604,0.05997460095186102,0.045315896873613815,-0.2638108797749878,0.0194271256064567,0.07507406645343609,other
Anapc11,-0.09455108428944448,0.07484600680801823,0.07619338392262992,0.12830010741177542,0.05279870698063471,0.12722069169023034,other
Dscaml1,-0.09465062363060905,0.0688772260376529,0.06279292097224398,0.01094031923666302,0.0194271256064567,0.07507406645343609,other
Ap4s1,-0.09470963508627062,0.06340039058030889,0.03652530665727538,-0.3314419441470865,0.0162163284475037,0.07051960052064482,other
Camsap1,-0.09508690403657338,0.053051124305349306,0.06479616215871487,-0.2394438051115111,0.00920502620895087,0.06294214301857694,other
Foxj1,-0.09509122231249745,0.028272593691001546,0.16028632688665856,0.26928103939331927,0.10900678981544218,0.20241850558739374,other
Pik3r1,-0.09516812086777104,0.06440486367273324,0.02414411353036061,-0.2014013314022056,0.20451844490430449,0.3170968350932697,other
Grid2,-0.09525556540333624,0.04523960419383677,0.056661017693000026,-0.40429452451850156,0.004085851125205444,0.05819357855504391,other
Pgr,-0.09544280857559462,0.004374194657817965,0.02819352006166237,-0.43139667899114403,0.004085851125205444,0.05819357855504391,other
Casc4,-0.09555647646042731,0.030456387436047616,0.07280486363514893,-0.373214072141618,0.08252326938191985,0.1680443900667358,other
Zswim5,-0.0957829867950657,0.01895242475976694,0.02068947622406825,-0.4918170784118057,0.0005157139141888927,0.05819357855504391,other
Ppp5c,-0.09581712393029695,0.05057018719810835,0.016868020637388126,-0.48510370069839887,0.0050366811503910055,0.05819357855504391,other
Hcn1,-0.09596976854794381,0.05722304166184344,0.01989998897649886,-0.44333157270386736,0.0021277894149469047,0.05819357855504391,other
Gfra2,-0.09605210340391646,0.044957995841860665,0.11001473220771657,0.059923112182631535,0.05279870698063471,0.12722069169023034,other
Fbxl3,-0.09610709615735336,0.1146677103014524,0.0719092090130129,-0.1228299477934439,0.3165025922557979,0.43481813172551176,other
Cav2,-0.09629947793204252,0.0654241421684636,0.10595925806778328,-0.1325270489350316,0.10900678981544218,0.20241850558739374,other
Olfm3,-0.09632817038016417,0.020408160627933714,0.006519182669625201,-0.5219029563126291,0.004085851125205444,0.05819357855504391,other
Fh1,-0.09633560937536023,0.050226392806369535,0.03156480583176258,-0.3918623435677482,0.006183281626511232,0.05819357855504391,other
Plppr3,-0.096346075299929,0.16292803083885765,0.1059144068247615,0.119597580746248,0.0950279527318241,0.1838913455557795,other
Rap1a,-0.0963908691201576,-0.06645271323126156,-0.021945699659175366,-0.4880874241265796,0.027547148107414817,0.08793366864575906,other
Kcnma1,-0.09647325248772542,0.06711292211829223,0.02277278169575303,-0.43935327479962627,0.00920502620895087,0.06294214301857694,other
Gdf10,-0.0964933135985594,0.05904136609603114,0.042510662944649724,-0.1877259323563768,0.0026556990473244895,0.05819357855504391,other
Wnt7a,-0.09665718567409332,-0.02937295979618937,0.1637689776088055,-0.060917686658691815,0.06151359999604334,0.1395822391369293,other
Cers1,-0.09693613464735673,0.06620163266604717,0.10939928105864294,-0.2841996565342234,0.05279870698063471,0.12722069169023034,other
Ephb4,-0.09698864055662593,0.176737968421682,0.04748876146313319,0.15639683636047816,0.07138703353443834,0.153066522933657,other
Bmpr1b,-0.09729465968290513,0.07077303500850579,0.10015134772310247,0.019145558664160282,0.038441132178322214,0.10446894791775259,other
Cacna2d1,-0.09732497125766282,0.12051259174268936,0.04380766728795127,-0.26430816701301796,0.07138703353443834,0.153066522933657,other
Kcnq3,-0.09744762193222278,0.08510210420363018,0.03638529818048153,-0.43562362051440023,0.023180056414889752,0.08120979929419823,other
Fbxo2,-0.09745154518713384,0.02702058536139096,-0.0009661590374838713,-0.4667040728912838,0.038441132178322214,0.10446894791775259,other
Fam92a,-0.09766260227560808,0.02491895058788207,0.034802612948474865,-0.3871381148064618,0.0162163284475037,0.07051960052064482,other
Slit1,-0.09767659171490972,0.06496039843918511,0.05047855253528377,-0.26057851272779187,0.1816927632278722,0.29053755022739064,other
Ube2d1,-0.09778132742591306,0.030733978849135646,0.07518391184365947,-0.2859401618673289,0.007559810778662305,0.06063301066345349,other
Grik3,-0.09784663521498937,0.03426839390052505,0.05258129615785112,-0.43462904603833996,0.006183281626511232,0.05819357855504391,other
Prkn,-0.09786038969787186,0.0900327684263898,0.1159534738438075,-0.03282095770998906,0.01116262730740973,0.06326729099455225,other
S1pr1,-0.09792363341790544,0.006579840993013564,-0.011747923701548979,-0.17927204930986448,0.06151359999604334,0.1395822391369293,other
Cadm3,-0.09809265817367285,0.06397974035109455,0.03495146608366828,-0.3448686995739002,0.03260630478301721,0.09515146493030366,other
Htr2c,-0.09811628767637903,0.049532537153491485,-0.01638261631042115,-0.3471064921450358,0.05279870698063471,0.12722069169023034,other
Prkaa2,-0.09812944697388987,0.07341214197535328,0.06010242560151646,-0.2650540978700632,0.006183281626511232,0.05819357855504391,other
Ache,-0.09822902598204497,0.06132960482340222,-0.009266725023632794,-0.4341317588003098,0.07138703353443834,0.153066522933657,other
Extl1,-0.09824549409278444,0.03198260620309257,0.008114129113458823,-0.32696635900481524,0.00014103321225661088,0.05819357855504391,other
Pcdh8,-0.09838956014569888,0.07047853159331385,0.07073204869564281,-0.29663183748497685,0.03260630478301721,0.09515146493030366,other
Dpf3,-0.09849461994677589,0.03717624764856292,0.04393697568731736,-0.41772127994531527,0.0016977516303800164,0.05819357855504391,other
Hmgcr,-0.09855837694354808,-0.13443800254917138,-0.2707338520301643,-0.7911839957059483,0.20451844490430449,0.3170968350932697,other
Rgcc,-0.0986182949927632,0.06992953647781408,-0.026034590378766764,-0.1996608260691001,0.04514062557215464,0.11588441421417252,other
Lrrtm1,-0.09884310440101945,0.013258045638207816,0.029102821024442727,-0.43885598756159616,0.01116262730740973,0.06326729099455225,other
Pld5,-0.09885091247473954,0.05116666304716594,0.03937988273604859,-0.35083614643026184,0.00920502620895087,0.06294214301857694,other
Cul3,-0.09886473560208442,0.06402533639268881,-0.01350801393930623,-0.3771923700458591,0.1816927632278722,0.29053755022739064,other
Slc25a22,-0.09890758244279962,0.01579427563718916,0.011114729234374066,-0.37918151899797964,0.05279870698063471,0.12722069169023034,other
Mcu,-0.09904262258373486,0.0302674075702829,0.012318764036347352,-0.4545205355595454,0.01116262730740973,0.06326729099455225,other
Fbxl17,-0.09912824847390467,0.06308022684888204,0.03487403424229141,-0.2068714910205371,0.10900678981544218,0.20241850558739374,other
Hnrnpdl,-0.0991282761008554,0.018421094575362895,0.08149212320358823,-0.2963831938659618,0.04514062557215464,0.11588441421417252,other
Syn3,-0.09933608610591305,0.030436947274613324,0.04188491232550429,-0.36028460395283446,0.0194271256064567,0.07507406645343609,other
Pi4ka,-0.09951089215245656,0.08278723306407065,0.06505918646937148,-0.29364811405679603,0.00920502620895087,0.06294214301857694,other
Gatd3a,-0.09962830848532356,0.07671347663808703,0.11429454266657935,-0.14048364474351377,0.0194271256064567,0.07507406645343609,other
Rfx3,-0.09971824624934988,0.05779680373465834,0.06212881219611888,-0.05843125046854113,0.013481568265476605,0.06644394176057601,other
Rbm8a,-0.09972390136326559,0.05911858169975687,0.04924791964435188,-0.0681283516101288,0.00920502620895087,0.06294214301857694,other
Zdhhc8,-0.09982259463013365,0.06975057250349614,0.05334618703831562,-0.22850348587484806,0.00920502620895087,0.06294214301857694,other
Lrrtm3,-0.0998292395525392,0.08271517015721219,0.020235657934012496,-0.3806733807120701,0.03260630478301721,0.09515146493030366,other
Adra2a,-0.09995610816870854,0.09383591831194144,0.10517707847314739,0.18101255464296997,0.03260630478301721,0.09515146493030366,other
Vps26b,-0.10017164826740665,0.07330682673963373,0.04316008576286512,-0.19021236854652748,0.0950279527318241,0.1838913455557795,other
Dlg1,-0.10029051777508924,0.055723471098882316,0.05657084162501147,-0.29265353958073576,0.0050366811503910055,0.05819357855504391,other
Kcnh2,-0.10032394055410193,0.023365953935335804,0.01737296991153553,-0.5435349511669401,0.0033008726972586534,0.05819357855504391,other
Ppp2r1a,-0.10034993142066329,0.06823439919616137,0.03890908048337005,-0.37047899233245224,0.0194271256064567,0.07507406645343609,other
Gabrb2,-0.10063052228440766,0.05108882479225618,0.04702997880141002,-0.38514896585434133,0.004085851125205444,0.05819357855504391,other
Dync1h1,-0.1007366182289613,0.04756139406724236,-0.024124676577915505,-0.5676533822114017,0.0033008726972586534,0.05819357855504391,other
Cntn6,-0.10077310117601512,0.03904634607322022,0.0028441737535472855,-0.5064870519336949,0.01116262730740973,0.06326729099455225,other
Mafa,-0.10080827258061764,0.036053463190406476,0.09402404217095484,-0.3135396035780016,0.06151359999604334,0.1395822391369293,other
Fam210a,-0.10086425629763884,0.01596676265242314,0.06917482676371223,-0.17106680988236722,0.03260630478301721,0.09515146493030366,other
Prpf8,-0.10092711653734998,0.06312121525203329,0.024023306826769897,-0.242676172158707,0.1816927632278722,0.29053755022739064,other
Cpne4,-0.10112247732594715,0.04202251957754305,0.07364758437669738,-0.41001332775584814,0.027547148107414817,0.08793366864575906,other
P2ry12,-0.10134867778506385,-0.01972338381599248,0.06533942318460317,0.09498186246375621,0.42293676385905665,0.5393501081112619,other
Usp2,-0.10135299751800142,0.19328997151464034,0.093091498549571,0.6191226113475209,0.12456406214237814,0.2225573663706728,other
Stxbp5l,-0.10147417402199455,0.05961883353801645,0.01452838998814543,-0.4550178227975756,0.013481568265476605,0.06644394176057601,other
Stau2,-0.1015958084907741,0.007986013415598237,0.027660142228292828,-0.5102167062189208,0.04514062557215464,0.11588441421417252,other
Pde8b,-0.10160470446587999,0.07390291869674404,0.03634337693244083,-0.2615730872038522,0.007559810778662305,0.06063301066345349,other
Sorl1,-0.10164143581793361,0.07888361315072512,0.04068297111990393,-0.2394438051115111,0.10900678981544218,0.20241850558739374,other
Axin2,-0.10164254727500077,0.08968128550963927,0.12905011240593112,0.25361649139536996,0.023180056414889752,0.08120979929419823,other
Ighm,-0.10164466966057462,-0.3864486108378751,0.20890632002109144,0.4689418654624194,0.8937535902043922,0.9249415832080755,other
Smad9,-0.10180502286746401,0.09944416650925192,0.07906196537555346,-0.1322784053160165,0.0162163284475037,0.07051960052064482,other
Smarcc2,-0.10207066398842102,0.04625278066852068,0.0749574543983742,-0.2697783266313495,0.03260630478301721,0.09515146493030366,other
Stmn2,-0.10212120292000515,-0.031654878997871005,-0.006510251549427526,-0.5495023980233017,0.0194271256064567,0.07507406645343609,other
Kndc1,-0.10214380568988979,0.06492490564143027,0.019248280028817177,-0.2610757999658221,0.07138703353443834,0.153066522933657,other
Lamb2,-0.10221122970678542,0.26395627179419234,0.23367216447225814,0.5231461744077044,0.16081398497923238,0.2665947797787015,ratchet_cumulative
Cd55,-0.10222744381747284,-0.06603971242392292,-0.04076922645056591,-0.04177212799453153,0.16081398497923238,0.2665947797787015,other
Fzd10,-0.10231790689154441,0.011616833045122954,0.272210643470217,0.5982365473502551,0.285318068487978,0.4017133500847849,other
Gpr34,-0.10253899615295259,0.05156786657153273,0.2358003574325161,0.6186253241094908,0.285318068487978,0.4017133500847849,other
Ano1,-0.10267781976834894,0.12432408812314044,0.060149927734396424,-0.09150085179754526,0.007559810778662305,0.06063301066345349,other
Abca8b,-0.10275722899715423,0.0721945738823479,0.052067209552196236,-0.17579103864365353,0.0050366811503910055,0.05819357855504391,other
Tenm4,-0.10305015481622387,0.05483812774689123,0.06489918765364261,-0.24590853920590286,0.0162163284475037,0.07051960052064482,other
Pdk4,-0.1030844520893408,0.08382631398321017,-0.024292242622972804,-0.22377925711356175,0.06151359999604334,0.1395822391369293,other
Pick1,-0.10318216286379678,0.10184542505036842,0.07829858706686765,-0.16410478854994529,0.01116262730740973,0.06326729099455225,other
Atn1,-0.1032931265204704,0.08460014364638369,0.04634701042900269,-0.29439404491384125,0.22936158549541563,0.3421975570670124,other
Smad7,-0.10333238464241346,0.022106721934974427,0.11233189552842138,0.2568488584425659,0.07138703353443834,0.153066522933657,other
Crabp2,-0.10335513963512366,0.37875519375282884,-0.04701541309518764,0.03530739390013975,0.34984355386886234,0.4674049157373145,ratchet_cumulative
Tac1,-0.10336742343031669,0.09578442021551348,0.02412330406635621,-0.2841996565342234,0.0950279527318241,0.1838913455557795,other
Ywhaz,-0.10350945214871343,-0.05902094461546037,-0.0641579856120682,-0.5572103502127688,0.22936158549541563,0.3421975570670124,other
Pdcd4,-0.10359524130104703,-0.06343648406137081,0.006270326839044937,-0.13028925636389593,0.08252326938191985,0.1680443900667358,other
Adgrl2,-0.10366167047371355,0.11432536234015334,0.013491882856942028,-0.36028460395283446,0.023180056414889752,0.08120979929419823,other
Cdc42ep4,-0.1040435559792211,0.04407760076350864,0.029937227192738503,0.16410478854994529,0.0016977516303800164,0.05819357855504391,other
Ap3m2,-0.10408392249553255,0.0774012102906485,0.02375129118079511,-0.3650088327141207,0.013481568265476605,0.06644394176057601,other
Apba1,-0.10419044902544483,-0.018379385673248594,0.0371435747793728,-0.36774391252328653,0.00920502620895087,0.06294214301857694,other
Ptprk,-0.10426856000928375,0.10629703738732221,-0.01729152255656896,-0.3645115454760906,0.08252326938191985,0.1680443900667358,other
Kif5b,-0.10430428650402357,-0.0006484412691341035,0.026844878050194865,-0.42741838108690294,0.0950279527318241,0.1838913455557795,other
Tecpr2,-0.10435290623028459,0.0253941912097273,0.06898342048336747,-0.31254502910194126,0.0050366811503910055,0.05819357855504391,other
Smoc1,-0.10451279574762729,0.18310036487288472,0.09962474476318472,-0.03729654285226029,0.03260630478301721,0.09515146493030366,other
Ryk,-0.10454184345820872,0.09408369032603481,0.05238050504985592,-0.10815997427155484,0.023180056414889752,0.08120979929419823,other
Tmem106b,-0.10455437216016317,0.03933930290225218,0.05560366427848429,-0.2894211725335399,0.10900678981544218,0.20241850558739374,other
Pfkfb2,-0.10483333884195856,0.08532096064861983,0.08024036127742318,-0.04301534608960687,0.03260630478301721,0.09515146493030366,other
Gpr22,-0.10487995272754524,0.0676919267459345,0.03322601732269276,-0.3819165988071454,0.006183281626511232,0.05819357855504391,other
Hoxa7,-0.10499466015182274,-0.00036672327934128557,-0.0006555483219364278,-0.4144889128981194,0.0013489988246948774,0.05819357855504391,other
Prkar1a,-0.1052121481333046,0.030408296884294916,0.009640562824737131,-0.449050375941214,0.0016977516303800164,0.05819357855504391,other
Slc19a2,-0.10525164914138874,0.04285766979134087,0.011593833020917987,-0.4070296043276673,0.0021277894149469047,0.05819357855504391,other
Efnb2,-0.10530116503759962,0.1383335779669876,0.07230874925366643,0.03779383009029043,0.027547148107414817,0.08793366864575906,other
Lum,-0.10553933442808638,0.2510644383628129,0.2944877076317516,0.6656189681033386,0.34984355386886234,0.4674049157373145,ratchet_cumulative
Afdn,-0.10556820309396775,0.1321474707434751,0.06858302081357959,-0.2386978742544659,0.0194271256064567,0.07507406645343609,other
Ctnna3,-0.105709558003516,0.07424945536940986,0.09887278970437752,-0.24715175730097824,0.06151359999604334,0.1395822391369293,other
Actn2,-0.10571087531952655,0.0884068040270044,0.06672846000739036,-0.11188962855678088,0.03260630478301721,0.09515146493030366,other
Gabra5,-0.10586608054493968,0.05884154826300947,0.0236570284025458,-0.4803794719371126,0.007559810778662305,0.06063301066345349,other
Itpkb,-0.10589289029615778,0.17186148785026,0.1717078732330326,0.28519423101028374,0.3165025922557979,0.43481813172551176,other
Plcb4,-0.105905817582847,0.09440951293735067,0.046120437971785,-0.34984157195420157,0.023180056414889752,0.08120979929419823,other
Enah,-0.10598931593999095,0.05589090323351642,0.06114605245296567,-0.44333157270386736,0.007559810778662305,0.06063301066345349,other
Garem1,-0.10606965666966645,0.09407996467948798,0.039733366203886566,-0.24615718282491794,0.006183281626511232,0.05819357855504391,other
Cbs,-0.10607279741997067,0.12653792042457246,0.1929116430629822,-0.24367074663476726,0.10900678981544218,0.20241850558739374,other
Elovl4,-0.10612607049646638,0.010243515084895627,0.02321860388503716,-0.41647806185023994,0.03260630478301721,0.09515146493030366,other
Cep104,-0.1061654006879107,0.1038975816535237,0.034379823013488964,-0.20537962930644668,0.03260630478301721,0.09515146493030366,other
Lypd1,-0.10624439690079918,0.014689824831483178,0.0736825775847546,-0.42642380661084267,0.0194271256064567,0.07507406645343609,other
Erc2,-0.1063030715960499,0.12300332390138446,0.025346853752570064,-0.3510847900492769,0.038441132178322214,0.10446894791775259,other
Abcg2,-0.10639824954238963,0.10421900760022651,0.05148130463365019,0.14023500112449871,0.07138703353443834,0.153066522933657,other
Il33,-0.10645255942736731,0.2116804536437804,0.2605001793366388,0.18747728873736175,0.22936158549541563,0.3421975570670124,ratchet_cumulative
Ebf2,-0.10657583243891855,0.12817501797352093,0.04569643906752213,-0.2672918904411988,0.038441132178322214,0.10446894791775259,other
Rab21,-0.106616474719754,-0.05695670720042112,0.014672020571579791,-0.35207936452533717,0.08252326938191985,0.1680443900667358,other
Prrc2b,-0.10684587821661706,0.07665006032286037,0.04952146834520499,-0.29563726300891663,0.0162163284475037,0.07051960052064482,other
Snapin,-0.10694250371155745,0.005550578970253461,0.0678486829802627,-0.032075026852943854,0.22936158549541563,0.3421975570670124,other
Ddr1,-0.10697739903971315,0.13297983366316357,0.17992742234189252,0.33218787500413166,0.0950279527318241,0.1838913455557795,other
Invs,-0.10698807921178233,0.12282106093303069,0.08640015112527444,0.1839962780711508,0.05279870698063471,0.12722069169023034,other
Hdac2,-0.10721672990051823,0.03284076587316753,0.08676477291985174,-0.32547449729072486,0.0162163284475037,0.07051960052064482,other
Bbox1,-0.10724135900081933,0.0523161539896308,0.044202164996615056,-0.24367074663476726,0.023180056414889752,0.08120979929419823,other
Grik4,-0.10733743540993246,0.09269543739505082,0.011954827690410896,-0.3597873167148043,0.013481568265476605,0.06644394176057601,other
Miga1,-0.10734761181919217,0.016384878539957626,0.036372638410836045,-0.3975811468050947,0.0033008726972586534,0.05819357855504391,other
Sema6a,-0.10738886499180511,-0.04692736630640848,0.042435304187455225,-0.525632610597855,0.0194271256064567,0.07507406645343609,other
Pkd2l1,-0.10739748841973601,0.07654951090861367,0.0445958125415476,-0.39086776909168786,0.007559810778662305,0.06063301066345349,other
Usp32,-0.10762686518848552,0.03466491371337321,-0.005461984112559604,-0.37992744985502486,0.08252326938191985,0.1680443900667358,other
Wnt7b,-0.10774995481796479,0.13513900471457596,0.22097271288677744,-0.2195523155903056,0.05279870698063471,0.12722069169023034,other
Grm1,-0.10775115303070593,0.044842324851426474,0.026190538440134636,-0.3697330614754071,0.0162163284475037,0.07051960052064482,other
Sez6,-0.10798292853467772,0.1253391194817196,0.0569139500778616,-0.4530286738454551,0.03260630478301721,0.09515146493030366,other
S1pr5,-0.10801084179833698,-0.1167343097698248,-0.002598888533121624,-0.5005196050773332,0.0950279527318241,0.1838913455557795,other
Snph,-0.10804002888804476,0.06125808785255704,0.011432710930971313,-0.5092221317428606,0.00920502620895087,0.06294214301857694,other
Rab5b,-0.10812065300131612,0.07268562540037826,0.08078414248874743,-0.0626581919917973,0.006183281626511232,0.05819357855504391,other
Grid1,-0.10826977282084138,0.04716710039331451,0.016853647430829843,-0.4803794719371126,0.006183281626511232,0.05819357855504391,other
Pde10a,-0.10839489507986844,0.12138748869951432,0.026019244179021905,-0.36177646566692484,0.038441132178322214,0.10446894791775259,other
Pknox2,-0.10851239993256467,0.08279850823456558,0.10546921379950502,-0.29886963005611245,0.013481568265476605,0.06644394176057601,other
Nfix,-0.1086467666064006,0.07024422714089407,0.07967821802619124,0.04326398970862194,0.03260630478301721,0.09515146493030366,other
Ttbk1,-0.10869569837188764,0.010942274194459145,-0.005401507487224899,-0.5780964142100345,0.006183281626511232,0.05819357855504391,other
Dlg3,-0.10882587306639901,0.10387841178283974,0.064435660575069,-0.29712912472300695,0.0162163284475037,0.07051960052064482,other
Dpp10,-0.10885958181623012,0.043916165130579554,0.033217163037239206,-0.47565524317582625,0.007559810778662305,0.06063301066345349,other
Cemip,-0.10896535866823598,0.38949071988329753,0.3249351625046467,0.6695972660075797,0.285318068487978,0.4017133500847849,ratchet_cumulative
Jag2,-0.10900159735962445,0.11827772864207553,0.0046239561353284,-0.42393737042069196,0.0162163284475037,0.07051960052064482,other
Sv2c,-0.10904136866822078,-0.016777872695032503,-0.04816868927096185,-0.3371607473844331,0.12456406214237814,0.2225573663706728,other
Dync1i1,-0.1092823883229398,0.05090849652108287,-0.014470117606726562,-0.5171787275513428,0.0162163284475037,0.07051960052064482,other
Cers2,-0.10932600220878319,0.03030535490726649,0.04818495528846256,-0.4562610408926509,0.0026556990473244895,0.05819357855504391,other
Camsap2,-0.10933490501094223,0.026926509128520904,0.04239124993324439,-0.40354859366145635,0.013481568265476605,0.06644394176057601,other
Sox21,-0.10991467703389096,0.022232477831440944,0.1249753808580808,0.07857138360876169,0.038441132178322214,0.10446894791775259,other
Lnpk,-0.1101112102705708,0.014899936368820477,0.017915588362688917,-0.5122058551710413,0.01116262730740973,0.06326729099455225,other
Robo2,-0.11016884829097862,0.042250626160870164,0.059815213107786036,-0.42567787575379745,0.03260630478301721,0.09515146493030366,other
Nyap2,-0.11048124716015528,0.13841270324009558,0.05589596532902874,-0.18698000149933158,0.03260630478301721,0.09515146493030366,other
Agpat3,-0.11071409322825154,-0.026889349604037882,0.036948710936095086,-0.4739147378427208,0.01116262730740973,0.06326729099455225,other
Cbx3,-0.11100950223743555,0.042089057279754094,0.08665243706346537,0.05569617065937538,0.038441132178322214,0.10446894791775259,other
Aox3,-0.11103217673770771,0.11251991527096011,0.2138941274341799,0.6686026915315195,0.05279870698063471,0.12722069169023034,other
Tshz1,-0.11127074575101004,0.0934891887490178,0.05068977436146671,-0.21084978892477818,0.027547148107414817,0.08793366864575906,other
Msi1,-0.11129153935472103,0.05151376487351789,0.13741928106531953,-0.14346736817169461,0.0162163284475037,0.07051960052064482,other
Prkcq,-0.11130038158075284,-0.06222189179217252,0.01950214353830293,-0.4587474770828016,0.05279870698063471,0.12722069169023034,other
Sox10,-0.11135813832018737,0.008037709503063484,0.06067635063176691,-0.36774391252328653,0.03260630478301721,0.09515146493030366,other
Glo1,-0.1113596887701892,0.09128870059538796,0.08349673195355567,-0.08777119751231922,0.04514062557215464,0.11588441421417252,other
Fat4,-0.11137391138698938,0.12335050867574948,0.033793058233883455,-0.2277575550178029,0.038441132178322214,0.10446894791775259,other
Selenop,-0.11142278270343908,0.04986730485858493,0.21970909493495983,0.28444830015323846,0.5478383165397469,0.6526210305159386,other
Plppr4,-0.11149678567101018,0.08868369713927837,0.037599404231412836,-0.4724228761286304,0.023180056414889752,0.08120979929419823,other
Nmu,-0.11173818773338068,0.07227038626934174,0.07361733255748326,-0.20886063997265764,0.038441132178322214,0.10446894791775259,other
Gdpd2,-0.11175007345505616,0.09328197892966417,0.1815492323962204,0.1325270489350316,0.023180056414889752,0.08120979929419823,other
Fbxo33,-0.11190544764635857,0.04414375514667879,0.0055531856063013585,-0.27997271501096727,0.0050366811503910055,0.05819357855504391,other
Tmem63b,-0.11197006176677693,0.057017972515291726,0.06588715128595912,-0.24914090625309876,0.007559810778662305,0.06063301066345349,other
Slc5a7,-0.11198037816827561,0.026438966508736228,0.010197641623728049,-0.2981236991990673,0.027547148107414817,0.08793366864575906,other
Skp1a,-0.11200677169473472,0.005809351633081716,0.05285164058713954,-0.4080241788037276,0.038441132178322214,0.10446894791775259,other
Trappc10,-0.11229161789060838,0.04785961509656378,0.04054478516571369,-0.35431715709647277,0.007559810778662305,0.06063301066345349,other
Sin3b,-0.11241722602107296,0.060778630084291074,0.10903275664765433,-0.06862563884815893,0.03260630478301721,0.09515146493030366,other
Agpat4,-0.11245858238152584,0.025915016831727478,0.03381594578947489,-0.5184219456464181,0.023180056414889752,0.08120979929419823,other
Ap3b2,-0.11258912797835308,-0.019320943594381523,-0.003238261921487684,-0.5345837808823976,0.023180056414889752,0.08120979929419823,other
Cadm1,-0.11260748838035939,0.11718582439556946,0.1476687257508893,-0.010691675617647951,0.027547148107414817,0.08793366864575906,other
Notch3,-0.1127230366683234,0.10787908416818914,0.1131410336824008,-0.30409114605542886,0.0194271256064567,0.07507406645343609,other
Egln1,-0.11282147317220403,0.009062108153730541,0.028943189059925212,-0.19120694302258776,0.006183281626511232,0.05819357855504391,other
Thrb,-0.11292944196228982,0.10423299151965004,0.046926690674006455,-0.3627710401429851,0.006183281626511232,0.05819357855504391,other
Hspd1,-0.11293510226866799,0.011376042613191473,0.0699584588836819,0.04475585142271235,0.05279870698063471,0.12722069169023034,other
Nedd4l,-0.11298517285847809,0.09316197825886507,0.045130796927632,-0.15565090550343297,0.0194271256064567,0.07507406645343609,other
Tubg2,-0.11308930477256918,0.0681532948411595,0.040356063453742375,-0.4149862001361495,0.007559810778662305,0.06063301066345349,other
Ndrg4,-0.11315219719264658,-0.009215633820971458,-0.031145407253729385,-0.47913625384203723,0.027547148107414817,0.08793366864575906,other
Lpar1,-0.11365929127869434,-0.010621132242722653,0.08448042032179909,-0.13899178302942333,0.0050366811503910055,0.05819357855504391,other
Npc1,-0.11372635448030888,0.08179495566853845,0.14234130990935112,0.08429018684610827,0.25628023724432436,0.37159905917660563,other
Fabp3,-0.1138624817480467,0.0838598677980491,0.11046890867824594,-0.31130181100686594,0.013481568265476605,0.06644394176057601,other
Bmp7,-0.11398350716093686,0.17211950467594928,0.11509659954135615,0.2401897359685563,0.03260630478301721,0.09515146493030366,other
Maoa,-0.11416127001360676,0.07450962057864308,0.10728071689071128,-0.20363912397334122,0.0194271256064567,0.07507406645343609,other
Zeb1,-0.11425262832627414,0.08461102200743342,0.0754869316611042,-0.22377925711356175,0.07138703353443834,0.153066522933657,other
Ggps1,-0.11425961207657143,0.04064083953908226,0.012779784515142611,-0.2819618639630878,0.0950279527318241,0.1838913455557795,other
Unc5c,-0.1143229955149847,0.05628506188075422,0.03155944437440794,-0.28668609272437406,0.006183281626511232,0.05819357855504391,other
Meis2,-0.11463401570714526,0.07889080503776369,0.09887954557196499,-0.28842659805747956,0.013481568265476605,0.06644394176057601,other
Fndc5,-0.11464797660397547,0.029359154916792418,0.03227563663725075,-0.1213380860793535,0.0050366811503910055,0.05819357855504391,other
Hap1,-0.11465415943850843,0.061180288801965244,-0.03714830467383168,-0.4475585142271235,0.20451844490430449,0.3170968350932697,other
2610035D17Rik,-0.11466111883779101,0.042852975330933074,0.053746504417133856,-0.045253138660742494,0.00920502620895087,0.06294214301857694,other
Grin2b,-0.11471231259061787,0.11234994406608423,0.04970553064381428,-0.12307859141245897,0.03260630478301721,0.09515146493030366,other
Ndufs1,-0.11496423968636149,0.03472081386493109,0.035251258383893314,-0.43587226413341534,0.0050366811503910055,0.05819357855504391,other
Saraf,-0.11514096660817019,0.10647662891350507,0.12756714739681096,0.1409809319815439,0.05279870698063471,0.12722069169023034,other
Prrxl1,-0.11516516784832842,0.10945317200408261,0.037367141390353686,-0.21781181025720012,0.0194271256064567,0.07507406645343609,other
Meg3,-0.11520378879091009,0.2092735781601065,0.08608156876807094,-0.07633359103762606,0.285318068487978,0.4017133500847849,ratchet_cumulative
Disp2,-0.11537854160652605,0.02085199879222155,-0.0353800423010413,-0.3366634601464029,0.12456406214237814,0.2225573663706728,other
Atp2a2,-0.11550338866445653,0.05109430878333798,0.00023100762471139902,-0.39484606699592895,0.027547148107414817,0.08793366864575906,other
Snap91,-0.11550858696087929,0.018408321245545922,0.04517545582796467,-0.5149409349802072,0.0050366811503910055,0.05819357855504391,other
Prkar2b,-0.11558238317265124,-0.024145857625085365,0.004299411316022406,-0.44109378013273176,0.01116262730740973,0.06326729099455225,other
Bbs2,-0.11567345385192018,0.11331918488000803,0.11084634922881464,-0.05495023980233017,0.0194271256064567,0.07507406645343609,other
Nfib,-0.11569368211426756,0.12168669342321259,0.07449411665033723,-0.2488922626340837,0.05279870698063471,0.12722069169023034,other
Slc20a2,-0.11597278306635705,0.10948403029464737,-0.011819404967690295,-0.24292481577772204,0.07138703353443834,0.153066522933657,other
Isca1,-0.11615795965705877,0.013837559468007576,0.05363831239879113,-0.492811652887866,0.0026556990473244895,0.05819357855504391,other
Pias2,-0.11618506680696217,0.09567840610674483,0.03699284027863081,-0.16410478854994529,0.05279870698063471,0.12722069169023034,other
Kcnip3,-0.11623659014721377,0.06037086909938383,0.06503105618005445,-0.5027573976484687,0.027547148107414817,0.08793366864575906,other
Ldb2,-0.11636074885948577,0.09993647874823164,0.08045202824537889,-0.18523949616622612,0.027547148107414817,0.08793366864575906,other
Usp22,-0.11647393610587597,0.08704412328885369,0.03978486488351285,-0.25784343291862616,0.038441132178322214,0.10446894791775259,other
Cdh11,-0.11654453471302229,0.002904261081750792,0.07100983906403818,-0.07782545275171648,0.004085851125205444,0.05819357855504391,other
Cpt1c,-0.11654935956750578,0.10670879480482776,0.18091688379810922,0.18200712911903025,0.05279870698063471,0.12722069169023034,other
Vxn,-0.1165853081963627,-0.042170345523087405,0.09356249603771583,-0.1735532460725179,0.06151359999604334,0.1395822391369293,other
Plpp3,-0.11662658298380757,0.14759967013175368,0.05183566215207325,-0.07011750056224936,0.01116262730740973,0.06326729099455225,other
Ptpra,-0.11672134761027952,0.03124911227809868,0.09726595955015171,-0.005221515999316442,0.22936158549541563,0.3421975570670124,other
Neo1,-0.11673349426889601,0.03194569177517981,0.05720447971579534,-0.3379066782414783,0.06151359999604334,0.1395822391369293,other
Pcmtd2,-0.11681775688318519,0.033549584728856274,0.0758967364997889,-0.021383351235295903,0.0050366811503910055,0.05819357855504391,other
Col15a1,-0.11708151816509704,0.13507579855846497,0.27002784852554995,0.6661162553413688,0.20451844490430449,0.3170968350932697,other
Pcm1,-0.11719986583146125,0.08643973427509866,0.05914433397013452,-0.3466092049070057,0.05279870698063471,0.12722069169023034,other
Tecr,-0.11729413045300419,-0.08508171643564877,-0.020192457920553686,-0.6415005370588771,0.06151359999604334,0.1395822391369293,other
Mfap5,-0.11762870935504821,0.12327823173141605,-0.07440881401466792,0.001989148952120549,0.038441132178322214,0.10446894791775259,other
Sos1,-0.11802954107748664,0.06032636781238232,0.0682129747471375,-0.3103072365308056,0.007559810778662305,0.06063301066345349,other
Aplp2,-0.11821252165741347,0.10357593895151451,0.16913529499899038,-0.23795194339742065,0.08252326938191985,0.1680443900667358,other
Mturn,-0.11828983966117756,0.011505916015783213,0.10157623963270979,-0.26754053406021383,0.00920502620895087,0.06294214301857694,other
Kat5,-0.11832674505883123,0.12894579673161166,0.021226389686683556,-0.12879739464980555,0.10900678981544218,0.20241850558739374,other
Rragd,-0.11844881066407431,0.08554787901976602,0.13743905114228827,-0.1785261184528193,0.027547148107414817,0.08793366864575906,other
Bcl7a,-0.11862689710938967,0.07308769137486892,0.11249299731962448,0.10492760722435895,0.01116262730740973,0.06326729099455225,other
Etnppl,-0.11885145832239918,0.32449998904043253,0.18424791966650356,0.13053789998291104,0.25628023724432436,0.37159905917660563,ratchet_cumulative
Chmp3,-0.11907135453704087,0.1170500718302202,0.08119986743350804,-0.0586798940875562,0.07138703353443834,0.153066522933657,other
Bdh1,-0.1193758057847083,0.02032683581139194,0.04199358338431369,-0.3205016249104235,0.0950279527318241,0.1838913455557795,other
Cap2,-0.11941893276437199,0.003379337831859397,0.04843573915309696,-0.4488017323221989,0.027547148107414817,0.08793366864575906,other
Fat1,-0.11948843856711067,0.08301040939907045,0.09301067870458768,-0.15714276721752338,0.12456406214237814,0.2225573663706728,other
Mc5r,-0.11953422408583853,0.16806282801119515,0.26975635882984084,0.6183766804904757,0.10900678981544218,0.20241850558739374,other
Jam2,-0.1197986834609277,0.03625976781055362,0.11011213258534669,-0.10890590512860006,0.12456406214237814,0.2225573663706728,other
Sod1,-0.119853367365087,0.08627892657670033,0.012159040897404605,-0.4420883546087921,0.00920502620895087,0.06294214301857694,other
Ric8b,-0.11995113563439797,0.09183347283855192,0.0372283155476929,-0.10492760722435895,0.03260630478301721,0.09515146493030366,other
Sesn1,-0.1199704100838559,0.0961352341526246,0.07847703156691499,0.04898279294596852,0.027547148107414817,0.08793366864575906,other
Esrrg,-0.12001055615777445,0.0012174655659444866,0.01743663337353435,-0.5171787275513428,0.0006599927848675582,0.05819357855504391,other
Cdk5,-0.1201241828246804,0.09940595120362983,0.0665889003443304,-0.3423822633837495,0.0162163284475037,0.07051960052064482,other
Adcy8,-0.12014319565090603,0.09111765518132275,0.04818679390311653,-0.26008122548976176,0.0026556990473244895,0.05819357855504391,other
Tjp1,-0.12019955683194161,0.0884633459197568,0.09860490851485793,0.06315547922982744,0.0194271256064567,0.07507406645343609,other
Emc4,-0.12039020144809665,0.0953046938009412,0.055726232462367076,-0.3980784340431249,0.006183281626511232,0.05819357855504391,other
Coq8a,-0.12047812855844764,0.11482679009074759,0.09115083385777484,0.239195161492496,0.03260630478301721,0.09515146493030366,other
Grik2,-0.12075067332427536,0.09759686476940566,0.02032209721219047,-0.3011074226272481,0.14180099264371332,0.24321683371741143,other
L1cam,-0.12082784102628419,0.11168511332364772,0.11801231531952305,-0.019145558664160282,0.07138703353443834,0.153066522933657,other
Ilf2,-0.12129030264791085,0.08752600100493191,0.024759486124142915,-0.4667040728912838,0.006183281626511232,0.05819357855504391,other
Nlgn3,-0.12140699980600678,-0.01638972782345971,0.09047772083718053,-0.38092202433108513,0.0162163284475037,0.07051960052064482,other
Kifap3,-0.12142975871537409,0.05403689175756221,0.08403586846144162,-0.07111207503830962,0.0950279527318241,0.1838913455557795,other
Frzb,-0.12147718031035581,0.08161394562375646,0.04927564213038005,-0.34337683785980977,0.007559810778662305,0.06063301066345349,other
Arrdc2,-0.12161545062112333,0.21665262909733163,-0.021792123900921112,0.039285691804380844,0.1816927632278722,0.29053755022739064,ratchet_cumulative
Epha10,-0.12164783273126634,0.032740490267511246,0.028114164795636776,-0.35133343366829195,0.0162163284475037,0.07051960052064482,other
Dhh,-0.12179073479879851,0.05751579256524131,0.04042459921906877,0.10020337846307266,0.0050366811503910055,0.05819357855504391,other
Hip1r,-0.12193415299110155,-0.03638565925081583,-0.0001209692445351962,-0.3130423163399714,0.013481568265476605,0.06644394176057601,other
Plxna4,-0.1219657806348382,0.12219418550313155,0.08068758866236214,-0.23844923063545084,0.06151359999604334,0.1395822391369293,other
Adgrf5,-0.12203253029800676,0.11327378363493956,-0.027387816867505466,-0.3697330614754071,0.12456406214237814,0.2225573663706728,other
Slc17a6,-0.12229551083500967,0.04331806287914719,-0.030180631882869013,-0.5890367334466976,0.04514062557215464,0.11588441421417252,other
Tet1,-0.12230375257109549,0.056519410431114525,0.06505908306651342,-0.3553117315725331,0.01116262730740973,0.06326729099455225,other
Hoxc6,-0.12262403771141483,-0.015814660440952366,0.026284957707610412,-0.41772127994531527,0.03260630478301721,0.09515146493030366,other
Epm2a,-0.12278590432080888,0.0648800085711595,0.12281967700270746,-0.02710215447264248,0.01116262730740973,0.06326729099455225,other
Hibadh,-0.12283107552833161,0.07418777195087656,0.0907408707100732,-0.13277569255404664,0.038441132178322214,0.10446894791775259,other
Nxph4,-0.1230831842555491,0.06631213570596828,0.05856590741934997,-0.402305375566381,0.03260630478301721,0.09515146493030366,other
Plekha5,-0.12359693739186028,0.13891597689448654,0.0570352134495653,-0.3528252953823824,0.04514062557215464,0.11588441421417252,other
Whrn,-0.12365762473284059,0.026832991811225892,0.10575276962293212,-0.36376561461904544,0.004085851125205444,0.05819357855504391,other
Strn3,-0.12376304764862023,0.027076092193002443,0.060616505797517206,-0.34039311443162895,0.027547148107414817,0.08793366864575906,other
Ctr9,-0.1237706586737437,0.04896955725515095,0.05254727552066818,-0.26306494891794263,0.00920502620895087,0.06294214301857694,other
Mag,-0.1238212213776424,-0.058343423962694985,0.004812362599451614,-0.4744120250807509,0.07138703353443834,0.153066522933657,other
Bace2,-0.12387724813081247,0.1290626247500798,0.15882293270018566,0.41001332775584814,0.04514062557215464,0.11588441421417252,other
Ntrk3,-0.12389476907061969,0.14236650460432598,0.08261784186307541,-0.15490497464638775,0.023180056414889752,0.08120979929419823,other
Ar,-0.12390708471114181,0.056176006524947586,0.04856114692627661,-0.35332258262041255,0.0010674246179843178,0.05819357855504391,other
Bglap2,-0.12412304823120358,-0.05932138049059568,0.00850499561193098,0.020637420378250695,0.00023991372914223264,0.05819357855504391,other
Rabep1,-0.12417957720601192,0.024716250453436617,0.09476441358368737,-0.23670872530234535,0.000841099845223462,0.05819357855504391,other
Mme,-0.12420491188088473,0.10574913107491102,0.07972308552816454,-0.14147821921957404,0.00920502620895087,0.06294214301857694,other
Elavl4,-0.12432032293323858,0.018042347048024765,0.01950835359166314,-0.5440322384049702,0.0021277894149469047,0.05819357855504391,other
Adcy2,-0.12435990575339717,0.09730909694016598,0.06501732482565026,-0.438358700323566,0.006183281626511232,0.05819357855504391,other
Cacna2d2,-0.12444697975534491,0.07403010344817118,0.02728058353766727,-0.47316880698567554,0.0194271256064567,0.07507406645343609,other
Cntnap4,-0.12463818994464837,0.09571837683602302,0.046135468831571325,-0.38092202433108513,0.013481568265476605,0.06644394176057601,other
Myo16,-0.12498802024236177,0.05894467765120304,0.011373918296023633,-0.41647806185023994,0.01116262730740973,0.06326729099455225,other
Abhd4,-0.12502223962912673,0.14424507724959157,0.1605071158898499,0.30583165138853435,0.12456406214237814,0.2225573663706728,other
Dag1,-0.1251077502268465,0.18464025662560135,0.10133042631303901,0.26828646491725905,0.0950279527318241,0.1838913455557795,other
Aif1l,-0.12522626054346855,0.028897010672377377,0.05800923839257066,-0.3500902155732166,0.0010674246179843178,0.05819357855504391,other
Tfrc,-0.12561778694385017,-0.08470215297779315,0.03762991776226654,-0.5241407488837646,0.12456406214237814,0.2225573663706728,other
Kansl2,-0.1256597726278741,0.080380706926507,0.06857191822723774,-0.13551077236321238,0.04514062557215464,0.11588441421417252,other
Atp6v1b2,-0.12568088783018805,0.07968380419962262,0.081366421739411,-0.2916589651046755,0.023180056414889752,0.08120979929419823,other
Mfn2,-0.12612984552495332,0.08222426435730257,0.0668892712711806,-0.18175848550001517,0.0162163284475037,0.07051960052064482,other
Kcnh1,-0.1264158919202969,0.10970182675789375,0.037774363183017745,-0.3806733807120701,0.01116262730740973,0.06326729099455225,other
Cacna1a,-0.12685515245744627,0.1063055909742825,0.042376149422149845,-0.36351697100003033,0.03260630478301721,0.09515146493030366,other
Scn4b,-0.12694099268640513,-0.001619704975576397,-0.13417436596379817,-0.5196651637414934,0.12456406214237814,0.2225573663706728,other
Amd1,-0.127194351690338,0.09519285053146254,0.07130631472170101,-0.24391939025378234,0.006183281626511232,0.05819357855504391,other
Hadhb,-0.12744489918727564,0.11755812974724589,0.1561679947149044,0.19667710264091928,0.0162163284475037,0.07051960052064482,other
Ppp1r2,-0.1274734965480374,0.050197046762790576,0.04752928450547733,-0.3050857205314892,0.01116262730740973,0.06326729099455225,other
Vldlr,-0.12779258196210597,0.004581775530796084,0.044961131600540494,-0.2185577411142453,0.038441132178322214,0.10446894791775259,other
Lama2,-0.12786091859309467,0.10670498849534116,0.17718284146130048,0.35506308795351804,0.03260630478301721,0.09515146493030366,other
Gabra1,-0.1279037547088105,0.07415710839875339,0.028866444331194674,-0.4102619713748632,0.007559810778662305,0.06063301066345349,other
Ago3,-0.12821250628889547,0.0242336528200644,0.05399800657168008,-0.1872286451183467,0.08252326938191985,0.1680443900667358,other
Pnkd,-0.12832385510185373,0.037433686870279814,-0.009233796019451734,-0.4657094984152235,0.04514062557215464,0.11588441421417252,other
Crmp1,-0.12844301711495676,0.08770128347437167,0.031104739675317683,-0.38987319461562764,0.0194271256064567,0.07507406645343609,other
Otof,-0.12859038919186783,0.18597063076649112,0.1297111408150844,-0.12954332550685077,0.0950279527318241,0.1838913455557795,other
Ss18l1,-0.12870090238358944,0.06248142638702192,0.031270160222206855,-0.21060114530576313,0.013481568265476605,0.06644394176057601,other
Robo1,-0.1288053978960938,0.12631279721664845,0.14781695013651708,-0.0554475270403603,0.027547148107414817,0.08793366864575906,other
Arhgap35,-0.12888207615358982,-0.00895284445749267,0.03722653134918219,-0.3945974233769139,0.1816927632278722,0.29053755022739064,other
Nts,-0.12896579773946237,0.10848988732723497,0.08826708462556959,0.048734149326953455,0.07138703353443834,0.153066522933657,other
Acss2,-0.12897174021684132,0.0032790756916343256,-0.0837950375009826,-0.6792943671491676,0.01116262730740973,0.06326729099455225,other
Fam107a,-0.12905789262412903,0.27738621938744656,0.0038850006598947218,0.16236428321683982,0.20451844490430449,0.3170968350932697,ratchet_cumulative
Pcdh11x,-0.12912524100252698,0.07475030347723055,0.050702102380767444,-0.3098099492927755,0.023180056414889752,0.08120979929419823,other
Smyd2,-0.12925336212680882,0.054400283469763666,0.02613377053746313,-0.4913197911737756,0.00920502620895087,0.06294214301857694,other
Calb1,-0.1292692594690114,0.13396814986867045,0.08823749925559349,-0.239195161492496,0.027547148107414817,0.08793366864575906,other
Myh10,-0.1293021633397593,0.011370757197648462,0.006827022704902763,-0.5519888342134524,0.006183281626511232,0.05819357855504391,other
Chrnb2,-0.12933485891592622,0.05100208660634076,0.03075369464097988,-0.37396000299866317,0.00920502620895087,0.06294214301857694,other
Cspg5,-0.1294721063549482,0.03963067471108839,0.010484667736639475,-0.3945974233769139,0.023180056414889752,0.08120979929419823,other
Minar2,-0.12961199350245467,0.06982614241908103,0.0470011813171779,-0.38962455099661253,0.0033008726972586534,0.05819357855504391,other
Dscam,-0.1296257694080929,0.07758718627445438,0.07170363955129377,-0.18698000149933158,0.027547148107414817,0.08793366864575906,other
Bcam,-0.1296509235424872,0.16663895133688467,0.05299879118958639,-0.2170658794001549,0.06151359999604334,0.1395822391369293,other
Foxc2,-0.12994012841582314,0.24066830008210938,0.10395014593894508,0.29265353958073576,0.07138703353443834,0.153066522933657,ratchet_cumulative
Pbx3,-0.13021331282886106,0.03727701549804663,0.024219237065869814,-0.39310556166282346,0.0050366811503910055,0.05819357855504391,other
Smarcd3,-0.13044529053337117,0.09655014326905809,0.07874186457570909,-0.3575495241436687,0.0162163284475037,0.07051960052064482,other
Cib2,-0.13055292226544635,0.036125332641607555,0.053458183578861895,-0.44159106737076187,0.0010674246179843178,0.05819357855504391,other
Cacnb1,-0.13055651506805122,0.09645298965533922,0.08026446185816938,-0.2337250018741645,0.027547148107414817,0.08793366864575906,other
Pcsk6,-0.13057846502940562,0.05980593937116385,0.05309025528230116,-0.42915888642000843,0.0033008726972586534,0.05819357855504391,other
Cry2,-0.13068334928607994,0.14633707145419317,0.01991582800118974,-0.2829564384391481,0.0194271256064567,0.07507406645343609,other
Srgap1,-0.1307220107349113,0.15059979027027115,0.04954521941981638,-0.04326398970862194,0.0194271256064567,0.07507406645343609,other
Ptprz1,-0.1309432729238309,-0.06267392610823785,0.027713297672228965,-0.506984339171725,0.34984355386886234,0.4674049157373145,other
Dao,-0.13098849810599084,0.06002842798000968,0.09990941743192355,-0.4724228761286304,0.06151359999604334,0.1395822391369293,other
Cntnap1,-0.1310059458309839,0.06103254894358234,0.08548888298750579,-0.34387412509783993,0.03260630478301721,0.09515146493030366,other
Wnt5a,-0.1310787505467721,0.1257184453992004,0.17099734688305357,0.43288854070523447,0.01116262730740973,0.06326729099455225,other
Kcnc2,-0.13117712257638836,0.07117472171141981,0.04014595018666567,-0.37818694452191937,0.027547148107414817,0.08793366864575906,other
Eps15,-0.1313838193687613,0.009849691452395337,0.05429879468347654,-0.48957928584067006,0.05279870698063471,0.12722069169023034,other
Cpeb2,-0.13148930041679185,0.08338243739894313,0.1297912563103243,-0.15888327255062887,0.023180056414889752,0.08120979929419823,other
Per2,-0.13192283344784572,0.2164509413849256,0.031379715292579324,0.3093126620547454,0.027547148107414817,0.08793366864575906,ratchet_cumulative
Snta1,-0.1319333318743573,0.13040142761826212,0.13065622447097425,0.2307412784459837,0.01116262730740973,0.06326729099455225,other
Tmem35a,-0.13211598193142404,-0.0008757412861851721,0.0355459507579472,-0.3702303487134372,0.023180056414889752,0.08120979929419823,other
Apc2,-0.13220100717729455,0.06255702258991214,0.0350098762657749,-0.3063289386265645,0.06151359999604334,0.1395822391369293,other
Kcnj11,-0.13270158835059281,0.027222019601318315,0.04942886717291006,-0.4880874241265796,0.0013489988246948774,0.05819357855504391,other
Ankrd13b,-0.13287536980098735,0.09550703280141404,0.04535642818743402,-0.40653231708963716,0.0033008726972586534,0.05819357855504391,other
Tdrkh,-0.1332134990385564,0.07571774897859662,0.062430441711368245,-0.2911616778666454,0.006183281626511232,0.05819357855504391,other
Adgrl3,-0.1332574138832756,0.08370350912701396,0.10052869821778088,-0.26182173082286725,0.0162163284475037,0.07051960052064482,other
Cacng2,-0.13328626166477042,-0.02266595941755445,-0.022946296903547325,-0.634041228488425,0.0162163284475037,0.07051960052064482,other
Plxna2,-0.13350868395430548,0.2032933653194201,0.08725649203364594,-0.04500449504172742,0.08252326938191985,0.1680443900667358,ratchet_cumulative
Car4,-0.13364057312210953,0.011833842431343444,0.07518392381232969,-0.3065775822455796,0.03260630478301721,0.09515146493030366,other
Arhgef12,-0.13389839236996615,0.11001926179309818,0.07603407788764383,-0.2068714910205371,0.004085851125205444,0.05819357855504391,other
Tmem163,-0.13409733057324236,-0.03545179781545804,0.05165108266269247,-0.2394438051115111,0.0162163284475037,0.07051960052064482,other
Scrt1,-0.13431823915763175,-0.0048790543182293256,0.018379691340004056,-0.5713830364966277,0.038441132178322214,0.10446894791775259,other
Vstm4,-0.13445950376720006,0.06382940156962347,0.40375653054275884,0.2951399757708864,0.0950279527318241,0.1838913455557795,other
Mlc1,-0.13453704525767707,0.134748143311064,0.3557682136822826,0.31428553443504675,0.12456406214237814,0.2225573663706728,other
Arc,-0.13458320414492497,0.005978973150920663,-0.015454630993876672,-0.5000223178393031,0.0050366811503910055,0.05819357855504391,other
Map6,-0.13488309119557818,0.05284136619888713,0.055799867369451306,-0.4162294182312249,0.0050366811503910055,0.05819357855504391,other
Epb41l3,-0.13491675411150128,0.018461975370153372,0.027030403520246882,-0.550994259737392,0.007559810778662305,0.06063301066345349,other
Drosha,-0.134929903127055,0.06761995380880292,0.03118953536128788,-0.3349229548132975,0.006183281626511232,0.05819357855504391,other
Gas6,-0.13527413882871597,0.16877298015182962,0.29382145696563633,0.3389012527175385,0.22936158549541563,0.3421975570670124,other
Cbx7,-0.13557734189930637,0.14068217451972065,0.12610884396533284,0.016659122474009597,0.023180056414889752,0.08120979929419823,other
Nr3c2,-0.1356218341839186,0.16460761880507901,0.11413297914506904,-0.04823686208892331,0.04514062557215464,0.11588441421417252,other
Prpsap2,-0.1358966778286098,0.10465661128700132,0.07145594317588189,-0.13178111807798637,0.03260630478301721,0.09515146493030366,other
Atg13,-0.13593824959134104,0.08003586667980755,0.12361227342510417,-0.23173585292204396,0.0033008726972586534,0.05819357855504391,other
Ogdh,-0.13612179690547577,0.024189893725396594,0.08728921797115352,-0.28171322034407276,0.04514062557215464,0.11588441421417252,other
Btrc,-0.1365219334629899,0.10363485274399731,0.06483364835649574,-0.22054689006636588,0.023180056414889752,0.08120979929419823,other
Slc24a3,-0.13660072598419848,0.13785663657574276,0.09099785975551367,-0.39385149251986873,0.01116262730740973,0.06326729099455225,other
Erbb4,-0.13664658451135514,0.09552443113714504,0.08738917105118421,-0.2968804811039919,0.0050366811503910055,0.05819357855504391,other
Snrk,-0.13680737953099587,0.07947019527705557,0.0321988357518741,-0.29439404491384125,0.013481568265476605,0.06644394176057601,other
Grb10,-0.13681685304968427,0.13198703155972868,0.033711711076034545,-0.3988243649001701,0.03260630478301721,0.09515146493030366,other
Ptk2,-0.13684362157880625,0.09060239713489748,0.028105886915546385,-0.4552664664165907,0.0050366811503910055,0.05819357855504391,other
Appbp2,-0.13685863283485467,0.07097061067838428,0.02983281567556606,-0.42642380661084267,0.00920502620895087,0.06294214301857694,other
Sdha,-0.13703190128538534,0.09335130340996445,0.05358233086997899,-0.34437141233587004,0.027547148107414817,0.08793366864575906,other
Gtf2i,-0.13712902224392276,0.0453814729092441,0.1577398362109843,-0.06141497389672195,0.0162163284475037,0.07051960052064482,other
Coprs,-0.13731827809763142,0.03619723499319416,0.0720588675645899,-0.48609827517445914,0.0026556990473244895,0.05819357855504391,other
Mast3,-0.13792192492552746,0.10818698430822016,0.055693350287861376,0.006464734094391784,0.00920502620895087,0.06294214301857694,other
Nefl,-0.13795734729240738,-0.19185510618312485,-0.14607537860070963,-0.6260846326799429,0.22936158549541563,0.3421975570670124,other
Kcnj3,-0.13799236936679216,0.10090575973508886,0.08542865508043151,-0.32025298129140845,0.0194271256064567,0.07507406645343609,other
Cacna1g,-0.13828474008469516,0.1504107160730377,0.1140246904241966,-0.03754518647127536,0.04514062557215464,0.11588441421417252,other
Cacna1b,-0.1385772191290262,0.1439635035439194,0.007919057045872813,-0.3709762795704824,0.06151359999604334,0.1395822391369293,other
Sv2a,-0.13864160653736723,0.0527830956761437,0.06448743662602441,-0.322242130243529,0.04514062557215464,0.11588441421417252,other
Ppargc1a,-0.13880672940962208,0.04355054720150087,0.03600177895395029,-0.4391046311806112,0.0194271256064567,0.07507406645343609,other
Dnm1l,-0.13883256241686515,0.04561330363107885,0.025380389732174047,-0.36998170509442213,0.0050366811503910055,0.05819357855504391,other
Map2k4,-0.1392159456739528,0.06417729151571017,0.04198451904955003,-0.4669527165102989,0.01116262730740973,0.06326729099455225,other
Jup,-0.13928383117523246,0.03884056017834481,0.023127443122735514,-0.42965617365803854,0.027547148107414817,0.08793366864575906,other
Clcn4,-0.13976501795161866,0.14126421563228686,0.13945561589220357,0.09224678265459046,0.027547148107414817,0.08793366864575906,other
Etv1,-0.14013215597838707,0.09771351084079394,0.048403087639665276,-0.32075026852943855,0.0033008726972586534,0.05819357855504391,other
Col23a1,-0.14062045932667322,0.14145432277475167,0.1322222178225564,0.16957494816827678,0.03260630478301721,0.09515146493030366,other
Plxna3,-0.14064665550270872,0.07875859347800096,0.10087087419729451,-0.09622508055883155,0.007559810778662305,0.06063301066345349,other
Amy1,-0.14131642677598627,0.28115835168845993,0.08919654701339302,-0.013675399045828776,0.05279870698063471,0.12722069169023034,ratchet_cumulative
C030029H02Rik,-0.14139911350195783,0.1278593558902445,0.12932976094300372,-0.11835436265117268,0.01116262730740973,0.06326729099455225,other
Prom1,-0.14149508351297357,-0.01899135026492682,0.06753465902322131,-0.13973771388646855,0.00920502620895087,0.06294214301857694,other
Sema6c,-0.14152491104864562,0.12332107399939196,0.052634776901238745,-0.12059215522230828,0.006183281626511232,0.05819357855504391,other
Pygb,-0.14161517445678484,0.08860367297714977,0.09847064891050117,-0.2667946032031686,0.08252326938191985,0.1680443900667358,other
Arhgap44,-0.1416875339075978,0.05753623186497325,-0.007166211313067494,-0.5174273711703579,0.007559810778662305,0.06063301066345349,other
Ssbp2,-0.14206572786535443,0.10737505101531875,0.07959660688890136,-0.21482808682901927,0.00920502620895087,0.06294214301857694,other
Sept5,-0.14235722396106176,0.009536745543658354,0.020115333563334836,-0.503503328505514,0.013481568265476605,0.06644394176057601,other
Tle1,-0.1423919221358041,0.1104920369245026,0.10157878233965634,0.09000899008345484,0.0162163284475037,0.07051960052064482,other
Pafah1b1,-0.14248473017417584,0.04468737556966773,0.05371473761569412,-0.29712912472300695,0.023180056414889752,0.08120979929419823,other
Pou3f3,-0.14309368348976537,-0.001574542667430845,0.11353911790158577,-0.31179909824489604,0.00920502620895087,0.06294214301857694,other
Chst10,-0.14333300430270202,0.045592574512919204,0.07980281243473997,-0.239195161492496,0.004085851125205444,0.05819357855504391,other
Sacm1l,-0.14348853746318935,0.01696215554321223,0.031079824523171817,-0.4831145517462783,0.0016977516303800164,0.05819357855504391,other
Myo9a,-0.1437416430892815,0.06174925069676229,0.08510648064946214,-0.35307393900139744,0.03260630478301721,0.09515146493030366,other
Slc1a1,-0.14376539348262174,-0.046198582928903775,-0.049351547788708205,-0.6039553505876017,0.004085851125205444,0.05819357855504391,other
Slc30a10,-0.1437954426015159,0.09772816802421957,0.14102507614423837,-0.06962021332421922,0.007559810778662305,0.06063301066345349,other
Grin2d,-0.14402654518921676,0.08244215587538817,0.08617916915708579,-0.43139667899114403,0.0050366811503910055,0.05819357855504391,other
Mpzl1,-0.14450787200173143,-0.11396792912958964,0.0234206797411185,-0.15241853845623707,0.027547148107414817,0.08793366864575906,other
Rdx,-0.14458911241109806,0.03681040806030755,0.05686029195218145,-0.3853976094733564,0.01116262730740973,0.06326729099455225,other
Otud7b,-0.14463599753225975,0.10096925890884267,-0.004100820771992364,-0.3789328753789646,0.05279870698063471,0.12722069169023034,other
Ctnnal1,-0.1447155931538241,0.09357962586017321,0.07462523024103696,-0.18971508130849737,0.04514062557215464,0.11588441421417252,other
Gdap1,-0.14525037409745067,0.061564833782202344,0.04384529127211323,-0.4676986473673441,0.0162163284475037,0.07051960052064482,other
Sept3,-0.14532075037528408,0.10273878264397729,0.055876115053023256,-0.32025298129140845,0.0162163284475037,0.07051960052064482,other
Efna3,-0.14535196704441744,0.08037636497425249,0.04563148015956919,-0.4923143656498359,0.0021277894149469047,0.05819357855504391,other
Actl6b,-0.14560008882401476,0.05924030298313676,0.05955143118012596,-0.40429452451850156,0.006183281626511232,0.05819357855504391,other
Rims2,-0.1457048102225722,0.11897621346211507,0.06720284716022706,-0.3098099492927755,0.007559810778662305,0.06063301066345349,other
Kcnc1,-0.14572952225088542,0.03520273561380538,0.040012209431581125,-0.5000223178393031,0.0194271256064567,0.07507406645343609,other
Fam214a,-0.14573236029004444,0.08961263007415432,0.09072893342417687,-0.1735532460725179,0.03260630478301721,0.09515146493030366,other
Gps1,-0.1457909900605905,0.07030586930764038,0.03453763462051085,-0.329701438813981,0.0021277894149469047,0.05819357855504391,other
Mgst3,-0.145844112907085,0.030868764460654674,0.040707509351694926,-0.1979203207359946,0.00920502620895087,0.06294214301857694,other
Fbxo3,-0.14589895392238894,0.10900414290912308,0.044160136667926064,-0.3090640184357303,0.023180056414889752,0.08120979929419823,other
Eva1a,-0.1462071050360384,0.08183775979714303,0.11663047250487912,0.1188516498892028,0.006183281626511232,0.05819357855504391,other
Faah,-0.1462456242064475,0.016663875295491737,0.056392018235065344,-0.40131080109032075,0.0016977516303800164,0.05819357855504391,other
Ppp2ca,-0.14684750516603362,0.07567254828499514,0.04117989443285541,-0.22477383158962205,0.0194271256064567,0.07507406645343609,other
Mycbp2,-0.1472725629028091,0.09604440540190251,0.018122186737879575,-0.20587691654447682,0.0950279527318241,0.1838913455557795,other
Ptpru,-0.14741886255065617,0.2007207459632565,0.08708651525841582,-0.17603968226266858,0.03260630478301721,0.09515146493030366,ratchet_cumulative
Atp5o,-0.1476095450335544,0.0509281028878692,-0.0006304529229708145,-0.39509471061494406,0.004085851125205444,0.05819357855504391,other
Ciart,-0.14770933066558276,0.14049390222637864,0.0691727376217923,0.09224678265459046,0.004085851125205444,0.05819357855504391,other
Nr2f2,-0.14806420950701127,0.29360159360844285,0.24603198481475108,0.48709284965051936,0.16081398497923238,0.2665947797787015,ratchet_cumulative
Adgrl1,-0.14806877563625864,0.0753911118744095,0.07960366113849782,-0.4652122111771934,0.027547148107414817,0.08793366864575906,other
Glud1,-0.14811114371676726,0.033127152744632626,0.11449584280406877,-0.30956130567376045,0.05279870698063471,0.12722069169023034,other
Ivd,-0.14857856713819095,0.11963919225987296,0.07132334006366725,-0.03754518647127536,0.004085851125205444,0.05819357855504391,other
Prkce,-0.14869653840998698,0.06776135275550321,0.0244359579092015,-0.2615730872038522,0.03260630478301721,0.09515146493030366,other
Lpin1,-0.14870024908552493,0.06687387953361568,0.10759169625769782,-0.27301069367854536,0.027547148107414817,0.08793366864575906,other
Col9a3,-0.14926645933480254,-0.06641112258836823,0.2082061608563307,0.3684898433803317,0.05279870698063471,0.12722069169023034,other
Sirt2,-0.14937187524151874,-0.07843011028938207,0.12404753377010236,0.12233266055541375,0.10900678981544218,0.20241850558739374,other
Myh1,-0.1495546032539597,0.24809981877130918,0.033296420238817695,0.11537063922299184,0.038441132178322214,0.10446894791775259,ratchet_cumulative
Gjb1,-0.1497095462229847,-0.02511138198499019,-0.0465518067198758,-0.6037067069685865,0.05279870698063471,0.12722069169023034,other
Alpl,-0.14982000505468046,0.11357029021573484,0.09599684830297872,-0.39782979042410976,0.0050366811503910055,0.05819357855504391,other
Araf,-0.15001720539535324,0.07106529844852227,0.06236017383930115,-0.3558090188105632,0.0050366811503910055,0.05819357855504391,other
Pacsin3,-0.15006085067565356,0.05208334540608428,0.03762128455500591,-0.42418601403970707,0.0050366811503910055,0.05819357855504391,other
Hoxb5,-0.1500834468663197,0.07995630535631837,0.15444202293110765,-0.18051526740493984,0.038441132178322214,0.10446894791775259,other
Bsn,-0.1503433275540752,0.039203177284940716,0.06011214397959985,-0.36699798166624126,0.0026556990473244895,0.05819357855504391,other
Sema5a,-0.150656824233119,-0.04542135813457504,0.06052517959344206,-0.5619345789740551,0.05279870698063471,0.12722069169023034,other
Smpd1,-0.15134930236263977,0.04786239792321867,0.09413495516968218,-0.2170658794001549,0.038441132178322214,0.10446894791775259,other
Fasn,-0.15137103940570062,0.02881481769766303,0.0008257784449288152,-0.5771018397339743,0.0016977516303800164,0.05819357855504391,other
Cxxc5,-0.15150635931305678,0.07105787466426916,0.1832823695809458,-0.24690311368196316,0.06151359999604334,0.1395822391369293,other
Sept8,-0.15161447328284305,0.03941902788279528,0.10344881030519737,-0.30831808757868506,0.023180056414889752,0.08120979929419823,other
Ppp1r1b,-0.15182952346996081,0.1264895936357977,0.07760043678620798,-0.19717438987894942,0.023180056414889752,0.08120979929419823,other
Plxdc2,-0.15250965960932827,0.07633867652156434,0.1502168450309478,0.07583630379959592,0.12456406214237814,0.2225573663706728,other
Chst8,-0.15263040684374196,0.07036989006423233,0.125546982486737,-0.2240279007325768,0.006183281626511232,0.05819357855504391,other
Gabrg2,-0.1527028703259944,0.11402276038943049,0.0364357354135294,-0.2456598955868878,0.023180056414889752,0.08120979929419823,other
Col1a1,-0.15272848776696435,-0.013408811758073957,0.16320903103434548,0.44233699822780714,0.1816927632278722,0.29053755022739064,other
Dmd,-0.1530928049026744,0.12958390879749326,0.036186429418463506,-0.06763106437209866,0.05279870698063471,0.12722069169023034,other
Pou3f2,-0.15362758076866717,0.07563114007582339,0.12120443035513645,-0.25013548072915903,0.0033008726972586534,0.05819357855504391,other
Gpc3,-0.1536680013188676,0.13815316108040088,0.03248338235037229,-0.08130646341792744,0.01116262730740973,0.06326729099455225,other
Rab5a,-0.15384171112065692,0.012424494538872288,0.008655172101138309,-0.34785242300208097,0.08252326938191985,0.1680443900667358,other
Slc47a1,-0.15419769725522403,0.349830413471923,0.03008010288864066,-0.06539327180096305,0.20451844490430449,0.3170968350932697,ratchet_cumulative
Abcb1a,-0.15420264907865922,0.1089044770191927,0.0744839372359214,-0.2299953475889385,0.023180056414889752,0.08120979929419823,other
Syp,-0.15456312223806945,0.03419990919644578,-0.04739779151475432,-0.4888333549836249,0.05279870698063471,0.12722069169023034,other
Galnt17,-0.15470630527908535,0.09200997896634244,0.07830173031972376,-0.35332258262041255,0.00920502620895087,0.06294214301857694,other
Pcdh10,-0.1550139639187118,0.07085953146143842,0.12832137626797913,-0.24839497539605354,0.006183281626511232,0.05819357855504391,other
Nid1,-0.1552302332575679,0.1032264862820349,0.20643182675582739,0.5181733020274031,0.05279870698063471,0.12722069169023034,other
Thra,-0.15523262647439195,0.07613530962573556,0.08747940554382949,-0.3697330614754071,0.038441132178322214,0.10446894791775259,other
Gabbr2,-0.15524070988224303,0.07678303307512246,0.041638056752260066,-0.42791566832493305,0.0162163284475037,0.07051960052064482,other
Nf1,-0.15540906957427514,0.0492596660006932,0.08613793267143888,-0.32348534833860426,0.05279870698063471,0.12722069169023034,other
Peg10,-0.15574442034237768,0.08582249890487914,0.07511565405761222,-0.31826383233928784,0.007559810778662305,0.06063301066345349,other
Cdh10,-0.155901743352175,0.028449223584082195,0.04035661045435923,-0.42990481727705365,0.0005157139141888927,0.05819357855504391,other
Grm3,-0.15592819898948967,0.028925604785732917,0.06053650261151755,-0.4197104288974358,0.027547148107414817,0.08793366864575906,other
Lingo1,-0.1560521103244371,0.06201079445804514,0.05553192489775194,-0.41001332775584814,0.004085851125205444,0.05819357855504391,other
Wasl,-0.15610017761006112,0.03557032954228756,0.02832881072014526,-0.29016710339058505,0.0016977516303800164,0.05819357855504391,other
Kcnh5,-0.15632205023429668,0.1461474175869214,0.09442216238525514,-0.27748627882081656,0.01116262730740973,0.06326729099455225,other
Opalin,-0.1566469008932292,-0.025184834116550592,0.1181402408736808,-0.4535259610834852,0.0950279527318241,0.1838913455557795,other
Epha5,-0.1568009844314916,0.06403540280054387,0.0998903114206271,-0.38390574775926595,0.013481568265476605,0.06644394176057601,other
Camk2a,-0.15690150653281876,0.152783863939159,0.07389763855491671,-0.2889238852955097,0.05279870698063471,0.12722069169023034,other
Pak3,-0.1576639001716884,0.04442028073286952,0.06951268001533073,-0.3227394174815591,0.01116262730740973,0.06326729099455225,other
Arhgef28,-0.15767303170234837,0.051007657643793,0.033187961305121916,-0.5206597382175536,0.006183281626511232,0.05819357855504391,other
Flt1,-0.1579569063810191,0.1459544928447043,0.07871553776228524,-0.15415904378934253,0.007559810778662305,0.06063301066345349,other
Ahi1,-0.15836279942497877,0.1254360668445944,0.06508188942302584,-0.3466092049070057,0.0950279527318241,0.1838913455557795,other
Kif19a,-0.15840850922857774,0.006579665862199047,0.03986509068769323,-0.07807409637073155,0.0021277894149469047,0.05819357855504391,other
Daam2,-0.15840982419702065,0.11611474915757225,0.10248393047601878,-0.39907300851918515,0.03260630478301721,0.09515146493030366,other
Gucy1a1,-0.15879797852763222,0.0023193767005094124,0.07562930497877252,-0.42816431194394816,0.00920502620895087,0.06294214301857694,other
Dync1i2,-0.15892252324180167,0.12564891972786896,0.10075967394583674,-0.1133814902708713,0.038441132178322214,0.10446894791775259,other
Rapgef3,-0.15892872647219725,0.2683186839783098,0.2079154627067299,0.2707729011074097,0.023180056414889752,0.08120979929419823,ratchet_cumulative
Kcnn2,-0.1594206877139453,0.13993408611585056,0.14228386449445213,-0.25038412434817414,0.0194271256064567,0.07507406645343609,other
Scn2a,-0.1596268304169841,0.14249161696746349,0.053248969525355294,-0.36873848699934675,0.01116262730740973,0.06326729099455225,other
Gphn,-0.15975097076679035,0.10863821497495274,0.05095328031811319,-0.27574577348771107,0.006183281626511232,0.05819357855504391,other
Kcnk2,-0.1597689422116445,0.09879693619377294,0.1495595484919232,0.05892853770657126,0.0162163284475037,0.07051960052064482,other
Sh3gl3,-0.16047075703564956,-0.02516478017262813,0.0481726536970678,-0.431148035372129,0.0006599927848675582,0.05819357855504391,other
Mapre2,-0.1604712288139758,0.03904059125072035,0.055119785304739155,-0.4085214660417577,0.0033008726972586534,0.05819357855504391,other
Elavl2,-0.16118999825861513,0.034815475727875134,0.030976032158303357,-0.5241407488837646,0.004085851125205444,0.05819357855504391,other
Map4,-0.16147674621077046,0.07320975260623364,0.09332738452175304,-0.14147821921957404,0.0162163284475037,0.07051960052064482,other
Bbs9,-0.16182153028028246,0.12662231229478071,0.10651965147982945,-0.15415904378934253,0.013481568265476605,0.06644394176057601,other
Klc1,-0.16183468296693349,0.07245167864858049,0.011591423900320752,-0.47167694527158516,0.0050366811503910055,0.05819357855504391,other
Nfia,-0.16196284627426727,0.181208306333013,0.1366184955667913,-0.03456146304309454,0.10900678981544218,0.20241850558739374,other
Sall1,-0.16196712369757738,0.009026621419059078,0.05175142750181716,0.020886063997265766,0.22936158549541563,0.3421975570670124,other
Syngr3,-0.16217778091427948,0.08461230698774402,0.09940926430257235,-0.20388776759235627,0.027547148107414817,0.08793366864575906,other
Erbb3,-0.16221441080303645,0.09324023740524678,0.05371107576523515,-0.2185577411142453,0.0033008726972586534,0.05819357855504391,other
Prr5l,-0.16295482265589278,0.07440881506778618,0.06541069516030418,-0.4236887268016769,0.007559810778662305,0.06063301066345349,other
Itsn1,-0.162967640947822,0.1115029967671255,0.18547437772317377,-0.04351263332763702,0.00920502620895087,0.06294214301857694,other
Ntng1,-0.16320709117372534,0.10639052799542681,0.10356298758750526,-0.23248178377908915,0.0033008726972586534,0.05819357855504391,other
Sdc2,-0.16328476031062855,0.1111749974558226,0.1464251675746615,0.05047465466005893,0.0162163284475037,0.07051960052064482,other
Mmd2,-0.16362386772242232,0.02204503584970674,0.10758009220794384,-0.15216989483722201,0.023180056414889752,0.08120979929419823,other
Prodh,-0.16367575032736242,0.21085838798455914,0.17676224221828707,0.22079553368538093,0.03260630478301721,0.09515146493030366,ratchet_cumulative
Rnf14,-0.16378461144623557,0.07954896238371312,-0.008745847858738998,-0.4254292321347824,0.0033008726972586534,0.05819357855504391,other
Hey1,-0.1641013828570752,0.014438619411352605,0.10953659671684524,-0.32547449729072486,0.0050366811503910055,0.05819357855504391,other
Tns2,-0.16420224039696119,0.30708426000653954,0.15887541258113758,-0.017156409712039734,0.08252326938191985,0.1680443900667358,ratchet_cumulative
Prelp,-0.16427685728598018,0.30955284751483036,0.3652790018514587,0.39832707766213993,0.25628023724432436,0.37159905917660563,ratchet_cumulative
Mtfp1,-0.1645168950635948,0.018328851115656297,0.08244292995775071,-0.49654130717309203,0.0021277894149469047,0.05819357855504391,other
Gpm6a,-0.16459955628098544,0.09282516455271694,0.06148795472572299,-0.41871585442137554,0.023180056414889752,0.08120979929419823,other
Ddit4,-0.16467149000071712,0.09505726689754646,-0.022054632318348588,0.2742539117736207,0.0950279527318241,0.1838913455557795,other
Kcnab2,-0.16497616010907623,-0.06463874835152561,-0.016778483094320285,-0.5537293395465578,0.01116262730740973,0.06326729099455225,other
Klf15,-0.1656421437036617,0.17718320390167452,0.09460199229167698,0.04102619713748632,0.0162163284475037,0.07051960052064482,other
Fbxo21,-0.16570227339122656,0.07924000685548593,0.07311872087932947,-0.40727824794668244,0.007559810778662305,0.06063301066345349,other
Ly6h,-0.16596762759928552,0.15990181804552228,0.08055883306387446,-0.32124755576746866,0.027547148107414817,0.08793366864575906,other
Vdac1,-0.16599791801327513,-0.013283410920570393,0.05496558710250632,-0.48261726450824816,0.013481568265476605,0.06644394176057601,other
Vegfb,-0.16696521710592105,0.07083708260685384,0.22982810555032684,-0.03257231409097398,0.0950279527318241,0.1838913455557795,other
Cd81,-0.16698299422868468,0.08536397919308047,0.1991327931556821,-0.08205239427497264,0.03260630478301721,0.09515146493030366,other
Rab11a,-0.1671685318884315,0.06671053837415053,0.06762235997530963,-0.27450255539263574,0.0950279527318241,0.1838913455557795,other
Lrig1,-0.16724295026621006,0.017386617699848506,0.2266417412006625,0.09995473484405758,0.0162163284475037,0.07051960052064482,other
Panx2,-0.16739564589041334,-0.048655704753082674,-0.007720331912939304,-0.6032094197305564,0.027547148107414817,0.08793366864575906,other
Zfp536,-0.1676224013214902,0.10470802820923408,0.0911495478432347,-0.21482808682901927,0.0050366811503910055,0.05819357855504391,other
Apln,-0.1676736525519088,0.05217181014628902,0.014718275181623941,-0.5388107224056538,0.00040128542823353585,0.05819357855504391,other
Slc8a3,-0.16805777314386117,0.09657434983959101,0.04712577403622065,-0.41598077461220984,0.004085851125205444,0.05819357855504391,other
Uchl1,-0.16831412146682512,0.08254053045273002,-0.05489405340200726,-0.5330919191683071,0.01116262730740973,0.06326729099455225,other
Olig2,-0.16832311182584592,0.008462144990141196,0.12889795351025213,-0.20339048035432614,0.01116262730740973,0.06326729099455225,other
Adarb1,-0.168376817909339,0.08746754124226808,0.0706868145082693,-0.42816431194394816,0.0033008726972586534,0.05819357855504391,other
Rgs6,-0.1685722334658485,0.08851627323614897,0.08222044545649687,-0.33069601329004134,0.027547148107414817,0.08793366864575906,other
Grin2a,-0.16973135295366892,0.12409898025430255,0.07336444120332086,-0.3152801089111071,0.013481568265476605,0.06644394176057601,other
Mpc2,-0.1704194420662124,0.0309612099129406,0.051220049699545855,-0.34511734319291526,0.013481568265476605,0.06644394176057601,other
Cat,-0.17059771413819158,0.009831464074256946,0.1264873489755638,-0.006962021332421922,0.10900678981544218,0.20241850558739374,other
Nefh,-0.17100846404840508,-0.1421223491707173,-0.19146294125280594,-0.6658676117223539,0.12456406214237814,0.2225573663706728,other
Nadk2,-0.17130693324736712,0.11344429003184475,0.1412412625015803,-0.09597643693981649,0.0950279527318241,0.1838913455557795,other
Ephb1,-0.17157390201352596,0.018561530561363226,0.11256951899810463,-0.36699798166624126,0.0194271256064567,0.07507406645343609,other
Mtch1,-0.1716498919547873,0.12577083696988556,0.11413427279406596,-0.2655513851080933,0.007559810778662305,0.06063301066345349,other
Spag9,-0.17211573328395136,0.1214339036765022,0.09803670252014807,-0.10741404341450964,0.023180056414889752,0.08120979929419823,other
Gnao1,-0.1724400771673098,0.12246966831263872,0.12422521727672642,-0.4224455087066016,0.03260630478301721,0.09515146493030366,other
Peg3,-0.17291109537862326,0.12928596720628494,0.018327196212997388,-0.41697534908827005,0.0162163284475037,0.07051960052064482,other
Elavl3,-0.1741362672874176,-0.01161627639173779,0.044185575202220884,-0.5532320523085277,0.01116262730740973,0.06326729099455225,other
Fzd3,-0.17465642208976395,0.061332408332667065,0.12363200725276202,-0.17479646416759323,0.004085851125205444,0.05819357855504391,other
Prkaca,-0.17474587131960106,0.10131159654292832,0.041500980222407335,-0.4560123972736359,0.006183281626511232,0.05819357855504391,other
Zcchc12,-0.17497077121645999,0.11202502865652231,0.10147816108846042,-0.36774391252328653,0.03260630478301721,0.09515146493030366,other
Ndn,-0.17516096888239696,0.0415636523784535,-0.015363086590847175,-0.41399162566008924,0.07138703353443834,0.153066522933657,other
Lamp5,-0.17690374959175315,0.07281509095474847,0.0011533011114417402,-0.41399162566008924,0.01116262730740973,0.06326729099455225,other
Kcnab3,-0.17713715140870967,0.05736653865753594,0.02189251768773781,-0.39608928509100433,0.0162163284475037,0.07051960052064482,other
Gpr17,-0.1778666479522122,-0.3642632450405636,0.23055573132167884,0.2568488584425659,0.20451844490430449,0.3170968350932697,other
Jam3,-0.17790396272342224,0.022124561032860646,0.0724427596987185,-0.4684445782243893,0.000841099845223462,0.05819357855504391,other
Pdxk,-0.1780159213232464,0.17228048742488355,0.12615746650268833,-0.08205239427497264,0.038441132178322214,0.10446894791775259,other
Rab6a,-0.1784305941728741,0.03759989539791819,0.06384791143433688,-0.5246380361217947,0.0013489988246948774,0.05819357855504391,other
Cdk5r2,-0.1784725579865596,-0.05864389327339614,0.007422177771546412,-0.6129065208721441,0.0194271256064567,0.07507406645343609,other
Cyfip2,-0.1784866274185397,0.014842471141828462,0.05902041344729758,-0.4843577698413537,0.0013489988246948774,0.05819357855504391,other
Ncam2,-0.17860877000044084,0.09687927115440997,0.09659491559481825,-0.405786386232592,0.038441132178322214,0.10446894791775259,other
Gpsm1,-0.17894360647826923,0.15660982883407848,0.15660487804520673,-0.17255867159645763,0.0050366811503910055,0.05819357855504391,other
Atl1,-0.1792176962898009,0.06180524094545414,0.05036184165474955,-0.23248178377908915,0.03260630478301721,0.09515146493030366,other
Efcab14,-0.17925678025615754,0.059647989210417585,0.03334553037176846,-0.3500902155732166,0.04514062557215464,0.11588441421417252,other
Doc2a,-0.17943880598130663,0.12044480220404552,0.06259085232194506,-0.3518307209063221,0.006183281626511232,0.05819357855504391,other
Stip1,-0.17979593709485053,-0.008803885627391761,-0.04652239393637303,-0.41647806185023994,0.03260630478301721,0.09515146493030366,other
Fmc1,-0.17991311144840916,0.14645487427043324,0.1455095607861724,-0.2068714910205371,0.0050366811503910055,0.05819357855504391,other
Mfn1,-0.1799659438698007,0.1498725252859745,0.07813592818487503,-0.2488922626340837,0.007559810778662305,0.06063301066345349,other
Cdk5r1,-0.17998904798695636,0.1239541345507913,0.07130756288894924,-0.3719708540465427,0.013481568265476605,0.06644394176057601,other
Ina,-0.18003582728737522,-0.018825800380998015,0.011586823854094597,-0.4522827429884098,0.05279870698063471,0.12722069169023034,other
Mapk9,-0.1811797152805823,0.05816857718798385,0.004049200130249453,-0.41075925861289336,0.038441132178322214,0.10446894791775259,other
Kcnc4,-0.18203494093098094,0.07312429704848444,0.026721009685939157,-0.4858496315554441,0.0026556990473244895,0.05819357855504391,other
Ntrk2,-0.18241818739954185,0.1816174292015056,0.2551056857584948,-0.12879739464980555,0.07138703353443834,0.153066522933657,other
Ebf3,-0.1826205279933124,0.14111777149874105,0.11325374969661128,-0.3361661729083728,0.0194271256064567,0.07507406645343609,other
Dst,-0.18365523019529606,0.08062304235201267,0.04067040288727952,-0.3476037793830659,0.0162163284475037,0.07051960052064482,other
Fah,-0.18381402747954434,0.16539099090395393,0.16546676002971417,-0.014918617140904119,0.0194271256064567,0.07507406645343609,other
Ank2,-0.18400656758496137,0.09406575514358861,0.0694362818527321,-0.463720349463103,0.0162163284475037,0.07051960052064482,other
Itgb8,-0.18472476142913163,0.1389985461752974,0.18097553172906244,-0.002735079809165755,0.05279870698063471,0.12722069169023034,other
Gad2,-0.18482286471350662,0.1658649607990499,0.09501637130392537,-0.25485970949044534,0.0162163284475037,0.07051960052064482,other
Pard3,-0.18538705286727275,0.13109265098618983,0.03514271882437692,-0.30409114605542886,0.0162163284475037,0.07051960052064482,other
Prkacb,-0.18636385132402333,0.0506361205589152,0.08525594082225996,-0.37520322109373855,0.0016977516303800164,0.05819357855504391,other
Epb41l1,-0.18652398003742743,0.03430624701935381,0.053383621897181266,-0.5268758286929305,0.00920502620895087,0.06294214301857694,other
Adcyap1r1,-0.18666796065849334,0.10400493458575744,0.04907776815211462,-0.2889238852955097,0.013481568265476605,0.06644394176057601,other
Cdh20,-0.18667765182680196,0.030034385494883686,0.04808083441274269,-0.32000433767239334,0.0033008726972586534,0.05819357855504391,other
Pja2,-0.1867669419210718,0.06694494514451854,0.04158120372045282,-0.2911616778666454,0.0194271256064567,0.07507406645343609,other
Rcn2,-0.18705915859701228,0.13451087560070563,0.17365517502142724,-0.01466997352188905,0.013481568265476605,0.06644394176057601,other
Hecw2,-0.18739043461522387,0.18845850222587546,0.0390490653529697,-0.24217888492067685,0.0162163284475037,0.07051960052064482,other
Grin1,-0.18791216004314548,0.13266778908298082,0.018566736562368513,-0.3458632740499605,0.04514062557215464,0.11588441421417252,other
Bace1,-0.18792625375566496,0.05014994773665116,0.05494570509097629,-0.4587474770828016,0.0013489988246948774,0.05819357855504391,other
Zic2,-0.18853591019214044,0.3523424642467471,0.24680846850090232,0.2846969437722536,0.04514062557215464,0.11588441421417252,ratchet_cumulative
Ppp2r2b,-0.18871361959923183,0.09827762121351458,0.03349000284789905,-0.4438288599418975,0.0033008726972586534,0.05819357855504391,other
Ptpn5,-0.1888116578436132,0.09753162821572836,0.05506747602426332,-0.4284129555629632,0.0021277894149469047,0.05819357855504391,other
Klc2,-0.18886291194339666,0.06048032407163584,-0.0012209960214280002,-0.5057411210766496,0.00920502620895087,0.06294214301857694,other
Arrdc3,-0.18903045010314856,0.06371220899050889,-0.06020152720077765,-0.48510370069839887,0.0010674246179843178,0.05819357855504391,other
Kif5c,-0.18935430764056993,0.04412856641754992,-0.005152781985867438,-0.5773504833529893,0.004085851125205444,0.05819357855504391,other
Per3,-0.18937584776874328,0.20445133334381216,0.1241523184678317,0.16211563959782477,0.006183281626511232,0.05819357855504391,ratchet_cumulative
Ppp1r16b,-0.18956288960926893,0.018787156137642924,0.027367957175486346,-0.43985056203765643,0.0033008726972586534,0.05819357855504391,other
Prkcz,-0.18976841686211232,0.059355176787296404,0.07834313430689732,-0.3893759073775975,0.004085851125205444,0.05819357855504391,other
Gnal,-0.18977762278281518,0.04626119614490665,0.030293656480017583,-0.4425856418468222,0.0050366811503910055,0.05819357855504391,other
Zic1,-0.1900202143831008,0.26132589010072294,0.23406298734387898,0.09920880398701239,0.03260630478301721,0.09515146493030366,ratchet_cumulative
Slc4a10,-0.19172238737738512,0.23637956068289767,0.0323792361559847,-0.28395101291520836,0.03260630478301721,0.09515146493030366,ratchet_cumulative
Cdkn1c,-0.19197725191450077,0.11181971682284086,0.23255733580729332,-0.14719702245692062,0.06151359999604334,0.1395822391369293,other
Gria1,-0.19226825238479228,0.16506715350510603,0.17979743866358744,-0.1611210651217645,0.0162163284475037,0.07051960052064482,other
Cabp1,-0.1923159532897003,0.05413427672513249,0.00581737580292252,-0.4530286738454551,0.0194271256064567,0.07507406645343609,other
Dusp15,-0.1925810423375367,0.10964050920534651,0.08806237894720781,-0.045253138660742494,0.0033008726972586534,0.05819357855504391,other
Gng11,-0.19262009460733287,0.15408931315805208,0.06328464224087593,-0.13501348512518227,0.006183281626511232,0.05819357855504391,other
Limk1,-0.19277093204954676,0.012178204057676112,0.034073474894392275,-0.4067809607086523,0.0021277894149469047,0.05819357855504391,other
Ptprn2,-0.1927957732405774,0.11999039526125932,0.10036554357584437,-0.28345372567717825,0.038441132178322214,0.10446894791775259,other
Pde8a,-0.19327209936139766,0.07101587066201343,0.05965492696335972,-0.2575947892996111,0.038441132178322214,0.10446894791775259,other
Tac2,-0.1936032891129864,0.14389917523343665,0.058817475678532904,-0.08354425598906307,0.04514062557215464,0.11588441421417252,other
Coro2b,-0.19380509910470067,0.037085494265325814,0.14557755226704217,-0.31428553443504675,0.023180056414889752,0.08120979929419823,other
Camkv,-0.19386125518409592,0.1811156608309339,0.10073140313479334,-0.35381986985844266,0.0194271256064567,0.07507406645343609,other
Cit,-0.19418873890759025,0.070403026205057,0.05193803846116962,-0.48659556241248925,0.0013489988246948774,0.05819357855504391,other
Mpp2,-0.1942884770254285,0.10822810171696973,0.1339476080878077,-0.3366634601464029,0.0050366811503910055,0.05819357855504391,other
Pcx,-0.194360075367618,0.10339481811069118,0.11650028075017671,-0.32075026852943855,0.007559810778662305,0.06063301066345349,other
Celsr2,-0.19441132880659673,0.10356943663079154,0.18219548113586304,-0.43686683860947556,0.006183281626511232,0.05819357855504391,other
Dlg4,-0.19475280234152592,0.03220249532367703,0.06282168194979199,-0.4768984612709017,0.004085851125205444,0.05819357855504391,other
Gstp1,-0.19506711432929325,0.10724526780989296,0.19803711616048836,-0.09597643693981649,0.05279870698063471,0.12722069169023034,other
Slc7a10,-0.19549994441625562,0.023080283208020247,0.05161780939829641,-0.5146922913611921,0.006183281626511232,0.05819357855504391,other
Cttnbp2,-0.19575806960586029,0.18026886660048214,0.04251289765947752,-0.31602603976815224,0.0194271256064567,0.07507406645343609,other
Ldhb,-0.1958208633013836,0.014281095535236155,0.009545707174859697,-0.5693938875445071,0.038441132178322214,0.10446894791775259,other
Ryr2,-0.19683624057313598,0.1311974533403859,0.07074427862801125,-0.34337683785980977,0.01116262730740973,0.06326729099455225,other
Ednrb,-0.19691048470158923,-0.011397717124741913,0.10511445105052175,-0.20736877825856723,0.0194271256064567,0.07507406645343609,other
Stk39,-0.197029586826043,0.030139271764537234,0.019787214580822665,-0.5044979029815743,0.000841099845223462,0.05819357855504391,other
Cntn2,-0.19714111489556796,0.020300955181662417,0.08361487259234357,-0.5467673182141359,0.0194271256064567,0.07507406645343609,other
Scn1a,-0.1973627670644471,0.08786138194173598,0.019944504351685932,-0.43935327479962627,0.01116262730740973,0.06326729099455225,other
Tnxb,-0.19859189801031973,0.22579232261011117,0.018519981942851538,-0.10119795293913293,0.03260630478301721,0.09515146493030366,ratchet_cumulative
Arnt2,-0.19862490840550828,0.14517380586948403,0.132983615555327,-0.25560564034749056,0.00920502620895087,0.06294214301857694,other
Pafah1b2,-0.19885380865748603,0.08070943935633634,0.052139410323791324,-0.3970838595670646,0.006183281626511232,0.05819357855504391,other
Dnajb1,-0.19928202339094825,-0.004374376307366257,-0.0011966149687059335,-0.17305595883448777,0.023180056414889752,0.08120979929419823,other
S100b,-0.2001002595535466,-0.0014619202496599648,0.12959684567791663,-0.2924048959617207,0.06151359999604334,0.1395822391369293,other
Tgfbr3,-0.20017668264559152,0.3729222495396549,0.16159850625164385,0.09050627732148499,0.05279870698063471,0.12722069169023034,ratchet_cumulative
Mest,-0.2005996320875012,0.09589607177534476,0.03231475337785372,-0.5221515999316442,0.0013489988246948774,0.05819357855504391,other
Adora1,-0.2006950337054345,0.12942197799296307,0.08481242113000076,-0.24864361901506865,0.0050366811503910055,0.05819357855504391,other
Gria2,-0.2009221042958389,0.16530864308957538,0.08033643195410756,-0.25485970949044534,0.0162163284475037,0.07051960052064482,other
Ank1,-0.20195463195814045,0.0872046971114786,0.07013187655378905,-0.4047918117565317,0.006183281626511232,0.05819357855504391,other
Rbfox3,-0.20195542932794108,0.14830106474119442,0.09412881051573585,-0.17753154397675902,0.013481568265476605,0.06644394176057601,other
Adcy1,-0.2022165545613206,0.1333223720830039,0.08425745178247102,-0.329701438813981,0.00920502620895087,0.06294214301857694,other
Gpt2,-0.20243397227609528,0.14950473296708777,0.17851530008821648,0.09597643693981649,0.01116262730740973,0.06326729099455225,other
Mapk10,-0.2027774872920285,0.0899388945907229,0.03377021806679181,-0.5012655359343784,0.0016977516303800164,0.05819357855504391,other
Etnk1,-0.20295122136204058,0.05790109702337709,0.036769933039330294,-0.39161369994873313,0.0194271256064567,0.07507406645343609,other
Map1lc3a,-0.20325749011615502,0.12776579702653823,0.12806699542785482,-0.34959292833518646,0.01116262730740973,0.06326729099455225,other
Sult1a1,-0.20342464399056026,0.27851911396249407,0.12475487391194373,0.4112565458509235,0.0162163284475037,0.07051960052064482,ratchet_cumulative
Adamts20,-0.20471535462839918,0.15297233502976793,0.13676953893962795,0.030085877900823305,0.0050366811503910055,0.05819357855504391,other
Calb2,-0.20503179372470393,0.03214985805785053,-0.01703951565997608,-0.5440322384049702,0.0194271256064567,0.07507406645343609,other
Atp2b2,-0.2050711144721511,0.025009101633643116,0.02512678148662939,-0.44059649289470165,0.027547148107414817,0.08793366864575906,other
Zfyve9,-0.20622429443817314,0.078764161605829,0.0207633762690953,-0.485352344317414,0.004085851125205444,0.05819357855504391,other
Gad1,-0.20638373466691629,0.12263533734989962,0.09959042118166939,-0.4090187532797879,0.01116262730740973,0.06326729099455225,other
Slitrk1,-0.20639714472828363,0.08440348011374565,0.0671048612429197,-0.416726705469255,0.004085851125205444,0.05819357855504391,other
Il34,-0.2076347409210304,0.28721348301930627,0.31007442213510084,0.5099680625999058,0.023180056414889752,0.08120979929419823,ratchet_cumulative
Dpysl5,-0.20853427400432512,0.05218034533013216,0.07936028430678133,-0.43686683860947556,0.0013489988246948774,0.05819357855504391,other
Rnf13,-0.2088509294678138,0.01609572537786752,0.18201510355912243,-0.3650088327141207,0.0950279527318241,0.1838913455557795,other
Laptm4b,-0.20903528084955858,0.04424507536136879,0.09826911981922959,-0.3105558801498207,0.004085851125205444,0.05819357855504391,other
Snrpn,-0.20996044110386824,0.102446471811374,-0.021230780996376764,-0.4828659081272632,0.0194271256064567,0.07507406645343609,other
Ppp3cb,-0.21089229566400247,0.10717603541268916,0.08757928298824713,-0.2541137786334001,0.00920502620895087,0.06294214301857694,other
Ncam1,-0.21102853937090726,0.11988167767098368,0.15290420836048657,-0.16534800664502067,0.0194271256064567,0.07507406645343609,other
Fgf1,-0.2111243588555316,0.03930539372382458,-0.004621473710415547,-0.5124544987900564,0.0010674246179843178,0.05819357855504391,other
Slc9a3r2,-0.21162863954516764,0.16046459638084087,0.0994879402718798,-0.16509936302600556,0.007559810778662305,0.06063301066345349,other
Slc6a5,-0.21183267531584016,0.0145174829841892,0.015091358111601005,-0.38962455099661253,0.0162163284475037,0.07051960052064482,other
Psat1,-0.21233747305412964,0.07388617856700663,0.1221696472457402,-0.22253603901848643,0.004085851125205444,0.05819357855504391,other
Ppp3r1,-0.2123982509587652,0.05980103118098712,0.07720643618200085,-0.3784355881409344,0.01116262730740973,0.06326729099455225,other
Kif5a,-0.2134591947124873,0.0245884508051617,-0.01414118504840367,-0.5708857492585976,0.013481568265476605,0.06644394176057601,other
Syne1,-0.2146035569561835,0.18687131710748361,0.15253153867026548,-0.21756316663818503,0.013481568265476605,0.06644394176057601,other
Rasgrf1,-0.21515282824418192,0.15000228280696204,0.04372527566148343,-0.34462005595488515,0.01116262730740973,0.06326729099455225,other
Ank,-0.21543553789983694,0.060493945821357364,0.16085713964797632,-0.16907766093024668,0.013481568265476605,0.06644394176057601,other
Map1b,-0.21566911327230143,0.0009405651345253396,0.04149037010793366,-0.5099680625999058,0.007559810778662305,0.06063301066345349,other
Lgi3,-0.21595670670247546,0.046255422885542075,0.08168513646188025,-0.5072329827907399,0.0050366811503910055,0.05819357855504391,other
Dixdc1,-0.2159761069202013,0.15528546866477388,0.11992860317169285,-0.21358486873394394,0.0033008726972586534,0.05819357855504391,other
Usp54,-0.21615313823797333,0.14853338082586887,0.07723720564012537,-0.3232367047195892,0.027547148107414817,0.08793366864575906,other
Prpf19,-0.21647768347032037,0.15684042638219342,0.08399940908705705,-0.27997271501096727,0.03260630478301721,0.09515146493030366,other
Hpcal4,-0.21673203617658898,0.15437821021469011,0.14119662909808273,-0.29911827367512756,0.0194271256064567,0.07507406645343609,other
Nsf,-0.21684119700432536,0.1376508774470695,0.04549400040518492,-0.3197556940533783,0.03260630478301721,0.09515146493030366,other
Cntn1,-0.21722640979128283,0.04071221548354598,0.17129095534477345,-0.34984157195420157,0.0194271256064567,0.07507406645343609,other
Hist1h2bc,-0.2175428470598224,-0.05899413675445686,0.11221128846317052,0.04500449504172742,0.14180099264371332,0.24321683371741143,other
Brsk2,-0.21792643600719575,0.08288490594784226,0.05877978486655189,-0.43935327479962627,0.0016977516303800164,0.05819357855504391,other
Bicd2,-0.21804609100465755,0.07195299159658086,0.13927838222460842,0.027350798091657552,0.007559810778662305,0.06063301066345349,other
Gpr37l1,-0.22020663274586294,0.09475695465472889,0.1444194202563116,-0.0895117028454247,0.006183281626511232,0.05819357855504391,other
Tceal5,-0.22136895537983903,0.1347394390620733,0.09179950910077173,-0.4468125833700784,0.0033008726972586534,0.05819357855504391,other
Tcaf1,-0.22155745297073293,0.16752244293567098,0.13116074999499094,-0.293399470437781,0.01116262730740973,0.06326729099455225,other
Igdcc4,-0.22256492348837786,0.13619697288326282,0.2482252179612695,-0.07434444208550552,0.0050366811503910055,0.05819357855504391,other
Pink1,-0.22283548875661685,0.1297681024637689,0.23864762690640928,-0.14570516074283021,0.0162163284475037,0.07051960052064482,other
Frrs1l,-0.22359252571334642,0.13382942518574303,0.09728287995559204,-0.3970838595670646,0.0026556990473244895,0.05819357855504391,other
Impact,-0.22421313332545223,0.08589885698700694,0.10510067202392603,-0.4686932218434044,0.00920502620895087,0.06294214301857694,other
Myo1d,-0.22433102558037454,-0.003332136045363976,0.016793650457288978,-0.5005196050773332,0.0021277894149469047,0.05819357855504391,other
Gria4,-0.22433756973676044,0.04363345478769887,0.030050074849077735,-0.5174273711703579,0.0016977516303800164,0.05819357855504391,other
Mmp15,-0.22445804905076683,0.016199697331667595,0.09594379323009106,-0.4773957485089318,0.0026556990473244895,0.05819357855504391,other
Hoxb8,-0.2245475791109981,0.09285770102608293,0.19594863331918377,-0.19692574625993436,0.038441132178322214,0.10446894791775259,other
Syn2,-0.22546191853246533,0.09253995242552504,0.0833806783590636,-0.40653231708963716,0.01116262730740973,0.06326729099455225,other
Dpysl2,-0.22783444243402684,0.04049044674816793,0.025738862534536278,-0.4478071578461386,0.00920502620895087,0.06294214301857694,other
Gjb2,-0.22863890887675653,0.25378919897979646,0.2738087811178006,0.2742539117736207,0.027547148107414817,0.08793366864575906,ratchet_cumulative
Nrn1,-0.22874383760806072,0.006463268910736897,0.0315641902605992,-0.5251353233598249,0.0013489988246948774,0.05819357855504391,other
Slc32a1,-0.22906910129411662,0.040827763687251384,0.07962671617950257,-0.3697330614754071,0.01116262730740973,0.06326729099455225,other
Mapk8ip2,-0.2290691229900208,0.05156445620355443,3.058501182540141e-05,-0.4634717058440879,0.00920502620895087,0.06294214301857694,other
Eno2,-0.22933207749849016,0.09070218856532586,0.0734174971899284,-0.32075026852943855,0.027547148107414817,0.08793366864575906,other
Add2,-0.2313605972843107,0.07677072257447026,0.0526739698484846,-0.41424026927910435,0.0033008726972586534,0.05819357855504391,other
Lifr,-0.23141810724324552,0.08577080781536028,0.007944732788758513,-0.34611191766897553,0.01116262730740973,0.06326729099455225,other
Nsmf,-0.23170087578800458,0.029762959957203794,0.07103801725319658,-0.48560098793642903,0.004085851125205444,0.05819357855504391,other
Gabrb3,-0.23209957717636032,0.18757724992234448,0.09644485255583779,-0.19070965578455765,0.013481568265476605,0.06644394176057601,other
Anln,-0.2322072363479688,0.034806425417703624,-0.029422811184842024,-0.5574589938317839,0.00920502620895087,0.06294214301857694,other
Rap1gap,-0.23246342806150122,0.07001324760361438,0.11568509027295915,-0.36873848699934675,0.0033008726972586534,0.05819357855504391,other
Reln,-0.23273025609047837,0.1641942021502032,0.17013447500133239,-0.0927440698926206,0.0050366811503910055,0.05819357855504391,other
Rph3a,-0.2329679322301923,0.05969893720351149,-0.007922492511367896,-0.5430376639289098,0.000841099845223462,0.05819357855504391,other
Hspa1a,-0.23361039231557112,0.07929473123214215,0.010198165135785364,-0.1511753203611617,0.007559810778662305,0.06063301066345349,other
Vamp2,-0.23366117651883878,0.24302702923115005,0.11066626581588035,-0.19443931006978366,0.00920502620895087,0.06294214301857694,ratchet_cumulative
Sema6d,-0.2364628516809857,0.18082283716132186,0.16522704167502078,0.0007459308570452059,0.01116262730740973,0.06326729099455225,other
Smtn,-0.23767076813514,0.19553675263870196,0.05937210750829447,0.03306960132900413,0.0050366811503910055,0.05819357855504391,other
Wnt6,-0.2378755447308527,0.3443712758780104,0.31820593618728044,0.36177646566692484,0.038441132178322214,0.10446894791775259,ratchet_cumulative
Enpp6,-0.23799175394543148,-0.1682371848759403,0.15662080935849398,-0.33566888567034264,0.10900678981544218,0.20241850558739374,other
Gab1,-0.23830152092375934,0.10615735469203091,0.09490594302564714,-0.10293845827223841,0.0016977516303800164,0.05819357855504391,other
Pkp4,-0.23883092943939066,0.11598405925820465,0.19345320926640364,-0.04823686208892331,0.03260630478301721,0.09515146493030366,other
Myo6,-0.23970462622756794,0.07065936294777964,0.1316861818211339,-0.41473755651713445,0.0016977516303800164,0.05819357855504391,other
Utrn,-0.2404848393207697,0.16908704149724496,0.1366374044776517,-0.03729654285226029,0.03260630478301721,0.09515146493030366,other
Agt,-0.2417464438619148,0.3146269117200353,0.5803235168160465,0.15018074588510144,0.16081398497923238,0.2665947797787015,ratchet_cumulative
Camk2b,-0.24352082226445937,0.15961604004915841,0.047928311105108534,-0.4562610408926509,0.007559810778662305,0.06063301066345349,other
Map2,-0.2440067991569035,0.047886475086952984,0.04101516543896144,-0.5149409349802072,0.0033008726972586534,0.05819357855504391,other
Rnd2,-0.24419992020453818,0.011474798666801345,0.05613827402295701,-0.40727824794668244,0.04514062557215464,0.11588441421417252,other
Fgf12,-0.24469486586158862,0.06571904800306894,0.04899489246443167,-0.4592447643208318,0.0013489988246948774,0.05819357855504391,other
Atp1b2,-0.24485338408272783,0.14802195340034485,0.30327993369259065,-0.17454782054857818,0.013481568265476605,0.06644394176057601,other
Wnt4,-0.24530346695382432,0.24521517727020836,0.30119783420006185,0.36873848699934675,0.038441132178322214,0.10446894791775259,ratchet_cumulative
Mapk8ip1,-0.24807450136382903,0.008567771269467173,0.04999008328727417,-0.5211570254555837,0.00040128542823353585,0.05819357855504391,other
Glra1,-0.24865249274077783,0.0646973643579476,0.0073053422078777075,-0.4764011740328715,0.006183281626511232,0.05819357855504391,other
Scn8a,-0.2491224729675552,0.040070947741977614,0.0495853674461304,-0.38390574775926595,0.0033008726972586534,0.05819357855504391,other
Kif1b,-0.24981726035687712,0.06616322683897202,0.0857474766620725,-0.41821856718334544,0.0010674246179843178,0.05819357855504391,other
Tsc22d3,-0.25041438390929227,0.24377983691976635,0.07268711608350142,-0.08180375065595759,0.06151359999604334,0.1395822391369293,ratchet_cumulative
Ermn,-0.25141610764192857,0.0417262565247154,0.0048319109424266316,-0.5082275572668002,0.00920502620895087,0.06294214301857694,other
Kcnj10,-0.2528121756382351,-0.0771525017344743,0.10248805241500714,-0.41871585442137554,0.027547148107414817,0.08793366864575906,other
Adgrb1,-0.2540208357067477,0.11391016820865851,0.08950805363567627,-0.36699798166624126,0.0016977516303800164,0.05819357855504391,other
Sptb,-0.2547094575039113,0.10177971927744034,0.06485335108870371,-0.48162269003218794,0.0033008726972586534,0.05819357855504391,other
Dip2a,-0.2549220295409207,0.05811331545407761,0.13733006976597606,-0.22924941673189325,0.0033008726972586534,0.05819357855504391,other
Abca8a,-0.25535803329183016,0.20262529092953685,0.1421850987519918,0.07160936227633975,0.01116262730740973,0.06326729099455225,ratchet_cumulative
Carns1,-0.25792308491863625,0.10574413647899039,0.17985538836908044,-0.293399470437781,0.01116262730740973,0.06326729099455225,other
Mal,-0.25807332240804115,-0.053420562295398266,-0.04112673442266335,-0.6206144730616112,0.01116262730740973,0.06326729099455225,other
Rab37,-0.2583349200656253,0.038607420107303225,-0.03732578595403968,-0.5030060412674839,0.004085851125205444,0.05819357855504391,other
Tyro3,-0.25920815510317974,0.0602534542737545,0.08056531538414302,-0.34685784852602075,0.0016977516303800164,0.05819357855504391,other
Itih5,-0.25926128557643136,0.29251971858193215,0.5457510774561931,0.47764439212794674,0.08252326938191985,0.1680443900667358,ratchet_cumulative
Map7,-0.2592718574511701,0.233654291311308,0.16146618539676405,-0.27972407139195216,0.013481568265476605,0.06644394176057601,ratchet_cumulative
Bin1,-0.26009096891418926,0.1645072366519691,0.1764808823343733,-0.22029824644735083,0.007559810778662305,0.06063301066345349,other
Pak1,-0.26100591007555307,0.08421628389814817,0.1351932729895977,-0.4207050033734961,0.0013489988246948774,0.05819357855504391,other
Aldoc,-0.2623654270609772,0.0639427798584622,0.1717981638076327,-0.35083614643026184,0.01116262730740973,0.06326729099455225,other
Serpind1,-0.2637575463608619,0.22146740349592098,0.18289689414890387,-0.09025763370246992,0.06151359999604334,0.1395822391369293,ratchet_cumulative
Dnm1,-0.2639187072581657,0.07440935910113078,0.09597837500397155,-0.41075925861289336,0.0194271256064567,0.07507406645343609,other
Luzp2,-0.26598571934295645,0.08825880785287432,0.19476947652389698,-0.1544076874083576,0.03260630478301721,0.09515146493030366,other
Cpox,-0.2667192927524906,-0.007522813260667283,0.09971308707966142,-0.4719255888906002,0.00920502620895087,0.06294214301857694,other
Slc12a5,-0.2670005148205603,0.14247583461807323,0.09331327582585258,-0.35953867309578924,0.0033008726972586534,0.05819357855504391,other
Tlcd1,-0.2672080679683556,0.12007002574566616,0.19518008980128787,-0.40131080109032075,0.0033008726972586534,0.05819357855504391,other
Aplnr,-0.2688401055555786,0.26965964674698895,0.41458927030503434,-0.025858936377567136,0.0162163284475037,0.07051960052064482,ratchet_cumulative
Tppp,-0.26934910410150903,-0.0035523622387845233,0.17369108251395593,-0.27400526815460563,0.05279870698063471,0.12722069169023034,other
Acsl6,-0.26957780998304415,0.03273804071360731,0.12021243409380511,-0.40305130642342624,0.006183281626511232,0.05819357855504391,other
Ckb,-0.26978149658251915,0.10676337987698403,0.25206741938812405,-0.16460207578797545,0.023180056414889752,0.08120979929419823,other
Cldn10,-0.27047198156383334,0.1029498919213836,0.14908182003524828,-0.27972407139195216,0.04514062557215464,0.11588441421417252,other
Pltp,-0.2724576026950003,0.19819536679545946,0.5003952087525616,0.3831598169022208,0.08252326938191985,0.1680443900667358,other
Sox8,-0.27267905300796347,-0.05585726800985902,0.1667122096681355,-0.3771923700458591,0.0194271256064567,0.07507406645343609,other
Sort1,-0.27420516164276254,0.1219519853174551,0.15622782958098735,-0.2170658794001549,0.004085851125205444,0.05819357855504391,other
Ttyh1,-0.27633253741334407,0.04738111417350499,0.22408878355438588,-0.25088141158620425,0.05279870698063471,0.12722069169023034,other
C1ql1,-0.2763615779620925,0.15162681877616513,0.28696063600004906,-0.17181274073941244,0.013481568265476605,0.06644394176057601,other
Appl2,-0.2771461793434984,0.2395954752348004,0.28707276159849604,0.10293845827223841,0.04514062557215464,0.11588441421417252,ratchet_cumulative
Gja1,-0.27742675760476754,0.0827291142104638,0.29863354365195605,0.004972872380301373,0.05279870698063471,0.12722069169023034,other
Cyp27a1,-0.2800652556489023,0.1142052741598989,0.19302023710012917,-0.06539327180096305,0.06151359999604334,0.1395822391369293,other
Dner,-0.2809162672169434,0.14767309920244864,0.13989557044058643,-0.30782080034065495,0.006183281626511232,0.05819357855504391,other
Spock3,-0.28125237800540015,0.07095232700697274,0.0808219781447963,-0.4967899507921071,0.007559810778662305,0.06063301066345349,other
Mbp,-0.28178592511663236,-0.1153961482125947,0.030094159658317743,-0.4199590725164509,0.038441132178322214,0.10446894791775259,other
Pls1,-0.2827490742168952,0.10224608215739006,0.1389765424834074,-0.33517159843231253,0.0016977516303800164,0.05819357855504391,other
Ptgds,-0.28375945991224594,0.6460925157255959,0.38277514332268936,-0.11934893712723295,0.14180099264371332,0.24321683371741143,ratchet_cumulative
Ptch1,-0.2841611954338642,0.20679491305601516,0.12913262967978623,-0.15689412359850832,0.0016977516303800164,0.05819357855504391,ratchet_cumulative
Snap25,-0.2847581135106494,0.11681163137565109,-0.046245141640636866,-0.5149409349802072,0.007559810778662305,0.06063301066345349,other
Sez6l2,-0.2860146603204279,0.08934625336837376,0.08359134847966443,-0.4612339132729523,0.00920502620895087,0.06294214301857694,other
Hoxb9,-0.28609814705373837,-0.0481500552994909,0.00021846877374809281,-0.4483044450841688,0.0006599927848675582,0.05819357855504391,other
Gabbr1,-0.28759370713778143,0.09202167632249436,0.16009877494952285,-0.39260827442479335,0.0021277894149469047,0.05819357855504391,other
Bmp6,-0.28913232976684755,0.3246524448164837,0.34971732707727265,0.32597178452875497,0.03260630478301721,0.09515146493030366,ratchet_cumulative
Slc6a9,-0.2891884048591886,0.08842867787552744,0.1381540092166027,-0.3088153748167152,0.004085851125205444,0.05819357855504391,other
Ogn,-0.29071167726478286,0.3138686265917635,0.15187856201302158,-0.029837234281808237,0.007559810778662305,0.06063301066345349,ratchet_cumulative
Igsf11,-0.29403591368871473,0.09992877625189234,0.1910079654545762,-0.11014912322367541,0.004085851125205444,0.05819357855504391,other
Sema3b,-0.2948065548732204,0.29388704096189977,0.3116850358628698,0.16783444283517132,0.00920502620895087,0.06294214301857694,ratchet_cumulative
Rab3a,-0.2949729616958616,0.10563955316354834,0.07723312095221502,-0.4403478492756866,0.004085851125205444,0.05819357855504391,other
Fgfr2,-0.29534822103849323,0.11242236317781806,0.23080005553213967,-0.1924501611176631,0.006183281626511232,0.05819357855504391,other
Cryab,-0.29742914509250795,0.1433790145225471,0.2654736461940721,0.1345161978871521,0.0050366811503910055,0.05819357855504391,other
Mapt,-0.29928383245508616,0.08923424164548344,0.20289563313514458,-0.4120024767079687,0.0021277894149469047,0.05819357855504391,other
Sh3gl2,-0.29943690758802854,0.0839998727843112,0.07061999605501468,-0.4873414932695345,0.0013489988246948774,0.05819357855504391,other
Slc22a8,-0.3013329638534782,0.13131612951828298,0.2940239631754969,-0.08006324532285211,0.013481568265476605,0.06644394176057601,other
Caskin1,-0.30683480616125536,0.15551447379403327,0.151787078128379,-0.29190760872369054,0.0021277894149469047,0.05819357855504391,other
Sncb,-0.3090441676960416,0.0651142934025235,0.0542318231293466,-0.4793848974610523,0.0016977516303800164,0.05819357855504391,other
Trim2,-0.3091534823241835,0.15028773014704244,0.14173201904206945,-0.34337683785980977,0.0033008726972586534,0.05819357855504391,other
Gnai1,-0.3098335137953716,0.10391441023030823,0.1421408116536338,-0.32547449729072486,0.0050366811503910055,0.05819357855504391,other
Edil3,-0.3136923366217521,0.1185190781284362,0.160644475019859,-0.3553117315725331,0.00920502620895087,0.06294214301857694,other
Fgfr3,-0.3174000442732905,0.1367030969492231,0.3917315194922002,-0.1981689643550097,0.038441132178322214,0.10446894791775259,other
Sept4,-0.31932989221044794,0.08815559995959577,0.2238620856604534,-0.3085667311977001,0.007559810778662305,0.06063301066345349,other
Hlf,-0.3213123418741496,0.2753054723597119,0.2262560240113396,-0.038042473709305503,0.004085851125205444,0.05819357855504391,ratchet_cumulative
Efnb3,-0.32586214361085064,0.09402431546132028,0.15540555183308458,-0.30782080034065495,0.00920502620895087,0.06294214301857694,other
Zbtb16,-0.3259981238263454,0.32015462210742385,0.19862189801126862,0.0982142295109521,0.027547148107414817,0.08793366864575906,ratchet_cumulative
Hcn2,-0.3274440409394721,-0.09530375485709919,0.1306775352849261,-0.3476037793830659,0.0021277894149469047,0.05819357855504391,other
Id4,-0.32817781620092346,0.19833248687823413,0.4577269991983832,0.22800619863681795,0.038441132178322214,0.10446894791775259,other
Slc12a2,-0.3292630282583935,0.11400709114855179,0.12436751448924488,-0.2434221030157522,0.004085851125205444,0.05819357855504391,other
Gjb6,-0.33215811859109134,0.31679469895310275,0.349129571355417,-0.08180375065595759,0.0162163284475037,0.07051960052064482,ratchet_cumulative
Stxbp1,-0.33610607518848523,0.12482503919329035,0.03197127593266336,-0.4535259610834852,0.0013489988246948774,0.05819357855504391,other
Mog,-0.33663607330723355,-0.06274203118144328,-0.02227451562514915,-0.561437291736025,0.023180056414889752,0.08120979929419823,other
Sst,-0.33727780583690503,0.19222374439271617,0.20269567403085986,-0.3088153748167152,0.013481568265476605,0.06644394176057601,other
Camk2g,-0.3384531991415449,0.27158624612570326,0.16921613015828374,-0.10318710189125348,0.013481568265476605,0.06644394176057601,ratchet_cumulative
Syn1,-0.3418029081481291,0.09381509487389117,0.1695013213143104,-0.41424026927910435,0.0006599927848675582,0.05819357855504391,other
Itgb4,-0.34251409961633983,0.22944322057782895,0.186267513920797,-0.20214726225925078,0.0033008726972586534,0.05819357855504391,ratchet_cumulative
Pllp,-0.34329624057041874,-0.0010025940129971822,0.23120743024679435,-0.15067803312313158,0.01116262730740973,0.06326729099455225,other
Car2,-0.34416958497107686,0.04664365397680292,0.1622276987504585,-0.11387877750890145,0.0194271256064567,0.07507406645343609,other
Aspa,-0.35250545864901595,0.09491634639498292,0.1580395521526352,-0.1720613843584275,0.0016977516303800164,0.05819357855504391,other
Psd2,-0.3549010664816672,0.16626022567616183,0.31473780458699296,-0.046496356755817835,0.00920502620895087,0.06294214301857694,other
Ccp110,-0.3581227477278661,0.18415830290813506,0.16733086988258528,-0.2307412784459837,0.0050366811503910055,0.05819357855504391,other
Cnp,-0.3630014299824573,-0.11192021980196465,0.10190113150842306,-0.5169300839323278,0.01116262730740973,0.06326729099455225,other
Aplp1,-0.36512354442857387,0.15331224050733638,0.2435453744270748,-0.340641758050644,0.01116262730740973,0.06326729099455225,other
Padi2,-0.3685912523817714,0.24201995637102058,0.5482705198680022,0.30806944395967,0.038441132178322214,0.10446894791775259,ratchet_cumulative
Stmn4,-0.3751411657495689,0.10837604602425222,0.21499030997826152,-0.36998170509442213,0.007559810778662305,0.06063301066345349,other
Gprc5b,-0.3851005274809869,0.1806646381539352,0.2511491357703912,-0.17628832588168367,0.00920502620895087,0.06294214301857694,other
Vtn,-0.3985552121600666,0.4047831935040427,0.6087737996884579,0.3162746833871673,0.0194271256064567,0.07507406645343609,ratchet_cumulative
Pmp22,-0.41581890602982874,0.4301264932784601,0.14629440847217356,-0.1290460382688206,0.0050366811503910055,0.05819357855504391,ratchet_cumulative
Nr1d1,-0.4191101163021336,0.20039197211008797,0.5455819207195217,-0.1464510915998754,0.0050366811503910055,0.05819357855504391,ratchet_cumulative
Ugt8a,-0.44524546808754817,-0.15060690557786138,0.22481301022038713,-0.536075642596488,0.0050366811503910055,0.05819357855504391,other
Hsph1,-0.45624426740115576,0.08826888942955735,0.16971363145018015,-0.2195523155903056,0.004085851125205444,0.05819357855504391,other
Fmod,-0.4646398086606469,0.5911004890414835,0.7147652248861629,0.39385149251986873,0.023180056414889752,0.08120979929419823,ratchet_cumulative
Qdpr,-0.4763727138627827,0.17249449306847264,0.36462295247247845,-0.04923143656498359,0.0021277894149469047,0.05819357855504391,other
Ntsr2,-0.4777837374207956,0.22585427240662748,0.6662877359056472,-0.13725127769631787,0.0194271256064567,0.07507406645343609,ratchet_cumulative
Slc6a11,-0.48024985714196466,0.13329406090268758,0.19078190321549693,-0.4189644980403906,0.0010674246179843178,0.05819357855504391,other
Hspa1b,-0.5279200200863419,0.2053852057507024,0.020229024841789567,0.06912292608618908,0.0162163284475037,0.07051960052064482,ratchet_cumulative
Igf2,-0.5296505347086189,0.6541058916720726,1.0716531731665249,0.4694391527004496,0.04514062557215464,0.11588441421417252,ratchet_cumulative
Dbp,-0.608854224858774,0.26330864050099967,0.6289406069808094,0.046247713136802766,0.0026556990473244895,0.05819357855504391,ratchet_cumulative
