gene,r_day_given_score,r_score_given_day
Plau,0.9371268848681094,0.8707309133313416
Gpnmb,0.9157926831169988,0.9459887532904292
Trem2,0.9136402082922229,0.925055119235521
Eya4,0.903199829311748,0.6068583535949408
Blnk,0.8910517349065453,0.9249438081703386
Plxnb2,0.8807893342900168,0.945209649874656
Ctnnb1,0.8775058896942954,0.6638042934547479
Abhd4,0.8757771757120957,-0.4743610926368463
Cd109,0.8749978063437409,0.5953922974023034
Rab7b,0.873509722081666,0.9102983495610455
Hexb,0.8714538631160708,0.8808678223157541
Tgfbr1,0.8710059284360391,0.911269251554052
Abhd17c,0.8708990061405051,0.6574506347359683
Lratd2,0.8574790139441053,0.6528391952458066
Cd68,0.8567323996683137,0.9404163728401443
Abca1,0.8505562773754194,0.9287222847060775
Itgb5,0.8481514011834042,0.9296599184496622
Ddit3,0.8455049106999035,0.19532468368452333
Itpkb,0.8427471409647154,-0.1868265420645146
Tent5c,0.8400455992734692,0.92760508312772
Ninl,0.839608559389053,0.38488851759465903
Lefty1,0.8383478437390761,-0.20372965407509158
Cst7,0.8379608292132906,0.9347862154646277
Idh2,0.8373064083033561,0.21439419989358094
Lpl,0.8362592500126065,0.476176958793953
Ppl,0.836062989107206,0.19752889980870358
Fzd10,0.8338748899708416,0.14959897430081864
Scnn1a,0.8307514646361428,-0.36633095139570837
Hexa,0.8300960328635159,0.9475696251232775
Sirpa,0.8287404025728153,0.9605451162500384
Axl,0.827881104304654,0.9570010588686605
Sox9,0.8231423716616091,0.03797973458916364
Adgre1,0.821695548100412,0.9719954125778499
Prelp,0.8170600701899342,-0.4983492404929563
C2,0.8143896694382989,0.6979258095551564
Cd22,0.8083807578416218,0.8820984593815567
Klhl21,0.8042587548634648,-0.33753093776635434
Tdgf1,0.8039117236146476,-0.011363266819145726
Hpgds,0.8032666518272272,0.6478169112025052
Ccl3,0.8013634346956311,0.900831370618851
S100a1,0.7998987772013435,0.34710523406423993
Rnase4,0.7973859503784685,0.9203537939205588
Kcnj2,0.796468435193837,0.08065484237608408
Igf1,0.7964535799491052,0.4395269787018416
Tnfsf12,0.7959065620523768,0.8122502805638748
Mef2a,0.7948839898064274,0.9160367224675349
Havcr2,0.7944785295013831,0.9357388541186114
Ms4a7,0.7939643653149836,0.8754796236635604
Postn,0.7934883048227783,0.3912113824129391
Angpt1,0.7903266434992191,-0.4115184960964893
Nid2,0.7885135572692078,0.44258801021718863
Itgax,0.7875669947682167,0.8507815443415769
Wnt5a,0.7873667819829034,-0.6354455696882008
Pkd2,0.7869752961659827,-0.0937103093697874
Slc16a2,0.7795538492359092,-0.4928277096911659
Slamf9,0.777671252466527,0.836433602690811
Glb1,0.776241190349019,0.8473799881189914
Pax6,0.774363501306165,-0.5636192292505359
Nqo1,0.7741975952108043,-0.6395339425324875
Hadh,0.7738120546102745,-0.40277075767284265
Yap1,0.7719575149582452,-0.20403265191012765
Gpr34,0.7714882527367833,0.31579801687235726
Snai2,0.7710403191850829,-0.31475850620329654
Rorc,0.7698768972738488,0.7489358211066667
Vat1,0.7690178540508948,0.7653907345124037
Afp,0.768684155464839,0.6391132045600254
Ldb1,0.7685451028943202,0.09881219485886251
Mrgprf,0.7669409919543625,-0.20685171463723703
Igf2,0.7654000569907771,-0.321337147381591
Fzd8,0.7644167940294697,-0.7152229228622906
Gdf11,0.7619974911113505,-0.38881757541894774
Musk,0.7611231415146962,-0.29804963151099967
Homer3,0.7587514480878951,0.6398081971639137
Naip5,0.7549315987981945,0.9273454178807954
Wnt6,0.7543613044178821,-0.32365144579754856
Hpse,0.7508219046635775,0.8760790664656104
Il7,0.748700450186653,-0.052827054954327324
Wnt4,0.7485766828351068,-0.14298157344347046
Aox3,0.7446925879496673,-0.07284006694869748
C3,0.742464801030333,0.9055273593447093
Eda,0.7398134859313257,-0.677935614178566
Pald1,0.7390211706634404,0.935947353535917
Trpm1,0.7379066827205095,-0.36413252653288203
Cdkn2b,0.7363735627055256,0.046424774142083985
Afdn,0.7360811830215002,-0.9032615106919587
Col4a5,0.7360043139429201,-0.010050114483443548
Map4,0.7357152144084756,-0.9125849669951731
Gjb2,0.7355874749261179,-0.3358152470443533
Myo10,0.7352293125998222,-0.4540870624609544
Nid1,0.7351111892655762,-0.26998757562166037
Lmo2,0.7325852678171701,0.8829912141018064
Dkk2,0.7313573583231398,-0.30855122468245477
Casp12,0.7305392172574177,0.6952785730563302
Vtn,0.7290446541989114,-0.5761752157706621
Tpcn1,0.7276640338851029,-0.2737118888669474
F9,0.7266081553888242,0.7399086718880472
Id4,0.72612793953648,-0.6463332904305926
Lmo4,0.7253146458449712,-0.15676493458718818
Wnt5b,0.7218483942348499,-0.028234017118694554
Myo1e,0.7218188932203721,0.8584886830241562
Cd48,0.720771268537362,0.9019120153414968
Nrp2,0.7207269293097139,0.7084715688681674
Pon3,0.7189845932092358,0.8055623130798681
Dpyd,0.7187522564728842,-0.6569408315951761
P2rx7,0.7184573416963753,0.8541027878224958
Ager,0.7179839878644927,0.8142450680026728
Lum,0.7179594745216136,0.49378866605936805
L3hypdh,0.7177132235224665,-0.4087363994811582
Lpar5,0.7163938898086156,0.9322371217598112
Rflna,0.7160300038736277,0.7511380521335199
Nr1d1,0.7157517270142626,-0.7443586971534194
Cldn1,0.7152299999093678,0.09891309047851891
Zic2,0.7148192163749977,-0.36773040193234524
Cd151,0.7143009828661788,0.35814162989650583
Speg,0.7141746374987192,0.3129136420638429
Rxra,0.7135610170261449,0.732272255531298
Lilra5,0.7134993459009069,0.4996702752069183
Tgfb2,0.7118540015774454,-0.6242832053709715
Fmod,0.7112735854846404,-0.5282912615858643
Stra6l,0.711159542830467,0.8379911277363938
Hey2,0.7109583026564247,-0.5859745386809939
Dbp,0.7103463137226245,-0.6996408051889839
Hlf,0.7101532988520008,-0.8503515570614552
Itga2,0.7084029483929596,0.3895267647576949
Ercc6,0.7080722674298886,-0.40902591904967905
Cx3cr1,0.7078916914554844,0.8294952124781375
Cd84,0.7073848808048342,0.9122808234109486
Man2b2,0.7070306360996085,0.9174658655045472
Bmp6,0.7055162237409661,-0.47621357148786836
Synpo,0.7053483486673486,0.07804640956608175
Zic1,0.7050527168551126,-0.6639997428227922
Wls,0.7031514607123313,-0.15782069200230525
Nrp1,0.7028228850723225,0.7088212037541148
Thbs2,0.6988791889637441,0.7139718038980787
Sdc2,0.6984517987956554,-0.7690699980134591
Pld2,0.6970853554157355,0.6286589723185227
Amy1,0.6970500857013365,-0.8634785690906263
Col13a1,0.6970436496970999,-0.04120041244886414
Hsd17b4,0.6959262172648065,0.2670093215388124
Glis3,0.695691147900869,0.3170750298842326
Ngfr,0.6935718097526329,-0.11394900710074339
Pdlim4,0.6928732874417289,0.48045429914911963
Gpr183,0.6917280978105614,0.9127692342949921
Rxrg,0.6902622886081773,-0.2623773053569959
Itih5,0.6890298973089924,-0.5154666060134091
Tgfbr3,0.6878130803903322,-0.6479881791355513
Chrm1,0.6846646357469269,-0.60341770096799
Fcrls,0.684629419945001,0.2881033806671723
Vegfd,0.6833671131344445,-0.5568194473361517
Mlxipl,0.6828638190315439,0.6932642103842306
C4b,0.6820324298005029,0.8428459518208862
Duxbl1,0.6817022474131438,-0.7475235573781237
Mmp28,0.6813116264987878,-0.5700770798043316
Dlx4,0.6806422214150637,-0.15679316940215013
Erbin,0.6796079933245907,-0.4864503352036566
Aldh4a1,0.6790364195578764,-0.034298115900811096
Bmp5,0.6785930778695306,-0.5002355520032815
Tgfb3,0.6775066506777971,-0.6122395399111142
Akip1,0.6772041182178035,0.4051917976854567
Decr1,0.6750326641831957,-0.023511033411526393
Slc22a18,0.6750049349349141,-0.09377078830549791
Pou3f1,0.6745733876664849,-0.5611007373018074
Ptgfr,0.6742262339062562,-0.7207864080330483
Ctsl,0.6741106803737018,0.8805925463530526
Lamb2,0.6740346765583154,-0.32008527696812644
Dbx2,0.6732089718691259,-0.7951847369767632
Bace2,0.6729665946643484,-0.44403754768735526
Nthl1,0.6718849754915518,-0.1704543881774382
Smo,0.6714045927915319,-0.26199661002080543
Sh3rf2,0.6694343091554249,-0.19978777135233688
Rfx4,0.6677181689386175,-0.7324946222103118
Pkp4,0.6675316375781789,-0.5969411538679114
Nr3c1,0.6670210880209186,-0.7256836176930626
Rtcb,0.6669121032479568,0.8467856806234051
Zic4,0.6668308672413047,-0.17802207747939305
S100b,0.666633016389677,-0.8153121418742538
Tacr2,0.6664093991800111,-0.4799178072177161
Cd9,0.6662886878067096,0.7849500420895311
Slc11a1,0.6640033751110547,0.9047707972192653
Lrp6,0.6630941193855547,-0.6633930435309219
Nfia,0.6629817184350055,-0.8538370994191485
Tlr9,0.662926484399931,0.944966221138042
Spsb2,0.6625568200027493,0.8969158336669539
Ghr,0.6600856348130546,-0.8276386979034348
Efemp1,0.6579518006459638,-0.4825991887494133
Padi2,0.6569351296408883,-0.532410831772596
Col15a1,0.6569115264841022,0.2509389550936591
Noxo1,0.6560894369374667,-0.0993775549668204
Adgrg6,0.6559626320885291,-0.4113721386746288
Fbxo17,0.65418040548498,0.06932503553949952
Atg14,0.6538127994968956,-0.5403173015196833
C1qtnf12,0.6531389855553593,0.49439434121995046
Cbx7,0.6524591018051615,-0.744923172815925
Sema3c,0.6523434489273952,-0.7943566636449931
Tgfbr2,0.6504182878004809,0.8506141771372026
Lama2,0.6503788799870672,-0.5203135574359105
Mmp2,0.650125576650754,0.8127237706192028
Plxdc2,0.6498508178624444,-0.46471567583089063
Cat,0.6496268004746484,-0.6298292235495038
Tcf12,0.6495638657821865,-0.024677410405743467
Invs,0.648898549175773,-0.33694863642963474
C3ar1,0.6487373468820941,0.9582081236670935
Micu1,0.6484210759866978,-0.8757715335030094
Serpind1,0.6481532868889862,-0.6608896225662978
Pltp,0.6480941696842838,-0.540396932699221
Socs6,0.6466362967969047,0.38073414072489214
Greb1,0.6465465454529424,0.1478604318613036
Trpa1,0.646512339517941,-0.4526960386691459
Pdgfb,0.6455466051942863,0.4290801398031672
Tlr7,0.6454481344510671,0.8818552653478576
Col23a1,0.6453466708577653,-0.5252843476791478
Fgl1,0.6432177328942612,-0.7356164506302649
Ang,0.6421637502756296,0.7845130424825347
Cpt2,0.642013615043631,0.22541060494894757
Apod,0.6419941131475551,0.5367392919891218
Bfsp1,0.6417735236829825,-0.4465094520633684
Myo7a,0.6413409439594752,-0.034293920961135885
Unc13b,0.6412249171128286,-0.8351516047060623
Tbc1d22a,0.640835924353213,0.947040971071457
Ephx2,0.6406078512225704,-0.613073608288397
Rab23,0.6395842008033998,-0.8377178662569701
Prkaa2,0.638343942693233,-0.9356028863731839
Eya1,0.6378596148395416,-0.3473522101907421
Mlc1,0.6362041829225498,-0.6692863883816518
Mafb,0.6351886321694862,0.9318811232069885
Rsad1,0.6351309255165676,-0.6849888607461104
Cubn,0.6350470989558608,-0.5287135215926306
Arid1b,0.634856718390375,0.21994980186084978
Hfe,0.6340726459868208,0.8612578070340038
Alox12,0.6327852762039496,-0.5969568643302878
Rfx2,0.632000660132109,-0.2895481905689546
Ctss,0.6319202330583424,0.9364034196145873
Slc13a4,0.6304688477804821,-0.3873407280522191
Piwil4,0.6281040442457572,0.5325193482534389
Acox1,0.6274291233916413,-0.30315335094361906
Smad9,0.6270595387850365,-0.8541517317970243
Fbxl12,0.6268278427664857,-0.14976325318503808
Foxj1,0.6263236278549662,-0.520500889757234
Gldc,0.6253116821664368,-0.6545729365184506
Pex3,0.6245360895942634,-0.6993476745075444
Sirt1,0.6241542411146314,-0.5835532988279277
Efna1,0.6241403853967216,-0.6601588491452475
Mlph,0.6227075610713918,0.6720650118032998
Gstp1,0.6225761429652108,-0.5629093289082278
Daglb,0.6222607258746554,0.5714614245752772
Pawr,0.6214294504681105,0.05030577217480345
Fzd7,0.6203880618402198,0.3353925862283833
Fcgrt,0.6200497311633674,-0.07030590973623878
Atp6v0d2,0.6188633194661376,0.6218037483128545
Tbx18,0.6187129341978308,0.18025172376432494
Reln,0.6183413656712038,-0.8194898846199251
Nphs2,0.6182480755462947,-0.35583716062867177
Il33,0.6182408783073895,-0.8232236109066265
Serping1,0.6180202148884392,0.7534047284470544
Irak1,0.6178085571288238,0.8523881922009776
Smoc1,0.61766853499543,-0.46193594051389375
Bmp7,0.6168708922762128,-0.4694937635224303
Cd37,0.6167074989725004,0.9569067080053257
Abi3bp,0.6157383393420707,-0.01581483939032443
Foxd2,0.614835165464413,0.028104633329506343
Cebpa,0.6148094572951857,0.9254969848175989
Ctnnd1,0.6147697555109553,-0.70370601470506
Uri1,0.6146256469938205,-0.7255669290525042
Nadk2,0.6143574034911045,-0.8701052017122882
P2ry13,0.6139362182169371,0.9053642969105531
Gfap,0.6130699753090185,0.6948841529482191
Rnaset2a,0.6126948335362481,0.9210183264828852
Sema6d,0.6115930650817841,-0.727826034402095
Slc22a8,0.6112881102070956,-0.7741902465872512
Maob,0.6110321980567243,-0.6660150500218657
Bmpr1b,0.6108953763380017,-0.701479544663617
Smyd3,0.6102652895140909,-0.6312047338192751
Cd180,0.6097631360576131,0.8832157110077444
Crb2,0.6093449245187761,-0.3138438355653545
Zscan2,0.6092716954789023,-0.5948965201842789
Pisd,0.6092373186695312,0.221971802747231
Fhl2,0.6090733188036359,0.11617876732485508
Bnc2,0.6086424637146218,-0.5097537633453415
Pla2r1,0.6083482578249825,-0.4920220341960603
Lag3,0.6071747921596813,0.7696087422902815
Lats2,0.6059734332876504,-0.3650781990724485
Dock7,0.6053165346585213,0.4657299515464739
Adgra3,0.6051040021360254,-0.7515355796840396
Gem,0.6048261564776958,0.19325663127263168
Acaa2,0.6039446162826932,0.2243914777819092
Espn,0.6032746996199544,-0.0373159336390227
Cxcl12,0.6026442266973341,-0.7621815987291447
Fbxo32,0.6026333970949976,-0.356412475022595
Slc16a1,0.6011003393302686,0.37065541335728197
Nr3c2,0.6003447332061451,-0.8502349773279415
Fgfr1,0.6000378441790307,-0.47746211751290113
Hoxa1,0.5991569260629858,-0.7913157862214605
Nanog,0.5991561139176452,-0.3860656453933572
Il15,0.5985063447122233,0.09493430162422847
Mef2c,0.5978456662890838,0.5915381972927108
P2rx4,0.5973280554203625,0.9473698772131824
Mcur1,0.5970038554101016,0.3826124911325867
Xrcc4,0.5961351735259354,0.7035056865510583
Nr1h4,0.5955644301431376,-0.15044092157282987
Il11ra1,0.5954421664367773,-0.02096198522530018
Atm,0.595151967367791,0.34225961380430786
Foxc2,0.5950561112396425,-0.07400579741562818
Zfhx3,0.5948735230915468,0.7220472375148229
Slc22a6,0.5947389558196496,-0.3386660158122415
Fap,0.5944185565063073,0.20211052716932754
Gli1,0.5943280993775716,-0.6087915496110782
Lamc1,0.593803914042617,0.40611279641682185
Bmp4,0.5930098247271057,-0.14056698001242365
Supt3,0.5926896570704249,-0.7981571416415482
Smad3,0.5918345601571389,0.6441407873984965
Gnaq,0.5914095665686734,-0.21175253318615825
Hes1,0.5913203079237224,-0.5798759099681544
Cd5l,0.5901733751584501,0.0758770141963938
Ezh1,0.5892094054957916,-0.7275218675086936
Ogg1,0.5889939909969444,0.4352664314419843
Nkx6-1,0.5888244286098855,-0.7549797735812391
Rab39,0.5884658000709183,0.16085498942322304
Maf,0.5883735862870046,0.467883778165576
Gpc4,0.5883231669943482,-0.46690892229054404
Aldh9a1,0.5879033466811342,-0.6184807743440979
Fabp7,0.5878797953495459,0.6797585694237219
Wnt7a,0.5877659873113825,-0.6529707234450663
Crebrf,0.5876890074739308,-0.5120357916680749
Bmf,0.5873173435111038,0.957237615028106
Eepd1,0.5872993638845071,0.7360751277933022
Sgpl1,0.5871565249672919,0.9044167898163602
Ptgds,0.5865434060958159,-0.7818889959084495
Il34,0.5864069775118269,-0.40110156635379407
Prkd3,0.5863978235986285,-0.19053599333790214
Xcl1,0.5863405833814529,0.7695232082874787
Arnt2,0.5857349771978656,-0.8540272448245132
Gdf15,0.5851094195371008,0.44361359621892027
Tslp,0.584932212838724,-0.3963576367656933
Hibadh,0.5848102768995259,-0.8709472023587639
Slc22a2,0.5840698321116015,0.06479744405070038
Fancc,0.5834441881122168,-0.7319872304565161
Cdkn1c,0.5824448747284492,-0.6426960812880245
Ncbp2,0.5823981167641022,-0.7140185292519584
Foxc1,0.5814715287882954,-0.4038383179434113
Echs1,0.5806579050014427,0.5902121328018898
Tcf7l1,0.5805357615021666,-0.12385990342420168
Fmo4,0.5802349035597922,-0.3766156713361164
Ric8a,0.5802249041284757,0.722789285570375
Tle6,0.5799407422553027,-0.3529287440895491
Gpc6,0.579158712343601,-0.45539999528441705
Ift122,0.5784921823257873,-0.36174931194157905
Tshz1,0.5778310213245508,-0.7814294246215123
Col6a1,0.5768291592237237,0.07530830922324817
Abcd2,0.5764915326609533,0.13705639142016496
Fbxl7,0.5760238644186829,-0.3077972126128319
Lpar1,0.5756375080982538,-0.7813978970123607
Tec,0.5750288483559883,0.8762161052957552
Wnt11,0.5741092782483226,-0.13477207151367726
Sardh,0.5727417130782785,0.005740690423349973
Dhx33,0.5722571094464844,-0.16825710991878756
Fbln1,0.5719002178632898,0.227226319256192
Efnb2,0.5717437781166255,-0.39565910985190167
Klf5,0.5698441656811486,0.14148168263855676
Notch2,0.5685779123741569,0.819671255078475
Prkab1,0.5683909074774599,0.8650348724071124
B3glct,0.5676817703259499,-0.25018410394574964
Abca8a,0.5672898129480497,-0.6207142390014526
Abcb1b,0.5652226138749779,0.703596897555949
Ctnna3,0.5647059467219752,-0.8189536803911581
Kl,0.5645494003560654,-0.6865783724930544
Snx5,0.564488224539009,0.8788260323395347
Stom,0.56446650138289,0.8361632685344101
Aplnr,0.5634524601110265,-0.24901844560671288
Cdc42ep4,0.5633492078155103,-0.4295309740059692
Ddr1,0.5633145179086411,-0.29435342263669484
Fam20c,0.5627123213788507,0.8721894356024744
Pld1,0.5624519111395586,0.4573577151807637
Ldb2,0.5622385167746078,-0.7945702619146277
Lrrk1,0.5613571794294003,0.9129356400575439
Itgb8,0.5611095032224155,-0.804927449658531
Rsph9,0.5606555435767879,-0.7335873845426274
Nedd4l,0.5603804029113406,-0.6498585172716353
Rgmb,0.560360224363849,-0.7209800287142905
Gli3,0.5593448442336797,-0.5576022098329572
Ctdsp1,0.5592999119285263,0.14546471546378553
Enpp1,0.5581735222889661,-0.4919028776086402
Tnxb,0.5579353422219846,-0.509590250161928
Hgf,0.5564229853466104,0.8148547492199107
Ptgdr,0.5561919998457826,-0.3774638916680033
Synpo2,0.5559622338927164,-0.20354452280610758
Ano1,0.5558376293401676,-0.7912988025712379
Robo1,0.5546502488902936,-0.7657178047050007
Gas6,0.5545913977747873,-0.4525361985661084
Zfp503,0.5545572602408274,-0.2587901343102528
C030029H02Rik,0.5543346073853879,-0.8477459119703022
Met,0.5538781600960854,0.33909862844855093
Vsir,0.5538635163144424,0.9366928549106641
Itga6,0.5525414545056653,-0.3260599018743871
Opn1sw,0.5524983760281723,-0.05649277112062056
Col9a2,0.5518563737433209,-0.5709940649014331
Sema3a,0.55126578473062,-0.24934999618985668
Gpc3,0.5500598798318462,-0.5346247504171501
Col1a1,0.5496835123543756,0.3435126256799687
Osr1,0.5496117343168644,0.11944147598300683
Lama5,0.5487769360716143,-0.6870597353037516
P3h3,0.548587371441081,-0.04868808194441159
Lyplal1,0.5485512942522739,0.022055467008175005
Xpa,0.548445195060948,0.10479319468129533
Dnmt3a,0.5483190353521978,0.2151045103550139
Abca4,0.5479946410143224,-0.3740061809920042
Fzd3,0.5470051104813883,-0.7961132596403011
Bcl2,0.5468405336689454,-0.14819602287303377
Hacl1,0.5456480708577633,-0.7707037494884273
Ltbp1,0.5453947417138408,-0.2787794043411436
Cemip,0.5452076569121836,0.03717222023438886
Drc7,0.5449761676097347,-0.44793102105172355
Slc1a3,0.5443087401728981,-0.2550393315767949
Epm2a,0.5440115576734839,-0.783076433736977
Pfkfb2,0.5440067152417069,-0.8405481273286634
Tns2,0.5428673575426078,-0.8041448424612787
Sp1,0.5426149798784293,0.4321269325191881
Slc19a1,0.5418293060161572,-0.7656926228707059
Cyb5r3,0.541671128942692,0.6997200905674213
Meox2,0.5410728888653296,-0.24732687280904578
Me1,0.5399339475476235,-0.6409725448106426
Gstk1,0.5390550147210225,-0.704119816493972
Lrp5,0.5384262955904642,0.6236942118510305
Lats1,0.5383944036718599,-0.13008299594057326
Cd72,0.5379994668922332,0.8500308312260774
Fzd2,0.5373659235943695,-0.03244815783185963
Appl2,0.5358828657742791,-0.5835155093078236
Setbp1,0.5357731967123093,-0.34437376574535705
Prpsap2,0.5357513857715341,-0.7601196906485033
Elmo3,0.5352116706155001,0.5470246360079059
Col4a3,0.534686700767667,-0.7051698766729045
Smim7,0.5336938126439195,-0.6582341001940311
Pcsk4,0.5336084296637262,-0.31316764212080483
Pgpep1,0.5335859046124233,0.048801768561023015
Col6a2,0.5333953768500719,0.061796208363606
Arhgef12,0.5322147569157599,-0.8930769135534279
Epha7,0.5320401872270553,-0.6833531635670741
Plcb2,0.5311109921828261,0.9579659726315565
Slc9a9,0.5305865705460499,0.23001014445133083
Galc,0.530525940472705,0.05721160002022934
Arhgap17,0.5303352162936559,0.7968374977520561
Col5a1,0.5300755279009479,0.3458191870346047
Gyg,0.5300530740711721,0.7342788915775672
Gab1,0.5287506510666866,-0.8099444257684059
Trrap,0.5286327139900688,0.5694316941473683
Nr2f2,0.52760238392573,-0.022704081472737676
Luzp2,0.5275193969937133,-0.7844932657457508
Cavin1,0.52724182988822,-0.32468701662609195
Igkc,0.5266878927589593,0.44061904511252037
Lrp1,0.5266525184804559,0.7800379815061057
Acot6,0.5262747643438651,-0.8047837680533083
Zeb1,0.5260914470064776,-0.7927294681946875
Npr1,0.5259091559313114,-0.4606949082643787
Rapsn,0.5257002544080883,0.32106531960279316
Gtf2i,0.5256390347260385,-0.6992520016005263
Kcnk2,0.5254080132903538,-0.4967092741770075
Wnt8b,0.5249204265550301,-0.6925571619526717
Fat1,0.5244706353702352,-0.7717728764749882
Nectin3,0.5240651918516476,-0.717854142850723
Mdk,0.523756347805528,0.7345687293086681
Jchain,0.5237166083139727,0.21183814692361336
Fam129a,0.5237058042324075,0.8998191171261004
Crlf2,0.5236137343985072,0.9274947716811842
Micu2,0.5232205251877751,0.6815032833799445
Gpam,0.5228109566482656,0.21476239432721192
Foxj2,0.5224918860859535,-0.08922894513681241
Glo1,0.5224101098691648,-0.8576445025444368
Dmd,0.5217257469489309,-0.7873467425976678
Cd83,0.5209600086588061,0.26443941559754547
Bbc3,0.5178893969543888,0.8062635089681374
Ccl8,0.5177961845369927,0.7926078904826774
Sulf1,0.5173640386331737,0.6481969098764463
Ctsk,0.5161904850245496,0.5204233798487252
Tfpi,0.5160912511216149,0.21709384280086863
Sox21,0.5146185325033183,-0.6752973157483535
Ciart,0.5137011169138046,-0.5721271878589792
Rad51b,0.5136586048679687,0.8768795814755571
Unc93b1,0.5125221186038289,0.9212470909322841
Plxna3,0.5123060670809232,-0.7492174892397394
Frrs1,0.5112679120162,0.9173578156333132
Sp8,0.5112057190936719,-0.15053217786718487
Btc,0.5109528280313742,-0.6961349507704404
Comt,0.5107693236079189,0.38191558642663326
Itgb4,0.5104796622566999,-0.8216383119824017
Rspo2,0.5104561061973563,-0.5497758464017579
Col6a3,0.5103908015329905,0.27584386571932124
Ptpn23,0.5099402723652187,0.4499926062494062
Klf11,0.5095687105362561,0.17817569863829896
Pink1,0.5092267487702089,-0.7759537581430938
Csf1,0.5090778510599785,0.6597754971097669
Cdkn2a,0.5090268163444179,0.8349561547547389
H2-D1,0.5081738943744679,0.9237727581993548
Mttp,0.5080515495460335,-0.6050121985922903
Fbxl3,0.5078708817033293,-0.6776570550143016
Utrn,0.5074238096869642,-0.7845877381176637
Ccnd1,0.5055796584708292,0.7002361197010277
Pfn4,0.5052449660039808,-0.8348440689237511
Smarcc2,0.5040028505136518,-0.8657271670737456
Plxnc1,0.5039367256624535,0.807163064933208
Trib3,0.5017434060489926,0.6738199961197908
Cyp21a1,0.5010330295153602,-0.06271710397310985
Nrep,0.5007810957203551,-0.7099454762754436
Eif2a,0.500338037805549,-0.30163468504115803
Grb2,0.5003363479241572,0.1342670927521773
Cd300a,0.5001253195519794,0.9234156254058106
Gusb,0.5000376162214993,0.914156469398312
Snapin,0.49985041535738783,-0.7396120237433739
Abcb4,0.4995440653494129,-0.7750148458174703
Mturn,0.4987921175204675,-0.8738630939166728
Txnip,0.49873789234591803,0.8590235148345271
Chrd,0.49813774705200997,-0.32263488968450393
Cited4,0.4976608080861302,0.26160573595669834
Rtn4r,0.49744191995655784,-0.7742849828604579
Lamp1,0.49740587086186494,0.7492391029531532
Adh5,0.49712035977486874,-0.29666365601007494
Gfra2,0.4967063956271922,-0.6997616858964509
Sap18,0.4962959150720696,-0.7222681805465085
Lrig1,0.49554424815025244,-0.6188846906815036
Idua,0.49517928689279606,0.8916099099600949
Leprot,0.49513848432526736,0.5942247749921921
Tmem43,0.49496453236978255,0.4350831390580144
Cyp26b1,0.4948177571104438,0.06005473599600138
Afap1l2,0.4934222780362897,-0.019893273519649892
Samd8,0.4926282127165115,-0.5923045292755558
Trp53cor1,0.49176777309992864,-0.2459337196122178
Col18a1,0.4911167301902951,0.7103231820196128
Arap1,0.4908529421855639,0.9075889475132968
Slc30a10,0.49031710418967733,-0.8289098386032497
Gsx1,0.4903091471352299,0.09067464252736615
Marcks,0.48983458937137603,0.7928111448629334
Xrcc5,0.48900399068594064,-0.8300250526964587
Lama4,0.48868375531329056,-0.18302198547039256
Neil1,0.4882953445589489,0.1899650213907699
Axin2,0.4878294824247366,-0.32134682943984477
Igdcc4,0.48687767359317063,-0.6310884906626012
Erbb2,0.48683158502230284,-0.2569926645130162
Eci3,0.48613404831375323,-0.556266400064478
Wtip,0.48550652030471014,-0.7381130199045988
Csf1r,0.4853311986032219,0.9326417886427495
Cul4a,0.48532892167261366,0.25062632013324326
Golga5,0.48512540437627844,0.33689687365758686
Aph1c,0.48289329548871973,0.3543765296709576
Shcbp1l,0.48254368958153604,-0.07550772443321463
Slc40a1,0.48196259136214437,-0.5389512529518568
Trp53,0.4819596055177924,0.8692730944711801
Fzd1,0.48141513653678714,-0.6386483243281953
Pth1r,0.48120534073827975,-0.24503811680101265
Creg1,0.4804151031031816,0.5577797688682221
Klhl36,0.4799801837719901,0.7727522893394403
Prkn,0.4794549776337383,-0.7615362821505943
Scarb2,0.4794336905315834,-0.4534415792491959
Piezo2,0.4789282723451527,0.2601199188979193
Trmt2a,0.4777295762045969,0.6257635001557195
Olfml3,0.4767819773085852,0.8533271738606276
Cyp3a13,0.47539055196976077,-0.792652625758388
Tle1,0.47490234928003905,-0.7012021056421177
Ednrb,0.47334304548445,-0.7251395374834521
Cpn1,0.47244413163618415,0.2868098469936027
Casc4,0.47173011585741176,-0.7818827931141508
Rragd,0.4703098892236495,-0.7256936169986289
Aplp2,0.46972129020138187,-0.8228420585144288
Gatad2b,0.4695749934027925,-0.4506021619965256
Trim7,0.46897094910144965,-0.23968834942657596
Ggnbp1,0.468916764251966,-0.4765752561380071
Keap1,0.4688652897612213,-0.5222962013615259
Dusp3,0.468373657566115,-0.5517734883813202
Per3,0.46826833162011655,-0.7486070111811651
Klk6,0.46744656524399736,0.5003881738574786
Nfe2l2,0.467382045804373,0.878908219964654
C6,0.46710258767389096,0.6300430892759609
Polr2a,0.4667367072613365,0.5576394814614157
Foxd3,0.46644232971082805,-0.30423763781346363
Thbs3,0.4657262852344956,-0.10573807437311306
Gna12,0.465594273870011,0.020167601798387755
Mrc1,0.46551914720821846,0.04333782021948742
Crabp2,0.46496833575872415,0.061102689203797356
Klc3,0.46469720632126676,0.7832476808733759
Tshr,0.46467104147205557,-0.6027211451891147
Psd2,0.46455733552165396,-0.7413117601701914
Selenov,0.46354852144151854,-0.14102838666588927
Sfrp1,0.46299037337270693,0.4412167957057337
Vstm4,0.46273667508813154,-0.3894812224381648
Sall1,0.4619458394955827,0.6190512324861192
Edn3,0.4619414182230614,-0.664597158795611
Cyp2r1,0.4618768871616308,0.17611625840071843
Foxo1,0.4612706155435617,0.16822955023718938
Fbxl20,0.46038443893289016,-0.2936912467358012
Osr2,0.4600558957948147,-0.0579002488116972
Ehhadh,0.45958291731183476,-0.7280294627750977
Grn,0.45937882110133066,0.9321350325278434
Scmh1,0.4593360866402303,-0.6115180532960085
Cyb5a,0.45924023612449383,0.5435938973964751
Col1a2,0.4569818912777826,0.4272396696011666
Coq8a,0.45672458949115935,-0.4226032697608915
Ogt,0.45641196670919676,-0.039437760710543314
Dock8,0.45621720942905925,0.9345781742999371
Wnt7b,0.45618271133658567,-0.8133373013984239
Bcl7c,0.4559304034915765,0.6019916815824428
Srebf1,0.4559000599950348,0.17672612675772442
Msx1,0.4558986987908779,-0.4705374823364551
Ctnnal1,0.45549922256389047,-0.7366348804748966
Bmi1,0.45547918850311986,-0.6631615201689913
Pygb,0.4553351871359156,-0.740193995752649
Eya2,0.4548913890692951,-0.07599701078409817
Ptchd1,0.45486003412497533,-0.8095851133508981
Ascl2,0.4545889961121994,-0.6456418301937802
Ncstn,0.4544179963831021,0.9027037219084548
Agt,0.4538713543767883,-0.5929576235465213
Hspb2,0.4532592182887395,-0.3980972599516304
Irx5,0.4532039833229276,-0.6739576846752205
Vsx1,0.4530847033223565,-0.19936856249170234
Baiap2,0.45301290118011334,0.2369445853201437
A2m,0.4529937738014286,0.6124212640465837
Esr1,0.4524367723197893,-0.08658232240914801
Tctn1,0.4523396471217446,-0.3488144892351703
Etfbkmt,0.4521805787365823,0.08692970027861179
Ephb4,0.45209534055701034,-0.5059886397337587
Sema3b,0.45190282483293664,-0.6145777181428436
Krt76,0.45124228672053035,-0.48408878221458074
Prss41,0.45056777880147125,-0.3598401729557989
Sh3bp2,0.45036391955359223,0.9286186616388933
Nedd4,0.44919416309123844,-0.686752079344572
Rarg,0.4489807937703713,0.24351623037525982
Cntf,0.44889846153184243,-0.3791212905341501
Cited2,0.44810483337545254,0.5193338652697664
Lama1,0.44806475221406117,-0.41897662046613376
Slc6a19,0.4473606940060958,-0.2688619796495864
Dvl2,0.44714595820000214,0.19922544276626616
Faap100,0.446413851309006,0.5232939015335681
Mavs,0.44592897855179964,0.6142188406870753
Pik3cg,0.4459173899998712,0.9170634590674615
Sema4d,0.4455345280412919,0.6933445997461463
S1pr3,0.44548615632626415,0.35284501670685253
Bmpr1a,0.44542088039723565,-0.7321681322453104
Msx2,0.44534284841206484,-0.4871089072726679
Mitf,0.4450445833167766,0.498609771443016
Ubr7,0.4448270113184791,-0.10554470966550533
Lgr4,0.44400717803143325,-0.8367651610233452
Stxbp4,0.4437478897402494,-0.8066151312486981
Ddx4,0.4433615798368271,-0.4896702026853432
Plekha5,0.44328946055639734,-0.8483876541323269
Rbp1,0.4432298089092971,0.7058149145003066
Rad50,0.44316049732918483,0.2902943782823616
Nipsnap2,0.44291039068825905,-0.6871745561498644
Atr,0.4428905209194657,-0.5865548010809207
Ehd4,0.4425997597678294,0.7849241549149962
Hist1h2bc,0.4422046707061537,0.5452702895682032
Ppara,0.4420065368630001,-0.7414178945684791
Plpp3,0.4418995448424095,-0.5399261194022371
C1ql1,0.4417164354710788,-0.763795562866983
Cdh5,0.44161537076417695,-0.13309595560264267
Hspb3,0.4413568157091912,0.7789152910447353
Efnb1,0.44122620458986866,0.017166743575311384
Ss18l1,0.4398616473036598,-0.7708348223238911
Hadhb,0.4394728412321185,-0.579549695808532
Gprc5b,0.43890927563384213,-0.872781866238788
Zscan21,0.43878731674177174,-0.29996944226536754
Car2,0.4387142169009153,-0.7193051342562806
Gipr,0.43843683698185226,-0.2809523931686446
Cdc23,0.43808525375785196,-0.6071146026204292
Sgca,0.43729967545861304,0.2884344495240932
Tpsb2,0.43724712125035375,-0.19205571286716236
Bcl7a,0.4371582979727427,-0.5774645252554107
Ntrk2,0.43711650693478843,-0.8116960429999555
Cetn2,0.4362447489513444,-0.6751731863628976
Tnfsf13b,0.43622851432715015,0.8117357139129869
Moxd1,0.43566903914489324,0.15475660705370595
Fbxl17,0.43507451342502934,-0.7418965088796746
Commd10,0.43491866297316695,-0.5535886975640346
Rcan1,0.43472367518797433,0.39557631662524656
Polk,0.434288068539489,-0.6832004920187289
Gorasp1,0.4342798473164781,-0.8659102675159007
Nr2c2,0.43375131630845687,-0.7212036827629815
Plxna2,0.43298817182848304,-0.738657667159029
Ntsr2,0.4324833556015459,-0.7602390401184257
Lbh,0.43198816990711225,0.767630383177543
Cpeb2,0.4318485565155194,-0.7956664673254598
H2afv,0.43171084167893115,-0.8698386537322126
Washc1,0.43156440569826476,0.7179141023806468
Mms19,0.43080295366795435,0.8391359211083677
Vipr2,0.4306649653859964,-0.37946420811133746
Fundc1,0.4303842295523338,-0.7718354731243356
H2-Aa,0.43032854163891504,0.8936537030644888
Ints4,0.4302945808466626,-0.7336009757500835
Clmp,0.42987131118939126,-0.6223873147623329
Itga3,0.4297638008979496,-0.8611153273689075
Il17rc,0.4296565322307456,0.15602014611486856
Rap2a,0.4289773231251346,0.7520963780004777
Aldh2,0.42872494401807243,0.05250243490580484
Wnt16,0.4286192496107421,-0.35322794323960593
Fat4,0.4278255971026144,-0.7189017564763788
Gna14,0.42770284135575004,-0.3901217036236687
Vav2,0.427285696659443,0.6732240054615287
Igfbp2,0.4271284893078031,-0.2984500886801588
Sox13,0.4270205783739309,-0.8729570871745403
B3gnt2,0.4267427374024513,0.6352246001435023
Foxp2,0.4267139878862304,-0.35502572521643694
Abca8b,0.4264546421912152,-0.7463941484648496
Twist1,0.4261088301727524,0.050533830956790156
Tmem119,0.42606263952691537,0.8218928196016402
Fscn2,0.42587179937917147,-0.4342552278137445
Rfx3,0.42585303586729584,-0.8034453800932353
Serpine2,0.42537944133800915,-0.5273385070328119
Pou2f1,0.4252536827629142,-0.45283618713944784
Tjp1,0.42510812652879315,-0.7345204223806127
Ctbp2,0.42414147731526397,-0.06897635940217119
Cd74,0.4231929786856368,0.8865122718600378
Sgcd,0.4230574798178763,-0.6345355937859621
Dpp4,0.4228307532287778,0.2786757955710726
Arid1a,0.42229692394111723,0.36434477328169335
Egfr,0.42216884246581377,-0.5681389897753415
Nog,0.4217194994986856,-0.7841555024183419
Col9a3,0.42165606414372814,0.05873625178760136
Fign,0.421633759654721,-0.8605314919236424
Fgfr2,0.4214544471697417,-0.681607043616211
Cd55,0.42121084113988433,-0.49880976002695865
Itpr2,0.42092510596170846,0.7065556654946163
Akr1b3,0.4208838809115707,0.5001376162623912
Sdk1,0.42082137335130365,-0.2413330885214062
Pou6f1,0.42054058381298953,-0.7980559046339963
Trim65,0.42043076638189414,0.6913900738503427
Rcn2,0.42025555309694484,-0.7448624002457133
Arid2,0.4200063947732945,-0.4723211845498124
Grem1,0.419345356583207,-0.5579882262433983
Mmut,0.4190434137201905,-0.8088389156014266
Sgsh,0.41877941002050084,0.9105643900286163
Dnajc7,0.4184390019863261,-0.729016607117337
Klf12,0.4183244612408888,-0.8433507276987973
Lin7c,0.4181840015176032,-0.5400625551991818
Dio1,0.41734158296339613,-0.21085793769674724
Csnk1e,0.41723049826101516,-0.030945229225392896
Rabep2,0.4171058746167772,0.5894660728190462
H2-Eb1,0.41691525973705573,0.8986958710921695
Ccnd2,0.41684618443362986,0.14588518386246735
Srgap1,0.4168244985831511,-0.78506538801178
Tas1r2,0.41612112437211524,-0.359579159606829
Slc12a7,0.41580845606199907,0.5279812092781813
Prkca,0.41547551183448994,-0.6397965359300026
Bdh1,0.4154257966196219,-0.675795558738926
Rcor2,0.41499048252083487,-0.7411608764452832
Dock2,0.4138785001954377,0.9016825129201017
Pgf,0.4135162706303945,-0.29488650043086434
Prkci,0.4133520010214284,-0.6833833084752813
Wwtr1,0.4121624230675438,0.24085963633120044
Wasl,0.4121337802092867,-0.8594238156075031
Rln1,0.41194503802807864,-0.09909995749158555
Igha,0.41188060379750285,0.22137872974066075
Prdm16,0.41171690064859445,-0.5672212350551936
Fzd6,0.41153827918176766,-0.6928378126150083
Utp25,0.4113274029849897,-0.6803614386922923
Nek7,0.41117130043448913,-0.18742546697029236
Cd276,0.41104447968709507,-0.21236248984879288
Gpr143,0.4104817370384264,0.32432827241227796
Htr2b,0.41036397402464175,0.8294207152646971
Myo5a,0.41022766304698965,-0.40163178051881987
Epc2,0.40975559762170227,-0.41177676373865935
Tnfrsf11b,0.4096314041984155,0.07817540379119865
Zc3h14,0.4092938054862074,-0.5896187796647578
Epc1,0.4087322425933036,-0.8010779214878
Ror1,0.4086016032928148,0.665344907380499
Spag9,0.4075969745909961,-0.7891632343939855
Pkib,0.40723357622316964,0.7147500427022976
B2m,0.40716829614188427,0.877233892392966
Prmt3,0.4067492577165572,-0.8968691856562951
Vamp2,0.4064980871299124,-0.6983974159908984
Nfix,0.4061835325185674,-0.5071328596484899
Gas1,0.4060430771796687,0.1180809738151004
Pknox2,0.4058260868078406,-0.7159028982459562
Aqp4,0.40558993202262056,0.0853914954872516
Edar,0.4054264838197683,-0.5680952211496644
Mapk3,0.4048860834491847,0.3948787479457928
Ppt1,0.40477920802140527,0.07457856027759462
Trim24,0.4039558172911113,-0.7867450465993033
Gcgr,0.4038336496143144,-0.30548513842631136
Cdc16,0.40338804632567016,-0.3396584867185971
Shroom3,0.40318440034318714,-0.7696923191205127
Kdm5a,0.40301746473023076,-0.4302973758154608
Foxd1,0.40226832404055624,0.00516117617270954
Tmem109,0.40210170703976905,-0.4670184133760312
Phex,0.4017275481200755,-0.26365668316306157
Atraid,0.4016160735540959,-0.603277277497944
Lefty2,0.4013501015383081,-0.5922492645040545
Dixdc1,0.4012632261966881,-0.7998520289130009
Ajuba,0.40109044875264316,-0.1950127841802597
Inpp4b,0.4010774937381813,0.296383955287529
Mknk1,0.40103518481252387,0.8788848328141595
Slc22a5,0.40103001512847314,-0.6952280499924849
Hspg2,0.4010285719944114,0.09790602615876644
Huwe1,0.4008204946779393,-0.7341962469883592
Atf5,0.4007535460292105,0.2913478648559258
Pik3r2,0.40047982215968514,0.2268061697369046
Snx4,0.3989074605238672,0.42046590604648304
Crbn,0.3986553724506002,-0.7648343144873064
Ank,0.3984387235108934,-0.6784086465644178
Nr2f1,0.3975558427689714,-0.4294771553012654
Nfib,0.397361503321536,-0.828705719139134
Hey1,0.397303143865178,-0.8823979208733909
Myo6,0.3969727861742428,-0.8856043882061031
Irf8,0.39677279269664034,0.8999655281176239
Adamts20,0.3963312435835225,-0.7708764695616486
Rbbp7,0.39627654888266334,-0.08341167944157594
Esyt3,0.3961425663745546,-0.27195848118985116
Gfra3,0.39605103207050935,-0.2347108439842056
Cryab,0.3959495583387954,-0.4726352051810969
Aif1,0.39560099905716606,0.8802887688983657
Strn3,0.395256809535613,-0.815765658848643
Mesp2,0.3944862210634044,-0.22702115989355356
Zfp111,0.394041713840034,-0.16879815850932792
Slc2a4,0.3933947144246757,-0.0005372835010555877
Epo,0.3929716505127889,-0.012874455626483436
Sept10,0.3928912512746447,-0.12441509529934384
Rev1,0.3928814525941994,-0.8296143684993935
Twnk,0.3919704732133367,0.2698808310122719
Cxcl16,0.3916820168168385,0.8916380861617184
Nfatc1,0.3914617386382681,0.9333818016468414
Dip2a,0.3911284024086343,-0.7219760180178378
Polr2e,0.39112527101394223,0.36493452545925625
Rela,0.3907258125556959,0.7730984399487596
Bbox1,0.3902031919065107,-0.8476009101142913
Casp9,0.3899920992097321,0.7385304266312391
Smarcd1,0.38984516886210063,-0.838150528257277
Mmp12,0.3897991762745599,0.6000680592878344
Zeb2,0.3895952245279856,0.12029224430961326
Gper1,0.3895762831874985,-0.7515347918700195
Lama3,0.388654159511065,-0.3669569883049493
Rhod,0.3884885554919758,0.6664901874928979
Cdh1,0.3884883068524619,-0.2706052094992283
Ncor1,0.38804211524447263,0.12498849875669749
Slc20a2,0.38763289307327026,-0.7076007745755779
Pomc,0.38750824450318794,-0.4414436548399493
Mcam,0.3871692168531719,-0.8120711717435128
Ssbp2,0.38647740093292193,-0.868922569127215
Ly96,0.38643911147313176,0.8261844603002907
Cyp27a1,0.38483848475887455,-0.6238614931675364
Plk2,0.38473607752361233,-0.5646585140970669
Bcl2l11,0.3843374305363803,0.840071993574489
Hps4,0.38406240483050985,0.751634381960463
Tead1,0.3835537450029753,-0.4931943686333788
Itga8,0.3831639193455754,-0.6046497861854151
Cav2,0.38298850132359896,-0.6839006925862444
Cspg4,0.3828254918739138,-0.49769907864033547
Dst,0.382333272627261,-0.8536584876097029
Yes1,0.38231103225708873,-0.8080083392956298
Wiz,0.38214453408759147,0.2766215635095487
Aldh1a3,0.3818429831691373,0.06653397223634229
Ubxn7,0.3813719941026518,-0.800231271924423
Wnt10a,0.38015548623321715,-0.39915534354751064
Cxxc5,0.3797460175205446,-0.5988656319697608
Bbs9,0.37971028100287135,-0.897499337675665
Apobec1,0.37938331497206695,0.8356299068469415
Kdf1,0.3790500459012761,0.006733659388047136
Clic6,0.3787816227184474,-0.18952556233787013
Mylk,0.3785704262973796,0.5013572405892246
Tfeb,0.378459942381504,0.37309380526898434
Epha3,0.3778927581077023,-0.2939579733556991
Saraf,0.37764026690191005,-0.5079496400691627
Tmem176a,0.3773634453415898,0.816778360415064
Six1,0.3768882836350041,-0.19621467444121352
Cnmd,0.37681747772656066,-0.567326302509339
Gja1,0.37601080654686897,-0.7087406290592672
Pthlh,0.3755847580125196,-0.704137302955307
Cd59b,0.37528617079209015,-0.49922613216468015
Ebf2,0.37500373363768474,-0.5500418769977398
P2ry12,0.37450438043150297,0.48202047243020507
Sun1,0.3743068657447613,-0.8232310553991082
Nfat5,0.3742280350290828,-0.48064516657947215
Kirrel,0.3741416397733893,0.039637589239342935
Ptger4,0.37373108338216965,0.9134023949227769
Hes5,0.37352012140484586,-0.6070840320577561
Nox4,0.3733155367999527,-0.06586387307127115
Qdpr,0.3727579063862569,-0.7831679606448004
Sema3d,0.37265494286064366,-0.14897809414971766
Rora,0.37238509705269207,-0.8256696378414395
Bloc1s6,0.3719037965806859,0.06387573324870224
Nagk,0.37176468494093257,0.8848851276157044
Glmp,0.3717160064261238,0.8945768251185828
Clcn7,0.3712121016053676,0.9217427308379093
G6pc2,0.3707993104672468,-0.22606757963537819
Col12a1,0.3706551587450061,-0.04697265508969594
F11r,0.3704262015089809,0.8996346119401686
Tmem94,0.3693099038874173,-0.23966717462587625
Pls1,0.36876859297202097,-0.8751909153783941
Hes2,0.36834781536164857,-0.017895392816126662
Prrx1,0.36821387783300047,0.3066882712640678
Rbl2,0.3672180434749112,-0.2364649541754857
Bloc1s5,0.3671763271734217,-0.818849182347093
Vegfc,0.3667906416284147,-0.7829845909687847
Dag1,0.36662997758792265,-0.2837604620774873
Glud1,0.36662393900883683,-0.7866306600134512
Sema4g,0.36625373406444656,-0.6193524969104515
Tet1,0.36606434616118516,-0.8845449254846771
Zbtb7a,0.3660565333848344,-0.7158725631877966
Vegfb,0.36570793722939604,-0.6253535948429493
Colgalt2,0.36548882970143165,-0.646441103552363
Pde8a,0.3653983577967019,-0.8505790388370138
Fdx1,0.3652376665395475,-0.4642838468096213
Lepr,0.3645821788990516,0.16869955906179937
Lima1,0.3639565003122941,0.6177169789292435
Ube2d1,0.3637599900444227,-0.8655702593531855
Dsp,0.3632229141468918,-0.22143206217382658
Impact,0.3624907912073088,-0.8992468169415481
Tert,0.3624851176848432,-0.03843008742697832
Lhcgr,0.3611985748268866,-0.5649243961256821
Sox5,0.3611858671676925,-0.7079308570039089
Parp2,0.36106901580598444,0.6400370107733694
Nkd2,0.36036575604750143,-0.6046475300304619
Ptpra,0.3590834964882347,-0.6691373983120812
Rnf13,0.35884627870895297,-0.7991114458635338
Rb1,0.35881043024460624,0.5984410052495688
Spdye4a,0.3581698612500067,-0.43667266082215184
Gap43,0.35739763093194704,-0.7154546024869927
Saysd1,0.3569656439638027,0.33776523315115214
Ogn,0.35674782394248705,-0.7470809469592985
Cd300lb,0.3562253932484778,0.7998979784961824
Snx30,0.3556289805816338,-0.6286312233475103
Rapgef3,0.3551363566556199,-0.6097894867290572
Aip,0.3549081001461077,-0.7039233382503343
Ace,0.35478128934562364,-0.41218211331387583
Bmp15,0.3547039036114682,-0.45438815637720875
Inpp5d,0.3537506893428269,0.9412696360064422
Pcmtd2,0.35368193251170715,-0.4522971630092611
Inhbb,0.3536370542916998,-0.17712932339910897
Wipf1,0.3532972211161759,0.8857146054210805
Cry2,0.3531139281458398,-0.8418924320076772
D1Ertd622e,0.3531124047432698,-0.5849508761618344
Ppfibp1,0.35236831431998683,0.7097369238732638
Cmtm6,0.35233817997333805,0.8483794167968656
Fgf2,0.35215503503227347,0.3258963211951748
Crygb,0.3521445948294673,-0.12177809434154746
Selenop,0.35147447136047477,-0.25495014566869684
Usp50,0.3511208711680919,-0.5900406252096358
Epb41l4a,0.3505395696478654,-0.6402149563603593
Selenof,0.3505151500256767,0.5134332863729422
Nxn,0.3503043946904919,0.29796331949704385
Smad6,0.349698401020369,-0.4094035026962279
P2rx3,0.3495295685271916,-0.3856835542029571
Itga7,0.34914962053702525,-0.5181214909542139
Hkdc1,0.3490808500329614,-0.5743957117215749
C1qtnf5,0.34891921337117976,0.8109864125841083
Sntb1,0.34864106049279325,-0.023648190665189445
Ly6g6d,0.3485606127564028,-0.36676347332949905
Il25,0.34846329998142944,-0.401277731484073
H2-Ab1,0.3484035498043837,0.876588986386299
Alpl,0.3475765543718525,-0.8220389711905887
Ptch2,0.34703166688239184,-0.32436563163787635
Wsb1,0.3469742581263419,0.030065235414462963
Fst,0.34612081812795303,0.2587320794737136
Dlx3,0.34599046124447275,-0.2606225506343377
Ash1l,0.345201062354475,-0.7744554662610343
Serpina3n,0.3447211576157194,0.7894437547314255
Ptch1,0.3443957724318544,-0.8749776525876934
Itsn1,0.3437142943653751,-0.5635332171067258
Tlr3,0.3436279280290503,-0.32187421128216387
Trim63,0.3432420691990343,-0.47510362932927813
Sumo3,0.34315703198049374,-0.570698939140008
Nfya,0.34266159473974417,0.7650001344033354
Sesn1,0.34222587127505016,-0.7321462381609297
Exoc4,0.3421128622528242,0.010026478472602298
Pdpn,0.3418227606935867,0.6483048116731037
Map3k1,0.3417921251717484,0.9168037865800271
Mbnl1,0.3417864422198522,0.6056227424629499
Upk1b,0.3415140573158872,-0.4729149190294063
Rock1,0.3414380875704421,0.0645915261579374
Cd33,0.3411434939129831,0.9430012408339137
Ncoa3,0.34109810569012267,0.7533992399767758
Zfpm2,0.3410519165894152,-0.8753645860380582
Pcgf2,0.340815017769474,0.062400815216595316
F8,0.3405402163497012,-0.7828482041386782
Hoxb6,0.3405325072577741,-0.7744826967904516
Dppa3,0.34045578754812866,0.4154222931584931
Bbs2,0.34023360243998885,-0.7189580627174149
Pdcd4,0.3399770969418643,-0.5517635073857937
Ptk2b,0.33993212936801476,0.9128482601932957
Sort1,0.33948716884010083,-0.7329406671010839
Tcf3,0.33919475508479063,0.6785737020974235
Pten,0.33906434495451054,-0.43163493309198897
Nr6a1,0.33891538113355163,-0.689634022518689
Frk,0.33831403391745524,0.024727064594233936
Ttll3,0.3378074121392225,0.04512229486815678
Hoxb7,0.33747196710473076,-0.7802214377905127
E2f3,0.33739563943924056,0.0020069566594253427
Cdh26,0.3370250810870798,-0.1006676342956423
Mst1r,0.3368462431029077,0.3863997418647684
Jade2,0.3365989485076478,0.2669442413534336
Mlh1,0.3363881117998216,-0.3554206836499005
Cxcr4,0.33631739900622143,0.9301942915793077
Casz1,0.33602898941467557,-0.4876509735220168
Rnf2,0.33594504277862713,-0.05345008503315834
Mertk,0.3358594301065234,0.8288285003583243
Abraxas2,0.3357051259471685,0.8914898740229807
Ticam1,0.33529503479325456,0.5206899302303734
Pax3,0.334854036889541,-0.4150986180232939
Katnal2,0.3340553953383257,-0.70447318148972
Nat1,0.3338243324100982,-0.7406447284818095
Ndrg2,0.33374900749604847,-0.5963700914261909
Ecel1,0.3335717213124806,-0.19053938265191445
Avil,0.3332419077369385,-0.07393555090755248
Ephb2,0.33321128139369033,-0.5764002310094071
Dydc2,0.33320197964668,-0.8294364735259168
Fadd,0.3326306545873142,0.8960902543552961
Cxadr,0.33159934772281,-0.3609048856016585
Dglucy,0.3309683077421435,0.7781085024478827
Hoxb1,0.3303677534646132,-0.5265974197720501
Terf2,0.33029989867086657,0.30927540297306694
Ehmt2,0.32999899175794106,0.7034142093968457
Ifi27,0.32988652214834446,0.7463868741113533
Alx4,0.3297748308144726,-0.40554947726800256
Mme,0.32963022381897367,-0.7690456320198723
Thrb,0.32960284659249733,-0.8855554575088329
Smoc2,0.328976565114144,-0.09392276198161045
Rsph1,0.32860233960914365,-0.49610665691237454
Sirt4,0.3285039673770696,-0.7280508426517167
Letmd1,0.32843989339250756,-0.058610902437203155
Il6st,0.32822173117883885,-0.253124084358742
Fbxl13,0.3279318780760918,-0.6489292476462425
Nmur1,0.32790230924779723,-0.27101247821459656
Hps5,0.32785919357580406,0.8761825056426791
Nkx2-2,0.32783345841595557,-0.10562466474642651
Col4a3bp,0.32766912244807933,-0.6167493200010064
Bnc1,0.3273937359093516,-0.3797806950575116
Sept4,0.32730050103458896,-0.7142866749602051
Slc11a2,0.32726394120093516,0.5292253780615377
Adrb2,0.3267252066633408,0.768303388848731
Pik3r1,0.3261662175009626,-0.38835625292211623
Adgra2,0.32602865612196286,-0.19731716202692562
Slc4a10,0.3251105978445464,-0.7823415528036367
Cfap44,0.3250841205734788,-0.750934170172745
Kctd15,0.3250713650388891,-0.6760986899903096
Zdhhc18,0.32477377277599334,0.19296788044818666
Rab3d,0.3247067827019267,0.8056372856722971
Parvb,0.3244042409597365,0.8051412798071863
Kiss1r,0.32425298610136766,-0.557806905149502
Nmb,0.32423479485516876,-0.3295517744529242
Zkscan1,0.32380786799311867,-0.6010169970841672
Sox10,0.32380675954439825,-0.8215134293530514
Cnr2,0.3236225363287456,0.9428993597049118
Ccser2,0.32360733736769115,-0.7811594403261513
Gpsm1,0.32314844520272545,-0.7397340897345269
Rab29,0.3230306996210355,0.8689592117168157
Mafa,0.32220051590781973,-0.7076815662075496
Pianp,0.3216546437721369,-0.6560759046466571
Akap5,0.32163207427594476,-0.6355889380708066
Dyrk1a,0.32109487661230707,-0.39582592818397055
Th,0.321090318230812,-0.47277930058268886
Prrxl1,0.32036495297370904,-0.6105169583390989
Sp7,0.3200804906721095,-0.5403831027676803
Sufu,0.32002402548902104,0.4722286296713959
Irs1,0.31972104037906446,-0.3673006507012469
Stag2,0.31966706315124127,-0.6556849515710905
Cxcl13,0.31924525229034484,0.6539128582581762
Prps1,0.31917629539624104,-0.8624526748771322
Dnmt3b,0.3188841800644059,0.5764872915377648
Ermn,0.31871654464903,-0.8649406656201578
Lamb1,0.3184337163712242,-0.10185902052230283
Sgta,0.3182169406629993,-0.32654506454887167
Bcam,0.31821288166899436,-0.8231339613684303
Cpne4,0.3177645275793807,-0.7485284199770672
Phykpl,0.31763522030051233,-0.24317392983490285
Fgf22,0.3175022586803519,-0.787838204323078
Camk2g,0.3175021925637339,-0.7833772124666158
Ppp2ca,0.31682503585349814,-0.8981877348356927
Ank2,0.31672513963227616,-0.9065046959236556
Sept2,0.31669334230544444,0.17248509817289406
Thbs4,0.31640423124136363,-0.16804198012296806
Dsg2,0.3163119545827762,-0.4518824059023523
Ryk,0.3162611980481331,-0.8629973364817916
App,0.3161949844907189,-0.892081443541304
Atad3a,0.31611021023382296,-0.41704366515783864
Selenon,0.3158573955557893,0.6976073072400857
Hk1,0.3157204681146175,-0.5041131677935982
Epb41l2,0.31554294512143277,-0.22907583250889077
Scn10a,0.31545688335669253,-0.13816510517320338
Robo2,0.3152451211468827,-0.7298692208310666
Acacb,0.3147932558595603,-0.6274056399814184
Trpv1,0.31429604523225607,-0.20420741735537476
Pias3,0.3142778169737402,0.30311021958181544
Cdc73,0.314175476811925,-0.29893907283679333
Pcif1,0.3141693677446673,0.04780760238312343
Rgs6,0.31403690274809826,-0.8498948964065901
Pkd1,0.3139706142803193,-0.2894577851513651
Smad5,0.3138288676273444,-0.6768629884308748
Usp22,0.3137273819541498,-0.7964742372193345
Epor,0.31369520859508915,-0.6848002156987789
Msi1,0.31360231606019645,-0.69362723924309
Ccl21b,0.3130164949878027,-0.6106540095699518
Dlgap4,0.3130146426375291,0.34010712292108436
Asic3,0.3128565006486501,-0.3187134361253752
Lrp12,0.31281062200529225,0.5582286124936914
Rtn4,0.31245311141206594,0.3078672170822576
Agtr1a,0.3122632901083039,-0.5289547643240852
Pdk1,0.31165718338002857,0.591953351703375
Fbxo4,0.3112121027345442,0.728007911413465
Gatd3a,0.31085483922179524,-0.5438068294764783
Flt1,0.31039604993769404,-0.7939145674340234
Stk3,0.3103828798300281,0.014179024102168114
Mbp,0.3102992746652966,-0.7935513026562724
Prss50,0.31029773776203756,-0.6030407668140972
Pacsin3,0.310278654950623,-0.8314203213462025
Tnfsf13,0.31014928127984775,0.8354898514908373
Stmn4,0.31005963313864265,-0.7976000929236138
Prpf8,0.3098789611369977,-0.7532272263985913
Prkdc,0.30986892052310516,-0.5584529887866372
Pparg,0.309811405456542,0.26189694261446206
Dync1i2,0.3097816637983351,-0.6808194228738333
Arnt,0.3096071733792141,-0.30724910860368004
Tuba3a,0.3094451616359602,-0.3827678195826503
Atp2b4,0.3094312579335802,-0.6922631031007789
Hic1,0.30938189039885705,0.4096776844092978
Ino80d,0.30935624402732054,0.25361184743119336
Pdgfrb,0.3091418430356224,-0.23735380097123618
Hpcal4,0.3090264275724776,-0.6663809612348148
Cdh11,0.30886824473477004,-0.7413488083050953
Patz1,0.3087082185924607,-0.07024296158702084
Rxrb,0.3084964580299521,0.15487259415742163
Ptger1,0.30842202919256784,0.003015145091827439
Crh,0.30801825601232885,0.2928465327153938
Ptpn6,0.3080062385442407,0.9069521566518917
Odr4,0.30704612921450986,-0.6946779470166498
Anp32e,0.3062956800474582,-0.3950107090981766
Chrm5,0.30579491470749537,-0.4258165844859522
Rhoc,0.3057507162724817,0.7398902474800609
C2cd6,0.30569775537351557,-0.35239715922804987
Chrna6,0.30547199891845994,-0.26163628737091477
Ppp1r1c,0.3052727107025011,-0.1336429777479356
Cadm1,0.3049443691063125,-0.7438924817342017
Vangl2,0.304702474883582,-0.5112501918232888
Ntrk1,0.30426855293182203,-0.15352250878979715
Abl1,0.3042203530538602,0.022390190407151976
Coro2b,0.3037864180540192,-0.7599840443352238
Med12,0.303497315193626,0.55555342959447
Trpm8,0.30291136180063905,-0.16098298875090042
Plxna4,0.3023201152911854,-0.8402027080540454
Nme5,0.3020266546806681,-0.7482635398311325
Atg7,0.3012848269601301,0.8925575605900655
Rorb,0.3010376296487952,-0.8709533737416474
Ikzf1,0.30069504315577267,0.9137149830759065
Col14a1,0.29995413219911166,-0.22573323445681043
Cbln3,0.2999540204345734,-0.2988928823591449
Tnfrsf11a,0.2994969676105605,0.8201440893753572
Aldh3a1,0.29864690416628853,-0.23174350961987236
Opalin,0.29794887189815866,-0.8840306200387574
Sall3,0.2978976936979768,0.06042920273374625
Npy4r,0.2976735951826057,-0.4217493289547324
Gramd1b,0.29751158597718663,-0.4899145843756778
Cyp2g1,0.29751047015191645,-0.3967904519671445
Dapk1,0.2971953574541868,0.4245179460783556
Frs2,0.2969007434091847,-0.6970447534588537
Zc3h11a,0.2968047705572367,-0.01333942292711743
Mzb1,0.2967602805953721,0.4488741931194144
Tjp2,0.29657986095091987,-0.795318730925457
Kmt2c,0.29623422802621585,-0.5696692430868625
Sycp3,0.29621021937222547,-0.33960553767207985
Cntn1,0.2958745714567769,-0.7404375930682576
Dkk3,0.29541481516262946,-0.7986477472373241
Dbx1,0.29503733572648005,-0.25745319182740944
Il5,0.294967256319625,-0.3477465042560747
Tyrp1,0.29488893593973714,-0.24594176847852664
Tfap2a,0.2947981283342902,-0.5712948931073144
Trim2,0.29435689513089625,-0.899721518143046
Bbs4,0.2943378105079463,-0.8062340799394655
Six6,0.29426032159622184,-0.29159189125627566
Kremen1,0.294211007119343,-0.209094749300933
Fam104a,0.2940059394022377,0.303617329245199
Kat5,0.29399575082381635,-0.7195405832332883
Sox30,0.29268133093566434,0.029293066208095977
Pax1,0.2923506300016679,-0.5498446128573844
Adamts14,0.29225241680191194,0.7360086190147521
Nelfe,0.2921985099850466,-0.07162854381100782
Rock2,0.29155174189054295,-0.5253737177396294
Shld1,0.2913433702453979,-0.2794636334237374
Car4,0.2912487938392914,-0.7690023239994825
Ngb,0.2912223752189601,-0.5500692585798618
Anapc15,0.29086099148554434,-0.7124738767665267
Vps13a,0.2904617750001237,-0.5525366978118071
Cacnb1,0.2901769536517923,-0.6905798411244859
Ms4a2,0.2901683368968935,-0.26224918760249455
Srrm1,0.2900964919762164,-0.1803662035454141
Elf2,0.289728364683785,0.5307163253184345
Jade3,0.28918041481903684,-0.05894635210280848
Tox,0.2891603708252995,-0.7947597993226484
Pde3b,0.2890369640409699,0.6815926874781025
Ppp2r2a,0.28863060356862114,-0.7631938759581791
Ttyh1,0.28853069513274576,-0.7652069553621581
Wdr4,0.28818980832379054,-0.000746421002957007
Vwa8,0.28780121770337863,-0.12075463286864777
Mpl,0.2876972523962217,-0.5542713775139291
Tsc22d4,0.2875679144521132,0.633610482161671
Ick,0.28641627483518334,-0.7843847579283117
Neurog1,0.28634893533292466,-0.3170731917058706
Sox6,0.28625541567307106,-0.2868466497425148
Gtf2h1,0.28589825123649654,-0.1393126917016346
Hbegf,0.2858010947197121,0.452331020014775
Lpar2,0.2857847331985201,0.4216541525465162
Wif1,0.2856727440648497,0.12878406015506053
Serpinf2,0.28515581269077644,0.3428786100932111
Large2,0.28509295342686775,-0.5131174068103947
Heyl,0.2849980561462067,-0.8290742102468441
Tgif2,0.28495815033239413,0.5759552444891911
Gpr65,0.2849409913303257,0.9141329517321771
Gtf2a1,0.2845418096486548,-0.5379476069597816
Gpr101,0.28451401546919974,-0.6197646335388214
Atp7b,0.2842667282811433,-0.4901086188245814
Gria1,0.28349372343636664,-0.6902269550957318
Celsr1,0.28310929858193407,-0.01272126193661145
Kit,0.28303677140850697,-0.6946741062125197
Isl2,0.28302012342523136,-0.24210489641186006
Tfap2d,0.28255066526514017,-0.4426957580756453
Cd248,0.282453494578983,0.23080291930066496
Mib1,0.282440256091778,-0.5601632472725897
Hist2h2be,0.28240432751352146,-0.6021800742275208
Rgs20,0.28224603514336577,0.11468986361591324
Elf3,0.282182833298052,-0.07607404026456994
Pycrl,0.2821148301975283,-0.1329283534020691
Hrh1,0.28199980835675253,-0.8051730058864875
Fah,0.2816059510134842,-0.7120479281407225
Cdk7,0.2807495617774035,-0.6740318845510315
Slc15a1,0.2799064836776851,-0.5312628572426883
Gck,0.279473426795323,-0.29970122407855904
Lurap1,0.2794403302967304,-0.6803768789737359
Gdpd2,0.27934874402065235,-0.5721102228792283
Ppp1r2,0.27923616954658587,-0.7945550316633251
Jade1,0.27890979596808085,-0.6827175260396169
Pth2r,0.27884209999066917,-0.38936928156166706
Pcp2,0.27871468721239595,-0.3024015633063773
Gpr88,0.27854175240926377,-0.6449982772347078
Camk2a,0.27837902895807237,-0.6009833997136294
Hoxa3,0.2781713025610885,-0.7413037838896671
Itga11,0.2780367394502838,-0.2621339506920635
Primpol,0.27797348836421165,0.3944840092669876
Lypd6,0.27795831801805027,-0.7858301902861637
Plekha2,0.2777887934559153,0.9104179026826895
Cldn9,0.2774401923127604,-0.48469412273375556
Bcl2l12,0.27744006632614787,0.6537604498838512
H1foo,0.27705787805279997,-0.15178204076703145
Pla2g6,0.27705590521962997,-0.3227724261085156
Eps15l1,0.2769047761534031,-0.11404781156231081
Fam136a,0.2765426875070956,-0.6121592830725903
Alox15,0.27634768045227415,0.2045868580492715
Grxcr2,0.2763284941020421,-0.23178277186076326
Mtmr12,0.27614556467562285,0.6506443675097366
Tln1,0.2759432545518506,0.7989641461656602
E2f5,0.2754634400139625,-0.6528900090865923
Cd81,0.2750183947876201,-0.37210411319811076
Hace1,0.27495828335193806,-0.7515177543765812
Slc2a2,0.27477438990381237,-0.1713681996505134
Adam18,0.2738350156848907,-0.5790575313463254
Wdr45,0.27376425302623064,-0.6327701607163829
Sdk2,0.27342760101803076,-0.7917794115296172
Ndst1,0.2733742755404555,0.4294144428242244
Kat6b,0.2733635529038075,-0.6833924017028388
Ly86,0.2732877208478015,0.7934437844477003
Kansl2,0.2732591591309834,-0.7147768361675125
Chrnb3,0.2731872156115611,-0.3631777515278454
Usp2,0.2731468208031776,-0.062348978097594335
Tbx20,0.27308978781072324,-0.3918525598703626
Jam2,0.27308629606628515,-0.7007154212223328
Srr,0.27263736644381154,-0.7335247678285312
Cflar,0.27263509660021795,0.7344332565831582
Ar,0.27253547288664454,-0.8935219276410372
Brpf3,0.27240433725539487,0.20074756740540875
Mboat1,0.27215753480645066,-0.8875293393422214
Slc47a1,0.27207769778912577,-0.09613243745986029
Srpx2,0.27192864157303254,-0.14157323258764085
Cyfip1,0.27136143071691865,0.4942293081887869
Chmp3,0.2712419030998731,-0.8037295599427547
Foxo4,0.2712283466499312,-0.20926252610834145
Galr2,0.2711973186036213,-0.290637785608239
Chrnd,0.27112328449019574,-0.189501031984358
Ctr9,0.2707925650808517,-0.8159745866043121
Tbxa2r,0.27054342031239587,-0.5194678984878343
Nes,0.2704294272960078,0.05598488117820631
Brd2,0.27033982490519903,0.6016967919928972
Nubpl,0.27004638249673474,-0.481522932010077
Kdm8,0.27001910094714976,-0.7642711527930804
Nppb,0.2695197439537879,-0.267141852310654
Hhex,0.26918969130798137,0.913418760951469
Trpc6,0.26872254115346367,-0.5253020387825689
Vps72,0.2683621337547949,0.5064587190167822
Ntn1,0.26806009607393677,-0.43599417483981273
Icosl,0.26787263251201704,0.874206358158438
Sox2,0.26779444290025695,-0.10426070530755997
Siglec1,0.2668562932166555,0.8705733421772291
Pcm1,0.2667628564081184,-0.7358682849944334
Foxo3,0.2665894897593033,0.28659447604432486
Ephb3,0.2662783416744566,-0.6114762491350102
Smc5,0.2662614802253326,-0.34876828362674855
Mc5r,0.26578191554888914,-0.23373969835700892
Vax1,0.26571208560340426,-0.15982325210626255
Cln6,0.2656133383112994,0.9295193074089633
Gh,0.26524302696809,-0.31864797579096177
Foxj3,0.26422234854601373,-0.6931717227742126
Gna13,0.26372042848817684,0.45370052129984384
Lmx1b,0.26364152218238296,-0.6156836803458714
Cideb,0.2635702961150406,-0.8338793511627032
Pwp1,0.2632767884714788,0.6366064178050633
Ebf3,0.2632250613875336,-0.5920304124126223
Zfand2a,0.26313029211367794,-0.487659837451946
Vcp,0.26291681740995404,-0.4510356015631526
Riox2,0.26289040903443445,0.7432542393589078
Abcg2,0.2628054524261899,-0.693806683940622
Chd6,0.2625613176792577,-0.7534493488376541
Mta1,0.2623685624462881,0.5158159635383905
Agpat3,0.26225335956532064,-0.8438158611286237
Kcnh8,0.2611935063342842,-0.7712168847619806
Thra,0.2609549294368335,-0.7757879870949648
Snta1,0.26069971909569084,-0.3362321855076385
Spaca9,0.26027380992187027,0.7509814858765506
Crygs,0.26027115562222275,-0.026401620194043754
Alkbh5,0.26017555418712457,0.11917298994426474
Ptar1,0.25975525309107256,-0.7984571152869611
Ninj2,0.2597305156682859,-0.8040552778691621
Cd86,0.2596529136666953,0.8718437761144285
Hdac8,0.25936132924700467,-0.7482564341591649
Stab1,0.259285233429571,0.9391967847296617
Pllp,0.25913888621286435,-0.6715773064995645
Runx1,0.2588330997035791,0.8593087277446616
Fbxo21,0.2587473843045285,-0.8629482152184428
Ckb,0.25839005761878686,-0.6775680998192325
Gfpt1,0.2577869682634682,-0.0028900596454702397
Gja3,0.2577462200333907,-0.31170205167853215
Mllt10,0.2576671847645814,0.4557476923319871
Usp47,0.25680152042974896,-0.4354207834996383
Osmr,0.25654507916353053,0.3221189176450221
Nf1,0.25637531728765406,-0.7717507658027202
Drosha,0.2556226000989551,-0.9048614716917908
Rad21l,0.25541530838227544,-0.3692401163130256
Dpysl3,0.2551292911535605,0.2835361711498158
Tead3,0.2544554621772778,0.11536349932105686
Nfatc3,0.254090489503418,0.48430742311170155
Axin1,0.2540504529698065,0.6257865870114652
Trim17,0.2540444282446407,-0.5022655966793075
Slc14a1,0.2539050449629348,0.18810104031515612
Cebpg,0.25377407903136184,0.3412949424557896
Abcb1a,0.25366499356494354,-0.7787936081564223
Anxa8,0.253242496444342,0.09456355942197399
Pdgfa,0.2528073243104933,-0.5274686047330073
Mmp7,0.25275201728932223,0.39318969624607036
Kdm4c,0.25220189037000385,-0.6812401021646277
Ccp110,0.25122799448234523,-0.8505238212645215
Aldh1a2,0.25122306651342174,0.44395840400573217
Anks6,0.2510762217051279,-0.2926828546614685
Boc,0.25039496728554683,-0.5160300991838096
Eps15,0.25027873663683314,-0.8726221279459173
Inka2,0.24980527655616117,-0.6511261838726401
Igf2bp1,0.24973892702954176,0.004969318980920135
Cngb3,0.24956436761932307,-0.3908842855738656
Taf11,0.24943837114768622,-0.8634025139021374
Ctnna1,0.24917763822559486,-0.013086530910912053
Rspo3,0.24904720872896344,-0.594422839102522
Isl1,0.2488857476040132,-0.3334405439124147
Dtnbp1,0.2485029574193596,0.7294130864595374
Maoa,0.24815880444758492,-0.8468428110364632
Aldh1l2,0.24806311130852446,0.3798433830222788
Apex1,0.24802406179309647,0.087502822910412
Fgg,0.2480209423692393,-0.409682423497762
Cyp2a5,0.24798377289885734,-0.14716325994621052
Gjb6,0.24794381260936435,-0.8270787582294519
Nt5c1b,0.24739335644051816,-0.5528473326792085
Kitl,0.24738049212673227,-0.6736659958048434
Nipbl,0.24714401835621894,-0.09672303585816637
Gnrhr,0.24647372618474553,-0.4016313250407465
Sirt2,0.24537786228355724,-0.23373258660798535
Mia,0.24537113117574993,0.2423869774471476
Xrcc1,0.24506099162273629,0.7394407158970813
Cdk5rap2,0.24479221797152298,-0.10673293383012061
Folr1,0.2443671802875413,-0.3635061074993198
Pcsk9,0.24312225039492621,-0.4719221469669768
Hspa9,0.24279832036645507,-0.7412040636697487
Ffar1,0.24241939090447553,0.6686833432959403
Lmna,0.24154327475236398,0.2781325797679174
Slc9a4,0.24074676570183973,-0.29757354118457396
Rsph10b,0.2407014842436576,-0.7845773063877904
Nox1,0.24037099464658299,-0.43006989744754065
Atn1,0.24014888322770261,-0.7023358710003966
Kdm6a,0.23979044646161488,-0.3839599453549041
Ncam1,0.2397023063946639,-0.7923472836309716
Gcg,0.2384979602238294,0.02766643463712909
Ehmt1,0.23777479527625736,0.4144853947215813
Osgep,0.23775652049639268,0.35492699326908117
Adam17,0.23754306562748417,0.8281337028554934
Ap3m2,0.236986164863865,-0.7141076051450904
Stat6,0.23687670301585406,0.8793204982856045
Slc6a8,0.23670376577494068,0.06670482688360384
Sox8,0.23668697732332625,-0.7136285166529993
Tmem106b,0.2365626232464204,-0.7850884911051833
Gckr,0.23609698373134197,-0.32695873099525713
Meis3,0.23582174373764914,0.43532148695277156
Fut1,0.23560041637098192,-0.16523888390091035
Clock,0.23554822409213577,-0.6871260191866588
Cbx1,0.23537837893536798,-0.1430698716440189
Fbxo11,0.2348660306991533,-0.7201780485019463
Sntn,0.23461766572024587,-0.5385361616395117
Hoxc6,0.23453718464633422,-0.7290309536551998
Cbx5,0.2342445464134962,-0.8489044782410293
Insm1,0.23352238257224764,-0.457192935907381
Lamb3,0.23349695630457779,0.4503023075620671
Syt9,0.2334525016967818,-0.8378399808767975
Bbs7,0.23339454631043524,-0.7684190743048559
Il1rl1,0.23327014468528576,0.7798328054590653
Fbxl4,0.2327908575189862,-0.8378624012118285
Ivd,0.23265463337167158,-0.7208619559404815
Snai1,0.23226092952776659,0.5317940860237806
Ntrk3,0.23149074617964976,-0.738626146064814
Vps51,0.2312970425620357,0.06899329268726527
Lamp2,0.23123483222479208,0.2846081901863242
Tmem259,0.23045586836336593,0.10145307388565918
Mst1,0.23043041620078428,0.18252048724259823
Atp1b2,0.22990881234672672,-0.7641251639607061
Trim28,0.22970191821776634,0.5949797143574328
Ubr5,0.229559795516204,-0.47766740294412147
Ppp4r3a,0.2294604798590523,0.6314440521589495
Fyn,0.2291967535080994,0.3109451966306264
Aspa,0.2291781702491538,-0.6822196882450289
Vcl,0.22870269211622415,0.09253942461611493
Fbxo3,0.22864153319266103,-0.864115164633216
Mapkap1,0.22819247344712895,-0.6240734580908439
Rarb,0.22803667747370893,-0.23039556999955238
Myo9a,0.22789160006090545,-0.8243101939320513
Htr3b,0.22788014803479426,-0.26434703584750396
Gaa,0.2276500373410112,-0.31526384079146463
Dct,0.2276346558049463,0.057546463903513305
Cpeb4,0.22743699500346934,-0.7839246553698912
Mapt,0.2272408613943631,-0.8480863434215532
Cpsf6,0.22671453267707475,-0.4393212308660663
Frmd4a,0.22650963194995208,0.7695675162384472
Mdm4,0.2265068019922968,-0.419664096168122
Map3k11,0.22593874783077736,0.35246488275520366
Igsf11,0.22592327926515954,-0.6985539833188507
Kcnt2,0.22561307197662528,-0.7079603089643621
Col7a1,0.22551325158184388,0.7898862985065195
Rptor,0.22536890127480305,-0.26185042110666007
Ticam2,0.22511665067105044,0.8922268610826966
Parp1,0.2248851447451961,0.8140203303397303
Prkcg,0.22480012745923286,-0.6594501221038858
Sncg,0.22459763548825804,-0.46370605769644063
Carns1,0.22441000436620606,-0.5899840061473731
Batf3,0.22399262924710167,0.9127608491477548
Gla,0.22377658166301334,0.8415224046244946
Slc25a31,0.22288757005666426,-0.24520643547841076
Actn2,0.22286191929094964,-0.5788070925286397
Hdac9,0.2227821307971438,-0.6791041366698869
Rapgef1,0.2225603972359573,0.4170691711568032
Kif21b,0.22253450837160055,0.54601716390315
Aim2,0.22222065097551622,0.6692971535387714
Gart,0.222181815443453,0.43229630403120795
Gpat2,0.22204195179439665,0.17980520980170542
Epha4,0.22157772691397432,-0.8659268531297153
H2-K1,0.22133311858967866,0.8923227186785438
Kat6a,0.22109650347922263,-0.029311704866128115
Celsr2,0.2210692920956902,-0.8415941779110349
Hoxa2,0.2209740821756837,-0.5447932625715721
Dicer1,0.22069203424597997,-0.3640423907715229
Zfp148,0.22021630928948385,-0.5079623556342344
Cdk4,0.22010011816244146,-0.014066495754185738
Twf2,0.220057786544324,0.9185059934882115
Mfap5,0.21946636723327798,-0.34348896384416955
Dlg3,0.21942953576609872,-0.8406600220697021
Muc5ac,0.2188528161219176,-0.04735805703555386
Dhh,0.2188076026126149,-0.48662579537612377
Gna11,0.2187133651220858,-0.840496264421
Syt6,0.21856415680013397,-0.6812122889041652
Neo1,0.2184603303386977,-0.8351762769151053
Fam92a,0.2184497396798875,-0.8114507065943634
C5ar2,0.21803731397623968,0.8666986300066132
a,0.21778421648331928,-0.4416351309725627
Crygd,0.21761357387994873,-0.030825648811547687
Fras1,0.21727020441567088,-0.4833833917447663
Btbd9,0.21695057072510698,0.4148057004246553
Itpr1,0.216896997022187,-0.5067523791877699
Smad1,0.2167387863573307,0.04737841293266995
Gpt2,0.21672840195476567,-0.6712222189334489
Smurf1,0.2164153605881665,0.34720860559224087
Agr3,0.2164048374980102,-0.6477320114338233
Nfe2l1,0.2162653715286512,-0.8787899589664846
Gpr149,0.21606316710577483,-0.7435423149081389
Hnrnpdl,0.21600506326853583,-0.7689786575553321
Btrc,0.2159698439249026,-0.9053438037405361
Pou3f2,0.21580719645983054,-0.8500838849432318
Cldn8,0.21551504307584948,-0.2665362939898587
Klk8,0.21480268538333014,0.8237718408278467
Foxp1,0.21447508965038473,0.5110025869020347
Gldn,0.21446210935664597,-0.314184339525637
Smad4,0.2144171666792315,-0.12052827155080623
Lyst,0.2144070936220713,0.7992018086161864
Pias1,0.21438740459376984,-0.3439702792539959
Atp4a,0.2143599312139594,-0.2177316993845664
Slc12a2,0.21393548758793723,-0.8517746499409189
Plgrkt,0.213913729409239,0.9416250269839236
Pbx3,0.2135167282887371,-0.8860908614780707
Ntng1,0.2134256852526176,-0.9008046259904064
Pfas,0.21321805302467872,-0.4439059446153285
Adra2a,0.21320953553037408,-0.1690017158340729
Arhgef6,0.21290439412734663,0.6793077054481795
Abcd3,0.21272200101955502,-0.6967439220924675
Cln8,0.21220136206541537,0.35014904681244213
Tlx1,0.2121126002681712,-0.4242840626746418
Cd209a,0.21160882105496442,0.30508711714451997
Prdm13,0.2114482120455166,-0.3372175174222848
Apc,0.21132659553336483,-0.8740737693309025
Pitrm1,0.21123535490485032,0.5925820947028095
Hif1an,0.2111993797420422,-0.5165888654668424
Kif1c,0.21101811010209517,0.5717892211991922
Tceal9,0.2109920494172381,0.35113429222913733
Tppp,0.21096182589898052,-0.8084299473268224
Tas1r3,0.21061417966271775,0.1672131290022363
Tmem108,0.21057009860418063,-0.5939146633715389
Cbfb,0.2104879259894112,0.4748340084232328
Pik3ca,0.21028310420462476,-0.454039145069011
Nmt1,0.21021534373758027,0.6554049654053148
Mfsd2b,0.21011957029622114,-0.6326654446979592
Ptges,0.21011887181323602,0.3507830894456152
Coro1c,0.20992750953801673,0.8086619350885811
9630013A20Rik,0.20991224507486594,0.3978031994910761
Ednra,0.2091945678936233,-0.6093163529724436
Pick1,0.20883645704830994,-0.5398363560196129
Tnks2,0.20880140028814034,-0.5575519514801617
Adcyap1,0.2086631618541959,-0.5180124055748498
Fam210a,0.2086487568995092,-0.7699641327000516
Prom2,0.20860012530595162,0.043574023824238584
Eif2s2,0.20856242457682364,-0.5368499289761733
Omp,0.20807849063588305,-0.6157197845636855
Crebbp,0.20719351584719523,-0.4797439581761658
Mmd2,0.2070431127128052,-0.4343912426326714
Scn9a,0.2066356772981376,-0.2367895698785213
Kdm4b,0.20616492698981972,-0.5438539819660557
Rab38,0.2059395885438365,-0.5728364573162262
Tcof1,0.205205222503782,0.7359771722679547
Crx,0.20499313212243167,-0.558167693301902
Fam210b,0.20426758544564866,-0.7627548269098523
Cul1,0.204228323489117,-0.7671570481203812
Edil3,0.20419778411523565,-0.8268568445375784
Tspyl2,0.20409828145743503,-0.781438339673839
Trim36,0.2039739696670838,-0.7592863873934496
Pitx1,0.20325728737009316,-0.18605585782338502
Tgfb1,0.20317204897851948,0.6664294861804515
Selenos,0.2027197347399677,-0.448713015634438
Ripk2,0.20266991971510534,0.4950733007488027
Gpr6,0.2025935719748833,-0.4718534114369913
Hoxa4,0.20257989774883486,-0.7606159921306247
Ppp1r7,0.20230227874001125,-0.6195276260722492
Msh2,0.20218414377723207,-0.7604262053336043
Rfx5,0.20214721403297745,0.4024158968075304
Ube3a,0.20200932498305843,-0.6914726051424985
Sec23a,0.20165752624700956,-0.8021275395965479
Sfrp4,0.2016535559416123,0.23138514741715646
Rnf220,0.20109622290774126,-0.7474619831879176
Jag1,0.20096046600143191,0.12341350462511637
Camsap2,0.2005653139732395,-0.8165797123762502
Smgc,0.20049997216097132,-0.07291248959455363
Camk2d,0.20025926002504507,-0.36651749590893257
Nsun2,0.19970843287996654,0.3052410742454123
Mtnr1a,0.1997031795101302,-0.4362480220371234
Tsc1,0.19954029025398076,-0.7640871157092852
Cd44,0.19950454843906482,0.6813697644366107
Stra8,0.19928977360983044,0.439165645490623
Sdha,0.19907691185681525,-0.867260903874212
Eea1,0.19904158269567848,-0.09173272164072918
Ddc,0.19901702959272607,-0.6222854245983984
Cybb,0.19896046394616906,0.9064967452528572
Gng11,0.19881629030725173,-0.7340502189653514
Pde6g,0.1985135583161392,-0.3679924262544736
Limd1,0.19833355583587023,0.8345676604819671
Polr2b,0.19808939962275052,-0.8422605597490351
Atf2,0.19801249649027378,-0.5860278011409347
Fmc1,0.19800013617613463,-0.8465045607939081
Pou4f1,0.19762365224767398,-0.4940229454985006
2610035D17Rik,0.19752332267845318,-0.5389829589507354
Sin3a,0.1972238630215331,0.42796465387424404
Fgfr3,0.19612378839034095,-0.7423835868243145
Map2k1,0.19588561185581047,-0.34074033820426136
Nox3,0.19542759706696894,-0.24050216655904014
Cux1,0.19513803530338927,0.2932042678349512
Irak2,0.19503248334764123,0.7585552881315243
Klhl22,0.19491071099895765,-0.6748178399335915
Whrn,0.19471065692458123,-0.7352416247989021
Hopx,0.19430790197230527,0.5185745976282355
Clcn4,0.19423148343360255,-0.7514612944458421
Cep164,0.19415538078732048,0.24705909411537724
Inpp5e,0.19399237625475022,-0.04856028369637886
Rsf1,0.19367152299331916,-0.1492390621185538
Anapc11,0.19344982101803115,-0.3836216733630126
H19,0.19343336095650154,0.009585102562054117
Kiss1,0.19327127136372413,-0.24335588942931108
Aqp2,0.1931458449792464,-0.1973878190743164
Cyp2c29,0.19262759313396863,-0.18767784059115883
Calb1,0.19244570764224184,-0.6425626134946562
Acss1,0.19233319934524776,0.2567836721905776
Mt2,0.19155836485819958,0.6256729332900105
Cic,0.19150839302483363,0.6499741745717841
Tbpl1,0.19146519558704492,-0.4638143976019367
Dlg1,0.19142348193789221,-0.7924865885301557
Smarca1,0.19125081036778124,-0.8524116500400618
Myc,0.1910414749715922,0.7342129985722055
Trpm6,0.19103967420255774,-0.2523961861071274
Tac1,0.1909148981166937,-0.4490249023264699
Nfatc2,0.19072509847413005,0.8942591618527587
Acer1,0.19069901543816298,-0.12912135481589465
Btk,0.1906705087461237,0.9044151057591147
Exph5,0.19041112862693038,-0.7360954077086558
Camkv,0.19037246538655045,-0.6460946778260978
Bin1,0.1900003979628405,-0.8081987355519786
Wdr34,0.18959741521742818,-0.6147934377264059
Trim33,0.18958882385021603,-0.5394825971788644
Tpsab1,0.18951903285985555,-0.3815949174856065
Spata25,0.18936865610056916,0.12216921004781613
Lhx8,0.1892157001852828,-0.4720495532288397
Kmt5b,0.1890473667467124,-0.4939675457071542
Krt20,0.188938313955783,-0.3395726026217392
Alg13,0.18893747016254023,0.05682350425587861
Pcgf1,0.18864210559487418,0.13073535235733405
Anxa2,0.18848429746765513,0.6760025084178561
Prl3d1,0.1882651786819931,-0.027540664465737413
Cdk8,0.18804548544828548,-0.5714362892515835
Ascc2,0.1879943639471575,0.7073139810144172
Tbck,0.18797413093698118,-0.5887611397843332
Sostdc1,0.18775820186704525,-0.3337967179607457
Frzb,0.1877126958636523,-0.7447065423411798
Pak1,0.18745548783900373,-0.8708210873807747
Minar2,0.1873567141653132,-0.8753770539262058
Kdm1a,0.18717016694613386,-0.2770036928876566
Mycn,0.18713656164565312,-0.7083858763832217
Efnb3,0.1868108317460947,-0.726817821668768
Ep300,0.18668732628073065,0.3424380660761266
Pyroxd1,0.1863065402176642,-0.31919854634399353
Dusp7,0.18625681308748704,-0.26202337196197095
Neat1,0.1859767339342938,0.6734986779038952
Rbpjl,0.18533748563253183,-0.3135983444731443
Pmp22,0.18493687070063428,-0.6538028705759868
Ighm,0.18472346487581914,0.5039054109467661
Crym,0.1845600540300307,0.9154099784237997
Dmrt2,0.18417461169713428,-0.5272228690380266
Agtr1b,0.18398319196792196,-0.37916952996187026
Bbs1,0.1838207836892612,-0.6049763628143916
B4galnt2,0.1838173647251187,0.6192320112569897
Snx6,0.1836576436441724,0.2577868741804277
Cnp,0.18363052778007355,-0.8527069183186925
Fli1,0.183445770844097,0.9266394827311413
Cftr,0.18341660571953936,-0.6885125201810085
Gja8,0.18333301901424445,-0.20843188377995128
Sh3gl1,0.18289497823103182,0.4462998262791631
Zbtb4,0.18264373117856575,-0.34374033424479367
C7,0.18251758085390538,0.32238398227425064
Lrrc6,0.18203773821080912,-0.70825618061169
Acvr1,0.18200266412291657,-0.15681860270620224
Tas1r1,0.1819695614629321,-0.2090465360369671
Hoxc8,0.18193920269906466,-0.45636785673282976
Lrp2,0.18185374565713444,-0.49299503666023087
Gdf10,0.18139155407850657,-0.5390276385549968
Capn2,0.18136392145772853,0.18280930398466672
Sox4,0.18124703105701054,0.9183030754957637
Tecpr2,0.18085017005310017,-0.7689530425234424
Crmp1,0.18060870691702172,-0.8167261123409223
Bach1,0.18047260524057007,0.8395772178775208
Gtf2e1,0.18003490065727307,0.08356424957244332
Tgfb1i1,0.1800033937492815,0.027109955744391474
Adgrl3,0.17827462045214457,-0.8895274843082679
Fabp3,0.17811816106176462,-0.7863913539483196
Tmco5,0.17802297763393485,-0.20549552010781746
Smtn,0.17782277817185158,-0.6224952525036295
Ccnt1,0.17773321773868003,-0.13066077854030067
Kif1b,0.17773056827870043,-0.8769589796895013
Il10ra,0.17756266713891958,0.8929739218870826
Wwox,0.17730142460635662,-0.14679683127309465
Ifngr1,0.17683799885766446,0.7321739035913476
Plk3,0.17651194084450356,0.8008456733759838
Cpt1c,0.176399579847438,-0.5238011222885953
Mmp14,0.17628226646093315,0.9009804989258086
Itgb2,0.17626019820756586,0.8740882100407943
Csnk1a1,0.1761325870718433,-0.6745155016831372
Cd53,0.17582485050527055,0.8340164557519407
Mbd2,0.17578577035175258,0.3396206360590167
Hmcn1,0.17520555339094449,-0.7884390304921685
Zdhhc2,0.1751326057487008,-0.47026979892710813
Ldlrad4,0.17507828064075182,0.07487243242120092
Mybbp1a,0.174738072853246,0.6757384791096985
Prodh,0.17471805253150857,-0.5496886158177768
Washc5,0.17450760655111477,0.43725395612079243
Bcr,0.1743255161440233,-0.42572217339827845
Il22ra1,0.1742642099500804,-0.1189660484498029
Fbln2,0.17422942697099156,0.7633852411964303
Kmt2e,0.17315605634085257,-0.39963251397649674
Mbtd1,0.1731300542943821,-0.1901764332768406
Smap2,0.17312505210597742,0.41931795976453273
Pcbp3,0.1730725081132842,-0.75365976903251
Nkx3-2,0.17260820674589494,-0.15153974664710562
Twist2,0.1720896097737244,-0.28093764310048847
Ccl21a,0.1720412851466017,-0.3888228671713073
Ilf2,0.1719270847058914,-0.8894328273422905
Braf,0.17183818554665842,-0.8206769643476627
Thbd,0.1716991719490044,0.019055126951646007
Garem1,0.17129103480260716,-0.9114755476896028
Gabrg1,0.17108658204630187,-0.7932315247246334
Cyp7a1,0.1709327674652839,-0.16232475002045604
Nbn,0.17085197251621795,-0.5354431383321988
Ifnb1,0.1707919496278796,-0.07350081281726721
Nlrp6,0.17078967759297822,-0.35063807244836803
Hnrnpk,0.17073309318044488,-0.678617247831307
Flt3l,0.1706119881578703,0.6081123156869251
Fbxl19,0.16964777627077438,-0.00455108473396353
Cetn3,0.1693145164350366,-0.4595668389504519
Rhpn1,0.16919019894284537,-0.5738987059512299
Tgfa,0.16906626324178578,-0.7359230582276711
Selenoo,0.1689416158921626,-0.3589688069784076
Trpm7,0.1689001599702018,-0.3493023761323366
Ufl1,0.16888248894614122,-0.6330794665006511
Smpd1,0.1688724045121352,-0.8150986029749006
Nlrp4e,0.16878445700867564,-0.26350836566792457
Ahi1,0.16870141777262893,-0.8344436809426806
Gnb3,0.16858035594832685,-0.39620147519120896
Rxfp3,0.16856708544134955,-0.33531085240341507
Pdgfra,0.16828444810281004,-0.25417945339460046
Thap12,0.16814003194832894,-0.6004254526886259
Cdc42bpb,0.16784714275090065,-0.5137106501246276
Myh3,0.1677750611729799,-0.26639494220769755
C4bp,0.16772432207072982,-0.3653617273220544
Anapc16,0.16762488201930073,-0.7072523255965203
Itln1,0.1675259988082843,-0.04954978688421486
Grhl3,0.16748982543645977,-0.5758099720865331
Megf11,0.16743307603466911,-0.7468937638115107
Slc5a2,0.1673244769171036,-0.21733329326299594
Pias2,0.16684288135262856,-0.9250381521317915
Ccn1,0.16650027053802366,0.04367152590906407
L1cam,0.16639263181983271,-0.5246967562313026
Acp2,0.16619197586423892,0.8950564135169843
Thumpd1,0.16590323059680404,-0.7443101710405369
Ifnar2,0.16580256330419418,0.9266584257829633
Mbd5,0.16532751094215156,-0.433901325619519
Slc26a5,0.16529767890399175,-0.520789671340664
Slc6a11,0.1648391428797526,-0.8436150941522332
Tbl1xr1,0.16471652312150156,0.2396183878772658
Ago3,0.16439782182116328,-0.7215783691552969
Taf5l,0.1640144632046853,0.21093345188998505
Vps26b,0.16389811946362712,-0.8018775169124336
Ap3s2,0.16332267661997252,-0.6537760978592605
Ptprc,0.16331147739675692,0.837987374162697
Rae1,0.16314499395378707,-0.2936061596968237
Hoxb3,0.1630638018417628,-0.5065133262510645
Sdr16c5,0.1630237603233953,-0.002361525665112667
Rhoj,0.16275118807650985,0.26590459743002615
Msn,0.1627290464492841,0.827631862260973
Galnt15,0.16205560278668305,-0.0191666816790834
Sptb,0.16118481124605366,-0.8854954657341086
Hdac1,0.16098061077602832,0.23457960501673905
Kdm5b,0.16095194264868712,-0.835735221596755
Mip,0.16052574938962005,0.0643767126351307
Nr1i2,0.16030803315463626,-0.3113057460167965
Chst8,0.16026619226938632,-0.6153274640384403
P2ry1,0.16003538885454116,-0.7973603016983342
Serpinb3b,0.15967178909245028,-0.40317658658365496
Smarce1,0.15931419714224404,0.17920339683444794
Wdr59,0.1589775968807474,-0.850705837573207
Hoxd1,0.15863504359516375,-0.44939798791345653
Vit,0.15836832963861958,-0.7350559329740316
Adgrg2,0.1583218237878187,-0.675633496750834
Nmu,0.15829668142519382,-0.5545574070064162
Neurog3,0.15821863569140898,-0.38554912868404606
Pax9,0.1581994608300267,-0.358742108461591
Amfr,0.15794244968477647,-0.1849743454347914
Rnf19a,0.15777458755014284,-0.33161426391332877
Cdcp1,0.157769467996509,0.21647897645912334
Trpv5,0.15773163177822808,-0.14866588575595124
Plcg2,0.15742535667964683,0.8609303077572825
Ankrd13b,0.15736980037599152,-0.8440923283591235
Prox1,0.15723846829481272,-0.651094872174241
Rif1,0.1572003748438985,-0.6101825454709432
Nck1,0.15717663994791126,-0.31891309826043246
Tdh,0.15692829078567655,-0.2657442757640524
Xist,0.15662177618680642,0.16379360654287853
Galr1,0.1563590422848655,-0.6931562562377241
Setdb1,0.15632778773581119,0.22486707625469288
Prkce,0.15631222612672627,-0.770597013044704
Tbx4,0.15610306040288577,-0.5276144665209257
Trim29,0.15575736070089924,0.6217253686422349
Rras2,0.15575009957779584,0.7480476882192468
Zp1,0.15566009676662504,-0.08209179680180664
Ggps1,0.1549304148580187,-0.7273254599842449
Vav1,0.1547679341905307,0.9138080532972048
Tet2,0.15459202491283752,-0.028050404825958396
Sh3tc2,0.15446186006419937,-0.8442975267798843
Gpa33,0.15442221147811377,-0.4488210325767684
Bmp2,0.1540326132002477,-0.6376863638507966
Plekhg2,0.15392157977973456,0.3244013373082367
Kdm1b,0.15389347767620604,0.8621557755525474
Pou4f3,0.15388828123306503,-0.43501081571767386
Irf5,0.15387585125977865,0.9054306221778634
Ccdc130,0.15350522559761373,0.060930145641442
Npc1,0.1533418174261756,-0.507851152443771
Cnga2,0.15319477315373412,-0.5968620103667094
Memo1,0.15294608788585934,0.0758381959910391
Atxn10,0.15275715499752346,-0.64076800593123
Ccl11,0.15256846575435692,-0.009112949205548396
Gucy2f,0.1524643811165574,-0.34961341622184267
Sh3gl3,0.15232012554467175,-0.682168278634879
Ccr10,0.15202227704723376,-0.5262034213907908
Ptprf,0.15186934769194207,-0.620927962597527
Etnppl,0.15164104699334327,-0.6101902311205688
Sst,0.15145670058762772,-0.6291090346502445
Prrc2b,0.1514241476933844,-0.5878966210321179
Bhmt,0.15138243658861505,-0.5057602354844667
Hoxa7,0.15087316681103574,-0.8305486249660071
Il23r,0.1508720000150122,0.6567777469557063
Cep104,0.15067943310824788,-0.8771160522753135
Lifr,0.15053623970160857,-0.8138089537317018
Ube2u,0.1503130544260804,-0.3453458980006126
Pkn1,0.1501477580556001,0.8942387065107865
Grik1,0.1496997424696539,-0.7495820900345735
Cln3,0.14877251548289297,0.9068518654647381
Etv2,0.1485555317881639,-0.2819253185062175
Bbs5,0.1481854602896608,-0.6421725579194478
Ptprz1,0.14793690167646614,-0.7521057510149979
Ctdspl2,0.1479340643627891,-0.47054163878717353
Cnppd1,0.14770829238645544,0.8652348588910096
Tex19.1,0.14746282543137385,0.020234150548368385
Hoxb5,0.1471763152846755,-0.7548450605175084
F3,0.14707318931427257,-0.7003382191769927
Plagl1,0.14706918968612978,-0.5535164365469234
Mpp2,0.14660067012983052,-0.8329852266846354
Zc3hc1,0.14654523539957168,0.10282299879395546
Ring1,0.14654110507092483,0.012861207817628994
Glra3,0.14652603365351885,-0.7453435716953353
Eif4ebp2,0.14626037200432934,0.7897574326848792
Prkaa1,0.1461200708091287,0.12938967319360886
Celf6,0.1458240066398029,-0.659162475110353
Bmp1,0.14571258314096058,0.7285707566665331
Gigyf2,0.14554380031498554,0.003942662581267857
Vldlr,0.1454278445044959,-0.8452086763117856
Sema3e,0.1454260971100118,-0.7841781920672078
Rab43,0.1453043874682286,0.891615586775643
Ucn3,0.14522215859891116,-0.4110338499431501
Phf3,0.14500657197477798,0.13132268663424493
Clk1,0.1448255826615566,-0.6081667076218706
Prorp,0.14480222746615443,-0.12901593562082858
Sycp1,0.14394840208458642,-0.18524193836228278
Mov10l1,0.1437520085390522,-0.3191213240016159
Map2k5,0.14374436745181593,-0.7070126213618266
Sec1,0.14360954968937084,0.03253678180317202
Gli2,0.14354935805435168,-0.6849361430880184
Srd5a3,0.14353671614840094,0.5764641029369102
Adgrl1,0.14343612239386175,-0.8813059987465632
Arl13b,0.14339890742599384,-0.6430706416803396
Dcaf7,0.1432767442969916,-0.7130119688659873
Ddx42,0.14269568008412148,-0.44539299655812686
Tph1,0.1426452318304036,0.029333345209308387
Dpm1,0.1424620515748989,-0.6311311441129437
Snap29,0.14232774112512506,0.2171308025698269
Chia1,0.14222927734943455,-0.704335945300805
Trpc4,0.14213360470192862,-0.671710399478764
Ccn2,0.1413280233511205,-0.004244863941343801
Trpm5,0.14123618380900693,-0.06332015920689481
Golga2,0.1411487192202105,-0.283091768934594
Egln2,0.14075643746711744,-0.6380914242959491
Meiob,0.1406761271336369,-0.10224378088988431
Hsf2,0.14038221420897387,-0.7786869548185431
Aif1l,0.14004138043543563,-0.8263861528236728
Mplkip,0.1400305643493749,-0.46795983843041844
Phc1,0.13963991322050634,-0.7501645329864158
Loxl1,0.13959889438304507,0.6289233732754775
Adcyap1r1,0.1395640423144943,-0.718772540754001
Cyp27b1,0.13932552589274969,-0.2072022808005823
Blk,0.1393064627148645,0.641877747712703
Tyk2,0.13899119356408265,0.9168585071634338
Foxn4,0.13890054862472426,-0.3149903831457185
Ankle2,0.13856657897733476,0.8951079420414833
Prdm9,0.13764464459497328,0.5705861686557481
Rho,0.13748398925657185,-0.6733945440384729
Nhlh2,0.13740369208461958,-0.7599910381165886
Slc8b1,0.13700704050436105,0.8851026424584526
Foxn1,0.1368227452886586,-0.3521284199724582
Cldn6,0.13656100264682317,0.13253407142191626
Hes6,0.13649371345618394,0.8744408418582309
Epx,0.13647693001050232,-0.5991582683010735
Brd8,0.13623221661994045,0.192397033223048
Sdcbp,0.13582490501159525,0.8143655181965066
Ap4s1,0.13564533556711256,-0.9048411070495962
Lgals1,0.13557973223712533,0.8218413283702102
Ncr1,0.13556404928221513,0.712734458847983
Naa15,0.13556341678980574,0.014358801367996582
Smpd3,0.13554608688462869,-0.7014307439748169
Gnao1,0.13550973065615807,-0.8091771346753858
Tac2,0.13549247306952927,-0.4232445798870726
Tlx3,0.13517552906767102,-0.3100503548290513
Pdcd1,0.13496240664794534,0.9227236958918025
Lamtor1,0.1347713334142052,0.5842910611719426
Spopl,0.13477026279587215,-0.3934368060648695
Cep250,0.13473201340770666,-0.49381690805696554
Cwc27,0.13464076261481517,0.1029687009011773
Sirt5,0.13458414436735294,-0.6385753837989293
Sart3,0.13432802335713556,0.21219844946440017
Pcdh10,0.13431832446802308,-0.8295250906628382
Gabra6,0.1341985009293315,-0.28164642324770267
Trpv4,0.13400299366065274,0.42932744500685494
Gmfb,0.13292502324897734,-0.5262937826043749
Copg1,0.13291562895661957,-0.501991664810612
Cav1,0.13289698264314947,-0.6304365644705054
Jun,0.13207210570550776,0.6403534447403055
Laptm4b,0.13172645991811466,-0.8465393101789056
Hrg,0.13141824248218414,-0.13812845237751137
Edc4,0.13095599031196925,-0.5768159624918807
Lig4,0.13094069357003604,-0.6770510345782582
Evl,0.13013149682440525,0.7667526397626845
Ovol1,0.1300268585311209,-0.26376590769724445
Camsap1,0.1298760387217358,-0.6657549325777347
Csf3r,0.12946601126378152,0.8671665438213166
Bach2,0.1293819764992129,0.003266648824063054
Casr,0.12930540888170877,0.11523370282882582
Drd4,0.1291545407597228,-0.3197197456508268
Mpc1,0.12878710898337295,-0.7276413633752286
Snrpa,0.12862422268515633,-0.02665128340709543
Cort,0.1286177712453803,-0.13757048016641754
Mboat7,0.1283103441793202,-0.35783427060112627
Apcs,0.12829861640051568,-0.3988016012889463
Itpr3,0.12827884365367084,-0.2054827867208817
Hdac4,0.1281263117265756,-0.7010426014701837
Spi1,0.12806503202969877,0.8617107746430865
Dner,0.12798716900006504,-0.7847410343565051
Pou2af1,0.12749857918888388,0.591385595218309
Tle4,0.12705940611750383,-0.2844953320657914
Ltbr,0.1262451218662151,0.7439525146822898
Kmt2d,0.1260169302792818,0.5133687057470443
Plxnd1,0.12569964670118353,0.8502808829360897
Scgb1b27,0.12551207752773438,-0.20453317921652867
Mettl7b,0.12541397803277038,-0.4025452714258735
Lpin2,0.12476401672530689,0.7948299341810325
Pik3c3,0.12456409637536116,-0.7822259811170472
Prr5l,0.12450655939275265,-0.6800013276116444
Sstr4,0.12399242935382758,-0.45004867972598855
Ly6k,0.12386623238590061,-0.0652873821191159
Araf,0.12365694516984944,-0.8397148532787826
Prkcd,0.12322365602239167,0.9003021405254065
Atrx,0.12320128389871338,0.3867075481627901
Cttn,0.12319473349516065,-0.30052006315663415
Cacna1h,0.12276959704166857,-0.34571727333718005
Gabbr1,0.12269502924586649,-0.8229000484700886
Shisa3,0.12248046832206397,0.2929095300998504
Cyp11b2,0.12244822422081039,-0.1969652772979065
Supt20,0.12206837956277469,0.5238041746437981
Spon1,0.1217973439125,0.2911986976808026
Samd14,0.12142523473185093,-0.06663841406850947
Adipor1,0.1211486945739463,0.743811045786196
Hand2,0.12098722486060116,-0.08209346838917676
Gdf9,0.12092396701828655,-0.22572413125815444
Ttc8,0.12066004160194806,-0.7360749060125709
Col26a1,0.12033875922868381,-0.39498879301257334
Mthfr,0.12017218219698912,0.7227815781859844
Rln3,0.12005129947819718,0.7918923124611633
Plxna1,0.12003248759998149,0.8054854309680582
Asf1a,0.12001980521490936,-0.7980815104114877
Alx1,0.11979829755952125,-0.28088150381562105
Marveld2,0.11974275609276022,0.4391771003101642
Sdhb,0.11963268553627338,0.16042326425276193
Adprhl1,0.11961974464110942,-0.32401905007803294
Nkx6-2,0.11960691969597738,-0.5574648397407137
Grp,0.11952517472656106,-0.543334371687928
Cspg5,0.11944112806426878,-0.6613955707503949
Ywhae,0.1193248559117228,0.18151043864324082
Kat14,0.11922045275858202,0.590382134775137
Sry,0.1191327095726006,-0.5113828111718886
Clcnka,0.11913070951241149,-0.03842972927506657
Grik4,0.11908293370050556,-0.7816806228518446
Trib2,0.11894356351429182,-0.8874139674433092
Sqstm1,0.11891240797643492,0.13723484559463828
Dmap1,0.11819533355739993,-0.6499605322066756
Tnfsf10,0.11776698832524869,0.015036282355583845
Spo11,0.11771413575696499,0.08116578713716216
Abcc6,0.11736987893387793,-0.6983494161321971
Lyg1,0.11717853400335919,-0.15482924999407302
Slc39a8,0.11688181893963814,0.11971624999694265
Wfdc18,0.116693925761545,-0.8847165928861253
Hmcn2,0.11656809527982769,-0.08998466221650246
Ric8b,0.11624997186480218,-0.8496961137979022
Plg,0.11622411173653556,-0.5966771010542432
Rundc1,0.11613662265279459,-0.273480225289939
Pth,0.11588226358131777,-0.07307244933354899
Casp1,0.11527582911315386,0.8410941479938618
Doc2a,0.1146373229691102,-0.8613283192258812
Plac9a,0.11420440802243599,-0.7370189785848423
Ppargc1a,0.11356297485107072,-0.8740421822140328
Yy1,0.11340193198757065,-0.3384497541711397
Gosr1,0.11339033814505563,-0.6341959465859841
Fhod1,0.1133075586340829,0.9002359983740548
Vtcn1,0.1127710107081307,-0.21989895024541098
Gadd45a,0.11271489373104146,0.4601263130885168
Cd59a,0.11219356677174937,-0.6483533767045391
Pttg1,0.11191146640650024,-0.5705026535038024
Otc,0.11187431390364509,-0.0039016819179232593
Rnf219,0.11169854962561433,-0.3693482653851539
Fcgr3,0.11169692394573659,0.8896610795581231
Angptl3,0.111651483006277,-0.11915252676815812
Acvr2b,0.11129696895162991,-0.39183952517944814
Lsm14a,0.11100406595435135,0.14592555267610877
Cidea,0.11096044704869704,-0.6658554432726062
Galnt17,0.11088436599262969,-0.8155855367615752
Pak2,0.11082956669306544,0.8875350016360971
Taf15,0.11058076446284688,0.13167213703574407
Meox1,0.11041677590274124,-0.11598511240836848
Ctbp1,0.11018434316769105,-0.6935113147533218
Chmp4c,0.11011177376833334,-0.47292733743492055
Cd79b,0.11002258440394938,0.7581638731409102
Sh3bp4,0.10984792408728201,0.24311204170765988
Bcar1,0.1096828946315052,-0.24897818583177944
Zcchc12,0.10959706887048895,-0.7990244268712177
Ofd1,0.10955526474610366,-0.24681023317211687
Grik2,0.10953221502759472,-0.7908086748958684
Cd2ap,0.10932003761680281,-0.4621441374122814
S100a10,0.10909201145846253,0.7216926158417786
Myog,0.10898295782858909,-0.4148753500075294
Zfp979,0.10869655590888766,-0.6524940025907632
Il4,0.10860452751870087,-0.26340900396156314
Ereg,0.10837738798448485,-0.22053777451739515
Npc1l1,0.10825867385074506,-0.45241011746760634
Rab5a,0.10805461810655015,-0.7508373989724597
En2,0.1077490498906349,-0.5079007356045863
Pax7,0.10765790343065623,-0.17196514786329783
Pik3cb,0.10747055559905579,0.0069673458172013186
Rlim,0.10701992437436636,-0.3729081913800084
Lipm,0.10694824154312273,-0.17525945582987398
Champ1,0.106880599023322,0.2690222577042732
Fzd5,0.10681530582915427,-0.3163721547077043
Fgf23,0.10655224616582512,-0.5708814075185192
Brca2,0.1064936995602767,-0.13132498645699167
Sfxn1,0.10638742111226536,0.3410340094587576
Per1,0.1054971100414766,-0.08246433370563461
Cyp11a1,0.10505207013952243,-0.4451732526512065
Sstr2,0.10496620168277171,-0.6768391732745193
Chd4,0.10494817260335287,0.8165056419312602
Stim2,0.10444837533491991,-0.5923354692457484
Bicd2,0.10423728324363903,-0.501043985845012
Gak,0.10380945835208753,0.5923552062575074
Lpin1,0.10368510250072538,-0.7044537266989427
Calcrl,0.10364746246902783,-0.24486128017557057
Nlk,0.10360368286542862,-0.6392641965961448
Wnt2b,0.10343991251803335,0.11423639631203768
Dmrt1,0.10341181860068442,-0.3148698022908566
Gopc,0.10334971273124273,-0.8111837429376215
Arx,0.10313748555172056,-0.6295769798208066
Cfap45,0.10280557606161535,-0.403195640362538
Pon1,0.10264358625113505,-0.591547187521411
Rec114,0.10237526603595841,-0.1853083878203386
Angptl8,0.10237177104742069,-0.16857308935032297
Bmp3,0.10224435849314588,-0.6484164266173815
Ppp6c,0.10206352292213215,-0.5274448017860932
Ms4a1,0.10172910113193394,0.5650654859357984
Prickle3,0.10142850123168125,0.898794662727005
Zic3,0.10134702863354417,-0.6954178329483527
Tlr2,0.1013203875109827,0.8956573427590752
Gys2,0.10117201802728532,-0.44031639863496974
Hoxb13,0.10105835624706326,-0.3642123699195627
Tbp,0.10048457038862316,-0.3433341243108204
Tbx2,0.09995231989270827,-0.5673762705355874
Gba,0.09990197346172933,0.904688388163412
Dnttip2,0.09984860216992332,-0.023841919662465644
Tgs1,0.0996001060330159,-0.009530653036866652
Tnpo1,0.09938137192727592,-0.21202790306281097
Il21r,0.09936465918189376,0.9205294375149061
Map7,0.09921700522194384,-0.7347903997718853
Zfp42,0.09901893139463855,-0.24795522270448503
Tlr1,0.09891658149767285,0.8588206395262428
Emd,0.09871839401288898,0.41238112931581916
Dsc3,0.09857703039340378,-0.5757520201625027
Tor2a,0.09828389471987878,0.7540869980683408
Rubcn,0.09826301550999626,-0.24885259634289478
Dmc1,0.098004097186342,-0.7930114080420092
Mbl2,0.09777860278577914,-0.09467813396139348
Cd3eap,0.09776043862636931,0.3413009034244683
Apba1,0.09739026850878386,-0.6128791571725477
Tek,0.09738449072901756,-0.7196857263294226
Sorbs1,0.0971727197051459,-0.14274415518966582
Htr1d,0.09684901555732858,-0.6236027463347952
Tnfrsf1b,0.0968275746069028,0.9076537961396103
Setd1a,0.09595223363615374,0.00023868176124051423
Cacna2d1,0.09539118022334168,-0.692884632373195
Adamts13,0.09529148613152219,0.5002910864677154
Rab28,0.09510837340079935,-0.7626339386651083
Cpox,0.09434224282343903,-0.8369217698816698
Gsc2,0.09424328869195978,-0.17640163859285168
Nup98,0.09402474308827755,0.299589314287585
Esyt2,0.0939767524551849,-0.5034607660545917
Itga2b,0.09393442257364022,0.02347196100189385
Cdkn1b,0.09375877567197884,-0.5290254241176406
Shc1,0.09342973264026522,0.7786660788803408
Mta2,0.09335392454977577,0.8799199150422269
Slc18a2,0.09324923053790021,-0.29576486809258534
Crtc2,0.09321428363789681,0.7735026078402669
Sox1,0.0923410177697306,-0.8722080333522874
Ecpas,0.09149154018820603,-0.6290237455163912
Bcl7b,0.09137924774354851,-0.39262185354554163
Amelx,0.09129463932849685,0.015204243745917613
Foxp4,0.09128237268700179,0.7479651383400999
Il13ra1,0.09112236084694557,0.7564644974648986
Ing3,0.0909505629376243,-0.709301139653701
Mael,0.0908885174265139,-0.30069653927224504
Cnot4,0.09074640715408788,-0.39927573069660866
Rax,0.09058743764341887,-0.43801033850766063
Vps25,0.0904381469186927,0.26054698875919924
Csnk2a1,0.09019602287448841,-0.6520877781773248
Kif3a,0.08973433930019308,-0.8872521567602735
Acaca,0.08943926133876372,-0.8828728110303464
Hesx1,0.08941038192350778,-0.05248909504751093
Hist1h2ba,0.08940518275232778,-0.17466765794587297
Gpr37l1,0.08896018776550887,-0.776827942705966
Sp5,0.08880251428014538,0.29178795451892886
Drd3,0.08818410478343254,-0.06224310842800712
Foxh1,0.08808901184193017,-0.12061186455558512
Rap1a,0.08795270400537715,-0.7489131698172113
Eif2s1,0.08785662356490549,-0.38433753319849095
Polr3e,0.08745560375981645,-0.12538163221915136
Sh3bp5,0.08744600913807277,-0.3440483167248675
Ncoa1,0.0873942119350009,-0.6870323897960682
Large1,0.08731434064491207,-0.7027313298227795
Ccl25,0.08725306515674054,-0.7404641076525356
Dffb,0.08710765804995081,0.6129529819752436
Tlr12,0.08705126087483044,0.8314326293899938
Nup155,0.08702431222610196,-0.23740333559970037
Mlf1,0.08698851285799644,-0.5377587651377554
Smurf2,0.0869710228905319,-0.34247545906347926
Myl2,0.08696972538916892,-0.25499990532555916
Smarcc1,0.08686031140284987,0.42451200334384576
Rac1,0.08624222440555097,0.11071554270082765
Aatf,0.0861483325904002,0.6546821479436971
Ercc2,0.08612007026420383,0.025546343054130186
Zmpste24,0.08610041166555868,-0.6326121711197122
Gdnf,0.08601317234987566,0.44118628264734955
Scamp4,0.08560292357326817,0.42369723807775217
Emc2,0.08554971618357285,-0.6628926387740768
Lacc1,0.08522692671730306,0.8264523424713721
Mpzl1,0.08512892230952615,-0.5561856571828717
Selplg,0.08510190468055999,0.9082936978619234
Nlrp4f,0.08500203570753188,-0.5277931691149047
Gsdma3,0.08496564766984852,-0.2119170180842319
Cldn19,0.08486284303582924,-0.44910947330548334
Gabrg3,0.08462262082449767,-0.7869827527856089
Fam214a,0.08422266998584098,-0.8007468257357337
Ubap1,0.08416230231560681,-0.3735130583603016
Opa1,0.08412873228689802,-0.8484801868680903
Msln,0.08406376164511609,0.14459635338765567
Pja2,0.08381986309993288,-0.8532099013493407
Hoxa5,0.08338727493327326,-0.7310735754451244
Chrng,0.08324669708599168,0.010262748548119278
Mmp15,0.08319241608875617,-0.8403422278090817
Irx6,0.08300150246355734,-0.6849080582232654
Foxb1,0.08279701016479153,-0.5268540201053025
Nptxr,0.08257703529949714,-0.6718740231711261
Vangl1,0.08214135747683333,-0.6218901068100336
Pinlyp,0.0818590707174763,-0.4291783408040746
Clcnkb,0.08183804384437923,-0.13176059766836548
Ncam2,0.08183223831868482,-0.8717645660560113
Mfn1,0.08144561680460657,-0.8959434925457083
Abi1,0.08125319201328084,-0.15107383801159713
Rad51d,0.08110657829791237,0.10126891698562185
Washc4,0.08105952380397528,-0.3582612472798394
Lpar6,0.08102217336049297,0.8082412296257979
Tdrd1,0.08070614108788673,-0.30335250426110755
Slurp2,0.08052955679372993,-0.137655374537298
Tpbpa,0.0804200804957528,-0.1809807446666393
Cbln2,0.08035238110693078,-0.8014071255035581
Rbfox2,0.08024014496108328,-0.8847430442557838
Trpc1,0.08023648008822677,-0.8240702703197906
Asxl3,0.08012220377677752,-0.7413541339046228
Tcam1,0.07995629670802604,-0.046763364897686545
Sypl2,0.07972702705367705,-0.6878436322774433
Hipk2,0.07953701593382985,-0.49887577768532176
Rcor1,0.07951889590953032,0.8194353360493746
Xiap,0.07945167516003386,-0.5495790986089865
Mkx,0.07889317352666074,-0.6668445974401451
Grxcr1,0.07871932769724105,0.14006912718936362
Sulf2,0.0787105690811502,-0.3185845483510476
Psen2,0.07855468754951156,0.8969870248277861
Pkia,0.07851296719034155,-0.7801186654538904
Cryaa,0.07831546019057019,-0.32943112851216705
Crtc1,0.07825980890878059,-0.34592503878616243
Caskin1,0.07801275037181454,-0.8001074129008406
Medag,0.07793589593571461,0.17288661877071215
Adcy8,0.07774791585842787,-0.7002759043003699
Mixl1,0.07750047879686355,-0.26331074778062724
Supt5,0.07729851544377978,0.40731378625975556
Inpp1,0.07727355748790468,-0.4535499398572903
Kif19a,0.07715251842603085,-0.5303254279274068
Pip,0.07694444312325265,-0.3765782464866869
Rab3b,0.07678122267069347,-0.6589944028499073
Phlda2,0.07672419696417493,-0.27730290134165797
Nf2,0.07625694886358671,-0.25980250471241845
Dll4,0.0760028191472183,-0.6149143918299242
Gfpt2,0.07597641757015289,0.5030836379402147
Slc6a4,0.07545766354343342,-0.27000180337097035
Tnfrsf1a,0.07542798844394803,0.7268137927349417
Slc4a7,0.07531795629264097,0.22565583126756567
Zdhhc8,0.07528650558351768,-0.5844468985049104
Atf1,0.07504557299556226,0.48518650377322553
Nts,0.07503937708200721,-0.38391158211330273
Jup,0.07501214886006415,-0.6722071904118256
Acsl6,0.07472509681367669,-0.840990597685914
Pard3,0.07472380463581817,-0.8696793364267685
Zbtb46,0.07468805255579902,0.10120828545484235
Ptgir,0.07453701703118427,0.5704773483772254
Csnk1d,0.07453495132379354,0.5308803786578054
Nrl,0.07436276009468237,-0.7264326854023219
Pou3f4,0.07418983547634829,-0.5039541898914868
Babam2,0.07417702001405152,0.005273789178454185
Zfp219,0.07396267749544941,0.12906246092190615
Frmd7,0.07383163256118566,-0.4987751984548679
Agrn,0.07370365161236145,-0.21886059130344138
Klf15,0.07338006410331212,-0.613342061518959
Tlr13,0.0733097954100275,0.7768211864273505
Ak4,0.07266249773869486,-0.6500239980425985
Rpe65,0.07255645736507683,-0.09849765688398014
Mus81,0.07255045884861451,-0.0981982813093528
Ess2,0.07235661750681818,0.22802893225077078
S1pr2,0.0719230331763865,0.9112680775939019
Calu,0.07192105675346344,0.2780234811972716
Ska2,0.07187397284943096,0.14588079095254408
Cfap52,0.0718131571851527,-0.4993618015235922
Panx3,0.07180074250809826,-0.2328959419430922
Aire,0.07162397682290195,0.29185413810953775
Pafah1b1,0.07142157843653323,-0.8767213873314121
Hoxc5,0.07105497127303319,-0.7674911722114884
Gbx1,0.07100071537858377,-0.6529963727312444
Id1,0.07081335803843988,-0.551715624774712
Ntn4,0.07065833889254064,-0.7230052290788276
Ghrh,0.07054191774300023,-0.17597926405478745
Cers4,0.07028880754500041,-0.5011259652549538
Hdac5,0.0702374379324411,-0.04450112512607744
Ggnbp2,0.07020485308864403,-0.3638522203557711
Nr1h2,0.06971012601347347,0.3964488695683411
Sult1a1,0.06931658855871722,-0.4692565657355405
Ptgs1,0.0692782445905084,0.9254790175596089
Mapk14,0.06848979760632178,0.8520748826084326
Spta1,0.06815055120611649,-0.4249099463815042
Tpr,0.06805357227866665,-0.2029747862734872
Arhgef28,0.06803803821270946,-0.8104210007504381
Mbl1,0.06764887528961692,-0.18229190102493587
Prom1,0.06749833920536959,-0.599277412888557
Mad2l2,0.06735551647405527,0.017254375528633365
Olfr17,0.06697932130440208,-0.12317854846173168
Sp9,0.0668170992199271,-0.30772672193203743
Paxbp1,0.06680382159344253,-0.2358210272103043
Plcg1,0.06673623432304121,-0.11859983711688052
Itgb3,0.06641166615777458,0.33630400108199615
Pde1c,0.06635568166894437,-0.8370412505058451
Capn1,0.06605287505053484,0.8454137123882985
Pde12,0.06560441900103567,-0.1861556435455672
Mei4,0.06555902996322426,-0.3672811867543519
Thpo,0.06552911357134134,-0.2888342722805641
Skp1a,0.06550130806557489,-0.8310124002812629
Acvr2a,0.06538213491757011,-0.7523352235863359
Tead2,0.06513138628922015,0.34777964298566705
Ctcf,0.06481284057479059,0.2823595428697344
Trmt13,0.06464671661608405,-0.29122187392783694
Togaram1,0.06462252946868507,-0.5951997123909833
Htra2,0.06428509949157798,0.7460273298435933
Smad2,0.06425177989046664,0.6843798430516942
Sumf1,0.06417217028267286,0.8998399543360585
Ackr3,0.06404058345480801,-0.5203590420937297
Prkcz,0.06398969575264304,-0.8913325344654209
Gabrq,0.06391349201269113,-0.7807592709634839
Crocc,0.06378033128114581,-0.08122850109841558
Srsf4,0.06366325433143341,0.2607500845155265
Tacr3,0.06354227623938356,-0.7172009998158398
Kcnk5,0.063483604837002,-0.14704089730547298
Ptpru,0.06299106080139695,-0.6258671101413418
Pou4f2,0.06296059105297677,-0.5596250003794923
Stam2,0.0629482902826865,-0.5521287863514386
Mia2,0.06294315565521538,0.24870378837899565
Pou3f3,0.06274130439533294,-0.8381909606172273
Slc25a28,0.06247465969129219,0.2956460141076139
Supt6,0.062070759598261714,-0.5450405954848891
Pou5f1,0.061910554543846426,-0.17855040199918776
Fabp12,0.061678722841988394,-0.1519828290849984
Bhlha15,0.06105803125341167,0.31995421879170505
Sp3,0.060990111457300177,-0.07819118403668483
Krt79,0.06097656285496773,-0.05834278905742966
Fancl,0.06087618638473964,0.1204990914899186
Ext2,0.06061535628102805,0.10295271480059734
Ern2,0.06015496532528558,-0.3599933259522965
Appl1,0.060135452176921594,-0.6405460007352854
Fus,0.06010482919902721,0.07562417041993107
Dusp11,0.05996176419745472,-0.7234390818482579
Taar5,0.05985243522774792,-0.18726270944547407
Id2,0.05984160147418401,0.34500872744181527
Eif4enif1,0.05973908778291679,-0.48764223669236395
Eif2b1,0.05959933585159576,-0.5477012763726417
Tnfrsf13c,0.059456832877706804,-0.2327403629657569
Cacng3,0.059366533620831705,-0.697749265840999
Il9,0.05907985850112012,-0.17902706310943212
Dusp15,0.059025137864000314,-0.7284512895752172
Pcx,0.05902285061024011,-0.7709526008163801
Mtf2,0.05870781705461416,-0.5475737660298101
Pcnt,0.058597505987507084,0.766820441867138
Trpv3,0.05856743132459799,-0.5338839678213373
Rhox5,0.05835754750450639,-0.11947991575036127
Bsx,0.05824969013839944,-0.18857361002137932
Scnn1g,0.05822541987085274,-0.5101011823998342
Cd79a,0.05779399033520063,0.6076818803640032
Coa7,0.05636948317262445,-0.47269905789391053
Tcf21,0.05636923860913711,-0.2724081463238184
Wnt9a,0.0558800296334882,0.17634744506333058
Adad1,0.05525424710165105,-0.27693277068690847
Plin2,0.05522860778370638,0.8991478433249572
Cyp8b1,0.05507105089037554,-0.20888257103154323
Svil,0.055067137850221694,0.7461671222474746
Slit3,0.0546742238286387,-0.5962389032602272
Med1,0.05446868116768113,-0.1525216965729438
Taf4,0.05440855745283503,0.3122478547316537
Ihh,0.05415786193349858,-0.47078920415380215
Gprc6a,0.05396121896203269,-0.08611477181670282
Sema6a,0.053835389227726196,-0.834790841292366
Usp14,0.05374861060362856,-0.7273136537450923
Fbn1,0.05365866453002346,0.5899827352736051
Tyw5,0.05339812850286089,-0.5424742934020602
Cldn10,0.053331436470129355,-0.8891620295772904
Cbs,0.052743133871317,-0.736822277152834
Asap1,0.052584485570001366,-0.447268709138481
Ptprq,0.05250676339006614,-0.38212212571840226
Hsf1,0.05242347961678373,-0.030619745689534517
Ifngr2,0.052033722768646096,0.8613361041517089
Mettl14,0.0519859839778759,-0.4375911586177214
Hap1,0.051732819309270185,-0.7185126002577116
Slc24a3,0.05163994102698985,-0.8384051514154891
Nobox,0.05160367093272448,-0.3610396754417621
Irf3,0.05148865517859444,0.8793831472971951
Cd226,0.05139455757046162,0.8105717509950519
Rtbdn,0.05137221999535183,-0.6381073514075196
Atg5,0.05120735822556477,0.5582381774509215
Otud7b,0.05096669289833988,-0.7694128624844685
Egln1,0.050902757537457335,-0.8655168490705137
Oxtr,0.05088494999146316,-0.5678687760761628
Stx8,0.05086672341538159,0.708049902749901
Atg13,0.05069031362927464,-0.7082610114553551
Rp2,0.05046165759617386,0.856187080611782
Slc45a2,0.05038465358941079,-0.17401917874827116
Hdac2,0.05036550940319689,-0.7655697605295015
Med6,0.05004969863573139,-0.34938099168009196
Cpt1a,0.0498043002449517,0.7514820546657736
Top2b,0.049746609236140285,-0.2754927759586762
Pifo,0.04938733498857501,-0.5103482347595841
Cbx2,0.049383290990802596,0.166954339568903
Cers5,0.04928010848743507,-0.5536201233755069
Aebp2,0.049251124754520745,0.15925671358737892
Brcc3,0.04918640060956149,-0.6589552554685899
Ndufs4,0.048907643805914565,-0.6061933155171297
Arhgef11,0.048819605694622806,-0.6143121132037473
Fcmr,0.048595357592385736,0.6125112558997614
Krt40,0.04825836656892101,-0.18772060205539504
Lgr5,0.04796121438241572,-0.8587810655073178
Zswim9,0.04794266278268146,-0.28904448057213783
Ppp3r1,0.04762755545560496,-0.8579702226174988
Ewsr1,0.04743483343512804,0.28630328110852665
Ulk1,0.047408153428795154,-0.639766121387867
Rag1,0.04731163267610553,-0.43481109499850606
Xrcc6,0.04717062941528809,0.19440961714252378
Cnn1,0.04682814961378218,-0.5697318351800715
Ptbp1,0.0468151328369715,0.7774567497287567
Gpr26,0.046747104637464294,-0.5451992250194941
Paip1,0.046720510112515025,-0.6556339909274145
Slc25a51,0.04621310235674869,-0.7680365630861989
Gcnt3,0.04612067218206601,-0.021549382088548702
Brd7,0.046056228143793405,0.49636375528102145
Flot1,0.046037124257765495,0.3074681254217474
Dpysl4,0.04586665484229706,-0.22733549466384187
Enpp6,0.04573332461063334,-0.44722846779086534
Gpx5,0.04506616258650732,-0.1046228131952984
Aldoc,0.045034271608871364,-0.6052090440771963
Twf1,0.04490347611447932,-0.3100562491166275
Gnal,0.0448743920883369,-0.9144358368461281
Med24,0.04485212992585499,-0.6596738195884294
Dpysl5,0.044596049753624335,-0.7019887906519074
Prkacb,0.044542049871253014,-0.8693771866170191
Foxf1,0.044427515182831154,-0.3285684407486491
Prune1,0.04436375064934711,-0.6694044590332425
Anapc5,0.043898163708676996,-0.1096480610974199
Exoc3l2,0.04375747907169645,0.10423241619262212
Slc9a3,0.0435717771062189,-0.29919257498004087
Il1f5,0.043564860154909846,-0.24604968638623398
Bcl6,0.04355069824519306,0.7669008024003254
Senp3,0.043258619506382934,-0.2311070133204123
Tmprss2,0.04322990584012221,-0.5549412285182667
Pgk2,0.04298317411038651,-0.33421777286382337
Prl8a6,0.04281581352107537,-0.5683437981690443
Sohlh2,0.04279206435610769,-0.23262084224207352
Cdhr1,0.042725750898862686,0.5765059861172841
Nr0b1,0.04267524683192389,-0.48219054736582345
Scn3b,0.042572253729131156,-0.7514063768059114
Smc3,0.04223250234634323,-0.5957105337875916
Gabrd,0.04222890680632977,-0.7213925152297768
Grpr,0.04192510037878907,-0.4805699076013378
Mob2,0.041742019324240244,-0.8162311826445219
Rab8b,0.041577989578557774,0.49192074874040836
Pdx1,0.04157472659151019,-0.14250828570626317
Nbr1,0.04151456064475461,-0.35498453301230204
Ezr,0.04139057694566744,0.7166555184931499
Cnpy1,0.04131314776898216,-0.06171681096756692
Selenok,0.04110003856825694,-0.6738343216020622
Irs2,0.0410786839304632,-0.3246800035727236
Dmbx1,0.04087627743430768,-0.3126651586791918
Med15,0.04052937082349836,0.4318956712563684
St6galnac5,0.04037740825989025,-0.760575136533561
Luc7l3,0.04036418619454433,-0.4477387522791472
Neurod4,0.0402384928372367,0.09412917274289523
Cntrob,0.040035022794401826,0.24912117634402742
Map3k7,0.03995263733555631,-0.4927827099063543
Ikbkg,0.039791733874729,0.8124635285671886
Serpina3a,0.039786424020298645,-0.22839727835160417
Hoxc12,0.03907436691087322,-0.22088727624179028
Scn5a,0.03829836796479446,-0.44788753661161035
Mfrp,0.038258440881715504,-0.22025802241367196
Sos1,0.038243087800556345,-0.8669588493204979
Snrpd1,0.038057580254976575,-0.8141799227247396
Nyap2,0.03796201207189369,-0.6141122236244204
Mycl,0.037668583243348465,-0.03777684965123006
Spdef,0.037620826714780946,-0.40554926718295237
Khdrbs1,0.037549005936942007,-0.27037482372442034
Gpr50,0.03751913496279366,-0.5143749497282085
Gabrb3,0.03750385619059622,-0.8143465313183781
Dlg4,0.03727742652634707,-0.882187303782017
Bmp8b,0.0370947487669012,-0.30760078166553484
Trp53bp1,0.03706307087048575,-0.33439514985979374
Ahr,0.03694372759389866,0.5302103338965498
Tmigd1,0.036503513964155375,-0.42175464878790986
Kif5b,0.03611650033410561,-0.8007258472349237
Hk2,0.035719018201566186,0.8622720503720133
Erbb3,0.03525059816680081,-0.7524788559810136
Ddx6,0.03505924704161623,-0.34019751796896003
Vhl,0.03491698058406516,0.6725785562417745
Ntng2,0.03474533456387622,0.4322795679776402
Il3,0.03455268221606637,-0.19964658942438085
Cbx3,0.03450832023338738,-0.6115753701709494
Cops8,0.0344660947551802,-0.8291075852488289
Slc6a9,0.034438902112341345,-0.7804313493754875
P2ry2,0.03443150926587848,0.1760143055041279
Cnot8,0.034186858017957795,0.20772045462262906
Cacna1g,0.03367567771452365,-0.3572378331710067
Pafah1b3,0.033418934369953024,0.6503689699137197
Prkar2b,0.03336890099300379,-0.693590495976726
Pla2g2f,0.03307611476063025,-0.4944983380285024
Carm1,0.03296440317525039,-0.0015526376443844136
S1pr1,0.032776166729751456,-0.6923636033033992
Wapl,0.03227060396623513,-0.19984740548643973
Cga,0.032008851335198124,-0.27671991611872504
Clca3a2,0.03174649963502955,0.2552626270848468
Alox12e,0.031424267784644695,0.10817237578597913
Tnp1,0.03134870832092106,-0.18653389639643495
Ubtf,0.03130417250135152,0.21244799283358914
Star,0.031221364218885068,0.3178333788056322
Amy2a5,0.030934690921772482,0.47440623842790275
Nkx2-5,0.030915684208879052,-0.4655274210500035
Rai14,0.03078152642830957,0.7338799537852383
Cndp1,0.030759994969996096,-0.35638919615156983
Gucy2e,0.030708311520743183,-0.44315938489975265
Rabep1,0.03052375676458431,-0.7329666315431305
Erap1,0.030478734236853232,0.5259747179636183
Fmr1,0.030383484486071415,-0.6422448148781322
Nova2,0.030229760104881306,-0.7631639284806948
Grm6,0.03016080566901031,-0.2571146235633045
Ephb1,0.030132122066345222,-0.7024216669909062
Arhgap35,0.02988094479494282,-0.7403789727088352
Abcb8,0.029620611708189824,-0.8694419126510464
Spry2,0.029574637529266406,-0.6924655178155759
Fgfbp3,0.029236560128163256,-0.3994799064425518
Hoxd12,0.028961193474438478,0.06490710637519148
Sema6c,0.028931494751629965,-0.5057928935132682
Pip4k2c,0.028731911531484453,0.4292503262719319
Prss42,0.028701468296018873,-0.019649302412746435
Rpa1,0.028640806560133257,-0.3988806327238091
Kcnk18,0.028235702007770876,-0.19683986457152983
Madcam1,0.028215451383604016,0.6553457962446444
Smad7,0.028162597094666893,0.07315471940655201
Tubb1,0.027684368480387488,0.39863608066097983
Etv3,0.02754397407523141,0.8635615159372437
Ilk,0.027204401135128536,0.6908254420518929
Fgf1,0.027047736488037974,-0.8053248708669604
Zup1,0.026967928388825262,0.40786223055355003
Dact2,0.02649618341974016,-0.4689821185240644
Nup205,0.026438500105792052,-0.02823264483528793
Itch,0.026355034549946504,-0.6222969825458472
Mecp2,0.026137347757714823,-0.33649895876322794
Sap130,0.026046297502914012,-0.0738224642788335
Setd6,0.025919400076125712,0.3047812777877915
Ago1,0.02569836088090023,-0.05741793499020623
Tcaf1,0.025297786373740385,-0.8487907353568299
Cadps2,0.02460500150468656,-0.7089787275322913
Hdac6,0.02456791170420597,-0.6406431257881595
Nosip,0.02454103530208701,0.3876867197820455
Aplp1,0.02453712759060073,-0.737377977984362
Pdxk,0.0244164899734416,-0.7908569005308674
Slc6a3,0.024389164098350576,-0.34086426537194836
Amer1,0.02432006574580501,-0.7269231053002391
Ago2,0.02404919446027421,0.5073818662668855
Abraxas1,0.023927800459606526,-0.46100918005009817
Dnajb6,0.02392326330675284,-0.48016335435679874
Hspa1a,0.02386798403881573,-0.605119378297827
Fermt3,0.0237377959345054,0.9125424458894293
Borcs8,0.023537142431545213,0.826085315458136
Pcdh8,0.023434153984107947,-0.521876217433579
Galnt14,0.023304024526364722,-0.8272043591197381
Itgae,0.02325811604991189,0.8223305114613988
Rsrp1,0.023212683423718662,-0.05811863010938467
Spock3,0.022956040994662377,-0.9254060000721838
Uba6,0.022669352318944052,-0.7465345832703634
Il31,0.02252622177591752,-0.14106638539516345
Rbm8a,0.022053752469102746,-0.6214887902798265
Sept8,0.02199876411622276,-0.7346232170643712
Satb2,0.021986188583503655,0.1464966052283574
Tbpl2,0.021869216691383836,-0.37613059017870054
Bcl10,0.021521458488847563,0.33489426335652217
Wdtc1,0.021256074906939575,-0.7986213022039441
Crygc,0.021007124462487356,-0.29514483475210535
Nsmf,0.02085239525911045,-0.9170598420881295
Zfp106,0.020828275066156046,-0.7328504481561885
Gphn,0.020734700477226364,-0.9140322015175609
Rhbdl3,0.02056411123333941,-0.6312658359817405
Rbpj,0.020513456931639067,0.7018682259676775
Myo1d,0.02043591215124727,-0.8863730909959027
Taf9,0.019822253786747894,-0.6735291117809215
Ppp2r2b,0.019724674305855564,-0.9030606541261877
Myod1,0.019724332207797943,-0.33632309416899786
Lmx1a,0.019525259300512156,-0.31423465122440614
Rab21,0.019503196801087783,-0.6000514384648191
Piezo1,0.019482933428905218,0.878945049196327
Vamp3,0.01922721342992348,-0.15638484418906357
Setd5,0.01903518808185947,-0.39472378637583827
Rnaseh2b,0.019006180972626234,0.13937886548467077
Usp32,0.018735103278432204,-0.870493347013783
Tfam,0.018687768790162134,-0.8275587221329046
Otof,0.018230442814755173,-0.4672196569892545
Ywhaz,0.017760246683274843,-0.5974180850898337
Drd1,0.017727652804387248,-0.7726902769066031
Miga1,0.01767720924523725,-0.8705859069219759
Thrap3,0.017328085207442008,0.4369459863546854
Otx2,0.017119169609424965,-0.26729986120509885
Efna5,0.017087321192328864,-0.6327604492944601
Dvl1,0.017027261065012136,-0.19243526921529802
Htr3a,0.01608920625735581,-0.4335748861851548
Prl7a1,0.0157177999926958,-0.3724765144364606
Pln,0.015694213650757984,-0.5272751513197348
Egr2,0.015613440882785963,0.17758611509567993
Washc3,0.015564080544311966,0.5979012451606786
Kmt2a,0.015544608006466955,-0.5325990147319511
Suv39h1,0.014931163898984924,-0.1547329214863826
Ap3b1,0.014893556601441319,0.7643733042992396
Cdkn2c,0.014325766645782695,0.7833966480907657
Klc1,0.01427484873562899,-0.8253988803997223
Pou1f1,0.014020800730077554,-0.46705811921147
Izumo1r,0.013911749381204146,0.8800259435867703
Cadm3,0.01387334141310817,-0.760623175998034
Rsbn1,0.013792372316382195,-0.5004936850401197
Psmb8,0.013606221999903297,0.851866113932266
Lgals9,0.013572040657457186,0.8698702076491139
Dagla,0.0135035388794455,-0.8018891666011866
Ddah1,0.013487933663346231,-0.6546617353647778
Ppm1d,0.013352525582750052,-0.4065673906660072
Krt82,0.013233458714919901,-0.19600949920860058
Zfand2b,0.013053530128984279,-0.1474169080302891
Sept3,0.013001859706301714,-0.9017810656275234
Sprr2d,0.012988332681190467,-0.43549337619553086
Epcam,0.012251172844230497,0.7903964003006083
Ext1,0.012212679093820383,0.30633651215629437
Rnh1,0.011873487962287712,0.85309289709942
Rab10,0.011731132482010936,-0.5078724885781265
Ptk2,0.011643588357411482,-0.916369965811172
Creb1,0.011619208137452573,0.5191349659358508
Nras,0.011574176227787763,0.006264911163114868
Cdk6,0.011462414272912938,0.7549517519363802
Sytl5,0.01144846213727867,-0.49029480692397553
Gast,0.011352767628126278,-0.11476120007371464
Ndufaf6,0.011318691358042914,-0.714379696670027
Chic2,0.011293050422889087,-0.06459059363671037
Gnai1,0.01105408807736389,-0.8471433835128357
Cnksr3,0.010949020054940136,-0.06322808596459482
Klk1b4,0.010708159735522254,-0.17425897783020403
Fgfr1op,0.010680297016043127,0.4502100948108736
Sall4,0.01046316155614734,-0.5934442941557576
Emc1,0.010035314260535591,-0.6359986704767318
Pkd2l1,0.009974576189317566,-0.8087155289172332
Hpse2,0.009847818051420364,-0.5602310666664216
Npy2r,0.009577939186810243,-0.4251905047673567
Irx3,0.00953382674796845,-0.563986192394055
Slc9a8,0.009348503086014802,-0.5021381375881501
Ndst2,0.009178893528920339,0.9090093965346006
Epha5,0.008621470804436182,-0.6863136900762871
Myo1c,0.00860028158764655,0.7855415354421538
Dlx1,0.008452135841148255,-0.37605057571395667
Pms1,0.008376466691248191,-0.7274502014775385
Plcb4,0.008284059080724038,-0.8982967158580211
Ints11,0.008072670911714847,0.10549510705545516
Elp2,0.008057101271554044,-0.7183509109229825
Fezf1,0.007926182407675016,-0.40514998542216707
Lef1,0.007863371871063535,-0.6306001329107538
Il12rb2,0.007859203231378245,0.7191322967092861
Anapc4,0.007837428436380422,-0.39875323313101824
Impad1,0.00781549294203453,-0.7352790381554987
Itgav,0.007739226810581841,-0.7199337090906092
Cer1,0.007571676447717509,-0.27084406797948096
Epb42,0.007230970144238049,-0.4686161977730075
Tectb,0.0071732019752911,-0.06074826334918345
Smg9,0.007018477599045054,0.659301387567229
Mesp1,0.007009809162146278,-0.1862807606170597
Otx1,0.00699642709136633,0.021392273363526733
Rims2,0.006710502623273768,-0.7232904010132938
Sox17,0.006383365653624557,-0.6948014091623611
Epha1,0.006280300926909989,0.6697095657691364
Adamts5,0.00559713006896933,-0.07797567064279616
Dio3,0.005404374133023844,-0.02655036495214241
Dab2,0.005258557678678247,0.5648266950343349
Ube2r2,0.005109481142321165,0.1864524951442739
Cfap61,0.004751853433015296,-0.7299827492979998
P3h1,0.0046538479780912495,0.36276813463728236
Mtx1,0.004565320837880114,0.6722485630540359
Rcc2,0.004463629601699959,0.7133262923239783
Serpinb13,0.004127288137192242,-0.37799487426585887
Aida,0.003708409710635285,-0.21336831350283766
Nr1i3,0.0033358025835762083,0.08354826598737514
Ly6g6e,0.0033061971216557197,-0.3955871483708828
Lyn,0.0032937143941304797,0.859608757352867
Panx1,0.0032876897503173333,0.45515941690726874
Ankrd11,0.0032555981057313934,0.012920261031969728
Sec22b,0.003226862657215678,0.06234043532148426
Pde8b,0.00309686346844882,-0.8581105862469531
Mcph1,0.0029199417289915677,0.5414559381193117
Sf3b6,0.0025824434201388528,-0.2301814447088355
Stau2,0.0024562704899639748,-0.8627581248109805
Fopnl,0.002449689213115303,-0.5855972560845125
Rb1cc1,0.0021887629944306436,-0.8239221768740443
Spaca6,0.0021067921321534255,-0.7231444018097668
Gtpbp2,0.0013274202271805883,0.9055924635546275
Defa5,0.0011445308801365794,-0.20072715205113714
Tiparp,0.0011402618853641648,-0.23488092396399887
Bmp10,0.0010929412186171743,-0.23439078561940302
Cnot2,0.0010530804214515456,-0.4099224769542446
Adamdec1,0.0009497649746833359,-0.20646028912792
Ddx56,0.0007393710299713792,-0.4420339974439299
Adora2b,0.00044890720837391753,-0.6463624760161062
Rhpn2,0.0001204772282643452,-0.5426517594929637
Fbxw11,3.995376399687396e-05,-0.8077800233848222
Itgam,-5.119833885711626e-05,0.8590726483825765
Llgl2,-0.0006163475895726788,0.8157230747087593
Gnat3,-0.0007232424494252236,-0.48291073709669274
Il6ra,-0.0007825679918595554,0.8997442415326308
Rab27b,-0.0008880529736761444,-0.8669939711563718
Mark3,-0.0013854800563052304,-0.4432855887570774
Cfap53,-0.0015354004044065422,-0.7622756437282419
Pcdh20,-0.0017459938624880041,-0.8340828247064275
Hjv,-0.001771186922905157,-0.46522488592139605
Slc24a4,-0.001826269431773885,-0.4698573471468035
Bcl2a1a,-0.0019713814166356283,0.846115822619942
Ttll6,-0.0022927966867906683,-0.7295958182144481
Efcab14,-0.002520063283965255,-0.8258373744087304
Crhr2,-0.00259586397783879,-0.5342950855339696
Pax5,-0.0026590675420924675,0.5186383491368223
Fcgr2b,-0.0027089776544311547,0.8731431792324494
Gabra2,-0.0027544800561666674,-0.8049360522814577
Tfap2c,-0.002879346184010874,-0.33392846466359155
Dot1l,-0.003113892170774883,0.45756998884251204
Folr2,-0.003256211815414571,0.006209890869516181
Rybp,-0.003509033211336492,-0.24812893758955312
Kcnmb2,-0.0037010198776775277,-0.7405451190383096
Klrb1c,-0.004267219916513181,0.7656595468139459
Igsf8,-0.004721180673144982,-0.4647976824430405
Galp,-0.004839618411285082,-0.11631155716582267
Prl8a1,-0.004992131910778445,-0.23144813522295657
Mep1b,-0.005087342102111154,-0.14605976144196275
Tlcd1,-0.005169762144444676,-0.926022560399114
Adrb3,-0.00528623363154691,-0.4542266707348937
Arfip2,-0.00555339784885732,-0.6781634368247021
Fcgr1,-0.005567347848569615,0.8639467355953501
Itgb1,-0.005879078374684811,0.7211907923147495
Dsg1b,-0.0058808783345786165,-0.11699996272144735
Zp3,-0.006197022822592148,-0.28293472251390817
Rab5b,-0.006409603820813477,-0.4776591201574478
Barx1,-0.006691198247068839,-0.2685251706292606
Mapk9,-0.006889617281723227,-0.8837800993107453
Dlx6,-0.007357540270029999,-0.1866573402760775
Actn1,-0.007450783286323292,0.6852188219808153
Rdx,-0.007777164623147258,-0.7462480035457782
Zfp536,-0.007811722329693911,-0.6602641735214996
Syn2,-0.00784070583209494,-0.7691995105639764
Qrfpr,-0.007888633834429922,-0.532036024637542
Rab6a,-0.00828688122562524,-0.8911488396178993
Fgf4,-0.008563834985727891,-0.5140078669900097
Hspa1b,-0.008700013301330254,-0.4138101973050371
Agrp,-0.008759894236961444,-0.2707920729395863
Hmx2,-0.008785086910958471,-0.47819802009590767
Dlx5,-0.008797392954096418,-0.2480326897265854
Cap2,-0.009011469334493812,-0.8960851715506969
Ccnd3,-0.009080917535143729,0.6372496464598779
Eif4a3,-0.009366632301390497,0.5950569447475037
Syne1,-0.009458989331638235,-0.8098839500211171
Irx2,-0.009605841477152032,-0.7053111845166309
Fgf17,-0.009663936767756733,-0.7276542201127908
Cartpt,-0.0097722379791683,-0.4082669973003957
Zfp750,-0.009786475833849336,-0.45924315097409624
Hmx3,-0.009877914892515131,-0.0006164031545892447
Kdm5c,-0.009907564129688691,0.4796435517074572
Hnf1a,-0.010462345920130406,-0.23033194945053476
Peg10,-0.010712826349544896,-0.7905790185256543
Cd200r1,-0.01094387780953896,0.7339438771105469
Csta1,-0.010957581367430752,0.03679938222494139
Mageb4,-0.011134657351451221,-0.4998226656574417
Hip1r,-0.011472449596351643,-0.5142417125636243
Tyro3,-0.011526799271107536,-0.6704954173670685
Opn1mw,-0.011653792379857333,-0.4494274625447766
Pld5,-0.011822929552736571,-0.8353064267125564
Setd1b,-0.012144957988500378,0.5185439835593583
Zfp819,-0.012816302742514139,-0.5355805166250596
Rbms1,-0.012978624041024234,0.4776571052830869
Irx4,-0.013527133142769267,-0.13514608852759633
Pdc,-0.014377391872472431,-0.19686431553459288
Terf1,-0.014883177511034129,-0.4051901595056167
Dvl3,-0.01533288663523487,0.4193131998325328
Cblc,-0.01547256999528147,-0.14005782651342363
Ifnar1,-0.015516382578118664,0.7355949929238889
Lect2,-0.016170491879499305,-0.20695478422716285
Smarca5,-0.016170631635849694,-0.38460643846251696
Adam28,-0.01628950464869161,-0.4703261935507984
Sf3a1,-0.01630262311433602,0.3369631682323196
Sim1,-0.01643666773991297,-0.28096333690600794
Cfap299,-0.01646297832275621,-0.615715014018359
Thbs1,-0.016497831864968553,0.48148105430647953
Vipr1,-0.016671689447523026,-0.005037163231033687
Grb10,-0.01672172428817177,-0.7806104770993788
Vip,-0.016880281572701335,-0.38590151321378374
Snu13,-0.016933424244604228,-0.8317468360804938
Spink1,-0.017385154464622143,-0.10058005599677747
Slc16a8,-0.01750975169297962,-0.29663397878130016
Ripk1,-0.01757674074127497,0.5526632879878561
Bdkrb2,-0.017828108394922274,-0.0770825333250376
Gsta1,-0.017856004400897105,-0.4492021537028346
Cyp26a1,-0.017956717270947532,-0.08149049917927186
Zdhhc6,-0.018632386876122765,0.3709582965988929
Htt,-0.01867323411585448,-0.6014182212686112
Map1b,-0.019048636953236865,-0.8439923890072832
Maip1,-0.019127298251836834,-0.5742877394212419
Bhlhe40,-0.01940705072686511,0.6350962383471846
Rgs9,-0.019668662658073603,-0.5220701414271773
Eva1a,-0.01970973408264474,-0.5841978789047975
Nploc4,-0.019842069796401816,-0.11882552247680073
Mlec,-0.020008293484919587,0.12359949720510537
Egr1,-0.020025297092196165,-0.0418622271829154
Prl,-0.020189629896336988,-0.09274863771332191
Slco1a1,-0.02023813957766999,-0.3861050405083708
Chrna1,-0.020242159056492074,-0.046098725671875555
Tsg101,-0.020387801132734248,-0.5670975244626548
Nup62,-0.020558762847213967,0.8242702559596464
Nhlh1,-0.020699784163268158,-0.27114192259575
Marcksl1,-0.020831932046644106,0.7955820941824143
Sept11,-0.020837109844622757,0.643393764239593
Yeats2,-0.020980540054732863,-0.4490683973300888
Ifih1,-0.021181590365938953,0.6886421977754134
Amd1,-0.021199802239619075,-0.9387661941055826
Ccl20,-0.021290943369106134,-0.050439480393733686
Drd5,-0.021320004205715504,-0.7877283332943478
Cdh13,-0.021326486564708817,-0.6115672559309637
Dcx,-0.021354076722187858,-0.43622314469355294
Map2,-0.021868021859558013,-0.8678898698180226
Dcaf11,-0.021869309687110594,0.41966239122736504
Dock3,-0.02195915419263226,-0.900646159095726
Atxn3,-0.022195833055726123,-0.18722494471890935
Gcat,-0.022301857473826164,-0.9140738299549518
Prok1,-0.022310321941704136,-0.42840345827544146
Ppp3cb,-0.02251987935867701,-0.8610378606666778
Slitrk1,-0.022922688591265363,-0.906453967589761
Nrip1,-0.022930031635006346,0.7349547087686904
Parva,-0.023022864988230834,-0.6610846758441236
Noto,-0.023226125734486215,0.01282727546033083
Cblif,-0.02328758095355457,0.35723083641068
Tyr,-0.023338319321332814,-0.031069556246784792
Cox7a1,-0.023539813698725584,-0.24107233634476682
Dao,-0.023579542036326732,-0.8287175149809861
Chek2,-0.023588574593030733,0.8958043717521473
Dync2h1,-0.02369971487991382,-0.8230609925780562
Dkk1,-0.024154230219194425,-0.21665314508131728
Snx27,-0.024288124611059378,-0.896956837505398
Gip,-0.024330784151018373,-0.20202709979347336
Csk,-0.024395615254401117,0.8800578845811237
Il17rb,-0.024620983323684204,-0.6701525892571498
Fv1,-0.02480810030505025,-0.5269252165760298
Adgrv1,-0.025297040402903904,-0.6195500547715828
Klhl18,-0.025399468819262735,0.5702271133916351
Crygf,-0.025437270205084593,-0.20579088755268624
Crisp1,-0.025442635741563423,-0.4645076535289872
Atp7a,-0.02554579750596351,0.6894080039108498
Myh8,-0.02568821969730409,-0.4259920691901689
Fthl17a,-0.02573816937469672,-0.33675224189100833
Zfp281,-0.025873812121268144,-0.08648966347112497
Igll1,-0.026128802883798333,-0.31951505058979784
Zfp24,-0.026865255191424606,-0.24500188580972992
Entpd1,-0.026894296552631744,0.8835302915051245
Bcl2l2,-0.02694575505571986,-0.5489176116054617
Arr3,-0.027048938070445273,-0.15330307827959294
Pitx2,-0.027729135941586366,-0.38151654044593947
Syngr3,-0.027885180656357776,-0.6963998991751027
Rhoa,-0.028349808719490353,0.7706353967082198
Amigo3,-0.028351462992947187,0.24093122416199636
Scnn1b,-0.028428026465078093,-0.30764173989620003
Bax,-0.02853796352084398,0.8795745899376213
Cep290,-0.028671876590683123,-0.7618691380556905
Ntmt1,-0.028940370600702675,-0.2016479697379157
Dek,-0.029062625463903567,0.18326518262420086
Pi4ka,-0.029185765569201827,-0.8810432359497194
Zmynd10,-0.029195537884738495,-0.32154625491704625
Adcy2,-0.029472829603121878,-0.8757669189117755
Traf2,-0.02947529482488605,0.9015133397890898
Gsc,-0.029565005330746026,0.04460678089581398
Arrb2,-0.029658414935447856,0.9250349670155127
Ncor2,-0.029856923803155782,-0.0007713006764737645
Paxip1,-0.030185206445970454,-0.5992375728796405
Scn2a,-0.030437597419731666,-0.822834709678198
Cntnap3,-0.03052027724042538,-0.6200391223454248
Golga3,-0.030596788726249883,-0.0340629774516642
Jph2,-0.030655821173492415,-0.6044790284235136
Tal1,-0.030741972601684608,0.5120780726540669
Arhgap31,-0.030997888208951465,0.5960301018644718
Flot2,-0.03105032631394716,0.022118955383411423
Mapk1,-0.031143891957878776,-0.586918662617452
Nppa,-0.03124889448776202,-0.14882029923845733
Ebi3,-0.03168641853523942,0.9375972091028241
Cacna1d,-0.031716911357300696,0.6111096102021838
Siah2,-0.03175939465108177,-0.6823038010567823
Akt1s1,-0.03206877776055313,-0.028787221865353877
Ube2i,-0.03294470911705411,-0.21435664634207463
Myocd,-0.03309426766673851,-0.6840544303577843
Plppr4,-0.03331074570644032,-0.7440010471834211
Rab32,-0.033372580253229644,0.7979649829426262
Kcna10,-0.03339464466081755,-0.20302479358983733
Kcnma1,-0.033398549234477916,-0.8709250055539095
Rtf1,-0.033404436226240265,-0.3121493768426483
Nkain1,-0.03342103225487626,-0.6122744015045007
Bhlhe22,-0.03398388473233013,-0.6611238086523934
Piwil1,-0.03401318198755639,-0.02971496985902637
Nmrk1,-0.03404047217972011,0.24671594033649535
Onecut1,-0.0340914514118138,-0.5450722098795142
Pycard,-0.034092610988475644,0.8505024783370958
Il18,-0.03420330257967593,-0.7992998845157498
Chrm4,-0.034358829732151014,-0.549714996113578
Cldn23,-0.034399188485275504,-0.25026042754305017
Por,-0.03442313122674946,-0.7615795909304369
Rest,-0.03456250043792575,0.6503398072536771
Dbn1,-0.03464295816964663,-0.37225061820549976
Fgf15,-0.034740115522996544,-0.14043185504638903
Prop1,-0.034824316376072306,-0.37027467521903196
Ybx3,-0.03483459851610239,-0.10337315548648834
Mapre2,-0.034900271235808675,-0.8519147401201259
Olig3,-0.034980002700362355,-0.022195109516675835
Prkd1,-0.03508016931672182,-0.8263634288046656
Nelfb,-0.03545534934834389,0.2652648788491366
Ppp1r1b,-0.03558688035404357,-0.6348614695831517
Cdc27,-0.035630731894878684,-0.6227663113779658
Prdm14,-0.0357804598493773,0.05393871540308616
Kcnip3,-0.035907155063411106,-0.8506849279776815
Prl3c1,-0.03597656752285041,-0.1776425662159629
Arid3b,-0.036015790209922315,0.9110609282293315
Tubg2,-0.03603666719452389,-0.7728515324075078
Clic3,-0.03624783808161672,-0.3938300856245388
Akt3,-0.03631905778299078,-0.48623644999469984
Cr2,-0.036547824876584575,0.40020698965687435
Slc39a5,-0.037131713571150984,-0.4025260758986736
Abcg8,-0.03719609125647737,0.01280306589226652
Zfpl1,-0.037256910043029286,0.3183685751682458
Dnah12,-0.037597721267211205,-0.6725222528896984
Abitram,-0.03762407476228779,-0.17836402065294107
Ubash3b,-0.0378815551589096,0.21276737187560846
Prph,-0.03791458272928977,-0.029204045455945935
Rad23b,-0.038374494245682934,-0.32163382473862057
Pcsk6,-0.038699991577769995,-0.6921247353910012
Mstn,-0.0389872009477389,-0.37472377102650767
Adamts6,-0.039057137870199196,-0.4802062659615902
Adcy1,-0.039142363289064855,-0.7883567139020627
Als2,-0.039415211457068035,-0.19072104369171422
Ncf1,-0.03987314521947734,0.8465028728071302
Cdk5r1,-0.04001872280178994,-0.8086442099861135
Prdm1,-0.040197375388182424,0.8751910185902243
Fscn1,-0.04034747575676473,-0.10881044341910961
Gpr4,-0.04049999187583636,-0.7083416979834719
Igf2r,-0.040755346448885746,0.8474021088812195
Ascl1,-0.041178472399950095,-0.27750373075782975
Spata4,-0.0412678348608148,-0.5077601116486863
Scx,-0.04138786371686912,-0.27678027874258504
Myh2,-0.0414022548001638,-0.20851834711973247
Tab1,-0.04148049839477025,-0.07122420707360265
Slc8a3,-0.04221703607197833,-0.9292257304916066
Emx2,-0.04223108189145475,-0.2629075415189585
Il3ra,-0.042333066633284774,0.917523148197709
Gnai2,-0.04243614745980899,0.8172015609791333
Onecut3,-0.042526891605810496,0.016747460137760992
Pbrm1,-0.04258456497821057,0.685673596552956
Usp25,-0.04265009606239088,0.6915363369980658
Trpc7,-0.042842885299046764,-0.5264468763731667
Dgka,-0.043350226275858224,0.6913307760268766
Shoc2,-0.04384121164398054,-0.7231237831129725
Grm2,-0.044209220070772104,-0.700478375099559
Tbx6,-0.044236836672072705,-0.14781883408928656
Hs3st2,-0.044973973508098904,-0.710767975174566
Scn4a,-0.045211109181147596,-0.20890947931326295
Lcp2,-0.0453105689240612,0.8332538884937274
Pithd1,-0.0455738593195905,-0.14557088055297193
Klrb1,-0.04567505069139949,0.0068492961678090795
Ube2n,-0.04569014502149963,-0.48525113187152835
Cdh4,-0.04578824221969854,-0.7418944874995944
Btbd2,-0.04591186366183177,-0.6628139170354022
Hoxa9,-0.04603897747790006,-0.6705253438486013
Cacna1a,-0.04617610947683781,-0.8652859906545262
Nectin2,-0.04618801426243071,0.8090791796313571
Igf1r,-0.04682733890755743,-0.8378844631074638
Fxr1,-0.04683558128528286,-0.3672682746060179
Tbx3,-0.04754676144845436,-0.6296760248689879
Gria2,-0.04762419100699008,-0.7093692828363312
Ankrd13d,-0.04764410208544308,-0.6027213267125796
Aicda,-0.04776442916740475,-0.20572583677858994
Prl8a2,-0.047824226781211066,-0.06366335943899212
Itga9,-0.04796375742937397,-0.47084752300175753
Ror2,-0.04799195352284625,-0.6125218171050929
Chil4,-0.04802528029923831,0.1236444072967158
Il23a,-0.04818521273728193,0.10215772344915224
Prss21,-0.04847751846913319,-0.17207086301530122
Hoxb9,-0.04891554778190865,-0.7275295107558288
Syce2,-0.04891958039141257,0.5994353231707482
Mymk,-0.048979391504122935,0.46893969391704177
Zbtb8b,-0.04936302141275578,-0.5534759112993164
Tll1,-0.04954881841542783,-0.683565522979162
Klk5,-0.049638162634003294,-0.10365604791381573
Bsnd,-0.050173848492639214,-0.08556518372407944
Myo18a,-0.0503130660171014,0.06164763629061862
Fezf2,-0.05032949132713742,-0.2438506222008166
Nkx2-1,-0.050359250111050656,0.13405067801329235
Il2,-0.05053479926757438,-0.0020112640477678778
Npsr1,-0.05054401252077741,-0.26192052503669977
Cers1,-0.05078443016591837,-0.7600590083639641
Casp4,-0.05092875154578045,0.6231998244793426
Trpv6,-0.051262570096869305,-0.3315170591678534
Dpp10,-0.05127161921698507,-0.8529261303147577
Adamts18,-0.051291799163611186,-0.5615788383627524
Gmds,-0.05145218995064279,-0.31819815752227104
Mdp1,-0.05153629426329505,0.5912381626087054
Ppp2r1b,-0.05194306949319505,0.8699218565359687
Nsmce3,-0.05223766616788164,-0.7772123364810674
Slk,-0.05224726324376489,0.17840921772949483
Iqgap1,-0.05253415653706119,0.7618237520912142
Col24a1,-0.053267903132917294,-0.4245272781722845
Hoxb2,-0.053276430373194544,-0.34179139993934016
Grid2,-0.053284245098531045,-0.8569136652709829
Tox3,-0.0542617892042581,-0.7939195624834973
Kcnj8,-0.05438678962026343,-0.8139897861337673
Myt1,-0.054531935748452866,-0.13327519855370945
Mlycd,-0.05464295284573921,0.18685174645617056
Per2,-0.05487809005129603,-0.43807923120336634
Wdr61,-0.05492140831332247,0.4083139161802005
Cklf,-0.054965787056805625,0.7820543494250126
Cmklr1,-0.05526046113692965,0.9103975669362318
Gpx2,-0.05575665263470746,-0.18499750156075778
Nlgn3,-0.05582961635682783,-0.6875803196223309
Pax8,-0.05589644471363511,-0.6934754578697928
Ipmk,-0.05603430519324893,0.015517477302435497
Slc17a7,-0.05606882262630336,-0.38251667521520333
Fshb,-0.05617046978947072,-0.4196660351725607
Trhr,-0.05622283817228774,-0.6568359840916294
Aldh1l1,-0.05635124922501645,-0.47441253713861004
Mlx,-0.05687759244371099,0.09176023567211718
Itsn2,-0.05688105235720759,-0.2860660204786381
Cygb,-0.0573547957793245,-0.611992143029387
Lamp3,-0.05745612365850205,-0.12276504853883026
Trim27,-0.0574761400616396,0.8609467807993245
Kcnn4,-0.05760668252744102,0.8871197262230551
Rnf14,-0.057704146885611866,-0.912355579184871
Eif4e,-0.05879168536997347,-0.6250452036092656
Dctn4,-0.05912387530628009,-0.8117966465069051
Pip4p1,-0.059182101620420174,-0.27217788739831683
Ift88,-0.05924240705216516,-0.7970436678225616
Plod3,-0.059250446451568094,0.8851092147652542
Ranbp2,-0.05954002782020093,-0.17561379918611356
Mdm2,-0.060041554364103224,0.6061851100397556
Chrnb4,-0.06011802781011191,-0.31950758246733363
Rab3gap2,-0.06036002741104293,-0.146951497276012
Rgs18,-0.060613567906076436,0.6229259202763303
Azin2,-0.060765326861704314,-0.3772613193375585
Fubp1,-0.06076730253965439,-0.37257484077828146
Hsd17b3,-0.06077751365433256,-0.36906300382775103
Gata4,-0.06080701571582416,-0.035403933509728966
Cltb,-0.06099017275143437,-0.9022679678020455
Rspo1,-0.0611958475821831,0.08369434401835042
Mt1,-0.06134756832370852,-0.1613956892805938
Ldah,-0.06170049516274192,-0.8198789747929869
Cacna1b,-0.06203345992553321,-0.8354788860199206
Notch3,-0.062156150041033226,-0.5689713510017745
Stat5a,-0.06216167390413714,0.8270970810648153
Hcn2,-0.0630548485684131,-0.5649686182957903
Ndor1,-0.0630929040585538,-0.05793491133173916
Gcnt4,-0.06314364329433088,-0.8482022412043141
Polb,-0.063271585818954,-0.740223940415641
Fgfr4,-0.06334410014185946,0.6465509124720403
Prkcq,-0.0636413953556239,-0.7284652043174921
Zc3h12a,-0.06382542586487433,0.7609059564530761
Kmt2b,-0.06399360312996615,0.756415885862802
Ffar4,-0.06421735738388913,0.7653714461171587
Ift27,-0.06432528653621415,-0.7855568164359003
L3mbtl2,-0.064378528218177,0.006390821837984939
Riox1,-0.06483850415040313,0.742627498786227
Mas1,-0.06490457698038661,-0.2510266931098928
Rab37,-0.0651954520270603,-0.7556581727867168
Klb,-0.06538207024784934,-0.4568021655978119
Hoxb4,-0.06570715122186632,0.1687161594698783
Taf6l,-0.06587531776671679,0.7342746128620211
Cdk9,-0.06605294826152466,0.8733263973798144
F2rl1,-0.06609306929404313,0.523788188580805
Fgf7,-0.06630440160933919,-0.3694601444907259
Gad2,-0.06662432295547406,-0.8085329848607182
Lbx1,-0.06672291688253904,-0.7043331689900981
Tbx5,-0.06675514893856305,-0.22859054858228103
Grik3,-0.0668042972042359,-0.7163810890328134
Dhodh,-0.06695440878145414,-0.5104563823976085
Stac,-0.06709134948256501,-0.4404957385811213
Wnt8a,-0.06718946588080815,-0.4708018227824997
Colq,-0.0672125121949551,-0.303406812715138
Dsg1a,-0.06723126764549316,-0.4814052971789839
Raf1,-0.0674269601241905,0.7120276706793559
Pdap1,-0.06752218397210297,-0.21118908636712624
Ddx41,-0.06805027150996369,0.6075301096660273
Ptp4a1,-0.06808070354372671,-0.7072263629900317
Dlg5,-0.06812976042869336,-0.32544904125429086
Ppp2r5c,-0.06837740083696574,0.01856345102973634
Wdr62,-0.06850267587642458,0.8521066266259281
Iqgap2,-0.0685620971918621,0.6669209986392312
Virma,-0.06865309836159829,-0.21807699769726602
Ppm1h,-0.06876288354300968,0.9402724441934003
Plp2,-0.06885170526017718,0.6785069022748972
Adtrp,-0.06891218153868177,0.1309865649912475
Bsn,-0.06910776204014941,-0.8163672551920937
Fstl1,-0.06917192856246471,0.3172083097980524
Cyp1b1,-0.06937236629924773,0.6866737746104891
Rgr,-0.06959992596031239,-0.466293535066113
Gata2,-0.06961600997444775,-0.6267132127335304
Kcnj3,-0.06992516748790281,-0.8351653240113178
Tmprss4,-0.06994949091096447,0.35404802679533975
Dpf2,-0.06995425237850561,-0.09322142063715923
Dnah11,-0.07016028378063144,-0.6449361613251241
Tmprss15,-0.07039937868950011,-0.2128073036996441
Plin5,-0.07042974540654547,-0.44486554970867254
Wnt10b,-0.07056189138802996,0.3588622858825595
Grb7,-0.07074601976043622,-0.5863217837288138
Sept9,-0.07109179082542619,0.8129204630478976
Rhox13,-0.07123954333383432,-0.6209227136351072
Mtus1,-0.07128883343536328,0.06522042465028971
Cyp2e1,-0.07137916597570511,-0.27197943575602973
Max,-0.07170448400067363,0.626216334669004
Bglap2,-0.07173785081941535,-0.008725122112297937
Ube2g1,-0.07189846898877175,-0.7373749037819873
Cxcr3,-0.07238089995049651,0.8387913774924544
Cab39l,-0.07238563802856737,-0.7998873274022114
Vps54,-0.07241790544656267,0.4756041952342878
Bclaf1,-0.0726542503048107,-0.2813220493579108
Cd19,-0.07284825118063161,0.5619646116013823
Hmga2,-0.07295563425722214,-0.09269316885807032
Gpr107,-0.0733215529701874,0.49300340254133806
Robo3,-0.07333801318604617,-0.3943072119390425
Hoxd13,-0.07336656393823639,-0.3488013999636955
Klf1,-0.07370436859676116,-0.07099190347569341
Prkg2,-0.0740082338191076,-0.7630206355031125
Set,-0.07412130459608729,-0.527089853711987
Htr1b,-0.07442064656033898,-0.7851649531060005
Chrnb1,-0.07478614218084384,-0.2398738163097237
Trh,-0.07534120201229721,-0.4526387236597029
Gpm6a,-0.07569838015033202,-0.8086457068998275
Ly6h,-0.07576123696310258,-0.6528190375618169
Gtf2a2,-0.07582413830137201,-0.519275597750361
Cdh2,-0.07589989063702675,-0.7725491927165273
Erbb4,-0.07599184711861626,-0.8665685545326228
Rhog,-0.07599622515090529,0.5691440337089744
Padi6,-0.07606987449824532,-0.18321633728282166
Ccr9,-0.0760736646836064,0.6315156371266756
Fzd4,-0.07611002335000455,-0.6548239425409705
Ptger3,-0.07615699365412515,-0.6833964730677503
Cx3cl1,-0.07637780487449951,-0.7785308556751832
Smpd4,-0.07677510730418632,-0.4616612643528818
Klf17,-0.07709131884575586,0.08886768564538326
Adgrg1,-0.07731401496242024,-0.7412770545762962
Syne4,-0.0774570146893901,-0.5380161293171616
Rack1,-0.0777891914746648,0.7793738408791329
Tbx1,-0.07782260681005117,-0.367212125568337
Smap1,-0.07790993132621646,-0.2143255298807443
Hnf4a,-0.07813701187087588,-0.12581071598428983
Atxn1,-0.0783694550780172,0.4740495357024857
Cyp1a1,-0.0784769100233897,-0.3494478882971432
Polg,-0.07856646577046024,0.8701344577931521
Dysf,-0.07857993395614647,-0.28846412716534964
Wnt3a,-0.07859789147469634,-0.092402973408383
Canx,-0.07882308488420701,-0.3411038669252887
Kcns3,-0.0788324204936113,-0.8209306404512371
Mtf1,-0.0793195629124209,-0.5772830429906183
Prss1,-0.07939928772406214,-0.20599593000796468
Agl,-0.07958699386069114,-0.6628493786004327
Baz1b,-0.07960021894275611,0.009007254540385128
Tcf7l2,-0.07961308694527017,0.660160720961991
Smarcd3,-0.0797723651723069,-0.7660873274052751
Dkk4,-0.07983163644529441,0.002626855121619955
Slamf6,-0.07997177739704062,0.8314548836336856
Vxn,-0.08015657602109266,-0.5271718374813573
Avpr1b,-0.08023864822463496,0.26283059575753576
Nlrc5,-0.08056311415890606,0.8397201401882572
Nfyc,-0.08061530444724585,0.32257547485324284
Krit1,-0.08061559378282393,-0.2881060636405708
Kcns2,-0.08074030666450926,-0.7278886038092105
Ntf5,-0.08103740785661788,-0.0945066285560121
Phox2b,-0.08104884737190865,-0.3082121775400334
Slc17a8,-0.08129240357988864,-0.5113887621602143
A1cf,-0.08129968617772819,-0.39543507054476784
Faah,-0.0813066584556743,-0.5273397671683885
Ros1,-0.08185244467766276,-0.10026054053798691
Sox3,-0.08210526718981324,0.4512969198224478
Adad2,-0.08219626614838248,-0.4395096062311107
Bid,-0.0823902732644186,0.8466021627186086
Gpr17,-0.08245542599891796,0.3669083833703586
Rab1a,-0.08268415776225288,0.19203053117584737
Pdyn,-0.08286311871568619,-0.4354953303415125
Ilkap,-0.08296186404380507,-0.4813334229205359
Ppp1r16b,-0.0829867026048383,-0.7160494845011042
Mindy1,-0.08301256554995777,0.19559322854962896
Bcor,-0.08310236438741961,0.048849171839381464
Onecut2,-0.08310258230000027,-0.7063679452807795
Cd320,-0.08316118825316482,-0.6246968746807373
Gnat2,-0.08323436785991171,-0.27273108227876275
Smcp,-0.08326690989480834,-0.2728922749074233
Grin2b,-0.08344887584259622,-0.5152018389571638
Sh3bp1,-0.08369076445908005,0.9183329684063611
Nkx3-1,-0.08375029062405265,-0.23294875981108448
Atl1,-0.08378814642977309,-0.688947055743463
Trpv2,-0.08398833466891828,0.9157016881253959
Bcl11b,-0.084008722743628,0.07745424040613695
Asb9,-0.08437798718364374,-0.2393239047138593
Sertad1,-0.08440118350978157,0.5124002390082489
Gata6,-0.08447022926412923,0.37714634615988357
Tshb,-0.08459109953631405,-0.1820342267764568
G6pdx,-0.08468290205213803,0.6749005066416632
Ighd,-0.08487908940036887,0.588252887543516
Traf3ip3,-0.0851189404373086,0.9121389962322065
Gk,-0.08539276802111034,-0.6965371364734567
Crybb3,-0.0855480988010951,-0.19162928791022438
Kcnh5,-0.0857242632090633,-0.8289019744623202
Ublcp1,-0.08597140424001963,-0.7817359843187814
Myh7,-0.08599988727507826,-0.28137324615224824
Ddx21,-0.0860461107655441,0.6279470053189039
Map1lc3a,-0.08647949412439719,-0.7992156879376
Jazf1,-0.08662623420204045,-0.6375131876910066
Cd28,-0.08688190080925627,0.7172232853875138
Muc1,-0.08747022150753844,0.286210404030049
Chd1,-0.0878847709768672,0.5809414832279054
Odam,-0.08850092514958102,-0.2048275329355483
Brsk2,-0.08873603853089201,-0.888738623705023
Tcf7,-0.0889273496494837,0.7329701434717342
Fut4,-0.0889509730610662,0.8601029770652772
Vgll2,-0.08919919198539984,-0.17961003166981274
Brd4,-0.0892712309740482,0.07380505065240742
Ogdh,-0.08930274706960489,-0.8254979351587926
Rfx6,-0.08943258461937204,-0.3719770337190717
Foxa2,-0.09018163447289992,-0.4658288675934004
Cldn17,-0.0903596273798282,0.05815691346516647
Cfap36,-0.09051016330411238,-0.8355520889960709
Maz,-0.09063604972363644,0.5689704779286221
Wdr36,-0.09090435458628587,-0.026382078704142452
Wnt3,-0.0914956485397765,-0.6340907282444137
Sdc1,-0.09185972624377109,0.7137844928465477
Myh11,-0.09186977427103596,-0.6871188334119881
Kcng2,-0.09198513953881408,-0.49931363524173095
Cop1,-0.09225882258423025,-0.4198604880974213
Bco1,-0.09231786769832423,-0.057113989053443844
Cbln1,-0.0925023351755407,-0.8194714308790493
Spink12,-0.09253077115465393,-0.41536030594065493
Hba-x,-0.09263748145842499,-0.16543424786804886
Gdf5,-0.09325722054064771,-0.32698504101450354
Lyzl6,-0.0936382851490982,-0.27133236070257555
Hfm1,-0.09385770118479277,-0.5608545584059458
Sod1,-0.0939790676592344,-0.8170857837025428
Kdm7a,-0.09398386448789134,0.2384087867087737
Tnnc1,-0.09407170010101017,-0.049156447895744526
Hcfc1,-0.09411580724900001,0.2681454497177183
Prph2,-0.09428570113448519,-0.24152884455543722
Rasgrf1,-0.09458702416056658,-0.803344577443519
Prmt7,-0.0946269357823015,-0.25288680807034797
Slc4a1,-0.09477489492373307,-0.37937478174739864
Kdm2a,-0.09509682202973535,0.37718465040230825
Cldn7,-0.09528192000410075,-0.06678539067090948
Shh,-0.09557994688538175,-0.09639537238106975
Jam3,-0.09559651602397616,-0.8293458452155084
Cul3,-0.09566837531772403,-0.6601997694143106
Ghsr,-0.09576386450243699,-0.39100157199966784
Acvrl1,-0.09582420608131471,-0.5393933031311182
Cacna1c,-0.09585304136324403,-0.6063278624810577
Cdx1,-0.09604930086869656,-0.4523113897414667
Vwc2l,-0.09611865602977719,-0.8070299705064706
Sost,-0.09612567295963634,-0.48587115537284925
Smarca2,-0.09630917890863355,-0.4989813916690491
Oprk1,-0.09637299112792497,-0.6762328335552653
Tie1,-0.0966348868589743,-0.6156542877181297
Casp8,-0.0966665675139446,0.8443164775103115
Ghrl,-0.0967906632803893,-0.511987249107917
Numb,-0.09699536842857975,0.5258666792459137
Akt2,-0.09702267833323994,0.6348294661239803
Magoh,-0.09723082971758411,-0.37034613627492424
Ccr6,-0.09735805230705528,0.8241629099107705
Pmm2,-0.09752896149721463,0.5136888178015918
Slc26a3,-0.09759713221491695,-0.6612472438302717
E2f4,-0.09760945547767609,0.44720668637383204
Uncx,-0.09780937937015667,-0.3436357311985042
Usp7,-0.09818176234960704,-0.4411364366039507
Setx,-0.09825272282263342,-0.34633927590731084
Lztr1,-0.09825511959526727,-0.4238035074984439
Dxo,-0.09832273469381789,0.7404902262819886
Lrrtm1,-0.09836441783924164,-0.7739842012583092
Kras,-0.09892914439063745,-0.6245060212989167
Stat3,-0.09914024850764364,0.7111853935728155
Sema5a,-0.09929240911662478,-0.7684045995862523
Adm,-0.09987706659604267,-0.014377024697641636
Htr1a,-0.10023149816719015,-0.8858123435595132
Mcu,-0.10035516315223238,-0.8619498374459034
Mtcl1,-0.10050059138917812,-0.7704518467083914
Cux2,-0.1005864456138465,-0.7511665356459966
Metrnl,-0.1006013428721861,0.4792835752448472
Fermt1,-0.10078966907626245,-0.31844823539439077
Abcc1,-0.10103552247416692,0.6641742949912204
Hand1,-0.10107260192982713,-0.05333524238678852
Sf1,-0.10116732047715173,0.4680825924582383
Grin2d,-0.10144002941690977,-0.7778182535417386
Becn1,-0.10150750987210913,-0.04657204446739528
Wap,-0.10176640453444886,-0.3273024232203639
Uba1y,-0.1019460881105619,-0.24428323171942806
Mapkapk2,-0.10243025422408342,0.8976001953099505
Ucp1,-0.10279923881745291,-0.12846240148904806
H2-T23,-0.10318064629205374,0.8856307672279741
Stim1,-0.10334199865958317,-0.2972897828003645
Cd96,-0.10344733833391231,0.8329890929662458
Cd207,-0.10349832970955601,0.07004802653896729
Cntn3,-0.10415286414079276,-0.8815026490568274
Hps6,-0.10418111887451555,0.7908840401603806
Adipoq,-0.10437199108532708,-0.14817696998581725
Cryge,-0.10447623862084292,-0.12911255251513862
Dcaf1,-0.10460498737511538,-0.7422466447276359
Trappc10,-0.1047893050857355,-0.9014216390682487
Ireb2,-0.10483888236535698,-0.45483508426582614
Apoa4,-0.10491974232348195,0.25760440257473316
Map3k5,-0.1049818549335902,0.6057456987637267
Tenm4,-0.10500406585393081,-0.7184095811838234
Nlrp9b,-0.10500552304084476,0.17862950486120435
Cd3g,-0.10512436352735521,0.8468979148300039
Npbwr1,-0.10512802921438992,-0.7008828923914185
Gata3,-0.10560819216277435,0.7829868494298141
Mfn2,-0.10566755342539862,-0.4876138612358377
Srsf2,-0.10588447054756611,-0.32445241809905184
Glg1,-0.10611658641934285,-0.7150662978291296
Kyat1,-0.10612872015395015,-0.7812624791859992
Ptprn2,-0.10639969141396546,-0.6558551832199366
Lif,-0.10674115378161463,-0.13480773177844663
Col10a1,-0.10704241816282382,-0.335823077479375
Sfxn3,-0.10741830885832954,-0.24434513000861793
Npffr2,-0.10749604466674935,-0.8130571249661385
Slit1,-0.10760884087111751,-0.5868194512742358
Gata5,-0.10771971021311877,-0.22087009697169585
Dazl,-0.1078166469355554,-0.6273206235448033
Ifit3,-0.10808706382219807,0.5616486217380133
Dennd1a,-0.10812372246667872,0.6806173795648914
Mbd3,-0.10837212292753344,0.608949734669546
Sox11,-0.1083828703176234,0.3686703109574669
Gnai3,-0.10846160204949144,0.7121077645345057
Ksr2,-0.10886929404265976,-0.8395770202162584
Oca2,-0.10900441366008395,-0.5214301209884588
Celsr3,-0.1090208258038239,-0.3275846918574352
Sfrp2,-0.1095139206485576,-0.7846491222185732
Sult2a8,-0.1096518119637652,0.2988707015177048
Katna1,-0.10984246901815775,0.35893994982915534
Amhr2,-0.11011257381379023,-0.6650602135174286
Adamts1,-0.11020972460147366,0.060882663404806206
F2rl2,-0.11023336369041475,-0.5296348825114409
Igfbp1,-0.11029831627172239,-0.23117448024056472
Gsx2,-0.11036233223108213,-0.10185717265570726
Rel,-0.11045185578818638,0.8423019327631448
Pla2g2e,-0.11048963631412619,0.7130456047844852
Tlr11,-0.11107221691601586,0.8160095460407623
Egln3,-0.11119143416851376,0.4318533793188405
Cr1l,-0.11145880355091266,0.226050993709462
Cd209b,-0.11171542169469481,-0.505836789184412
Adam10,-0.11224037422441276,0.2213014240624971
Usp3,-0.1122447086288846,0.7402278340922985
Eomes,-0.11304558397105686,0.8337218429388173
Oxt,-0.11334547026433751,-0.2672840893575482
Syn1,-0.11348851709611388,-0.8895145284352562
Gcm1,-0.11392691083043628,-0.13461551287641338
Acr,-0.1139664522406175,-0.2927059614390151
Stk4,-0.11434461587918944,0.8416960761007173
Cdc25a,-0.11440328777208707,0.04308327127394463
Klhl3,-0.11440773107453707,-0.563547347553894
Mrnip,-0.11441120492462359,-0.6692397026998869
Stk32a,-0.11443855641195631,-0.24086890232166386
Plppr3,-0.11446115358839246,-0.509085866847596
Maf1,-0.11454711153964815,0.3976973487823606
Tet3,-0.11468454418460433,0.4613307465203619
Ubac1,-0.11473131484623864,-0.8172103016580214
Mast3,-0.11475601639263971,-0.34225949337985817
Adora1,-0.11491094774002306,-0.5477669643123888
Slc26a4,-0.11495295622320788,-0.30971728167241913
Ikzf2,-0.11496565290642492,0.24750992281642697
Mcub,-0.11520902505118355,0.6662527905753131
Evpl,-0.11544303618830838,-0.2910286156558999
Trbc1,-0.11579581272625399,0.8981737041370758
Actl6b,-0.11589654631787834,-0.754357602117391
Adra1b,-0.11624454537068492,-0.7971493236467695
Ptafr,-0.11634073464146633,0.8726773647637548
Mapk7,-0.11652053197758713,0.8589020199306054
Fam107b,-0.11675139854295895,0.5161527164348679
Muc20,-0.11715898184456137,-0.10673998091281456
Eif2ak2,-0.11726941381864552,0.5790521902706997
Pla2g10,-0.11745200292317515,-0.2334595303834152
Ube2g2,-0.11780043358195631,0.6633617677501042
Myh1,-0.1179232496935634,-0.15800902627242805
Akt1,-0.11796191077523224,0.7015694769659094
Gsdmd,-0.11815819880726078,0.9139043019242722
Il18r1,-0.11831553207531466,0.7644845160641168
Fshr,-0.11836082570848887,-0.4481386169742782
Grk3,-0.11867374390207294,-0.624663247178712
Sidt1,-0.11888684028911563,-0.10222660784280192
Sept6,-0.119112064222639,-0.2591502915074996
Gal,-0.11945002946559312,-0.3716694478582322
Hcrt,-0.11947420583858094,-0.06921056213073007
Krt71,-0.11974948010451208,-0.3696397229584228
Frrs1l,-0.11976075832942192,-0.8569703296284082
Trim34a,-0.11998617197856361,0.8492372889064714
Rnf130,-0.12007905380484486,0.11659089802774938
Sag,-0.12046019896208925,0.6225770488893037
Plin1,-0.12057260503236394,-0.15450974236858406
Retreg3,-0.12066088139260168,0.3640913005796903
Slc44a5,-0.1206852795503272,0.08033199594819268
Wnt1,-0.120758831658465,-0.26591939616474636
Cdx2,-0.12076734179655245,-0.2372718408406587
Vstm2a,-0.12077906393975622,-0.7933082341956224
Cdk2,-0.12094053973262454,0.8674714812097326
Clec14a,-0.121046721163471,-0.13903143601887072
Rnf144a,-0.12109261755511362,-0.7196955522651851
Cldn2,-0.12123669037846867,-0.44845045874910944
Suz12,-0.12163412228976332,-0.20364212818559368
Ghrhr,-0.12212950337456124,-0.13521017155918932
Etnk1,-0.12216652669317443,-0.8581878847755866
Pzp,-0.12233459629719216,-0.3659867502500884
Prpf4b,-0.12271144974098178,-0.1259212453855702
Birc2,-0.12319785238134862,0.2881509010732012
Rab5c,-0.12329920981812272,0.8085620197386607
Treh,-0.12338437007750139,-0.28661743286506475
Kcnj10,-0.12342276384714346,-0.8067913411386296
Hikeshi,-0.12379649774537375,-0.8517582977936607
Ube2b,-0.1239952202334253,-0.7866076582406616
Ccl5,-0.12420733769979543,0.8724181323740207
Pik3cd,-0.12425182739790809,0.9052460516082481
Adcy3,-0.12427407975111657,-0.4209220698203147
Timmdc1,-0.12429333975737242,-0.7396070533682338
Litaf,-0.12432317721281286,0.6805642858210328
Six3,-0.12434575860060315,0.1109070306215407
Src,-0.12453438417656412,0.6774885443842373
Eloc,-0.12458221038205576,-0.8074958985218438
Hivep2,-0.12469815891791085,-0.15066818201398846
Ikbkb,-0.12485306590677321,0.8678517151276338
Itga5,-0.12524668114441112,0.8269394467278987
Hnrnph1,-0.12570815604414332,-0.6474395483861486
Atf6,-0.12634609924503967,-0.043841353609362886
Fbxl16,-0.1264120512668809,-0.5480896536736203
Tceal5,-0.126791987062152,-0.8615126080606232
Ap2b1,-0.12685759430846696,-0.6798342575823559
Eya3,-0.1268593600376955,0.6822473659836402
Eif4ebp1,-0.12698031545619112,0.6832244719896976
Pak3,-0.12698343945000093,-0.7910349238900886
Lrrc15,-0.12747444569338223,0.0643218488291496
Syncrip,-0.12808423105662362,0.02925424599799843
Nr5a2,-0.1281000039195434,-0.496319293217345
Hoxb8,-0.12818123323266917,-0.5155118891813054
Mmrn1,-0.12844855629104734,-0.18449651972849446
Dpysl2,-0.12848702968498632,-0.8957561164789909
Rbp3,-0.12851517910064605,-0.40650415287681674
Rab11a,-0.1288209376408446,-0.806247301960822
Cxcl14,-0.12885976755476047,-0.7637230983444042
Rgs3,-0.1289044150285386,-0.44073616252899217
Tlr4,-0.12940327432398827,0.6454299931565826
Klhl41,-0.12940781280660557,-0.5502757821041281
Gsk3a,-0.12970703343471637,-0.6836036869890281
Sema3f,-0.1303820298733888,-0.41978739087601463
Cdh6,-0.13044585909507217,-0.7876666729192078
Erc2,-0.13046491199009608,-0.7579557437651862
Xcr1,-0.13052722166517833,0.7844206544891225
Klf4,-0.13060791575408057,-0.4882281267060068
Cd70,-0.13087263008742578,0.5340043604610848
Gpr20,-0.1316738037249761,-0.6012086636155016
Cd244a,-0.1317573808105628,0.52769385732235
Atp6ap2,-0.13195781261147108,-0.4550993129249843
Dnah5,-0.13219898710144548,-0.7839923876077056
Gar1,-0.13226619410849322,-0.2883573201845125
Gria3,-0.13245561043483012,-0.7624796359158038
Tlr6,-0.13249991080821655,0.8482009167721795
Cib2,-0.13271442875484818,-0.8450319378692528
Slc30a8,-0.132885263551369,-0.4003021666863461
Cdc37,-0.1329100555035206,0.2867772385674814
Samd11,-0.1329187579148225,0.3884252503824669
Agtrap,-0.13303467516050982,0.8131474910164933
Bglap,-0.13338077124857933,-0.0469955651075884
Mos,-0.13350850861160243,-0.47088323515598185
Synj2bp,-0.13406258263227736,-0.1513125452552881
Hpd,-0.13420655263462672,0.0830128152036899
Gabrp,-0.13425659320093195,-0.2830862085073322
Cyct,-0.1342835551426435,-0.13446810105144805
Hoxa13,-0.13433315685186947,-0.23463331423480158
Dlx2,-0.1344649179664913,-0.33937719385208537
Rab7,-0.13451105911543057,0.7446200395658465
Sarm1,-0.134569994967208,-0.453235247239738
Actr2,-0.1346475834067829,0.574736599695169
Gpr139,-0.13517821230113214,-0.41331981540729995
Tnfrsf14,-0.13518980427209332,0.8761708011585678
Nae1,-0.1352122969881283,-0.6485759457833012
Pdlim1,-0.13541226795020037,-0.5841015392387082
Urm1,-0.1357023987042903,-0.22921479458774982
Phf10,-0.13585613982429168,0.17571006276251527
Etv1,-0.13596350895004017,-0.8250982708479221
Arf6,-0.13688378386189962,0.7435239022705784
Hat1,-0.137207349024439,0.043604263205996696
Emx1,-0.13769269207954782,-0.1265924109477681
Cox8b,-0.13774010759638677,-0.38351258233768676
Psmd10,-0.13854263726942415,0.4024858266274806
Gtf2e2,-0.13865651905649068,-0.3949550065263975
Meis1,-0.1389335558711517,-0.8945073692216925
Inha,-0.13905566867248362,-0.333127921425417
Prmt5,-0.1392927958891544,-0.5029890739839078
Cttnbp2,-0.13935956463487725,-0.858623646069565
Timp1,-0.13958918858855088,0.7266145347033112
Gabbr2,-0.13962984632018421,-0.8814091882443073
Cps1,-0.14005123256585345,-0.20682074259162178
Lvrn,-0.14044805671287702,0.21006949408080539
Daam2,-0.14072194887179834,-0.7716406400520378
Add2,-0.1408543020656641,-0.8071454896531913
Muc2,-0.14091397659392257,-0.48771616208016894
Rala,-0.14098514572501328,-0.6937740775341128
H2-DMa,-0.1410389769044075,0.9088593036597898
Arid3a,-0.141294377906635,0.7526563595747312
Etv5,-0.14142912143243574,-0.48215954869802174
Ccnb3,-0.14155101743779422,-0.08909694326522802
Kcnj9,-0.1415776886285185,-0.690616767717303
Pa2g4,-0.14161387198722802,0.11051186243553218
Mxd4,-0.14162038523078568,-0.16884159632666662
Foxi2,-0.14169411356095651,-0.0734184501112175
Ap5z1,-0.14182100365268577,0.2154263187672068
Psmd11,-0.1418651223067969,-0.01553861461444814
Camk2b,-0.14219532696195275,-0.8265739006008467
Nfkb1,-0.14229862229827678,0.8799316243504345
Tmem163,-0.14234427284267637,-0.51065185108814
Emsy,-0.14260310318750688,-0.7407562975767831
Smarcb1,-0.14265140875209895,0.2817957281199543
Cd24a,-0.14316319401633942,0.2200813677233844
Hnf1b,-0.1432373856189515,-0.5647913658053441
Cacng1,-0.1435682866891129,-0.23486375138041157
Apip,-0.14367240313440324,-0.03753354126363394
Ptpn22,-0.14372657111839357,0.783311925168662
Neurod2,-0.14391891251562372,-0.8171128121573235
Glra2,-0.14412716653848492,-0.8513321006236234
Kcnq3,-0.14420662149563482,-0.7656595782329918
Dut,-0.14497155409503082,-0.602432315561459
Zdhhc7,-0.14512144688862724,0.6305011484729693
Odf2,-0.14528762608192197,-0.21005718887614766
Epas1,-0.14535744162051512,-0.871810308834431
Orm1,-0.14574651688939164,0.47944033052869817
Rec8,-0.14577163341595337,-0.4710112186454288
Kcnn2,-0.14577681234813172,-0.8156500819863154
Slc6a14,-0.14599221690207267,-0.388593217483666
Ddx58,-0.14600762133602527,0.6152025909899259
Sdccag8,-0.146145743648479,0.5819159677937698
Cyp7b1,-0.14641967207524204,-0.4067134781597519
Pfkfb1,-0.14668847160389933,0.6503297318563755
Cyp19a1,-0.14687970898448172,-0.3109474013035076
Lingo1,-0.14693925013901687,-0.8396886194945254
Sirt3,-0.14695733784116727,-0.8710986716512428
Sorl1,-0.14713863915654232,-0.7023895530685806
Prl3b1,-0.14731834543312602,-0.25055639450740985
Frmpd1,-0.1474385267240072,-0.69634347072597
Lgi3,-0.14762414237713853,-0.8208709466546946
Trim32,-0.14790843741183016,-0.6186331764368481
Klra8,-0.1479114273625998,0.5926020964831568
Cnot11,-0.14791810529244379,-0.3415911742340023
Cd27,-0.14832152905408125,0.7931029092082897
Stx1a,-0.14844917305838323,-0.2136626092410732
Irf9,-0.14877873741703293,0.7617308555570714
Atg3,-0.14917911008691367,-0.42664879535042566
Mtor,-0.1494197182559746,-0.6770382569168593
Myh9,-0.14974602713408217,0.8265126554704177
Arhgef1,-0.14988777256809885,0.9448804986148449
Lancl2,-0.14991176049137733,-0.8655524977751875
Fgf21,-0.1503550837175947,0.10485441249164933
Clic5,-0.15037956468287875,-0.7770850968789833
Serpine1,-0.1505203041316111,0.6726323485189141
Chst10,-0.15057890137142566,-0.8029483466418982
Cdh8,-0.1509480264511122,-0.7477884457309767
Mapk8ip1,-0.15104246862660325,-0.7710717476786473
Snrpn,-0.1521068665039844,-0.821735071607816
Ano5,-0.15215186637339992,-0.7603625523834148
Cd8a,-0.15315335551870787,0.7523535466447246
Kcnj5,-0.15318204798035562,-0.34047907617097695
Srf,-0.15356577476230368,0.43526443557359423
Eed,-0.15358035269905426,0.5932164533667347
Sox14,-0.1536617565472098,-0.7094706739457005
Rheb,-0.15367109335894116,-0.7483729679898675
Sprr2f,-0.1544094522209569,-0.3220492239881799
Relb,-0.15468044534690137,0.8630924353837519
Ttn,-0.15510850975070456,-0.2089449671246565
Igfn1,-0.15529198474614814,-0.20656213143658528
Ryr1,-0.15580634833834572,-0.3040432521569711
Mettl3,-0.15584539642321515,-0.5323618769658836
B3gnt6,-0.15591446137212767,-0.062081256210410614
Irf4,-0.15607505408919345,0.7919782335099851
Orai1,-0.1562086327189252,0.6990900090451558
Psat1,-0.156251553742246,-0.6991544931132836
Mybph,-0.15639514112239525,0.4116854046940958
Tbr1,-0.15640520360743904,-0.201018486977406
Enah,-0.1568369122206136,-0.8204689589676551
Gabpb1,-0.1573053119879115,0.02207764708595197
Peg3,-0.15736509475720306,-0.739098133826936
Plvap,-0.15776192192214214,0.21520046671049886
Wrnip1,-0.15783832352464572,-0.4839217625259553
Plagl2,-0.15844405405205264,0.8711794444701196
Cltc,-0.15890944954825467,-0.5349947912510807
Cd2bp2,-0.1589738863276335,0.45243644972524144
Ercc1,-0.15906246638801672,-0.34971796705424163
Avpr2,-0.15911804846356112,-0.1825178818400466
Rad9a,-0.1592109885884692,0.8073921261668211
Zfyve9,-0.1593407966813569,-0.925059368911924
Itgb6,-0.15999498647586333,-0.42558393622422686
Nr2e3,-0.1600372383341504,-0.15960705229117433
Ffar3,-0.1602044164627035,-0.2515315586934042
Matn1,-0.16023565760321098,0.14747552088032304
Alox12b,-0.1605517743727337,-0.37251813874931683
Hcn3,-0.16055336542954352,-0.528966586556356
Flnb,-0.16071419734388,-0.3189782178737278
Atp4b,-0.1608073633263,-0.2423269735065582
Slc3a1,-0.1614411567076548,0.19153261695209362
Mre11a,-0.16174557325929134,0.8279534438318866
Rbl1,-0.16183866907221736,0.7154150101214056
Hnrnpa1,-0.16206664873553164,0.5617743070538402
Rp1l1,-0.1620896427824428,-0.10106990796251196
Rxfp2,-0.16211114125018164,-0.43347883912170065
Dmrta2,-0.1632721345382652,-0.0916619323059555
Siglech,-0.16333227880923026,0.6568752586399207
Cxcr6,-0.1634592299913039,0.8431732337580732
Flna,-0.1636001172497126,0.7667549269501668
Maff,-0.16374161796449227,0.7206572806790533
Atoh7,-0.16432942151100693,-0.5980249025486252
Pml,-0.16491316574370685,0.8407714863445009
Mkln1,-0.16502719468493005,-0.629587920759376
Des,-0.16503170138309753,-0.3056649778502615
Chrnb2,-0.16515105736248323,-0.7280431071629317
Chka,-0.16520691295778142,-0.4081596413913536
Cd300lf,-0.16522712013523838,0.8533041068456207
Hal,-0.16556371169745504,0.19631871099884823
Pde6b,-0.16594251847379987,0.04254456485695064
Atoh1,-0.166303489889959,-0.14632708796854138
Homer1,-0.16653990860606377,-0.5479923216980372
Tmem63b,-0.1666608317250014,-0.7897779386474056
Hmox1,-0.16667897216588234,0.8039658609915847
Cd163,-0.16736853375101512,-0.10533928948113544
Cbl,-0.1674342719558218,0.7082181353159164
Npepps,-0.1678834177632705,-0.7667684790063464
Msr1,-0.16825560981999596,0.7598232134530877
Tubgcp2,-0.16828137781841743,-0.17304372484845829
Apaf1,-0.16835821136496998,0.8200202153692715
Chd7,-0.16853678858988927,0.8801927992826017
Foxi1,-0.1685379500822586,-0.012615826539370389
Shtn1,-0.17005192715602757,-0.6358578148845324
Ibsp,-0.17036940024428923,-0.0723421819829525
Nyap1,-0.17047168572831325,-0.7549172212543471
Elmo1,-0.17052000319607644,-0.4184520681909751
Pkig,-0.1707483245901637,0.40181010869634215
Ptpa,-0.17087769642882125,-0.6871546536337175
Lasp1,-0.17099374562521602,0.8213432808376079
Actc1,-0.1710315378657607,-0.1974125041540951
Atf4,-0.17109401772043253,0.11638930750042248
Spop,-0.17122864837416982,0.10670640135684392
Yeats4,-0.17128694302627154,0.7313066480681212
Asap2,-0.1713527550906801,-0.6919725635404247
Lta4h,-0.17156978661898095,0.5201898307857734
Cdh20,-0.17208276426295074,-0.7869429406221375
Ssrp1,-0.17244772819395213,0.5445904040545996
Trdn,-0.17261705200610059,-0.20675181057090977
Galntl5,-0.1726950469335027,-0.2646238904667285
Cyld,-0.17282135852399388,-0.569467346533066
Slit2,-0.17292880943960928,-0.7951249441970953
Pxn,-0.17322860856374667,0.7209503455065269
Smyd2,-0.17325930202841752,-0.8318823207394813
Ccar2,-0.17350234671765877,-0.3901985267853485
Cmah,-0.1736713167120284,0.6596076945859715
Pde10a,-0.17430840084953664,-0.8107512780241366
Lhx2,-0.17438489574836952,-0.2276583693501103
Polr2h,-0.17444368700545929,0.10523952247423012
Fbxo33,-0.17468402967475496,-0.7844551268144003
Gdf2,-0.1751059699063542,-0.1744529850733357
Def6,-0.17529230268433799,0.8900282227272066
Syk,-0.17531417839945418,0.881641324791852
Phb2,-0.1756381571771688,0.7352235261305251
Map3k14,-0.17573199680631935,0.8620280707377727
Grhl2,-0.1758567808890831,-0.30786837766149666
Efna3,-0.17592353965973503,-0.9217271333727272
Hoxd10,-0.17596001054078214,-0.17902040979772008
Fgf5,-0.1759957604101333,-0.7865616630020409
Nfu1,-0.17615270662056173,-0.539666008928274
Pmch,-0.17649495604855148,-0.35927196269081907
Gfra1,-0.17679709865999832,-0.30133923924940675
Prl3a1,-0.17687160097090623,-0.07688308925380848
Gata1,-0.17697241761050553,0.26814673260496674
Tnr,-0.17714341797412614,0.0754671514727897
Casq2,-0.177320341308301,-0.3240046890560222
Shox2,-0.17785103301144636,-0.8045853661582119
Cfap57,-0.17816964378666258,-0.709673468158873
Bace1,-0.17830525796646085,-0.7869173809365537
Banp,-0.1783582701496056,-0.20095272101303896
Cisd2,-0.17862290273460013,-0.4692772996678453
Angpt2,-0.17881807841719888,0.0680188639385162
Trim21,-0.1789490165407457,0.7797681880721572
Lrrc52,-0.17913054142148976,-0.5471910937131336
Fryl,-0.1791783707264876,-0.7623455721154871
Gch1,-0.17918956641068104,0.7825043865570062
Foxl2,-0.17923480814689094,-0.5986574189378983
Ambra1,-0.17959888952241634,-0.42631636975881354
Myf6,-0.1796634801807643,-0.2857917601916819
Odc1,-0.17967122948632988,0.3359596739886484
Chuk,-0.17967655386744813,-0.31867772902747676
Cyp17a1,-0.17974393563527413,-0.2938481226364721
Kif2b,-0.17983012523542993,-0.25379204945216743
Ndufs1,-0.18007442156369055,-0.8619099246139087
Havcr1,-0.1801260639987426,0.5678771194471994
Jak1,-0.1802066991149892,0.4645372851639356
Lhfpl5,-0.1802932250019548,-0.700030816326431
Ins1,-0.18037424236843716,-0.19361211087550473
Hoxd11,-0.1804655539736182,-0.18124606048250205
Lamtor3,-0.18054405561235448,0.38238896341166817
Rprml,-0.1807258897554377,-0.26553048995756395
Cd3e,-0.18110175290614455,0.8688834627246587
Il13,-0.1812670153245277,-0.06611942863936789
Hoxc11,-0.18146308176201376,-0.17701366312529251
Ash2l,-0.18178330422499933,0.1379754289933389
Krt78,-0.1818306649698081,0.022937728710249693
Il2rb,-0.1819444843055698,0.826222326181803
Sel1l,-0.18219959348358195,-0.4525083771762638
Pafah1b2,-0.18234686353901822,-0.8611223989920594
Pard6b,-0.18245255123310136,-0.7643706254788005
Kdr,-0.1826392064806572,-0.6559917471842472
Pde6c,-0.1832428013058197,-0.3867559676337335
Gpbar1,-0.18346267057823346,-0.1693439329444466
Cd3d,-0.1837907883256318,0.8271290885897425
Pbx2,-0.18421546124871482,0.9299390690292962
Ccl24,-0.18430140725467786,-0.2710212107427796
Il27ra,-0.1847793146433533,0.8058147041117742
Cse1l,-0.18515090945654233,-0.4316161580550934
Ccna1,-0.1853685325327307,0.09799206544434916
Fam192a,-0.18549977287802313,0.11369163202246385
Cntnap1,-0.1856718335428192,-0.71855625293529
Itpa,-0.18573173171458238,-0.41141797979256833
Tesmin,-0.1857808419513591,-0.007725500995196531
Uhrf2,-0.18582392236838144,0.5145675680716246
Foxg1,-0.18586721842651363,-0.5430801404455627
Mmp16,-0.18594559316120132,-0.5299419298030256
Ccl12,-0.18603349773490221,0.5192774655674066
Misp,-0.18612101017940003,0.45761617879003785
Mrm3,-0.18621749032244783,-0.6898330396235078
Anln,-0.18625887778059516,-0.7946699196564535
Mark2,-0.18630226747835826,-0.19622263706962662
Ackr2,-0.18640138279725088,-0.24329885033415516
Bnip3,-0.1865069700093624,-0.6256697386330291
Tsc2,-0.1866266915962504,-0.7991095678135558
Krt2,-0.18669492261647133,-0.3920067398451777
Fbh1,-0.18669735410479146,0.19815394745080203
Mc3r,-0.18696466346101348,-0.2523622931122837
Fto,-0.18743162084234993,-0.404394277033434
Lhb,-0.18778534770063499,-0.20485177574623045
Hoxa11,-0.1878814489471244,-0.1655525197416682
Elavl3,-0.1878935724606881,-0.7895753519292609
Mepe,-0.18805501260117474,-0.16042133054132526
Stat5b,-0.1881769355838649,0.7371682479813569
Herc6,-0.1881828541546044,0.7349295237622081
Lck,-0.1882997740767008,0.8717814224344528
Csde1,-0.18844205861403157,-0.09371024137542705
Nrf1,-0.18853480901766048,0.17771628640964227
Cpa4,-0.1886893019700824,0.35594996537105655
Sorcs3,-0.18897591017244286,-0.8431074362828612
Ep400,-0.1889944255981588,0.19278530916913775
Noct,-0.1889978836031278,-0.6555215089628702
Psmd5,-0.18900706688134142,-0.8594200754110491
Pax4,-0.18907031878601058,-0.144030072364168
Rnf31,-0.18909256374803812,0.7537863170969172
G3bp1,-0.1891557814478971,0.6713010685417361
Ppp1r3a,-0.18916310926387128,-0.3174086361297757
Anapc2,-0.1896216175426465,0.33575514228053
Adgrg7,-0.18962273718856132,-0.10889475491444427
Fn1,-0.18991621341163684,0.7381633586658469
Ranbp1,-0.19009094740469334,-0.2862068032314491
Ciita,-0.1902012946060575,0.8475768999292116
Igsf9b,-0.1904125990564315,0.2091408547077786
Dscam,-0.19043042951302325,-0.6799567044776361
Msra,-0.1906140552131286,-0.1285069400044695
Adgrb1,-0.19069651681051616,-0.7927013697538731
Pard6a,-0.19076822456717998,-0.2655909359749322
Kdm2b,-0.1908293295974337,0.8594482755484504
Plekhg4,-0.19104007133645529,0.19860843239563847
Grin2c,-0.19108636624035918,-0.7886385282216735
Igsf5,-0.1914205033050891,-0.7561520641844881
Cd209d,-0.191421881417242,0.6221004545504755
Ppp6r3,-0.19152511721357526,0.2799959266846999
Dusp6,-0.19199879958308172,0.8436847418776222
Cysltr1,-0.1923101085295255,0.6229500283936195
Pah,-0.19256654687979657,-0.46305454584400085
Esrrb,-0.19264204407550284,-0.6828152749862967
Slc25a17,-0.19268971492268824,-0.682276528047514
Slc9a3r1,-0.19292693080392265,0.7832773818828072
Ly6g,-0.1934420111404139,-0.008501207125627179
Mmp13,-0.1942270641148137,-0.07848896926033934
Spast,-0.19428155104421563,0.14924373535752813
Fxn,-0.19439723158333297,-0.2342341191610404
Pcna,-0.1947819459540869,0.2902506435790355
Il13ra2,-0.19478264204017304,0.12565056988314507
Nr4a1,-0.1949528227459695,-0.3212137866391542
Psmd9,-0.19504320125923458,-0.12007464591694465
Atp5f1,-0.19535989205449025,-0.6318100518780418
Arc,-0.19543047856981977,-0.8127992426496111
Epb41l1,-0.19563485213217435,-0.8796455817727535
Gtf2b,-0.19577840156698534,0.032724870783790334
Traf6,-0.19654518923601189,0.20581557006351442
Gipc1,-0.19667156347854087,0.705749103712464
Emilin1,-0.1968579721880886,0.7441748475711166
Pcdh15,-0.19710135006002408,-0.7523972394186874
Lnpk,-0.19743365700409404,-0.8418817052228129
Gucy1a1,-0.19749384229081107,-0.7769823876727313
Gria4,-0.19753123499205075,-0.8941108327942812
Tdrkh,-0.19776925601081355,-0.8978648139880169
Uts2,-0.19779198036364834,-0.23172617682740576
Gpr22,-0.19783664583224023,-0.8999402135602784
Ngf,-0.19790544828058088,0.3124292132786812
Nrarp,-0.19801482618305055,-0.6057904519738553
Nr5a1,-0.1982497209366239,-0.265659899427904
Mettl21c,-0.1985141718759601,-0.24502765306284258
Ocln,-0.19863213443176686,-0.7718524954638192
Pdzd7,-0.19863255170760769,-0.4945935207791728
Cdk5,-0.1987623357386791,-0.7544162268939488
Fas,-0.19883120752879258,0.35593822592705404
Adgrf5,-0.19898754297142646,-0.7964408086711288
Brwd3,-0.19909566168438406,-0.17011892887242522
Ifi44,-0.19928755493016356,0.6499880237510184
Wnt2,-0.19949724046224215,0.37855545370522675
Rnd2,-0.19954106567501878,-0.7795567022565246
Prkar1a,-0.19962332341447644,-0.6203243388048807
Vwf,-0.199815876370354,0.21243999250857254
Mapre1,-0.19984577055080652,0.7387214891327658
Tmem98,-0.20028849904103987,-0.7469569247492424
Slc12a5,-0.20031389466325694,-0.8619285660547327
Srrm4,-0.20072118871231792,-0.7644688040314429
Selenoh,-0.2008490223297114,0.6741168935250672
Il1a,-0.20102655284934481,0.7101595969661755
Hrh3,-0.20147746429401014,-0.7409249465013693
Igsf21,-0.2017002762062843,-0.7728401287177061
Cacna2d2,-0.2017022161457963,-0.8663138040196153
Chrna2,-0.20176102347030297,-0.36370212888931264
Rasd1,-0.2017700179217329,-0.44335486643122995
Kcna4,-0.20192705568128155,-0.7889417588406423
Abhd5,-0.2020950868397311,-0.8234756217664783
Patj,-0.20212142054791685,-0.7547635794111641
Fndc5,-0.2021242203786856,-0.4976442828056621
Retn,-0.20223838480077339,-0.19916865110883283
Dnm2,-0.20237322621411624,0.8168081762999796
Mnx1,-0.2024133420158618,-0.6076065690867694
Sema5b,-0.20253552097342276,-0.368431349331751
Limk2,-0.20253622502939758,-0.7384781917152593
Slc5a12,-0.2031917009167084,-0.2720570784919859
Ftsj1,-0.20320870984326708,-0.6249636221687465
Ugt8a,-0.2032133060007551,-0.8693686750714852
Slc17a2,-0.2035325657276737,-0.1264751478435425
Hif1a,-0.20380489902064586,0.5442813794914767
Crb1,-0.20408185261765077,-0.7879405659432547
Ruvbl1,-0.20420875322150914,-0.5684244677727094
Hamp,-0.20428479398774776,-0.295446494991617
Casp3,-0.20438830565693736,0.8834217065748993
Ctsq,-0.2048925038297575,0.030829248856442042
Oc90,-0.20522356081917165,-0.6384210317784816
Kat2b,-0.20524576978468387,-0.5155481571622683
Dsc1,-0.20539942330499972,-0.3664244216558075
Brs3,-0.20550308201856332,0.08051460083999726
Fosl1,-0.20583342127078108,0.6067696214382597
Riok3,-0.20620636026083927,0.47248954068566806
Ppp3r2,-0.20632580305145776,-0.7670820080638892
Scrib,-0.20654441697205556,-0.003253959720509079
Sct,-0.2068146820272535,0.3170293916562929
Crabp1,-0.20689730794704306,-0.4377783836962127
Rnf20,-0.20718244378914458,-0.06987672814014352
Grifin,-0.2072136151850985,0.43294750576119984
Nfkbib,-0.20727953075546668,0.4737531343461199
Ndst3,-0.2073273919792625,-0.8132887533105886
Hcn4,-0.2073853118035744,-0.7832041800147492
Kcnh1,-0.20767540739407536,-0.7701707515635708
Gabrr2,-0.20773014974104873,-0.6407891944156504
Cd34,-0.20794539332690284,-0.07638990812561072
Cnot9,-0.2081226316996206,0.20962813106096856
Ptk6,-0.20835435573033537,0.02628613259652193
Elovl4,-0.2085320885428182,-0.8564834705385453
Mafk,-0.20900841351080307,0.6247678441516135
Ch25h,-0.2091097832144963,0.22396603018604527
Nlgn2,-0.20946925282473686,-0.3568830065781055
Fosb,-0.2098963987994973,-0.17653936514604845
Piwil2,-0.20999301007590923,0.12771680396525692
Mc4r,-0.21016709843204284,-0.631509569538435
Ntf3,-0.21054097446521552,-0.6410877302060626
Sez6,-0.21086959769649974,-0.7956487611383155
Rag2,-0.21151557411097993,-0.3359835451732683
Mapk10,-0.21179119169873586,-0.9387447992809369
Insrr,-0.21222124133600984,0.5486079199073106
Vps9d1,-0.21227062819257378,0.16451091905874915
Dctn2,-0.21235832651262213,-0.39841343145307884
Nxph2,-0.21257032182619356,-0.755343087696713
Sin3b,-0.2127961307987783,-0.5984497294018309
Gabra1,-0.21286472249148142,-0.8766498312320707
Il12b,-0.21331539797265678,0.7820363929378218
Myh4,-0.21334925388835158,-0.20840639735845454
Hck,-0.21361829115265127,0.8707146952162935
Meg3,-0.21369390480440498,-0.31739894583239125
Smc1a,-0.214302276139645,-0.25059959315893127
Tnfsf11,-0.21462677716833636,0.7834111505677399
Oprm1,-0.21476577411378178,-0.7717216832200339
Slc9a3r2,-0.21477049971505235,-0.6892278943375034
Pgam5,-0.21485470098180068,-0.6405817574545808
Naaa,-0.21486578944535115,0.7679940183056022
Dync1li1,-0.21508196075827418,-0.5978789029731819
Camk1d,-0.2152667256289775,-0.3597308817536852
Myh10,-0.21528622801071884,-0.8761112825246654
Pgr,-0.21535323250381558,-0.9171408705127199
Gpr39,-0.21543448251640834,0.6921029152780449
Sv2a,-0.21620923719368473,-0.6358519357920519
Rbbp4,-0.21665656862450336,-0.5113764819875244
Has2,-0.21690051535574909,0.6497399669086213
Apobec3,-0.2170839773890786,0.8802674738508445
Fgf16,-0.21730076704703655,-0.3178586001744392
Plaur,-0.2173313072804795,0.7995744481771029
Mrtfa,-0.21740206024123337,0.7854460141916072
Usp54,-0.21778809789787795,-0.8374872644348811
Sumo1,-0.2178549206003251,-0.6841161799349568
Six2,-0.21797755994780535,-0.11577729139958777
Runx2,-0.2182155663690599,0.8659354406434792
Ly6m,-0.218291750089443,0.8253308674480432
Stoml3,-0.21829375244146823,-0.5012674138847879
Zswim5,-0.2192793532522819,-0.8908614630428606
Il21,-0.21943681764754427,0.5495193145623144
Ncf4,-0.21944843355851534,0.8464593281382444
Gsdme,-0.219584884215082,-0.7479633039457884
Cfap65,-0.21976443942769938,-0.5577704503188875
Tph2,-0.21983922488651914,-0.33071764878830123
Wrap53,-0.220185638847304,-0.8003327928869043
Psmd1,-0.22045210157813458,-0.7395411274346599
Washc2,-0.22050552820103925,-0.6263095461860819
Sphk1,-0.22080520196264833,0.6028805261564529
Lep,-0.22085553169828764,-0.15195369664997332
Rhbdf2,-0.2212337288718661,0.8293360198602048
Tnfrsf13b,-0.2212914502154209,0.9078774359640314
Mapk8ip2,-0.2213610658717774,-0.8489960700229109
Mllt6,-0.2217183045539693,0.7062318561781467
Snap91,-0.2219189269140993,-0.8087742042673677
Eif2ak4,-0.22233636337408594,0.7164762143706161
Cd2,-0.22239743906915882,0.8369804008530833
Plec,-0.2227498074312282,0.4240411858545579
Fgf8,-0.22334319347839365,-0.007985505942172405
Tfrc,-0.2234274793050766,-0.8550908243356494
T,-0.22380971634102312,-0.6098822617668093
Elavl1,-0.22456422168747736,0.3494217215866055
Gfi1b,-0.2245962170769705,-0.0025189439369100544
Ptx3,-0.2256229938227596,0.45735762206124625
Nefl,-0.22576891867655333,-0.7166663421565688
Sept5,-0.22619633062297273,-0.6854992516619243
Efcab3,-0.2262560574963026,-0.6948105189454361
Ddb1,-0.22631650183830215,0.3454617941696946
Syn3,-0.22635673836127995,-0.8516855953960378
Nrn1,-0.2267162298776552,-0.9196329702185753
Cryba2,-0.2270431672876366,-0.46983313753095396
Lat,-0.2270904779903261,0.856451794863368
Ptpn2,-0.227224324406463,0.5853596313689932
Smn1,-0.22744091253165374,0.560206653607393
Ero1lb,-0.2275860041907621,0.5163766826559509
Trp73,-0.22763174203251185,-0.22155483129579684
Prpf19,-0.22773312555762584,-0.8500606534925248
Gpr141b,-0.22777431519940525,0.6108667045647335
Park7,-0.22782955238297317,-0.5306830604080578
Myo16,-0.22790421731328153,-0.818132241003296
Cgas,-0.2283433529630385,0.7076054535193239
Il22ra2,-0.22857306641818215,0.05162170093951132
Gsk3b,-0.22860736750642202,-0.6167749722216568
Timp4,-0.22884850059752956,-0.7228135705207237
Supt16,-0.22924388836720686,0.3177178899104184
Glp1r,-0.229322628206007,-0.46253401885829154
Lpp,-0.22976048163558885,0.6985628898088413
Kcnj6,-0.22976724390047093,-0.4575379344209476
Arrdc3,-0.23024608511643044,-0.622368918094129
Cd247,-0.23038145550161102,0.8101628634200579
Card9,-0.23048047916001382,0.907555673721382
Klrg1,-0.2305294889666159,0.7878967100854984
Etv6,-0.23053096199896345,0.7873224692222359
Gmnc,-0.2309412625029488,-0.3767688478246274
Nptx2,-0.2310776587673056,-0.3430914658690509
Stk39,-0.23110371015351847,-0.925407696521458
Sdhc,-0.23139601854079425,-0.31545082939853447
Slc9a1,-0.23140459848364348,0.16606630422355098
Mybl2,-0.23149338957556295,0.3180603809540746
Slc19a3,-0.23177460524431895,-0.6176433237890018
P4hb,-0.23189062496713614,0.8094245257686723
Bag2,-0.23217262660066917,-0.7943792665402507
Slc8a1,-0.23227232104089143,-0.7031217749798498
Spib,-0.23292201186431818,0.8456244095628075
Polr2f,-0.23306859015941764,0.370575222858237
Idh1,-0.2331417051871656,0.4934019297072336
Stk38l,-0.23334608370611437,-0.9180692273551359
Gjb1,-0.23357875636430872,-0.8113090088680872
Tap1,-0.23364996224043855,0.8212022264236972
Ldhb,-0.23377332298770007,-0.8380460841816296
Fstl5,-0.23390756577879301,-0.877287320832447
Ppargc1b,-0.23403862352180102,-0.09847121068377232
Grin2a,-0.2342415476872956,-0.827192644104514
Traf3ip2,-0.23455259870264303,0.5693323908950189
Cdh23,-0.23515453985201526,-0.3808212910541293
Prm1,-0.23544387509875056,0.23020962041222356
Dnttip1,-0.23558095627106357,0.29177789091034334
Cd82,-0.235670631315713,0.5118429755537706
Lhx4,-0.23582068019592753,-0.7991391666953366
Tnfaip3,-0.23605923710793977,0.8695858590140887
Pja1,-0.23618227797935906,-0.8231124926592785
Tex101,-0.23633334245337548,0.10554112876041978
Acsl1,-0.23664169271918192,-0.004678011739327893
Hira,-0.23669362191008533,-0.7314765885220237
Tardbp,-0.23681041331218075,0.17099954491503883
Grm3,-0.23690950420768753,-0.8587518374555574
Cltrn,-0.23705823520575178,-0.7098820973017105
Pin1,-0.2375703595166944,-0.0035957336672402876
Prl2c2,-0.2382026148938398,-0.08432767724669034
Upk3b,-0.2383566698382508,0.04611141693905677
Efna2,-0.23871550721999485,-0.7535903179914425
Pygl,-0.23913871372627019,0.8483303344304469
Bcl2l1,-0.23919145727315597,0.16953825036418593
Ryr2,-0.23924960516858265,-0.8606863345522932
Kat8,-0.2394195512879172,-0.28893477349198277
Nr4a2,-0.23945109225856925,-0.05644041040561009
Chat,-0.23966182391009253,-0.6731574821204791
Sec61a1,-0.23997093278127254,0.7047419606034521
Crk,-0.24037494417458144,-0.30375773146105023
Rassf5,-0.24049907951855962,0.7462241579360521
Angpt4,-0.24057601047666968,0.5789964431383819
Mmp3,-0.24062683684491573,0.35977385732716116
Hprt,-0.2406638672139158,-0.7953393293722825
Dscaml1,-0.2410134305809104,-0.5460646517563219
Cldn16,-0.24120856820266193,-0.1678319266003395
Apc2,-0.24132760543959814,-0.5966925690390831
Hao1,-0.2413720831369831,-0.043638004156491134
Klrd1,-0.24148640439243674,0.6147378347709936
Itk,-0.2416050518495156,0.815235960330742
Sstr3,-0.24170137437845066,-0.5939993845795241
Btla,-0.24183968332061415,0.7861131793317541
Pde1b,-0.24192308459103026,-0.6156905280762595
Cxxc1,-0.24193398035213706,0.47153435841665026
Crxos,-0.24222946187762276,-0.3772177186542099
Plin4,-0.24239134650595887,0.03752410649881781
Afg3l2,-0.2424602906677939,-0.13528695060541848
Slc5a7,-0.24258588007367468,-0.7734611795456959
Cyfip2,-0.24258599118217886,-0.7911133420857589
Cxcr5,-0.24265461637650673,0.8465394671606115
Il17ra,-0.24284573566113804,0.6786314442643658
Rap1gap,-0.24285669809987448,-0.693548969222449
Ipo9,-0.2428957232678128,-0.40453624917133585
Mtch2,-0.24322938852517595,-0.6005334638954366
Nt5e,-0.24352632823970446,0.5654941896236173
Hcar2,-0.24366368815898942,0.6528798975983647
Pdzk1,-0.24374689730034135,0.0036714380403421575
Prokr2,-0.24393569943070706,-0.5780135542153554
Kcnc2,-0.2442011092910302,-0.747785797621791
Mpc2,-0.24449993837871725,-0.8078819460035533
Immt,-0.24455265712356888,-0.38879345913498364
Kif5c,-0.2449011923585898,-0.8862407442667808
Sh2d1a,-0.2449268498558741,0.7390143944551832
Lin28b,-0.24586392584438,-0.8099420604614898
Psmb11,-0.24596480246099933,-0.004247006486924392
Hoxd9,-0.24600037607131373,-0.5924130989495063
Arf2,-0.24616926322698282,0.19260767823296424
Pklr,-0.2464065498765434,-0.45516590987567146
Rictor,-0.24643636531905047,-0.6553687138558713
Cd36,-0.24653381564294233,0.6348002432513126
Cd8b1,-0.24662650249519866,0.7962491023004937
Hoxa10,-0.2468183516108773,-0.3844251190950963
Kat2a,-0.24687971809970516,-0.7305915057500108
Itga4,-0.24729102818235055,0.8431995677589581
Meaf6,-0.24752494222562024,-0.7377000384527247
Foxa1,-0.2475335810962842,-0.2830582180517241
Tlr8,-0.24767725269812502,0.8385360113281211
Trpc3,-0.24779712861186282,-0.693072867230712
Myrf,-0.24782125018873125,-0.6323168200309974
Cbr2,-0.24791810535100717,-0.646671326221344
Crhbp,-0.24797853985238535,-0.6042777812519029
Gnaz,-0.2482438705088272,-0.8067101588459946
Sstr1,-0.2482987857344743,-0.6666890621858874
Cemip2,-0.24846401627543852,0.24656543009523363
Ifi204,-0.24853993498142538,0.7703422651928282
Map6,-0.24862538634444373,-0.7986824256266992
Malt1,-0.24890024883877307,0.6704469101580883
Sec24c,-0.24899184187855133,0.8008605904337455
Cops5,-0.24904860593550332,-0.042486072750347735
Jpt1,-0.24915494743357267,0.8506105504488062
Prkaca,-0.24941914634718315,-0.9183320393387512
Il10,-0.24953221330679176,0.7185729194464574
Mog,-0.24991722483092085,-0.8680967798172721
Cfap69,-0.2500149032276009,-0.7239244292861883
Stk11,-0.25013053737471036,0.8123204812115503
Notch1,-0.2504855712357961,0.733806001934384
Trpc5,-0.25086749947792647,-0.8510452393160033
Adamts3,-0.2509245644121349,-0.8416317968257504
Gad1,-0.2509861932098116,-0.8547287857192328
Serpinb5,-0.25108605562736197,-0.4348291916054641
Sacm1l,-0.2512184840048595,-0.858639656579416
Tigit,-0.2515723621637589,0.8949844080973445
Gnb1,-0.2519474385188925,-0.3131607193546751
Mkks,-0.25197679581415194,-0.6582025521247453
Oasl2,-0.2523859523279818,0.7246932000003388
Slitrk3,-0.2524182178817931,-0.8261000822609579
Ppp1cc,-0.2524995411448974,-0.1800282068677671
Aqp3,-0.25263099534070227,0.7220415104940214
Nrcam,-0.25279436684409656,-0.2363776396662604
Wt1,-0.25279901622608436,-0.30134499586697017
Dbh,-0.2529675883607306,-0.246603121551345
Diaph1,-0.2529693605471916,0.7535221228269398
Il11,-0.2530791879359919,-0.1711663807064567
Klf10,-0.2535544042887824,0.6700483671739181
Ntsr1,-0.2538094980815488,-0.6297369878382598
Sfpq,-0.25390697492218917,-0.38818227096615515
Mpp3,-0.25395937586066547,-0.7902742877618849
Fgr,-0.25474435378545757,0.7725945074858028
Cgn,-0.25500569915585086,-0.5884678236195225
Ncoa2,-0.2551172003500944,0.3483656384594157
Spred1,-0.25521148953070083,-0.7054095263164579
Dgcr8,-0.25525671578712056,0.15142357333802822
Gimap4,-0.2553585363399095,0.8908561292776923
Meis2,-0.2553887644905074,-0.8798956855600942
Htr4,-0.2554919428247841,-0.7811179640947082
Clec10a,-0.25618072260586955,0.7919694504802576
Mprip,-0.2562918766958247,-0.2700051940080117
Ptgr1,-0.25629860601438376,0.8131355795639869
Sinhcaf,-0.2565844423160718,0.43301325042643074
F2r,-0.2570059062528656,0.18601564410369678
Kif3b,-0.25719123730234805,0.30045049035069793
Il7r,-0.2573406785565634,0.820291904455028
Atg16l1,-0.2573708586457419,-0.3499590668605966
Mast2,-0.2574300212364053,-0.5873804238042479
Osm,-0.2576948808440824,0.7638481914519919
Mknk2,-0.25822101250702634,0.8687057112008155
Mad2l1,-0.2584563804848123,0.3331836479668857
Maml1,-0.2584799950021758,0.8266284926783636
Leo1,-0.25850041561962045,0.2128702344962751
Khdrbs2,-0.25866204862500364,-0.5827647147642737
Dhfr,-0.2593261564257766,0.16472793054169796
Ifit1,-0.25960061283882785,0.5778526901521122
Miga2,-0.25991894958542144,-0.5372710761834406
Lamtor2,-0.260000275237584,0.40340896450218716
Cdc6,-0.2600725683111525,0.4605636713278799
Bcl11a,-0.2601348543178349,-0.07690853824071428
Clic4,-0.26013935434474766,-0.13338448443248824
Tirap,-0.2605169710473583,0.6521628191315381
Bad,-0.2606512814088055,0.5315829038805482
Emc10,-0.2609683613556876,-0.553990943213138
Med21,-0.2614414628595918,-0.556048042896046
Atp6v0a1,-0.26148325758058844,-0.8758494543625963
Epb41l3,-0.26160839579793427,-0.7945418732701669
Stat1,-0.2616539373253099,0.7349143608372944
Il1f10,-0.2618050966771471,0.1525285922378969
Cd160,-0.2626058340356229,0.8603954128120388
Grid1,-0.262736583155259,-0.6930303068350023
Cldn12,-0.26278017365348605,-0.5402302003928341
Col20a1,-0.26294202051679394,0.8015795185245246
Rgcc,-0.2629928822845263,-0.6330299437152482
Was,-0.26384658390710025,0.9123494461981559
Nr0b2,-0.263873196434472,0.1053656582695712
Caprin1,-0.264123702481588,0.15562198960191623
Gdf1,-0.2645614733891232,-0.6478051834124104
Themis,-0.2651082837937899,0.7877780686807903
Gpi1,-0.26518871685500606,0.6230930382144205
Opn4,-0.2654016968506435,-0.49596794062284405
Nr2e1,-0.2654315719746459,-0.06179340994889726
Lhx1,-0.26543807488768484,-0.5986974323836752
Usp18,-0.265761382422083,0.6967603635593138
Ncl,-0.26587600096595004,0.2904935609772184
Adgrl2,-0.2660728989689334,-0.8202801322219774
Dhx58,-0.26625480048144734,0.7815012731524238
Adora2a,-0.2668056982313019,0.7527464309953411
Phox2a,-0.2669726302867373,0.34722863392785763
G6pc,-0.26757415635509396,-0.49486944224348034
Ccl19,-0.2681101870675575,0.6552075166134328
Mecom,-0.26817657379434434,-0.7126925274191734
Mtch1,-0.2683760937050524,-0.6502628412724409
Phf6,-0.2685866569489407,-0.31779475752192626
Panx2,-0.26996347870732873,-0.8205413616034126
Unc5c,-0.27016438930529313,-0.7881298037317984
Il5ra,-0.27049693062352925,0.31999652687338026
Fbxo41,-0.27051588027835394,-0.6967975607692242
Npas4,-0.270532858707852,-0.6150654710062642
Phc2,-0.27071777907832834,0.4287064181130442
Rara,-0.2712492834192467,0.622727651160025
Npas1,-0.27158356274611595,-0.43402373348212975
Nampt,-0.27245423433623367,0.6549842850733167
Carmil1,-0.27261991396420826,-0.6138471300547825
Cdh9,-0.2731522468050323,-0.8132297314916129
Pde4c,-0.27317482475783333,-0.6969757437010727
Phtf1,-0.27319954219216813,-0.6143722895152834
Spsb1,-0.2736600973008176,0.7255755528474742
Diablo,-0.27375971638827507,-0.6602412046929501
Spry1,-0.27395749338152287,0.29172135460544646
Sesn2,-0.27461219926072833,0.6060454646103086
Kmt5c,-0.2750548597612086,0.8019073909610887
Gjc1,-0.27506865036781897,-0.7594249419615681
Ddit4,-0.2751855056783962,-0.17704682572626868
Vdac2,-0.27537248258201663,0.33340634960700527
Ctla4,-0.2755226615203648,0.7630232691163642
Fgf12,-0.2756380401850784,-0.8554674622003225
Zbtb16,-0.27576154025764105,-0.39076402721954645
Mlst8,-0.2758138271509494,-0.7735807659289121
Vipas39,-0.2761409413778515,-0.204654546083575
Stk38,-0.2761475741742835,0.49185941532444877
Camsap3,-0.27620001961151186,-0.7520249397784199
Ezh2,-0.2766157494169775,0.38728281195579956
Ern1,-0.27671800455740486,0.895829677123456
Akap9,-0.27725303721655414,-0.5842050580810458
H2-DMb2,-0.2773311826334675,0.8687758853926644
Sra1,-0.27771698642020975,0.8202733560720066
Pcdha2,-0.2778265573728182,-0.6840091037704068
Olr1,-0.2778415858641422,0.5116139811340505
Esd,-0.27792316248492566,0.44592656470824543
Tfap2b,-0.27793646583646137,-0.7018281328757747
Rab8a,-0.27824605499827065,0.6845642082852718
She,-0.2783911956885229,-0.712265260485864
Mag,-0.27865706310536675,-0.7158535191263443
Mycbp2,-0.27882113291699695,-0.7989626457553419
Gm2a,-0.2792401177911015,0.8915899702019425
Baz1a,-0.2793490372360172,0.7771942308980948
Fbxo5,-0.27941532813694664,0.5805566880920725
Lox,-0.27974458869126784,0.541338546186439
Cd6,-0.2801639571350024,0.8800798651280343
Dpf3,-0.28017232440047896,-0.8565282873677821
Dnmt3l,-0.2801825825770326,0.5569468773266588
Pax2,-0.2805943258822286,-0.7864903098931331
Pdia3,-0.2807658994494852,0.6574256587749374
Disc1,-0.28104302185026747,0.7582738718040768
Tjp3,-0.28127224377750043,0.9072199211388252
Irf1,-0.28182913170708485,0.7713048310628505
Cenpu,-0.282127241160909,0.25971221326733246
Kcnk10,-0.2824014595887674,-0.7977434815493518
Stxbp5l,-0.28245174549942165,-0.8621431534950038
Hcrtr2,-0.2824630282007723,-0.7513128120407592
Hras,-0.2830307798543746,-0.2800412911279049
Nod1,-0.2830669946377506,0.3796564245498451
Preb,-0.2832443824204601,0.3152861300296753
Gdpd1,-0.28387991286046604,-0.7821253603161195
Fibcd1,-0.28421822830756804,-0.6263171539826566
Dspp,-0.28477518062409213,-0.42818004341002464
Clec9a,-0.2850349663446851,0.7961278654244189
Hdac3,-0.28513478603259645,-0.2775173287355713
Map2k2,-0.28526414824496565,0.5918628546829883
Nr1h3,-0.28566839043814946,0.8600578755380434
Ackr4,-0.28572114846564534,0.34601641925843757
Nhsl1,-0.2857792083543344,-0.39147387207624207
Szt2,-0.28619997313006,0.040844656351008854
Pf4,-0.2862905754321351,0.5661541120015956
Vps28,-0.2864628868806405,0.22161050910115923
Foxp3,-0.2867164673203501,0.8922549986709257
Mcl1,-0.2869991090097479,0.8284022792450058
Lpin3,-0.28730362698597023,0.6877285677041898
Cxcl5,-0.2881900761574606,0.3424980005797078
Mta3,-0.28873854871622767,-0.33526356811632196
Kcnc1,-0.28883204589347083,-0.8577033942893131
Kcnf1,-0.28891837187377895,-0.4960610284123886
Tenm1,-0.288918513118815,-0.8541392499776412
Srsf1,-0.2891804508210223,-0.3740900298209578
Steap1,-0.2894314471506451,0.42057627893250216
Cdk5r2,-0.28982366045582,-0.8748516447477008
H2afy,-0.29024105108682224,0.6322616526571531
Dll3,-0.29030044061506416,-0.630332582992756
Nfkbie,-0.29049896217982696,0.8096432112852352
Gdf7,-0.2907753534697495,-0.17773036665333058
Rbfox3,-0.2909844003985456,-0.5980491214832759
Mtnr1b,-0.2917676456458675,-0.23035346751452593
Ufd1,-0.2925748955341261,-0.7604681506709362
Evx2,-0.2925965604314132,-0.5473130931540912
Gabra5,-0.2927021538163281,-0.8922232868708354
Ptf1a,-0.2927354859841392,-0.35649702361415136
Map3k8,-0.292861145756114,0.7375466161499652
Emc6,-0.2929230645624133,-0.3877028897447603
Cav3,-0.29297548602178813,-0.16155955830340196
Egr4,-0.29316331803918355,-0.6863284715953398
Oprl1,-0.29348426424146584,-0.5819008779557296
Pde7b,-0.29355455736623626,-0.6825884733422599
Cd274,-0.2937250668379973,0.8065571441190605
Prmt1,-0.2937591385817613,-0.3520017560462135
Ptpn1,-0.2938577049763025,0.8035662701550612
Derl2,-0.29407947782979604,0.4934588583477253
Ap2a1,-0.29408857004029526,-0.7269219926079211
Nrg1,-0.2944792895362757,-0.7398772355683947
Gnat1,-0.29477560056301066,-0.24336855260137502
Slc16a3,-0.29521874928634295,0.7590624228819187
Irgm2,-0.2954772264308496,0.7717406289595788
Irak3,-0.2959449788836007,0.5626431856758058
Cntn2,-0.29625314832893007,-0.8702694574119038
Xrcc2,-0.296374871295638,-0.8791766904995202
Dnm1,-0.2970026902851982,-0.8092524803359563
D1Pas1,-0.29711996685197417,-0.2770148743969345
Nfkb2,-0.29726677331172713,0.8174110996349074
Cmip,-0.29729002686497846,0.10346385258567628
Cntnap5b,-0.2974736016908806,-0.7345887430978534
Prr5,-0.29835278194024406,-0.6763728204581052
Mef2d,-0.2988567872870856,0.6382300910508029
Hcn1,-0.29915126402233977,-0.8588363464937498
Casp2,-0.29934132315281037,0.8027386110991473
Calcr,-0.2995998510455121,-0.2774657785455005
Nos3,-0.2996379739507439,-0.6335748283636773
Ccr3,-0.299879981975191,0.4476747493884439
Rxfp1,-0.30049401764497896,-0.6161481461973651
Dcc,-0.3007860846369812,-0.8588554706319443
Dusp4,-0.3009948732755582,0.6083904977669983
Lmnb2,-0.3009991240029742,0.016071716982897846
Exosc9,-0.301392845856742,0.105781562978536
Psma4,-0.3016525536774767,0.44992310347356623
Agpat4,-0.3016689150806688,-0.8405019598100004
Csf2rb2,-0.3019047941048858,0.8051069274611247
Pcdh11x,-0.30311677924823327,-0.8963122736134415
Zfp57,-0.3031451098778155,-0.1448035298088809
Fbxo31,-0.3031509523725757,-0.7628117830447546
Rtn3,-0.30348103373181595,-0.8156011089603455
Apba3,-0.3038232258555446,0.4119361244372254
Aqp5,-0.30425103135328774,-0.32270010437481056
Ece1,-0.3044880767480282,-0.5970636254719367
Wdr82,-0.30472774656415186,-0.5757268340633407
Pdpk1,-0.30500071850673593,-0.876073914258446
Ocstamp,-0.30535442054293765,0.24881673332104065
Actg2,-0.30601405779570645,0.261032126905448
Tespa1,-0.3061690209887536,0.6661525830156658
Klrc1,-0.30622208333290357,0.6996464935904948
Grpel1,-0.3064302353747507,-0.4448301371515895
Iqgap3,-0.3065660049217193,0.9045910815264132
Plaat1,-0.3067057403272539,-0.9050234149582024
Vdac1,-0.3070518303022604,-0.8798698599196351
Barhl1,-0.30734025974018947,-0.6160725841655419
Ets1,-0.30739317656331705,0.8593690114758066
Csf3,-0.3074285928545556,-0.15102043901313134
Jag2,-0.307546776349065,-0.7929887191985409
Tnnt2,-0.3075662144692725,-0.48937718407802294
Taf12,-0.3078207000616438,0.11261285707049067
Rab3a,-0.3085303317027329,-0.8785496006010634
Cd5,-0.3094131436810132,0.9274589596019398
Tiam1,-0.3101632902121879,-0.7781827948534293
Serpinc1,-0.3103157573001139,0.384591985184347
Eln,-0.3111265968246341,0.5231798766421983
Stimate,-0.31121508059353953,-0.20035062398451062
Kcnj11,-0.31164433361101657,-0.7783056995883114
Nodal,-0.3118913411724644,-0.7168129376180276
Khsrp,-0.3119141586973942,0.5907388403202931
Dnmt1,-0.3121163288540201,0.7553538877650858
Fam49b,-0.31233027407693836,0.6417005499061114
Azi2,-0.31294233599102056,-0.19302260498741414
Cd40lg,-0.31357426604912075,0.7662672373809314
Fga,-0.31369498442989197,0.01567802933698798
Igfbp3,-0.3140997300933126,0.2689887634384709
Cct3,-0.3143483739786718,0.008807447570892909
Nsf,-0.3144663273173829,-0.7619017385318131
Sept7,-0.31462505054927736,-0.7606385339469972
Cdc42,-0.31477386449904743,-0.870543658461749
Samhd1,-0.31500478478841115,0.677011656243769
Cry1,-0.315134013043119,-0.19387641027308053
Klrk1,-0.31573325413504644,0.8245574718311078
Acvr1c,-0.3157464389045032,-0.8856787289672655
Cbln4,-0.3161002616431719,-0.6078869423815015
Irgm1,-0.3168332381571812,0.7259224850100037
Selenoi,-0.3170132951136229,-0.7547419565719754
Tmem173,-0.3174203982072155,0.8280677119968596
Stat4,-0.3178230047024392,0.7485174844109197
Arhgef7,-0.31792011039999635,0.643850512675522
Psmb6,-0.31798521735949237,0.6204991970690764
Fbl,-0.31817600582528804,0.5593269134471825
Ldha,-0.318220323623639,0.42418586455173696
Batf,-0.31844062941069223,0.8324583288167359
Dlk1,-0.3189108004788171,-0.7885466802596144
Ndc1,-0.31918280520202236,-0.7446344281215821
Coprs,-0.3191994230916204,-0.9241494319756953
Lhx3,-0.3193576363976849,-0.7020266858711143
Tnc,-0.3194187927928382,0.7504431424274094
Saa2,-0.3194950468815437,-0.03555182317614731
Gbx2,-0.3204030698064737,0.45720187519025696
Apmap,-0.32124663195209713,-0.7881650716231973
Hoxc10,-0.3217503223826567,-0.390559088278305
Il4ra,-0.3217713558823069,0.7847354851086464
E2f2,-0.3217827385128004,0.7171463418564202
Apoa1,-0.32192559504271406,-0.2901288634602114
Il2ra,-0.3222793600043624,0.830623978905604
Fgb,-0.3227656936487901,0.22435684291188096
Clec1b,-0.3233122995159093,0.6567537848476844
Anxa6,-0.323669520216483,0.2786711533324358
Sucnr1,-0.3238503733212116,-0.43248085051594287
Pms2,-0.324561561895775,0.27278452744880927
Cfc1,-0.3248374090664609,-0.06615809842051372
Men1,-0.32501546693470984,-0.6280866818557128
Arntl,-0.3255158554706577,0.27073560988897943
Dctn1,-0.3256543781579087,-0.5990946138804242
Nuak2,-0.3258470724427699,0.8425816171278114
Gnrh1,-0.32608674519044056,0.3718083511878176
Gcm2,-0.32626391148096734,0.058251515942533146
Myf5,-0.32629405855292704,-0.5010685953339195
Egr3,-0.3270851115662982,0.5306878467354824
Vcam1,-0.32740913137016436,-0.08661306303261904
Adgre5,-0.32751033843228006,0.7757036963871933
Ryr3,-0.32799467355268763,-0.7003785677059421
Kif5a,-0.3281455072726787,-0.90783535643825
Fasl,-0.32824530446088773,0.8137618929491525
Arhgap44,-0.3285689290075281,-0.7513395863432335
Esr2,-0.32873586064129423,-0.46253206564535393
Cldn14,-0.3290245353633046,-0.2849805441558384
S1pr5,-0.32915342989207746,-0.6364536373629324
Krt28,-0.3291754797408846,-0.6623162333293402
Map9,-0.32920779474760437,-0.8672094264808764
Birc3,-0.32974961903172684,0.8508661319175161
Coro6,-0.3300124206919113,-0.631767192044913
Gbp2,-0.33089697181609534,0.6913353043177087
Pcsk1,-0.3309981720679369,-0.5616458738703994
Elavl2,-0.33100022844473675,-0.8931528691003784
Eno2,-0.3310209946022191,-0.8047944587188118
Syt4,-0.33131404053096175,-0.7563678570874379
Ucp3,-0.33149068558527617,-0.8399262342650433
Bcl3,-0.33163028982762854,0.6581198580959944
Adra1a,-0.3317193884863619,-0.8658784404351942
Sphk2,-0.33183620154967836,0.5989367984839142
Cep152,-0.3320730795693738,0.7509716792993439
Adarb1,-0.33257358854418045,-0.873863036748064
Itgal,-0.33274309682438324,0.8617953628205057
Dusp1,-0.3328510638287221,-0.14368491002400297
Lyar,-0.3331808592260467,0.23047127526286124
Col4a2,-0.3331843822532572,0.7121434910954655
Ifi208,-0.3333482654672536,0.7330281164661164
Furin,-0.33385462662863363,0.7609179974887677
Lhx5,-0.3345310480862043,-0.6828837657077865
Hecw2,-0.33468145424928386,-0.9014978436024101
Marco,-0.3348078999589637,0.4927054287805548
Gbf1,-0.33489343922126047,-0.8202924385070515
Lypd1,-0.33498657398517523,-0.6685513549798754
Cxcl3,-0.3352098040843614,0.4194759019350195
Ccl7,-0.33530128630978717,0.3900766293041862
Mep1a,-0.33583486816511704,-0.34366309034652426
Grin1,-0.33593853673784546,-0.8278516742180536
Pfkl,-0.3360299820824437,0.8428484455337297
Cd4,-0.33624260462528205,0.8587443575708652
Slc25a20,-0.3364303050407487,0.7906854461933677
Gbp7,-0.33681887521886605,0.6969873726129009
Tnfrsf4,-0.3369853858087217,0.7828247782575518
Ret,-0.33698785913138396,-0.2293378835585843
Kpna2,-0.337925740298784,0.40542683493350384
Extl1,-0.3380046295257095,-0.7961329729484997
Pim2,-0.3381757010973205,-0.23617390572106853
Grm1,-0.33855504292177063,-0.8109251151170327
Lrp8,-0.3388963008507715,-0.6721951265300006
Pitpnm1,-0.33893740139242223,0.08561235469981208
Kcnh2,-0.3390822634099485,-0.8697909223132161
Otud5,-0.3391598583836354,0.7484754316584077
Zap70,-0.3392349394574221,0.8512238734594901
Prpf3,-0.3394538500122604,0.42812332067109465
Cdh10,-0.3398380616752525,-0.8519681350874038
Rbck1,-0.34000873397968395,0.6996227173011557
Emc3,-0.3401074381352855,-0.20770402767947332
Snph,-0.34037599766210636,-0.7306788812688834
Myd88,-0.34062648865271294,0.7297537350259885
Qsox1,-0.3410416813953537,0.17062877826230383
Lrpprc,-0.3413506787507428,-0.7879956014228424
Ceacam1,-0.3413911601143971,-0.3843051305960753
Dync1h1,-0.34148315967471465,-0.7964257416820915
Drd2,-0.3415293394054064,-0.6618194726046334
Ruvbl2,-0.3416341070117014,0.5703109019940444
Slc17a6,-0.3417115272798088,-0.8704290131013939
Ppp1r10,-0.3425050392263576,0.5094167733755524
Itga1,-0.34258016832717403,-0.5623532176298472
Stmn2,-0.3428572879914327,-0.8372879336019455
Kdm4a,-0.34294622325722063,0.40337433020075325
Tagln,-0.3429632605691578,0.5926236430302197
Ccr4,-0.34313936967758674,0.6594652890631151
Xpo1,-0.3431574305210152,0.16075477386209655
Hc,-0.3432560372766995,0.23313899901349366
Agxt2,-0.3438377491336907,-0.3555665024966316
Socs2,-0.3441508927167435,0.5986404865637566
Scn8a,-0.34423889914464095,-0.8702212379170191
Mtrex,-0.34506145844745734,-0.6530537789305089
Etv4,-0.34527333918477227,-0.7373598945040234
Cplx3,-0.3454162048882556,0.017971003772237898
Zfand4,-0.34560167167266037,-0.2292994760261135
Kif24,-0.34602939096952856,0.29082931274987656
Rhot2,-0.3462504849191452,-0.644569671346478
Grk5,-0.3465368154605155,0.2011324422379047
Dll1,-0.3467027308397184,-0.767051912317292
Abracl,-0.34686542877663934,0.6634224621688832
Spn,-0.34722697796720337,0.8078577554150468
Apob,-0.34730531733794867,0.07214257869696883
Tor1a,-0.3479648820328432,0.8148265191209829
Pnpla3,-0.34844087782629907,-0.4549315187943926
Spink8,-0.3485926839750798,-0.5650834848598663
Ccdc184,-0.34932257658983995,-0.4803057566532257
Stub1,-0.349487777826961,-0.44035402072326346
Esrrg,-0.3497860499853003,-0.8700157179252697
Sh3gl2,-0.35006621918939723,-0.9065891008164156
Runx3,-0.3501450917743892,0.8245915239654483
Nlrp3,-0.35040300783242934,0.8256907776667377
Gpr83,-0.3505478915792076,-0.47651941739135534
Kifap3,-0.3510140489970558,-0.8319002263210344
Cckbr,-0.35206970200567095,-0.7196183771489253
Col4a1,-0.3521942786817642,0.6784774900646824
Gzmk,-0.35244092749600775,0.5888271165289682
Palmd,-0.3525468274697746,-0.8343078794493018
Fgf10,-0.35279606470772257,-0.8685254331880393
Rab20,-0.35299486696442123,0.8185317570765909
Gbp3,-0.35326702137119265,0.7142949907130473
Cd69,-0.3534344638723912,0.7247681289366688
Galnt18,-0.35350160261332364,-0.6617080829579411
Ido1,-0.35354817169294855,0.2530043618171102
Abca3,-0.3542481674495865,0.7197852570959037
Csnk2a2,-0.35433401907231776,0.32043767302619675
Ndufa12,-0.3545450747256363,-0.7599889093406809
Socs3,-0.3547284947634863,0.5783038742614676
Mcm2,-0.3549218730081936,0.6075026636119455
Dock5,-0.3557853439702604,-0.8841150475817754
Topbp1,-0.3561923604662673,0.6741325203700607
Fcgr4,-0.3568227342869961,0.7680174661974892
Acp5,-0.3570513186487297,0.8698861550556173
Uts2b,-0.357390970984299,-0.67908392021055
Ada,-0.35770161058986566,0.33773499709891025
Fkbp5,-0.3577887144464038,0.555418214844106
Daxx,-0.35800479473741265,0.8090716835352065
Scimp,-0.3580158059913834,0.7170034292628864
Car7,-0.3580256242931708,-0.7608342075987898
Gpr84,-0.35875772326691197,0.8202453589474449
Jmjd6,-0.35878536398700783,-0.28905727217390687
Bdkrb1,-0.3590866169637344,0.5613670469458224
Phb,-0.35910162383741956,-0.4694729360515656
Pirb,-0.35988557964999135,0.8288084082342551
Abcc8,-0.3599747021438316,-0.5822730799532909
Fh1,-0.36003999881811427,-0.9119502576251407
Sptan1,-0.36016000510088797,-0.8698273831062673
Ecscr,-0.36029918723235793,-0.13559930893266847
Atp2a3,-0.36091054631281166,0.7566269029338327
Ccl1,-0.3610489892838856,0.7154105517290843
Appbp2,-0.361104616338703,-0.8734286944252795
Wdr5,-0.36132635684388603,0.6434484804414289
Jarid2,-0.36146520761191436,0.561934167863758
Kremen2,-0.3617220964093641,-0.4667367640207238
Pou6f2,-0.3619562686384175,-0.7791209281678994
Cops2,-0.3620682888264558,-0.7027959648565908
Armc12,-0.36220808332329324,0.2627543211420293
Apln,-0.3623222745362151,-0.8973475646406709
Dgkq,-0.3624020687814655,-0.5694703990982102
Spdl1,-0.36288634682583104,0.7047772744384095
Saa1,-0.36299926603877103,0.12144218239929365
Dach1,-0.36338738342416266,-0.8446449982873006
Tbx21,-0.36345179635365177,0.819174644348116
Haspin,-0.36362254563934693,0.8364791802566017
Mtif2,-0.3640500040880693,-0.5437154287381516
Epb41,-0.36427755369722525,0.23912685220524169
Lamtor5,-0.364428111262189,-0.5204823016491539
Ccr5,-0.3645850330253308,0.7765000803592673
Trhr2,-0.3646783870050497,-0.642033836245226
Adrb1,-0.36476193480463515,0.09579705942738605
Ank1,-0.36478485691052953,-0.8132191575178958
Msrb1,-0.3647886552674795,0.8466301404675621
Gps1,-0.36488577447447007,-0.9233599672793822
Blmh,-0.3651605755611356,-0.06465438016625738
Tdg,-0.3655201564744829,-0.3733120280270764
Tnni3k,-0.3659493477069771,-0.3153803384056748
Dctn3,-0.36595954412218823,-0.6776852146873131
Kif20b,-0.36698133235142166,0.6600679033252501
Cd47,-0.3671514552240155,-0.10932455472339106
Wdr83,-0.3671887215747356,-0.7238087854512635
Cryba4,-0.367654719523347,0.9429174224827729
Wrap73,-0.36795620173055915,-0.655797691386359
Polr2j,-0.3679907122260986,-0.22017285356460725
Cd14,-0.3680024023554267,0.7190164068668918
Bdnf,-0.36818002794642196,-0.5350969989632538
Isg20,-0.36834386819312254,0.6955615459501301
Mgst3,-0.36869413014105523,-0.5369971708030882
Lhx6,-0.3689997112685427,0.08067293501819475
Sez6l2,-0.36901508145762757,-0.7326824154986681
Map3k15,-0.3691418949315872,0.7504042281490998
Gramd1a,-0.369208472416406,0.6800593974862442
Aldoa,-0.3693680798016583,-0.014477597893808416
Icos,-0.36953895073074483,0.7968585385974705
Ptpn11,-0.36982430002261674,-0.4668394417715838
Tmem120a,-0.37007813017588126,0.7025579762161878
Brpf1,-0.37044861332761625,0.8251930734856003
Pim1,-0.37073796158728395,0.49181223197540674
Ctnnbip1,-0.37113914867658493,-0.7937393284072116
Atp6v1a,-0.37171450107622767,-0.6036808335816994
Ifng,-0.3717560018522895,0.6406057462473503
Atp5o,-0.371935567610062,-0.6896119335871316
Arrdc2,-0.37199233910218144,-0.36435917222103376
Rad54l,-0.37205461141599805,0.6830513626540049
Nlrc4,-0.37205627256593726,0.8248388035341944
Neurod1,-0.37205883685376884,-0.5561109247395711
Serpina3i,-0.37240390440410076,0.8022425488012759
Cblb,-0.3725404129351225,0.8545922196872686
Dnajb1,-0.3738131956277863,-0.5160717683428029
Cd1d1,-0.3738834164550549,0.550140982259931
Barhl2,-0.3739373992848006,-0.5238712539829924
Ap1b1,-0.373969671123552,-0.744919534847003
Cct5,-0.37414576969730623,-0.5836775661291107
Zyx,-0.37418373799819443,0.6203210599861959
Ptprk,-0.3745654086304268,-0.8845295635138928
Uchl1,-0.37475845878552666,-0.8469004299840647
Slc52a3,-0.37483683028876597,-0.71327238161091
Dmrta1,-0.3756934492179761,-0.651668344859044
Erp44,-0.3758475446060045,0.1325857856220778
Diaph3,-0.37585022916819993,0.6206075040904384
Fos,-0.3774207535903041,0.2455052072259922
Rita1,-0.3775294456657111,-0.7589503370534786
Smarca4,-0.37757441939895203,0.3229804521849475
Praf2,-0.3776935271690738,-0.6135874487902817
Ap2a2,-0.3778971468546632,-0.3273551006363976
Isg15,-0.37811751739480354,0.6596571120639738
Hells,-0.3781476942881864,0.2507994304067874
Arrb1,-0.37848869324750256,-0.45338829604087133
Mest,-0.3789850331545514,-0.8816631601430139
Sgms2,-0.3793357224008754,0.546702715482528
Plekha1,-0.379575994999783,-0.058940117385602286
Mc1r,-0.37959574056959544,0.04485677478584007
Slc18a3,-0.379954909403573,-0.311800452325133
Htr2c,-0.3802936954728956,-0.8591857117382079
Cacna1s,-0.38033153489342775,0.8793860422900392
Cxcl2,-0.380855606573918,0.412964233403661
March5,-0.38110409474090057,-0.49596979741179814
Gfi1,-0.381411422071597,0.8504424468996095
Gpr35,-0.38197521190722467,0.7125790508504917
Lrrtm3,-0.3820181938861119,-0.8218215021061205
Itgb7,-0.3823167869686689,0.8475023862433549
Asic1,-0.3824703201765246,-0.6031450118343626
Naip1,-0.3828623334477546,0.7871270390831523
Cdh12,-0.38303283370136176,-0.8679580320709883
Emc4,-0.38356778836004407,-0.7333009383496057
Ifi209,-0.3838326396305259,0.7441222715258555
Ccl2,-0.3842407742822689,0.5783790057414399
Il17f,-0.3843266976451426,0.39452622350233374
Tlr5,-0.3843439140720539,0.2620824951655415
Grk2,-0.3849924832072683,0.8191856000720233
Ly75,-0.3855181635781444,0.7334739587594481
Cd40,-0.3860689616178355,0.7449162403896931
Jak2,-0.3866449629663968,0.45208760713415
Cdc5l,-0.387496005722973,-0.45411889805413114
Irf7,-0.3875218553336082,0.6673031075287345
Chrna7,-0.38764739309260154,-0.6970993525177357
Htr2a,-0.3877250000976463,-0.8128173161532586
Prf1,-0.3883913580844915,0.7865204162630494
Cd80,-0.38906033029559073,0.8712371923298077
Cyren,-0.3892127656100981,0.553071789201247
Shmt1,-0.3894974404670432,0.8502540149863604
Dtl,-0.38974048842360426,0.6424443829935895
Far2,-0.38981276945493765,-0.8527362071680963
Npy1r,-0.3898296796522794,-0.2209907959606399
Esam,-0.39007006808383227,-0.6875063851532561
Cyp24a1,-0.3901654913366036,0.25424548694734844
Alox5,-0.39062705553436206,0.6959358391797704
Trex1,-0.39118923529375604,0.8006702200136844
Il27,-0.39128262300833755,0.806269519963143
Casp7,-0.3914867364516104,0.8471896671862759
Chtop,-0.39192535506304016,-0.5843585976428332
Ero1l,-0.3929912198953381,0.07248273052597871
Mtfp1,-0.39312486946607056,-0.8391460400405539
Hspa5,-0.39377156767445604,0.25657481878688204
Tbc1d1,-0.394043580149225,0.6788733249594494
Kcnc4,-0.3941281804333079,-0.8391636384721679
Cxcl10,-0.3943326347242396,0.6918610146374667
Tnf,-0.3943393479299946,0.7898696172318185
Adgrg5,-0.3947126940858973,0.8201802626742762
Knl1,-0.3948602079771875,0.5338468431701686
Bpifb1,-0.3949749468818362,-0.2313715690603767
Map2k3,-0.39504904228763554,0.7273844444278248
Stxbp1,-0.39647535393765493,-0.8865555988021143
Vstm5,-0.39708518497728207,-0.789267036326393
Lamtor4,-0.3977665513740118,0.8888803661833328
Sgo2a,-0.3982999337099617,0.6294954536406803
Wee1,-0.3983074861042862,-0.6825229448098566
Tmem35a,-0.3985046927740884,-0.8539596591403257
Gkn2,-0.3985453449561905,-0.1338341226233376
Ndn,-0.39912345070257754,-0.7220485947021928
Hif3a,-0.3991388717123031,-0.4759550429840566
Ap1g1,-0.39935972588906316,-0.36918032887620483
Eipr1,-0.399403039301984,-0.735757321767553
Trpm2,-0.3995138377419457,0.900351614855808
Mctp2,-0.4006634333670863,0.5082007146397508
Wdr37,-0.4012337513550245,-0.7884645336086543
Chrm3,-0.40145174834864666,-0.6828776117727422
Tnfrsf18,-0.4014777058216604,0.8456201587580991
Il1rapl2,-0.401670275554589,-0.7781311832692387
Prep,-0.40168266630719696,0.47570225698067337
Il22,-0.40187829055823165,0.33768608661896843
Kcng1,-0.40220305967930314,-0.8394146016494006
Capn10,-0.402772718337341,-0.7927193776933011
Pnoc,-0.4030448628324616,-0.5474574647327604
Pdk4,-0.40320089161523287,-0.12289497492446462
Tcp1,-0.40322178355584337,-0.6368083931669068
Socs1,-0.40357253705487495,0.6872478385761707
Grm4,-0.4040653687620149,-0.7678009976446876
Zbtb7b,-0.4040790968840721,0.7580875133415903
Yif1a,-0.4047952884229613,-0.6637376949061151
Cd300ld,-0.4048164112887617,0.7292648384181208
Erg,-0.4048629088352034,-0.4769285028049089
Snai3,-0.40490431627973367,0.8015869405768853
Ndufa9,-0.40496189708049884,-0.8008956613137845
Cybc1,-0.40508736340124224,0.8721637572160826
Mmp25,-0.40528837444992777,0.7373645109793803
Stat2,-0.4054345489345278,0.7015672548302854
Map2k4,-0.4055642045229864,-0.8857449024878586
Bak1,-0.4056748127949861,0.7323593383108348
Sptbn2,-0.4058331971500146,-0.7215482104484118
Pcdha7,-0.40612027495921343,-0.7027667044739023
Kdm6b,-0.4065669172948067,0.4559194654078161
Cdkn1a,-0.407135398672048,-0.1529046173332565
Cops9,-0.40738116280276293,-0.8376671373496062
Serpini1,-0.40764471857427925,-0.7647246979389414
Chrna4,-0.4077270483885921,-0.6003553241575006
Bmpr2,-0.4101344563195743,-0.8916482686308035
Sigmar1,-0.410218215395843,0.16214115259325637
Ets2,-0.4102225282952521,0.04917621983683072
Gabrb2,-0.4102515582032704,-0.8468612406228836
Prpf31,-0.4102678698237808,0.5800465776154874
Dgkg,-0.41044105946619935,-0.7999187748681155
Slc1a1,-0.4108114237641662,-0.841528395961207
Slc30a3,-0.41121969061034025,-0.6386964834491546
Cks1b,-0.4115536787019791,0.6899285373315522
Xkr6,-0.4117177175485912,-0.7952979376183472
Elk1,-0.41322911049385136,-0.296792567263436
Cntnap4,-0.4134175087863671,-0.894151242149764
Ndel1,-0.4135338575344482,-0.6820749242839586
Gzmb,-0.41365107637354814,0.6329993065268399
Gja5,-0.41411844034357453,-0.40493575721884667
Clec4n,-0.41415626371782416,0.7005031543692644
Cs,-0.41456228998477296,-0.23606403408018947
Hoxd4,-0.41459368215949066,-0.32995840301774876
Serpina3c,-0.41460800273111986,0.7052434761576171
Pnpla1,-0.4154553798601124,-0.0889041364348778
Ccr2,-0.415455520045515,0.7043346077482064
Il1r1,-0.41587409953839366,0.04381308028833221
Rnf10,-0.416842888279626,0.47694404799488777
Pdcd1lg2,-0.41730324234940475,0.740490175117516
Lrrk2,-0.4179567124691121,0.5343062332802915
Ppp2r1a,-0.41822163052052924,-0.8116242957823088
Sgk1,-0.4184611415004391,0.2875963082369561
Vsig1,-0.4185694767076418,-0.5953529690195903
Cct8,-0.41881575297362295,-0.6286109930964012
Orc1,-0.41961412634719175,0.525611440926382
Sptlc2,-0.419791401379458,0.3007835464652508
Il1rn,-0.420091513380583,0.5565785469126157
Mapk11,-0.42010946368773683,-0.34348733991960895
Elac2,-0.42122430765329216,-0.7292274559637086
Snrk,-0.421382672710659,-0.8194231484783984
Hoxd3,-0.4218209622557252,-0.6100750941108288
Ccr7,-0.4223057848969765,0.8322904100284325
Cntn6,-0.4223762262968667,-0.8728222757871902
Cxcl9,-0.4225913985299908,0.7942533174274748
Olig2,-0.4226444834371191,-0.7656142998801264
Dpy30,-0.4229084668587911,-0.7154555778655964
Phyhd1,-0.4229743673122754,-0.08809473028693583
Bard1,-0.4239483427136724,0.5479430574331263
Inhba,-0.42399668191628986,0.5027306869901857
Plk4,-0.4245122065729844,0.39020292544349017
Gzma,-0.4254801334960712,0.6833418134796275
Fbxo2,-0.4258681248406841,-0.6495427081342452
Ccl17,-0.4262052288419747,0.7116543785550027
Chchd3,-0.4266812736054656,-0.3986352939190893
Npas2,-0.42706087813857385,-0.7361076676994095
Lta,-0.4271298762379434,0.7586019006197379
Scin,-0.42725552201423844,0.8003528076972964
Kndc1,-0.42736976386837644,-0.5165278362144209
Jak3,-0.42828932194363656,0.8765752174007594
Snap25,-0.42988930638350137,-0.877717580244942
Actr1b,-0.4303324505519499,-0.6949072993913801
Tgm2,-0.43045003371291785,0.5809171040148309
Yipf1,-0.43066267423150384,0.5681616437916575
Zbp1,-0.43086262189866076,0.6994642736940406
Lhx9,-0.4309625869210495,-0.6054473512253709
Mapk8,-0.4317351874074413,-0.8957665734176253
Pla2g4a,-0.43176058715655685,0.22071473635547417
Psmd6,-0.4319749983376962,-0.5642924670571189
Actl6a,-0.4321780088049229,0.7842698050541109
Ttbk1,-0.4322801324566969,-0.790320442297263
Ripk3,-0.4323699718401797,0.7581511963716459
Scn1a,-0.43267260145447356,-0.8859612122981457
Psmd3,-0.4326800010291466,-0.5453380997584052
Disp2,-0.43320520525677575,-0.5710288007591514
Asna1,-0.43357307368360287,0.4273482757864368
Echdc1,-0.4338329049586964,-0.8945651178713777
Shank3,-0.4345783243088921,-0.661726550095031
C5ar1,-0.435205764321373,0.8395541135422767
B9d2,-0.4358013793632075,0.4674648710334782
Casq1,-0.4358144443701118,-0.5069843797462361
Bex3,-0.4358679582217621,-0.6265879575791086
Ache,-0.4370073812200876,-0.8325594082623027
Csf2rb,-0.4371336964205594,0.8122446709322976
Il2rg,-0.43744718417194356,0.9004130725497063
Nkain3,-0.4381407898780454,-0.6884379508323374
Gpsm2,-0.4381832359380694,-0.6584279662777258
Arg1,-0.43993275144471944,0.6457840185317069
Vax2,-0.4411723518519153,0.7580635609693961
Lypd6b,-0.4411984666917805,-0.8676104268720606
Gtse1,-0.4417471636545763,0.7409384540017314
Kcnq1,-0.4423509419637735,-0.2732942190953381
Crhr1,-0.44264355277774237,-0.8642161851794271
Lmnb1,-0.44277662847248567,0.7358930685703899
Chrm2,-0.44292793524904644,-0.8112619535543929
Ptger2,-0.4429570869436926,0.7900951937239002
Cyp1a2,-0.4433613778372467,-0.05511365264696752
Tbk1,-0.4436892550214148,0.6872401776126096
E2f1,-0.44460453002565314,0.7901567782192402
Pnkd,-0.44475226264149753,-0.8593501238517233
Kpnb1,-0.4449582736984312,-0.11153778358588058
Sirt6,-0.44608337395576797,0.5129052659060054
Hgs,-0.44632112842243243,-0.5396433095332374
Prap1,-0.4463381860230853,-0.2725437258722205
Nrip3,-0.44682360572226915,-0.9332692131363208
Chek1,-0.44730869074879687,0.30928619031580873
Ndufv2,-0.4473207103599176,-0.7043331473125675
Nos2,-0.44779026085207857,0.5385585029789566
Bap1,-0.4495834792866778,-0.2631112184829294
Fosl2,-0.4499280489726547,0.5530437042953387
Knstrn,-0.4500747957997109,0.7224300587262389
Pakap,-0.4502294644492352,-0.0951754341618974
Chil1,-0.45024929235612965,0.7960870619650129
Hdc,-0.4506665637420207,0.395000780424854
Cercam,-0.4509260112917948,0.5924805724033935
Pnpla2,-0.4510666606755818,0.7346449367428405
Icam1,-0.4512167043311935,0.7857461500113134
Gdap1,-0.4513250439030789,-0.8856336742709441
Zmynd19,-0.4515487260778086,-0.43216919389035124
Cenpf,-0.4516627487461295,0.7039365852169033
Evx1,-0.45238352628514694,-0.3394144366581849
Ppp5c,-0.4526096123445166,-0.8657453272093879
Calb2,-0.4526818841403502,-0.708776715843127
Cish,-0.45299765292143196,0.7876605301133298
Acod1,-0.4531569599198201,0.7113881561179416
Rtn2,-0.4532339107079255,-0.702449633508964
Cdh3,-0.4532806229274703,-0.6807163469734434
Clec4e,-0.4535210796496847,0.6430745993252361
Pmaip1,-0.45372078565880786,0.7642256935548923
Tmem41b,-0.4538173568561268,-0.7295668884611092
Ly6g5b,-0.4544808178160241,0.8745206397301613
Abcc9,-0.4547971350676633,-0.8400362973745228
Cit,-0.45528859891897755,-0.8467808089149953
Ido2,-0.45578900472378986,-0.6389512345535721
Slc31a1,-0.4565283740058575,0.5690361226517748
Pom121,-0.4566105127326724,0.11419318988876691
Espl1,-0.4566439744090585,0.8488698303977544
Wnt9b,-0.45666610099491356,-0.03179486158784904
Abca13,-0.4570604414048978,0.3182845012091755
Psmd13,-0.45710069853238094,0.14308302634007908
Slco4c1,-0.4571458289479217,-0.5209709255403949
Arid5b,-0.45740973543322105,0.2277098673679913
Brca1,-0.4578980204490306,0.6451608267910701
Clspn,-0.457901642556772,0.7643461384538861
Csf2,-0.45846856369602024,0.6387030473486869
Skp2,-0.45849952747243056,0.7037300823094896
Elob,-0.458631351189786,0.5724749687211578
Gabrg2,-0.45867584109125503,-0.739387917657335
Timeless,-0.458733054634758,0.7319155937267945
Grm8,-0.45898762796797726,-0.8834348483439153
Dusp5,-0.459191692691996,0.7670987346985215
Pou2f3,-0.459218598241849,0.19522875525906636
Map4k4,-0.46001293699892337,0.7753692238472133
Dmp1,-0.4601140631455338,-0.6836187853457834
Il18rap,-0.46020314058476425,0.730802876012963
Rtkn2,-0.4602280234262864,0.2598231866690587
Cers6,-0.4602951099397063,0.8092054511562297
Notch4,-0.46107691724848926,-0.3979642372956655
Erg28,-0.4620289490537498,-0.6046393115717421
Trip13,-0.4622238192214633,0.7554016181595905
Fam107a,-0.4625851667252482,-0.43499296255403724
Nlrp12,-0.4626328050706132,0.33936093399616
Tnfrsf9,-0.4642625898549262,0.7324196826370991
Atp6v1b2,-0.4646431159326791,-0.7275715158533996
H2afz,-0.46484851064590216,0.349145062682221
Cxcr1,-0.46525257590725944,0.2553213750550959
Neurod6,-0.46568832942389,-0.8200420613077363
Polr1e,-0.46574920196660163,0.2823113607146961
Egfl7,-0.4661730926858879,-0.264622297677267
Opn3,-0.4664967468312969,-0.3828675304033564
Igtp,-0.46652996570120275,0.7783643898448046
Cabp1,-0.4668598649360536,-0.795774199991726
Rpn1,-0.46725218117086964,0.3545762940758473
Sass6,-0.46735710386541496,-0.2757438290766125
Cdh7,-0.4680078821495033,-0.8786184126159399
Dgcr2,-0.4688131941009173,-0.595893758571876
Vasp,-0.4688695753603483,0.8509215855937033
Hsph1,-0.4703009891418962,-0.816186823583708
Sgo1,-0.47098640167149053,0.6193330664505974
Mlkl,-0.47102663392725697,0.6763558860082002
Neu1,-0.4717074213869294,0.8770899473466283
Cacng2,-0.4722152770600692,-0.8927354271422558
Hspd1,-0.4730959241554684,-0.40810219021383004
Sv2c,-0.47392675259179534,-0.6778834551305228
Plac8,-0.4745311869047489,0.5780105596940512
Dio2,-0.4749136568773967,-0.46480927615799195
Il17a,-0.4752618779931135,0.6202737120502683
Ap1s1,-0.47550103940349514,0.34558324314735556
Tnfsf9,-0.4756675006801768,0.7392535726455035
Psmd12,-0.4759841137730826,-0.45915743899167216
Selp,-0.4764856242296532,0.2178527059821361
Ltb4r1,-0.4772396359912742,0.6168340621079342
Eif2ak3,-0.4774031063593145,0.7367004369980706
Trem1,-0.47836583575952324,0.47528233879319
Nos1ap,-0.47840749809361377,-0.6226186289231833
Slc19a2,-0.4787748027026172,-0.7876933126705115
Ercc6l,-0.48062201904723817,0.7306435897054886
Glyat,-0.4806465739565615,-0.29376948742388975
Zzef1,-0.48065251603340065,0.4700013181754814
Elavl4,-0.481540961414683,-0.8884088876387273
Traf3,-0.48251419288156827,0.7568652423793406
Mad1l1,-0.4826033898706048,0.3009061356121904
Lgr6,-0.48261556454717236,-0.833103420302194
Hdgfl2,-0.48301587327384143,-0.434941694568741
Ramp3,-0.4834697708985326,0.687668688073939
Ren1,-0.48390441362640657,-0.5070423314779643
Slc2a5,-0.4844701643315854,0.07524055487119706
Fpr1,-0.4857793526303625,0.6805754405914053
Sharpin,-0.4865162115564628,0.7604416046480335
Mki67,-0.4865702860641144,0.737927160200093
Nefh,-0.4867026253202698,-0.630732100838904
Snf8,-0.48749869082230535,0.3148982688082876
Tepsin,-0.48766782618261445,0.822694675046201
Jaml,-0.4882316825525809,0.8134253984651708
Ccna2,-0.4891657915104167,0.6797026534622866
Gen1,-0.4893227665986923,0.47627988365897483
Uhrf1,-0.48950079548019587,0.7061549731770925
Dbnl,-0.4898304057435841,0.7934831413953829
Cd200,-0.48984382790197184,-0.7253744010362122
Sele,-0.4907100736594229,0.049039813445933944
Psmb9,-0.4907265247463515,0.8303694691114758
Cenpa,-0.49085235228812285,0.7847535838079212
Vdr,-0.49095931611822136,0.6833220024392402
Cers2,-0.4912527802852751,-0.7323782118620544
Brip1,-0.49152733844507007,0.7065760733654319
Atp2b2,-0.4917318803707947,-0.8081967324389318
Dync1i1,-0.4917851286225427,-0.8856749364678113
Glra1,-0.49226389361133155,-0.8288722835493144
Ccr1,-0.4926244897879094,0.6675816235745063
Ttk,-0.4926904952557098,0.7183103394649953
Esrra,-0.49321095635993367,-0.1818403149648171
Sidt2,-0.49324114596382135,0.8019774942985187
Dnm1l,-0.49349367053379634,-0.8613438208780057
Dgat1,-0.4936666384707623,0.5003097805280269
Agps,-0.4937803048940838,0.6274166606596858
Insr,-0.4948357208909944,-0.5790121567481982
Tsc22d3,-0.49649282592498994,-0.6642245847726674
Ppif,-0.496593794775955,-0.2614878419010732
Limk1,-0.49668679856888975,-0.7715176961549698
Lipe,-0.4971054908368268,-0.004065966531772618
Cyb561,-0.497559218561432,-0.7615915731733672
Spatc1l,-0.4980047860221763,-0.5743999509223059
Cenpe,-0.4980403281352673,0.7427846945462313
Cdk1,-0.4988051034166371,0.7621182600074266
Fgf9,-0.4989680884200629,-0.8795606928496525
Psmc2,-0.4992684812674532,-0.32897033248005547
Nfil3,-0.50015752703955,0.7588967837259624
Lin28a,-0.5007263843422403,0.3654422546233953
Foxm1,-0.5009946046816796,0.7221468763179858
Arhgef3,-0.5014255822799261,0.14776960638108674
Syp,-0.5019584548882795,-0.7315216611956198
Cth,-0.5024231872610535,-0.7487128483535691
Pip5k1c,-0.5034111267828479,0.783131005690263
Il12a,-0.5038067340048589,0.6305839688068798
Cdipt,-0.5038231320348435,0.41080181387120823
Agtr2,-0.503880779056161,-0.8640633028399052
Cfb,-0.505104833909958,0.7474563052209277
Gjd2,-0.5056803770831111,-0.8656042321325895
Olfm3,-0.5058518346934144,-0.8711200012882355
Ankrd13a,-0.5058729827267656,0.7212101500349293
Pvalb,-0.5058771132158831,-0.7103784337128008
Cptp,-0.506046357405113,-0.6313072503146324
Kif4,-0.5064489881048541,0.7036750251055657
Arhgef15,-0.5069161001735778,-0.869192301978069
Clgn,-0.507851413092752,-0.8274001876715731
F2rl3,-0.5080169736103803,0.5077617117303721
F13a1,-0.5084285429427755,0.7605846364231573
Lyve1,-0.5095991567746367,-0.6520108628706124
Eif4g1,-0.5096157370659581,0.39521499485314854
Yars,-0.5096769029009814,-0.8481944857114054
Cntn4,-0.5107716670415047,-0.8607378353199042
Atg9a,-0.5110339424318923,-0.7789155069209991
Fanci,-0.5110402963629646,0.6230600788393942
Il15ra,-0.5116660156845646,0.8046868519936792
Atf6b,-0.5120689871623875,0.8370032987194613
Plod1,-0.5125803020486907,-0.17519267461873927
Isca1,-0.5126794423367569,-0.7707611034950499
Aurkb,-0.5128325955129222,0.7311437461741394
Amh,-0.5129650147601033,-0.6819724739296991
Epha2,-0.5129827668065222,0.20727988468924607
Arg2,-0.5131028394674004,0.6671954144132541
Bub1,-0.5133413317348879,0.6890499612851971
Eif3i,-0.514586337256176,0.3562436999326048
Acvr1b,-0.5149832063227526,-0.23719557181544865
Gmnn,-0.5158360199045584,0.7280371698884236
Tnfsf14,-0.5163044668091838,0.7176359121534828
Rad51,-0.5164502145655696,0.6280457709162435
Cdc20,-0.5164936424593308,0.7530031644587802
Slc4a9,-0.5167500701422333,-0.5367906551214853
Scrt2,-0.5175245870199533,-0.7284626041192577
Abcf1,-0.5183909646786856,0.6857498271454404
Fasn,-0.518925101905185,-0.8733981562942879
Kif2c,-0.5210255040445502,0.7516936249410182
Nell1,-0.5218211094789916,-0.8152028606663108
Vsx2,-0.5220382862230514,-0.6651958324678097
Eme1,-0.5220577913752006,0.6973415765236823
Nod2,-0.5242459683139824,0.7100679916535568
Ifnlr1,-0.5243430795040086,0.8167958687266451
Ccnb1,-0.5248363190101395,0.740681405687679
Hr,-0.524852688850643,-0.836226392176702
Ly6i,-0.5252069129907925,0.7908564416539294
Alk,-0.5261924742408828,-0.42347598894040495
Srp72,-0.5264472204490694,0.3390376353401552
Mybpc3,-0.526533949621939,0.5478720954558798
Pclaf,-0.5269852283032155,0.6610445365455788
Rab27a,-0.5276009671908894,0.7327144191107906
Ffar2,-0.5276549521434432,0.6688133631671002
March2,-0.5284376036064343,-0.8324993443529036
Stip1,-0.5291512178078251,-0.8485018221585284
Htr1f,-0.5295752687971095,-0.6823263558219816
Ung,-0.5297295958547517,0.713459952572382
Sell,-0.5307197557719305,0.6331321703194679
Hmga1,-0.5308851943247321,0.529703980654607
Adgrf1,-0.5314382327841822,-0.5169630814551383
Tpi1,-0.531759179478855,-0.0533850438240709
Cd93,-0.5318559282934827,0.8296898197388625
Tacstd2,-0.531891974561738,0.5021635831640539
Commd1,-0.5319272363517428,0.30163286340040313
Cdca8,-0.5325826913118369,0.759701110079612
Aurka,-0.5328542346922558,0.6965862262787503
Tnfsf4,-0.5339960935424637,0.782984345675611
Acsl4,-0.5343171151483044,0.45980803104666473
Top2a,-0.5343369703220486,0.7558489292725701
Gja4,-0.5345090264466795,-0.4143752655132177
Rnase1,-0.5358487192960738,-0.6825446400794554
Gbp2b,-0.5376440325749621,0.7523314737105393
Rph3al,-0.5387341352774406,-0.5860175088681249
Cct7,-0.5391323004496834,-0.798279822914955
Scrt1,-0.5395413443443328,-0.9189923521335941
Ska1,-0.5396697042192251,0.6958648312236437
Slc2a1,-0.5400689701866428,-0.6452504650032516
Sox18,-0.5421456452372616,-0.4836524910228068
Slc45a1,-0.5424301765552153,-0.7644072769259707
Nfe2,-0.5425178992801881,0.5888772784496904
Hist1h4h,-0.5425701989036931,0.574614449873804
Camta2,-0.5426909614149796,0.38980297580253054
Cxcl1,-0.5443590628651747,0.03491687045244189
Ect2,-0.5446097376022605,0.7755864236432412
Nr4a3,-0.5447240320932731,0.6852623504075314
Cenps,-0.5448018797162223,0.37530887111443717
Slc25a22,-0.544940608096594,-0.653873131018131
Oprd1,-0.5453652429832112,-0.5181352760781062
Cd177,-0.5455100811025497,0.527957988980466
Hist2h2bb,-0.5455330100466478,0.6796571987502567
Cited1,-0.5457260322218085,-0.7708258050345355
Sncb,-0.5457467534192403,-0.9000470604189744
Birc5,-0.5463874466707457,0.7449648304353774
Hmga1b,-0.5470396062505676,0.6136830011763622
Fpr2,-0.5472606449947026,0.6995098254498973
Parpbp,-0.5482544920942759,0.7670159230846548
Cdca5,-0.5487588242152316,0.7884071587087064
Ube2m,-0.5495071571950289,-0.5951622820016937
Slc7a10,-0.550426689592643,-0.8898715080161353
Spry4,-0.5507331126841126,-0.9183306459309469
Atg101,-0.5520384273262998,0.0014332598003116107
Angptl4,-0.5524355088300781,0.5873044515199793
Ace2,-0.5534078624389519,-0.5867201497468113
Tubg1,-0.5536492919432676,-0.35021695689814075
Tssc4,-0.5538228689877901,0.5476233095778195
Ncaph,-0.5554206754438691,0.8257109497477492
Ndc80,-0.5557723602354122,0.73297543556943
Cxcr2,-0.5562387095048161,0.5343901023667972
Got2,-0.5568037876134773,-0.6269667493216803
Lipg,-0.5571692509517604,0.05917530308141092
Kcnab2,-0.5582593011966931,-0.8738425558910046
Nek2,-0.5587428738882194,0.7876254081574967
Mxd1,-0.5595256447644139,0.607431225318967
Ap3b2,-0.5598744094100925,-0.8715245660209775
Atp2b3,-0.5603143128338356,-0.8326651584068422
Fen1,-0.5606298836439856,0.7094035077245171
Sirt7,-0.5608994647027269,0.8549577915327474
Kif20a,-0.5617972155694705,0.76680247975542
Padi4,-0.5633400287951046,0.5486404572158247
Neurog2,-0.5644070490622534,-0.7166664683824788
Bub1b,-0.5645093953862529,0.7806366254311207
Otp,-0.5668566260229871,-0.6978553545094885
Mal,-0.5668589335642922,-0.896198930456826
Plk1,-0.566958552010243,0.7553207105183518
Gba2,-0.5685694176450736,-0.8777637198552536
Klc2,-0.569570106130859,-0.803299127607656
Pgk1,-0.5696366670360887,-0.2517589656717627
Scarb1,-0.5698469816244259,0.284936616817064
Eno1,-0.5723214524039524,0.4202384944766293
Aqp6,-0.5732782012137209,-0.8714593980260372
Ptpn5,-0.5734157318655183,-0.8507433222293811
Psen1,-0.5747355175140472,0.5550406767956959
Slc32a1,-0.574814372481478,-0.8579190706200112
Atp2a2,-0.5761185208989152,-0.8249774994783343
Epha10,-0.576901145897719,-0.8264161213542347
Hcrtr1,-0.5772959758804966,-0.6259892715974238
Flt3,-0.5779990854362984,0.5592781522191178
Ddx19b,-0.5802950368867964,-0.5467272083355519
Epn3,-0.5822745696809553,-0.7358900011646441
Rph3a,-0.582503530729136,-0.8565567511531628
Gars,-0.5829265572531711,-0.7506955967978725
Mfsd2a,-0.5833911737382443,-0.7205702930743265
Dpp9,-0.5855490186057639,0.46866775575963343
Pfkp,-0.5883721170345622,-0.2790566091465804
Kcnab3,-0.5887530628451508,-0.8607426498529768
Diras1,-0.5905858681305444,-0.5979781112374384
Fam20a,-0.591204402440783,-0.46038492942887105
Slc6a5,-0.5921728740739958,-0.840150883461772
Ptgs2,-0.5928696783899413,-0.13349354115849577
Inpp5b,-0.5957665246135255,0.7344312444287192
B4galnt1,-0.5979864031839065,0.9072577803399089
Sema4a,-0.5990297566980893,0.8195128324094625
Acan,-0.6001103722961852,-0.741408229288054
Vcan,-0.6005755561634649,0.5985218477446151
Elovl1,-0.6011897723407623,-0.20083356495008242
Myb,-0.6015041924619129,0.7126963698004307
Eng,-0.602529084765206,-0.07029938585983847
Rmdn3,-0.6032989809969639,-0.6035457813643943
Smarcd2,-0.6046560719457577,0.8554948106139925
Hsd17b7,-0.6048795231729039,-0.7872768062052644
Olig1,-0.606155126433035,-0.6619043349552312
En1,-0.6061973450131243,-0.7213124604637966
Mmp9,-0.6082206039231088,0.5606373232301874
Fgf3,-0.6101852304198259,-0.7525093380790543
Chil3,-0.6104863329595908,0.7727257630542473
Mpi,-0.6105959248781011,-0.5497991761063528
Smdt1,-0.6137283145287349,-0.12332564741003056
Nxph4,-0.6153776457098524,-0.8040797484814178
Acss2,-0.6170042369991564,-0.9128453718374431
Ssr2,-0.6181401929139485,0.14144404955622591
Tubb2b,-0.6204048017182806,0.5317320602699548
Actr1a,-0.6208528168978631,-0.6630324956437379
Ctps,-0.6216273312826985,-0.16275006988376445
Hnrnpm,-0.6232225074661997,0.7293827122024259
Sod2,-0.6253164594949628,-0.15285879249111162
Il1rap,-0.6259126861885849,-0.8645164808185793
Vil1,-0.6268391314713292,-0.23731939003581923
Rangap1,-0.6283165323948038,-0.015187037281777505
Dnajc5,-0.6287852569727921,-0.6929438602701824
Psmd14,-0.6304158007766191,-0.35960438312347137
Nphs1,-0.6342278836459129,-0.8006481267875141
Cd38,-0.6342995483148851,0.7992863063369389
Rab24,-0.6366610547420911,0.48848554301887565
Idi1,-0.6369211250102378,-0.793355883274608
Srebf2,-0.6372153011843492,-0.7749104254371517
Cdkn2d,-0.6391633198342418,-0.3341947835112938
Fam13b,-0.6475548598060584,-0.8410364024025699
Cldn11,-0.6476778998481978,-0.6714668785775034
Slco3a1,-0.6510413028666894,-0.6269580031260301
Fstl4,-0.6522938316689894,-0.7393791655881603
Med14,-0.6528389318966934,-0.3451089564827929
Ywhag,-0.6539190360443684,-0.6938751974537966
Ina,-0.6583674052159351,-0.8488585015764303
Podxl,-0.6604835337099167,-0.7430027056503073
Timm50,-0.6637692024222799,0.02898787877645965
Racgap1,-0.6646364422384711,0.6322132797074814
Adar,-0.6650861703655687,0.3869026850504592
Lamp5,-0.666265623372181,-0.8327937988002653
Edn1,-0.666696411196641,-0.07895849257846568
Ndrg4,-0.6682983765388257,-0.6902470908577423
Nde1,-0.6690090816218073,0.11963481336983196
H2afx,-0.6718042518801794,0.5980917021063277
Lfng,-0.6747247304606478,0.12956761488106688
Scn4b,-0.6797254312683665,-0.7522043183829042
Tecr,-0.6817293159395256,-0.8424265438037497
Abca7,-0.6822497601787709,0.7862472092457291
Tacr1,-0.6827696447400928,-0.7145241659660287
Picalm,-0.6837442757941112,0.3819832435382431
Il12rb1,-0.6844432842390853,0.821253606847263
Fbxw7,-0.6889791860429453,-0.8195861112881087
Vegfa,-0.6898954051625757,-0.6209106531884339
Ncan,-0.690741959312034,-0.6507129547877523
Tigar,-0.6911037012163598,-0.6646218585646344
Fgf18,-0.6912089885590652,-0.9418017826691364
Camk4,-0.6972767390807967,-0.8452394301523126
Slc2a3,-0.701482021216163,-0.6107138301133994
Hapln1,-0.7021225676647948,-0.8452067588363293
Flt4,-0.7034850871713759,-0.6323019574047634
Nefm,-0.7049030266519136,-0.38710645622452866
Pecam1,-0.7068564703752248,-0.46037283773751536
Tubb3,-0.7126776226055034,0.019962247552022545
Lbr,-0.7127075653915927,0.4949251135745448
Pkm,-0.7131111050743308,0.5564651767522156
Serpina3f,-0.7148942251882727,0.5745431923138302
Tufm,-0.7311892649445654,-0.10025858160942262
Fam83d,-0.7314585356646515,0.4708890237603218
Creld1,-0.7335403743002329,-0.6999300614335602
Lsr,-0.7414016956033086,0.17420239713493307
Lss,-0.743154322834955,-0.8307939531106682
Trp63,-0.7437515111119964,-0.27395392441715805
Aifm1,-0.7522975406049026,-0.471498980832718
Syt2,-0.7586646435248674,-0.8819700264274737
Msmo1,-0.758781154355356,-0.8914666999974726
Ccne1,-0.760082584342149,-0.5222215901006289
Ldlr,-0.7632239515681299,-0.7510354246638761
Eif4g3,-0.7645741779692571,-0.3301431071062039
Hmgcr,-0.7971947660484628,-0.8772380036850743
Rab4b,-0.8108472362599641,-0.44707665822801096
Htr7,-0.8266267033051907,-0.20884930387498443
Gpd1,-0.8296932598906653,-0.4061158236014391
Acly,-0.832704043386015,-0.568187856879743
Ackr1,-0.8384386474538411,-0.0976139144341824
